source_authority,source_snapshot_date,permit_number,initial_permit_date,permit_date,permit_expiry_date,business_type,facility_name,facility_address,municipality_code,town_id,latitude,longitude,application_type,record_scope,source_url,source_sha256,source_kind,coverage_month,event_type,event_id,is_restaurant
愛媛県,2026-08-31,中局生第260121029号,2026-08-03,2026-08-03,2031-09-30,① 飲食店営業,久万高原醸造所,上浮穴郡久万高原町露峰甲2563,,,,,,new,https://www.pref.ehime.jp/opendata-catalog/dataset/2344/resource/29480/%E6%96%B0%E8%A6%8F%E5%96%B6%E6%A5%AD%E8%A8%B1%E5%8F%AF%E6%96%BD%E8%A8%AD(R8.8%E6%9C%88)%E3%83%BB%E5%85%A8%E5%96%B6%E6%A5%AD%E8%A8%B1%E5%8F%AF%E6%96%BD%E8%A8%AD(R8.8.31%E7%8F%BE%E5%9C%A8)%20.xlsx,25a87cae539181514c03f62ec6dcbff14cc683358a8b0cd9cb26b803479ceee1,official_current_monthly,2026-08,new,fce6405c9086d9045940dd6a,True
愛媛県,2026-08-31,東今生第260121063号,2026-08-03,2026-08-03,2031-09-30,① 飲食店営業,,,,,,,,new,https://www.pref.ehime.jp/opendata-catalog/dataset/2344/resource/29480/%E6%96%B0%E8%A6%8F%E5%96%B6%E6%A5%AD%E8%A8%B1%E5%8F%AF%E6%96%BD%E8%A8%AD(R8.8%E6%9C%88)%E3%83%BB%E5%85%A8%E5%96%B6%E6%A5%AD%E8%A8%B1%E5%8F%AF%E6%96%BD%E8%A8%AD(R8.8.31%E7%8F%BE%E5%9C%A8)%20.xlsx,25a87cae539181514c03f62ec6dcbff14cc683358a8b0cd9cb26b803479ceee1,official_current_monthly,2026-08,new,b61935297c7fbbd489db09cd,True
愛媛県,2026-08-31,東生第260121091号,2026-08-03,2026-08-03,2031-09-30,① 飲食店営業,鶏焼肉もみじ,新居浜市新須賀町３丁目1-28,,,,,,new,https://www.pref.ehime.jp/opendata-catalog/dataset/2344/resource/29480/%E6%96%B0%E8%A6%8F%E5%96%B6%E6%A5%AD%E8%A8%B1%E5%8F%AF%E6%96%BD%E8%A8%AD(R8.8%E6%9C%88)%E3%83%BB%E5%85%A8%E5%96%B6%E6%A5%AD%E8%A8%B1%E5%8F%AF%E6%96%BD%E8%A8%AD(R8.8.31%E7%8F%BE%E5%9C%A8)%20.xlsx,25a87cae539181514c03f62ec6dcbff14cc683358a8b0cd9cb26b803479ceee1,official_current_monthly,2026-08,new,32286ca0cac93619ee4b7c13,True
愛媛県,2026-08-31,中局生第260121034号,2026-08-04,2026-08-04,2031-09-30,① 飲食店営業,村一番食堂,伊予郡松前町出作553-5,,,,,,new,https://www.pref.ehime.jp/opendata-catalog/dataset/2344/resource/29480/%E6%96%B0%E8%A6%8F%E5%96%B6%E6%A5%AD%E8%A8%B1%E5%8F%AF%E6%96%BD%E8%A8%AD(R8.8%E6%9C%88)%E3%83%BB%E5%85%A8%E5%96%B6%E6%A5%AD%E8%A8%B1%E5%8F%AF%E6%96%BD%E8%A8%AD(R8.8.31%E7%8F%BE%E5%9C%A8)%20.xlsx,25a87cae539181514c03f62ec6dcbff14cc683358a8b0cd9cb26b803479ceee1,official_current_monthly,2026-08,new,ff8fef3c2d1abf7a602268a3,True
愛媛県,2026-08-31,八保第260121041号,2026-08-04,2026-08-04,2031-09-30,① 飲食店営業,民宿まるやま本館,西宇和郡伊方町湊浦１００２－１０,,,,,,new,https://www.pref.ehime.jp/opendata-catalog/dataset/2344/resource/29480/%E6%96%B0%E8%A6%8F%E5%96%B6%E6%A5%AD%E8%A8%B1%E5%8F%AF%E6%96%BD%E8%A8%AD(R8.8%E6%9C%88)%E3%83%BB%E5%85%A8%E5%96%B6%E6%A5%AD%E8%A8%B1%E5%8F%AF%E6%96%BD%E8%A8%AD(R8.8.31%E7%8F%BE%E5%9C%A8)%20.xlsx,25a87cae539181514c03f62ec6dcbff14cc683358a8b0cd9cb26b803479ceee1,official_current_monthly,2026-08,new,cb3edae4b8bc90e4b741ab1c,True
愛媛県,2026-08-31,八保第262501004号,2026-08-04,2026-08-04,2031-09-30,㉕ そうざい製造業,民宿まるやま本館,西宇和郡伊方町湊浦１００２－１０,,,,,,new,https://www.pref.ehime.jp/opendata-catalog/dataset/2344/resource/29480/%E6%96%B0%E8%A6%8F%E5%96%B6%E6%A5%AD%E8%A8%B1%E5%8F%AF%E6%96%BD%E8%A8%AD(R8.8%E6%9C%88)%E3%83%BB%E5%85%A8%E5%96%B6%E6%A5%AD%E8%A8%B1%E5%8F%AF%E6%96%BD%E8%A8%AD(R8.8.31%E7%8F%BE%E5%9C%A8)%20.xlsx,25a87cae539181514c03f62ec6dcbff14cc683358a8b0cd9cb26b803479ceee1,official_current_monthly,2026-08,new,c0011f51797f80107921fb42,False
愛媛県,2026-08-31,東生第260121081号,2026-08-04,2026-08-04,2031-09-30,① 飲食店営業,ローソン新居浜松原町店,新居浜市松原町１５－３０,,,,,,new,https://www.pref.ehime.jp/opendata-catalog/dataset/2344/resource/29480/%E6%96%B0%E8%A6%8F%E5%96%B6%E6%A5%AD%E8%A8%B1%E5%8F%AF%E6%96%BD%E8%A8%AD(R8.8%E6%9C%88)%E3%83%BB%E5%85%A8%E5%96%B6%E6%A5%AD%E8%A8%B1%E5%8F%AF%E6%96%BD%E8%A8%AD(R8.8.31%E7%8F%BE%E5%9C%A8)%20.xlsx,25a87cae539181514c03f62ec6dcbff14cc683358a8b0cd9cb26b803479ceee1,official_current_monthly,2026-08,new,e32949c25ac78e07244c6975,True
愛媛県,2026-08-31,八保第260121043号,2026-08-05,2026-08-05,2031-09-30,① 飲食店営業,,,,,,,,new,https://www.pref.ehime.jp/opendata-catalog/dataset/2344/resource/29480/%E6%96%B0%E8%A6%8F%E5%96%B6%E6%A5%AD%E8%A8%B1%E5%8F%AF%E6%96%BD%E8%A8%AD(R8.8%E6%9C%88)%E3%83%BB%E5%85%A8%E5%96%B6%E6%A5%AD%E8%A8%B1%E5%8F%AF%E6%96%BD%E8%A8%AD(R8.8.31%E7%8F%BE%E5%9C%A8)%20.xlsx,25a87cae539181514c03f62ec6dcbff14cc683358a8b0cd9cb26b803479ceee1,official_current_monthly,2026-08,new,2f86210b6112300c54f8de81,True
愛媛県,2026-08-31,東今生第260111011号,2026-08-05,2026-08-05,2031-09-30,① 飲食店営業,Ａｘｅｌ  Ｃａｆｅ  Ⅲ,今治市愛媛県内一円,,,,,,new,https://www.pref.ehime.jp/opendata-catalog/dataset/2344/resource/29480/%E6%96%B0%E8%A6%8F%E5%96%B6%E6%A5%AD%E8%A8%B1%E5%8F%AF%E6%96%BD%E8%A8%AD(R8.8%E6%9C%88)%E3%83%BB%E5%85%A8%E5%96%B6%E6%A5%AD%E8%A8%B1%E5%8F%AF%E6%96%BD%E8%A8%AD(R8.8.31%E7%8F%BE%E5%9C%A8)%20.xlsx,25a87cae539181514c03f62ec6dcbff14cc683358a8b0cd9cb26b803479ceee1,official_current_monthly,2026-08,new,08e692675d9b99c2050bd2fc,True
愛媛県,2026-08-31,東生第262501073号,2026-08-06,2026-08-06,2031-09-30,㉕ そうざい製造業,karari,新居浜市西の土居町2-1-17,,,,,,new,https://www.pref.ehime.jp/opendata-catalog/dataset/2344/resource/29480/%E6%96%B0%E8%A6%8F%E5%96%B6%E6%A5%AD%E8%A8%B1%E5%8F%AF%E6%96%BD%E8%A8%AD(R8.8%E6%9C%88)%E3%83%BB%E5%85%A8%E5%96%B6%E6%A5%AD%E8%A8%B1%E5%8F%AF%E6%96%BD%E8%A8%AD(R8.8.31%E7%8F%BE%E5%9C%A8)%20.xlsx,25a87cae539181514c03f62ec6dcbff14cc683358a8b0cd9cb26b803479ceee1,official_current_monthly,2026-08,new,e77ca0ccafc4fc4be1183a14,False
愛媛県,2026-08-31,中局生第261101012号,2026-08-07,2026-08-07,2031-09-30,⑪ 菓子製造業,マルセロベーカリー,伊予市灘町111-1,,,,,,new,https://www.pref.ehime.jp/opendata-catalog/dataset/2344/resource/29480/%E6%96%B0%E8%A6%8F%E5%96%B6%E6%A5%AD%E8%A8%B1%E5%8F%AF%E6%96%BD%E8%A8%AD(R8.8%E6%9C%88)%E3%83%BB%E5%85%A8%E5%96%B6%E6%A5%AD%E8%A8%B1%E5%8F%AF%E6%96%BD%E8%A8%AD(R8.8.31%E7%8F%BE%E5%9C%A8)%20.xlsx,25a87cae539181514c03f62ec6dcbff14cc683358a8b0cd9cb26b803479ceee1,official_current_monthly,2026-08,new,1111f517cc7738a77ba3e03f,False
愛媛県,2026-08-31,八保第260121044号,2026-08-07,2026-08-07,2031-09-30,① 飲食店営業,食味園,大洲市若宮６６０－２,,,,,,new,https://www.pref.ehime.jp/opendata-catalog/dataset/2344/resource/29480/%E6%96%B0%E8%A6%8F%E5%96%B6%E6%A5%AD%E8%A8%B1%E5%8F%AF%E6%96%BD%E8%A8%AD(R8.8%E6%9C%88)%E3%83%BB%E5%85%A8%E5%96%B6%E6%A5%AD%E8%A8%B1%E5%8F%AF%E6%96%BD%E8%A8%AD(R8.8.31%E7%8F%BE%E5%9C%A8)%20.xlsx,25a87cae539181514c03f62ec6dcbff14cc683358a8b0cd9cb26b803479ceee1,official_current_monthly,2026-08,new,e51142ed57e41d2aa3988bef,True
愛媛県,2026-08-31,東生第260121090号,2026-08-07,2026-08-07,2031-09-30,① 飲食店営業,hinata　branch,新居浜市若水町１丁目3-3,,,,,,new,https://www.pref.ehime.jp/opendata-catalog/dataset/2344/resource/29480/%E6%96%B0%E8%A6%8F%E5%96%B6%E6%A5%AD%E8%A8%B1%E5%8F%AF%E6%96%BD%E8%A8%AD(R8.8%E6%9C%88)%E3%83%BB%E5%85%A8%E5%96%B6%E6%A5%AD%E8%A8%B1%E5%8F%AF%E6%96%BD%E8%A8%AD(R8.8.31%E7%8F%BE%E5%9C%A8)%20.xlsx,25a87cae539181514c03f62ec6dcbff14cc683358a8b0cd9cb26b803479ceee1,official_current_monthly,2026-08,new,066ad50511fc2fdf1a3a7d70,True
愛媛県,2026-08-31,中局生第262501004号,2026-08-10,2026-08-10,2031-09-30,㉕ そうざい製造業,志乃や,伊予市米湊827-4町家内テナント,,,,,,new,https://www.pref.ehime.jp/opendata-catalog/dataset/2344/resource/29480/%E6%96%B0%E8%A6%8F%E5%96%B6%E6%A5%AD%E8%A8%B1%E5%8F%AF%E6%96%BD%E8%A8%AD(R8.8%E6%9C%88)%E3%83%BB%E5%85%A8%E5%96%B6%E6%A5%AD%E8%A8%B1%E5%8F%AF%E6%96%BD%E8%A8%AD(R8.8.31%E7%8F%BE%E5%9C%A8)%20.xlsx,25a87cae539181514c03f62ec6dcbff14cc683358a8b0cd9cb26b803479ceee1,official_current_monthly,2026-08,new,7fe76356e2c62c7996052e60,False
愛媛県,2026-08-31,中局生第262501005号,2026-08-10,2026-08-10,2031-09-30,㉕ そうざい製造業,ふじた食堂,伊予市米湊827-4町家内,,,,,,new,https://www.pref.ehime.jp/opendata-catalog/dataset/2344/resource/29480/%E6%96%B0%E8%A6%8F%E5%96%B6%E6%A5%AD%E8%A8%B1%E5%8F%AF%E6%96%BD%E8%A8%AD(R8.8%E6%9C%88)%E3%83%BB%E5%85%A8%E5%96%B6%E6%A5%AD%E8%A8%B1%E5%8F%AF%E6%96%BD%E8%A8%AD(R8.8.31%E7%8F%BE%E5%9C%A8)%20.xlsx,25a87cae539181514c03f62ec6dcbff14cc683358a8b0cd9cb26b803479ceee1,official_current_monthly,2026-08,new,53c4453f5cf337d5242af7a3,False
愛媛県,2026-08-31,八保第260401001号,2026-08-10,2026-08-10,2031-09-30,④ 魚介類販売業,有限会社村中商店,八幡浜市沖新田１５８５番地９,,,,,,new,https://www.pref.ehime.jp/opendata-catalog/dataset/2344/resource/29480/%E6%96%B0%E8%A6%8F%E5%96%B6%E6%A5%AD%E8%A8%B1%E5%8F%AF%E6%96%BD%E8%A8%AD(R8.8%E6%9C%88)%E3%83%BB%E5%85%A8%E5%96%B6%E6%A5%AD%E8%A8%B1%E5%8F%AF%E6%96%BD%E8%A8%AD(R8.8.31%E7%8F%BE%E5%9C%A8)%20.xlsx,25a87cae539181514c03f62ec6dcbff14cc683358a8b0cd9cb26b803479ceee1,official_current_monthly,2026-08,new,aafe09edc21540978cdcfbe6,False
愛媛県,2026-08-31,東生第260111094号,2026-08-10,2026-08-10,2031-09-30,① 飲食店営業,cafe one d one.,西条市愛媛県内一円,,,,,,new,https://www.pref.ehime.jp/opendata-catalog/dataset/2344/resource/29480/%E6%96%B0%E8%A6%8F%E5%96%B6%E6%A5%AD%E8%A8%B1%E5%8F%AF%E6%96%BD%E8%A8%AD(R8.8%E6%9C%88)%E3%83%BB%E5%85%A8%E5%96%B6%E6%A5%AD%E8%A8%B1%E5%8F%AF%E6%96%BD%E8%A8%AD(R8.8.31%E7%8F%BE%E5%9C%A8)%20.xlsx,25a87cae539181514c03f62ec6dcbff14cc683358a8b0cd9cb26b803479ceee1,official_current_monthly,2026-08,new,03f11f8b657080fafdb4d4fc,True
愛媛県,2026-08-31,東生第260121067号,2026-08-10,2026-08-10,2031-09-30,① 飲食店営業,縁,新居浜市喜光地町2丁目2-10,,,,,,new,https://www.pref.ehime.jp/opendata-catalog/dataset/2344/resource/29480/%E6%96%B0%E8%A6%8F%E5%96%B6%E6%A5%AD%E8%A8%B1%E5%8F%AF%E6%96%BD%E8%A8%AD(R8.8%E6%9C%88)%E3%83%BB%E5%85%A8%E5%96%B6%E6%A5%AD%E8%A8%B1%E5%8F%AF%E6%96%BD%E8%A8%AD(R8.8.31%E7%8F%BE%E5%9C%A8)%20.xlsx,25a87cae539181514c03f62ec6dcbff14cc683358a8b0cd9cb26b803479ceee1,official_current_monthly,2026-08,new,498fadf55316660cd5294bc7,True
愛媛県,2026-08-31,中局生第260121035号,2026-08-12,2026-08-12,2031-09-30,① 飲食店営業,たびのはじまり,伊予郡砥部町千足359番地,,,,,,new,https://www.pref.ehime.jp/opendata-catalog/dataset/2344/resource/29480/%E6%96%B0%E8%A6%8F%E5%96%B6%E6%A5%AD%E8%A8%B1%E5%8F%AF%E6%96%BD%E8%A8%AD(R8.8%E6%9C%88)%E3%83%BB%E5%85%A8%E5%96%B6%E6%A5%AD%E8%A8%B1%E5%8F%AF%E6%96%BD%E8%A8%AD(R8.8.31%E7%8F%BE%E5%9C%A8)%20.xlsx,25a87cae539181514c03f62ec6dcbff14cc683358a8b0cd9cb26b803479ceee1,official_current_monthly,2026-08,new,6a25d03e75656d16b5ae7464,True
愛媛県,2026-08-31,八保第262501005号,2026-08-12,2026-08-12,2031-09-30,㉕ そうざい製造業,木戸岡鮮魚店,大洲市大洲７２７－１６,,,,,,new,https://www.pref.ehime.jp/opendata-catalog/dataset/2344/resource/29480/%E6%96%B0%E8%A6%8F%E5%96%B6%E6%A5%AD%E8%A8%B1%E5%8F%AF%E6%96%BD%E8%A8%AD(R8.8%E6%9C%88)%E3%83%BB%E5%85%A8%E5%96%B6%E6%A5%AD%E8%A8%B1%E5%8F%AF%E6%96%BD%E8%A8%AD(R8.8.31%E7%8F%BE%E5%9C%A8)%20.xlsx,25a87cae539181514c03f62ec6dcbff14cc683358a8b0cd9cb26b803479ceee1,official_current_monthly,2026-08,new,edf1146495ffebf648467f53,False
愛媛県,2026-08-31,東生第260121092号,2026-08-12,2026-08-12,2031-09-30,① 飲食店営業,PRIMA,西条市大町697-3,,,,,,new,https://www.pref.ehime.jp/opendata-catalog/dataset/2344/resource/29480/%E6%96%B0%E8%A6%8F%E5%96%B6%E6%A5%AD%E8%A8%B1%E5%8F%AF%E6%96%BD%E8%A8%AD(R8.8%E6%9C%88)%E3%83%BB%E5%85%A8%E5%96%B6%E6%A5%AD%E8%A8%B1%E5%8F%AF%E6%96%BD%E8%A8%AD(R8.8.31%E7%8F%BE%E5%9C%A8)%20.xlsx,25a87cae539181514c03f62ec6dcbff14cc683358a8b0cd9cb26b803479ceee1,official_current_monthly,2026-08,new,8f2b9a3a00959693e1c60a1d,True
愛媛県,2026-08-31,東生第260121095号,2026-08-12,2026-08-12,2031-09-30,① 飲食店営業,上杉景虎,新居浜市若水町1-7-8　1F,,,,,,new,https://www.pref.ehime.jp/opendata-catalog/dataset/2344/resource/29480/%E6%96%B0%E8%A6%8F%E5%96%B6%E6%A5%AD%E8%A8%B1%E5%8F%AF%E6%96%BD%E8%A8%AD(R8.8%E6%9C%88)%E3%83%BB%E5%85%A8%E5%96%B6%E6%A5%AD%E8%A8%B1%E5%8F%AF%E6%96%BD%E8%A8%AD(R8.8.31%E7%8F%BE%E5%9C%A8)%20.xlsx,25a87cae539181514c03f62ec6dcbff14cc683358a8b0cd9cb26b803479ceee1,official_current_monthly,2026-08,new,53038552fc2d8f8b73aa94ca,True
愛媛県,2026-08-31,中局生第260121031号,2026-08-13,2026-08-13,2031-09-30,① 飲食店営業,認知症カフェ　ひととき,伊予郡松前町大字神崎５８６番地くろだ病院内,,,,,,new,https://www.pref.ehime.jp/opendata-catalog/dataset/2344/resource/29480/%E6%96%B0%E8%A6%8F%E5%96%B6%E6%A5%AD%E8%A8%B1%E5%8F%AF%E6%96%BD%E8%A8%AD(R8.8%E6%9C%88)%E3%83%BB%E5%85%A8%E5%96%B6%E6%A5%AD%E8%A8%B1%E5%8F%AF%E6%96%BD%E8%A8%AD(R8.8.31%E7%8F%BE%E5%9C%A8)%20.xlsx,25a87cae539181514c03f62ec6dcbff14cc683358a8b0cd9cb26b803479ceee1,official_current_monthly,2026-08,new,a7dd72d0d99ddd74ae181ec0,True
愛媛県,2026-08-31,八保第260111009号,2026-08-14,2026-08-14,2031-09-30,① 飲食店営業,,,,,,,,new,https://www.pref.ehime.jp/opendata-catalog/dataset/2344/resource/29480/%E6%96%B0%E8%A6%8F%E5%96%B6%E6%A5%AD%E8%A8%B1%E5%8F%AF%E6%96%BD%E8%A8%AD(R8.8%E6%9C%88)%E3%83%BB%E5%85%A8%E5%96%B6%E6%A5%AD%E8%A8%B1%E5%8F%AF%E6%96%BD%E8%A8%AD(R8.8.31%E7%8F%BE%E5%9C%A8)%20.xlsx,25a87cae539181514c03f62ec6dcbff14cc683358a8b0cd9cb26b803479ceee1,official_current_monthly,2026-08,new,29dc67b181ef39087ec8f1a9,True
愛媛県,2026-08-31,中局生第262501006号,2026-08-17,2026-08-17,2031-09-30,㉕ そうざい製造業,日吉,伊予市米湊827-4町家内,,,,,,new,https://www.pref.ehime.jp/opendata-catalog/dataset/2344/resource/29480/%E6%96%B0%E8%A6%8F%E5%96%B6%E6%A5%AD%E8%A8%B1%E5%8F%AF%E6%96%BD%E8%A8%AD(R8.8%E6%9C%88)%E3%83%BB%E5%85%A8%E5%96%B6%E6%A5%AD%E8%A8%B1%E5%8F%AF%E6%96%BD%E8%A8%AD(R8.8.31%E7%8F%BE%E5%9C%A8)%20.xlsx,25a87cae539181514c03f62ec6dcbff14cc683358a8b0cd9cb26b803479ceee1,official_current_monthly,2026-08,new,90e5add882df9fcc5715ea0e,False
愛媛県,2026-08-31,南局生第261101053号,2026-08-17,2026-08-17,2031-09-30,⑪ 菓子製造業,ＳＯＬＡ合同会社,宇和島市伊吹町甲２５番地１,,,,,,new,https://www.pref.ehime.jp/opendata-catalog/dataset/2344/resource/29480/%E6%96%B0%E8%A6%8F%E5%96%B6%E6%A5%AD%E8%A8%B1%E5%8F%AF%E6%96%BD%E8%A8%AD(R8.8%E6%9C%88)%E3%83%BB%E5%85%A8%E5%96%B6%E6%A5%AD%E8%A8%B1%E5%8F%AF%E6%96%BD%E8%A8%AD(R8.8.31%E7%8F%BE%E5%9C%A8)%20.xlsx,25a87cae539181514c03f62ec6dcbff14cc683358a8b0cd9cb26b803479ceee1,official_current_monthly,2026-08,new,033cfad04fcc9da0889196a5,False
愛媛県,2026-08-31,東今生第260121064号,2026-08-17,2026-08-17,2031-09-30,① 飲食店営業,DINING KITCHEN 麦わら,今治市中寺583-2,,,,,,new,https://www.pref.ehime.jp/opendata-catalog/dataset/2344/resource/29480/%E6%96%B0%E8%A6%8F%E5%96%B6%E6%A5%AD%E8%A8%B1%E5%8F%AF%E6%96%BD%E8%A8%AD(R8.8%E6%9C%88)%E3%83%BB%E5%85%A8%E5%96%B6%E6%A5%AD%E8%A8%B1%E5%8F%AF%E6%96%BD%E8%A8%AD(R8.8.31%E7%8F%BE%E5%9C%A8)%20.xlsx,25a87cae539181514c03f62ec6dcbff14cc683358a8b0cd9cb26b803479ceee1,official_current_monthly,2026-08,new,3fad9907519d6cc2b126b7d2,True
愛媛県,2026-08-31,東今生第260121065号,2026-08-17,2026-08-17,2031-09-30,① 飲食店営業,DINING KITCHEN 麦わら,今治市喜田村１丁目３－１,,,,,,new,https://www.pref.ehime.jp/opendata-catalog/dataset/2344/resource/29480/%E6%96%B0%E8%A6%8F%E5%96%B6%E6%A5%AD%E8%A8%B1%E5%8F%AF%E6%96%BD%E8%A8%AD(R8.8%E6%9C%88)%E3%83%BB%E5%85%A8%E5%96%B6%E6%A5%AD%E8%A8%B1%E5%8F%AF%E6%96%BD%E8%A8%AD(R8.8.31%E7%8F%BE%E5%9C%A8)%20.xlsx,25a87cae539181514c03f62ec6dcbff14cc683358a8b0cd9cb26b803479ceee1,official_current_monthly,2026-08,new,8d597febb48c504423c40827,True
愛媛県,2026-08-31,東今生第262501007号,2026-08-17,2026-08-17,2031-09-30,㉕ そうざい製造業,DINING KITCHEN 麦わら,今治市中寺583-2,,,,,,new,https://www.pref.ehime.jp/opendata-catalog/dataset/2344/resource/29480/%E6%96%B0%E8%A6%8F%E5%96%B6%E6%A5%AD%E8%A8%B1%E5%8F%AF%E6%96%BD%E8%A8%AD(R8.8%E6%9C%88)%E3%83%BB%E5%85%A8%E5%96%B6%E6%A5%AD%E8%A8%B1%E5%8F%AF%E6%96%BD%E8%A8%AD(R8.8.31%E7%8F%BE%E5%9C%A8)%20.xlsx,25a87cae539181514c03f62ec6dcbff14cc683358a8b0cd9cb26b803479ceee1,official_current_monthly,2026-08,new,42dbe8abd5fdcf69d1702f90,False
愛媛県,2026-08-31,東生第260121085号,2026-08-17,2026-08-17,2031-09-30,① 飲食店営業,,,,,,,,new,https://www.pref.ehime.jp/opendata-catalog/dataset/2344/resource/29480/%E6%96%B0%E8%A6%8F%E5%96%B6%E6%A5%AD%E8%A8%B1%E5%8F%AF%E6%96%BD%E8%A8%AD(R8.8%E6%9C%88)%E3%83%BB%E5%85%A8%E5%96%B6%E6%A5%AD%E8%A8%B1%E5%8F%AF%E6%96%BD%E8%A8%AD(R8.8.31%E7%8F%BE%E5%9C%A8)%20.xlsx,25a87cae539181514c03f62ec6dcbff14cc683358a8b0cd9cb26b803479ceee1,official_current_monthly,2026-08,new,730bb43b86a29e4bf6f3b7a9,True
愛媛県,2026-08-31,東生第260121097号,2026-08-17,2026-08-17,2031-09-30,① 飲食店営業,海月,新居浜市松原町4-42 1F,,,,,,new,https://www.pref.ehime.jp/opendata-catalog/dataset/2344/resource/29480/%E6%96%B0%E8%A6%8F%E5%96%B6%E6%A5%AD%E8%A8%B1%E5%8F%AF%E6%96%BD%E8%A8%AD(R8.8%E6%9C%88)%E3%83%BB%E5%85%A8%E5%96%B6%E6%A5%AD%E8%A8%B1%E5%8F%AF%E6%96%BD%E8%A8%AD(R8.8.31%E7%8F%BE%E5%9C%A8)%20.xlsx,25a87cae539181514c03f62ec6dcbff14cc683358a8b0cd9cb26b803479ceee1,official_current_monthly,2026-08,new,05d8ba670549087a9e183287,True
愛媛県,2026-08-31,東四保第260111012号,2026-08-18,2026-08-18,2031-09-30,① 飲食店営業,島田商事,四国中央市愛媛県内一円,,,,,,new,https://www.pref.ehime.jp/opendata-catalog/dataset/2344/resource/29480/%E6%96%B0%E8%A6%8F%E5%96%B6%E6%A5%AD%E8%A8%B1%E5%8F%AF%E6%96%BD%E8%A8%AD(R8.8%E6%9C%88)%E3%83%BB%E5%85%A8%E5%96%B6%E6%A5%AD%E8%A8%B1%E5%8F%AF%E6%96%BD%E8%A8%AD(R8.8.31%E7%8F%BE%E5%9C%A8)%20.xlsx,25a87cae539181514c03f62ec6dcbff14cc683358a8b0cd9cb26b803479ceee1,official_current_monthly,2026-08,new,5f57660dc1343c399a891e9f,True
愛媛県,2026-08-31,南局生第260301049号,2026-08-19,2026-08-19,2031-09-30,③ 食肉販売業,株式会社フェザンフィレール,北宇和郡鬼北町大字川上１９６１番地,,,,,,new,https://www.pref.ehime.jp/opendata-catalog/dataset/2344/resource/29480/%E6%96%B0%E8%A6%8F%E5%96%B6%E6%A5%AD%E8%A8%B1%E5%8F%AF%E6%96%BD%E8%A8%AD(R8.8%E6%9C%88)%E3%83%BB%E5%85%A8%E5%96%B6%E6%A5%AD%E8%A8%B1%E5%8F%AF%E6%96%BD%E8%A8%AD(R8.8.31%E7%8F%BE%E5%9C%A8)%20.xlsx,25a87cae539181514c03f62ec6dcbff14cc683358a8b0cd9cb26b803479ceee1,official_current_monthly,2026-08,new,79bd7f968a61bc35c4fa3614,False
愛媛県,2026-08-31,八保第260111010号,2026-08-21,2026-08-21,2031-09-30,① 飲食店営業,,,,,,,,new,https://www.pref.ehime.jp/opendata-catalog/dataset/2344/resource/29480/%E6%96%B0%E8%A6%8F%E5%96%B6%E6%A5%AD%E8%A8%B1%E5%8F%AF%E6%96%BD%E8%A8%AD(R8.8%E6%9C%88)%E3%83%BB%E5%85%A8%E5%96%B6%E6%A5%AD%E8%A8%B1%E5%8F%AF%E6%96%BD%E8%A8%AD(R8.8.31%E7%8F%BE%E5%9C%A8)%20.xlsx,25a87cae539181514c03f62ec6dcbff14cc683358a8b0cd9cb26b803479ceee1,official_current_monthly,2026-08,new,823ddf56ba9b0fbaf1de3a43,True
愛媛県,2026-08-31,八保第260121045号,2026-08-21,2026-08-21,2031-09-30,① 飲食店営業,,,,,,,,new,https://www.pref.ehime.jp/opendata-catalog/dataset/2344/resource/29480/%E6%96%B0%E8%A6%8F%E5%96%B6%E6%A5%AD%E8%A8%B1%E5%8F%AF%E6%96%BD%E8%A8%AD(R8.8%E6%9C%88)%E3%83%BB%E5%85%A8%E5%96%B6%E6%A5%AD%E8%A8%B1%E5%8F%AF%E6%96%BD%E8%A8%AD(R8.8.31%E7%8F%BE%E5%9C%A8)%20.xlsx,25a87cae539181514c03f62ec6dcbff14cc683358a8b0cd9cb26b803479ceee1,official_current_monthly,2026-08,new,a74964a1b9680c217d30961b,True
愛媛県,2026-08-31,八保第262901001号,2026-08-21,2026-08-21,2031-09-30,㉙ 漬物製造業,,,,,,,,new,https://www.pref.ehime.jp/opendata-catalog/dataset/2344/resource/29480/%E6%96%B0%E8%A6%8F%E5%96%B6%E6%A5%AD%E8%A8%B1%E5%8F%AF%E6%96%BD%E8%A8%AD(R8.8%E6%9C%88)%E3%83%BB%E5%85%A8%E5%96%B6%E6%A5%AD%E8%A8%B1%E5%8F%AF%E6%96%BD%E8%A8%AD(R8.8.31%E7%8F%BE%E5%9C%A8)%20.xlsx,25a87cae539181514c03f62ec6dcbff14cc683358a8b0cd9cb26b803479ceee1,official_current_monthly,2026-08,new,a736a32ddc88ac67f925d2c5,False
愛媛県,2026-08-31,東四保第260121019号,2026-08-21,2026-08-21,2031-09-30,① 飲食店営業,おやつとおかずＭＯＧ,四国中央市三島宮川3丁目20-25鈴木アパート101,,,,,,new,https://www.pref.ehime.jp/opendata-catalog/dataset/2344/resource/29480/%E6%96%B0%E8%A6%8F%E5%96%B6%E6%A5%AD%E8%A8%B1%E5%8F%AF%E6%96%BD%E8%A8%AD(R8.8%E6%9C%88)%E3%83%BB%E5%85%A8%E5%96%B6%E6%A5%AD%E8%A8%B1%E5%8F%AF%E6%96%BD%E8%A8%AD(R8.8.31%E7%8F%BE%E5%9C%A8)%20.xlsx,25a87cae539181514c03f62ec6dcbff14cc683358a8b0cd9cb26b803479ceee1,official_current_monthly,2026-08,new,6c3bdb34d08062fc287b836f,True
愛媛県,2026-08-31,東四保第260121020号,2026-08-24,2026-08-24,2031-09-30,① 飲食店営業,カフェキッチンＤａｄ＆Ｍｏｍ,四国中央市豊岡町大町1770-1,,,,,,new,https://www.pref.ehime.jp/opendata-catalog/dataset/2344/resource/29480/%E6%96%B0%E8%A6%8F%E5%96%B6%E6%A5%AD%E8%A8%B1%E5%8F%AF%E6%96%BD%E8%A8%AD(R8.8%E6%9C%88)%E3%83%BB%E5%85%A8%E5%96%B6%E6%A5%AD%E8%A8%B1%E5%8F%AF%E6%96%BD%E8%A8%AD(R8.8.31%E7%8F%BE%E5%9C%A8)%20.xlsx,25a87cae539181514c03f62ec6dcbff14cc683358a8b0cd9cb26b803479ceee1,official_current_monthly,2026-08,new,64c615bdbe5a7421e729ffe2,True
愛媛県,2026-08-31,東生第260121099号,2026-08-24,2026-08-24,2031-09-30,① 飲食店営業,トレジャーラウンジ,新居浜市萩生709-2,,,,,,new,https://www.pref.ehime.jp/opendata-catalog/dataset/2344/resource/29480/%E6%96%B0%E8%A6%8F%E5%96%B6%E6%A5%AD%E8%A8%B1%E5%8F%AF%E6%96%BD%E8%A8%AD(R8.8%E6%9C%88)%E3%83%BB%E5%85%A8%E5%96%B6%E6%A5%AD%E8%A8%B1%E5%8F%AF%E6%96%BD%E8%A8%AD(R8.8.31%E7%8F%BE%E5%9C%A8)%20.xlsx,25a87cae539181514c03f62ec6dcbff14cc683358a8b0cd9cb26b803479ceee1,official_current_monthly,2026-08,new,118bd0917af9419b25ca4e3c,True
愛媛県,2026-08-31,東生第262501093号,2026-08-24,2026-08-24,2031-09-30,㉕ そうざい製造業,お弁当屋　Bon,西条市喜多川382-10,,,,,,new,https://www.pref.ehime.jp/opendata-catalog/dataset/2344/resource/29480/%E6%96%B0%E8%A6%8F%E5%96%B6%E6%A5%AD%E8%A8%B1%E5%8F%AF%E6%96%BD%E8%A8%AD(R8.8%E6%9C%88)%E3%83%BB%E5%85%A8%E5%96%B6%E6%A5%AD%E8%A8%B1%E5%8F%AF%E6%96%BD%E8%A8%AD(R8.8.31%E7%8F%BE%E5%9C%A8)%20.xlsx,25a87cae539181514c03f62ec6dcbff14cc683358a8b0cd9cb26b803479ceee1,official_current_monthly,2026-08,new,2a6f9f0e81991d4cef4bb644,False
愛媛県,2026-08-31,中局生第260121038号,2026-08-25,2026-08-25,2031-09-30,① 飲食店営業,ふたみ屋,伊予市双海町高岸甲933-2,,,,,,new,https://www.pref.ehime.jp/opendata-catalog/dataset/2344/resource/29480/%E6%96%B0%E8%A6%8F%E5%96%B6%E6%A5%AD%E8%A8%B1%E5%8F%AF%E6%96%BD%E8%A8%AD(R8.8%E6%9C%88)%E3%83%BB%E5%85%A8%E5%96%B6%E6%A5%AD%E8%A8%B1%E5%8F%AF%E6%96%BD%E8%A8%AD(R8.8.31%E7%8F%BE%E5%9C%A8)%20.xlsx,25a87cae539181514c03f62ec6dcbff14cc683358a8b0cd9cb26b803479ceee1,official_current_monthly,2026-08,new,a4a580c21c057482ddd81d91,True
愛媛県,2026-08-31,八保第260121046号,2026-08-25,2026-08-25,2031-09-30,① 飲食店営業,ひなた食堂,八幡浜市五反田１－４７５－１,,,,,,new,https://www.pref.ehime.jp/opendata-catalog/dataset/2344/resource/29480/%E6%96%B0%E8%A6%8F%E5%96%B6%E6%A5%AD%E8%A8%B1%E5%8F%AF%E6%96%BD%E8%A8%AD(R8.8%E6%9C%88)%E3%83%BB%E5%85%A8%E5%96%B6%E6%A5%AD%E8%A8%B1%E5%8F%AF%E6%96%BD%E8%A8%AD(R8.8.31%E7%8F%BE%E5%9C%A8)%20.xlsx,25a87cae539181514c03f62ec6dcbff14cc683358a8b0cd9cb26b803479ceee1,official_current_monthly,2026-08,new,ee313dafbe688c434b08825b,True
愛媛県,2026-08-31,東今生第261101004号,2026-08-25,2026-08-25,2031-09-30,⑪ 菓子製造業,株式会社愛媛海産,今治市天保山町5-2-2,,,,,,new,https://www.pref.ehime.jp/opendata-catalog/dataset/2344/resource/29480/%E6%96%B0%E8%A6%8F%E5%96%B6%E6%A5%AD%E8%A8%B1%E5%8F%AF%E6%96%BD%E8%A8%AD(R8.8%E6%9C%88)%E3%83%BB%E5%85%A8%E5%96%B6%E6%A5%AD%E8%A8%B1%E5%8F%AF%E6%96%BD%E8%A8%AD(R8.8.31%E7%8F%BE%E5%9C%A8)%20.xlsx,25a87cae539181514c03f62ec6dcbff14cc683358a8b0cd9cb26b803479ceee1,official_current_monthly,2026-08,new,e9185c7d525dcd13758085b6,False
愛媛県,2026-08-31,東生第260121100号,2026-08-26,2026-08-26,2031-09-30,① 飲食店営業,ファミリーマート西条大町店,西条市大町６８０番地３,,,,,,new,https://www.pref.ehime.jp/opendata-catalog/dataset/2344/resource/29480/%E6%96%B0%E8%A6%8F%E5%96%B6%E6%A5%AD%E8%A8%B1%E5%8F%AF%E6%96%BD%E8%A8%AD(R8.8%E6%9C%88)%E3%83%BB%E5%85%A8%E5%96%B6%E6%A5%AD%E8%A8%B1%E5%8F%AF%E6%96%BD%E8%A8%AD(R8.8.31%E7%8F%BE%E5%9C%A8)%20.xlsx,25a87cae539181514c03f62ec6dcbff14cc683358a8b0cd9cb26b803479ceee1,official_current_monthly,2026-08,new,a0ad2d5aec2abe8c7d8d2126,True
愛媛県,2026-08-31,中局生第260121037号,2026-08-27,2026-08-27,2031-09-30,① 飲食店営業,,,,,,,,new,https://www.pref.ehime.jp/opendata-catalog/dataset/2344/resource/29480/%E6%96%B0%E8%A6%8F%E5%96%B6%E6%A5%AD%E8%A8%B1%E5%8F%AF%E6%96%BD%E8%A8%AD(R8.8%E6%9C%88)%E3%83%BB%E5%85%A8%E5%96%B6%E6%A5%AD%E8%A8%B1%E5%8F%AF%E6%96%BD%E8%A8%AD(R8.8.31%E7%8F%BE%E5%9C%A8)%20.xlsx,25a87cae539181514c03f62ec6dcbff14cc683358a8b0cd9cb26b803479ceee1,official_current_monthly,2026-08,new,39fb76927ec2b9c66753014e,True
愛媛県,2026-08-31,南局生第260121052号,2026-08-27,2026-08-27,2031-09-30,① 飲食店営業,山﨑,南宇和郡愛南町一本松5151,,,,,,new,https://www.pref.ehime.jp/opendata-catalog/dataset/2344/resource/29480/%E6%96%B0%E8%A6%8F%E5%96%B6%E6%A5%AD%E8%A8%B1%E5%8F%AF%E6%96%BD%E8%A8%AD(R8.8%E6%9C%88)%E3%83%BB%E5%85%A8%E5%96%B6%E6%A5%AD%E8%A8%B1%E5%8F%AF%E6%96%BD%E8%A8%AD(R8.8.31%E7%8F%BE%E5%9C%A8)%20.xlsx,25a87cae539181514c03f62ec6dcbff14cc683358a8b0cd9cb26b803479ceee1,official_current_monthly,2026-08,new,c2704d3959ffe1166065685c,True
愛媛県,2026-08-31,東四保第260121018号,2026-08-27,2026-08-27,2031-09-30,① 飲食店営業,土居のいもたき運営委員会,四国中央市土居町関川河川敷,,,,,,new,https://www.pref.ehime.jp/opendata-catalog/dataset/2344/resource/29480/%E6%96%B0%E8%A6%8F%E5%96%B6%E6%A5%AD%E8%A8%B1%E5%8F%AF%E6%96%BD%E8%A8%AD(R8.8%E6%9C%88)%E3%83%BB%E5%85%A8%E5%96%B6%E6%A5%AD%E8%A8%B1%E5%8F%AF%E6%96%BD%E8%A8%AD(R8.8.31%E7%8F%BE%E5%9C%A8)%20.xlsx,25a87cae539181514c03f62ec6dcbff14cc683358a8b0cd9cb26b803479ceee1,official_current_monthly,2026-08,new,1de26cdd2a867ef7c1e619b3,True
愛媛県,2026-08-31,東四保第260121021号,2026-08-27,2026-08-27,2031-09-30,① 飲食店営業,だんだん,四国中央市三島宮川４丁目6-55市民交流棟2階,,,,,,new,https://www.pref.ehime.jp/opendata-catalog/dataset/2344/resource/29480/%E6%96%B0%E8%A6%8F%E5%96%B6%E6%A5%AD%E8%A8%B1%E5%8F%AF%E6%96%BD%E8%A8%AD(R8.8%E6%9C%88)%E3%83%BB%E5%85%A8%E5%96%B6%E6%A5%AD%E8%A8%B1%E5%8F%AF%E6%96%BD%E8%A8%AD(R8.8.31%E7%8F%BE%E5%9C%A8)%20.xlsx,25a87cae539181514c03f62ec6dcbff14cc683358a8b0cd9cb26b803479ceee1,official_current_monthly,2026-08,new,ff7caf15b9b935559537bcae,True
愛媛県,2026-08-31,東生第260121098号,2026-08-27,2026-08-27,2031-09-30,① 飲食店営業,Ö　CAFE,新居浜市若水町1-7-3ホワイトビル4F,,,,,,new,https://www.pref.ehime.jp/opendata-catalog/dataset/2344/resource/29480/%E6%96%B0%E8%A6%8F%E5%96%B6%E6%A5%AD%E8%A8%B1%E5%8F%AF%E6%96%BD%E8%A8%AD(R8.8%E6%9C%88)%E3%83%BB%E5%85%A8%E5%96%B6%E6%A5%AD%E8%A8%B1%E5%8F%AF%E6%96%BD%E8%A8%AD(R8.8.31%E7%8F%BE%E5%9C%A8)%20.xlsx,25a87cae539181514c03f62ec6dcbff14cc683358a8b0cd9cb26b803479ceee1,official_current_monthly,2026-08,new,428d345b2e4ef95b1340f37d,True
愛媛県,2026-08-31,八保第260121047号,2026-08-28,2026-08-28,2031-09-30,① 飲食店営業,,,,,,,,new,https://www.pref.ehime.jp/opendata-catalog/dataset/2344/resource/29480/%E6%96%B0%E8%A6%8F%E5%96%B6%E6%A5%AD%E8%A8%B1%E5%8F%AF%E6%96%BD%E8%A8%AD(R8.8%E6%9C%88)%E3%83%BB%E5%85%A8%E5%96%B6%E6%A5%AD%E8%A8%B1%E5%8F%AF%E6%96%BD%E8%A8%AD(R8.8.31%E7%8F%BE%E5%9C%A8)%20.xlsx,25a87cae539181514c03f62ec6dcbff14cc683358a8b0cd9cb26b803479ceee1,official_current_monthly,2026-08,new,5bd00ea477ead0cb74006acf,True
愛媛県,2026-08-31,東四保第260111013号,2026-08-28,2026-08-28,2031-09-30,① 飲食店営業,後備,四国中央市愛媛県内一円,,,,,,new,https://www.pref.ehime.jp/opendata-catalog/dataset/2344/resource/29480/%E6%96%B0%E8%A6%8F%E5%96%B6%E6%A5%AD%E8%A8%B1%E5%8F%AF%E6%96%BD%E8%A8%AD(R8.8%E6%9C%88)%E3%83%BB%E5%85%A8%E5%96%B6%E6%A5%AD%E8%A8%B1%E5%8F%AF%E6%96%BD%E8%A8%AD(R8.8.31%E7%8F%BE%E5%9C%A8)%20.xlsx,25a87cae539181514c03f62ec6dcbff14cc683358a8b0cd9cb26b803479ceee1,official_current_monthly,2026-08,new,f6add80b6ce8cc43c41d2d51,True
愛媛県,2026-08-31,東四保第260111014号,2026-08-28,2026-08-28,2031-09-30,① 飲食店営業,,,,,,,,new,https://www.pref.ehime.jp/opendata-catalog/dataset/2344/resource/29480/%E6%96%B0%E8%A6%8F%E5%96%B6%E6%A5%AD%E8%A8%B1%E5%8F%AF%E6%96%BD%E8%A8%AD(R8.8%E6%9C%88)%E3%83%BB%E5%85%A8%E5%96%B6%E6%A5%AD%E8%A8%B1%E5%8F%AF%E6%96%BD%E8%A8%AD(R8.8.31%E7%8F%BE%E5%9C%A8)%20.xlsx,25a87cae539181514c03f62ec6dcbff14cc683358a8b0cd9cb26b803479ceee1,official_current_monthly,2026-08,new,d7691e797bf8eb406a38eaaa,True
愛媛県,2026-08-31,東四保第260121022号,2026-08-28,2026-08-28,2031-09-30,① 飲食店営業,だんだん,四国中央市三島宮川4丁目6-55市民交流棟2階,,,,,,new,https://www.pref.ehime.jp/opendata-catalog/dataset/2344/resource/29480/%E6%96%B0%E8%A6%8F%E5%96%B6%E6%A5%AD%E8%A8%B1%E5%8F%AF%E6%96%BD%E8%A8%AD(R8.8%E6%9C%88)%E3%83%BB%E5%85%A8%E5%96%B6%E6%A5%AD%E8%A8%B1%E5%8F%AF%E6%96%BD%E8%A8%AD(R8.8.31%E7%8F%BE%E5%9C%A8)%20.xlsx,25a87cae539181514c03f62ec6dcbff14cc683358a8b0cd9cb26b803479ceee1,official_current_monthly,2026-08,new,098cca312d18cbd5aa2be4fe,True
愛媛県,2026-08-31,東四保第260121023号,2026-08-28,2026-08-28,2031-09-30,① 飲食店営業,だんだん,四国中央市三島宮川4丁目6-55市民交流棟2階,,,,,,new,https://www.pref.ehime.jp/opendata-catalog/dataset/2344/resource/29480/%E6%96%B0%E8%A6%8F%E5%96%B6%E6%A5%AD%E8%A8%B1%E5%8F%AF%E6%96%BD%E8%A8%AD(R8.8%E6%9C%88)%E3%83%BB%E5%85%A8%E5%96%B6%E6%A5%AD%E8%A8%B1%E5%8F%AF%E6%96%BD%E8%A8%AD(R8.8.31%E7%8F%BE%E5%9C%A8)%20.xlsx,25a87cae539181514c03f62ec6dcbff14cc683358a8b0cd9cb26b803479ceee1,official_current_monthly,2026-08,new,6e8f521f071f18168134fab6,True
愛媛県,2026-08-31,東四保第262501004号,2026-08-31,2026-08-31,2031-09-30,㉕ そうざい製造業,土居わかたけ,四国中央市土居町入野671,,,,,,new,https://www.pref.ehime.jp/opendata-catalog/dataset/2344/resource/29480/%E6%96%B0%E8%A6%8F%E5%96%B6%E6%A5%AD%E8%A8%B1%E5%8F%AF%E6%96%BD%E8%A8%AD(R8.8%E6%9C%88)%E3%83%BB%E5%85%A8%E5%96%B6%E6%A5%AD%E8%A8%B1%E5%8F%AF%E6%96%BD%E8%A8%AD(R8.8.31%E7%8F%BE%E5%9C%A8)%20.xlsx,25a87cae539181514c03f62ec6dcbff14cc683358a8b0cd9cb26b803479ceee1,official_current_monthly,2026-08,new,eefcfa54c5472b78d1f78bb4,False
愛媛県,2026-08-31,東生第260111103号,2026-08-31,2026-08-31,2031-09-30,① 飲食店営業,,,,,,,,new,https://www.pref.ehime.jp/opendata-catalog/dataset/2344/resource/29480/%E6%96%B0%E8%A6%8F%E5%96%B6%E6%A5%AD%E8%A8%B1%E5%8F%AF%E6%96%BD%E8%A8%AD(R8.8%E6%9C%88)%E3%83%BB%E5%85%A8%E5%96%B6%E6%A5%AD%E8%A8%B1%E5%8F%AF%E6%96%BD%E8%A8%AD(R8.8.31%E7%8F%BE%E5%9C%A8)%20.xlsx,25a87cae539181514c03f62ec6dcbff14cc683358a8b0cd9cb26b803479ceee1,official_current_monthly,2026-08,new,5645d9f3b501f37a1ca5c9d0,True
愛媛県,2026-08-31,東生第263001096号,2026-08-31,2026-08-31,2031-09-30,㉚ 密封包装食品製造業,株式会社中温　西条農業施設,西条市丹原町田野上方417-1,,,,,,new,https://www.pref.ehime.jp/opendata-catalog/dataset/2344/resource/29480/%E6%96%B0%E8%A6%8F%E5%96%B6%E6%A5%AD%E8%A8%B1%E5%8F%AF%E6%96%BD%E8%A8%AD(R8.8%E6%9C%88)%E3%83%BB%E5%85%A8%E5%96%B6%E6%A5%AD%E8%A8%B1%E5%8F%AF%E6%96%BD%E8%A8%AD(R8.8.31%E7%8F%BE%E5%9C%A8)%20.xlsx,25a87cae539181514c03f62ec6dcbff14cc683358a8b0cd9cb26b803479ceee1,official_current_monthly,2026-08,new,e85cd71a3d4289125f1de952,False
松山市,2025-08,第508号,2025-08-01,2025-08-01,2030-09-30,飲食店営業,水口酒造株式会社蔵開き,松山市道後喜多町3-18,382019,,,,,new_or_renewal,https://www.city.matsuyama.ehime.jp/shisei/opendata/metadata/shokuhinsinki.files/shokuhinsinki.xlsx,076ab31512db6c0d16c1b33f07ef1bd543cdc99cc8d394f932db4b2b7560bd84,official_current_rolling_workbook,2025-08,new,8d40df6ea7566c44e9f0ef1b,True
松山市,2025-08,第509号,2025-08-04,2025-08-04,2030-09-30,飲食店営業,会員制　富,松山市二番町1丁目3-14 古唐人松山Ⅰ館4F,382019,,,,,new_or_renewal,https://www.city.matsuyama.ehime.jp/shisei/opendata/metadata/shokuhinsinki.files/shokuhinsinki.xlsx,076ab31512db6c0d16c1b33f07ef1bd543cdc99cc8d394f932db4b2b7560bd84,official_current_rolling_workbook,2025-08,new,32a2e31a3488b7c30ccc512d,True
松山市,2025-08,第510号,2025-08-04,2025-08-04,2030-09-30,飲食店営業,鯛めしかどや　ロープウェー街店,松山市大街道3丁目7-4 グリーンフォレスト坂の上1F,382019,,,,,new_or_renewal,https://www.city.matsuyama.ehime.jp/shisei/opendata/metadata/shokuhinsinki.files/shokuhinsinki.xlsx,076ab31512db6c0d16c1b33f07ef1bd543cdc99cc8d394f932db4b2b7560bd84,official_current_rolling_workbook,2025-08,new,94b0610b6e0cdf36f7d47b21,True
松山市,2025-08,第511号,2025-08-04,2025-08-04,2030-09-30,飲食店営業,ねぎニラギョウザ、オーシャン,松山市宮西1丁目2-1,382019,,,,,new_or_renewal,https://www.city.matsuyama.ehime.jp/shisei/opendata/metadata/shokuhinsinki.files/shokuhinsinki.xlsx,076ab31512db6c0d16c1b33f07ef1bd543cdc99cc8d394f932db4b2b7560bd84,official_current_rolling_workbook,2025-08,new,e48e227f4c66dded5ac14bbf,True
松山市,2025-08,第512号,2025-08-04,2025-08-04,2030-09-30,飲食店営業,伊予銀行研修所内食堂,松山市山西町908-3,382019,,,,,new_or_renewal,https://www.city.matsuyama.ehime.jp/shisei/opendata/metadata/shokuhinsinki.files/shokuhinsinki.xlsx,076ab31512db6c0d16c1b33f07ef1bd543cdc99cc8d394f932db4b2b7560bd84,official_current_rolling_workbook,2025-08,new,cece6d388197b472f393b012,True
松山市,2025-08,第513号,2025-08-04,2025-08-04,2030-09-30,魚介類販売業,鮮魚明治十六年,松山市高山町10-28,382019,,,,,new_or_renewal,https://www.city.matsuyama.ehime.jp/shisei/opendata/metadata/shokuhinsinki.files/shokuhinsinki.xlsx,076ab31512db6c0d16c1b33f07ef1bd543cdc99cc8d394f932db4b2b7560bd84,official_current_rolling_workbook,2025-08,new,aa87141bd7298a5fa80153a9,False
松山市,2025-08,第514号,2025-08-05,2025-08-05,2030-09-30,飲食店営業,カラオケ喫茶　サウンドホール,松山市北斎院町733-1 岩子マンション1F,382019,,,,,new_or_renewal,https://www.city.matsuyama.ehime.jp/shisei/opendata/metadata/shokuhinsinki.files/shokuhinsinki.xlsx,076ab31512db6c0d16c1b33f07ef1bd543cdc99cc8d394f932db4b2b7560bd84,official_current_rolling_workbook,2025-08,new,a4b36bfbac17fcc8e9339f31,True
松山市,2025-08,第515号,2025-08-06,2025-08-06,2030-09-30,飲食店営業,観兵衛,松山市二番町1丁目1-6ウッディビル1F南,382019,,,,,new_or_renewal,https://www.city.matsuyama.ehime.jp/shisei/opendata/metadata/shokuhinsinki.files/shokuhinsinki.xlsx,076ab31512db6c0d16c1b33f07ef1bd543cdc99cc8d394f932db4b2b7560bd84,official_current_rolling_workbook,2025-08,new,a4b6cfe8908d5c327d2f9dc5,True
松山市,2025-08,第516号,2025-08-06,2025-08-06,2030-09-30,飲食店営業,雅楽～うた～,松山市樽味4丁目6-5,382019,,,,,new_or_renewal,https://www.city.matsuyama.ehime.jp/shisei/opendata/metadata/shokuhinsinki.files/shokuhinsinki.xlsx,076ab31512db6c0d16c1b33f07ef1bd543cdc99cc8d394f932db4b2b7560bd84,official_current_rolling_workbook,2025-08,new,565a9562b629ccf1dc68407f,True
松山市,2025-08,第517号,2025-08-06,2025-08-06,2030-09-30,飲食店営業,BAR Liora,松山市二番町2丁目7-18 コア・二番町ビル3F C号室,382019,,,,,new_or_renewal,https://www.city.matsuyama.ehime.jp/shisei/opendata/metadata/shokuhinsinki.files/shokuhinsinki.xlsx,076ab31512db6c0d16c1b33f07ef1bd543cdc99cc8d394f932db4b2b7560bd84,official_current_rolling_workbook,2025-08,new,441d27f549755f420beed267,True
松山市,2025-08,第518号,2025-08-06,2025-08-06,2030-09-30,飲食店営業,鮨　三美家,松山市湊町5丁目5-5豊田ビル1F,382019,,,,,new_or_renewal,https://www.city.matsuyama.ehime.jp/shisei/opendata/metadata/shokuhinsinki.files/shokuhinsinki.xlsx,076ab31512db6c0d16c1b33f07ef1bd543cdc99cc8d394f932db4b2b7560bd84,official_current_rolling_workbook,2025-08,new,2d89a5017d0438940e94dbd5,True
松山市,2025-08,第519号,2025-08-06,2025-08-06,2030-09-30,飲食店営業,千～sen,松山市二番町2丁目6-11 江戸長本店ビル5F,382019,,,,,new_or_renewal,https://www.city.matsuyama.ehime.jp/shisei/opendata/metadata/shokuhinsinki.files/shokuhinsinki.xlsx,076ab31512db6c0d16c1b33f07ef1bd543cdc99cc8d394f932db4b2b7560bd84,official_current_rolling_workbook,2025-08,new,72abbcb81b7d99486bfab45d,True
松山市,2025-08,第520号,2025-08-06,2025-08-06,2030-09-30,菓子製造業,NAVY BAGELS,松山市大手町1丁目10-6,382019,,,,,new_or_renewal,https://www.city.matsuyama.ehime.jp/shisei/opendata/metadata/shokuhinsinki.files/shokuhinsinki.xlsx,076ab31512db6c0d16c1b33f07ef1bd543cdc99cc8d394f932db4b2b7560bd84,official_current_rolling_workbook,2025-08,new,1b9aaf824cdb48bd8c4c9a91,False
松山市,2025-08,第521号,2025-08-07,2025-08-07,2030-09-30,飲食店営業,エイチ・ツー・オー商業開発フードトラック,松山市保健所管内,382019,,,,,new_or_renewal,https://www.city.matsuyama.ehime.jp/shisei/opendata/metadata/shokuhinsinki.files/shokuhinsinki.xlsx,076ab31512db6c0d16c1b33f07ef1bd543cdc99cc8d394f932db4b2b7560bd84,official_current_rolling_workbook,2025-08,new,c7ecb3448970d7b88a3572a0,True
松山市,2025-08,第522号,2025-08-07,2025-08-07,2030-09-30,飲食店営業,たこやねん酒場,松山市二番町2丁目7-17ガーデンビル1F,382019,,,,,new_or_renewal,https://www.city.matsuyama.ehime.jp/shisei/opendata/metadata/shokuhinsinki.files/shokuhinsinki.xlsx,076ab31512db6c0d16c1b33f07ef1bd543cdc99cc8d394f932db4b2b7560bd84,official_current_rolling_workbook,2025-08,new,1075abfe776be1a91a46183d,True
松山市,2025-08,第526号,2025-08-07,2025-08-07,2030-09-30,飲食店営業,高齢者総合福祉施設　サンシティ北条,松山市下難波甲1377-2,382019,,,,,new_or_renewal,https://www.city.matsuyama.ehime.jp/shisei/opendata/metadata/shokuhinsinki.files/shokuhinsinki.xlsx,076ab31512db6c0d16c1b33f07ef1bd543cdc99cc8d394f932db4b2b7560bd84,official_current_rolling_workbook,2025-08,new,ef5f11d65dbbf086d9cf77ee,True
松山市,2025-08,第527号,2025-08-07,2025-08-07,2030-09-30,飲食店営業,サンエース南店,松山市河野中須賀288-3,382019,,,,,new_or_renewal,https://www.city.matsuyama.ehime.jp/shisei/opendata/metadata/shokuhinsinki.files/shokuhinsinki.xlsx,076ab31512db6c0d16c1b33f07ef1bd543cdc99cc8d394f932db4b2b7560bd84,official_current_rolling_workbook,2025-08,new,9019d44fbe5f1143a8cb553f,True
松山市,2025-08,第528号,2025-08-07,2025-08-07,2030-09-30,飲食店営業,米人,松山市二番町1丁目6-7,382019,,,,,new_or_renewal,https://www.city.matsuyama.ehime.jp/shisei/opendata/metadata/shokuhinsinki.files/shokuhinsinki.xlsx,076ab31512db6c0d16c1b33f07ef1bd543cdc99cc8d394f932db4b2b7560bd84,official_current_rolling_workbook,2025-08,new,d08643e0231406b31f741f4f,True
松山市,2025-08,第529号,2025-08-07,2025-08-07,2030-09-30,飲食店営業,からあげ本舗　雄郡店,松山市和泉北1丁目15-15,382019,,,,,new_or_renewal,https://www.city.matsuyama.ehime.jp/shisei/opendata/metadata/shokuhinsinki.files/shokuhinsinki.xlsx,076ab31512db6c0d16c1b33f07ef1bd543cdc99cc8d394f932db4b2b7560bd84,official_current_rolling_workbook,2025-08,new,0b8b6537b7b40501a7f36e7d,True
松山市,2025-08,第523号,2025-08-08,2025-08-08,2030-09-30,菓子製造業,紅掛空色,松山市小坂3丁目1-3ポニービル201,382019,,,,,new_or_renewal,https://www.city.matsuyama.ehime.jp/shisei/opendata/metadata/shokuhinsinki.files/shokuhinsinki.xlsx,076ab31512db6c0d16c1b33f07ef1bd543cdc99cc8d394f932db4b2b7560bd84,official_current_rolling_workbook,2025-08,new,909989972a5b8024f0254889,False
松山市,2025-08,第524号,2025-08-08,2025-08-08,2030-09-30,菓子製造業,花番地,松山市桑原5丁目9-38 花番地 1F,382019,,,,,new_or_renewal,https://www.city.matsuyama.ehime.jp/shisei/opendata/metadata/shokuhinsinki.files/shokuhinsinki.xlsx,076ab31512db6c0d16c1b33f07ef1bd543cdc99cc8d394f932db4b2b7560bd84,official_current_rolling_workbook,2025-08,new,69b6b3f970f8a67112725516,False
松山市,2025-08,第525号,2025-08-08,2025-08-08,2030-09-30,飲食店営業,魅惑のアイス DOGO SHIRO,松山市道後樋又1-31,382019,,,,,new_or_renewal,https://www.city.matsuyama.ehime.jp/shisei/opendata/metadata/shokuhinsinki.files/shokuhinsinki.xlsx,076ab31512db6c0d16c1b33f07ef1bd543cdc99cc8d394f932db4b2b7560bd84,official_current_rolling_workbook,2025-08,new,fc22e7be6dc07877ca988a21,True
松山市,2025-08,第530号,2025-08-12,2025-08-12,2030-09-30,菓子製造業,かざはや工房　結,松山市下難波乙145,382019,,,,,new_or_renewal,https://www.city.matsuyama.ehime.jp/shisei/opendata/metadata/shokuhinsinki.files/shokuhinsinki.xlsx,076ab31512db6c0d16c1b33f07ef1bd543cdc99cc8d394f932db4b2b7560bd84,official_current_rolling_workbook,2025-08,new,44a640d8c40f4b041af0f918,False
松山市,2025-08,第531号,2025-08-13,2025-08-13,2030-09-30,菓子製造業,いよてつ髙島屋　地階東エスカレーター横特設会場　菓子舗やまごえ,松山市湊町5丁目1-1株式会社　伊予鉄髙島屋　地階,382019,,,,,new_or_renewal,https://www.city.matsuyama.ehime.jp/shisei/opendata/metadata/shokuhinsinki.files/shokuhinsinki.xlsx,076ab31512db6c0d16c1b33f07ef1bd543cdc99cc8d394f932db4b2b7560bd84,official_current_rolling_workbook,2025-08,new,ceabe70574e547fd792d7e82,False
松山市,2025-08,第532号,2025-08-13,2025-08-13,2030-09-30,飲食店営業,ARGANT,松山市二番町2丁目5-15ARGANT椿ビル2F,382019,,,,,new_or_renewal,https://www.city.matsuyama.ehime.jp/shisei/opendata/metadata/shokuhinsinki.files/shokuhinsinki.xlsx,076ab31512db6c0d16c1b33f07ef1bd543cdc99cc8d394f932db4b2b7560bd84,official_current_rolling_workbook,2025-08,new,3ec05e30ea296405a9294c61,True
松山市,2025-08,第533号,2025-08-13,2025-08-13,2030-09-30,飲食店営業,BAR セニョリータ,松山市二番町1丁目2-7ライルビル2F,382019,,,,,new_or_renewal,https://www.city.matsuyama.ehime.jp/shisei/opendata/metadata/shokuhinsinki.files/shokuhinsinki.xlsx,076ab31512db6c0d16c1b33f07ef1bd543cdc99cc8d394f932db4b2b7560bd84,official_current_rolling_workbook,2025-08,new,40343205d3ef484c0570794e,True
松山市,2025-08,第534号,2025-08-13,2025-08-13,2030-09-30,飲食店営業,HOTEL AZ 愛媛松山西店,松山市祓川2丁目12-18 1F,382019,,,,,new_or_renewal,https://www.city.matsuyama.ehime.jp/shisei/opendata/metadata/shokuhinsinki.files/shokuhinsinki.xlsx,076ab31512db6c0d16c1b33f07ef1bd543cdc99cc8d394f932db4b2b7560bd84,official_current_rolling_workbook,2025-08,new,176c246d76043d9ebb8a74f6,True
松山市,2025-08,第535号,2025-08-13,2025-08-13,2030-09-30,飲食店営業,日本郵政グループ松山ビル食堂,松山市宮田町8-5 1F,382019,,,,,new_or_renewal,https://www.city.matsuyama.ehime.jp/shisei/opendata/metadata/shokuhinsinki.files/shokuhinsinki.xlsx,076ab31512db6c0d16c1b33f07ef1bd543cdc99cc8d394f932db4b2b7560bd84,official_current_rolling_workbook,2025-08,new,87e69da4c88ba504557f4ce1,True
松山市,2025-08,第536号,2025-08-13,2025-08-13,2030-09-30,飲食店営業,Nobu　Cafe,松山市藤野町甲184,382019,,,,,new_or_renewal,https://www.city.matsuyama.ehime.jp/shisei/opendata/metadata/shokuhinsinki.files/shokuhinsinki.xlsx,076ab31512db6c0d16c1b33f07ef1bd543cdc99cc8d394f932db4b2b7560bd84,official_current_rolling_workbook,2025-08,new,078118b60f8f68667709dbd6,True
松山市,2025-08,第537号,2025-08-13,2025-08-13,2030-09-30,飲食店営業,ぱる Cafe ＆ Dog run,松山市中西外1028-1,382019,,,,,new_or_renewal,https://www.city.matsuyama.ehime.jp/shisei/opendata/metadata/shokuhinsinki.files/shokuhinsinki.xlsx,076ab31512db6c0d16c1b33f07ef1bd543cdc99cc8d394f932db4b2b7560bd84,official_current_rolling_workbook,2025-08,new,1dbf998000f688812502b1aa,True
松山市,2025-08,第538号,2025-08-13,2025-08-13,2030-09-30,飲食店営業,六さや,松山市三津2丁目12-1,382019,,,,,new_or_renewal,https://www.city.matsuyama.ehime.jp/shisei/opendata/metadata/shokuhinsinki.files/shokuhinsinki.xlsx,076ab31512db6c0d16c1b33f07ef1bd543cdc99cc8d394f932db4b2b7560bd84,official_current_rolling_workbook,2025-08,new,d830c65a85e88d330b18e04e,True
松山市,2025-08,第539号,2025-08-15,2025-08-15,2030-09-30,飲食店営業,2525　nico-nico,松山市二番町1丁目4-9二番町CITYビル203号,382019,,,,,new_or_renewal,https://www.city.matsuyama.ehime.jp/shisei/opendata/metadata/shokuhinsinki.files/shokuhinsinki.xlsx,076ab31512db6c0d16c1b33f07ef1bd543cdc99cc8d394f932db4b2b7560bd84,official_current_rolling_workbook,2025-08,new,29ad8a977c3791aac9e9a45e,True
松山市,2025-08,第540号,2025-08-15,2025-08-15,2030-09-30,飲食店営業,おばんざいバルまちあわせ,松山市二番町1丁目2-4松木テナント東側,382019,,,,,new_or_renewal,https://www.city.matsuyama.ehime.jp/shisei/opendata/metadata/shokuhinsinki.files/shokuhinsinki.xlsx,076ab31512db6c0d16c1b33f07ef1bd543cdc99cc8d394f932db4b2b7560bd84,official_current_rolling_workbook,2025-08,new,21f409b128e2603a63f5056f,True
松山市,2025-08,第541号,2025-08-15,2025-08-15,2030-09-30,飲食店営業,koyori,松山市二番町4丁目2ｰ1二番町ビル　303号室,382019,,,,,new_or_renewal,https://www.city.matsuyama.ehime.jp/shisei/opendata/metadata/shokuhinsinki.files/shokuhinsinki.xlsx,076ab31512db6c0d16c1b33f07ef1bd543cdc99cc8d394f932db4b2b7560bd84,official_current_rolling_workbook,2025-08,new,6668a491813a719b999d984c,True
松山市,2025-08,第546号,2025-08-15,2025-08-15,2030-09-30,飲食店営業,宇和海,松山市三番町4丁目6-20廣瀬ビル1F,382019,,,,,new_or_renewal,https://www.city.matsuyama.ehime.jp/shisei/opendata/metadata/shokuhinsinki.files/shokuhinsinki.xlsx,076ab31512db6c0d16c1b33f07ef1bd543cdc99cc8d394f932db4b2b7560bd84,official_current_rolling_workbook,2025-08,new,fd6be0da8e210a6e80cc90ee,True
松山市,2025-08,第542号,2025-08-18,2025-08-18,2030-09-30,飲食店営業,金豚雲,松山市久米窪田町682-9,382019,,,,,new_or_renewal,https://www.city.matsuyama.ehime.jp/shisei/opendata/metadata/shokuhinsinki.files/shokuhinsinki.xlsx,076ab31512db6c0d16c1b33f07ef1bd543cdc99cc8d394f932db4b2b7560bd84,official_current_rolling_workbook,2025-08,new,f6aab7d622dc0c54a1c62c27,True
松山市,2025-08,第543号,2025-08-18,2025-08-18,2030-09-30,飲食店営業,BAR TORA,松山市二番町1丁目5-30 古唐人ANEX 1F,382019,,,,,new_or_renewal,https://www.city.matsuyama.ehime.jp/shisei/opendata/metadata/shokuhinsinki.files/shokuhinsinki.xlsx,076ab31512db6c0d16c1b33f07ef1bd543cdc99cc8d394f932db4b2b7560bd84,official_current_rolling_workbook,2025-08,new,050f649043bb419a9716fc70,True
松山市,2025-08,第544号,2025-08-18,2025-08-18,2030-09-30,そうざい製造業,配達弁当　くりむぞん,松山市古三津2丁目2-7,382019,,,,,new_or_renewal,https://www.city.matsuyama.ehime.jp/shisei/opendata/metadata/shokuhinsinki.files/shokuhinsinki.xlsx,076ab31512db6c0d16c1b33f07ef1bd543cdc99cc8d394f932db4b2b7560bd84,official_current_rolling_workbook,2025-08,new,ab3021ff47631c2a564e77b8,False
松山市,2025-08,第545号,2025-08-18,2025-08-18,2030-09-30,飲食店営業,うどん　多磨屋,松山市会津町1-1（JR三津浜駅内）,382019,,,,,new_or_renewal,https://www.city.matsuyama.ehime.jp/shisei/opendata/metadata/shokuhinsinki.files/shokuhinsinki.xlsx,076ab31512db6c0d16c1b33f07ef1bd543cdc99cc8d394f932db4b2b7560bd84,official_current_rolling_workbook,2025-08,new,d588e1bc65c251bf7da80477,True
松山市,2025-08,第547号,2025-08-18,2025-08-18,2030-09-30,菓子製造業,ユロ,松山市石風呂町42 1F,382019,,,,,new_or_renewal,https://www.city.matsuyama.ehime.jp/shisei/opendata/metadata/shokuhinsinki.files/shokuhinsinki.xlsx,076ab31512db6c0d16c1b33f07ef1bd543cdc99cc8d394f932db4b2b7560bd84,official_current_rolling_workbook,2025-08,new,3c5b35edaf6dab617aeb3fa3,False
松山市,2025-08,第548号,2025-08-18,2025-08-18,2030-09-30,飲食店営業,BASIC ONE D.pocket,松山市三番町2丁目10-10スカイタワービル2F,382019,,,,,new_or_renewal,https://www.city.matsuyama.ehime.jp/shisei/opendata/metadata/shokuhinsinki.files/shokuhinsinki.xlsx,076ab31512db6c0d16c1b33f07ef1bd543cdc99cc8d394f932db4b2b7560bd84,official_current_rolling_workbook,2025-08,new,63704deccc319ba9369daf8c,True
松山市,2025-08,第549号,2025-08-18,2025-08-18,2030-09-30,食肉販売業,マルナカ北条店,松山市下難波甲227-2,382019,,,,,new_or_renewal,https://www.city.matsuyama.ehime.jp/shisei/opendata/metadata/shokuhinsinki.files/shokuhinsinki.xlsx,076ab31512db6c0d16c1b33f07ef1bd543cdc99cc8d394f932db4b2b7560bd84,official_current_rolling_workbook,2025-08,new,41aadfd34a7083b86f4cc65f,False
松山市,2025-08,第550号,2025-08-18,2025-08-18,2030-09-30,飲食店営業,マルナカ北条店,松山市下難波甲227-2,382019,,,,,new_or_renewal,https://www.city.matsuyama.ehime.jp/shisei/opendata/metadata/shokuhinsinki.files/shokuhinsinki.xlsx,076ab31512db6c0d16c1b33f07ef1bd543cdc99cc8d394f932db4b2b7560bd84,official_current_rolling_workbook,2025-08,new,7a13cb01e42744e4a62238c5,True
松山市,2025-08,第551号,2025-08-18,2025-08-18,2030-09-30,飲食店営業,マルナカ北条店（魚惣菜）,松山市下難波甲227-2,382019,,,,,new_or_renewal,https://www.city.matsuyama.ehime.jp/shisei/opendata/metadata/shokuhinsinki.files/shokuhinsinki.xlsx,076ab31512db6c0d16c1b33f07ef1bd543cdc99cc8d394f932db4b2b7560bd84,official_current_rolling_workbook,2025-08,new,23ffcbe4df428f22120afaea,True
松山市,2025-08,第552号,2025-08-18,2025-08-18,2030-09-30,飲食店営業,マルナカ北条店（焼魚）,松山市下難波甲227-2,382019,,,,,new_or_renewal,https://www.city.matsuyama.ehime.jp/shisei/opendata/metadata/shokuhinsinki.files/shokuhinsinki.xlsx,076ab31512db6c0d16c1b33f07ef1bd543cdc99cc8d394f932db4b2b7560bd84,official_current_rolling_workbook,2025-08,new,50f1ff36b75a7e08ed7acb74,True
松山市,2025-08,第553号,2025-08-18,2025-08-18,2030-09-30,魚介類販売業,マルナカ北条店,松山市下難波甲227-2,382019,,,,,new_or_renewal,https://www.city.matsuyama.ehime.jp/shisei/opendata/metadata/shokuhinsinki.files/shokuhinsinki.xlsx,076ab31512db6c0d16c1b33f07ef1bd543cdc99cc8d394f932db4b2b7560bd84,official_current_rolling_workbook,2025-08,new,52a0801adca20891262575f2,False
松山市,2025-08,第554号,2025-08-19,2025-08-19,2030-09-30,菓子製造業,サムズファーム,松山市堀江町2278-3,382019,,,,,new_or_renewal,https://www.city.matsuyama.ehime.jp/shisei/opendata/metadata/shokuhinsinki.files/shokuhinsinki.xlsx,076ab31512db6c0d16c1b33f07ef1bd543cdc99cc8d394f932db4b2b7560bd84,official_current_rolling_workbook,2025-08,new,e18170f173f8345978f661f4,False
松山市,2025-08,第555号,2025-08-19,2025-08-19,2030-09-30,飲食店営業,丸亀製麺松山六軒家町,松山市六軒家町3-35,382019,,,,,new_or_renewal,https://www.city.matsuyama.ehime.jp/shisei/opendata/metadata/shokuhinsinki.files/shokuhinsinki.xlsx,076ab31512db6c0d16c1b33f07ef1bd543cdc99cc8d394f932db4b2b7560bd84,official_current_rolling_workbook,2025-08,new,6023ccfc0be9285c77ded028,True
松山市,2025-08,第556号,2025-08-20,2025-08-20,2030-09-30,菓子製造業,山のパン屋,松山市東川町乙44-7,382019,,,,,new_or_renewal,https://www.city.matsuyama.ehime.jp/shisei/opendata/metadata/shokuhinsinki.files/shokuhinsinki.xlsx,076ab31512db6c0d16c1b33f07ef1bd543cdc99cc8d394f932db4b2b7560bd84,official_current_rolling_workbook,2025-08,new,c4ce09cbeff0df2e827e7bc8,False
松山市,2025-08,第557号,2025-08-20,2025-08-20,2030-09-30,飲食店営業,ホットダックス,松山市保健所管内,382019,,,,,new_or_renewal,https://www.city.matsuyama.ehime.jp/shisei/opendata/metadata/shokuhinsinki.files/shokuhinsinki.xlsx,076ab31512db6c0d16c1b33f07ef1bd543cdc99cc8d394f932db4b2b7560bd84,official_current_rolling_workbook,2025-08,new,32b380a0678133446d8d241c,True
松山市,2025-08,第558号,2025-08-20,2025-08-20,2030-09-30,飲食店営業,アルム,松山市二番町2丁目7-3 第一内海ビル3F,382019,,,,,new_or_renewal,https://www.city.matsuyama.ehime.jp/shisei/opendata/metadata/shokuhinsinki.files/shokuhinsinki.xlsx,076ab31512db6c0d16c1b33f07ef1bd543cdc99cc8d394f932db4b2b7560bd84,official_current_rolling_workbook,2025-08,new,c303b87f517c8aaabdeeacec,True
松山市,2025-08,第559号,2025-08-20,2025-08-20,2030-09-30,飲食店営業,ギャラリー吉川,松山市三津1丁目2-25,382019,,,,,new_or_renewal,https://www.city.matsuyama.ehime.jp/shisei/opendata/metadata/shokuhinsinki.files/shokuhinsinki.xlsx,076ab31512db6c0d16c1b33f07ef1bd543cdc99cc8d394f932db4b2b7560bd84,official_current_rolling_workbook,2025-08,new,a5eebcc599d93bf8e54106b0,True
松山市,2025-08,第560号,2025-08-20,2025-08-20,2030-09-30,飲食店営業,PACO ra CLUB,松山市二番町1丁目4-9 2番町CITYビル104号,382019,,,,,new_or_renewal,https://www.city.matsuyama.ehime.jp/shisei/opendata/metadata/shokuhinsinki.files/shokuhinsinki.xlsx,076ab31512db6c0d16c1b33f07ef1bd543cdc99cc8d394f932db4b2b7560bd84,official_current_rolling_workbook,2025-08,new,8ceb099e5a41d0f1e16a7636,True
松山市,2025-08,第561号,2025-08-20,2025-08-20,2030-09-30,飲食店営業,旬味楽　八神,松山市南吉田町380-1,382019,,,,,new_or_renewal,https://www.city.matsuyama.ehime.jp/shisei/opendata/metadata/shokuhinsinki.files/shokuhinsinki.xlsx,076ab31512db6c0d16c1b33f07ef1bd543cdc99cc8d394f932db4b2b7560bd84,official_current_rolling_workbook,2025-08,new,5f66d0f0d59e0e7b71579caa,True
松山市,2025-08,第562号,2025-08-20,2025-08-20,2030-09-30,飲食店営業,すし処　聡一郎,松山市一番町1丁目3-7丸西ビル1F,382019,,,,,new_or_renewal,https://www.city.matsuyama.ehime.jp/shisei/opendata/metadata/shokuhinsinki.files/shokuhinsinki.xlsx,076ab31512db6c0d16c1b33f07ef1bd543cdc99cc8d394f932db4b2b7560bd84,official_current_rolling_workbook,2025-08,new,80bf6c3f717b67db87520ff2,True
松山市,2025-08,第563号,2025-08-20,2025-08-20,2030-09-30,飲食店営業,華会,松山市竹原2丁目1-9　神野ビル東1F,382019,,,,,new_or_renewal,https://www.city.matsuyama.ehime.jp/shisei/opendata/metadata/shokuhinsinki.files/shokuhinsinki.xlsx,076ab31512db6c0d16c1b33f07ef1bd543cdc99cc8d394f932db4b2b7560bd84,official_current_rolling_workbook,2025-08,new,c6647240e829e63979fc9b8e,True
松山市,2025-08,第564号,2025-08-20,2025-08-20,2030-09-30,飲食店営業,名代　つるちゃん,松山市湊町5丁目1-1 株式会社　伊予鉄髙島屋　8F,382019,,,,,new_or_renewal,https://www.city.matsuyama.ehime.jp/shisei/opendata/metadata/shokuhinsinki.files/shokuhinsinki.xlsx,076ab31512db6c0d16c1b33f07ef1bd543cdc99cc8d394f932db4b2b7560bd84,official_current_rolling_workbook,2025-08,new,5e349ddfde3f60eccfc36ed2,True
松山市,2025-08,第565号,2025-08-20,2025-08-20,2030-09-30,飲食店営業,小椋,松山市湊町5丁目1-1 株式会社　伊予鉄髙島屋　9Ｆ,382019,,,,,new_or_renewal,https://www.city.matsuyama.ehime.jp/shisei/opendata/metadata/shokuhinsinki.files/shokuhinsinki.xlsx,076ab31512db6c0d16c1b33f07ef1bd543cdc99cc8d394f932db4b2b7560bd84,official_current_rolling_workbook,2025-08,new,0070a110b1306513dd36893b,True
松山市,2025-08,第566号,2025-08-20,2025-08-20,2030-09-30,飲食店営業,GRIT（EBダイバーズ）,松山市余戸南2丁目23-7,382019,,,,,new_or_renewal,https://www.city.matsuyama.ehime.jp/shisei/opendata/metadata/shokuhinsinki.files/shokuhinsinki.xlsx,076ab31512db6c0d16c1b33f07ef1bd543cdc99cc8d394f932db4b2b7560bd84,official_current_rolling_workbook,2025-08,new,7775fda96ffebac1a4206d7a,True
松山市,2025-08,第567号,2025-08-21,2025-08-21,2030-09-30,菓子製造業,どうごのパン屋,松山市岩崎町2丁目8-22,382019,,,,,new_or_renewal,https://www.city.matsuyama.ehime.jp/shisei/opendata/metadata/shokuhinsinki.files/shokuhinsinki.xlsx,076ab31512db6c0d16c1b33f07ef1bd543cdc99cc8d394f932db4b2b7560bd84,official_current_rolling_workbook,2025-08,new,20971f268282bcb8815bdbe2,False
松山市,2025-08,第568号,2025-08-21,2025-08-21,2030-09-30,飲食店営業,焼鳥てんやわんや久万ノ台店,松山市久万ノ台710-12,382019,,,,,new_or_renewal,https://www.city.matsuyama.ehime.jp/shisei/opendata/metadata/shokuhinsinki.files/shokuhinsinki.xlsx,076ab31512db6c0d16c1b33f07ef1bd543cdc99cc8d394f932db4b2b7560bd84,official_current_rolling_workbook,2025-08,new,c52eca7c0466c902818c3f55,True
松山市,2025-08,第569号,2025-08-21,2025-08-21,2030-09-30,飲食店営業,馳走宇和海がいや丸,松山市衣山1丁目188パルティ・フジ衣山,382019,,,,,new_or_renewal,https://www.city.matsuyama.ehime.jp/shisei/opendata/metadata/shokuhinsinki.files/shokuhinsinki.xlsx,076ab31512db6c0d16c1b33f07ef1bd543cdc99cc8d394f932db4b2b7560bd84,official_current_rolling_workbook,2025-08,new,b91547c86b1638b411f6dbcf,True
松山市,2025-08,第570号,2025-08-22,2025-08-22,2030-09-30,飲食店営業,南商事,松山市東垣生町105番地,382019,,,,,new_or_renewal,https://www.city.matsuyama.ehime.jp/shisei/opendata/metadata/shokuhinsinki.files/shokuhinsinki.xlsx,076ab31512db6c0d16c1b33f07ef1bd543cdc99cc8d394f932db4b2b7560bd84,official_current_rolling_workbook,2025-08,new,c197863b920deb668d30aac2,True
松山市,2025-08,第582号,2025-08-22,2025-08-22,2030-09-30,飲食店営業,ＢＯＵＬＥＶＡＲＤ,松山市三番町3丁目2-6,382019,,,,,new_or_renewal,https://www.city.matsuyama.ehime.jp/shisei/opendata/metadata/shokuhinsinki.files/shokuhinsinki.xlsx,076ab31512db6c0d16c1b33f07ef1bd543cdc99cc8d394f932db4b2b7560bd84,official_current_rolling_workbook,2025-08,new,a28de197f66b66f35916eed6,True
松山市,2025-08,第583号,2025-08-22,2025-08-22,2030-09-30,飲食店営業,(有)M＆M　セントラルキッチン,松山市東垣生町905-1,382019,,,,,new_or_renewal,https://www.city.matsuyama.ehime.jp/shisei/opendata/metadata/shokuhinsinki.files/shokuhinsinki.xlsx,076ab31512db6c0d16c1b33f07ef1bd543cdc99cc8d394f932db4b2b7560bd84,official_current_rolling_workbook,2025-08,new,d6cf4cd03af69ede9391a338,True
松山市,2025-08,第584号,2025-08-22,2025-08-22,2030-09-30,飲食店営業,HARUNA,松山市二番町2丁目3-3,382019,,,,,new_or_renewal,https://www.city.matsuyama.ehime.jp/shisei/opendata/metadata/shokuhinsinki.files/shokuhinsinki.xlsx,076ab31512db6c0d16c1b33f07ef1bd543cdc99cc8d394f932db4b2b7560bd84,official_current_rolling_workbook,2025-08,new,197a89f7a337482a668ff475,True
松山市,2025-08,第585号,2025-08-22,2025-08-22,2030-09-30,飲食店営業,夢の家本店,松山市二番町3丁目3-1　ビリケンビル1F,382019,,,,,new_or_renewal,https://www.city.matsuyama.ehime.jp/shisei/opendata/metadata/shokuhinsinki.files/shokuhinsinki.xlsx,076ab31512db6c0d16c1b33f07ef1bd543cdc99cc8d394f932db4b2b7560bd84,official_current_rolling_workbook,2025-08,new,3ffd1a2a19dae1ef72729b91,True
松山市,2025-08,第586号,2025-08-22,2025-08-22,2030-09-30,飲食店営業,夢の家　HANARE,松山市三番町3丁目1-14　吉田ビル1F,382019,,,,,new_or_renewal,https://www.city.matsuyama.ehime.jp/shisei/opendata/metadata/shokuhinsinki.files/shokuhinsinki.xlsx,076ab31512db6c0d16c1b33f07ef1bd543cdc99cc8d394f932db4b2b7560bd84,official_current_rolling_workbook,2025-08,new,dd9a018eb2191eda73b1eaf3,True
松山市,2025-08,第571号,2025-08-25,2025-08-25,2030-09-30,飲食店営業,Bar ゆにてぃー,松山市大街道2丁目2-8モスリン館301,382019,,,,,new_or_renewal,https://www.city.matsuyama.ehime.jp/shisei/opendata/metadata/shokuhinsinki.files/shokuhinsinki.xlsx,076ab31512db6c0d16c1b33f07ef1bd543cdc99cc8d394f932db4b2b7560bd84,official_current_rolling_workbook,2025-08,new,7e10b156e945c13dcaf44f1d,True
松山市,2025-08,第572号,2025-08-25,2025-08-25,2030-09-30,飲食店営業,セブン-イレブン松山千舟町6丁目店,松山市千舟町6丁目2-7,382019,,,,,new_or_renewal,https://www.city.matsuyama.ehime.jp/shisei/opendata/metadata/shokuhinsinki.files/shokuhinsinki.xlsx,076ab31512db6c0d16c1b33f07ef1bd543cdc99cc8d394f932db4b2b7560bd84,official_current_rolling_workbook,2025-08,new,8ffbd5e5a517f962831bc27a,True
松山市,2025-08,第573号,2025-08-25,2025-08-25,2030-09-30,飲食店営業,bar FLORISSA,松山市三番町1丁目16-19井口ビル2F,382019,,,,,new_or_renewal,https://www.city.matsuyama.ehime.jp/shisei/opendata/metadata/shokuhinsinki.files/shokuhinsinki.xlsx,076ab31512db6c0d16c1b33f07ef1bd543cdc99cc8d394f932db4b2b7560bd84,official_current_rolling_workbook,2025-08,new,e18a6c4d1f1baecb1ef6f04e,True
松山市,2025-08,第574号,2025-08-25,2025-08-25,2030-09-30,飲食店営業,会員制　八々,松山市二番町2丁目7-23No6ミツワビル2F A号,382019,,,,,new_or_renewal,https://www.city.matsuyama.ehime.jp/shisei/opendata/metadata/shokuhinsinki.files/shokuhinsinki.xlsx,076ab31512db6c0d16c1b33f07ef1bd543cdc99cc8d394f932db4b2b7560bd84,official_current_rolling_workbook,2025-08,new,b9d0afaf951d122f2189e510,True
松山市,2025-08,第575号,2025-08-25,2025-08-25,2030-09-30,飲食店営業,松山聖陵高等学校学生食堂,松山市久万ノ台1112学校法人 松山聖陵学園内,382019,,,,,new_or_renewal,https://www.city.matsuyama.ehime.jp/shisei/opendata/metadata/shokuhinsinki.files/shokuhinsinki.xlsx,076ab31512db6c0d16c1b33f07ef1bd543cdc99cc8d394f932db4b2b7560bd84,official_current_rolling_workbook,2025-08,new,c04e52f53b6f8e4fb1383deb,True
松山市,2025-08,第576号,2025-08-25,2025-08-25,2030-09-30,飲食店営業,感食堂,松山市河野別府519,382019,,,,,new_or_renewal,https://www.city.matsuyama.ehime.jp/shisei/opendata/metadata/shokuhinsinki.files/shokuhinsinki.xlsx,076ab31512db6c0d16c1b33f07ef1bd543cdc99cc8d394f932db4b2b7560bd84,official_current_rolling_workbook,2025-08,new,141830dda47cf0f1f33fdd09,True
松山市,2025-08,第587号,2025-08-25,2025-08-25,2030-09-30,飲食店営業,Home,松山市三番町2丁目5-18　三栄ビル2F西,382019,,,,,new_or_renewal,https://www.city.matsuyama.ehime.jp/shisei/opendata/metadata/shokuhinsinki.files/shokuhinsinki.xlsx,076ab31512db6c0d16c1b33f07ef1bd543cdc99cc8d394f932db4b2b7560bd84,official_current_rolling_workbook,2025-08,new,e056e14fb83225ef776ddf71,True
松山市,2025-08,第588号,2025-08-25,2025-08-25,2030-09-30,飲食店営業,LEZARD,松山市三番町1丁目10-15相原ビル205号室,382019,,,,,new_or_renewal,https://www.city.matsuyama.ehime.jp/shisei/opendata/metadata/shokuhinsinki.files/shokuhinsinki.xlsx,076ab31512db6c0d16c1b33f07ef1bd543cdc99cc8d394f932db4b2b7560bd84,official_current_rolling_workbook,2025-08,new,a907e2b3fee9256dd7cb991a,True
松山市,2025-08,第589号,2025-08-25,2025-08-25,2030-09-30,菓子製造業,パン工房　MIZOBE,松山市土居田町720八束ハイツ1F,382019,,,,,new_or_renewal,https://www.city.matsuyama.ehime.jp/shisei/opendata/metadata/shokuhinsinki.files/shokuhinsinki.xlsx,076ab31512db6c0d16c1b33f07ef1bd543cdc99cc8d394f932db4b2b7560bd84,official_current_rolling_workbook,2025-08,new,113dcefcb86a5725d85156cd,False
松山市,2025-08,第590号,2025-08-25,2025-08-25,2030-09-30,飲食店営業,日清医療食品株式会社　ドマーニ事業所,松山市小栗2丁目3-5,382019,,,,,new_or_renewal,https://www.city.matsuyama.ehime.jp/shisei/opendata/metadata/shokuhinsinki.files/shokuhinsinki.xlsx,076ab31512db6c0d16c1b33f07ef1bd543cdc99cc8d394f932db4b2b7560bd84,official_current_rolling_workbook,2025-08,new,ea2e091cbcf5f2ef2af5c81f,True
松山市,2025-08,第591号,2025-08-25,2025-08-25,2030-09-30,菓子製造業,まるおき。,松山市祓川1丁目2-4　1F,382019,,,,,new_or_renewal,https://www.city.matsuyama.ehime.jp/shisei/opendata/metadata/shokuhinsinki.files/shokuhinsinki.xlsx,076ab31512db6c0d16c1b33f07ef1bd543cdc99cc8d394f932db4b2b7560bd84,official_current_rolling_workbook,2025-08,new,b6799e18d5e04f5c4df461ee,False
松山市,2025-08,第592号,2025-08-25,2025-08-25,2030-09-30,菓子製造業,コハイト,松山市北斎院町905‐３　1F,382019,,,,,new_or_renewal,https://www.city.matsuyama.ehime.jp/shisei/opendata/metadata/shokuhinsinki.files/shokuhinsinki.xlsx,076ab31512db6c0d16c1b33f07ef1bd543cdc99cc8d394f932db4b2b7560bd84,official_current_rolling_workbook,2025-08,new,ac7a6b89bf48e5b73a9b05aa,False
松山市,2025-08,第593号,2025-08-25,2025-08-25,2030-09-30,飲食店営業,猫カフェ　ロンロン,松山市大街道1丁目5-9 双葉屋ビル2F,382019,,,,,new_or_renewal,https://www.city.matsuyama.ehime.jp/shisei/opendata/metadata/shokuhinsinki.files/shokuhinsinki.xlsx,076ab31512db6c0d16c1b33f07ef1bd543cdc99cc8d394f932db4b2b7560bd84,official_current_rolling_workbook,2025-08,new,5a869a70bed8f7b6545e3218,True
松山市,2025-08,第594号,2025-08-25,2025-08-25,2030-09-30,飲食店営業,もも太郎,松山市二番町1丁目5-3古唐人星館4F,382019,,,,,new_or_renewal,https://www.city.matsuyama.ehime.jp/shisei/opendata/metadata/shokuhinsinki.files/shokuhinsinki.xlsx,076ab31512db6c0d16c1b33f07ef1bd543cdc99cc8d394f932db4b2b7560bd84,official_current_rolling_workbook,2025-08,new,e9d893698bcc7f6929cbb7e5,True
松山市,2025-08,第595号,2025-08-25,2025-08-25,2030-09-30,飲食店営業,凜香,松山市二番町1丁目9-14ラフォーレ202 3F 301号室,382019,,,,,new_or_renewal,https://www.city.matsuyama.ehime.jp/shisei/opendata/metadata/shokuhinsinki.files/shokuhinsinki.xlsx,076ab31512db6c0d16c1b33f07ef1bd543cdc99cc8d394f932db4b2b7560bd84,official_current_rolling_workbook,2025-08,new,bb85102abf4fefa06780f31e,True
松山市,2025-08,第596号,2025-08-25,2025-08-25,2030-09-30,飲食店営業,セブン-イレブン松山湯渡町店,松山市湯渡町11-33,382019,,,,,new_or_renewal,https://www.city.matsuyama.ehime.jp/shisei/opendata/metadata/shokuhinsinki.files/shokuhinsinki.xlsx,076ab31512db6c0d16c1b33f07ef1bd543cdc99cc8d394f932db4b2b7560bd84,official_current_rolling_workbook,2025-08,new,5a3af664524caf1fea8360dc,True
松山市,2025-08,第597号,2025-08-25,2025-08-25,2030-09-30,菓子製造業,シャトレーゼ松山北店,松山市安城寺町968-1,382019,,,,,new_or_renewal,https://www.city.matsuyama.ehime.jp/shisei/opendata/metadata/shokuhinsinki.files/shokuhinsinki.xlsx,076ab31512db6c0d16c1b33f07ef1bd543cdc99cc8d394f932db4b2b7560bd84,official_current_rolling_workbook,2025-08,new,c6e8d8e7bd34decce8852a29,False
松山市,2025-08,第598号,2025-08-25,2025-08-25,2030-09-30,飲食店営業,乃み助,松山市北立花町101-13,382019,,,,,new_or_renewal,https://www.city.matsuyama.ehime.jp/shisei/opendata/metadata/shokuhinsinki.files/shokuhinsinki.xlsx,076ab31512db6c0d16c1b33f07ef1bd543cdc99cc8d394f932db4b2b7560bd84,official_current_rolling_workbook,2025-08,new,c97fa1ca2bf8859383f3bed7,True
松山市,2025-08,第599号,2025-08-25,2025-08-25,2030-09-30,食肉販売業,乃み助,松山市北立花町101-13,382019,,,,,new_or_renewal,https://www.city.matsuyama.ehime.jp/shisei/opendata/metadata/shokuhinsinki.files/shokuhinsinki.xlsx,076ab31512db6c0d16c1b33f07ef1bd543cdc99cc8d394f932db4b2b7560bd84,official_current_rolling_workbook,2025-08,new,e047d9362814e4a854a24450,False
松山市,2025-08,第600号,2025-08-25,2025-08-25,2030-09-30,飲食店営業,横浜家系ラーメン　黒帯,松山市本町6丁目2-12ザイオンビル1F,382019,,,,,new_or_renewal,https://www.city.matsuyama.ehime.jp/shisei/opendata/metadata/shokuhinsinki.files/shokuhinsinki.xlsx,076ab31512db6c0d16c1b33f07ef1bd543cdc99cc8d394f932db4b2b7560bd84,official_current_rolling_workbook,2025-08,new,2c9d140dac525f12f4e70f42,True
松山市,2025-08,第601号,2025-08-25,2025-08-25,2030-09-30,飲食店営業,ひめばら食堂,松山市姫原3丁目8-42,382019,,,,,new_or_renewal,https://www.city.matsuyama.ehime.jp/shisei/opendata/metadata/shokuhinsinki.files/shokuhinsinki.xlsx,076ab31512db6c0d16c1b33f07ef1bd543cdc99cc8d394f932db4b2b7560bd84,official_current_rolling_workbook,2025-08,new,be6b7ac30fef82771db2b401,True
松山市,2025-08,第577号,2025-08-26,2025-08-26,2030-09-30,飲食店営業,おがぱん,松山市保健所管内,382019,,,,,new_or_renewal,https://www.city.matsuyama.ehime.jp/shisei/opendata/metadata/shokuhinsinki.files/shokuhinsinki.xlsx,076ab31512db6c0d16c1b33f07ef1bd543cdc99cc8d394f932db4b2b7560bd84,official_current_rolling_workbook,2025-08,new,cb9dcc0eef7c5d8fa6cec1e0,True
松山市,2025-08,第602号,2025-08-26,2025-08-26,2030-09-30,飲食店営業,黑船,松山市三番町3丁目6-19,382019,,,,,new_or_renewal,https://www.city.matsuyama.ehime.jp/shisei/opendata/metadata/shokuhinsinki.files/shokuhinsinki.xlsx,076ab31512db6c0d16c1b33f07ef1bd543cdc99cc8d394f932db4b2b7560bd84,official_current_rolling_workbook,2025-08,new,5fe3f74e798e6418ac0cadbe,True
松山市,2025-08,第603号,2025-08-26,2025-08-26,2030-09-30,飲食店営業,めんばーず　あじゅり,松山市三番町1丁目10-14第24ミツワビル5F,382019,,,,,new_or_renewal,https://www.city.matsuyama.ehime.jp/shisei/opendata/metadata/shokuhinsinki.files/shokuhinsinki.xlsx,076ab31512db6c0d16c1b33f07ef1bd543cdc99cc8d394f932db4b2b7560bd84,official_current_rolling_workbook,2025-08,new,915962e775e4511c5325e996,True
松山市,2025-08,第604号,2025-08-26,2025-08-26,2030-09-30,飲食店営業,by　ナカガワ　Ⅱ,松山市土橋町7-3キャッスルEYA2,382019,,,,,new_or_renewal,https://www.city.matsuyama.ehime.jp/shisei/opendata/metadata/shokuhinsinki.files/shokuhinsinki.xlsx,076ab31512db6c0d16c1b33f07ef1bd543cdc99cc8d394f932db4b2b7560bd84,official_current_rolling_workbook,2025-08,new,bd59b06ddb88aeb112bd4eae,True
松山市,2025-08,第605号,2025-08-26,2025-08-26,2030-09-30,飲食店営業,Explorer　優帆,松山市三番町2丁目4-16 1F,382019,,,,,new_or_renewal,https://www.city.matsuyama.ehime.jp/shisei/opendata/metadata/shokuhinsinki.files/shokuhinsinki.xlsx,076ab31512db6c0d16c1b33f07ef1bd543cdc99cc8d394f932db4b2b7560bd84,official_current_rolling_workbook,2025-08,new,2d4190c73560237be53cf5ef,True
松山市,2025-08,第606号,2025-08-26,2025-08-26,2030-09-30,飲食店営業,えひめ愛顔の観光物産館,松山市大街道3丁目6-1岡崎産業ビル1F,382019,,,,,new_or_renewal,https://www.city.matsuyama.ehime.jp/shisei/opendata/metadata/shokuhinsinki.files/shokuhinsinki.xlsx,076ab31512db6c0d16c1b33f07ef1bd543cdc99cc8d394f932db4b2b7560bd84,official_current_rolling_workbook,2025-08,new,3aee527fffc19fa2bd4f3ab5,True
松山市,2025-08,第607号,2025-08-26,2025-08-26,2030-09-30,飲食店営業,ニューポカラ,松山市三番町7丁目4-7スズケンビル1F,382019,,,,,new_or_renewal,https://www.city.matsuyama.ehime.jp/shisei/opendata/metadata/shokuhinsinki.files/shokuhinsinki.xlsx,076ab31512db6c0d16c1b33f07ef1bd543cdc99cc8d394f932db4b2b7560bd84,official_current_rolling_workbook,2025-08,new,c6cb73fab4866d7e2be0d5ca,True
松山市,2025-08,第608号,2025-08-26,2025-08-26,2030-09-30,飲食店営業,スナック絹,松山市森松町679,382019,,,,,new_or_renewal,https://www.city.matsuyama.ehime.jp/shisei/opendata/metadata/shokuhinsinki.files/shokuhinsinki.xlsx,076ab31512db6c0d16c1b33f07ef1bd543cdc99cc8d394f932db4b2b7560bd84,official_current_rolling_workbook,2025-08,new,8a638dba76dbb37d048a45b0,True
松山市,2025-08,第609号,2025-08-26,2025-08-26,2030-09-30,飲食店営業,Bar.ヤマモト,松山市河原町1-1山本酒店ビル1F,382019,,,,,new_or_renewal,https://www.city.matsuyama.ehime.jp/shisei/opendata/metadata/shokuhinsinki.files/shokuhinsinki.xlsx,076ab31512db6c0d16c1b33f07ef1bd543cdc99cc8d394f932db4b2b7560bd84,official_current_rolling_workbook,2025-08,new,be2e0e642539129a6df20ced,True
松山市,2025-08,第610号,2025-08-26,2025-08-26,2030-09-30,そうざい製造業,株式会社ナカフードサービス別府工場,松山市別府町1-15,382019,,,,,new_or_renewal,https://www.city.matsuyama.ehime.jp/shisei/opendata/metadata/shokuhinsinki.files/shokuhinsinki.xlsx,076ab31512db6c0d16c1b33f07ef1bd543cdc99cc8d394f932db4b2b7560bd84,official_current_rolling_workbook,2025-08,new,534e54ecc720866c45400ea1,False
松山市,2025-08,第578号,2025-08-27,2025-08-27,2030-09-30,飲食店営業,Road,松山市束本1丁目96-5,382019,,,,,new_or_renewal,https://www.city.matsuyama.ehime.jp/shisei/opendata/metadata/shokuhinsinki.files/shokuhinsinki.xlsx,076ab31512db6c0d16c1b33f07ef1bd543cdc99cc8d394f932db4b2b7560bd84,official_current_rolling_workbook,2025-08,new,99b15c11311c8e1e2202c93e,True
松山市,2025-08,第579号,2025-08-27,2025-08-27,2030-09-30,飲食店営業,柊,松山市二番町1丁目4-9二番町シティービル4F,382019,,,,,new_or_renewal,https://www.city.matsuyama.ehime.jp/shisei/opendata/metadata/shokuhinsinki.files/shokuhinsinki.xlsx,076ab31512db6c0d16c1b33f07ef1bd543cdc99cc8d394f932db4b2b7560bd84,official_current_rolling_workbook,2025-08,new,fae2be5817f20809422d1cca,True
松山市,2025-08,第611号,2025-08-27,2025-08-27,2030-09-30,飲食店営業,ローソン松山天山１丁目店,松山市天山1丁目11-15,382019,,,,,new_or_renewal,https://www.city.matsuyama.ehime.jp/shisei/opendata/metadata/shokuhinsinki.files/shokuhinsinki.xlsx,076ab31512db6c0d16c1b33f07ef1bd543cdc99cc8d394f932db4b2b7560bd84,official_current_rolling_workbook,2025-08,new,26a05c9b5c125bed16682493,True
松山市,2025-08,第612号,2025-08-27,2025-08-27,2030-09-30,飲食店営業,焼肉　自由軒,松山市二番町1丁目1-6自由軒ビル1F,382019,,,,,new_or_renewal,https://www.city.matsuyama.ehime.jp/shisei/opendata/metadata/shokuhinsinki.files/shokuhinsinki.xlsx,076ab31512db6c0d16c1b33f07ef1bd543cdc99cc8d394f932db4b2b7560bd84,official_current_rolling_workbook,2025-08,new,ff90f49ce8ce54574a3d75fd,True
松山市,2025-08,第613号,2025-08-27,2025-08-27,2030-09-30,飲食店営業,sova sova,松山市大街道3丁目2-35,382019,,,,,new_or_renewal,https://www.city.matsuyama.ehime.jp/shisei/opendata/metadata/shokuhinsinki.files/shokuhinsinki.xlsx,076ab31512db6c0d16c1b33f07ef1bd543cdc99cc8d394f932db4b2b7560bd84,official_current_rolling_workbook,2025-08,new,0f4d1e8af30a9f8624d37e17,True
松山市,2025-08,第614号,2025-08-27,2025-08-27,2030-09-30,飲食店営業,ドイツハウス,松山市一番町2丁目8-5一番町武田ビル2F,382019,,,,,new_or_renewal,https://www.city.matsuyama.ehime.jp/shisei/opendata/metadata/shokuhinsinki.files/shokuhinsinki.xlsx,076ab31512db6c0d16c1b33f07ef1bd543cdc99cc8d394f932db4b2b7560bd84,official_current_rolling_workbook,2025-08,new,dc626157e146f9f5119f1ef6,True
松山市,2025-08,第615号,2025-08-27,2025-08-27,2030-09-30,飲食店営業,Japanese Dining にの,松山市三番町4丁目11-3第二内海ビル1F,382019,,,,,new_or_renewal,https://www.city.matsuyama.ehime.jp/shisei/opendata/metadata/shokuhinsinki.files/shokuhinsinki.xlsx,076ab31512db6c0d16c1b33f07ef1bd543cdc99cc8d394f932db4b2b7560bd84,official_current_rolling_workbook,2025-08,new,9f08f365681b78cb93b1d211,True
松山市,2025-08,第616号,2025-08-27,2025-08-27,2030-09-30,そうざい製造業,マリベールスパイア,松山市古三津4丁目717　3F,382019,,,,,new_or_renewal,https://www.city.matsuyama.ehime.jp/shisei/opendata/metadata/shokuhinsinki.files/shokuhinsinki.xlsx,076ab31512db6c0d16c1b33f07ef1bd543cdc99cc8d394f932db4b2b7560bd84,official_current_rolling_workbook,2025-08,new,3d6eb734bb992261769cc2b4,False
松山市,2025-08,第617号,2025-08-27,2025-08-27,2030-09-30,冷凍食品製造業,マリベールスパイア,松山市古三津4丁目717　3F,382019,,,,,new_or_renewal,https://www.city.matsuyama.ehime.jp/shisei/opendata/metadata/shokuhinsinki.files/shokuhinsinki.xlsx,076ab31512db6c0d16c1b33f07ef1bd543cdc99cc8d394f932db4b2b7560bd84,official_current_rolling_workbook,2025-08,new,bbb12566a9163685c45920ed,False
松山市,2025-08,第618号,2025-08-27,2025-08-27,2030-09-30,飲食店営業,マクドナルド　フジグラン松山店,松山市宮西1丁目2-1 3F,382019,,,,,new_or_renewal,https://www.city.matsuyama.ehime.jp/shisei/opendata/metadata/shokuhinsinki.files/shokuhinsinki.xlsx,076ab31512db6c0d16c1b33f07ef1bd543cdc99cc8d394f932db4b2b7560bd84,official_current_rolling_workbook,2025-08,new,f1d89d63195e2bb44848e91e,True
松山市,2025-08,第619号,2025-08-27,2025-08-27,2030-09-30,飲食店営業,マクドナルド　松山中央通り店,松山市中央1丁目17-40,382019,,,,,new_or_renewal,https://www.city.matsuyama.ehime.jp/shisei/opendata/metadata/shokuhinsinki.files/shokuhinsinki.xlsx,076ab31512db6c0d16c1b33f07ef1bd543cdc99cc8d394f932db4b2b7560bd84,official_current_rolling_workbook,2025-08,new,ec96364805d426517847b525,True
松山市,2025-08,第620号,2025-08-27,2025-08-27,2030-09-30,飲食店営業,カンデオホテルズ松山大街道スカイプラザ,松山市大街道2丁目5-12カンデオホテルズ松山大街道　13F,382019,,,,,new_or_renewal,https://www.city.matsuyama.ehime.jp/shisei/opendata/metadata/shokuhinsinki.files/shokuhinsinki.xlsx,076ab31512db6c0d16c1b33f07ef1bd543cdc99cc8d394f932db4b2b7560bd84,official_current_rolling_workbook,2025-08,new,7172df654c732b13c42437ef,True
松山市,2025-08,第621号,2025-08-27,2025-08-27,2030-09-30,飲食店営業,PetitParis,松山市畑寺4丁目14-23-1,382019,,,,,new_or_renewal,https://www.city.matsuyama.ehime.jp/shisei/opendata/metadata/shokuhinsinki.files/shokuhinsinki.xlsx,076ab31512db6c0d16c1b33f07ef1bd543cdc99cc8d394f932db4b2b7560bd84,official_current_rolling_workbook,2025-08,new,520fd7a76a6912f72ff493bd,True
松山市,2025-08,第622号,2025-08-27,2025-08-27,2030-09-30,飲食店営業,うどん茶屋北斗　三津店,松山市祓川1丁目3-27,382019,,,,,new_or_renewal,https://www.city.matsuyama.ehime.jp/shisei/opendata/metadata/shokuhinsinki.files/shokuhinsinki.xlsx,076ab31512db6c0d16c1b33f07ef1bd543cdc99cc8d394f932db4b2b7560bd84,official_current_rolling_workbook,2025-08,new,f661708ce87f62a36f5a8cb5,True
松山市,2025-08,第623号,2025-08-27,2025-08-27,2030-09-30,飲食店営業,蛍-ほたる-本店,松山市二番町2丁目4-2 蛍ビル,382019,,,,,new_or_renewal,https://www.city.matsuyama.ehime.jp/shisei/opendata/metadata/shokuhinsinki.files/shokuhinsinki.xlsx,076ab31512db6c0d16c1b33f07ef1bd543cdc99cc8d394f932db4b2b7560bd84,official_current_rolling_workbook,2025-08,new,a5db818bbd7a4abb459ff74b,True
松山市,2025-08,第624号,2025-08-27,2025-08-27,2030-09-30,飲食店営業,ビー・サイト,松山市二番町2丁目7-15ヨシダビル5F,382019,,,,,new_or_renewal,https://www.city.matsuyama.ehime.jp/shisei/opendata/metadata/shokuhinsinki.files/shokuhinsinki.xlsx,076ab31512db6c0d16c1b33f07ef1bd543cdc99cc8d394f932db4b2b7560bd84,official_current_rolling_workbook,2025-08,new,f9816359652e6aec2c6dae00,True
松山市,2025-08,第625号,2025-08-27,2025-08-27,2030-09-30,飲食店営業,茶寮　花小路,松山市道後湯月町4-4 2F,382019,,,,,new_or_renewal,https://www.city.matsuyama.ehime.jp/shisei/opendata/metadata/shokuhinsinki.files/shokuhinsinki.xlsx,076ab31512db6c0d16c1b33f07ef1bd543cdc99cc8d394f932db4b2b7560bd84,official_current_rolling_workbook,2025-08,new,cc279c4bbdd150332d64d010,True
松山市,2025-08,第626号,2025-08-27,2025-08-27,2030-09-30,飲食店営業,空港ビル　すし処,松山市南吉田町2731松山空港ビル2F,382019,,,,,new_or_renewal,https://www.city.matsuyama.ehime.jp/shisei/opendata/metadata/shokuhinsinki.files/shokuhinsinki.xlsx,076ab31512db6c0d16c1b33f07ef1bd543cdc99cc8d394f932db4b2b7560bd84,official_current_rolling_workbook,2025-08,new,a9760cc76686245838868f39,True
松山市,2025-08,第627号,2025-08-27,2025-08-27,2030-09-30,冷凍食品製造業,株式会社　御料理仕出し　さち,松山市空港通７丁目14-7,382019,,,,,new_or_renewal,https://www.city.matsuyama.ehime.jp/shisei/opendata/metadata/shokuhinsinki.files/shokuhinsinki.xlsx,076ab31512db6c0d16c1b33f07ef1bd543cdc99cc8d394f932db4b2b7560bd84,official_current_rolling_workbook,2025-08,new,35b071f8eea3c20fd6b19770,False
松山市,2025-08,第628号,2025-08-27,2025-08-27,2030-09-30,菓子製造業,PetitParis,松山市畑寺4丁目14-23-1,382019,,,,,new_or_renewal,https://www.city.matsuyama.ehime.jp/shisei/opendata/metadata/shokuhinsinki.files/shokuhinsinki.xlsx,076ab31512db6c0d16c1b33f07ef1bd543cdc99cc8d394f932db4b2b7560bd84,official_current_rolling_workbook,2025-08,new,74131d8507bf32ed1bb045b4,False
松山市,2025-08,第580号,2025-08-28,2025-08-28,2030-09-30,菓子製造業,株式会社 DREAM ONE,松山市二番町3丁目1-6 アルファCPXビル 5F,382019,,,,,new_or_renewal,https://www.city.matsuyama.ehime.jp/shisei/opendata/metadata/shokuhinsinki.files/shokuhinsinki.xlsx,076ab31512db6c0d16c1b33f07ef1bd543cdc99cc8d394f932db4b2b7560bd84,official_current_rolling_workbook,2025-08,new,92a8d6175c5f97487d294e95,False
松山市,2025-08,第581号,2025-08-28,2025-08-28,2030-09-30,そうざい製造業,株式会社 DREAM ONE,松山市二番町3丁目1-6 アルファCPXビル 5F,382019,,,,,new_or_renewal,https://www.city.matsuyama.ehime.jp/shisei/opendata/metadata/shokuhinsinki.files/shokuhinsinki.xlsx,076ab31512db6c0d16c1b33f07ef1bd543cdc99cc8d394f932db4b2b7560bd84,official_current_rolling_workbook,2025-08,new,69f90b0bc1f22c62cf39df5a,False
松山市,2025-08,第629号,2025-08-28,2025-08-28,2030-09-30,飲食店営業,good time food ＆ bar LAGUNA BEACH,松山市二番町2丁目1-6ゴールドリッチビル4F,382019,,,,,new_or_renewal,https://www.city.matsuyama.ehime.jp/shisei/opendata/metadata/shokuhinsinki.files/shokuhinsinki.xlsx,076ab31512db6c0d16c1b33f07ef1bd543cdc99cc8d394f932db4b2b7560bd84,official_current_rolling_workbook,2025-08,new,2324a67a39014a054470ee62,True
松山市,2025-08,第630号,2025-08-28,2025-08-28,2030-09-30,飲食店営業,N'sKitchen&labo,松山市住吉1丁目3-33 1F,382019,,,,,new_or_renewal,https://www.city.matsuyama.ehime.jp/shisei/opendata/metadata/shokuhinsinki.files/shokuhinsinki.xlsx,076ab31512db6c0d16c1b33f07ef1bd543cdc99cc8d394f932db4b2b7560bd84,official_current_rolling_workbook,2025-08,new,f24f64a9a1511560c2c5840b,True
松山市,2025-08,第631号,2025-08-28,2025-08-28,2030-09-30,菓子製造業,N'sKitchen&labo,松山市住吉1丁目3-33 1F,382019,,,,,new_or_renewal,https://www.city.matsuyama.ehime.jp/shisei/opendata/metadata/shokuhinsinki.files/shokuhinsinki.xlsx,076ab31512db6c0d16c1b33f07ef1bd543cdc99cc8d394f932db4b2b7560bd84,official_current_rolling_workbook,2025-08,new,04feb79539178673c9d79462,False
松山市,2025-08,第632号,2025-08-28,2025-08-28,2030-09-30,飲食店営業,キン肉ハウス　呑酒　ダリル,松山市束本1丁目8-7,382019,,,,,new_or_renewal,https://www.city.matsuyama.ehime.jp/shisei/opendata/metadata/shokuhinsinki.files/shokuhinsinki.xlsx,076ab31512db6c0d16c1b33f07ef1bd543cdc99cc8d394f932db4b2b7560bd84,official_current_rolling_workbook,2025-08,new,5946782e12b36d83c17ebe47,True
松山市,2025-08,第633号,2025-08-28,2025-08-28,2030-09-30,飲食店営業,ドライブインアウトゼア,松山市浅海原399-3,382019,,,,,new_or_renewal,https://www.city.matsuyama.ehime.jp/shisei/opendata/metadata/shokuhinsinki.files/shokuhinsinki.xlsx,076ab31512db6c0d16c1b33f07ef1bd543cdc99cc8d394f932db4b2b7560bd84,official_current_rolling_workbook,2025-08,new,81177c4933c3ffd5b79cada4,True
松山市,2025-08,第634号,2025-08-28,2025-08-28,2030-09-30,飲食店営業,串酒場　キヨシ,松山市三番町8丁目10-11Pace 1F,382019,,,,,new_or_renewal,https://www.city.matsuyama.ehime.jp/shisei/opendata/metadata/shokuhinsinki.files/shokuhinsinki.xlsx,076ab31512db6c0d16c1b33f07ef1bd543cdc99cc8d394f932db4b2b7560bd84,official_current_rolling_workbook,2025-08,new,e3366bbd8d4bede297d43f16,True
松山市,2025-08,第635号,2025-08-28,2025-08-28,2030-09-30,飲食店営業,オルレアン,松山市二番町2丁目7-18コア二番町ビル２F,382019,,,,,new_or_renewal,https://www.city.matsuyama.ehime.jp/shisei/opendata/metadata/shokuhinsinki.files/shokuhinsinki.xlsx,076ab31512db6c0d16c1b33f07ef1bd543cdc99cc8d394f932db4b2b7560bd84,official_current_rolling_workbook,2025-08,new,3fb2ca4ca5069514a9e4688a,True
松山市,2025-08,第636号,2025-08-28,2025-08-28,2030-09-30,飲食店営業,ファミリーマート松山土居田東店,松山市土居田町266-8,382019,,,,,new_or_renewal,https://www.city.matsuyama.ehime.jp/shisei/opendata/metadata/shokuhinsinki.files/shokuhinsinki.xlsx,076ab31512db6c0d16c1b33f07ef1bd543cdc99cc8d394f932db4b2b7560bd84,official_current_rolling_workbook,2025-08,new,8b9d50fab29831b989849b07,True
松山市,2025-08,第637号,2025-08-28,2025-08-28,2030-09-30,飲食店営業,百の獅子,松山市二番町2丁目1-11江戸町南ビル5F,382019,,,,,new_or_renewal,https://www.city.matsuyama.ehime.jp/shisei/opendata/metadata/shokuhinsinki.files/shokuhinsinki.xlsx,076ab31512db6c0d16c1b33f07ef1bd543cdc99cc8d394f932db4b2b7560bd84,official_current_rolling_workbook,2025-08,new,1c9ebcc52674b0ee2e535e7d,True
松山市,2025-08,第638号,2025-08-28,2025-08-28,2030-09-30,飲食店営業,ショコラキッチン,松山市南吉田町1458 海響市場内,382019,,,,,new_or_renewal,https://www.city.matsuyama.ehime.jp/shisei/opendata/metadata/shokuhinsinki.files/shokuhinsinki.xlsx,076ab31512db6c0d16c1b33f07ef1bd543cdc99cc8d394f932db4b2b7560bd84,official_current_rolling_workbook,2025-08,new,092a73daac90c6a6db4f9a3f,True
松山市,2025-08,第639号,2025-08-28,2025-08-28,2030-09-30,飲食店営業,炭火酒家　炭々,松山市和泉北2丁目1-1 1F,382019,,,,,new_or_renewal,https://www.city.matsuyama.ehime.jp/shisei/opendata/metadata/shokuhinsinki.files/shokuhinsinki.xlsx,076ab31512db6c0d16c1b33f07ef1bd543cdc99cc8d394f932db4b2b7560bd84,official_current_rolling_workbook,2025-08,new,28a4ce863f647f1474d15ac3,True
松山市,2025-08,第640号,2025-08-28,2025-08-28,2030-09-30,食肉販売業,株式会社　松山生協　久米店,松山市南久米町264-2,382019,,,,,new_or_renewal,https://www.city.matsuyama.ehime.jp/shisei/opendata/metadata/shokuhinsinki.files/shokuhinsinki.xlsx,076ab31512db6c0d16c1b33f07ef1bd543cdc99cc8d394f932db4b2b7560bd84,official_current_rolling_workbook,2025-08,new,265c5e3d3e336c13677ea7d6,False
松山市,2025-08,第641号,2025-08-28,2025-08-28,2030-09-30,魚介類販売業,株式会社　松山生協　久米店,松山市南久米町264-2,382019,,,,,new_or_renewal,https://www.city.matsuyama.ehime.jp/shisei/opendata/metadata/shokuhinsinki.files/shokuhinsinki.xlsx,076ab31512db6c0d16c1b33f07ef1bd543cdc99cc8d394f932db4b2b7560bd84,official_current_rolling_workbook,2025-08,new,4944df530aba29433375bfed,False
松山市,2025-08,第642号,2025-08-28,2025-08-28,2030-09-30,飲食店営業,株式会社　松山生協　久米店　寿司加工室,松山市南久米町264-2,382019,,,,,new_or_renewal,https://www.city.matsuyama.ehime.jp/shisei/opendata/metadata/shokuhinsinki.files/shokuhinsinki.xlsx,076ab31512db6c0d16c1b33f07ef1bd543cdc99cc8d394f932db4b2b7560bd84,official_current_rolling_workbook,2025-08,new,2d328073b264f9d69091ff96,True
松山市,2025-08,第643号,2025-08-28,2025-08-28,2030-09-30,飲食店営業,株式会社　松山生協　久米店　惣菜作業場,松山市南久米町264-2,382019,,,,,new_or_renewal,https://www.city.matsuyama.ehime.jp/shisei/opendata/metadata/shokuhinsinki.files/shokuhinsinki.xlsx,076ab31512db6c0d16c1b33f07ef1bd543cdc99cc8d394f932db4b2b7560bd84,official_current_rolling_workbook,2025-08,new,80266a0368b9d873e7c933f3,True
松山市,2025-08,第644号,2025-08-28,2025-08-28,2030-09-30,飲食店営業,松山生協　屋台4,松山市保健所管内,382019,,,,,new_or_renewal,https://www.city.matsuyama.ehime.jp/shisei/opendata/metadata/shokuhinsinki.files/shokuhinsinki.xlsx,076ab31512db6c0d16c1b33f07ef1bd543cdc99cc8d394f932db4b2b7560bd84,official_current_rolling_workbook,2025-08,new,6d3609b1da4709a0af2e3ea4,True
松山市,2025-08,第645号,2025-08-28,2025-08-28,2030-09-30,飲食店営業,松山生協　屋台6,松山市保健所管内,382019,,,,,new_or_renewal,https://www.city.matsuyama.ehime.jp/shisei/opendata/metadata/shokuhinsinki.files/shokuhinsinki.xlsx,076ab31512db6c0d16c1b33f07ef1bd543cdc99cc8d394f932db4b2b7560bd84,official_current_rolling_workbook,2025-08,new,414adbc8bd7d2629a0338d4f,True
松山市,2025-08,第646号,2025-08-28,2025-08-28,2030-09-30,飲食店営業,松山生協　屋台8,松山市保健所管内,382019,,,,,new_or_renewal,https://www.city.matsuyama.ehime.jp/shisei/opendata/metadata/shokuhinsinki.files/shokuhinsinki.xlsx,076ab31512db6c0d16c1b33f07ef1bd543cdc99cc8d394f932db4b2b7560bd84,official_current_rolling_workbook,2025-08,new,a8376f1894ae3c6c61307433,True
松山市,2025-08,第647号,2025-08-28,2025-08-28,2030-09-30,飲食店営業,松山生協　屋台9,松山市保健所管内,382019,,,,,new_or_renewal,https://www.city.matsuyama.ehime.jp/shisei/opendata/metadata/shokuhinsinki.files/shokuhinsinki.xlsx,076ab31512db6c0d16c1b33f07ef1bd543cdc99cc8d394f932db4b2b7560bd84,official_current_rolling_workbook,2025-08,new,ac536576812d99cfa846246c,True
松山市,2025-08,第648号,2025-08-28,2025-08-28,2030-09-30,飲食店営業,松山生協　屋台11,松山市保健所管内,382019,,,,,new_or_renewal,https://www.city.matsuyama.ehime.jp/shisei/opendata/metadata/shokuhinsinki.files/shokuhinsinki.xlsx,076ab31512db6c0d16c1b33f07ef1bd543cdc99cc8d394f932db4b2b7560bd84,official_current_rolling_workbook,2025-08,new,de6167d6dbc370575e6a5525,True
松山市,2025-08,第649号,2025-08-28,2025-08-28,2030-09-30,飲食店営業,松山生協　屋台12,松山市保健所管内,382019,,,,,new_or_renewal,https://www.city.matsuyama.ehime.jp/shisei/opendata/metadata/shokuhinsinki.files/shokuhinsinki.xlsx,076ab31512db6c0d16c1b33f07ef1bd543cdc99cc8d394f932db4b2b7560bd84,official_current_rolling_workbook,2025-08,new,5b89e59b52b97cefa69820d4,True
松山市,2025-08,第650号,2025-08-28,2025-08-28,2030-09-30,飲食店営業,松山生協　屋台13,松山市保健所管内,382019,,,,,new_or_renewal,https://www.city.matsuyama.ehime.jp/shisei/opendata/metadata/shokuhinsinki.files/shokuhinsinki.xlsx,076ab31512db6c0d16c1b33f07ef1bd543cdc99cc8d394f932db4b2b7560bd84,official_current_rolling_workbook,2025-08,new,e041484d9ff246123e0b8f33,True
松山市,2025-08,第651号,2025-08-29,2025-08-29,2030-09-30,飲食店営業,株式会社フジ　マルナカ土居田店,松山市空港通1丁目3-13,382019,,,,,new_or_renewal,https://www.city.matsuyama.ehime.jp/shisei/opendata/metadata/shokuhinsinki.files/shokuhinsinki.xlsx,076ab31512db6c0d16c1b33f07ef1bd543cdc99cc8d394f932db4b2b7560bd84,official_current_rolling_workbook,2025-08,new,0a21080119a5145d05a86123,True
松山市,2025-08,第652号,2025-08-29,2025-08-29,2030-09-30,飲食店営業,「竜宮城」,松山市二番町1丁目4-7ミツワ11ビル　3FB,382019,,,,,new_or_renewal,https://www.city.matsuyama.ehime.jp/shisei/opendata/metadata/shokuhinsinki.files/shokuhinsinki.xlsx,076ab31512db6c0d16c1b33f07ef1bd543cdc99cc8d394f932db4b2b7560bd84,official_current_rolling_workbook,2025-08,new,01c174097082a3aa3399b64c,True
松山市,2025-08,第653号,2025-08-29,2025-08-29,2030-09-30,飲食店営業,喜左衛門,松山市桑原6丁目8-2 1F,382019,,,,,new_or_renewal,https://www.city.matsuyama.ehime.jp/shisei/opendata/metadata/shokuhinsinki.files/shokuhinsinki.xlsx,076ab31512db6c0d16c1b33f07ef1bd543cdc99cc8d394f932db4b2b7560bd84,official_current_rolling_workbook,2025-08,new,e33f2effa061ac7dd450e854,True
松山市,2025-08,第654号,2025-08-29,2025-08-29,2030-09-30,飲食店営業,GOLF STUDIO Change,松山市井門町73-1,382019,,,,,new_or_renewal,https://www.city.matsuyama.ehime.jp/shisei/opendata/metadata/shokuhinsinki.files/shokuhinsinki.xlsx,076ab31512db6c0d16c1b33f07ef1bd543cdc99cc8d394f932db4b2b7560bd84,official_current_rolling_workbook,2025-08,new,671bbef19e04cf2c7c14a703,True
松山市,2025-08,第655号,2025-08-29,2025-08-29,2030-09-30,飲食店営業,ユーミーケアたかのこ,松山市鷹子町403-1,382019,,,,,new_or_renewal,https://www.city.matsuyama.ehime.jp/shisei/opendata/metadata/shokuhinsinki.files/shokuhinsinki.xlsx,076ab31512db6c0d16c1b33f07ef1bd543cdc99cc8d394f932db4b2b7560bd84,official_current_rolling_workbook,2025-08,new,1fd92b0cc90b523a4a60bd5c,True
松山市,2025-08,第656号,2025-08-29,2025-08-29,2030-09-30,飲食店営業,マクドナルド56号余戸店,松山市余戸南1丁目23-23,382019,,,,,new_or_renewal,https://www.city.matsuyama.ehime.jp/shisei/opendata/metadata/shokuhinsinki.files/shokuhinsinki.xlsx,076ab31512db6c0d16c1b33f07ef1bd543cdc99cc8d394f932db4b2b7560bd84,official_current_rolling_workbook,2025-08,new,ebd188d5d7a28682c3788014,True
松山市,2025-08,第657号,2025-08-29,2025-08-29,2030-09-30,飲食店営業,本場手打うどん　福楽,松山市東石井6丁目6-40,382019,,,,,new_or_renewal,https://www.city.matsuyama.ehime.jp/shisei/opendata/metadata/shokuhinsinki.files/shokuhinsinki.xlsx,076ab31512db6c0d16c1b33f07ef1bd543cdc99cc8d394f932db4b2b7560bd84,official_current_rolling_workbook,2025-08,new,5c46547e4bae5064b176d6e5,True
松山市,2025-08,第658号,2025-08-29,2025-08-29,2030-09-30,飲食店営業,マクドナルド松山大街道店,松山市大街道2丁目5-11,382019,,,,,new_or_renewal,https://www.city.matsuyama.ehime.jp/shisei/opendata/metadata/shokuhinsinki.files/shokuhinsinki.xlsx,076ab31512db6c0d16c1b33f07ef1bd543cdc99cc8d394f932db4b2b7560bd84,official_current_rolling_workbook,2025-08,new,08c81917c95f1e70f77cff67,True
松山市,2025-08,第659号,2025-08-29,2025-08-29,2030-09-30,飲食店営業,銀のしずく,松山市二番町1丁目4-9CITYビル2F,382019,,,,,new_or_renewal,https://www.city.matsuyama.ehime.jp/shisei/opendata/metadata/shokuhinsinki.files/shokuhinsinki.xlsx,076ab31512db6c0d16c1b33f07ef1bd543cdc99cc8d394f932db4b2b7560bd84,official_current_rolling_workbook,2025-08,new,7236e997e5f36d07f9666622,True
松山市,2025-08,第660号,2025-08-29,2025-08-29,2030-09-30,飲食店営業,姫うさぎ,松山市二番町2丁目1-1第26ミツワビル4F,382019,,,,,new_or_renewal,https://www.city.matsuyama.ehime.jp/shisei/opendata/metadata/shokuhinsinki.files/shokuhinsinki.xlsx,076ab31512db6c0d16c1b33f07ef1bd543cdc99cc8d394f932db4b2b7560bd84,official_current_rolling_workbook,2025-08,new,2c1151abdf6f4c0167760a1b,True
松山市,2025-08,第661号,2025-08-29,2025-08-29,2030-09-30,飲食店営業,セブン-イレブン松山新石手店,松山市新石手55−1,382019,,,,,new_or_renewal,https://www.city.matsuyama.ehime.jp/shisei/opendata/metadata/shokuhinsinki.files/shokuhinsinki.xlsx,076ab31512db6c0d16c1b33f07ef1bd543cdc99cc8d394f932db4b2b7560bd84,official_current_rolling_workbook,2025-08,new,d8edd2174e88deb13f1da2ac,True
松山市,2025-09,第662号,2025-09-01,2025-09-01,2030-09-30,飲食店営業,BAR　もも,愛媛県松山市三番町1丁目15-5LIDO STAGEビル2F,382019,,,,,new_or_renewal,https://www.city.matsuyama.ehime.jp/shisei/opendata/metadata/shokuhinsinki.files/shokuhinsinki.xlsx,076ab31512db6c0d16c1b33f07ef1bd543cdc99cc8d394f932db4b2b7560bd84,official_current_rolling_workbook,2025-09,new,c0c16e3b49996437b912170e,True
松山市,2025-09,第663号,2025-09-01,2025-09-01,2030-09-30,飲食店営業,BEaRE,愛媛県松山市山越5丁目7-7,382019,,,,,new_or_renewal,https://www.city.matsuyama.ehime.jp/shisei/opendata/metadata/shokuhinsinki.files/shokuhinsinki.xlsx,076ab31512db6c0d16c1b33f07ef1bd543cdc99cc8d394f932db4b2b7560bd84,official_current_rolling_workbook,2025-09,new,1f0754a8de68c8437ed43092,True
松山市,2025-09,第664号,2025-09-01,2025-09-01,2030-09-30,飲食店営業,M crepe,愛媛県松山市畑寺3丁目11-31,382019,,,,,new_or_renewal,https://www.city.matsuyama.ehime.jp/shisei/opendata/metadata/shokuhinsinki.files/shokuhinsinki.xlsx,076ab31512db6c0d16c1b33f07ef1bd543cdc99cc8d394f932db4b2b7560bd84,official_current_rolling_workbook,2025-09,new,87c5e5a471a9ace96241504b,True
松山市,2025-09,第665号,2025-09-01,2025-09-01,2030-09-30,飲食店営業,パイ専門店Tsutsumi道後店,愛媛県松山市道後湯之町13-13,382019,,,,,new_or_renewal,https://www.city.matsuyama.ehime.jp/shisei/opendata/metadata/shokuhinsinki.files/shokuhinsinki.xlsx,076ab31512db6c0d16c1b33f07ef1bd543cdc99cc8d394f932db4b2b7560bd84,official_current_rolling_workbook,2025-09,new,1c771122bacc4a45629414c2,True
松山市,2025-09,第666号,2025-09-01,2025-09-01,2030-09-30,飲食店営業,ファミリーマート松山松末店,愛媛県松山市松末2丁目19-28,382019,,,,,new_or_renewal,https://www.city.matsuyama.ehime.jp/shisei/opendata/metadata/shokuhinsinki.files/shokuhinsinki.xlsx,076ab31512db6c0d16c1b33f07ef1bd543cdc99cc8d394f932db4b2b7560bd84,official_current_rolling_workbook,2025-09,new,41dbbec78429f54f764cd649,True
松山市,2025-09,第667号,2025-09-01,2025-09-01,2030-09-30,飲食店営業,ラウンジ　ふじ咲,愛媛県松山市二番町1丁目8-8 ミツワ8ビル5F,382019,,,,,new_or_renewal,https://www.city.matsuyama.ehime.jp/shisei/opendata/metadata/shokuhinsinki.files/shokuhinsinki.xlsx,076ab31512db6c0d16c1b33f07ef1bd543cdc99cc8d394f932db4b2b7560bd84,official_current_rolling_workbook,2025-09,new,d2326fc8e23224ef28dc5c57,True
松山市,2025-09,第668号,2025-09-01,2025-09-01,2030-09-30,魚介類販売業,石田鮮魚,愛媛県松山市大可賀3丁目670-11,382019,,,,,new_or_renewal,https://www.city.matsuyama.ehime.jp/shisei/opendata/metadata/shokuhinsinki.files/shokuhinsinki.xlsx,076ab31512db6c0d16c1b33f07ef1bd543cdc99cc8d394f932db4b2b7560bd84,official_current_rolling_workbook,2025-09,new,3f889b400205b2247396d03c,False
松山市,2025-09,第669号,2025-09-01,2025-09-01,2030-09-30,飲食店営業,ラ・ヴィ・シュクレ プリュス,愛媛県松山市東野2丁目6-9,382019,,,,,new_or_renewal,https://www.city.matsuyama.ehime.jp/shisei/opendata/metadata/shokuhinsinki.files/shokuhinsinki.xlsx,076ab31512db6c0d16c1b33f07ef1bd543cdc99cc8d394f932db4b2b7560bd84,official_current_rolling_workbook,2025-09,new,c7de95379428c69ebbb215ab,True
松山市,2025-09,第670号,2025-09-01,2025-09-01,2030-09-30,飲食店営業,Café RUE DU BAC,愛媛県松山市湊町5丁目5-5宮本アパート2F,382019,,,,,new_or_renewal,https://www.city.matsuyama.ehime.jp/shisei/opendata/metadata/shokuhinsinki.files/shokuhinsinki.xlsx,076ab31512db6c0d16c1b33f07ef1bd543cdc99cc8d394f932db4b2b7560bd84,official_current_rolling_workbook,2025-09,new,8685d1b178163742bc423153,True
松山市,2025-09,第671号,2025-09-01,2025-09-01,2030-09-30,飲食店営業,フレンズ,愛媛県松山市三町3丁目15-23,382019,,,,,new_or_renewal,https://www.city.matsuyama.ehime.jp/shisei/opendata/metadata/shokuhinsinki.files/shokuhinsinki.xlsx,076ab31512db6c0d16c1b33f07ef1bd543cdc99cc8d394f932db4b2b7560bd84,official_current_rolling_workbook,2025-09,new,d7e14cfc09008fad0bf87bab,True
松山市,2025-09,第672号,2025-09-01,2025-09-01,2030-09-30,飲食店営業,八七金＋,愛媛県松山市湊町3丁目6-2,382019,,,,,new_or_renewal,https://www.city.matsuyama.ehime.jp/shisei/opendata/metadata/shokuhinsinki.files/shokuhinsinki.xlsx,076ab31512db6c0d16c1b33f07ef1bd543cdc99cc8d394f932db4b2b7560bd84,official_current_rolling_workbook,2025-09,new,1de22b5c26ea9ad6a99d5e90,True
松山市,2025-09,第673号,2025-09-01,2025-09-01,2030-09-30,飲食店営業,唐揚げハウス～Little～,愛媛県松山市別府町342-1,382019,,,,,new_or_renewal,https://www.city.matsuyama.ehime.jp/shisei/opendata/metadata/shokuhinsinki.files/shokuhinsinki.xlsx,076ab31512db6c0d16c1b33f07ef1bd543cdc99cc8d394f932db4b2b7560bd84,official_current_rolling_workbook,2025-09,new,8b58f6bd3179d181b42e6559,True
松山市,2025-09,第674号,2025-09-01,2025-09-01,2030-09-30,飲食店営業,笑壺,愛媛県松山市二番町1丁目10-3セイブビル2F,382019,,,,,new_or_renewal,https://www.city.matsuyama.ehime.jp/shisei/opendata/metadata/shokuhinsinki.files/shokuhinsinki.xlsx,076ab31512db6c0d16c1b33f07ef1bd543cdc99cc8d394f932db4b2b7560bd84,official_current_rolling_workbook,2025-09,new,8b44dfc8299ac389e36576e8,True
松山市,2025-09,第675号,2025-09-01,2025-09-01,2030-09-30,飲食店営業,笑壺　ドつぼ,愛媛県松山市二番町1丁目10-3セイブビル3F,382019,,,,,new_or_renewal,https://www.city.matsuyama.ehime.jp/shisei/opendata/metadata/shokuhinsinki.files/shokuhinsinki.xlsx,076ab31512db6c0d16c1b33f07ef1bd543cdc99cc8d394f932db4b2b7560bd84,official_current_rolling_workbook,2025-09,new,7c825de406a6c963ce305fe2,True
松山市,2025-09,第676号,2025-09-02,2025-09-02,2030-09-30,飲食店営業,とり善,愛媛県松山市住吉2丁目10-11 1F,382019,,,,,new_or_renewal,https://www.city.matsuyama.ehime.jp/shisei/opendata/metadata/shokuhinsinki.files/shokuhinsinki.xlsx,076ab31512db6c0d16c1b33f07ef1bd543cdc99cc8d394f932db4b2b7560bd84,official_current_rolling_workbook,2025-09,new,6daa13c5f94b01b3f2c3cdf6,True
松山市,2025-09,第677号,2025-09-02,2025-09-02,2030-09-30,飲食店営業,つばきウィメンズクリニック,愛媛県松山市北土居5丁目11-7,382019,,,,,new_or_renewal,https://www.city.matsuyama.ehime.jp/shisei/opendata/metadata/shokuhinsinki.files/shokuhinsinki.xlsx,076ab31512db6c0d16c1b33f07ef1bd543cdc99cc8d394f932db4b2b7560bd84,official_current_rolling_workbook,2025-09,new,476c1463d3c8cc6710a4d8bd,True
松山市,2025-09,第678号,2025-09-02,2025-09-02,2030-09-30,飲食店営業,スシロー松山天山店,愛媛県松山市天山1丁目10-30,382019,,,,,new_or_renewal,https://www.city.matsuyama.ehime.jp/shisei/opendata/metadata/shokuhinsinki.files/shokuhinsinki.xlsx,076ab31512db6c0d16c1b33f07ef1bd543cdc99cc8d394f932db4b2b7560bd84,official_current_rolling_workbook,2025-09,new,a40f860fb54eff24c63b3d44,True
松山市,2025-09,第679号,2025-09-02,2025-09-02,2030-09-30,飲食店営業,遊食酒家　笑楽,愛媛県松山市二番町1丁目4-21寿ビル1F,382019,,,,,new_or_renewal,https://www.city.matsuyama.ehime.jp/shisei/opendata/metadata/shokuhinsinki.files/shokuhinsinki.xlsx,076ab31512db6c0d16c1b33f07ef1bd543cdc99cc8d394f932db4b2b7560bd84,official_current_rolling_workbook,2025-09,new,50bf8442f3bc3e34af06ae74,True
松山市,2025-09,第680号,2025-09-03,2025-09-03,2030-09-30,飲食店営業,元祖からあげ本舗　ゲンマル朝生田店,愛媛県松山市朝生田町5丁目3-11,382019,,,,,new_or_renewal,https://www.city.matsuyama.ehime.jp/shisei/opendata/metadata/shokuhinsinki.files/shokuhinsinki.xlsx,076ab31512db6c0d16c1b33f07ef1bd543cdc99cc8d394f932db4b2b7560bd84,official_current_rolling_workbook,2025-09,new,5c6f5b478148e9fec34c4481,True
松山市,2025-09,第681号,2025-09-03,2025-09-03,2030-09-30,菓子製造業,純生食パン工房　晴れパン,愛媛県松山市朝生田町5丁目3-11,382019,,,,,new_or_renewal,https://www.city.matsuyama.ehime.jp/shisei/opendata/metadata/shokuhinsinki.files/shokuhinsinki.xlsx,076ab31512db6c0d16c1b33f07ef1bd543cdc99cc8d394f932db4b2b7560bd84,official_current_rolling_workbook,2025-09,new,a8f30620881b98bf1554869b,False
松山市,2025-09,第682号,2025-09-03,2025-09-03,2030-09-30,菓子製造業,サニーマート森松店,愛媛県松山市森松町276-4,382019,,,,,new_or_renewal,https://www.city.matsuyama.ehime.jp/shisei/opendata/metadata/shokuhinsinki.files/shokuhinsinki.xlsx,076ab31512db6c0d16c1b33f07ef1bd543cdc99cc8d394f932db4b2b7560bd84,official_current_rolling_workbook,2025-09,new,1b39f63d1819436d074b7c6d,False
松山市,2025-09,第683号,2025-09-03,2025-09-03,2030-09-30,飲食店営業,麺のようじ　松山店,愛媛県松山市湊町5丁目1-1まつちかタウン,382019,,,,,new_or_renewal,https://www.city.matsuyama.ehime.jp/shisei/opendata/metadata/shokuhinsinki.files/shokuhinsinki.xlsx,076ab31512db6c0d16c1b33f07ef1bd543cdc99cc8d394f932db4b2b7560bd84,official_current_rolling_workbook,2025-09,new,35edadd4a2f1c207d4fd15ff,True
松山市,2025-09,第684号,2025-09-03,2025-09-03,2030-09-30,飲食店営業,BAR AQUA DANCE,愛媛県松山市一番町2丁目5-24 ピカソビル402,382019,,,,,new_or_renewal,https://www.city.matsuyama.ehime.jp/shisei/opendata/metadata/shokuhinsinki.files/shokuhinsinki.xlsx,076ab31512db6c0d16c1b33f07ef1bd543cdc99cc8d394f932db4b2b7560bd84,official_current_rolling_workbook,2025-09,new,af73e43fb39bb2732b2d8f5e,True
松山市,2025-09,第685号,2025-09-04,2025-09-04,2030-09-30,飲食店営業,うどん福丸,愛媛県松山市保免西3丁目11-22,382019,,,,,new_or_renewal,https://www.city.matsuyama.ehime.jp/shisei/opendata/metadata/shokuhinsinki.files/shokuhinsinki.xlsx,076ab31512db6c0d16c1b33f07ef1bd543cdc99cc8d394f932db4b2b7560bd84,official_current_rolling_workbook,2025-09,new,d1bed58b4b39e3deac01ead6,True
松山市,2025-09,第686号,2025-09-05,2025-09-05,2030-09-30,そうざい製造業,愛LOVEハンバーグ,愛媛県松山市岩崎町2丁目12-20 1F,382019,,,,,new_or_renewal,https://www.city.matsuyama.ehime.jp/shisei/opendata/metadata/shokuhinsinki.files/shokuhinsinki.xlsx,076ab31512db6c0d16c1b33f07ef1bd543cdc99cc8d394f932db4b2b7560bd84,official_current_rolling_workbook,2025-09,new,ac70810ca9be9378dc2af261,False
松山市,2025-09,第687号,2025-09-05,2025-09-05,2030-09-30,冷凍食品製造業,愛LOVEハンバーグ,愛媛県松山市岩崎町2丁目12-20 1F,382019,,,,,new_or_renewal,https://www.city.matsuyama.ehime.jp/shisei/opendata/metadata/shokuhinsinki.files/shokuhinsinki.xlsx,076ab31512db6c0d16c1b33f07ef1bd543cdc99cc8d394f932db4b2b7560bd84,official_current_rolling_workbook,2025-09,new,2043e5f96f3d53a346765f5c,False
松山市,2025-09,第688号,2025-09-05,2025-09-05,2030-09-30,飲食店営業,焼鳥ちかき狼煙,愛媛県松山市三番町4丁目9-8松本ビル　1F,382019,,,,,new_or_renewal,https://www.city.matsuyama.ehime.jp/shisei/opendata/metadata/shokuhinsinki.files/shokuhinsinki.xlsx,076ab31512db6c0d16c1b33f07ef1bd543cdc99cc8d394f932db4b2b7560bd84,official_current_rolling_workbook,2025-09,new,f343148a1d379c7c35be3d39,True
松山市,2025-09,第689号,2025-09-06,2025-09-06,2030-09-30,飲食店営業,株式会社エス・ピー・シー,愛媛県松山市大街道1丁目商店外アーケード内,382019,,,,,new_or_renewal,https://www.city.matsuyama.ehime.jp/shisei/opendata/metadata/shokuhinsinki.files/shokuhinsinki.xlsx,076ab31512db6c0d16c1b33f07ef1bd543cdc99cc8d394f932db4b2b7560bd84,official_current_rolling_workbook,2025-09,new,60c3f6c8734ccda9c138a12d,True
松山市,2025-09,第690号,2025-09-08,2025-09-08,2030-09-30,飲食店営業,和洋食彩　和月,愛媛県松山市南久米町216-1,382019,,,,,new_or_renewal,https://www.city.matsuyama.ehime.jp/shisei/opendata/metadata/shokuhinsinki.files/shokuhinsinki.xlsx,076ab31512db6c0d16c1b33f07ef1bd543cdc99cc8d394f932db4b2b7560bd84,official_current_rolling_workbook,2025-09,new,152a332f9151ecc9b3c85328,True
松山市,2025-09,第691号,2025-09-08,2025-09-08,2030-09-30,飲食店営業,south2.4 SAKABA,愛媛県松山市二番町1丁目5-8 栄ビル2F,382019,,,,,new_or_renewal,https://www.city.matsuyama.ehime.jp/shisei/opendata/metadata/shokuhinsinki.files/shokuhinsinki.xlsx,076ab31512db6c0d16c1b33f07ef1bd543cdc99cc8d394f932db4b2b7560bd84,official_current_rolling_workbook,2025-09,new,4e8166bb307bb0a48628fd84,True
松山市,2025-09,第692号,2025-09-08,2025-09-08,2030-09-30,飲食店営業,愛媛主義at古泉,愛媛県松山市道後湯之町13-14,382019,,,,,new_or_renewal,https://www.city.matsuyama.ehime.jp/shisei/opendata/metadata/shokuhinsinki.files/shokuhinsinki.xlsx,076ab31512db6c0d16c1b33f07ef1bd543cdc99cc8d394f932db4b2b7560bd84,official_current_rolling_workbook,2025-09,new,111ba68b2a4e7e48975b9302,True
松山市,2025-09,第693号,2025-09-08,2025-09-08,2030-09-30,飲食店営業,松屋・松のや　松山市駅前店,愛媛県松山市湊町5丁目5-1,382019,,,,,new_or_renewal,https://www.city.matsuyama.ehime.jp/shisei/opendata/metadata/shokuhinsinki.files/shokuhinsinki.xlsx,076ab31512db6c0d16c1b33f07ef1bd543cdc99cc8d394f932db4b2b7560bd84,official_current_rolling_workbook,2025-09,new,556d71fcbaaa978f792cd279,True
松山市,2025-09,第694号,2025-09-08,2025-09-08,2030-09-30,菓子製造業,himari　doux　place,愛媛県松山市南高井町1820-1,382019,,,,,new_or_renewal,https://www.city.matsuyama.ehime.jp/shisei/opendata/metadata/shokuhinsinki.files/shokuhinsinki.xlsx,076ab31512db6c0d16c1b33f07ef1bd543cdc99cc8d394f932db4b2b7560bd84,official_current_rolling_workbook,2025-09,new,c280a2b7b29cce6307a51e96,False
松山市,2025-09,第695号,2025-09-08,2025-09-08,2030-09-30,飲食店営業,himari　doux　place,愛媛県松山市南高井町1820-1,382019,,,,,new_or_renewal,https://www.city.matsuyama.ehime.jp/shisei/opendata/metadata/shokuhinsinki.files/shokuhinsinki.xlsx,076ab31512db6c0d16c1b33f07ef1bd543cdc99cc8d394f932db4b2b7560bd84,official_current_rolling_workbook,2025-09,new,924f776ffdfbb3cdb9a1785d,True
松山市,2025-09,第696号,2025-09-08,2025-09-08,2030-09-30,飲食店営業,姫ヶ浜荘,愛媛県松山市長師68-1,382019,,,,,new_or_renewal,https://www.city.matsuyama.ehime.jp/shisei/opendata/metadata/shokuhinsinki.files/shokuhinsinki.xlsx,076ab31512db6c0d16c1b33f07ef1bd543cdc99cc8d394f932db4b2b7560bd84,official_current_rolling_workbook,2025-09,new,7b0c0d409eec881a6de9a38b,True
松山市,2025-09,第697号,2025-09-08,2025-09-08,2030-09-30,飲食店営業,メンバーズショコラ,愛媛県松山市二番町1丁目10-1ミツワ22ビル6F,382019,,,,,new_or_renewal,https://www.city.matsuyama.ehime.jp/shisei/opendata/metadata/shokuhinsinki.files/shokuhinsinki.xlsx,076ab31512db6c0d16c1b33f07ef1bd543cdc99cc8d394f932db4b2b7560bd84,official_current_rolling_workbook,2025-09,new,c1b36a26327c1792cf5fa690,True
松山市,2025-09,第698号,2025-09-08,2025-09-08,2030-09-30,飲食店営業,そごうマート梅本店(精肉),愛媛県松山市北梅本町甲768-1,382019,,,,,new_or_renewal,https://www.city.matsuyama.ehime.jp/shisei/opendata/metadata/shokuhinsinki.files/shokuhinsinki.xlsx,076ab31512db6c0d16c1b33f07ef1bd543cdc99cc8d394f932db4b2b7560bd84,official_current_rolling_workbook,2025-09,new,145563c3eada5eb53f779cda,True
松山市,2025-09,第699号,2025-09-08,2025-09-08,2030-09-30,食肉販売業,そごうマート梅本店(精肉),愛媛県松山市北梅本町甲768-1,382019,,,,,new_or_renewal,https://www.city.matsuyama.ehime.jp/shisei/opendata/metadata/shokuhinsinki.files/shokuhinsinki.xlsx,076ab31512db6c0d16c1b33f07ef1bd543cdc99cc8d394f932db4b2b7560bd84,official_current_rolling_workbook,2025-09,new,cfaf226f2d09f90760afa4d3,False
松山市,2025-09,第700号,2025-09-08,2025-09-08,2030-09-30,飲食店営業,鉄板ダイニング　ゆう,愛媛県松山市千舟町5丁目3-17create prosperity 2F南,382019,,,,,new_or_renewal,https://www.city.matsuyama.ehime.jp/shisei/opendata/metadata/shokuhinsinki.files/shokuhinsinki.xlsx,076ab31512db6c0d16c1b33f07ef1bd543cdc99cc8d394f932db4b2b7560bd84,official_current_rolling_workbook,2025-09,new,107508e5ed6a8b49c8d60c89,True
松山市,2025-09,第701号,2025-09-08,2025-09-08,2030-09-30,飲食店営業,Bar　de　gio,愛媛県松山市二番町1丁目3-8日の丸ビルⅡ5F,382019,,,,,new_or_renewal,https://www.city.matsuyama.ehime.jp/shisei/opendata/metadata/shokuhinsinki.files/shokuhinsinki.xlsx,076ab31512db6c0d16c1b33f07ef1bd543cdc99cc8d394f932db4b2b7560bd84,official_current_rolling_workbook,2025-09,new,d59b23b63a820995f2045aec,True
松山市,2025-09,第702号,2025-09-08,2025-09-08,2030-09-30,飲食店営業,あゆみ商店,愛媛県松山市泊町249,382019,,,,,new_or_renewal,https://www.city.matsuyama.ehime.jp/shisei/opendata/metadata/shokuhinsinki.files/shokuhinsinki.xlsx,076ab31512db6c0d16c1b33f07ef1bd543cdc99cc8d394f932db4b2b7560bd84,official_current_rolling_workbook,2025-09,new,7b75a12110e0bb1db7cc459c,True
松山市,2025-09,第703号,2025-09-08,2025-09-08,2030-09-30,飲食店営業,じゃんじゃか衣山,愛媛県松山市衣山1丁目188パルティフジ衣山内,382019,,,,,new_or_renewal,https://www.city.matsuyama.ehime.jp/shisei/opendata/metadata/shokuhinsinki.files/shokuhinsinki.xlsx,076ab31512db6c0d16c1b33f07ef1bd543cdc99cc8d394f932db4b2b7560bd84,official_current_rolling_workbook,2025-09,new,da31813e0e6fce82545a9652,True
松山市,2025-09,第704号,2025-09-08,2025-09-08,2030-09-30,飲食店営業,愛媛県立農業大学校食堂,愛媛県松山市下伊台町1553,382019,,,,,new_or_renewal,https://www.city.matsuyama.ehime.jp/shisei/opendata/metadata/shokuhinsinki.files/shokuhinsinki.xlsx,076ab31512db6c0d16c1b33f07ef1bd543cdc99cc8d394f932db4b2b7560bd84,official_current_rolling_workbook,2025-09,new,caa5b37446b56536fcb47788,True
松山市,2025-09,第705号,2025-09-08,2025-09-08,2030-09-30,菓子製造業,パティスリー　プティポワ,愛媛県松山市古三津3丁目20-11,382019,,,,,new_or_renewal,https://www.city.matsuyama.ehime.jp/shisei/opendata/metadata/shokuhinsinki.files/shokuhinsinki.xlsx,076ab31512db6c0d16c1b33f07ef1bd543cdc99cc8d394f932db4b2b7560bd84,official_current_rolling_workbook,2025-09,new,d4bb8379bafa025e5b1cba1a,False
松山市,2025-09,第706号,2025-09-08,2025-09-08,2030-09-30,菓子製造業,ロンじろう,愛媛県松山市北梅本町1936,382019,,,,,new_or_renewal,https://www.city.matsuyama.ehime.jp/shisei/opendata/metadata/shokuhinsinki.files/shokuhinsinki.xlsx,076ab31512db6c0d16c1b33f07ef1bd543cdc99cc8d394f932db4b2b7560bd84,official_current_rolling_workbook,2025-09,new,75b20f9e4ef0cab99a074b61,False
松山市,2025-09,第707号,2025-09-09,2025-09-09,2030-09-30,飲食店営業,Mahha☆Man cafe,愛媛県松山市久米窪田町672-1　1F,382019,,,,,new_or_renewal,https://www.city.matsuyama.ehime.jp/shisei/opendata/metadata/shokuhinsinki.files/shokuhinsinki.xlsx,076ab31512db6c0d16c1b33f07ef1bd543cdc99cc8d394f932db4b2b7560bd84,official_current_rolling_workbook,2025-09,new,41b92a42559e0781b8ae1d6d,True
松山市,2025-09,第708号,2025-09-09,2025-09-09,2030-09-30,飲食店営業,クリスタル,愛媛県松山市二番町1丁目9-12森ビル2F,382019,,,,,new_or_renewal,https://www.city.matsuyama.ehime.jp/shisei/opendata/metadata/shokuhinsinki.files/shokuhinsinki.xlsx,076ab31512db6c0d16c1b33f07ef1bd543cdc99cc8d394f932db4b2b7560bd84,official_current_rolling_workbook,2025-09,new,253a22e6f1ba5e1e246d6ebe,True
松山市,2025-09,第709号,2025-09-09,2025-09-09,2030-09-30,飲食店営業,GinBar Bluemoon～T＆Y～,愛媛県松山市二番町2丁目1-6ゴールドリッチビル205,382019,,,,,new_or_renewal,https://www.city.matsuyama.ehime.jp/shisei/opendata/metadata/shokuhinsinki.files/shokuhinsinki.xlsx,076ab31512db6c0d16c1b33f07ef1bd543cdc99cc8d394f932db4b2b7560bd84,official_current_rolling_workbook,2025-09,new,c29e50554b05ed2c7ae7b24b,True
松山市,2025-09,第710号,2025-09-09,2025-09-09,2030-09-30,飲食店営業,日清医療食品株式会社　野本記念病院事業所,愛媛県松山市三番町5丁目12-１野本記念病院　B1F,382019,,,,,new_or_renewal,https://www.city.matsuyama.ehime.jp/shisei/opendata/metadata/shokuhinsinki.files/shokuhinsinki.xlsx,076ab31512db6c0d16c1b33f07ef1bd543cdc99cc8d394f932db4b2b7560bd84,official_current_rolling_workbook,2025-09,new,759e00d73a017f97923243d3,True
松山市,2025-09,第711号,2025-09-09,2025-09-09,2030-09-30,飲食店営業,お好み焼き・鉄板焼き　味美,愛媛県松山市福音寺町36-5 フルール・ドゥ松山1F北側,382019,,,,,new_or_renewal,https://www.city.matsuyama.ehime.jp/shisei/opendata/metadata/shokuhinsinki.files/shokuhinsinki.xlsx,076ab31512db6c0d16c1b33f07ef1bd543cdc99cc8d394f932db4b2b7560bd84,official_current_rolling_workbook,2025-09,new,6bf8b3177a12524a323ba0dd,True
松山市,2025-09,第712号,2025-09-09,2025-09-09,2030-09-30,麺類製造業,田中製麺,愛媛県松山市元町1-27,382019,,,,,new_or_renewal,https://www.city.matsuyama.ehime.jp/shisei/opendata/metadata/shokuhinsinki.files/shokuhinsinki.xlsx,076ab31512db6c0d16c1b33f07ef1bd543cdc99cc8d394f932db4b2b7560bd84,official_current_rolling_workbook,2025-09,new,f65ce319f01a631a90123179,False
松山市,2025-09,第713号,2025-09-10,2025-09-10,2030-09-30,飲食店営業,BOOK　CAFE　NAWANAWA,愛媛県松山市泊町1352,382019,,,,,new_or_renewal,https://www.city.matsuyama.ehime.jp/shisei/opendata/metadata/shokuhinsinki.files/shokuhinsinki.xlsx,076ab31512db6c0d16c1b33f07ef1bd543cdc99cc8d394f932db4b2b7560bd84,official_current_rolling_workbook,2025-09,new,3fc4961a2740b82cc3b4b009,True
松山市,2025-09,第714号,2025-09-10,2025-09-10,2030-09-30,飲食店営業,MAISON　ROSIE,愛媛県松山市大街道3丁目2-27美工社ビル2F,382019,,,,,new_or_renewal,https://www.city.matsuyama.ehime.jp/shisei/opendata/metadata/shokuhinsinki.files/shokuhinsinki.xlsx,076ab31512db6c0d16c1b33f07ef1bd543cdc99cc8d394f932db4b2b7560bd84,official_current_rolling_workbook,2025-09,new,a697b8326721bfc0e2179631,True
松山市,2025-09,第715号,2025-09-10,2025-09-10,2030-09-30,飲食店営業,郷土和食　銀次郎,愛媛県松山市湊町5丁目1-1株式会社　伊予鉄髙島屋　8F,382019,,,,,new_or_renewal,https://www.city.matsuyama.ehime.jp/shisei/opendata/metadata/shokuhinsinki.files/shokuhinsinki.xlsx,076ab31512db6c0d16c1b33f07ef1bd543cdc99cc8d394f932db4b2b7560bd84,official_current_rolling_workbook,2025-09,new,4fd05fd82ea86f1f0b2014ea,True
松山市,2025-09,第716号,2025-09-10,2025-09-10,2030-09-30,食品の小分け業,有限会社ホクヨ　ＨＡフーズ加工所,愛媛県松山市河野別府1075-2,382019,,,,,new_or_renewal,https://www.city.matsuyama.ehime.jp/shisei/opendata/metadata/shokuhinsinki.files/shokuhinsinki.xlsx,076ab31512db6c0d16c1b33f07ef1bd543cdc99cc8d394f932db4b2b7560bd84,official_current_rolling_workbook,2025-09,new,cee14f41be6bca6d853d5bd1,False
松山市,2025-09,第717号,2025-09-10,2025-09-10,2030-09-30,飲食店営業,kitchen Y,愛媛県松山市富久町401-101F,382019,,,,,new_or_renewal,https://www.city.matsuyama.ehime.jp/shisei/opendata/metadata/shokuhinsinki.files/shokuhinsinki.xlsx,076ab31512db6c0d16c1b33f07ef1bd543cdc99cc8d394f932db4b2b7560bd84,official_current_rolling_workbook,2025-09,new,24cc77a69a82e9b0bbb4331c,True
松山市,2025-09,第718号,2025-09-10,2025-09-10,2030-09-30,冷凍食品製造業,有限会社モンド加工場,愛媛県松山市大可賀1丁目4-5,382019,,,,,new_or_renewal,https://www.city.matsuyama.ehime.jp/shisei/opendata/metadata/shokuhinsinki.files/shokuhinsinki.xlsx,076ab31512db6c0d16c1b33f07ef1bd543cdc99cc8d394f932db4b2b7560bd84,official_current_rolling_workbook,2025-09,new,1007fb415ec0cf059caae74c,False
松山市,2025-09,第719号,2025-09-10,2025-09-10,2030-09-30,魚介類販売業,有限会社モンド加工場,愛媛県松山市大可賀1丁目4-5,382019,,,,,new_or_renewal,https://www.city.matsuyama.ehime.jp/shisei/opendata/metadata/shokuhinsinki.files/shokuhinsinki.xlsx,076ab31512db6c0d16c1b33f07ef1bd543cdc99cc8d394f932db4b2b7560bd84,official_current_rolling_workbook,2025-09,new,096005d2c8b1e410d866e8c8,False
松山市,2025-09,第720号,2025-09-10,2025-09-10,2030-09-30,飲食店営業,プチ　カフェ　らしんばん,愛媛県松山市北条辻1385富田ビル1F,382019,,,,,new_or_renewal,https://www.city.matsuyama.ehime.jp/shisei/opendata/metadata/shokuhinsinki.files/shokuhinsinki.xlsx,076ab31512db6c0d16c1b33f07ef1bd543cdc99cc8d394f932db4b2b7560bd84,official_current_rolling_workbook,2025-09,new,e5961114d89c5f451b17427b,True
松山市,2025-09,第721号,2025-09-11,2025-09-11,2030-09-30,菓子製造業,ソルシエ　斎院店,愛媛県松山市南斎院町868-4,382019,,,,,new_or_renewal,https://www.city.matsuyama.ehime.jp/shisei/opendata/metadata/shokuhinsinki.files/shokuhinsinki.xlsx,076ab31512db6c0d16c1b33f07ef1bd543cdc99cc8d394f932db4b2b7560bd84,official_current_rolling_workbook,2025-09,new,304dacef63252aa2a57bdc3f,False
松山市,2025-09,第722号,2025-09-12,2025-09-12,2030-09-30,飲食店営業,じゃんぼ總本店　鷹子町店,愛媛県松山市鷹子町749-1,382019,,,,,new_or_renewal,https://www.city.matsuyama.ehime.jp/shisei/opendata/metadata/shokuhinsinki.files/shokuhinsinki.xlsx,076ab31512db6c0d16c1b33f07ef1bd543cdc99cc8d394f932db4b2b7560bd84,official_current_rolling_workbook,2025-09,new,0720f1bee727850cb3f6ca4a,True
松山市,2025-09,第723号,2025-09-16,2025-09-16,2030-09-30,飲食店営業,綾菜,愛媛県松山市三番町2丁目6-18参番館ビル2F,382019,,,,,new_or_renewal,https://www.city.matsuyama.ehime.jp/shisei/opendata/metadata/shokuhinsinki.files/shokuhinsinki.xlsx,076ab31512db6c0d16c1b33f07ef1bd543cdc99cc8d394f932db4b2b7560bd84,official_current_rolling_workbook,2025-09,new,a7a132e89dc599e0f00638f2,True
松山市,2025-09,第724号,2025-09-16,2025-09-16,2030-09-30,飲食店営業,瀬戸内割烹　媛結び,愛媛県松山市一番町1丁目14-9,382019,,,,,new_or_renewal,https://www.city.matsuyama.ehime.jp/shisei/opendata/metadata/shokuhinsinki.files/shokuhinsinki.xlsx,076ab31512db6c0d16c1b33f07ef1bd543cdc99cc8d394f932db4b2b7560bd84,official_current_rolling_workbook,2025-09,new,8ddcb8cff756b15ae25cd452,True
松山市,2025-09,第725号,2025-09-16,2025-09-16,2030-09-30,飲食店営業,いよてつ髙島屋　7階催会場　第24回京の老舗名品展,愛媛県松山市湊町5丁目1-1株式会社　伊予鉄髙島屋　7F,382019,,,,,new_or_renewal,https://www.city.matsuyama.ehime.jp/shisei/opendata/metadata/shokuhinsinki.files/shokuhinsinki.xlsx,076ab31512db6c0d16c1b33f07ef1bd543cdc99cc8d394f932db4b2b7560bd84,official_current_rolling_workbook,2025-09,new,af08d788898b62c00e5b0167,True
松山市,2025-09,第726号,2025-09-16,2025-09-16,2030-09-30,飲食店営業,LINK　ONE,愛媛県松山市保健所管内,382019,,,,,new_or_renewal,https://www.city.matsuyama.ehime.jp/shisei/opendata/metadata/shokuhinsinki.files/shokuhinsinki.xlsx,076ab31512db6c0d16c1b33f07ef1bd543cdc99cc8d394f932db4b2b7560bd84,official_current_rolling_workbook,2025-09,new,c335dd27cdf8ce7f63080ed5,True
松山市,2025-09,第727号,2025-09-16,2025-09-16,2030-09-30,菓子製造業,パテスリー　デコレ,愛媛県松山市北久米町303-8,382019,,,,,new_or_renewal,https://www.city.matsuyama.ehime.jp/shisei/opendata/metadata/shokuhinsinki.files/shokuhinsinki.xlsx,076ab31512db6c0d16c1b33f07ef1bd543cdc99cc8d394f932db4b2b7560bd84,official_current_rolling_workbook,2025-09,new,573076304e3a5ef93d03c728,False
松山市,2025-09,第728号,2025-09-16,2025-09-16,2030-09-30,飲食店営業,桜花,愛媛県松山市二番町1丁目2-9第一ジョイフルビル3F 302,382019,,,,,new_or_renewal,https://www.city.matsuyama.ehime.jp/shisei/opendata/metadata/shokuhinsinki.files/shokuhinsinki.xlsx,076ab31512db6c0d16c1b33f07ef1bd543cdc99cc8d394f932db4b2b7560bd84,official_current_rolling_workbook,2025-09,new,63c4fe0c2c0591809949951b,True
松山市,2025-09,第729号,2025-09-16,2025-09-16,2030-09-30,飲食店営業,凛家,愛媛県松山市山西町120-4,382019,,,,,new_or_renewal,https://www.city.matsuyama.ehime.jp/shisei/opendata/metadata/shokuhinsinki.files/shokuhinsinki.xlsx,076ab31512db6c0d16c1b33f07ef1bd543cdc99cc8d394f932db4b2b7560bd84,official_current_rolling_workbook,2025-09,new,3949c643bb1d8f2e74dfd515,True
松山市,2025-09,第730号,2025-09-16,2025-09-16,2030-09-30,飲食店営業,サービス付き高齢者向け住宅　かなりあ,愛媛県松山市北久米町1125-5 1F,382019,,,,,new_or_renewal,https://www.city.matsuyama.ehime.jp/shisei/opendata/metadata/shokuhinsinki.files/shokuhinsinki.xlsx,076ab31512db6c0d16c1b33f07ef1bd543cdc99cc8d394f932db4b2b7560bd84,official_current_rolling_workbook,2025-09,new,a14711883a7cf3bed9893769,True
松山市,2025-09,第732号,2025-09-17,2025-09-17,2030-09-30,飲食店営業,食卓縁満,愛媛県松山市三番町2丁目5-2三栄ビルNo2 1F 東号室,382019,,,,,new_or_renewal,https://www.city.matsuyama.ehime.jp/shisei/opendata/metadata/shokuhinsinki.files/shokuhinsinki.xlsx,076ab31512db6c0d16c1b33f07ef1bd543cdc99cc8d394f932db4b2b7560bd84,official_current_rolling_workbook,2025-09,new,1f3febc88674fdaf0cb0f071,True
松山市,2025-09,第733号,2025-09-18,2025-09-18,2030-09-30,飲食店営業,熟田津迅速舎　珈琲遊撃隊,愛媛県松山市保健所管内,382019,,,,,new_or_renewal,https://www.city.matsuyama.ehime.jp/shisei/opendata/metadata/shokuhinsinki.files/shokuhinsinki.xlsx,076ab31512db6c0d16c1b33f07ef1bd543cdc99cc8d394f932db4b2b7560bd84,official_current_rolling_workbook,2025-09,new,dca94ef7bfe92d7cdd8a838d,True
松山市,2025-09,第734号,2025-09-18,2025-09-18,2030-09-30,飲食店営業,まちの喫茶店,愛媛県松山市東石井6丁目11-31,382019,,,,,new_or_renewal,https://www.city.matsuyama.ehime.jp/shisei/opendata/metadata/shokuhinsinki.files/shokuhinsinki.xlsx,076ab31512db6c0d16c1b33f07ef1bd543cdc99cc8d394f932db4b2b7560bd84,official_current_rolling_workbook,2025-09,new,53af0570826dd57e42c38909,True
松山市,2025-09,第735号,2025-09-19,2025-09-19,2030-09-30,飲食店営業,ほわいと　みらいフードサービス事業所,愛媛県松山市今在家2丁目1₋15,382019,,,,,new_or_renewal,https://www.city.matsuyama.ehime.jp/shisei/opendata/metadata/shokuhinsinki.files/shokuhinsinki.xlsx,076ab31512db6c0d16c1b33f07ef1bd543cdc99cc8d394f932db4b2b7560bd84,official_current_rolling_workbook,2025-09,new,99ec4422aa119609c70e336d,True
松山市,2025-09,第736号,2025-09-22,2025-09-22,2030-09-30,飲食店営業,Bar Gang,愛媛県松山市二番町1丁目10-4番町ビル107,382019,,,,,new_or_renewal,https://www.city.matsuyama.ehime.jp/shisei/opendata/metadata/shokuhinsinki.files/shokuhinsinki.xlsx,076ab31512db6c0d16c1b33f07ef1bd543cdc99cc8d394f932db4b2b7560bd84,official_current_rolling_workbook,2025-09,new,cbba89e95b387109fb65872c,True
松山市,2025-09,第737号,2025-09-22,2025-09-22,2030-09-30,飲食店営業,炭炉ばた　こみ哉,愛媛県松山市二番町3丁目7-19 フジコビルA 1F,382019,,,,,new_or_renewal,https://www.city.matsuyama.ehime.jp/shisei/opendata/metadata/shokuhinsinki.files/shokuhinsinki.xlsx,076ab31512db6c0d16c1b33f07ef1bd543cdc99cc8d394f932db4b2b7560bd84,official_current_rolling_workbook,2025-09,new,5b2def2ff44fc41be03f4bc3,True
松山市,2025-09,第738号,2025-09-22,2025-09-22,2030-09-30,飲食店営業,旬鮮酒楽　青也,愛媛県松山市二番町2丁目7-3第一内海ビル1F 101号,382019,,,,,new_or_renewal,https://www.city.matsuyama.ehime.jp/shisei/opendata/metadata/shokuhinsinki.files/shokuhinsinki.xlsx,076ab31512db6c0d16c1b33f07ef1bd543cdc99cc8d394f932db4b2b7560bd84,official_current_rolling_workbook,2025-09,new,3500e40c7377a6e81b6e9188,True
松山市,2025-09,第739号,2025-09-22,2025-09-22,2030-09-30,菓子製造業,うちだパン枝松店,愛媛県松山市枝松1丁目9-34,382019,,,,,new_or_renewal,https://www.city.matsuyama.ehime.jp/shisei/opendata/metadata/shokuhinsinki.files/shokuhinsinki.xlsx,076ab31512db6c0d16c1b33f07ef1bd543cdc99cc8d394f932db4b2b7560bd84,official_current_rolling_workbook,2025-09,new,9cb243038d243294c93b6caf,False
松山市,2025-09,第740号,2025-09-22,2025-09-22,2030-09-30,飲食店営業,小六,愛媛県松山市保健所管内,382019,,,,,new_or_renewal,https://www.city.matsuyama.ehime.jp/shisei/opendata/metadata/shokuhinsinki.files/shokuhinsinki.xlsx,076ab31512db6c0d16c1b33f07ef1bd543cdc99cc8d394f932db4b2b7560bd84,official_current_rolling_workbook,2025-09,new,9b8d1b110a2ccb4d27dfcac5,True
松山市,2025-09,第741号,2025-09-24,2025-09-24,2030-09-30,飲食店営業,mone,愛媛県松山市土居田町133-1　ドン・キホーテ1F,382019,,,,,new_or_renewal,https://www.city.matsuyama.ehime.jp/shisei/opendata/metadata/shokuhinsinki.files/shokuhinsinki.xlsx,076ab31512db6c0d16c1b33f07ef1bd543cdc99cc8d394f932db4b2b7560bd84,official_current_rolling_workbook,2025-09,new,cbafb4d1b4a314b783ad63f7,True
松山市,2025-09,第742号,2025-09-24,2025-09-24,2030-09-30,飲食店営業,A Bike Story,愛媛県松山市三津1丁目8-18,382019,,,,,new_or_renewal,https://www.city.matsuyama.ehime.jp/shisei/opendata/metadata/shokuhinsinki.files/shokuhinsinki.xlsx,076ab31512db6c0d16c1b33f07ef1bd543cdc99cc8d394f932db4b2b7560bd84,official_current_rolling_workbook,2025-09,new,c8c0001ab39493095656a754,True
松山市,2025-09,第743号,2025-09-24,2025-09-24,2030-09-30,飲食店営業,それゆけ！鶏ヤロー！松山二番町店,愛媛県松山市二番町2丁目4-10MUKAIBLDG-6 2F,382019,,,,,new_or_renewal,https://www.city.matsuyama.ehime.jp/shisei/opendata/metadata/shokuhinsinki.files/shokuhinsinki.xlsx,076ab31512db6c0d16c1b33f07ef1bd543cdc99cc8d394f932db4b2b7560bd84,official_current_rolling_workbook,2025-09,new,f2089f8614bc5a68f14bb4d9,True
松山市,2025-09,第744号,2025-09-24,2025-09-24,2030-09-30,飲食店営業,W studio RED,愛媛県松山市湊町4丁目10-8BE-FLATビルB1F,382019,,,,,new_or_renewal,https://www.city.matsuyama.ehime.jp/shisei/opendata/metadata/shokuhinsinki.files/shokuhinsinki.xlsx,076ab31512db6c0d16c1b33f07ef1bd543cdc99cc8d394f932db4b2b7560bd84,official_current_rolling_workbook,2025-09,new,5b0b15f247ca507a026e86dd,True
松山市,2025-09,第745号,2025-09-24,2025-09-24,2030-09-30,豆腐製造業,有限会社　住吉商店,愛媛県松山市竹原2丁目14-1,382019,,,,,new_or_renewal,https://www.city.matsuyama.ehime.jp/shisei/opendata/metadata/shokuhinsinki.files/shokuhinsinki.xlsx,076ab31512db6c0d16c1b33f07ef1bd543cdc99cc8d394f932db4b2b7560bd84,official_current_rolling_workbook,2025-09,new,0f77771da3b8edd384734406,False
松山市,2025-09,第746号,2025-09-25,2025-09-25,2030-09-30,飲食店営業,ベリーズ,愛媛県松山市市坪西町625-1松山中央公園野球場　1塁側売店A,382019,,,,,new_or_renewal,https://www.city.matsuyama.ehime.jp/shisei/opendata/metadata/shokuhinsinki.files/shokuhinsinki.xlsx,076ab31512db6c0d16c1b33f07ef1bd543cdc99cc8d394f932db4b2b7560bd84,official_current_rolling_workbook,2025-09,new,dbf1d0d6a284d0921fa616e9,True
松山市,2025-09,第747号,2025-09-25,2025-09-25,2030-09-30,飲食店営業,かどや大街道店,愛媛県松山市大街道3丁目1-1いよてつ会館ビル地下1F,382019,,,,,new_or_renewal,https://www.city.matsuyama.ehime.jp/shisei/opendata/metadata/shokuhinsinki.files/shokuhinsinki.xlsx,076ab31512db6c0d16c1b33f07ef1bd543cdc99cc8d394f932db4b2b7560bd84,official_current_rolling_workbook,2025-09,new,d2314361a9a3af19380eb0cd,True
松山市,2025-09,第748号,2025-09-25,2025-09-25,2030-09-30,飲食店営業,チャーリーズベジタブル,愛媛県松山市歩行町2丁目3-16,382019,,,,,new_or_renewal,https://www.city.matsuyama.ehime.jp/shisei/opendata/metadata/shokuhinsinki.files/shokuhinsinki.xlsx,076ab31512db6c0d16c1b33f07ef1bd543cdc99cc8d394f932db4b2b7560bd84,official_current_rolling_workbook,2025-09,new,1c554c7aadddc7dce9d4c890,True
松山市,2025-09,第749号,2025-09-25,2025-09-25,2030-09-30,飲食店営業,我家茶間　やまもと,愛媛県松山市古三津1丁目13-13,382019,,,,,new_or_renewal,https://www.city.matsuyama.ehime.jp/shisei/opendata/metadata/shokuhinsinki.files/shokuhinsinki.xlsx,076ab31512db6c0d16c1b33f07ef1bd543cdc99cc8d394f932db4b2b7560bd84,official_current_rolling_workbook,2025-09,new,ccf5ed237ba83646c363e10f,True
松山市,2025-09,第750号,2025-09-26,2025-09-26,2030-09-30,飲食店営業,ENCORE,愛媛県松山市二番町2丁目1-11　南江戸長ビル2F　A号,382019,,,,,new_or_renewal,https://www.city.matsuyama.ehime.jp/shisei/opendata/metadata/shokuhinsinki.files/shokuhinsinki.xlsx,076ab31512db6c0d16c1b33f07ef1bd543cdc99cc8d394f932db4b2b7560bd84,official_current_rolling_workbook,2025-09,new,1caa72513e253bff5afbb7ce,True
松山市,2025-09,第751号,2025-09-26,2025-09-26,2030-09-30,飲食店営業,Club Jupiter,愛媛県松山市三番町1丁目15-5LIDO・STAGEビル40B号店舗,382019,,,,,new_or_renewal,https://www.city.matsuyama.ehime.jp/shisei/opendata/metadata/shokuhinsinki.files/shokuhinsinki.xlsx,076ab31512db6c0d16c1b33f07ef1bd543cdc99cc8d394f932db4b2b7560bd84,official_current_rolling_workbook,2025-09,new,97f7f2c9e589b8538a4211b0,True
松山市,2025-09,第752号,2025-09-26,2025-09-26,2030-09-30,飲食店営業,愛華楼,愛媛県松山市天山1丁目13-5イオンスタイル松山1F,382019,,,,,new_or_renewal,https://www.city.matsuyama.ehime.jp/shisei/opendata/metadata/shokuhinsinki.files/shokuhinsinki.xlsx,076ab31512db6c0d16c1b33f07ef1bd543cdc99cc8d394f932db4b2b7560bd84,official_current_rolling_workbook,2025-09,new,13e3c68fd8cebfab440a144c,True
松山市,2025-09,第753号,2025-09-26,2025-09-26,2030-09-30,飲食店営業,P・SPO食堂 北条店,愛媛県松山市柳原832-1,382019,,,,,new_or_renewal,https://www.city.matsuyama.ehime.jp/shisei/opendata/metadata/shokuhinsinki.files/shokuhinsinki.xlsx,076ab31512db6c0d16c1b33f07ef1bd543cdc99cc8d394f932db4b2b7560bd84,official_current_rolling_workbook,2025-09,new,0dbc3f9f11b4800aa7da6359,True
松山市,2025-09,第754号,2025-09-26,2025-09-26,2030-09-30,飲食店営業,仕出し　松前,愛媛県松山市萱町2丁目5-7黒光ビル1F,382019,,,,,new_or_renewal,https://www.city.matsuyama.ehime.jp/shisei/opendata/metadata/shokuhinsinki.files/shokuhinsinki.xlsx,076ab31512db6c0d16c1b33f07ef1bd543cdc99cc8d394f932db4b2b7560bd84,official_current_rolling_workbook,2025-09,new,2bcd158d6375414f0e44dd7f,True
松山市,2025-09,第755号,2025-09-26,2025-09-26,2030-09-30,飲食店営業,元祖宇和島鯛めし　丸水　本店,愛媛県松山市大街道3丁目7-8,382019,,,,,new_or_renewal,https://www.city.matsuyama.ehime.jp/shisei/opendata/metadata/shokuhinsinki.files/shokuhinsinki.xlsx,076ab31512db6c0d16c1b33f07ef1bd543cdc99cc8d394f932db4b2b7560bd84,official_current_rolling_workbook,2025-09,new,05b3315aa1579e6c9b2ec3ad,True
松山市,2025-09,第756号,2025-09-29,2025-09-29,2030-09-30,飲食店営業,Curry Ball,愛媛県松山市保健所管内,382019,,,,,new_or_renewal,https://www.city.matsuyama.ehime.jp/shisei/opendata/metadata/shokuhinsinki.files/shokuhinsinki.xlsx,076ab31512db6c0d16c1b33f07ef1bd543cdc99cc8d394f932db4b2b7560bd84,official_current_rolling_workbook,2025-09,new,46493dc08be8cd9e3d71044e,True
松山市,2025-09,第757号,2025-09-29,2025-09-29,2030-09-30,飲食店営業,パブリック＆ジャパニーズバール　atorieー亜留理絵ー,愛媛県松山市南高井町956,382019,,,,,new_or_renewal,https://www.city.matsuyama.ehime.jp/shisei/opendata/metadata/shokuhinsinki.files/shokuhinsinki.xlsx,076ab31512db6c0d16c1b33f07ef1bd543cdc99cc8d394f932db4b2b7560bd84,official_current_rolling_workbook,2025-09,new,07cc7e11faf630ac0b6742ea,True
松山市,2025-09,第758号,2025-09-29,2025-09-29,2030-09-30,菓子製造業,Moms Kitchen HANA MANA,愛媛県松山市水泥町818-2,382019,,,,,new_or_renewal,https://www.city.matsuyama.ehime.jp/shisei/opendata/metadata/shokuhinsinki.files/shokuhinsinki.xlsx,076ab31512db6c0d16c1b33f07ef1bd543cdc99cc8d394f932db4b2b7560bd84,official_current_rolling_workbook,2025-09,new,2db2f3f9145ec7e937c4a6bf,False
松山市,2025-09,第759号,2025-09-29,2025-09-29,2030-09-30,そうざい製造業,Moms Kitchen HANA MANA,愛媛県松山市水泥町818-2,382019,,,,,new_or_renewal,https://www.city.matsuyama.ehime.jp/shisei/opendata/metadata/shokuhinsinki.files/shokuhinsinki.xlsx,076ab31512db6c0d16c1b33f07ef1bd543cdc99cc8d394f932db4b2b7560bd84,official_current_rolling_workbook,2025-09,new,a600ba60692f14a34bb6f213,False
松山市,2025-09,第760号,2025-09-29,2025-09-29,2030-09-30,飲食店営業,BAR　アンパサンド,愛媛県松山市三番町2丁目10-5第1アークビル5F,382019,,,,,new_or_renewal,https://www.city.matsuyama.ehime.jp/shisei/opendata/metadata/shokuhinsinki.files/shokuhinsinki.xlsx,076ab31512db6c0d16c1b33f07ef1bd543cdc99cc8d394f932db4b2b7560bd84,official_current_rolling_workbook,2025-09,new,1c211d4cd86753c5dacc505f,True
松山市,2025-09,第761号,2025-09-29,2025-09-29,2030-09-30,飲食店営業,心逢,愛媛県松山市二番町1丁目4-9二番町CITYビル 403号,382019,,,,,new_or_renewal,https://www.city.matsuyama.ehime.jp/shisei/opendata/metadata/shokuhinsinki.files/shokuhinsinki.xlsx,076ab31512db6c0d16c1b33f07ef1bd543cdc99cc8d394f932db4b2b7560bd84,official_current_rolling_workbook,2025-09,new,e1474d6181b66b2c70657833,True
松山市,2025-09,第762号,2025-09-29,2025-09-29,2030-09-30,飲食店営業,ねいろ屋,愛媛県松山市保健所管内,382019,,,,,new_or_renewal,https://www.city.matsuyama.ehime.jp/shisei/opendata/metadata/shokuhinsinki.files/shokuhinsinki.xlsx,076ab31512db6c0d16c1b33f07ef1bd543cdc99cc8d394f932db4b2b7560bd84,official_current_rolling_workbook,2025-09,new,fdbacf4b6ab602296221307b,True
松山市,2025-09,第763号,2025-09-29,2025-09-29,2030-09-30,菓子製造業,パティスリー　ラポール　持田店,愛媛県松山市此花町7-27,382019,,,,,new_or_renewal,https://www.city.matsuyama.ehime.jp/shisei/opendata/metadata/shokuhinsinki.files/shokuhinsinki.xlsx,076ab31512db6c0d16c1b33f07ef1bd543cdc99cc8d394f932db4b2b7560bd84,official_current_rolling_workbook,2025-09,new,ddfa8a02f867072c3f705468,False
松山市,2025-09,第764号,2025-09-29,2025-09-29,2030-09-30,飲食店営業,bar de espana Central,愛媛県松山市二番町2丁目5-46 OSビル1F,382019,,,,,new_or_renewal,https://www.city.matsuyama.ehime.jp/shisei/opendata/metadata/shokuhinsinki.files/shokuhinsinki.xlsx,076ab31512db6c0d16c1b33f07ef1bd543cdc99cc8d394f932db4b2b7560bd84,official_current_rolling_workbook,2025-09,new,ea118afd8e07ce825f52dce5,True
松山市,2025-09,第765号,2025-09-29,2025-09-29,2030-09-30,飲食店営業,鮨×天ぷら　ウオヒヒ,愛媛県松山市二番町1丁目4-16西原ビル10E号,382019,,,,,new_or_renewal,https://www.city.matsuyama.ehime.jp/shisei/opendata/metadata/shokuhinsinki.files/shokuhinsinki.xlsx,076ab31512db6c0d16c1b33f07ef1bd543cdc99cc8d394f932db4b2b7560bd84,official_current_rolling_workbook,2025-09,new,72df652bd393e571190ae01c,True
松山市,2025-09,第766号,2025-09-29,2025-09-29,2030-09-30,飲食店営業,DAINO　P・SPO24　土居田店,"愛媛県松山市土居田町23-1ダイノP・SPO24土居田店1F,4F",382019,,,,,new_or_renewal,https://www.city.matsuyama.ehime.jp/shisei/opendata/metadata/shokuhinsinki.files/shokuhinsinki.xlsx,076ab31512db6c0d16c1b33f07ef1bd543cdc99cc8d394f932db4b2b7560bd84,official_current_rolling_workbook,2025-09,new,77edb5a4626b1bb48031afca,True
松山市,2025-09,第767号,2025-09-29,2025-09-29,2030-09-30,飲食店営業,日清医療食品株式会社　久谷荘事業所,愛媛県松山市恵原町甲940,382019,,,,,new_or_renewal,https://www.city.matsuyama.ehime.jp/shisei/opendata/metadata/shokuhinsinki.files/shokuhinsinki.xlsx,076ab31512db6c0d16c1b33f07ef1bd543cdc99cc8d394f932db4b2b7560bd84,official_current_rolling_workbook,2025-09,new,2c950888df494499f716712f,True
松山市,2025-09,第768号,2025-09-29,2025-09-29,2030-09-30,飲食店営業,日清医療食品株式会社　やまだリウマチクリニック事業所,愛媛県松山市樽味4丁目3-33やまだリウマチクリニック内,382019,,,,,new_or_renewal,https://www.city.matsuyama.ehime.jp/shisei/opendata/metadata/shokuhinsinki.files/shokuhinsinki.xlsx,076ab31512db6c0d16c1b33f07ef1bd543cdc99cc8d394f932db4b2b7560bd84,official_current_rolling_workbook,2025-09,new,82ced5357a23dcc101feebda,True
松山市,2025-09,第769号,2025-09-30,2025-09-30,2030-09-30,魚介類販売業,いよてつ髙島屋　7階催会場　第55回北海道の物産と観光展,愛媛県松山市湊町5丁目1-1株式会社　伊予鉄髙島屋　7F８F,382019,,,,,new_or_renewal,https://www.city.matsuyama.ehime.jp/shisei/opendata/metadata/shokuhinsinki.files/shokuhinsinki.xlsx,076ab31512db6c0d16c1b33f07ef1bd543cdc99cc8d394f932db4b2b7560bd84,official_current_rolling_workbook,2025-09,new,14ba96aa05850a51fa2b858f,False
松山市,2025-09,第770号,2025-09-30,2025-09-30,2030-09-30,飲食店営業,いよてつ髙島屋　7階催会場　第55回北海道の物産と観光展,愛媛県松山市湊町5丁目1-1株式会社　伊予鉄髙島屋　7F８F,382019,,,,,new_or_renewal,https://www.city.matsuyama.ehime.jp/shisei/opendata/metadata/shokuhinsinki.files/shokuhinsinki.xlsx,076ab31512db6c0d16c1b33f07ef1bd543cdc99cc8d394f932db4b2b7560bd84,official_current_rolling_workbook,2025-09,new,fce9461a0d54d262a736a29e,True
松山市,2025-09,第771号,2025-09-30,2025-09-30,2030-09-30,飲食店営業,KF-9727,愛媛県松山市中西外777-1,382019,,,,,new_or_renewal,https://www.city.matsuyama.ehime.jp/shisei/opendata/metadata/shokuhinsinki.files/shokuhinsinki.xlsx,076ab31512db6c0d16c1b33f07ef1bd543cdc99cc8d394f932db4b2b7560bd84,official_current_rolling_workbook,2025-09,new,8dec8feeab659b5161898f76,True
松山市,2025-09,第772号,2025-09-30,2025-09-30,2030-09-30,飲食店営業,カタオモイ,愛媛県松山市湊町3丁目7-17白山ビル1F,382019,,,,,new_or_renewal,https://www.city.matsuyama.ehime.jp/shisei/opendata/metadata/shokuhinsinki.files/shokuhinsinki.xlsx,076ab31512db6c0d16c1b33f07ef1bd543cdc99cc8d394f932db4b2b7560bd84,official_current_rolling_workbook,2025-09,new,e8b1f506057e0d211a2d9daf,True
松山市,2025-09,第773号,2025-09-30,2025-09-30,2030-09-30,菓子製造業,カタオモイ,愛媛県松山市湊町3丁目7-17白山ビル1F,382019,,,,,new_or_renewal,https://www.city.matsuyama.ehime.jp/shisei/opendata/metadata/shokuhinsinki.files/shokuhinsinki.xlsx,076ab31512db6c0d16c1b33f07ef1bd543cdc99cc8d394f932db4b2b7560bd84,official_current_rolling_workbook,2025-09,new,a875e6eb4ead650d34dff81e,False
松山市,2025-09,第774号,2025-09-30,2025-09-30,2030-09-30,飲食店営業,UNGLA,愛媛県松山市二番町1丁目9-4T-YOUNGビル 3F南,382019,,,,,new_or_renewal,https://www.city.matsuyama.ehime.jp/shisei/opendata/metadata/shokuhinsinki.files/shokuhinsinki.xlsx,076ab31512db6c0d16c1b33f07ef1bd543cdc99cc8d394f932db4b2b7560bd84,official_current_rolling_workbook,2025-09,new,c057e3aa6be8f86ab85b3b62,True
松山市,2025-09,第775号,2025-09-30,2025-09-30,2030-09-30,飲食店営業,スタジオキャッスルSIDE,愛媛県松山市久万ノ台1264,382019,,,,,new_or_renewal,https://www.city.matsuyama.ehime.jp/shisei/opendata/metadata/shokuhinsinki.files/shokuhinsinki.xlsx,076ab31512db6c0d16c1b33f07ef1bd543cdc99cc8d394f932db4b2b7560bd84,official_current_rolling_workbook,2025-09,new,a2db2f7b9af54ccd1766e4b3,True
松山市,2025-09,第776号,2025-09-30,2025-09-30,2030-09-30,飲食店営業,浪花堂,愛媛県松山市保健所管内,382019,,,,,new_or_renewal,https://www.city.matsuyama.ehime.jp/shisei/opendata/metadata/shokuhinsinki.files/shokuhinsinki.xlsx,076ab31512db6c0d16c1b33f07ef1bd543cdc99cc8d394f932db4b2b7560bd84,official_current_rolling_workbook,2025-09,new,0970d5dea0ad444b879072b3,True
松山市,2025-09,第777号,2025-09-30,2025-09-30,2030-09-30,飲食店営業,元祖からあげ本町店,愛媛県松山市本町7丁目3-4 1F,382019,,,,,new_or_renewal,https://www.city.matsuyama.ehime.jp/shisei/opendata/metadata/shokuhinsinki.files/shokuhinsinki.xlsx,076ab31512db6c0d16c1b33f07ef1bd543cdc99cc8d394f932db4b2b7560bd84,official_current_rolling_workbook,2025-09,new,66510b5fa42bf6a5c261ce66,True
松山市,2025-09,第778号,2025-09-30,2025-09-30,2030-09-30,飲食店営業,ひびき,愛媛県松山市三番町1丁目10-14第24ミツワビル3F,382019,,,,,new_or_renewal,https://www.city.matsuyama.ehime.jp/shisei/opendata/metadata/shokuhinsinki.files/shokuhinsinki.xlsx,076ab31512db6c0d16c1b33f07ef1bd543cdc99cc8d394f932db4b2b7560bd84,official_current_rolling_workbook,2025-09,new,2eab84d08bf32352c2f0919e,True
松山市,2025-09,第779号,2025-09-30,2025-09-30,2030-09-30,飲食店営業,浪速屋　鳥造　松山三番町店,"愛媛県松山市三番町2丁目6‐16Smileビル1F,2F",382019,,,,,new_or_renewal,https://www.city.matsuyama.ehime.jp/shisei/opendata/metadata/shokuhinsinki.files/shokuhinsinki.xlsx,076ab31512db6c0d16c1b33f07ef1bd543cdc99cc8d394f932db4b2b7560bd84,official_current_rolling_workbook,2025-09,new,88b819eccb040b176630cf0d,True
松山市,2025-09,第780号,2025-09-30,2025-09-30,2030-09-30,飲食店営業,HINOKI BLUES,愛媛県松山市三番町4丁目9-13砂田ビル1F,382019,,,,,new_or_renewal,https://www.city.matsuyama.ehime.jp/shisei/opendata/metadata/shokuhinsinki.files/shokuhinsinki.xlsx,076ab31512db6c0d16c1b33f07ef1bd543cdc99cc8d394f932db4b2b7560bd84,official_current_rolling_workbook,2025-09,new,89c5168ef8c66221565aae9a,True
松山市,2025-09,第781号,2025-09-30,2025-09-30,2030-09-30,飲食店営業,焼き鳥　トクイ,愛媛県松山市三番町1丁目8-11一矢ビル1F,382019,,,,,new_or_renewal,https://www.city.matsuyama.ehime.jp/shisei/opendata/metadata/shokuhinsinki.files/shokuhinsinki.xlsx,076ab31512db6c0d16c1b33f07ef1bd543cdc99cc8d394f932db4b2b7560bd84,official_current_rolling_workbook,2025-09,new,241db37a83c2c781a49537e2,True
松山市,2025-09,第782号,2025-09-30,2025-09-30,2030-09-30,飲食店営業,東屋,愛媛県松山市二番町3丁目4-131F,382019,,,,,new_or_renewal,https://www.city.matsuyama.ehime.jp/shisei/opendata/metadata/shokuhinsinki.files/shokuhinsinki.xlsx,076ab31512db6c0d16c1b33f07ef1bd543cdc99cc8d394f932db4b2b7560bd84,official_current_rolling_workbook,2025-09,new,9361b6327cdb5d5485058dac,True
松山市,2025-10,第783号,2025-10-01,2025-10-01,2030-09-30,飲食店営業,ＭＥＬＡ　ケバブ,松山市西一万町6-2 1F,382019,,,,,new_or_renewal,https://www.city.matsuyama.ehime.jp/shisei/opendata/metadata/shokuhinsinki.files/shokuhinsinki.xlsx,076ab31512db6c0d16c1b33f07ef1bd543cdc99cc8d394f932db4b2b7560bd84,official_current_rolling_workbook,2025-10,new,7f7ad19131c2a4e7e5247d15,True
松山市,2025-10,第784号,2025-10-01,2025-10-01,2030-09-30,飲食店営業,STAND SEVENs GARYU BREWING,松山市湊町5丁目1-1 まつちかタウン16号店舗,382019,,,,,new_or_renewal,https://www.city.matsuyama.ehime.jp/shisei/opendata/metadata/shokuhinsinki.files/shokuhinsinki.xlsx,076ab31512db6c0d16c1b33f07ef1bd543cdc99cc8d394f932db4b2b7560bd84,official_current_rolling_workbook,2025-10,new,cba8a3f6cced1bbb3b073af5,True
松山市,2025-10,第785号,2025-10-01,2025-10-01,2030-09-30,飲食店営業,CHROL,松山市二番町1丁目10-4番町ビル105号,382019,,,,,new_or_renewal,https://www.city.matsuyama.ehime.jp/shisei/opendata/metadata/shokuhinsinki.files/shokuhinsinki.xlsx,076ab31512db6c0d16c1b33f07ef1bd543cdc99cc8d394f932db4b2b7560bd84,official_current_rolling_workbook,2025-10,new,800deba3162a0fb76e434fe9,True
松山市,2025-10,第786号,2025-10-03,2025-10-03,2030-12-31,飲食店営業,就労継続支援　B型事業所　someday,松山市勝岡町107,382019,,,,,new_or_renewal,https://www.city.matsuyama.ehime.jp/shisei/opendata/metadata/shokuhinsinki.files/shokuhinsinki.xlsx,076ab31512db6c0d16c1b33f07ef1bd543cdc99cc8d394f932db4b2b7560bd84,official_current_rolling_workbook,2025-10,new,6da0125ed43fcaaf6d3b9872,True
松山市,2025-10,第787号,2025-10-03,2025-10-03,2030-12-31,飲食店営業,からあげやカリッジュ　畑寺店,松山市畑寺2丁目16-8,382019,,,,,new_or_renewal,https://www.city.matsuyama.ehime.jp/shisei/opendata/metadata/shokuhinsinki.files/shokuhinsinki.xlsx,076ab31512db6c0d16c1b33f07ef1bd543cdc99cc8d394f932db4b2b7560bd84,official_current_rolling_workbook,2025-10,new,cf4b46c2fe6490a46ba4276b,True
松山市,2025-10,第788号,2025-10-03,2025-10-03,2030-12-31,飲食店営業,クラシコ,松山市千舟町2丁目7-17土岐ビル1F,382019,,,,,new_or_renewal,https://www.city.matsuyama.ehime.jp/shisei/opendata/metadata/shokuhinsinki.files/shokuhinsinki.xlsx,076ab31512db6c0d16c1b33f07ef1bd543cdc99cc8d394f932db4b2b7560bd84,official_current_rolling_workbook,2025-10,new,87b42310734e8f3f681a576f,True
松山市,2025-10,第789号,2025-10-03,2025-10-03,2030-12-31,飲食店営業,ほろよいフェスタ　2025,松山市堀之内城山公園,382019,,,,,new_or_renewal,https://www.city.matsuyama.ehime.jp/shisei/opendata/metadata/shokuhinsinki.files/shokuhinsinki.xlsx,076ab31512db6c0d16c1b33f07ef1bd543cdc99cc8d394f932db4b2b7560bd84,official_current_rolling_workbook,2025-10,new,1f8e82490e60683e237ce70d,True
松山市,2025-10,第790号,2025-10-03,2025-10-03,2030-12-31,飲食店営業,BAR 酒都,松山市三番町2丁目9-2 シエロビル3Fb（南）号室,382019,,,,,new_or_renewal,https://www.city.matsuyama.ehime.jp/shisei/opendata/metadata/shokuhinsinki.files/shokuhinsinki.xlsx,076ab31512db6c0d16c1b33f07ef1bd543cdc99cc8d394f932db4b2b7560bd84,official_current_rolling_workbook,2025-10,new,0b6f5e674d5d91e7628aad76,True
松山市,2025-10,第791号,2025-10-06,2025-10-06,2030-12-31,飲食店営業,食事処 亀八,松山市北条辻1320-3,382019,,,,,new_or_renewal,https://www.city.matsuyama.ehime.jp/shisei/opendata/metadata/shokuhinsinki.files/shokuhinsinki.xlsx,076ab31512db6c0d16c1b33f07ef1bd543cdc99cc8d394f932db4b2b7560bd84,official_current_rolling_workbook,2025-10,new,944802a07928130923dd8f00,True
松山市,2025-10,第792号,2025-10-06,2025-10-06,2030-12-31,菓子製造業,THE GREEN CARMEL,松山市白水台4丁目2-1,382019,,,,,new_or_renewal,https://www.city.matsuyama.ehime.jp/shisei/opendata/metadata/shokuhinsinki.files/shokuhinsinki.xlsx,076ab31512db6c0d16c1b33f07ef1bd543cdc99cc8d394f932db4b2b7560bd84,official_current_rolling_workbook,2025-10,new,85412c48f0b5f57c5098b43e,False
松山市,2025-10,第793号,2025-10-08,2025-10-08,2030-12-31,飲食店営業,しらかた珈琲,松山市道後湯之町4-54射場ビル１F,382019,,,,,new_or_renewal,https://www.city.matsuyama.ehime.jp/shisei/opendata/metadata/shokuhinsinki.files/shokuhinsinki.xlsx,076ab31512db6c0d16c1b33f07ef1bd543cdc99cc8d394f932db4b2b7560bd84,official_current_rolling_workbook,2025-10,new,83a0ef6120e4d570cb7bc5da,True
松山市,2025-10,第794号,2025-10-08,2025-10-08,2030-12-31,飲食店営業,酎ハイ酒場　兎に角,松山市二番町1丁目5-3古唐人ビル　松山館Ⅱ 1F,382019,,,,,new_or_renewal,https://www.city.matsuyama.ehime.jp/shisei/opendata/metadata/shokuhinsinki.files/shokuhinsinki.xlsx,076ab31512db6c0d16c1b33f07ef1bd543cdc99cc8d394f932db4b2b7560bd84,official_current_rolling_workbook,2025-10,new,775b72fa28e3d05e2eb64349,True
松山市,2025-10,第795号,2025-10-08,2025-10-08,2030-12-31,飲食店営業,こころ　めし,松山市二番町1丁目9-6,382019,,,,,new_or_renewal,https://www.city.matsuyama.ehime.jp/shisei/opendata/metadata/shokuhinsinki.files/shokuhinsinki.xlsx,076ab31512db6c0d16c1b33f07ef1bd543cdc99cc8d394f932db4b2b7560bd84,official_current_rolling_workbook,2025-10,new,9fa7c210a989ba2adc3572cb,True
松山市,2025-10,第796号,2025-10-14,2025-10-14,2030-12-31,そうざい製造業,有限会社　杉野海産,松山市福音寺町312-3,382019,,,,,new_or_renewal,https://www.city.matsuyama.ehime.jp/shisei/opendata/metadata/shokuhinsinki.files/shokuhinsinki.xlsx,076ab31512db6c0d16c1b33f07ef1bd543cdc99cc8d394f932db4b2b7560bd84,official_current_rolling_workbook,2025-10,new,3f2c74381ec21604c4168dce,False
松山市,2025-10,第797号,2025-10-15,2025-10-15,2030-12-31,飲食店営業,鮨　岩城　清三,松山市二番町1丁目9-12MORIビル3F,382019,,,,,new_or_renewal,https://www.city.matsuyama.ehime.jp/shisei/opendata/metadata/shokuhinsinki.files/shokuhinsinki.xlsx,076ab31512db6c0d16c1b33f07ef1bd543cdc99cc8d394f932db4b2b7560bd84,official_current_rolling_workbook,2025-10,new,166b2b2fe8b3f681253676f1,True
松山市,2025-10,第798号,2025-10-15,2025-10-15,2030-12-31,飲食店営業,B-GARAGE　松山大街道店,松山市大街道2丁目6-8 1F,382019,,,,,new_or_renewal,https://www.city.matsuyama.ehime.jp/shisei/opendata/metadata/shokuhinsinki.files/shokuhinsinki.xlsx,076ab31512db6c0d16c1b33f07ef1bd543cdc99cc8d394f932db4b2b7560bd84,official_current_rolling_workbook,2025-10,new,23b5d96adf7abcdcd0f8567e,True
松山市,2025-10,第799号,2025-10-15,2025-10-15,2030-12-31,飲食店営業,宵桜,松山市二番町2丁目1-1ミツワ26　5D,382019,,,,,new_or_renewal,https://www.city.matsuyama.ehime.jp/shisei/opendata/metadata/shokuhinsinki.files/shokuhinsinki.xlsx,076ab31512db6c0d16c1b33f07ef1bd543cdc99cc8d394f932db4b2b7560bd84,official_current_rolling_workbook,2025-10,new,53915bd83e8cf77ee0a629a7,True
松山市,2025-10,第800号,2025-10-15,2025-10-15,2030-12-31,魚介類販売業,日本通運株式会社松山航空支店,松山市久万ノ台559-2,382019,,,,,new_or_renewal,https://www.city.matsuyama.ehime.jp/shisei/opendata/metadata/shokuhinsinki.files/shokuhinsinki.xlsx,076ab31512db6c0d16c1b33f07ef1bd543cdc99cc8d394f932db4b2b7560bd84,official_current_rolling_workbook,2025-10,new,e8a5301a6f05290e5b13c3f3,False
松山市,2025-10,第801号,2025-10-15,2025-10-15,2030-12-31,飲食店営業,道後ハイボール酒場,松山市道後湯之町14-16 1F101,382019,,,,,new_or_renewal,https://www.city.matsuyama.ehime.jp/shisei/opendata/metadata/shokuhinsinki.files/shokuhinsinki.xlsx,076ab31512db6c0d16c1b33f07ef1bd543cdc99cc8d394f932db4b2b7560bd84,official_current_rolling_workbook,2025-10,new,23044fe852c60506df5baea0,True
松山市,2025-10,第802号,2025-10-16,2025-10-16,2030-12-31,飲食店営業,たこ善,松山市二番町1丁目4-1,382019,,,,,new_or_renewal,https://www.city.matsuyama.ehime.jp/shisei/opendata/metadata/shokuhinsinki.files/shokuhinsinki.xlsx,076ab31512db6c0d16c1b33f07ef1bd543cdc99cc8d394f932db4b2b7560bd84,official_current_rolling_workbook,2025-10,new,e74b536fcf22490d3f9f6dd1,True
松山市,2025-10,第803号,2025-10-17,2025-10-17,2030-12-31,飲食店営業,鉄心,松山市二番町1丁目9-12小田ビルディング1F,382019,,,,,new_or_renewal,https://www.city.matsuyama.ehime.jp/shisei/opendata/metadata/shokuhinsinki.files/shokuhinsinki.xlsx,076ab31512db6c0d16c1b33f07ef1bd543cdc99cc8d394f932db4b2b7560bd84,official_current_rolling_workbook,2025-10,new,e183d5f2a279400fa185f474,True
松山市,2025-10,第804号,2025-10-17,2025-10-17,2030-12-31,飲食店営業,ゆきいろ,松山市二番町2丁目8-4ゑり友ビル4F,382019,,,,,new_or_renewal,https://www.city.matsuyama.ehime.jp/shisei/opendata/metadata/shokuhinsinki.files/shokuhinsinki.xlsx,076ab31512db6c0d16c1b33f07ef1bd543cdc99cc8d394f932db4b2b7560bd84,official_current_rolling_workbook,2025-10,new,94ea36d0003f19b6c62aab3a,True
松山市,2025-10,第805号,2025-10-17,2025-10-17,2030-12-31,飲食店営業,ガジュマル PIZZA,松山市保健所管内,382019,,,,,new_or_renewal,https://www.city.matsuyama.ehime.jp/shisei/opendata/metadata/shokuhinsinki.files/shokuhinsinki.xlsx,076ab31512db6c0d16c1b33f07ef1bd543cdc99cc8d394f932db4b2b7560bd84,official_current_rolling_workbook,2025-10,new,0846e34d95af7fd8bca1b6db,True
松山市,2025-10,第806号,2025-10-17,2025-10-17,2030-12-31,飲食店営業,sweets　のんのん,松山市保健所管内,382019,,,,,new_or_renewal,https://www.city.matsuyama.ehime.jp/shisei/opendata/metadata/shokuhinsinki.files/shokuhinsinki.xlsx,076ab31512db6c0d16c1b33f07ef1bd543cdc99cc8d394f932db4b2b7560bd84,official_current_rolling_workbook,2025-10,new,8e7b04cdbcc04f800accbe55,True
松山市,2025-10,第807号,2025-10-17,2025-10-17,2030-12-31,飲食店営業,Club es,松山市二番町1丁目4-8 F-CITYビル5F,382019,,,,,new_or_renewal,https://www.city.matsuyama.ehime.jp/shisei/opendata/metadata/shokuhinsinki.files/shokuhinsinki.xlsx,076ab31512db6c0d16c1b33f07ef1bd543cdc99cc8d394f932db4b2b7560bd84,official_current_rolling_workbook,2025-10,new,52cd12525c70d02f8690074c,True
松山市,2025-10,第808号,2025-10-17,2025-10-17,2030-12-31,飲食店営業,勝手場,松山市中村3丁目5-5,382019,,,,,new_or_renewal,https://www.city.matsuyama.ehime.jp/shisei/opendata/metadata/shokuhinsinki.files/shokuhinsinki.xlsx,076ab31512db6c0d16c1b33f07ef1bd543cdc99cc8d394f932db4b2b7560bd84,official_current_rolling_workbook,2025-10,new,083276a445ab11dd111e210e,True
松山市,2025-10,第809号,2025-10-17,2025-10-17,2030-12-31,酒類製造業,BLUE WAX WINERY,松山市大街道１丁目4-19,382019,,,,,new_or_renewal,https://www.city.matsuyama.ehime.jp/shisei/opendata/metadata/shokuhinsinki.files/shokuhinsinki.xlsx,076ab31512db6c0d16c1b33f07ef1bd543cdc99cc8d394f932db4b2b7560bd84,official_current_rolling_workbook,2025-10,new,ff21872559c032e483a447f0,False
松山市,2025-10,第810号,2025-10-17,2025-10-17,2030-12-31,飲食店営業,BAR　十鹿,松山市二番町2丁目5-15 ARGENT椿ビル3F,382019,,,,,new_or_renewal,https://www.city.matsuyama.ehime.jp/shisei/opendata/metadata/shokuhinsinki.files/shokuhinsinki.xlsx,076ab31512db6c0d16c1b33f07ef1bd543cdc99cc8d394f932db4b2b7560bd84,official_current_rolling_workbook,2025-10,new,ecd3ea85f2ef638515d06ab5,True
松山市,2025-10,第811号,2025-10-20,2025-10-20,2030-12-31,飲食店営業,真ちゃ味,松山市二番町1丁目5-17ニック二番町PART2　1F奥,382019,,,,,new_or_renewal,https://www.city.matsuyama.ehime.jp/shisei/opendata/metadata/shokuhinsinki.files/shokuhinsinki.xlsx,076ab31512db6c0d16c1b33f07ef1bd543cdc99cc8d394f932db4b2b7560bd84,official_current_rolling_workbook,2025-10,new,26f4062632639e2c20a9315f,True
松山市,2025-10,第812号,2025-10-20,2025-10-20,2030-12-31,飲食店営業,伽螺,松山市二番町2丁目8-8 クギミヤビル2F西,382019,,,,,new_or_renewal,https://www.city.matsuyama.ehime.jp/shisei/opendata/metadata/shokuhinsinki.files/shokuhinsinki.xlsx,076ab31512db6c0d16c1b33f07ef1bd543cdc99cc8d394f932db4b2b7560bd84,official_current_rolling_workbook,2025-10,new,a870b40b23426c7cacee0e28,True
松山市,2025-10,第813号,2025-10-20,2025-10-20,2030-12-31,飲食店営業,daily chai stand ＆ food,松山市北藤原町15-10村上ビル1F西側,382019,,,,,new_or_renewal,https://www.city.matsuyama.ehime.jp/shisei/opendata/metadata/shokuhinsinki.files/shokuhinsinki.xlsx,076ab31512db6c0d16c1b33f07ef1bd543cdc99cc8d394f932db4b2b7560bd84,official_current_rolling_workbook,2025-10,new,363a902e351715062f3f6101,True
松山市,2025-10,第814号,2025-10-20,2025-10-20,2030-12-31,飲食店営業,Bar　鍵ノ間,松山市二番町1丁目5-2古唐人星館9F西,382019,,,,,new_or_renewal,https://www.city.matsuyama.ehime.jp/shisei/opendata/metadata/shokuhinsinki.files/shokuhinsinki.xlsx,076ab31512db6c0d16c1b33f07ef1bd543cdc99cc8d394f932db4b2b7560bd84,official_current_rolling_workbook,2025-10,new,0ad321c7eea1778303bfa393,True
松山市,2025-10,第815号,2025-10-21,2025-10-21,2030-12-31,飲食店営業,台湾プラス,松山市保健所管内,382019,,,,,new_or_renewal,https://www.city.matsuyama.ehime.jp/shisei/opendata/metadata/shokuhinsinki.files/shokuhinsinki.xlsx,076ab31512db6c0d16c1b33f07ef1bd543cdc99cc8d394f932db4b2b7560bd84,official_current_rolling_workbook,2025-10,new,fa507de3ec2edab00a5bd8b3,True
松山市,2025-10,第816号,2025-10-21,2025-10-21,2030-12-31,飲食店営業,黒潮亭　三番町別館,松山市三番町2丁目5-14村松ビル1F西,382019,,,,,new_or_renewal,https://www.city.matsuyama.ehime.jp/shisei/opendata/metadata/shokuhinsinki.files/shokuhinsinki.xlsx,076ab31512db6c0d16c1b33f07ef1bd543cdc99cc8d394f932db4b2b7560bd84,official_current_rolling_workbook,2025-10,new,de4c1f02d7256ecd563249bf,True
松山市,2025-10,第817号,2025-10-21,2025-10-21,2030-12-31,飲食店営業,スーパーホルモン二番町店,松山市二番町2丁目5-10ゼナナビル1F,382019,,,,,new_or_renewal,https://www.city.matsuyama.ehime.jp/shisei/opendata/metadata/shokuhinsinki.files/shokuhinsinki.xlsx,076ab31512db6c0d16c1b33f07ef1bd543cdc99cc8d394f932db4b2b7560bd84,official_current_rolling_workbook,2025-10,new,69a5b49125f724a95eda9720,True
松山市,2025-10,第818号,2025-10-22,2025-10-22,2030-12-31,飲食店営業,ちるのもり,松山市三番町2丁目8-3ミナトビル2F南,382019,,,,,new_or_renewal,https://www.city.matsuyama.ehime.jp/shisei/opendata/metadata/shokuhinsinki.files/shokuhinsinki.xlsx,076ab31512db6c0d16c1b33f07ef1bd543cdc99cc8d394f932db4b2b7560bd84,official_current_rolling_workbook,2025-10,new,ee95bcaca1c6d04ecb940d86,True
松山市,2025-10,第819号,2025-10-22,2025-10-22,2030-12-31,飲食店営業,カフェ　フレア,松山市河野別府545-1,382019,,,,,new_or_renewal,https://www.city.matsuyama.ehime.jp/shisei/opendata/metadata/shokuhinsinki.files/shokuhinsinki.xlsx,076ab31512db6c0d16c1b33f07ef1bd543cdc99cc8d394f932db4b2b7560bd84,official_current_rolling_workbook,2025-10,new,91bb260730e235793d431c32,True
松山市,2025-10,第820号,2025-10-22,2025-10-22,2030-12-31,飲食店営業,あさつき,松山市二番町1丁目11-1ニック二番町ビル1F,382019,,,,,new_or_renewal,https://www.city.matsuyama.ehime.jp/shisei/opendata/metadata/shokuhinsinki.files/shokuhinsinki.xlsx,076ab31512db6c0d16c1b33f07ef1bd543cdc99cc8d394f932db4b2b7560bd84,official_current_rolling_workbook,2025-10,new,3d1840bf52ea6eea1fc22c9e,True
松山市,2025-10,第821号,2025-10-22,2025-10-22,2030-12-31,菓子製造業,労研饅頭たけうち,松山市勝山町2丁目12-10 1F,382019,,,,,new_or_renewal,https://www.city.matsuyama.ehime.jp/shisei/opendata/metadata/shokuhinsinki.files/shokuhinsinki.xlsx,076ab31512db6c0d16c1b33f07ef1bd543cdc99cc8d394f932db4b2b7560bd84,official_current_rolling_workbook,2025-10,new,965549a4866940e414d4fd66,False
松山市,2025-10,第822号,2025-10-22,2025-10-22,2030-12-31,飲食店営業,BAR g,松山市二番町3丁目10-2コア松山ビルBF102,382019,,,,,new_or_renewal,https://www.city.matsuyama.ehime.jp/shisei/opendata/metadata/shokuhinsinki.files/shokuhinsinki.xlsx,076ab31512db6c0d16c1b33f07ef1bd543cdc99cc8d394f932db4b2b7560bd84,official_current_rolling_workbook,2025-10,new,93cc2c89665a11f126a6675d,True
松山市,2025-10,第823号,2025-10-23,2025-10-23,2030-12-31,飲食店営業,からあげ工房匠海,松山市保健所管内,382019,,,,,new_or_renewal,https://www.city.matsuyama.ehime.jp/shisei/opendata/metadata/shokuhinsinki.files/shokuhinsinki.xlsx,076ab31512db6c0d16c1b33f07ef1bd543cdc99cc8d394f932db4b2b7560bd84,official_current_rolling_workbook,2025-10,new,f3ead42071faa713f75f2cfc,True
松山市,2025-10,第824号,2025-10-24,2025-10-24,2030-12-31,飲食店営業,九州豚骨醤油鯉から竜　久米店,松山市南久米町505-1,382019,,,,,new_or_renewal,https://www.city.matsuyama.ehime.jp/shisei/opendata/metadata/shokuhinsinki.files/shokuhinsinki.xlsx,076ab31512db6c0d16c1b33f07ef1bd543cdc99cc8d394f932db4b2b7560bd84,official_current_rolling_workbook,2025-10,new,76497c621efa57bf43ca002c,True
松山市,2025-10,第825号,2025-10-24,2025-10-24,2030-12-31,飲食店営業,BUENO,松山市三番町3丁目5-7本江ビル1F西,382019,,,,,new_or_renewal,https://www.city.matsuyama.ehime.jp/shisei/opendata/metadata/shokuhinsinki.files/shokuhinsinki.xlsx,076ab31512db6c0d16c1b33f07ef1bd543cdc99cc8d394f932db4b2b7560bd84,official_current_rolling_workbook,2025-10,new,786c16f12b1cd330641875e8,True
松山市,2025-10,第826号,2025-10-27,2025-10-27,2030-12-31,飲食店営業,ロクハチ,松山市石風呂町甲910-2,382019,,,,,new_or_renewal,https://www.city.matsuyama.ehime.jp/shisei/opendata/metadata/shokuhinsinki.files/shokuhinsinki.xlsx,076ab31512db6c0d16c1b33f07ef1bd543cdc99cc8d394f932db4b2b7560bd84,official_current_rolling_workbook,2025-10,new,d4253911475e8864a0cf0523,True
松山市,2025-10,第827号,2025-10-27,2025-10-27,2030-12-31,飲食店営業,THE BWW KITCHEN,松山市大街道1丁目4-19BWW　BASE,382019,,,,,new_or_renewal,https://www.city.matsuyama.ehime.jp/shisei/opendata/metadata/shokuhinsinki.files/shokuhinsinki.xlsx,076ab31512db6c0d16c1b33f07ef1bd543cdc99cc8d394f932db4b2b7560bd84,official_current_rolling_workbook,2025-10,new,72d883a5ff2c24bd177b85a5,True
松山市,2025-10,第828号,2025-10-27,2025-10-27,2030-12-31,飲食店営業,MUSIC＆DARTS　BAR　ものおと,松山市一番町2丁目4-6第一吾妻ビル4F,382019,,,,,new_or_renewal,https://www.city.matsuyama.ehime.jp/shisei/opendata/metadata/shokuhinsinki.files/shokuhinsinki.xlsx,076ab31512db6c0d16c1b33f07ef1bd543cdc99cc8d394f932db4b2b7560bd84,official_current_rolling_workbook,2025-10,new,2aa67d59e1aecb6547995cfb,True
松山市,2025-10,第829号,2025-10-27,2025-10-27,2030-12-31,飲食店営業,まるよし,松山市本町5丁目6-32 2F,382019,,,,,new_or_renewal,https://www.city.matsuyama.ehime.jp/shisei/opendata/metadata/shokuhinsinki.files/shokuhinsinki.xlsx,076ab31512db6c0d16c1b33f07ef1bd543cdc99cc8d394f932db4b2b7560bd84,official_current_rolling_workbook,2025-10,new,5859132acecccecb18372f95,True
松山市,2025-10,第830号,2025-10-27,2025-10-27,2030-12-31,菓子製造業,AHTY JAPAN合同会社,松山市余戸東1丁目3-17,382019,,,,,new_or_renewal,https://www.city.matsuyama.ehime.jp/shisei/opendata/metadata/shokuhinsinki.files/shokuhinsinki.xlsx,076ab31512db6c0d16c1b33f07ef1bd543cdc99cc8d394f932db4b2b7560bd84,official_current_rolling_workbook,2025-10,new,f0501d2870ae9f034e6b4f57,False
松山市,2025-10,第831号,2025-10-27,2025-10-27,2030-12-31,飲食店営業,カキシバ,松山市西垣生町1707-2,382019,,,,,new_or_renewal,https://www.city.matsuyama.ehime.jp/shisei/opendata/metadata/shokuhinsinki.files/shokuhinsinki.xlsx,076ab31512db6c0d16c1b33f07ef1bd543cdc99cc8d394f932db4b2b7560bd84,official_current_rolling_workbook,2025-10,new,868bec5c7ae05ed6b391618d,True
松山市,2025-10,第832号,2025-10-27,2025-10-27,2030-12-31,飲食店営業,ホヤケン,松山市三番町2丁目5-17,382019,,,,,new_or_renewal,https://www.city.matsuyama.ehime.jp/shisei/opendata/metadata/shokuhinsinki.files/shokuhinsinki.xlsx,076ab31512db6c0d16c1b33f07ef1bd543cdc99cc8d394f932db4b2b7560bd84,official_current_rolling_workbook,2025-10,new,3f2378bf2bbf952354b00ec2,True
松山市,2025-10,第833号,2025-10-27,2025-10-27,2030-12-31,飲食店営業,お好焼き　とんとん,松山市元町8-22,382019,,,,,new_or_renewal,https://www.city.matsuyama.ehime.jp/shisei/opendata/metadata/shokuhinsinki.files/shokuhinsinki.xlsx,076ab31512db6c0d16c1b33f07ef1bd543cdc99cc8d394f932db4b2b7560bd84,official_current_rolling_workbook,2025-10,new,eebe62bf84e386c44ecb1b26,True
松山市,2025-10,第834号,2025-10-27,2025-10-27,2030-12-31,飲食店営業,とみや,松山市宮田町9-2 1F,382019,,,,,new_or_renewal,https://www.city.matsuyama.ehime.jp/shisei/opendata/metadata/shokuhinsinki.files/shokuhinsinki.xlsx,076ab31512db6c0d16c1b33f07ef1bd543cdc99cc8d394f932db4b2b7560bd84,official_current_rolling_workbook,2025-10,new,a2ee4c4897e13cd03aa7fbf8,True
松山市,2025-10,第835号,2025-10-27,2025-10-27,2030-12-31,飲食店営業,真心,松山市平和通5丁目1-6 1F,382019,,,,,new_or_renewal,https://www.city.matsuyama.ehime.jp/shisei/opendata/metadata/shokuhinsinki.files/shokuhinsinki.xlsx,076ab31512db6c0d16c1b33f07ef1bd543cdc99cc8d394f932db4b2b7560bd84,official_current_rolling_workbook,2025-10,new,14d26cc727859febf44ecd92,True
松山市,2025-10,第836号,2025-10-29,2025-10-29,2030-12-31,飲食店営業,いやさか,松山市二番町1丁目5-3古唐人ビル星館 5F,382019,,,,,new_or_renewal,https://www.city.matsuyama.ehime.jp/shisei/opendata/metadata/shokuhinsinki.files/shokuhinsinki.xlsx,076ab31512db6c0d16c1b33f07ef1bd543cdc99cc8d394f932db4b2b7560bd84,official_current_rolling_workbook,2025-10,new,7fb890b666896412a2bf1d6a,True
松山市,2025-10,第837号,2025-10-29,2025-10-29,2030-12-31,飲食店営業,坊っちゃん,松山市道後湯之町6-23,382019,,,,,new_or_renewal,https://www.city.matsuyama.ehime.jp/shisei/opendata/metadata/shokuhinsinki.files/shokuhinsinki.xlsx,076ab31512db6c0d16c1b33f07ef1bd543cdc99cc8d394f932db4b2b7560bd84,official_current_rolling_workbook,2025-10,new,b2c06fea02cba506ff287561,True
松山市,2025-10,第838号,2025-10-29,2025-10-29,2030-12-31,飲食店営業,ARAISE,松山市二番町1丁目3-13古唐人花館3F,382019,,,,,new_or_renewal,https://www.city.matsuyama.ehime.jp/shisei/opendata/metadata/shokuhinsinki.files/shokuhinsinki.xlsx,076ab31512db6c0d16c1b33f07ef1bd543cdc99cc8d394f932db4b2b7560bd84,official_current_rolling_workbook,2025-10,new,b7cd48a0decc99c6124bd76d,True
松山市,2025-10,第839号,2025-10-29,2025-10-29,2030-12-31,飲食店営業,コーヒーのマーチ,松山市保健所管内,382019,,,,,new_or_renewal,https://www.city.matsuyama.ehime.jp/shisei/opendata/metadata/shokuhinsinki.files/shokuhinsinki.xlsx,076ab31512db6c0d16c1b33f07ef1bd543cdc99cc8d394f932db4b2b7560bd84,official_current_rolling_workbook,2025-10,new,c5a26a8e0ef3c61e0e1b34e1,True
松山市,2025-10,第840号,2025-10-29,2025-10-29,2030-12-31,飲食店営業,〇楽,"松山市三番町4丁目6-11 1,2F",382019,,,,,new_or_renewal,https://www.city.matsuyama.ehime.jp/shisei/opendata/metadata/shokuhinsinki.files/shokuhinsinki.xlsx,076ab31512db6c0d16c1b33f07ef1bd543cdc99cc8d394f932db4b2b7560bd84,official_current_rolling_workbook,2025-10,new,49c67aa6b4a3cf6fb19d0cb1,True
松山市,2025-10,第841号,2025-10-30,2025-10-30,2030-12-31,飲食店営業,炭心,松山市二番町2丁目1-6ゴールドリッチビル105,382019,,,,,new_or_renewal,https://www.city.matsuyama.ehime.jp/shisei/opendata/metadata/shokuhinsinki.files/shokuhinsinki.xlsx,076ab31512db6c0d16c1b33f07ef1bd543cdc99cc8d394f932db4b2b7560bd84,official_current_rolling_workbook,2025-10,new,be21269cc4e1a731b085f46b,True
松山市,2025-10,第842号,2025-10-30,2025-10-30,2030-12-31,飲食店営業,憙,松山市二番町1丁目5-31AIBARA二番町ビル　2F,382019,,,,,new_or_renewal,https://www.city.matsuyama.ehime.jp/shisei/opendata/metadata/shokuhinsinki.files/shokuhinsinki.xlsx,076ab31512db6c0d16c1b33f07ef1bd543cdc99cc8d394f932db4b2b7560bd84,official_current_rolling_workbook,2025-10,new,923a01b5a1d3463484561865,True
松山市,2025-10,第843号,2025-10-30,2025-10-30,2030-12-31,飲食店営業,レスト・喫茶　クレピス,松山市空港通6丁目11-2,382019,,,,,new_or_renewal,https://www.city.matsuyama.ehime.jp/shisei/opendata/metadata/shokuhinsinki.files/shokuhinsinki.xlsx,076ab31512db6c0d16c1b33f07ef1bd543cdc99cc8d394f932db4b2b7560bd84,official_current_rolling_workbook,2025-10,new,b69719914beae3afe20620bb,True
松山市,2025-10,第844号,2025-10-31,2025-10-31,2030-12-31,飲食店営業,Sora Niwa Galley,松山市三番町2丁目1-1 サンライン山岡1F,382019,,,,,new_or_renewal,https://www.city.matsuyama.ehime.jp/shisei/opendata/metadata/shokuhinsinki.files/shokuhinsinki.xlsx,076ab31512db6c0d16c1b33f07ef1bd543cdc99cc8d394f932db4b2b7560bd84,official_current_rolling_workbook,2025-10,new,2559e1aa4945b645d8b81820,True
松山市,2025-10,第845号,2025-10-31,2025-10-31,2030-12-31,飲食店営業,ruru cafe,松山市神田町3-16,382019,,,,,new_or_renewal,https://www.city.matsuyama.ehime.jp/shisei/opendata/metadata/shokuhinsinki.files/shokuhinsinki.xlsx,076ab31512db6c0d16c1b33f07ef1bd543cdc99cc8d394f932db4b2b7560bd84,official_current_rolling_workbook,2025-10,new,14c85f977af54182c23c9bbd,True
松山市,2025-10,第846号,2025-10-31,2025-10-31,2030-12-31,飲食店営業,ホルモン・豚足　立ち呑み処　俺の庭,松山市立花1丁目10-21,382019,,,,,new_or_renewal,https://www.city.matsuyama.ehime.jp/shisei/opendata/metadata/shokuhinsinki.files/shokuhinsinki.xlsx,076ab31512db6c0d16c1b33f07ef1bd543cdc99cc8d394f932db4b2b7560bd84,official_current_rolling_workbook,2025-10,new,d58522eeb60f0888690eab4e,True
松山市,2025-11,第847号,2025-11-04,2025-11-04,2030-12-31,飲食店営業,清龍園,松山市湯渡町10-6,382019,,,,,new_or_renewal,https://www.city.matsuyama.ehime.jp/shisei/opendata/metadata/shokuhinsinki.files/shokuhinsinki.xlsx,076ab31512db6c0d16c1b33f07ef1bd543cdc99cc8d394f932db4b2b7560bd84,official_current_rolling_workbook,2025-11,new,b965958dc65156559932b97b,True
松山市,2025-11,第848号,2025-11-04,2025-11-04,2030-12-31,飲食店営業,辛麺屋　桝元,松山市二番町2丁目5-45雅ビル1F,382019,,,,,new_or_renewal,https://www.city.matsuyama.ehime.jp/shisei/opendata/metadata/shokuhinsinki.files/shokuhinsinki.xlsx,076ab31512db6c0d16c1b33f07ef1bd543cdc99cc8d394f932db4b2b7560bd84,official_current_rolling_workbook,2025-11,new,d35ac4c5bca51cdd0ace0ab6,True
松山市,2025-11,第849号,2025-11-04,2025-11-04,2030-12-31,飲食店営業,AiRVEY,松山市三番町2丁目10-4スカイビル4F,382019,,,,,new_or_renewal,https://www.city.matsuyama.ehime.jp/shisei/opendata/metadata/shokuhinsinki.files/shokuhinsinki.xlsx,076ab31512db6c0d16c1b33f07ef1bd543cdc99cc8d394f932db4b2b7560bd84,official_current_rolling_workbook,2025-11,new,6c78a0954724898da4f1042e,True
松山市,2025-11,第850号,2025-11-04,2025-11-04,2030-12-31,飲食店営業,ファミリーマート松山小栗六丁目店,松山市小栗6丁目4-49,382019,,,,,new_or_renewal,https://www.city.matsuyama.ehime.jp/shisei/opendata/metadata/shokuhinsinki.files/shokuhinsinki.xlsx,076ab31512db6c0d16c1b33f07ef1bd543cdc99cc8d394f932db4b2b7560bd84,official_current_rolling_workbook,2025-11,new,d0fa72f36640a19032dbd80a,True
松山市,2025-11,第851号,2025-11-05,2025-11-05,2030-12-31,飲食店営業,サムライノネイロ,松山市空港通3丁目8-24キャッスルエアポート101,382019,,,,,new_or_renewal,https://www.city.matsuyama.ehime.jp/shisei/opendata/metadata/shokuhinsinki.files/shokuhinsinki.xlsx,076ab31512db6c0d16c1b33f07ef1bd543cdc99cc8d394f932db4b2b7560bd84,official_current_rolling_workbook,2025-11,new,00676f37315362bfa59ccf7d,True
松山市,2025-11,第852号,2025-11-05,2025-11-05,2030-12-31,飲食店営業,BAR　O-2,松山市三番町2丁目10-17 三番町マリノビル3F、４F、屋上,382019,,,,,new_or_renewal,https://www.city.matsuyama.ehime.jp/shisei/opendata/metadata/shokuhinsinki.files/shokuhinsinki.xlsx,076ab31512db6c0d16c1b33f07ef1bd543cdc99cc8d394f932db4b2b7560bd84,official_current_rolling_workbook,2025-11,new,47a73947556b8e009347f905,True
松山市,2025-11,第853号,2025-11-05,2025-11-05,2030-12-31,飲食店営業,MILANO　GIRL,松山市二番町1丁目4-10近代ビル1F,382019,,,,,new_or_renewal,https://www.city.matsuyama.ehime.jp/shisei/opendata/metadata/shokuhinsinki.files/shokuhinsinki.xlsx,076ab31512db6c0d16c1b33f07ef1bd543cdc99cc8d394f932db4b2b7560bd84,official_current_rolling_workbook,2025-11,new,537d10d4fe0330690da18128,True
松山市,2025-11,第854号,2025-11-05,2025-11-05,2030-12-31,飲食店営業,おばんざい　ダイニング　はれ,松山市二番町1丁目5-30 古唐人ANEX2F,382019,,,,,new_or_renewal,https://www.city.matsuyama.ehime.jp/shisei/opendata/metadata/shokuhinsinki.files/shokuhinsinki.xlsx,076ab31512db6c0d16c1b33f07ef1bd543cdc99cc8d394f932db4b2b7560bd84,official_current_rolling_workbook,2025-11,new,fdaeae30199ef40bac33bcfd,True
松山市,2025-11,第855号,2025-11-05,2025-11-05,2030-12-31,飲食店営業,愛媛大学生協食堂,松山市文京町3大学会館1F,382019,,,,,new_or_renewal,https://www.city.matsuyama.ehime.jp/shisei/opendata/metadata/shokuhinsinki.files/shokuhinsinki.xlsx,076ab31512db6c0d16c1b33f07ef1bd543cdc99cc8d394f932db4b2b7560bd84,official_current_rolling_workbook,2025-11,new,1568a22fabe3b6c2ee52717b,True
松山市,2025-11,第856号,2025-11-06,2025-11-06,2030-12-31,飲食店営業,ホテルファンタジアリゾート,松山市西垣生町240-4,382019,,,,,new_or_renewal,https://www.city.matsuyama.ehime.jp/shisei/opendata/metadata/shokuhinsinki.files/shokuhinsinki.xlsx,076ab31512db6c0d16c1b33f07ef1bd543cdc99cc8d394f932db4b2b7560bd84,official_current_rolling_workbook,2025-11,new,20d61cba0509ec810b49fdeb,True
松山市,2025-11,第857号,2025-11-06,2025-11-06,2030-12-31,冷凍食品製造業,瀬戸内冷凍食品有限会社　第2工場,松山市北吉田町330-1,382019,,,,,new_or_renewal,https://www.city.matsuyama.ehime.jp/shisei/opendata/metadata/shokuhinsinki.files/shokuhinsinki.xlsx,076ab31512db6c0d16c1b33f07ef1bd543cdc99cc8d394f932db4b2b7560bd84,official_current_rolling_workbook,2025-11,new,6d04f3fecbc8901f1b23642b,False
松山市,2025-11,第858号,2025-11-07,2025-11-07,2030-12-31,飲食店営業,ＪＩＳ　ＭＡＴＳＵＹＡＭＡ,松山市大街道1丁目4-1スカイ大街道ビル　4F、6F,382019,,,,,new_or_renewal,https://www.city.matsuyama.ehime.jp/shisei/opendata/metadata/shokuhinsinki.files/shokuhinsinki.xlsx,076ab31512db6c0d16c1b33f07ef1bd543cdc99cc8d394f932db4b2b7560bd84,official_current_rolling_workbook,2025-11,new,60cea9c86ed7e02d776c0de6,True
松山市,2025-11,第859号,2025-11-07,2025-11-07,2030-12-31,飲食店営業,鶏ひげ,松山市二番町1丁目12-10光ビル1F、2F,382019,,,,,new_or_renewal,https://www.city.matsuyama.ehime.jp/shisei/opendata/metadata/shokuhinsinki.files/shokuhinsinki.xlsx,076ab31512db6c0d16c1b33f07ef1bd543cdc99cc8d394f932db4b2b7560bd84,official_current_rolling_workbook,2025-11,new,0a5b971544b646e840e24a35,True
松山市,2025-11,第860号,2025-11-07,2025-11-07,2030-12-31,水産製品製造業,株式会社カネセイ水産　松山工場,松山市南吉田町2444-1,382019,,,,,new_or_renewal,https://www.city.matsuyama.ehime.jp/shisei/opendata/metadata/shokuhinsinki.files/shokuhinsinki.xlsx,076ab31512db6c0d16c1b33f07ef1bd543cdc99cc8d394f932db4b2b7560bd84,official_current_rolling_workbook,2025-11,new,65612e03fc4b3aaf4c94b12a,False
松山市,2025-11,第861号,2025-11-07,2025-11-07,2030-12-31,飲食店営業,縁,松山市湊町3丁目8-16 土居ビル1F,382019,,,,,new_or_renewal,https://www.city.matsuyama.ehime.jp/shisei/opendata/metadata/shokuhinsinki.files/shokuhinsinki.xlsx,076ab31512db6c0d16c1b33f07ef1bd543cdc99cc8d394f932db4b2b7560bd84,official_current_rolling_workbook,2025-11,new,6ec4e2d335e5d6453e11702f,True
松山市,2025-11,第862号,2025-11-07,2025-11-07,2030-12-31,飲食店営業,海鮮　はる,松山市三番町4丁目8-9ミヤハル三番町ビル1F,382019,,,,,new_or_renewal,https://www.city.matsuyama.ehime.jp/shisei/opendata/metadata/shokuhinsinki.files/shokuhinsinki.xlsx,076ab31512db6c0d16c1b33f07ef1bd543cdc99cc8d394f932db4b2b7560bd84,official_current_rolling_workbook,2025-11,new,f21ceaff5202e736ba593a12,True
松山市,2025-11,第863号,2025-11-07,2025-11-07,2030-12-31,飲食店営業,bar Mellow,松山市三番町1丁目15-6ニューパールビル4F西号室,382019,,,,,new_or_renewal,https://www.city.matsuyama.ehime.jp/shisei/opendata/metadata/shokuhinsinki.files/shokuhinsinki.xlsx,076ab31512db6c0d16c1b33f07ef1bd543cdc99cc8d394f932db4b2b7560bd84,official_current_rolling_workbook,2025-11,new,d20ae28f09db125d7a83d850,True
松山市,2025-11,第864号,2025-11-10,2025-11-10,2030-12-31,飲食店営業,お好み鉄板焼き∞無限,松山市木屋町3丁目10-26木屋町マンション1F,382019,,,,,new_or_renewal,https://www.city.matsuyama.ehime.jp/shisei/opendata/metadata/shokuhinsinki.files/shokuhinsinki.xlsx,076ab31512db6c0d16c1b33f07ef1bd543cdc99cc8d394f932db4b2b7560bd84,official_current_rolling_workbook,2025-11,new,d579b669a1c6d6aa50ea8cd5,True
松山市,2025-11,第865号,2025-11-10,2025-11-10,2030-12-31,飲食店営業,Bar 綾,松山市二番町2丁目1-1No.26ミツワビル3F,382019,,,,,new_or_renewal,https://www.city.matsuyama.ehime.jp/shisei/opendata/metadata/shokuhinsinki.files/shokuhinsinki.xlsx,076ab31512db6c0d16c1b33f07ef1bd543cdc99cc8d394f932db4b2b7560bd84,official_current_rolling_workbook,2025-11,new,c4df7523579ced7941f6df6e,True
松山市,2025-11,第866号,2025-11-10,2025-11-10,2030-12-31,飲食店営業,魚右衛門　松山店,松山市二番町1丁目8-4LXビル1F,382019,,,,,new_or_renewal,https://www.city.matsuyama.ehime.jp/shisei/opendata/metadata/shokuhinsinki.files/shokuhinsinki.xlsx,076ab31512db6c0d16c1b33f07ef1bd543cdc99cc8d394f932db4b2b7560bd84,official_current_rolling_workbook,2025-11,new,4e96440f972b68da489356ec,True
松山市,2025-11,第867号,2025-11-10,2025-11-10,2030-12-31,飲食店営業,茶寮伊藤園　伊予鉄松山市駅店,松山市湊町5丁目1-1,382019,,,,,new_or_renewal,https://www.city.matsuyama.ehime.jp/shisei/opendata/metadata/shokuhinsinki.files/shokuhinsinki.xlsx,076ab31512db6c0d16c1b33f07ef1bd543cdc99cc8d394f932db4b2b7560bd84,official_current_rolling_workbook,2025-11,new,b66f24495f88d2b1b2462e4d,True
松山市,2025-11,第868号,2025-11-10,2025-11-10,2030-12-31,飲食店営業,手打うどん　車井戸,松山市大街道3丁目2-29　大政ビル1F,382019,,,,,new_or_renewal,https://www.city.matsuyama.ehime.jp/shisei/opendata/metadata/shokuhinsinki.files/shokuhinsinki.xlsx,076ab31512db6c0d16c1b33f07ef1bd543cdc99cc8d394f932db4b2b7560bd84,official_current_rolling_workbook,2025-11,new,0d2878282e781964a6f0169a,True
松山市,2025-11,第869号,2025-11-10,2025-11-10,2030-12-31,菓子製造業,有限会社北川製饀所,松山市末広町5-12,382019,,,,,new_or_renewal,https://www.city.matsuyama.ehime.jp/shisei/opendata/metadata/shokuhinsinki.files/shokuhinsinki.xlsx,076ab31512db6c0d16c1b33f07ef1bd543cdc99cc8d394f932db4b2b7560bd84,official_current_rolling_workbook,2025-11,new,6fbcc0c83763da8b08db4f0b,False
松山市,2025-11,第870号,2025-11-10,2025-11-10,2030-12-31,飲食店営業,豚珍行,松山市二番町1丁目10-6,382019,,,,,new_or_renewal,https://www.city.matsuyama.ehime.jp/shisei/opendata/metadata/shokuhinsinki.files/shokuhinsinki.xlsx,076ab31512db6c0d16c1b33f07ef1bd543cdc99cc8d394f932db4b2b7560bd84,official_current_rolling_workbook,2025-11,new,ae1a19efdc9eb676843b1822,True
松山市,2025-11,第871号,2025-11-10,2025-11-10,2030-12-31,飲食店営業,よろこび厨房内　日米クック,松山市堀江町甲2082-1,382019,,,,,new_or_renewal,https://www.city.matsuyama.ehime.jp/shisei/opendata/metadata/shokuhinsinki.files/shokuhinsinki.xlsx,076ab31512db6c0d16c1b33f07ef1bd543cdc99cc8d394f932db4b2b7560bd84,official_current_rolling_workbook,2025-11,new,6c531d87803dd007d9a728f2,True
松山市,2025-11,第872号,2025-11-11,2025-11-11,2030-12-31,飲食店営業,キッチンぷぅたん,松山市西長戸町762-18　1F,382019,,,,,new_or_renewal,https://www.city.matsuyama.ehime.jp/shisei/opendata/metadata/shokuhinsinki.files/shokuhinsinki.xlsx,076ab31512db6c0d16c1b33f07ef1bd543cdc99cc8d394f932db4b2b7560bd84,official_current_rolling_workbook,2025-11,new,2364509fc53a2e45e8b3902c,True
松山市,2025-11,第873号,2025-11-11,2025-11-11,2030-12-31,飲食店営業,Hiro.House,松山市二番町2丁目8-7小政ビル2F,382019,,,,,new_or_renewal,https://www.city.matsuyama.ehime.jp/shisei/opendata/metadata/shokuhinsinki.files/shokuhinsinki.xlsx,076ab31512db6c0d16c1b33f07ef1bd543cdc99cc8d394f932db4b2b7560bd84,official_current_rolling_workbook,2025-11,new,8ce2389fb4dc99963f4fcf21,True
松山市,2025-11,第874号,2025-11-11,2025-11-11,2030-12-31,飲食店営業,新鮮館サンコー,松山市清水町1丁目1-1,382019,,,,,new_or_renewal,https://www.city.matsuyama.ehime.jp/shisei/opendata/metadata/shokuhinsinki.files/shokuhinsinki.xlsx,076ab31512db6c0d16c1b33f07ef1bd543cdc99cc8d394f932db4b2b7560bd84,official_current_rolling_workbook,2025-11,new,8c946d470c7c02f2b2ce4711,True
松山市,2025-11,第875号,2025-11-11,2025-11-11,2030-12-31,飲食店営業,おむすびの田村屋,松山市谷町167,382019,,,,,new_or_renewal,https://www.city.matsuyama.ehime.jp/shisei/opendata/metadata/shokuhinsinki.files/shokuhinsinki.xlsx,076ab31512db6c0d16c1b33f07ef1bd543cdc99cc8d394f932db4b2b7560bd84,official_current_rolling_workbook,2025-11,new,cebe5ee5adb6c40a29b12ccb,True
松山市,2025-11,第876号,2025-11-12,2025-11-12,2030-12-31,飲食店営業,会員制　亜浬紗,松山市二番町2丁目7-3第一内海ビル2F（201号室）,382019,,,,,new_or_renewal,https://www.city.matsuyama.ehime.jp/shisei/opendata/metadata/shokuhinsinki.files/shokuhinsinki.xlsx,076ab31512db6c0d16c1b33f07ef1bd543cdc99cc8d394f932db4b2b7560bd84,official_current_rolling_workbook,2025-11,new,49cdbdfb5e18aff0f90aa2d8,True
松山市,2025-11,第877号,2025-11-12,2025-11-12,2030-12-31,飲食店営業,湯げの屋,松山市道後湯之町13-13,382019,,,,,new_or_renewal,https://www.city.matsuyama.ehime.jp/shisei/opendata/metadata/shokuhinsinki.files/shokuhinsinki.xlsx,076ab31512db6c0d16c1b33f07ef1bd543cdc99cc8d394f932db4b2b7560bd84,official_current_rolling_workbook,2025-11,new,9c8e75e64a01dcb17c7c8095,True
松山市,2025-11,第878号,2025-11-12,2025-11-12,2030-12-31,乳製品製造業,湯げの屋,松山市道後湯之町13-13,382019,,,,,new_or_renewal,https://www.city.matsuyama.ehime.jp/shisei/opendata/metadata/shokuhinsinki.files/shokuhinsinki.xlsx,076ab31512db6c0d16c1b33f07ef1bd543cdc99cc8d394f932db4b2b7560bd84,official_current_rolling_workbook,2025-11,new,84d74f8e0ea56e6a31426e3b,False
松山市,2025-11,第879号,2025-11-12,2025-11-12,2030-12-31,食肉処理業,闇市精肉店,松山市来住町1303-1,382019,,,,,new_or_renewal,https://www.city.matsuyama.ehime.jp/shisei/opendata/metadata/shokuhinsinki.files/shokuhinsinki.xlsx,076ab31512db6c0d16c1b33f07ef1bd543cdc99cc8d394f932db4b2b7560bd84,official_current_rolling_workbook,2025-11,new,9c82f597dcaa7c412d0b26dd,False
松山市,2025-11,第880号,2025-11-13,2025-11-13,2030-12-31,飲食店営業,あんこや七福,松山市御宝町128-3,382019,,,,,new_or_renewal,https://www.city.matsuyama.ehime.jp/shisei/opendata/metadata/shokuhinsinki.files/shokuhinsinki.xlsx,076ab31512db6c0d16c1b33f07ef1bd543cdc99cc8d394f932db4b2b7560bd84,official_current_rolling_workbook,2025-11,new,ce15f96bad7b5750fb838e57,True
松山市,2025-11,第881号,2025-11-13,2025-11-13,2030-12-31,飲食店営業,5丁目カフェ,松山市松前町5丁目6-2,382019,,,,,new_or_renewal,https://www.city.matsuyama.ehime.jp/shisei/opendata/metadata/shokuhinsinki.files/shokuhinsinki.xlsx,076ab31512db6c0d16c1b33f07ef1bd543cdc99cc8d394f932db4b2b7560bd84,official_current_rolling_workbook,2025-11,new,ba54544e7c552f341b1f94bf,True
松山市,2025-11,第882号,2025-11-13,2025-11-13,2030-12-31,飲食店営業,株式会社セブンスター　別府店,松山市別府町527,382019,,,,,new_or_renewal,https://www.city.matsuyama.ehime.jp/shisei/opendata/metadata/shokuhinsinki.files/shokuhinsinki.xlsx,076ab31512db6c0d16c1b33f07ef1bd543cdc99cc8d394f932db4b2b7560bd84,official_current_rolling_workbook,2025-11,new,19060587485d148cd6829cae,True
松山市,2025-11,第883号,2025-11-13,2025-11-13,2030-12-31,魚介類販売業,株式会社セブンスター　別府店,松山市別府町527,382019,,,,,new_or_renewal,https://www.city.matsuyama.ehime.jp/shisei/opendata/metadata/shokuhinsinki.files/shokuhinsinki.xlsx,076ab31512db6c0d16c1b33f07ef1bd543cdc99cc8d394f932db4b2b7560bd84,official_current_rolling_workbook,2025-11,new,5c4c101aeedc328fa022f149,False
松山市,2025-11,第884号,2025-11-13,2025-11-13,2030-12-31,食肉販売業,株式会社セブンスター　別府店,松山市別府町527,382019,,,,,new_or_renewal,https://www.city.matsuyama.ehime.jp/shisei/opendata/metadata/shokuhinsinki.files/shokuhinsinki.xlsx,076ab31512db6c0d16c1b33f07ef1bd543cdc99cc8d394f932db4b2b7560bd84,official_current_rolling_workbook,2025-11,new,2429c96832c8349dd55b165e,False
松山市,2025-11,第885号,2025-11-14,2025-11-14,2030-12-31,飲食店営業,鶏屋　ぽめ,松山市畑寺2丁目4-47,382019,,,,,new_or_renewal,https://www.city.matsuyama.ehime.jp/shisei/opendata/metadata/shokuhinsinki.files/shokuhinsinki.xlsx,076ab31512db6c0d16c1b33f07ef1bd543cdc99cc8d394f932db4b2b7560bd84,official_current_rolling_workbook,2025-11,new,a7ffec27892c0016dbf63d9e,True
松山市,2025-11,第886号,2025-11-14,2025-11-14,2030-12-31,魚介類販売業,有限会社新鮮組,松山市住吉2丁目11-27,382019,,,,,new_or_renewal,https://www.city.matsuyama.ehime.jp/shisei/opendata/metadata/shokuhinsinki.files/shokuhinsinki.xlsx,076ab31512db6c0d16c1b33f07ef1bd543cdc99cc8d394f932db4b2b7560bd84,official_current_rolling_workbook,2025-11,new,8f1965fbb8e80650e883a365,False
松山市,2025-11,第887号,2025-11-14,2025-11-14,2030-12-31,菓子製造業,有限会社西岡菓子舗,松山市道後一万9-56,382019,,,,,new_or_renewal,https://www.city.matsuyama.ehime.jp/shisei/opendata/metadata/shokuhinsinki.files/shokuhinsinki.xlsx,076ab31512db6c0d16c1b33f07ef1bd543cdc99cc8d394f932db4b2b7560bd84,official_current_rolling_workbook,2025-11,new,b2db2a02d499c49b42f3b23a,False
松山市,2025-11,第888号,2025-11-17,2025-11-17,2030-12-31,漬物製造業,農家レストラン　けんじ　マドンナキッチン,松山市平井町688,382019,,,,,new_or_renewal,https://www.city.matsuyama.ehime.jp/shisei/opendata/metadata/shokuhinsinki.files/shokuhinsinki.xlsx,076ab31512db6c0d16c1b33f07ef1bd543cdc99cc8d394f932db4b2b7560bd84,official_current_rolling_workbook,2025-11,new,040c2862776f44d53108e112,False
松山市,2025-11,第889号,2025-11-17,2025-11-17,2030-12-31,菓子製造業,そごうマート堀江店,松山市堀江町378-1,382019,,,,,new_or_renewal,https://www.city.matsuyama.ehime.jp/shisei/opendata/metadata/shokuhinsinki.files/shokuhinsinki.xlsx,076ab31512db6c0d16c1b33f07ef1bd543cdc99cc8d394f932db4b2b7560bd84,official_current_rolling_workbook,2025-11,new,84b471cf56def9a024f9618d,False
松山市,2025-11,第890号,2025-11-17,2025-11-17,2030-12-31,飲食店営業,Marina Del Rey,松山市白水台1丁目1-11,382019,,,,,new_or_renewal,https://www.city.matsuyama.ehime.jp/shisei/opendata/metadata/shokuhinsinki.files/shokuhinsinki.xlsx,076ab31512db6c0d16c1b33f07ef1bd543cdc99cc8d394f932db4b2b7560bd84,official_current_rolling_workbook,2025-11,new,9087103909509910cc5400c7,True
松山市,2025-11,第891号,2025-11-17,2025-11-17,2030-12-31,飲食店営業,（株）ホテル椿館パントリー,"松山市道後鷺谷町5-32 7F,8F",382019,,,,,new_or_renewal,https://www.city.matsuyama.ehime.jp/shisei/opendata/metadata/shokuhinsinki.files/shokuhinsinki.xlsx,076ab31512db6c0d16c1b33f07ef1bd543cdc99cc8d394f932db4b2b7560bd84,official_current_rolling_workbook,2025-11,new,76c82510b19296582d966a7e,True
松山市,2025-11,第892号,2025-11-17,2025-11-17,2030-12-31,飲食店営業,和食みよし,松山市千舟町3丁目4-2西岡ビル1F,382019,,,,,new_or_renewal,https://www.city.matsuyama.ehime.jp/shisei/opendata/metadata/shokuhinsinki.files/shokuhinsinki.xlsx,076ab31512db6c0d16c1b33f07ef1bd543cdc99cc8d394f932db4b2b7560bd84,official_current_rolling_workbook,2025-11,new,1bf939b6b1a789807edc293a,True
松山市,2025-11,第893号,2025-11-19,2025-11-19,2030-12-31,そうざい製造業,元祖もつ鍋博多屋　本店,松山市一番町1丁目2-3,382019,,,,,new_or_renewal,https://www.city.matsuyama.ehime.jp/shisei/opendata/metadata/shokuhinsinki.files/shokuhinsinki.xlsx,076ab31512db6c0d16c1b33f07ef1bd543cdc99cc8d394f932db4b2b7560bd84,official_current_rolling_workbook,2025-11,new,cac0d38494742ac17822e51e,False
松山市,2025-11,第894号,2025-11-19,2025-11-19,2030-12-31,アイスクリーム類製造業,株式会社かどや,松山市朝生田町5丁目3-11,382019,,,,,new_or_renewal,https://www.city.matsuyama.ehime.jp/shisei/opendata/metadata/shokuhinsinki.files/shokuhinsinki.xlsx,076ab31512db6c0d16c1b33f07ef1bd543cdc99cc8d394f932db4b2b7560bd84,official_current_rolling_workbook,2025-11,new,cc0b235fcaf6a49e814679b6,False
松山市,2025-11,第895号,2025-11-19,2025-11-19,2030-12-31,飲食店営業,久松,松山市西垣生町1584,382019,,,,,new_or_renewal,https://www.city.matsuyama.ehime.jp/shisei/opendata/metadata/shokuhinsinki.files/shokuhinsinki.xlsx,076ab31512db6c0d16c1b33f07ef1bd543cdc99cc8d394f932db4b2b7560bd84,official_current_rolling_workbook,2025-11,new,e2ee419d5028b2788c53ed86,True
松山市,2025-11,第896号,2025-11-19,2025-11-19,2030-12-31,飲食店営業,いつき,松山市三番町2丁目3-4,382019,,,,,new_or_renewal,https://www.city.matsuyama.ehime.jp/shisei/opendata/metadata/shokuhinsinki.files/shokuhinsinki.xlsx,076ab31512db6c0d16c1b33f07ef1bd543cdc99cc8d394f932db4b2b7560bd84,official_current_rolling_workbook,2025-11,new,8e916c17d9208cda31004969,True
松山市,2025-11,第897号,2025-11-19,2025-11-19,2030-12-31,飲食店営業,あんから庵,松山市二番町2丁目5-11菅ビル2F,382019,,,,,new_or_renewal,https://www.city.matsuyama.ehime.jp/shisei/opendata/metadata/shokuhinsinki.files/shokuhinsinki.xlsx,076ab31512db6c0d16c1b33f07ef1bd543cdc99cc8d394f932db4b2b7560bd84,official_current_rolling_workbook,2025-11,new,7ae4ad6fec9c4cdb022300e8,True
松山市,2025-11,第898号,2025-11-19,2025-11-19,2030-12-31,食肉処理業,有限会社ライフフーズ,松山市平田町96,382019,,,,,new_or_renewal,https://www.city.matsuyama.ehime.jp/shisei/opendata/metadata/shokuhinsinki.files/shokuhinsinki.xlsx,076ab31512db6c0d16c1b33f07ef1bd543cdc99cc8d394f932db4b2b7560bd84,official_current_rolling_workbook,2025-11,new,609872e7c64f67a3e21740f5,False
松山市,2025-11,第899号,2025-11-19,2025-11-19,2030-12-31,飲食店営業,イーティーズ松山店,松山市宮西1丁目9-40ダイレックス松山店内,382019,,,,,new_or_renewal,https://www.city.matsuyama.ehime.jp/shisei/opendata/metadata/shokuhinsinki.files/shokuhinsinki.xlsx,076ab31512db6c0d16c1b33f07ef1bd543cdc99cc8d394f932db4b2b7560bd84,official_current_rolling_workbook,2025-11,new,828be07fe9b025ecf271a150,True
松山市,2025-11,第900号,2025-11-20,2025-11-20,2030-12-31,菓子製造業,orange,松山市美沢1丁目4-23-3 2F,382019,,,,,new_or_renewal,https://www.city.matsuyama.ehime.jp/shisei/opendata/metadata/shokuhinsinki.files/shokuhinsinki.xlsx,076ab31512db6c0d16c1b33f07ef1bd543cdc99cc8d394f932db4b2b7560bd84,official_current_rolling_workbook,2025-11,new,76d6d8bbb6b6ea4c59668823,False
松山市,2025-11,第901号,2025-11-20,2025-11-20,2030-12-31,みそ又はしょうゆ製造業,田中屋株式会社,松山市三津3丁目1-33,382019,,,,,new_or_renewal,https://www.city.matsuyama.ehime.jp/shisei/opendata/metadata/shokuhinsinki.files/shokuhinsinki.xlsx,076ab31512db6c0d16c1b33f07ef1bd543cdc99cc8d394f932db4b2b7560bd84,official_current_rolling_workbook,2025-11,new,ea93c2a4f19cabd93778fa45,False
松山市,2025-11,第902号,2025-11-20,2025-11-20,2030-12-31,飲食店営業,まねきねこ松山大街道店,松山市大街道1丁目4-12パラディ・アヴェニュービル2F・3F,382019,,,,,new_or_renewal,https://www.city.matsuyama.ehime.jp/shisei/opendata/metadata/shokuhinsinki.files/shokuhinsinki.xlsx,076ab31512db6c0d16c1b33f07ef1bd543cdc99cc8d394f932db4b2b7560bd84,official_current_rolling_workbook,2025-11,new,f520b55d563ab86b01781f41,True
松山市,2025-11,第903号,2025-11-20,2025-11-20,2030-12-31,飲食店営業,GACKY,松山市南久米町262-3 第2ゴトービル1F　中央,382019,,,,,new_or_renewal,https://www.city.matsuyama.ehime.jp/shisei/opendata/metadata/shokuhinsinki.files/shokuhinsinki.xlsx,076ab31512db6c0d16c1b33f07ef1bd543cdc99cc8d394f932db4b2b7560bd84,official_current_rolling_workbook,2025-11,new,e240674dc6847e0f81b50d46,True
松山市,2025-11,第904号,2025-11-21,2025-11-21,2030-12-31,飲食店営業,本場インド・ネパール料理　KESARI,"松山市本町3丁目2-21河野商店ビル1F,2F",382019,,,,,new_or_renewal,https://www.city.matsuyama.ehime.jp/shisei/opendata/metadata/shokuhinsinki.files/shokuhinsinki.xlsx,076ab31512db6c0d16c1b33f07ef1bd543cdc99cc8d394f932db4b2b7560bd84,official_current_rolling_workbook,2025-11,new,91812575c5d3fd8b3a0ad1df,True
松山市,2025-11,第905号,2025-11-21,2025-11-21,2030-12-31,飲食店営業,オイCーKITCHEN2,松山市保健所管内,382019,,,,,new_or_renewal,https://www.city.matsuyama.ehime.jp/shisei/opendata/metadata/shokuhinsinki.files/shokuhinsinki.xlsx,076ab31512db6c0d16c1b33f07ef1bd543cdc99cc8d394f932db4b2b7560bd84,official_current_rolling_workbook,2025-11,new,4aca349b23f4c4e853bea5e4,True
松山市,2025-11,第906号,2025-11-21,2025-11-21,2030-12-31,飲食店営業,株式会社フジ　地産市場エフ・マルシェ古川店,松山市古川北1丁目26-12,382019,,,,,new_or_renewal,https://www.city.matsuyama.ehime.jp/shisei/opendata/metadata/shokuhinsinki.files/shokuhinsinki.xlsx,076ab31512db6c0d16c1b33f07ef1bd543cdc99cc8d394f932db4b2b7560bd84,official_current_rolling_workbook,2025-11,new,66af1f87b86d3860ad589e6d,True
松山市,2025-11,第907号,2025-11-21,2025-11-21,2030-12-31,飲食店営業,水口酒造株式会社,松山市道後喜多町3-18,382019,,,,,new_or_renewal,https://www.city.matsuyama.ehime.jp/shisei/opendata/metadata/shokuhinsinki.files/shokuhinsinki.xlsx,076ab31512db6c0d16c1b33f07ef1bd543cdc99cc8d394f932db4b2b7560bd84,official_current_rolling_workbook,2025-11,new,d4acab0be1e61809abf18b5c,True
松山市,2025-11,第908号,2025-11-21,2025-11-21,2030-12-31,飲食店営業,HANA,松山市二番町1丁目9-28ラフォーレ201ビル4F南,382019,,,,,new_or_renewal,https://www.city.matsuyama.ehime.jp/shisei/opendata/metadata/shokuhinsinki.files/shokuhinsinki.xlsx,076ab31512db6c0d16c1b33f07ef1bd543cdc99cc8d394f932db4b2b7560bd84,official_current_rolling_workbook,2025-11,new,f81ec7556be8c12c24e8d359,True
松山市,2025-11,第909号,2025-11-21,2025-11-21,2030-12-31,菓子製造業,就労継続支援B型事業所　心の花,松山市室町130-1,382019,,,,,new_or_renewal,https://www.city.matsuyama.ehime.jp/shisei/opendata/metadata/shokuhinsinki.files/shokuhinsinki.xlsx,076ab31512db6c0d16c1b33f07ef1bd543cdc99cc8d394f932db4b2b7560bd84,official_current_rolling_workbook,2025-11,new,047af2ffbc254542387abc92,False
松山市,2025-11,第910号,2025-11-21,2025-11-21,2030-12-31,飲食店営業,スマイル,松山市三津2丁目12-31,382019,,,,,new_or_renewal,https://www.city.matsuyama.ehime.jp/shisei/opendata/metadata/shokuhinsinki.files/shokuhinsinki.xlsx,076ab31512db6c0d16c1b33f07ef1bd543cdc99cc8d394f932db4b2b7560bd84,official_current_rolling_workbook,2025-11,new,42ce33d900a9988ece59ac75,True
松山市,2025-11,第911号,2025-11-21,2025-11-21,2030-12-31,飲食店営業,たけだ,松山市一番町4丁目1-17ANNBLD. B101号,382019,,,,,new_or_renewal,https://www.city.matsuyama.ehime.jp/shisei/opendata/metadata/shokuhinsinki.files/shokuhinsinki.xlsx,076ab31512db6c0d16c1b33f07ef1bd543cdc99cc8d394f932db4b2b7560bd84,official_current_rolling_workbook,2025-11,new,ca3ce0685de972b5fff4bf93,True
松山市,2025-11,第912号,2025-11-21,2025-11-21,2030-12-31,飲食店営業,47654,松山市味酒町3丁目5-1若草幼稚園,382019,,,,,new_or_renewal,https://www.city.matsuyama.ehime.jp/shisei/opendata/metadata/shokuhinsinki.files/shokuhinsinki.xlsx,076ab31512db6c0d16c1b33f07ef1bd543cdc99cc8d394f932db4b2b7560bd84,official_current_rolling_workbook,2025-11,new,7bb71de3db1ab5fc2425f876,True
松山市,2025-11,第913号,2025-11-21,2025-11-21,2030-12-31,飲食店営業,MOAI,松山市平和通2丁目2-2キタビル1F,382019,,,,,new_or_renewal,https://www.city.matsuyama.ehime.jp/shisei/opendata/metadata/shokuhinsinki.files/shokuhinsinki.xlsx,076ab31512db6c0d16c1b33f07ef1bd543cdc99cc8d394f932db4b2b7560bd84,official_current_rolling_workbook,2025-11,new,36489a16f8180d1ccbce590a,True
松山市,2025-11,第914号,2025-11-21,2025-11-21,2030-12-31,麺類製造業,村上製麺所,松山市美沢2丁目4-19,382019,,,,,new_or_renewal,https://www.city.matsuyama.ehime.jp/shisei/opendata/metadata/shokuhinsinki.files/shokuhinsinki.xlsx,076ab31512db6c0d16c1b33f07ef1bd543cdc99cc8d394f932db4b2b7560bd84,official_current_rolling_workbook,2025-11,new,c7233c3ea89ce50a5acb5af2,False
松山市,2025-11,第915号,2025-11-21,2025-11-21,2030-12-31,飲食店営業,あずま泌尿器科クリニック,松山市竹原町１丁目10-10　2F,382019,,,,,new_or_renewal,https://www.city.matsuyama.ehime.jp/shisei/opendata/metadata/shokuhinsinki.files/shokuhinsinki.xlsx,076ab31512db6c0d16c1b33f07ef1bd543cdc99cc8d394f932db4b2b7560bd84,official_current_rolling_workbook,2025-11,new,724aed82e26dc9c1dafdf302,True
松山市,2025-11,第916号,2025-11-25,2025-11-25,2030-12-31,そうざい製造業,山水園,松山市朝生田町5丁目3-32,382019,,,,,new_or_renewal,https://www.city.matsuyama.ehime.jp/shisei/opendata/metadata/shokuhinsinki.files/shokuhinsinki.xlsx,076ab31512db6c0d16c1b33f07ef1bd543cdc99cc8d394f932db4b2b7560bd84,official_current_rolling_workbook,2025-11,new,990d7f4fb7f23622b0b54d0d,False
松山市,2025-11,第917号,2025-11-25,2025-11-25,2030-12-31,飲食店営業,山水園,松山市朝生田町5丁目3-32,382019,,,,,new_or_renewal,https://www.city.matsuyama.ehime.jp/shisei/opendata/metadata/shokuhinsinki.files/shokuhinsinki.xlsx,076ab31512db6c0d16c1b33f07ef1bd543cdc99cc8d394f932db4b2b7560bd84,official_current_rolling_workbook,2025-11,new,04fc0be9ea2f63817f85474c,True
松山市,2025-11,第918号,2025-11-25,2025-11-25,2030-12-31,冷凍食品製造業,肉の大西,松山市土手内114-8,382019,,,,,new_or_renewal,https://www.city.matsuyama.ehime.jp/shisei/opendata/metadata/shokuhinsinki.files/shokuhinsinki.xlsx,076ab31512db6c0d16c1b33f07ef1bd543cdc99cc8d394f932db4b2b7560bd84,official_current_rolling_workbook,2025-11,new,2c800c2c75b3899515950791,False
松山市,2025-11,第919号,2025-11-25,2025-11-25,2030-12-31,飲食店営業,風早　いちや,松山市下難波甲463-1,382019,,,,,new_or_renewal,https://www.city.matsuyama.ehime.jp/shisei/opendata/metadata/shokuhinsinki.files/shokuhinsinki.xlsx,076ab31512db6c0d16c1b33f07ef1bd543cdc99cc8d394f932db4b2b7560bd84,official_current_rolling_workbook,2025-11,new,038ee6ad67822e0ae99e1f19,True
松山市,2025-11,第920号,2025-11-25,2025-11-25,2030-12-31,食肉販売業,大三ミート産業株式会社　ダイレックス松山店,松山市宮西1丁目9-40,382019,,,,,new_or_renewal,https://www.city.matsuyama.ehime.jp/shisei/opendata/metadata/shokuhinsinki.files/shokuhinsinki.xlsx,076ab31512db6c0d16c1b33f07ef1bd543cdc99cc8d394f932db4b2b7560bd84,official_current_rolling_workbook,2025-11,new,aa6b78c6b9a6a14237ad7328,False
松山市,2025-11,第921号,2025-11-25,2025-11-25,2030-12-31,菓子製造業,Rin,松山市北斎院町1042-8,382019,,,,,new_or_renewal,https://www.city.matsuyama.ehime.jp/shisei/opendata/metadata/shokuhinsinki.files/shokuhinsinki.xlsx,076ab31512db6c0d16c1b33f07ef1bd543cdc99cc8d394f932db4b2b7560bd84,official_current_rolling_workbook,2025-11,new,eacc7cb1f6623ca77e48646d,False
松山市,2025-11,第922号,2025-11-25,2025-11-25,2030-12-31,菓子製造業,ラ．ブランシュ,松山市南江戸2丁目6-25 1.2F,382019,,,,,new_or_renewal,https://www.city.matsuyama.ehime.jp/shisei/opendata/metadata/shokuhinsinki.files/shokuhinsinki.xlsx,076ab31512db6c0d16c1b33f07ef1bd543cdc99cc8d394f932db4b2b7560bd84,official_current_rolling_workbook,2025-11,new,6eb3569847eb9720a8c4f370,False
松山市,2025-11,第923号,2025-11-25,2025-11-25,2030-12-31,菓子製造業,シャトレーゼ松山西店,松山市山西町796-1,382019,,,,,new_or_renewal,https://www.city.matsuyama.ehime.jp/shisei/opendata/metadata/shokuhinsinki.files/shokuhinsinki.xlsx,076ab31512db6c0d16c1b33f07ef1bd543cdc99cc8d394f932db4b2b7560bd84,official_current_rolling_workbook,2025-11,new,6ef58f8bbccce4b8c9bc466b,False
松山市,2025-11,第924号,2025-11-25,2025-11-25,2030-12-31,魚介類販売業,正岡鮮魚店,松山市北条辻1454,382019,,,,,new_or_renewal,https://www.city.matsuyama.ehime.jp/shisei/opendata/metadata/shokuhinsinki.files/shokuhinsinki.xlsx,076ab31512db6c0d16c1b33f07ef1bd543cdc99cc8d394f932db4b2b7560bd84,official_current_rolling_workbook,2025-11,new,35d3cacfdcea6d27e732b358,False
松山市,2025-11,第925号,2025-11-25,2025-11-25,2030-12-31,飲食店営業,わじき,松山市北斎院町20-2アーバンビル１F,382019,,,,,new_or_renewal,https://www.city.matsuyama.ehime.jp/shisei/opendata/metadata/shokuhinsinki.files/shokuhinsinki.xlsx,076ab31512db6c0d16c1b33f07ef1bd543cdc99cc8d394f932db4b2b7560bd84,official_current_rolling_workbook,2025-11,new,acba1bdc4239143854f1f2e1,True
松山市,2025-11,第926号,2025-11-25,2025-11-25,2030-12-31,飲食店営業,オレンジ,松山市中島大浦3054-13,382019,,,,,new_or_renewal,https://www.city.matsuyama.ehime.jp/shisei/opendata/metadata/shokuhinsinki.files/shokuhinsinki.xlsx,076ab31512db6c0d16c1b33f07ef1bd543cdc99cc8d394f932db4b2b7560bd84,official_current_rolling_workbook,2025-11,new,d858ef1cde83dc7593be3b9b,True
松山市,2025-11,第927号,2025-11-25,2025-11-25,2030-12-31,飲食店営業,LION,松山市二番町2丁目7-15YOSHIDAビル3F,382019,,,,,new_or_renewal,https://www.city.matsuyama.ehime.jp/shisei/opendata/metadata/shokuhinsinki.files/shokuhinsinki.xlsx,076ab31512db6c0d16c1b33f07ef1bd543cdc99cc8d394f932db4b2b7560bd84,official_current_rolling_workbook,2025-11,new,889b9d0ebc7de7df769e527d,True
松山市,2025-11,第928号,2025-11-25,2025-11-25,2030-12-31,飲食店営業,ホテルアイスル松山 2F,松山市宮田町391-8 2F,382019,,,,,new_or_renewal,https://www.city.matsuyama.ehime.jp/shisei/opendata/metadata/shokuhinsinki.files/shokuhinsinki.xlsx,076ab31512db6c0d16c1b33f07ef1bd543cdc99cc8d394f932db4b2b7560bd84,official_current_rolling_workbook,2025-11,new,3cf9e16d38332c50fa314637,True
松山市,2025-11,第929号,2025-11-25,2025-11-25,2030-12-31,飲食店営業,なにわや食堂,松山市小栗2丁目1-22,382019,,,,,new_or_renewal,https://www.city.matsuyama.ehime.jp/shisei/opendata/metadata/shokuhinsinki.files/shokuhinsinki.xlsx,076ab31512db6c0d16c1b33f07ef1bd543cdc99cc8d394f932db4b2b7560bd84,official_current_rolling_workbook,2025-11,new,f53ef1aea0721095e09dd6bd,True
松山市,2025-11,第930号,2025-11-25,2025-11-25,2030-12-31,飲食店営業,済生会松山ワークステーションなでしこ,松山市山西町880-2済生会病院内1F,382019,,,,,new_or_renewal,https://www.city.matsuyama.ehime.jp/shisei/opendata/metadata/shokuhinsinki.files/shokuhinsinki.xlsx,076ab31512db6c0d16c1b33f07ef1bd543cdc99cc8d394f932db4b2b7560bd84,official_current_rolling_workbook,2025-11,new,a61a45dde22c57cc373bcf5c,True
松山市,2025-11,第931号,2025-11-25,2025-11-25,2030-12-31,飲食店営業,ラーメンNORI,松山市道後湯之町1-38 1F,382019,,,,,new_or_renewal,https://www.city.matsuyama.ehime.jp/shisei/opendata/metadata/shokuhinsinki.files/shokuhinsinki.xlsx,076ab31512db6c0d16c1b33f07ef1bd543cdc99cc8d394f932db4b2b7560bd84,official_current_rolling_workbook,2025-11,new,b8835de10cea176ea0b52f9c,True
松山市,2025-11,第932号,2025-11-25,2025-11-25,2030-12-31,飲食店営業,スナン,松山市三番町2丁目8-13 第3アークビル 3F西,382019,,,,,new_or_renewal,https://www.city.matsuyama.ehime.jp/shisei/opendata/metadata/shokuhinsinki.files/shokuhinsinki.xlsx,076ab31512db6c0d16c1b33f07ef1bd543cdc99cc8d394f932db4b2b7560bd84,official_current_rolling_workbook,2025-11,new,0ebef772a0445c03e3916904,True
松山市,2025-11,第933号,2025-11-25,2025-11-25,2030-12-31,飲食店営業,お茶屋　華ひめ楼,松山市道後湯之町13-4,382019,,,,,new_or_renewal,https://www.city.matsuyama.ehime.jp/shisei/opendata/metadata/shokuhinsinki.files/shokuhinsinki.xlsx,076ab31512db6c0d16c1b33f07ef1bd543cdc99cc8d394f932db4b2b7560bd84,official_current_rolling_workbook,2025-11,new,a12195cc8c54538509a3211a,True
松山市,2025-11,第934号,2025-11-25,2025-11-25,2030-12-31,飲食店営業,ぼたん,松山市二番町2丁目4-16 いさみビル1F,382019,,,,,new_or_renewal,https://www.city.matsuyama.ehime.jp/shisei/opendata/metadata/shokuhinsinki.files/shokuhinsinki.xlsx,076ab31512db6c0d16c1b33f07ef1bd543cdc99cc8d394f932db4b2b7560bd84,official_current_rolling_workbook,2025-11,new,aff8e0ef203b92756264f29e,True
松山市,2025-11,第935号,2025-11-25,2025-11-25,2030-12-31,飲食店営業,ファミリーマート松山山越店,松山市山越6丁目2-9,382019,,,,,new_or_renewal,https://www.city.matsuyama.ehime.jp/shisei/opendata/metadata/shokuhinsinki.files/shokuhinsinki.xlsx,076ab31512db6c0d16c1b33f07ef1bd543cdc99cc8d394f932db4b2b7560bd84,official_current_rolling_workbook,2025-11,new,2bc86e290ec753b72ae28fcc,True
松山市,2025-11,第936号,2025-11-25,2025-11-25,2030-12-31,飲食店営業,バー　ログ　ログ,松山市二番町1丁目6-10レオン二番町2F,382019,,,,,new_or_renewal,https://www.city.matsuyama.ehime.jp/shisei/opendata/metadata/shokuhinsinki.files/shokuhinsinki.xlsx,076ab31512db6c0d16c1b33f07ef1bd543cdc99cc8d394f932db4b2b7560bd84,official_current_rolling_workbook,2025-11,new,7d523321fe033f62e66d131f,True
松山市,2025-11,第937号,2025-11-26,2025-11-26,2030-12-31,飲食店営業,言の葉郵便,松山市道後湯之町12-8　1F,382019,,,,,new_or_renewal,https://www.city.matsuyama.ehime.jp/shisei/opendata/metadata/shokuhinsinki.files/shokuhinsinki.xlsx,076ab31512db6c0d16c1b33f07ef1bd543cdc99cc8d394f932db4b2b7560bd84,official_current_rolling_workbook,2025-11,new,e1996d2d182f9678f18d6d09,True
松山市,2025-11,第938号,2025-11-26,2025-11-26,2030-12-31,飲食店営業,ぷるぷるくらぶ,松山市二番町1丁目10-14No.17ミツワビル3F,382019,,,,,new_or_renewal,https://www.city.matsuyama.ehime.jp/shisei/opendata/metadata/shokuhinsinki.files/shokuhinsinki.xlsx,076ab31512db6c0d16c1b33f07ef1bd543cdc99cc8d394f932db4b2b7560bd84,official_current_rolling_workbook,2025-11,new,f428be5947528db82c9423ce,True
松山市,2025-11,第939号,2025-11-26,2025-11-26,2030-12-31,飲食店営業,アイカフェ,松山市朝生田町1丁目9-3,382019,,,,,new_or_renewal,https://www.city.matsuyama.ehime.jp/shisei/opendata/metadata/shokuhinsinki.files/shokuhinsinki.xlsx,076ab31512db6c0d16c1b33f07ef1bd543cdc99cc8d394f932db4b2b7560bd84,official_current_rolling_workbook,2025-11,new,5c9fd20a8391f41b9de38db1,True
松山市,2025-11,第940号,2025-11-26,2025-11-26,2030-12-31,飲食店営業,道後舘パントリー厨房,松山市道後多幸町7-26道後舘2F～8F,382019,,,,,new_or_renewal,https://www.city.matsuyama.ehime.jp/shisei/opendata/metadata/shokuhinsinki.files/shokuhinsinki.xlsx,076ab31512db6c0d16c1b33f07ef1bd543cdc99cc8d394f932db4b2b7560bd84,official_current_rolling_workbook,2025-11,new,f40d4d20fee09b09148f0be7,True
松山市,2025-11,第941号,2025-11-26,2025-11-26,2030-12-31,飲食店営業,ローソン松山森松町店,松山市森松町135-5,382019,,,,,new_or_renewal,https://www.city.matsuyama.ehime.jp/shisei/opendata/metadata/shokuhinsinki.files/shokuhinsinki.xlsx,076ab31512db6c0d16c1b33f07ef1bd543cdc99cc8d394f932db4b2b7560bd84,official_current_rolling_workbook,2025-11,new,d5bac30ac3b6f9f30ccc9b88,True
松山市,2025-11,第942号,2025-11-26,2025-11-26,2030-12-31,飲食店営業,Studio Shiny,松山市三番町2丁目1-1サンライン山岡　B1F,382019,,,,,new_or_renewal,https://www.city.matsuyama.ehime.jp/shisei/opendata/metadata/shokuhinsinki.files/shokuhinsinki.xlsx,076ab31512db6c0d16c1b33f07ef1bd543cdc99cc8d394f932db4b2b7560bd84,official_current_rolling_workbook,2025-11,new,553f759323d322b91f7dfa7c,True
松山市,2025-11,第943号,2025-11-26,2025-11-26,2030-12-31,飲食店営業,Bar dim,松山市一番町2丁目5-25GOODWIN-BUILDING　5F,382019,,,,,new_or_renewal,https://www.city.matsuyama.ehime.jp/shisei/opendata/metadata/shokuhinsinki.files/shokuhinsinki.xlsx,076ab31512db6c0d16c1b33f07ef1bd543cdc99cc8d394f932db4b2b7560bd84,official_current_rolling_workbook,2025-11,new,3041b5735d1ff5784118b029,True
松山市,2025-11,第944号,2025-11-26,2025-11-26,2030-12-31,飲食店営業,四季折々おばんさい田村,松山市一番町1丁目1-9ベルビー一番町ビル1F,382019,,,,,new_or_renewal,https://www.city.matsuyama.ehime.jp/shisei/opendata/metadata/shokuhinsinki.files/shokuhinsinki.xlsx,076ab31512db6c0d16c1b33f07ef1bd543cdc99cc8d394f932db4b2b7560bd84,official_current_rolling_workbook,2025-11,new,86afa9de4263e4e8a2a1e055,True
松山市,2025-11,第945号,2025-11-26,2025-11-26,2030-12-31,飲食店営業,焼き鳥　鳥料理　まごころ,松山市三番町2丁目10-8 カワイビル2F・3F,382019,,,,,new_or_renewal,https://www.city.matsuyama.ehime.jp/shisei/opendata/metadata/shokuhinsinki.files/shokuhinsinki.xlsx,076ab31512db6c0d16c1b33f07ef1bd543cdc99cc8d394f932db4b2b7560bd84,official_current_rolling_workbook,2025-11,new,8caa363bb2f92e9e9214269e,True
松山市,2025-11,第946号,2025-11-26,2025-11-26,2030-12-31,そうざい製造業,グレイスガーデン　アルベラ,松山市南吉田町1676-1　1F,382019,,,,,new_or_renewal,https://www.city.matsuyama.ehime.jp/shisei/opendata/metadata/shokuhinsinki.files/shokuhinsinki.xlsx,076ab31512db6c0d16c1b33f07ef1bd543cdc99cc8d394f932db4b2b7560bd84,official_current_rolling_workbook,2025-11,new,96d53dfc422b4f2fd41c47aa,False
松山市,2025-11,第947号,2025-11-26,2025-11-26,2030-12-31,冷凍食品製造業,グレイスガーデン　アルベラ,松山市南吉田町1676-1　1F,382019,,,,,new_or_renewal,https://www.city.matsuyama.ehime.jp/shisei/opendata/metadata/shokuhinsinki.files/shokuhinsinki.xlsx,076ab31512db6c0d16c1b33f07ef1bd543cdc99cc8d394f932db4b2b7560bd84,official_current_rolling_workbook,2025-11,new,916688ffa0f6890f724a50f9,False
松山市,2025-11,第948号,2025-11-26,2025-11-26,2030-12-31,飲食店営業,くら寿司　松山枝松店,松山市枝松5丁目7-16,382019,,,,,new_or_renewal,https://www.city.matsuyama.ehime.jp/shisei/opendata/metadata/shokuhinsinki.files/shokuhinsinki.xlsx,076ab31512db6c0d16c1b33f07ef1bd543cdc99cc8d394f932db4b2b7560bd84,official_current_rolling_workbook,2025-11,new,cb71c2d5a6616fafc8302922,True
松山市,2025-11,第949号,2025-11-26,2025-11-26,2030-12-31,飲食店営業,ＫＡＮＥＯＫＡ　ＲＡＭＥＮ,松山市高砂町３丁目9-1グローアップビル102,382019,,,,,new_or_renewal,https://www.city.matsuyama.ehime.jp/shisei/opendata/metadata/shokuhinsinki.files/shokuhinsinki.xlsx,076ab31512db6c0d16c1b33f07ef1bd543cdc99cc8d394f932db4b2b7560bd84,official_current_rolling_workbook,2025-11,new,fcc75303781b733cc1854f4e,True
松山市,2025-11,第950号,2025-11-27,2025-11-27,2030-12-31,飲食店営業,マルトモ水産株式会社　ダイレックス松山店,松山市宮西1丁目9-40,382019,,,,,new_or_renewal,https://www.city.matsuyama.ehime.jp/shisei/opendata/metadata/shokuhinsinki.files/shokuhinsinki.xlsx,076ab31512db6c0d16c1b33f07ef1bd543cdc99cc8d394f932db4b2b7560bd84,official_current_rolling_workbook,2025-11,new,31671156ed31cd3de50efbf8,True
松山市,2025-11,第951号,2025-11-27,2025-11-27,2030-12-31,魚介類販売業,マルトモ水産株式会社　ダイレックス松山店,松山市宮西1丁目9-40,382019,,,,,new_or_renewal,https://www.city.matsuyama.ehime.jp/shisei/opendata/metadata/shokuhinsinki.files/shokuhinsinki.xlsx,076ab31512db6c0d16c1b33f07ef1bd543cdc99cc8d394f932db4b2b7560bd84,official_current_rolling_workbook,2025-11,new,b2b8cd71520e6b55502d243b,False
松山市,2025-11,第952号,2025-11-27,2025-11-27,2030-12-31,飲食店営業,スイング,松山市歩行町1丁目2-6西川ビル1F,382019,,,,,new_or_renewal,https://www.city.matsuyama.ehime.jp/shisei/opendata/metadata/shokuhinsinki.files/shokuhinsinki.xlsx,076ab31512db6c0d16c1b33f07ef1bd543cdc99cc8d394f932db4b2b7560bd84,official_current_rolling_workbook,2025-11,new,483e789cd83c8221e113604a,True
松山市,2025-11,第953号,2025-11-27,2025-11-27,2030-12-31,飲食店営業,ホテルフラワーJapon,松山市鷹子町1146-1,382019,,,,,new_or_renewal,https://www.city.matsuyama.ehime.jp/shisei/opendata/metadata/shokuhinsinki.files/shokuhinsinki.xlsx,076ab31512db6c0d16c1b33f07ef1bd543cdc99cc8d394f932db4b2b7560bd84,official_current_rolling_workbook,2025-11,new,c450bb9cfee09f84cb8529bf,True
松山市,2025-11,第954号,2025-11-27,2025-11-27,2030-12-31,飲食店営業,川島,松山市二番町2丁目7-7,382019,,,,,new_or_renewal,https://www.city.matsuyama.ehime.jp/shisei/opendata/metadata/shokuhinsinki.files/shokuhinsinki.xlsx,076ab31512db6c0d16c1b33f07ef1bd543cdc99cc8d394f932db4b2b7560bd84,official_current_rolling_workbook,2025-11,new,49f405807e1a475c6252353e,True
松山市,2025-11,第955号,2025-11-28,2025-11-28,2030-12-31,飲食店営業,くいもの屋　わん　松山大街道店,松山市大街道2丁目3-10イマダイビル　1-3F,382019,,,,,new_or_renewal,https://www.city.matsuyama.ehime.jp/shisei/opendata/metadata/shokuhinsinki.files/shokuhinsinki.xlsx,076ab31512db6c0d16c1b33f07ef1bd543cdc99cc8d394f932db4b2b7560bd84,official_current_rolling_workbook,2025-11,new,101509e2d5bc601e93d7fb0c,True
松山市,2025-11,第956号,2025-11-28,2025-11-28,2030-12-31,飲食店営業,喫茶　絵の具,松山市山越5丁目9-10  ハチゴビル  1F,382019,,,,,new_or_renewal,https://www.city.matsuyama.ehime.jp/shisei/opendata/metadata/shokuhinsinki.files/shokuhinsinki.xlsx,076ab31512db6c0d16c1b33f07ef1bd543cdc99cc8d394f932db4b2b7560bd84,official_current_rolling_workbook,2025-11,new,1cdf8842fcde61fdf27662eb,True
松山市,2025-11,第957号,2025-11-28,2025-11-28,2030-12-31,飲食店営業,だいとう,松山市北立花町6-11,382019,,,,,new_or_renewal,https://www.city.matsuyama.ehime.jp/shisei/opendata/metadata/shokuhinsinki.files/shokuhinsinki.xlsx,076ab31512db6c0d16c1b33f07ef1bd543cdc99cc8d394f932db4b2b7560bd84,official_current_rolling_workbook,2025-11,new,2023a1a801580bbdb20a2324,True
松山市,2025-11,第958号,2025-11-28,2025-11-28,2030-12-31,酒類製造業,榮光酒造株式会社,松山市溝辺町甲443,382019,,,,,new_or_renewal,https://www.city.matsuyama.ehime.jp/shisei/opendata/metadata/shokuhinsinki.files/shokuhinsinki.xlsx,076ab31512db6c0d16c1b33f07ef1bd543cdc99cc8d394f932db4b2b7560bd84,official_current_rolling_workbook,2025-11,new,d9b22414dfaa8273f4159ac5,False
松山市,2025-11,第959号,2025-11-28,2025-11-28,2030-12-31,飲食店営業,イーティーズ久万ノ台店,松山市久万ノ台480 ｍａｃ久万ノ台店内,382019,,,,,new_or_renewal,https://www.city.matsuyama.ehime.jp/shisei/opendata/metadata/shokuhinsinki.files/shokuhinsinki.xlsx,076ab31512db6c0d16c1b33f07ef1bd543cdc99cc8d394f932db4b2b7560bd84,official_current_rolling_workbook,2025-11,new,08bb8d55696560b7c48da4d9,True
松山市,2025-11,第960号,2025-11-28,2025-11-28,2030-12-31,飲食店営業,コンフォートホテル松山,松山市花園町3-18,382019,,,,,new_or_renewal,https://www.city.matsuyama.ehime.jp/shisei/opendata/metadata/shokuhinsinki.files/shokuhinsinki.xlsx,076ab31512db6c0d16c1b33f07ef1bd543cdc99cc8d394f932db4b2b7560bd84,official_current_rolling_workbook,2025-11,new,aa323dfa4bed6694dba64c32,True
松山市,2025-11,第961号,2025-11-28,2025-11-28,2030-12-31,飲食店営業,焼鳥　松田　市駅前,松山市湊町5丁目4-5大塚ビル1F,382019,,,,,new_or_renewal,https://www.city.matsuyama.ehime.jp/shisei/opendata/metadata/shokuhinsinki.files/shokuhinsinki.xlsx,076ab31512db6c0d16c1b33f07ef1bd543cdc99cc8d394f932db4b2b7560bd84,official_current_rolling_workbook,2025-11,new,88d4f5a552cd0428b0c262ba,True
松山市,2025-11,第962号,2025-11-28,2025-11-28,2030-12-31,飲食店営業,御料理　月白,松山市富久町422-3,382019,,,,,new_or_renewal,https://www.city.matsuyama.ehime.jp/shisei/opendata/metadata/shokuhinsinki.files/shokuhinsinki.xlsx,076ab31512db6c0d16c1b33f07ef1bd543cdc99cc8d394f932db4b2b7560bd84,official_current_rolling_workbook,2025-11,new,a38c1342f63d39ab0b4f6ab0,True
松山市,2025-12,第0967号,2025-12-01,2025-12-01,2030-12-31,食肉製品製造業,株式会社おとわ,松山市柳井町3丁目1-20,382019,,,,,new_or_renewal,https://www.city.matsuyama.ehime.jp/shisei/opendata/metadata/shokuhinsinki.files/shokuhinsinki.xlsx,076ab31512db6c0d16c1b33f07ef1bd543cdc99cc8d394f932db4b2b7560bd84,official_current_rolling_workbook,2025-12,new,951d37c3eac44f7e617c5eb4,False
松山市,2025-12,第0970号,2025-12-01,2025-12-01,2030-12-31,菓子製造業,Funny’ｓ,松山市千舟町4丁目5-3上田ビル203,382019,,,,,new_or_renewal,https://www.city.matsuyama.ehime.jp/shisei/opendata/metadata/shokuhinsinki.files/shokuhinsinki.xlsx,076ab31512db6c0d16c1b33f07ef1bd543cdc99cc8d394f932db4b2b7560bd84,official_current_rolling_workbook,2025-12,new,b424e09bc836ae04f7d4a3de,False
松山市,2025-12,第0980号,2025-12-01,2025-12-01,2030-12-31,菓子製造業,道後ミルクチーズケエキ,松山市道後湯之町12-29　1F,382019,,,,,new_or_renewal,https://www.city.matsuyama.ehime.jp/shisei/opendata/metadata/shokuhinsinki.files/shokuhinsinki.xlsx,076ab31512db6c0d16c1b33f07ef1bd543cdc99cc8d394f932db4b2b7560bd84,official_current_rolling_workbook,2025-12,new,e0c40adba651962bfe8640c5,False
松山市,2025-12,第0982号,2025-12-01,2025-12-01,2030-12-31,食肉処理業,食品卸エスケイ,松山市久万ノ台473-1,382019,,,,,new_or_renewal,https://www.city.matsuyama.ehime.jp/shisei/opendata/metadata/shokuhinsinki.files/shokuhinsinki.xlsx,076ab31512db6c0d16c1b33f07ef1bd543cdc99cc8d394f932db4b2b7560bd84,official_current_rolling_workbook,2025-12,new,3e634aeeeeecee3a9363d912,False
松山市,2025-12,第0992号,2025-12-01,2025-12-01,2030-12-31,魚介類販売業,有限会社杉田鮮魚,松山市石手4丁目3-70,382019,,,,,new_or_renewal,https://www.city.matsuyama.ehime.jp/shisei/opendata/metadata/shokuhinsinki.files/shokuhinsinki.xlsx,076ab31512db6c0d16c1b33f07ef1bd543cdc99cc8d394f932db4b2b7560bd84,official_current_rolling_workbook,2025-12,new,5f1ff0fa094c79feb48095ec,False
松山市,2025-12,第1000号,2025-12-01,2025-12-01,2030-12-31,飲食店営業,ＭＯＮＫ,松山市三番町1丁目10-16相原ビル2F,382019,,,,,new_or_renewal,https://www.city.matsuyama.ehime.jp/shisei/opendata/metadata/shokuhinsinki.files/shokuhinsinki.xlsx,076ab31512db6c0d16c1b33f07ef1bd543cdc99cc8d394f932db4b2b7560bd84,official_current_rolling_workbook,2025-12,new,2650c6d2338114e21ca42e1b,True
松山市,2025-12,第1001号,2025-12-01,2025-12-01,2030-12-31,飲食店営業,髙本,松山市三番町6丁目5-7髙本ビル1F,382019,,,,,new_or_renewal,https://www.city.matsuyama.ehime.jp/shisei/opendata/metadata/shokuhinsinki.files/shokuhinsinki.xlsx,076ab31512db6c0d16c1b33f07ef1bd543cdc99cc8d394f932db4b2b7560bd84,official_current_rolling_workbook,2025-12,new,49b6f388bd41d7d1e0f05fa4,True
松山市,2025-12,第963号,2025-12-01,2025-12-01,2030-12-31,飲食店営業,配食のふれ愛　松山本店,松山市東石井5丁目13-11富士見ビル202,382019,,,,,new_or_renewal,https://www.city.matsuyama.ehime.jp/shisei/opendata/metadata/shokuhinsinki.files/shokuhinsinki.xlsx,076ab31512db6c0d16c1b33f07ef1bd543cdc99cc8d394f932db4b2b7560bd84,official_current_rolling_workbook,2025-12,new,6e55e52efe138d155011084b,True
松山市,2025-12,第964号,2025-12-01,2025-12-01,2030-12-31,飲食店営業,GOOD THINGS,松山市湊町4丁目4-8ビューティビル1F,382019,,,,,new_or_renewal,https://www.city.matsuyama.ehime.jp/shisei/opendata/metadata/shokuhinsinki.files/shokuhinsinki.xlsx,076ab31512db6c0d16c1b33f07ef1bd543cdc99cc8d394f932db4b2b7560bd84,official_current_rolling_workbook,2025-12,new,713f7881d5e260d4954a5fc0,True
松山市,2025-12,第965号,2025-12-01,2025-12-01,2030-12-31,飲食店営業,碧,松山市北条辻1406-1,382019,,,,,new_or_renewal,https://www.city.matsuyama.ehime.jp/shisei/opendata/metadata/shokuhinsinki.files/shokuhinsinki.xlsx,076ab31512db6c0d16c1b33f07ef1bd543cdc99cc8d394f932db4b2b7560bd84,official_current_rolling_workbook,2025-12,new,6ae1192278f4d201827bb27c,True
松山市,2025-12,第966号,2025-12-01,2025-12-01,2030-12-31,飲食店営業,花より団子,松山市内宮町503,382019,,,,,new_or_renewal,https://www.city.matsuyama.ehime.jp/shisei/opendata/metadata/shokuhinsinki.files/shokuhinsinki.xlsx,076ab31512db6c0d16c1b33f07ef1bd543cdc99cc8d394f932db4b2b7560bd84,official_current_rolling_workbook,2025-12,new,124db24cf5a1ce5d0300f229,True
松山市,2025-12,第968号,2025-12-01,2025-12-01,2030-12-31,飲食店営業,大衆酒場あゆみ,松山市保免上1丁目16-19,382019,,,,,new_or_renewal,https://www.city.matsuyama.ehime.jp/shisei/opendata/metadata/shokuhinsinki.files/shokuhinsinki.xlsx,076ab31512db6c0d16c1b33f07ef1bd543cdc99cc8d394f932db4b2b7560bd84,official_current_rolling_workbook,2025-12,new,3046a6a5c216aa261697158b,True
松山市,2025-12,第969号,2025-12-01,2025-12-01,2030-12-31,飲食店営業,手打うどん政,松山市福角町甲228-3,382019,,,,,new_or_renewal,https://www.city.matsuyama.ehime.jp/shisei/opendata/metadata/shokuhinsinki.files/shokuhinsinki.xlsx,076ab31512db6c0d16c1b33f07ef1bd543cdc99cc8d394f932db4b2b7560bd84,official_current_rolling_workbook,2025-12,new,7c864c2b5d0616a2751696eb,True
松山市,2025-12,第971号,2025-12-01,2025-12-01,2030-12-31,飲食店営業,マーテル・アイ,松山市大街道2丁目2-1アリスト大街道302号,382019,,,,,new_or_renewal,https://www.city.matsuyama.ehime.jp/shisei/opendata/metadata/shokuhinsinki.files/shokuhinsinki.xlsx,076ab31512db6c0d16c1b33f07ef1bd543cdc99cc8d394f932db4b2b7560bd84,official_current_rolling_workbook,2025-12,new,8087b1685bb7170323a6dd03,True
松山市,2025-12,第972号,2025-12-01,2025-12-01,2030-12-31,飲食店営業,焼肉　大協,松山市萱町3丁目2-1,382019,,,,,new_or_renewal,https://www.city.matsuyama.ehime.jp/shisei/opendata/metadata/shokuhinsinki.files/shokuhinsinki.xlsx,076ab31512db6c0d16c1b33f07ef1bd543cdc99cc8d394f932db4b2b7560bd84,official_current_rolling_workbook,2025-12,new,2b6ebeac208dd3dfbcfcec07,True
松山市,2025-12,第973号,2025-12-01,2025-12-01,2030-12-31,飲食店営業,Coffee ＆ Beer Roots,松山市花園町7-2 大黒屋ビル2F,382019,,,,,new_or_renewal,https://www.city.matsuyama.ehime.jp/shisei/opendata/metadata/shokuhinsinki.files/shokuhinsinki.xlsx,076ab31512db6c0d16c1b33f07ef1bd543cdc99cc8d394f932db4b2b7560bd84,official_current_rolling_workbook,2025-12,new,01edb180dfb3e1123e9de7ff,True
松山市,2025-12,第974号,2025-12-01,2025-12-01,2030-12-31,飲食店営業,居酒屋自久庵やじ,松山市平和通3丁目2-28,382019,,,,,new_or_renewal,https://www.city.matsuyama.ehime.jp/shisei/opendata/metadata/shokuhinsinki.files/shokuhinsinki.xlsx,076ab31512db6c0d16c1b33f07ef1bd543cdc99cc8d394f932db4b2b7560bd84,official_current_rolling_workbook,2025-12,new,8ec6d34e1ef27a564bc565d1,True
松山市,2025-12,第975号,2025-12-01,2025-12-01,2030-12-31,飲食店営業,三日月とカフェ　新空港通り店,松山市南江戸4丁目1249-2,382019,,,,,new_or_renewal,https://www.city.matsuyama.ehime.jp/shisei/opendata/metadata/shokuhinsinki.files/shokuhinsinki.xlsx,076ab31512db6c0d16c1b33f07ef1bd543cdc99cc8d394f932db4b2b7560bd84,official_current_rolling_workbook,2025-12,new,2ee49478f4c70c1560487ba0,True
松山市,2025-12,第976号,2025-12-01,2025-12-01,2030-12-31,飲食店営業,居酒庵　よっしおか,松山市三番町2丁目5-3 1F,382019,,,,,new_or_renewal,https://www.city.matsuyama.ehime.jp/shisei/opendata/metadata/shokuhinsinki.files/shokuhinsinki.xlsx,076ab31512db6c0d16c1b33f07ef1bd543cdc99cc8d394f932db4b2b7560bd84,official_current_rolling_workbook,2025-12,new,e7cf17ad90ffe7610081e7cb,True
松山市,2025-12,第977号,2025-12-01,2025-12-01,2030-12-31,飲食店営業,THREE FISH COFFEE,松山市千舟町3丁目2-17松山地所ビル1F,382019,,,,,new_or_renewal,https://www.city.matsuyama.ehime.jp/shisei/opendata/metadata/shokuhinsinki.files/shokuhinsinki.xlsx,076ab31512db6c0d16c1b33f07ef1bd543cdc99cc8d394f932db4b2b7560bd84,official_current_rolling_workbook,2025-12,new,1c58aedf56232e2944d9a531,True
松山市,2025-12,第978号,2025-12-01,2025-12-01,2030-12-31,飲食店営業,ダック,松山市歩行町1丁目2-6,382019,,,,,new_or_renewal,https://www.city.matsuyama.ehime.jp/shisei/opendata/metadata/shokuhinsinki.files/shokuhinsinki.xlsx,076ab31512db6c0d16c1b33f07ef1bd543cdc99cc8d394f932db4b2b7560bd84,official_current_rolling_workbook,2025-12,new,f47c278866e474115fd420d4,True
松山市,2025-12,第979号,2025-12-01,2025-12-01,2030-12-31,飲食店営業,道後ミルクチーズケエキ,松山市道後湯之町12-29　1F,382019,,,,,new_or_renewal,https://www.city.matsuyama.ehime.jp/shisei/opendata/metadata/shokuhinsinki.files/shokuhinsinki.xlsx,076ab31512db6c0d16c1b33f07ef1bd543cdc99cc8d394f932db4b2b7560bd84,official_current_rolling_workbook,2025-12,new,722cb0a58cd5762b1dfb2627,True
松山市,2025-12,第981号,2025-12-01,2025-12-01,2030-12-31,飲食店営業,くいしん坊,松山市南斎院町947-1 ピュアメイツさや1F,382019,,,,,new_or_renewal,https://www.city.matsuyama.ehime.jp/shisei/opendata/metadata/shokuhinsinki.files/shokuhinsinki.xlsx,076ab31512db6c0d16c1b33f07ef1bd543cdc99cc8d394f932db4b2b7560bd84,official_current_rolling_workbook,2025-12,new,addf1f27d770f1174c1b5921,True
松山市,2025-12,第983号,2025-12-01,2025-12-01,2030-12-31,飲食店営業,モスバーガー松山東環状店,松山市束本1丁目6-4,382019,,,,,new_or_renewal,https://www.city.matsuyama.ehime.jp/shisei/opendata/metadata/shokuhinsinki.files/shokuhinsinki.xlsx,076ab31512db6c0d16c1b33f07ef1bd543cdc99cc8d394f932db4b2b7560bd84,official_current_rolling_workbook,2025-12,new,8c7092965106a96bb3081ed0,True
松山市,2025-12,第984号,2025-12-01,2025-12-01,2030-12-31,飲食店営業,喫茶　ミモザ,松山市畑寺3丁目12-19,382019,,,,,new_or_renewal,https://www.city.matsuyama.ehime.jp/shisei/opendata/metadata/shokuhinsinki.files/shokuhinsinki.xlsx,076ab31512db6c0d16c1b33f07ef1bd543cdc99cc8d394f932db4b2b7560bd84,official_current_rolling_workbook,2025-12,new,a305b01571eb1b0525eb54ac,True
松山市,2025-12,第985号,2025-12-01,2025-12-01,2030-12-31,飲食店営業,ココス　久万の台店,松山市久万ノ台3-4,382019,,,,,new_or_renewal,https://www.city.matsuyama.ehime.jp/shisei/opendata/metadata/shokuhinsinki.files/shokuhinsinki.xlsx,076ab31512db6c0d16c1b33f07ef1bd543cdc99cc8d394f932db4b2b7560bd84,official_current_rolling_workbook,2025-12,new,5807520d078cb06cc02323ed,True
松山市,2025-12,第986号,2025-12-01,2025-12-01,2030-12-31,飲食店営業,ローソン松山市民病院前店,松山市三番町7丁目7-5,382019,,,,,new_or_renewal,https://www.city.matsuyama.ehime.jp/shisei/opendata/metadata/shokuhinsinki.files/shokuhinsinki.xlsx,076ab31512db6c0d16c1b33f07ef1bd543cdc99cc8d394f932db4b2b7560bd84,official_current_rolling_workbook,2025-12,new,d87643620817be9cbc596a34,True
松山市,2025-12,第987号,2025-12-01,2025-12-01,2030-12-31,飲食店営業,一青,松山市三番町1丁目16-19 井口ビル2F北,382019,,,,,new_or_renewal,https://www.city.matsuyama.ehime.jp/shisei/opendata/metadata/shokuhinsinki.files/shokuhinsinki.xlsx,076ab31512db6c0d16c1b33f07ef1bd543cdc99cc8d394f932db4b2b7560bd84,official_current_rolling_workbook,2025-12,new,56631b6dbe244e72cdedd217,True
松山市,2025-12,第988号,2025-12-01,2025-12-01,2030-12-31,飲食店営業,HOTEL  ROSSO  松山,松山市三番町1丁目4-15　2F,382019,,,,,new_or_renewal,https://www.city.matsuyama.ehime.jp/shisei/opendata/metadata/shokuhinsinki.files/shokuhinsinki.xlsx,076ab31512db6c0d16c1b33f07ef1bd543cdc99cc8d394f932db4b2b7560bd84,official_current_rolling_workbook,2025-12,new,26dfebb6001006246eceaf15,True
松山市,2025-12,第989号,2025-12-01,2025-12-01,2030-12-31,飲食店営業,プチマドンナ,"松山市道後湯之町13-11 1,2F",382019,,,,,new_or_renewal,https://www.city.matsuyama.ehime.jp/shisei/opendata/metadata/shokuhinsinki.files/shokuhinsinki.xlsx,076ab31512db6c0d16c1b33f07ef1bd543cdc99cc8d394f932db4b2b7560bd84,official_current_rolling_workbook,2025-12,new,76321c875396d9ad4d9c3408,True
松山市,2025-12,第990号,2025-12-01,2025-12-01,2030-12-31,飲食店営業,居酒屋ながぐつ,松山市朝生田町1丁目4-8,382019,,,,,new_or_renewal,https://www.city.matsuyama.ehime.jp/shisei/opendata/metadata/shokuhinsinki.files/shokuhinsinki.xlsx,076ab31512db6c0d16c1b33f07ef1bd543cdc99cc8d394f932db4b2b7560bd84,official_current_rolling_workbook,2025-12,new,9edddaaea967fa750da11ee9,True
松山市,2025-12,第991号,2025-12-01,2025-12-01,2030-12-31,飲食店営業,徳川パルティフジ衣山店,松山市衣山1丁目188 パルティフジ衣山店　2F,382019,,,,,new_or_renewal,https://www.city.matsuyama.ehime.jp/shisei/opendata/metadata/shokuhinsinki.files/shokuhinsinki.xlsx,076ab31512db6c0d16c1b33f07ef1bd543cdc99cc8d394f932db4b2b7560bd84,official_current_rolling_workbook,2025-12,new,b4d6e78cb651e14780ccbdd8,True
松山市,2025-12,第993号,2025-12-01,2025-12-01,2030-12-31,飲食店営業,Bar Start,松山市二番町1丁目2-7 ライルビル3F,382019,,,,,new_or_renewal,https://www.city.matsuyama.ehime.jp/shisei/opendata/metadata/shokuhinsinki.files/shokuhinsinki.xlsx,076ab31512db6c0d16c1b33f07ef1bd543cdc99cc8d394f932db4b2b7560bd84,official_current_rolling_workbook,2025-12,new,0ae22efe704898d85c541934,True
松山市,2025-12,第994号,2025-12-01,2025-12-01,2030-12-31,飲食店営業,second season 133,松山市二番町1丁目5-1　1F,382019,,,,,new_or_renewal,https://www.city.matsuyama.ehime.jp/shisei/opendata/metadata/shokuhinsinki.files/shokuhinsinki.xlsx,076ab31512db6c0d16c1b33f07ef1bd543cdc99cc8d394f932db4b2b7560bd84,official_current_rolling_workbook,2025-12,new,74a92af7be233a1c6c5e8804,True
松山市,2025-12,第995号,2025-12-01,2025-12-01,2030-12-31,飲食店営業,ろず,松山市二番町2丁目6-11江戸長本店ビル3F,382019,,,,,new_or_renewal,https://www.city.matsuyama.ehime.jp/shisei/opendata/metadata/shokuhinsinki.files/shokuhinsinki.xlsx,076ab31512db6c0d16c1b33f07ef1bd543cdc99cc8d394f932db4b2b7560bd84,official_current_rolling_workbook,2025-12,new,022277d652711c9b52b96319,True
松山市,2025-12,第996号,2025-12-01,2025-12-01,2030-12-31,飲食店営業,いづみ,"松山市歩行町2丁目1-3 1F,2F",382019,,,,,new_or_renewal,https://www.city.matsuyama.ehime.jp/shisei/opendata/metadata/shokuhinsinki.files/shokuhinsinki.xlsx,076ab31512db6c0d16c1b33f07ef1bd543cdc99cc8d394f932db4b2b7560bd84,official_current_rolling_workbook,2025-12,new,b2246c20f3586eb0d5f81b90,True
松山市,2025-12,第997号,2025-12-01,2025-12-01,2030-12-31,飲食店営業,ピッツェリア　マルブン　朝生田,松山市朝生田町6丁目2-3,382019,,,,,new_or_renewal,https://www.city.matsuyama.ehime.jp/shisei/opendata/metadata/shokuhinsinki.files/shokuhinsinki.xlsx,076ab31512db6c0d16c1b33f07ef1bd543cdc99cc8d394f932db4b2b7560bd84,official_current_rolling_workbook,2025-12,new,a1caedaaf13ed73dc981da31,True
松山市,2025-12,第998号,2025-12-01,2025-12-01,2030-12-31,飲食店営業,食処　七楽,松山市北久米町664-9 1F,382019,,,,,new_or_renewal,https://www.city.matsuyama.ehime.jp/shisei/opendata/metadata/shokuhinsinki.files/shokuhinsinki.xlsx,076ab31512db6c0d16c1b33f07ef1bd543cdc99cc8d394f932db4b2b7560bd84,official_current_rolling_workbook,2025-12,new,5ec23327c6fb576654605610,True
松山市,2025-12,第999号,2025-12-01,2025-12-01,2030-12-31,飲食店営業,スナック　ＫＡＫＯ,松山市高浜町4丁目1509,382019,,,,,new_or_renewal,https://www.city.matsuyama.ehime.jp/shisei/opendata/metadata/shokuhinsinki.files/shokuhinsinki.xlsx,076ab31512db6c0d16c1b33f07ef1bd543cdc99cc8d394f932db4b2b7560bd84,official_current_rolling_workbook,2025-12,new,0762169d34ebeb2b569812ed,True
松山市,2025-12,第1002号,2025-12-02,2025-12-02,2030-12-31,飲食店営業,カフェ・キエラ,松山市久米窪田町1108-1 1F,382019,,,,,new_or_renewal,https://www.city.matsuyama.ehime.jp/shisei/opendata/metadata/shokuhinsinki.files/shokuhinsinki.xlsx,076ab31512db6c0d16c1b33f07ef1bd543cdc99cc8d394f932db4b2b7560bd84,official_current_rolling_workbook,2025-12,new,8c8fe9d67d772bb879038f06,True
松山市,2025-12,第1003号,2025-12-02,2025-12-02,2030-12-31,飲食店営業,ムーンライト,松山市二番町2丁目1-1 第26ミツワビル2F,382019,,,,,new_or_renewal,https://www.city.matsuyama.ehime.jp/shisei/opendata/metadata/shokuhinsinki.files/shokuhinsinki.xlsx,076ab31512db6c0d16c1b33f07ef1bd543cdc99cc8d394f932db4b2b7560bd84,official_current_rolling_workbook,2025-12,new,f2e0c6f8abb35b018ec18385,True
松山市,2025-12,第1004号,2025-12-02,2025-12-02,2030-12-31,飲食店営業,スポーツ居酒屋しゃかりき家,松山市二番町2丁目5-10ZENANAビル2F,382019,,,,,new_or_renewal,https://www.city.matsuyama.ehime.jp/shisei/opendata/metadata/shokuhinsinki.files/shokuhinsinki.xlsx,076ab31512db6c0d16c1b33f07ef1bd543cdc99cc8d394f932db4b2b7560bd84,official_current_rolling_workbook,2025-12,new,35f76e7585936436f5ae944a,True
松山市,2025-12,第1005号,2025-12-03,2025-12-03,2030-12-31,菓子製造業,川井屋,松山市古三津2丁目3-12 古三津門田店舗１F南棟,382019,,,,,new_or_renewal,https://www.city.matsuyama.ehime.jp/shisei/opendata/metadata/shokuhinsinki.files/shokuhinsinki.xlsx,076ab31512db6c0d16c1b33f07ef1bd543cdc99cc8d394f932db4b2b7560bd84,official_current_rolling_workbook,2025-12,new,65e41a46a940095b1daeaebd,False
松山市,2025-12,第1006号,2025-12-03,2025-12-03,2030-12-31,水産製品製造業,有限会社ホクヨ　泉家工場,松山市鹿峰147-4,382019,,,,,new_or_renewal,https://www.city.matsuyama.ehime.jp/shisei/opendata/metadata/shokuhinsinki.files/shokuhinsinki.xlsx,076ab31512db6c0d16c1b33f07ef1bd543cdc99cc8d394f932db4b2b7560bd84,official_current_rolling_workbook,2025-12,new,ff2fca0f7233f1fe7280da3c,False
松山市,2025-12,第1007号,2025-12-03,2025-12-03,2030-12-31,魚介類販売業,塩崎商店,松山市久万ノ台1087-1,382019,,,,,new_or_renewal,https://www.city.matsuyama.ehime.jp/shisei/opendata/metadata/shokuhinsinki.files/shokuhinsinki.xlsx,076ab31512db6c0d16c1b33f07ef1bd543cdc99cc8d394f932db4b2b7560bd84,official_current_rolling_workbook,2025-12,new,23d37ab92c443847f0a25060,False
松山市,2025-12,第1008号,2025-12-03,2025-12-03,2030-12-31,飲食店営業,ENO COFFEE,松山市井門町1212⁻1 1F,382019,,,,,new_or_renewal,https://www.city.matsuyama.ehime.jp/shisei/opendata/metadata/shokuhinsinki.files/shokuhinsinki.xlsx,076ab31512db6c0d16c1b33f07ef1bd543cdc99cc8d394f932db4b2b7560bd84,official_current_rolling_workbook,2025-12,new,b5df6ae3998e84919025cfc2,True
松山市,2025-12,第1009号,2025-12-03,2025-12-03,2030-12-31,飲食店営業,ｄｅｌ　ｔｏｐｏ,松山市千舟町4丁目1-10FACURIO　Jack3F,382019,,,,,new_or_renewal,https://www.city.matsuyama.ehime.jp/shisei/opendata/metadata/shokuhinsinki.files/shokuhinsinki.xlsx,076ab31512db6c0d16c1b33f07ef1bd543cdc99cc8d394f932db4b2b7560bd84,official_current_rolling_workbook,2025-12,new,548af20a92f973fd25d106db,True
松山市,2025-12,第1010号,2025-12-03,2025-12-03,2030-12-31,飲食店営業,ローソン松山衣山店,松山市衣山1丁目233-1,382019,,,,,new_or_renewal,https://www.city.matsuyama.ehime.jp/shisei/opendata/metadata/shokuhinsinki.files/shokuhinsinki.xlsx,076ab31512db6c0d16c1b33f07ef1bd543cdc99cc8d394f932db4b2b7560bd84,official_current_rolling_workbook,2025-12,new,137af54d54c8f4f7b317a4ea,True
松山市,2025-12,第1011号,2025-12-04,2025-12-04,2030-12-31,飲食店営業,愛媛おいも万博2025　淡路島金賞カレーパン　サンハート　ブースNo．1,松山市堀之内　城山公園管理広場　愛媛おいも万博会場内,382019,,,,,new_or_renewal,https://www.city.matsuyama.ehime.jp/shisei/opendata/metadata/shokuhinsinki.files/shokuhinsinki.xlsx,076ab31512db6c0d16c1b33f07ef1bd543cdc99cc8d394f932db4b2b7560bd84,official_current_rolling_workbook,2025-12,new,dd706325f7af8ff4371edc04,True
松山市,2025-12,第1012号,2025-12-04,2025-12-04,2030-12-31,飲食店営業,愛媛おいも万博2025　焼き芋専門店　芋やす　ブースNo．2,松山市堀之内　城山公園管理広場　愛媛おいも万博会場内,382019,,,,,new_or_renewal,https://www.city.matsuyama.ehime.jp/shisei/opendata/metadata/shokuhinsinki.files/shokuhinsinki.xlsx,076ab31512db6c0d16c1b33f07ef1bd543cdc99cc8d394f932db4b2b7560bd84,official_current_rolling_workbook,2025-12,new,bed89f7b85bb2596e9833dcc,True
松山市,2025-12,第1013号,2025-12-04,2025-12-04,2030-12-31,飲食店営業,愛媛おいも万博2025　日比焼き芋　-HIBIYAKIIMO TOKYO- ブースNo.3,松山市堀之内　城山公園管理広場　愛媛おいも万博会場内,382019,,,,,new_or_renewal,https://www.city.matsuyama.ehime.jp/shisei/opendata/metadata/shokuhinsinki.files/shokuhinsinki.xlsx,076ab31512db6c0d16c1b33f07ef1bd543cdc99cc8d394f932db4b2b7560bd84,official_current_rolling_workbook,2025-12,new,667b71c7964f81c099f72a9f,True
松山市,2025-12,第1014号,2025-12-04,2025-12-04,2030-12-31,飲食店営業,愛媛おいも万博2025 芋屋　蜜の月　倉敷本店　ブースNo.4,松山市堀之内　城山公園管理広場　愛媛おいも万博会場内,382019,,,,,new_or_renewal,https://www.city.matsuyama.ehime.jp/shisei/opendata/metadata/shokuhinsinki.files/shokuhinsinki.xlsx,076ab31512db6c0d16c1b33f07ef1bd543cdc99cc8d394f932db4b2b7560bd84,official_current_rolling_workbook,2025-12,new,1a61c796f20236902f1bdd8e,True
松山市,2025-12,第1015号,2025-12-04,2025-12-04,2030-12-31,飲食店営業,"愛媛おいも万博2025 パイ専門店　pie,guruguru　ブースNo.5",松山市堀之内　城山公園管理広場　愛媛おいも万博会場内,382019,,,,,new_or_renewal,https://www.city.matsuyama.ehime.jp/shisei/opendata/metadata/shokuhinsinki.files/shokuhinsinki.xlsx,076ab31512db6c0d16c1b33f07ef1bd543cdc99cc8d394f932db4b2b7560bd84,official_current_rolling_workbook,2025-12,new,c7d18cdeec1fd5a8edf256f4,True
松山市,2025-12,第1016号,2025-12-04,2025-12-04,2030-12-31,飲食店営業,愛媛おいも万博2025　浪漫焼き芋　芋の巣　ブースNo.7,松山市堀之内　城山公園管理広場　愛媛おいも万博会場内,382019,,,,,new_or_renewal,https://www.city.matsuyama.ehime.jp/shisei/opendata/metadata/shokuhinsinki.files/shokuhinsinki.xlsx,076ab31512db6c0d16c1b33f07ef1bd543cdc99cc8d394f932db4b2b7560bd84,official_current_rolling_workbook,2025-12,new,50e5ad65a31a3021a6806cbb,True
松山市,2025-12,第1017号,2025-12-04,2025-12-04,2030-12-31,飲食店営業,愛媛おいも万博2025　BUTTER　CREPE　LAB.　ブースNo.8,松山市堀之内　城山公園管理広場　愛媛おいも万博会場内,382019,,,,,new_or_renewal,https://www.city.matsuyama.ehime.jp/shisei/opendata/metadata/shokuhinsinki.files/shokuhinsinki.xlsx,076ab31512db6c0d16c1b33f07ef1bd543cdc99cc8d394f932db4b2b7560bd84,official_current_rolling_workbook,2025-12,new,f3852d5662bd7985acbe1884,True
松山市,2025-12,第1018号,2025-12-04,2025-12-04,2030-12-31,飲食店営業,愛媛おいも万博2025　京都芋屋　芋と野菜　ブースNo.9,松山市堀之内　城山公園管理広場　愛媛おいも万博会場内,382019,,,,,new_or_renewal,https://www.city.matsuyama.ehime.jp/shisei/opendata/metadata/shokuhinsinki.files/shokuhinsinki.xlsx,076ab31512db6c0d16c1b33f07ef1bd543cdc99cc8d394f932db4b2b7560bd84,official_current_rolling_workbook,2025-12,new,d96505ae0d0ec1f3292a0acb,True
松山市,2025-12,第1019号,2025-12-04,2025-12-04,2030-12-31,飲食店営業,愛媛おいも万博2025　芋や吟二朗　ブースNo.10,松山市堀之内　城山公園管理広場　愛媛おいも万博会場内,382019,,,,,new_or_renewal,https://www.city.matsuyama.ehime.jp/shisei/opendata/metadata/shokuhinsinki.files/shokuhinsinki.xlsx,076ab31512db6c0d16c1b33f07ef1bd543cdc99cc8d394f932db4b2b7560bd84,official_current_rolling_workbook,2025-12,new,07ffccdcb145256be5dd5bec,True
松山市,2025-12,第1020号,2025-12-04,2025-12-04,2030-12-31,飲食店営業,愛媛おいも万博2025　なるころ　ブースNo.12,松山市堀之内　城山公園管理広場　愛媛おいも万博会場内,382019,,,,,new_or_renewal,https://www.city.matsuyama.ehime.jp/shisei/opendata/metadata/shokuhinsinki.files/shokuhinsinki.xlsx,076ab31512db6c0d16c1b33f07ef1bd543cdc99cc8d394f932db4b2b7560bd84,official_current_rolling_workbook,2025-12,new,5e2bc9c79b0c98dae082324d,True
松山市,2025-12,第1021号,2025-12-04,2025-12-04,2030-12-31,飲食店営業,愛媛おいも万博2025　DOCO弐番館　ブースNo.13,松山市堀之内　城山公園管理広場　愛媛おいも万博会場内,382019,,,,,new_or_renewal,https://www.city.matsuyama.ehime.jp/shisei/opendata/metadata/shokuhinsinki.files/shokuhinsinki.xlsx,076ab31512db6c0d16c1b33f07ef1bd543cdc99cc8d394f932db4b2b7560bd84,official_current_rolling_workbook,2025-12,new,21787ffddf6370068f408818,True
松山市,2025-12,第1022号,2025-12-04,2025-12-04,2030-12-31,飲食店営業,愛媛おいも万博2025　おいもスイーツ専門店　いもまる　ブースNo.14,松山市堀之内　城山公園管理広場　愛媛おいも万博会場内,382019,,,,,new_or_renewal,https://www.city.matsuyama.ehime.jp/shisei/opendata/metadata/shokuhinsinki.files/shokuhinsinki.xlsx,076ab31512db6c0d16c1b33f07ef1bd543cdc99cc8d394f932db4b2b7560bd84,official_current_rolling_workbook,2025-12,new,f12419b29a14fd57dccbf820,True
松山市,2025-12,第1023号,2025-12-04,2025-12-04,2030-12-31,飲食店営業,羅座亜留　平井店,松山市平井町甲2297-1,382019,,,,,new_or_renewal,https://www.city.matsuyama.ehime.jp/shisei/opendata/metadata/shokuhinsinki.files/shokuhinsinki.xlsx,076ab31512db6c0d16c1b33f07ef1bd543cdc99cc8d394f932db4b2b7560bd84,official_current_rolling_workbook,2025-12,new,561fed8b6e1226ed3e2ece90,True
松山市,2025-12,第1024号,2025-12-04,2025-12-04,2030-12-31,飲食店営業,ジノ,松山市末広町17-5 1F,382019,,,,,new_or_renewal,https://www.city.matsuyama.ehime.jp/shisei/opendata/metadata/shokuhinsinki.files/shokuhinsinki.xlsx,076ab31512db6c0d16c1b33f07ef1bd543cdc99cc8d394f932db4b2b7560bd84,official_current_rolling_workbook,2025-12,new,2ace4fbdcd6b2b773e1e371e,True
松山市,2025-12,第1025号,2025-12-05,2025-12-05,2030-12-31,飲食店営業,遊べるカフェ Watto,松山市山西町593-16コーポ大聖1F南,382019,,,,,new_or_renewal,https://www.city.matsuyama.ehime.jp/shisei/opendata/metadata/shokuhinsinki.files/shokuhinsinki.xlsx,076ab31512db6c0d16c1b33f07ef1bd543cdc99cc8d394f932db4b2b7560bd84,official_current_rolling_workbook,2025-12,new,1a7e8726721d1f93191886cc,True
松山市,2025-12,第1026号,2025-12-05,2025-12-05,2030-12-31,飲食店営業,your bar 8,松山市二番町2丁目1-10Y2NKビル2F,382019,,,,,new_or_renewal,https://www.city.matsuyama.ehime.jp/shisei/opendata/metadata/shokuhinsinki.files/shokuhinsinki.xlsx,076ab31512db6c0d16c1b33f07ef1bd543cdc99cc8d394f932db4b2b7560bd84,official_current_rolling_workbook,2025-12,new,73d3d72d236b738f9b6910c6,True
松山市,2025-12,第1027号,2025-12-05,2025-12-05,2030-12-31,飲食店営業,Bar Dope,松山市二番町2丁目6-9丸和第3ビル 2F 西,382019,,,,,new_or_renewal,https://www.city.matsuyama.ehime.jp/shisei/opendata/metadata/shokuhinsinki.files/shokuhinsinki.xlsx,076ab31512db6c0d16c1b33f07ef1bd543cdc99cc8d394f932db4b2b7560bd84,official_current_rolling_workbook,2025-12,new,50c4ac68fb388f534b9a25b8,True
松山市,2025-12,第1028号,2025-12-05,2025-12-05,2030-12-31,飲食店営業,ELMER,松山市二番町2丁目6-2第2KKビル2F西,382019,,,,,new_or_renewal,https://www.city.matsuyama.ehime.jp/shisei/opendata/metadata/shokuhinsinki.files/shokuhinsinki.xlsx,076ab31512db6c0d16c1b33f07ef1bd543cdc99cc8d394f932db4b2b7560bd84,official_current_rolling_workbook,2025-12,new,99bb14e681cdd52732f5a1b2,True
松山市,2025-12,第1029号,2025-12-05,2025-12-05,2030-12-31,飲食店営業,BAR Cell,松山市二番町1丁目3-1 古唐人ビル月舘302,382019,,,,,new_or_renewal,https://www.city.matsuyama.ehime.jp/shisei/opendata/metadata/shokuhinsinki.files/shokuhinsinki.xlsx,076ab31512db6c0d16c1b33f07ef1bd543cdc99cc8d394f932db4b2b7560bd84,official_current_rolling_workbook,2025-12,new,5df75748dc545a98979cb3f4,True
松山市,2025-12,第1030号,2025-12-05,2025-12-05,2030-12-31,飲食店営業,Bar　moca,松山市三番町1丁目15-5LIDO　STAGEビル　40A,382019,,,,,new_or_renewal,https://www.city.matsuyama.ehime.jp/shisei/opendata/metadata/shokuhinsinki.files/shokuhinsinki.xlsx,076ab31512db6c0d16c1b33f07ef1bd543cdc99cc8d394f932db4b2b7560bd84,official_current_rolling_workbook,2025-12,new,0f7cae3c3d3479b52e883a3c,True
松山市,2025-12,第1031号,2025-12-05,2025-12-05,2030-12-31,飲食店営業,台湾プラス,松山市保健所管内,382019,,,,,new_or_renewal,https://www.city.matsuyama.ehime.jp/shisei/opendata/metadata/shokuhinsinki.files/shokuhinsinki.xlsx,076ab31512db6c0d16c1b33f07ef1bd543cdc99cc8d394f932db4b2b7560bd84,official_current_rolling_workbook,2025-12,new,1e1a1fee60c0406ecaf54367,True
松山市,2025-12,第1032号,2025-12-05,2025-12-05,2030-12-31,飲食店営業,akaneya,松山市保健所管内,382019,,,,,new_or_renewal,https://www.city.matsuyama.ehime.jp/shisei/opendata/metadata/shokuhinsinki.files/shokuhinsinki.xlsx,076ab31512db6c0d16c1b33f07ef1bd543cdc99cc8d394f932db4b2b7560bd84,official_current_rolling_workbook,2025-12,new,219c0287bae2ed4a589911eb,True
松山市,2025-12,第1033号,2025-12-08,2025-12-08,2030-12-31,飲食店営業,いよてつ髙島屋　7階催会場　大東北展,松山市湊町5丁目1-1株式会社　伊予鉄髙島屋　7F,382019,,,,,new_or_renewal,https://www.city.matsuyama.ehime.jp/shisei/opendata/metadata/shokuhinsinki.files/shokuhinsinki.xlsx,076ab31512db6c0d16c1b33f07ef1bd543cdc99cc8d394f932db4b2b7560bd84,official_current_rolling_workbook,2025-12,new,f63eca9867e4286b63be2f37,True
松山市,2025-12,第1034号,2025-12-08,2025-12-08,2030-12-31,魚介類販売業,有限会社ゆうだい水産,松山市山西町593-16,382019,,,,,new_or_renewal,https://www.city.matsuyama.ehime.jp/shisei/opendata/metadata/shokuhinsinki.files/shokuhinsinki.xlsx,076ab31512db6c0d16c1b33f07ef1bd543cdc99cc8d394f932db4b2b7560bd84,official_current_rolling_workbook,2025-12,new,7b3f92447e24aa76cc7343c7,False
松山市,2025-12,第1035号,2025-12-08,2025-12-08,2030-12-31,飲食店営業,たまりば,松山市木屋町2丁目8-9 作道ビル1F西,382019,,,,,new_or_renewal,https://www.city.matsuyama.ehime.jp/shisei/opendata/metadata/shokuhinsinki.files/shokuhinsinki.xlsx,076ab31512db6c0d16c1b33f07ef1bd543cdc99cc8d394f932db4b2b7560bd84,official_current_rolling_workbook,2025-12,new,d656e3f9f9e7d205ba2c0518,True
松山市,2025-12,第1036号,2025-12-08,2025-12-08,2030-12-31,飲食店営業,株式会社　カレーのライオン,松山市千舟町3丁目2-15,382019,,,,,new_or_renewal,https://www.city.matsuyama.ehime.jp/shisei/opendata/metadata/shokuhinsinki.files/shokuhinsinki.xlsx,076ab31512db6c0d16c1b33f07ef1bd543cdc99cc8d394f932db4b2b7560bd84,official_current_rolling_workbook,2025-12,new,c7a4ddbd234ffafe4883679a,True
松山市,2025-12,第1037号,2025-12-08,2025-12-08,2030-12-31,飲食店営業,焼鳥　亘,松山市三番町2丁目9-3 1F,382019,,,,,new_or_renewal,https://www.city.matsuyama.ehime.jp/shisei/opendata/metadata/shokuhinsinki.files/shokuhinsinki.xlsx,076ab31512db6c0d16c1b33f07ef1bd543cdc99cc8d394f932db4b2b7560bd84,official_current_rolling_workbook,2025-12,new,4086318d00d3775891430933,True
松山市,2025-12,第1038号,2025-12-08,2025-12-08,2030-12-31,飲食店営業,鉢や要,松山市二番町2丁目1-6 ゴールドリッチビル2F,382019,,,,,new_or_renewal,https://www.city.matsuyama.ehime.jp/shisei/opendata/metadata/shokuhinsinki.files/shokuhinsinki.xlsx,076ab31512db6c0d16c1b33f07ef1bd543cdc99cc8d394f932db4b2b7560bd84,official_current_rolling_workbook,2025-12,new,e4a08b8e38b338d45cea50ee,True
松山市,2025-12,第1039号,2025-12-08,2025-12-08,2030-12-31,菓子製造業,マルナカ清住店,松山市清住2丁目1050-3,382019,,,,,new_or_renewal,https://www.city.matsuyama.ehime.jp/shisei/opendata/metadata/shokuhinsinki.files/shokuhinsinki.xlsx,076ab31512db6c0d16c1b33f07ef1bd543cdc99cc8d394f932db4b2b7560bd84,official_current_rolling_workbook,2025-12,new,9aca124bbcfe75430fe0723d,False
松山市,2025-12,第1040号,2025-12-09,2025-12-09,2030-12-31,飲食店営業,TAXI,松山市二番町2丁目7-15 吉田ビル5F,382019,,,,,new_or_renewal,https://www.city.matsuyama.ehime.jp/shisei/opendata/metadata/shokuhinsinki.files/shokuhinsinki.xlsx,076ab31512db6c0d16c1b33f07ef1bd543cdc99cc8d394f932db4b2b7560bd84,official_current_rolling_workbook,2025-12,new,9494ab653abeb2e1452e19c6,True
松山市,2025-12,第1041号,2025-12-09,2025-12-09,2030-12-31,飲食店営業,ココス　朝生田店,松山市朝生田町6丁目1-18,382019,,,,,new_or_renewal,https://www.city.matsuyama.ehime.jp/shisei/opendata/metadata/shokuhinsinki.files/shokuhinsinki.xlsx,076ab31512db6c0d16c1b33f07ef1bd543cdc99cc8d394f932db4b2b7560bd84,official_current_rolling_workbook,2025-12,new,4feacb8a207e3ee580b0a449,True
松山市,2025-12,第1042号,2025-12-09,2025-12-09,2030-12-31,飲食店営業,nAn  nan,松山市中野町413-6,382019,,,,,new_or_renewal,https://www.city.matsuyama.ehime.jp/shisei/opendata/metadata/shokuhinsinki.files/shokuhinsinki.xlsx,076ab31512db6c0d16c1b33f07ef1bd543cdc99cc8d394f932db4b2b7560bd84,official_current_rolling_workbook,2025-12,new,8e7223665b6bd5d7e387ae91,True
松山市,2025-12,第1043号,2025-12-10,2025-12-10,2030-12-31,飲食店営業,ONE REP,松山市三番町1丁目15-5LIDO STAGEビル4F北号室,382019,,,,,new_or_renewal,https://www.city.matsuyama.ehime.jp/shisei/opendata/metadata/shokuhinsinki.files/shokuhinsinki.xlsx,076ab31512db6c0d16c1b33f07ef1bd543cdc99cc8d394f932db4b2b7560bd84,official_current_rolling_workbook,2025-12,new,5844ba0366e6246d2712d2b3,True
松山市,2025-12,第1044号,2025-12-10,2025-12-10,2030-12-31,飲食店営業,御食事処　斗鬼,松山市花園町4-10 中本ビル1F,382019,,,,,new_or_renewal,https://www.city.matsuyama.ehime.jp/shisei/opendata/metadata/shokuhinsinki.files/shokuhinsinki.xlsx,076ab31512db6c0d16c1b33f07ef1bd543cdc99cc8d394f932db4b2b7560bd84,official_current_rolling_workbook,2025-12,new,c0e6265abbae0ca61add5963,True
松山市,2025-12,第1045号,2025-12-11,2025-12-11,2030-12-31,飲食店営業,伊予食堂　おとら,松山市道後湯之町3-15,382019,,,,,new_or_renewal,https://www.city.matsuyama.ehime.jp/shisei/opendata/metadata/shokuhinsinki.files/shokuhinsinki.xlsx,076ab31512db6c0d16c1b33f07ef1bd543cdc99cc8d394f932db4b2b7560bd84,official_current_rolling_workbook,2025-12,new,464f71d2dbd4bff00129fe89,True
松山市,2025-12,第1046号,2025-12-11,2025-12-11,2030-12-31,飲食店営業,ピッツェリア　ミーア・ナポリ,松山市衣山1丁目188,382019,,,,,new_or_renewal,https://www.city.matsuyama.ehime.jp/shisei/opendata/metadata/shokuhinsinki.files/shokuhinsinki.xlsx,076ab31512db6c0d16c1b33f07ef1bd543cdc99cc8d394f932db4b2b7560bd84,official_current_rolling_workbook,2025-12,new,b11bad11f705016bcfca1636,True
松山市,2025-12,第1047号,2025-12-11,2025-12-11,2030-12-31,飲食店営業,ピッツェリア　リストランテ　トスカーナの休日,松山市古川北4丁目7-3,382019,,,,,new_or_renewal,https://www.city.matsuyama.ehime.jp/shisei/opendata/metadata/shokuhinsinki.files/shokuhinsinki.xlsx,076ab31512db6c0d16c1b33f07ef1bd543cdc99cc8d394f932db4b2b7560bd84,official_current_rolling_workbook,2025-12,new,b819e2ae60e17c7f68ab8d07,True
松山市,2025-12,第1048号,2025-12-11,2025-12-11,2030-12-31,飲食店営業,ローソン松山桑原三丁目店,松山市桑原3丁目5-3,382019,,,,,new_or_renewal,https://www.city.matsuyama.ehime.jp/shisei/opendata/metadata/shokuhinsinki.files/shokuhinsinki.xlsx,076ab31512db6c0d16c1b33f07ef1bd543cdc99cc8d394f932db4b2b7560bd84,official_current_rolling_workbook,2025-12,new,490dcf76fba1b732a6f52946,True
松山市,2025-12,第1049号,2025-12-11,2025-12-11,2030-12-31,飲食店営業,ローソン松山三町店,松山市三町3丁目1-1,382019,,,,,new_or_renewal,https://www.city.matsuyama.ehime.jp/shisei/opendata/metadata/shokuhinsinki.files/shokuhinsinki.xlsx,076ab31512db6c0d16c1b33f07ef1bd543cdc99cc8d394f932db4b2b7560bd84,official_current_rolling_workbook,2025-12,new,00a2eb0cf7978d2597bf9796,True
松山市,2025-12,第1050号,2025-12-11,2025-12-11,2030-12-31,飲食店営業,スタンドはるか,松山市一番町2丁目4-15 西山店舗1F,382019,,,,,new_or_renewal,https://www.city.matsuyama.ehime.jp/shisei/opendata/metadata/shokuhinsinki.files/shokuhinsinki.xlsx,076ab31512db6c0d16c1b33f07ef1bd543cdc99cc8d394f932db4b2b7560bd84,official_current_rolling_workbook,2025-12,new,4ca599bbaa72f10de1aee25a,True
松山市,2025-12,第1051号,2025-12-11,2025-12-11,2030-12-31,飲食店営業,シナモンゲストハウス道後,松山市道後湯之町4-50 1F,382019,,,,,new_or_renewal,https://www.city.matsuyama.ehime.jp/shisei/opendata/metadata/shokuhinsinki.files/shokuhinsinki.xlsx,076ab31512db6c0d16c1b33f07ef1bd543cdc99cc8d394f932db4b2b7560bd84,official_current_rolling_workbook,2025-12,new,5b548cf7aeafcef336cb712b,True
松山市,2025-12,第1052号,2025-12-12,2025-12-12,2030-12-31,飲食店営業,ファミリーマート　松山西石井店,松山市西石井5丁目203-1,382019,,,,,new_or_renewal,https://www.city.matsuyama.ehime.jp/shisei/opendata/metadata/shokuhinsinki.files/shokuhinsinki.xlsx,076ab31512db6c0d16c1b33f07ef1bd543cdc99cc8d394f932db4b2b7560bd84,official_current_rolling_workbook,2025-12,new,1d6b8b3b7e60d752895192a2,True
松山市,2025-12,第1053号,2025-12-12,2025-12-12,2030-12-31,飲食店営業,ほっともっと松山平井町店,松山市平井町甲2527-1,382019,,,,,new_or_renewal,https://www.city.matsuyama.ehime.jp/shisei/opendata/metadata/shokuhinsinki.files/shokuhinsinki.xlsx,076ab31512db6c0d16c1b33f07ef1bd543cdc99cc8d394f932db4b2b7560bd84,official_current_rolling_workbook,2025-12,new,c25964d65e562448eab817aa,True
松山市,2025-12,第1054号,2025-12-12,2025-12-12,2030-12-31,飲食店営業,ほっともっと松山清水町店,松山市清水町3丁目50,382019,,,,,new_or_renewal,https://www.city.matsuyama.ehime.jp/shisei/opendata/metadata/shokuhinsinki.files/shokuhinsinki.xlsx,076ab31512db6c0d16c1b33f07ef1bd543cdc99cc8d394f932db4b2b7560bd84,official_current_rolling_workbook,2025-12,new,ae72c25987f4b57e280ce787,True
松山市,2025-12,第1055号,2025-12-12,2025-12-12,2030-12-31,飲食店営業,山下脳神経外科,松山市西長戸町160番地,382019,,,,,new_or_renewal,https://www.city.matsuyama.ehime.jp/shisei/opendata/metadata/shokuhinsinki.files/shokuhinsinki.xlsx,076ab31512db6c0d16c1b33f07ef1bd543cdc99cc8d394f932db4b2b7560bd84,official_current_rolling_workbook,2025-12,new,dc33eba149810179ad8776c0,True
松山市,2025-12,第1056号,2025-12-15,2025-12-15,2030-12-31,飲食店営業,南南西,松山市三番町1丁目12-4安永ビル　1F,382019,,,,,new_or_renewal,https://www.city.matsuyama.ehime.jp/shisei/opendata/metadata/shokuhinsinki.files/shokuhinsinki.xlsx,076ab31512db6c0d16c1b33f07ef1bd543cdc99cc8d394f932db4b2b7560bd84,official_current_rolling_workbook,2025-12,new,dcb08496ca13f2665e3808fd,True
松山市,2025-12,第1057号,2025-12-15,2025-12-15,2030-12-31,飲食店営業,フジ古川店,松山市古川北3丁目19-14,382019,,,,,new_or_renewal,https://www.city.matsuyama.ehime.jp/shisei/opendata/metadata/shokuhinsinki.files/shokuhinsinki.xlsx,076ab31512db6c0d16c1b33f07ef1bd543cdc99cc8d394f932db4b2b7560bd84,official_current_rolling_workbook,2025-12,new,5c7b5585dd5d9b13edaee270,True
松山市,2025-12,第1058号,2025-12-15,2025-12-15,2030-12-31,菓子製造業,フジ古川店,松山市古川北3丁目19-14,382019,,,,,new_or_renewal,https://www.city.matsuyama.ehime.jp/shisei/opendata/metadata/shokuhinsinki.files/shokuhinsinki.xlsx,076ab31512db6c0d16c1b33f07ef1bd543cdc99cc8d394f932db4b2b7560bd84,official_current_rolling_workbook,2025-12,new,9be82f866f878d873d5f0040,False
松山市,2025-12,第1059号,2025-12-15,2025-12-15,2030-12-31,食肉販売業,フジ古川店,松山市古川北3丁目19-14,382019,,,,,new_or_renewal,https://www.city.matsuyama.ehime.jp/shisei/opendata/metadata/shokuhinsinki.files/shokuhinsinki.xlsx,076ab31512db6c0d16c1b33f07ef1bd543cdc99cc8d394f932db4b2b7560bd84,official_current_rolling_workbook,2025-12,new,d71d69f67a60b7a2f8474e28,False
松山市,2025-12,第1060号,2025-12-15,2025-12-15,2030-12-31,飲食店営業,手打うどん　鶴鶴,松山市清水町3丁目164-2　1F,382019,,,,,new_or_renewal,https://www.city.matsuyama.ehime.jp/shisei/opendata/metadata/shokuhinsinki.files/shokuhinsinki.xlsx,076ab31512db6c0d16c1b33f07ef1bd543cdc99cc8d394f932db4b2b7560bd84,official_current_rolling_workbook,2025-12,new,ed269dfbc333d58fb77279a6,True
松山市,2025-12,第1061号,2025-12-15,2025-12-15,2030-12-31,飲食店営業,株式会社笹錦食産　天山店,松山市天山2丁目4-18,382019,,,,,new_or_renewal,https://www.city.matsuyama.ehime.jp/shisei/opendata/metadata/shokuhinsinki.files/shokuhinsinki.xlsx,076ab31512db6c0d16c1b33f07ef1bd543cdc99cc8d394f932db4b2b7560bd84,official_current_rolling_workbook,2025-12,new,d7748c68a229494c3b595dde,True
松山市,2025-12,第1062号,2025-12-15,2025-12-15,2030-12-31,麺類製造業,力みなぎる完全無欠うどん　空太郎,松山市空港通3丁目2-11,382019,,,,,new_or_renewal,https://www.city.matsuyama.ehime.jp/shisei/opendata/metadata/shokuhinsinki.files/shokuhinsinki.xlsx,076ab31512db6c0d16c1b33f07ef1bd543cdc99cc8d394f932db4b2b7560bd84,official_current_rolling_workbook,2025-12,new,77ca983fa54796605b6b0dad,False
松山市,2025-12,第1063号,2025-12-15,2025-12-15,2030-12-31,飲食店営業,SMiLE,松山市三番町2丁目8-3 ミナトビル3F,382019,,,,,new_or_renewal,https://www.city.matsuyama.ehime.jp/shisei/opendata/metadata/shokuhinsinki.files/shokuhinsinki.xlsx,076ab31512db6c0d16c1b33f07ef1bd543cdc99cc8d394f932db4b2b7560bd84,official_current_rolling_workbook,2025-12,new,916ee5bbd549b5763874891b,True
松山市,2025-12,第1064号,2025-12-17,2025-12-17,2030-12-31,飲食店営業,カナリア,松山市立花2丁目8-7 クイーンビル1F,382019,,,,,new_or_renewal,https://www.city.matsuyama.ehime.jp/shisei/opendata/metadata/shokuhinsinki.files/shokuhinsinki.xlsx,076ab31512db6c0d16c1b33f07ef1bd543cdc99cc8d394f932db4b2b7560bd84,official_current_rolling_workbook,2025-12,new,e15b45253290e4b6cfb3d367,True
松山市,2025-12,第1065号,2025-12-17,2025-12-17,2030-12-31,飲食店営業,ame.,松山市二番町1丁目5-30古唐人ビルANEX4F,382019,,,,,new_or_renewal,https://www.city.matsuyama.ehime.jp/shisei/opendata/metadata/shokuhinsinki.files/shokuhinsinki.xlsx,076ab31512db6c0d16c1b33f07ef1bd543cdc99cc8d394f932db4b2b7560bd84,official_current_rolling_workbook,2025-12,new,a732212511b76b4bed85ee8a,True
松山市,2025-12,第1066号,2025-12-17,2025-12-17,2030-12-31,食肉販売業,じゃんじゃか松江店,松山市松江町5-38パルティ・フジ松江内,382019,,,,,new_or_renewal,https://www.city.matsuyama.ehime.jp/shisei/opendata/metadata/shokuhinsinki.files/shokuhinsinki.xlsx,076ab31512db6c0d16c1b33f07ef1bd543cdc99cc8d394f932db4b2b7560bd84,official_current_rolling_workbook,2025-12,new,13610cc5ec86ed963b5cb4b5,False
松山市,2025-12,第1067号,2025-12-18,2025-12-18,2030-12-31,飲食店営業,時計台,松山市宮田町10-2,382019,,,,,new_or_renewal,https://www.city.matsuyama.ehime.jp/shisei/opendata/metadata/shokuhinsinki.files/shokuhinsinki.xlsx,076ab31512db6c0d16c1b33f07ef1bd543cdc99cc8d394f932db4b2b7560bd84,official_current_rolling_workbook,2025-12,new,91fce9a312e404a6396771ee,True
松山市,2025-12,第1068号,2025-12-18,2025-12-18,2030-12-31,飲食店営業,Bar　池田屋,松山市河原町6-1,382019,,,,,new_or_renewal,https://www.city.matsuyama.ehime.jp/shisei/opendata/metadata/shokuhinsinki.files/shokuhinsinki.xlsx,076ab31512db6c0d16c1b33f07ef1bd543cdc99cc8d394f932db4b2b7560bd84,official_current_rolling_workbook,2025-12,new,100e1c88be56c34576ea430b,True
松山市,2025-12,第1069号,2025-12-18,2025-12-18,2030-12-31,飲食店営業,お茶屋　乙鳥,松山市大街道3丁目2-74 1F,382019,,,,,new_or_renewal,https://www.city.matsuyama.ehime.jp/shisei/opendata/metadata/shokuhinsinki.files/shokuhinsinki.xlsx,076ab31512db6c0d16c1b33f07ef1bd543cdc99cc8d394f932db4b2b7560bd84,official_current_rolling_workbook,2025-12,new,307934072e31f6aad202ac91,True
松山市,2025-12,第1070号,2025-12-18,2025-12-18,2030-12-31,飲食店営業,鳥ロマン　はなみずき通り店,松山市古川北１丁目150-3,382019,,,,,new_or_renewal,https://www.city.matsuyama.ehime.jp/shisei/opendata/metadata/shokuhinsinki.files/shokuhinsinki.xlsx,076ab31512db6c0d16c1b33f07ef1bd543cdc99cc8d394f932db4b2b7560bd84,official_current_rolling_workbook,2025-12,new,264c5ede9c4ef714fcd782c5,True
松山市,2025-12,第1071号,2025-12-18,2025-12-18,2030-12-31,飲食店営業,Caprice,松山市北土居3丁目7-111F,382019,,,,,new_or_renewal,https://www.city.matsuyama.ehime.jp/shisei/opendata/metadata/shokuhinsinki.files/shokuhinsinki.xlsx,076ab31512db6c0d16c1b33f07ef1bd543cdc99cc8d394f932db4b2b7560bd84,official_current_rolling_workbook,2025-12,new,d0202a81fb35b09142eef6f0,True
松山市,2025-12,第1072号,2025-12-18,2025-12-18,2030-12-31,飲食店営業,さかな工房　丸万,松山市祇園町3-21,382019,,,,,new_or_renewal,https://www.city.matsuyama.ehime.jp/shisei/opendata/metadata/shokuhinsinki.files/shokuhinsinki.xlsx,076ab31512db6c0d16c1b33f07ef1bd543cdc99cc8d394f932db4b2b7560bd84,official_current_rolling_workbook,2025-12,new,bfe801804b64a64dbddd837f,True
松山市,2025-12,第1073号,2025-12-18,2025-12-18,2030-12-31,飲食店営業,おだい処　蓮,松山市一番町1丁目7-17リーブル悠1F南側,382019,,,,,new_or_renewal,https://www.city.matsuyama.ehime.jp/shisei/opendata/metadata/shokuhinsinki.files/shokuhinsinki.xlsx,076ab31512db6c0d16c1b33f07ef1bd543cdc99cc8d394f932db4b2b7560bd84,official_current_rolling_workbook,2025-12,new,bece0d30c766faa04073c649,True
松山市,2025-12,第1074号,2025-12-18,2025-12-18,2030-12-31,飲食店営業,ローソン松山平井町古市店,松山市平井町甲1726-1,382019,,,,,new_or_renewal,https://www.city.matsuyama.ehime.jp/shisei/opendata/metadata/shokuhinsinki.files/shokuhinsinki.xlsx,076ab31512db6c0d16c1b33f07ef1bd543cdc99cc8d394f932db4b2b7560bd84,official_current_rolling_workbook,2025-12,new,146f0843d1275b35593af0b9,True
松山市,2025-12,第1075号,2025-12-18,2025-12-18,2030-12-31,食肉販売業,焼肉　じゃんじゃか樽味店,松山市樽味4丁目13-6,382019,,,,,new_or_renewal,https://www.city.matsuyama.ehime.jp/shisei/opendata/metadata/shokuhinsinki.files/shokuhinsinki.xlsx,076ab31512db6c0d16c1b33f07ef1bd543cdc99cc8d394f932db4b2b7560bd84,official_current_rolling_workbook,2025-12,new,c55a00712b0de60c99c93341,False
松山市,2025-12,第1076号,2025-12-18,2025-12-18,2030-12-31,菓子製造業,菓子店 Aya to,松山市東石井5丁目1-3-3,382019,,,,,new_or_renewal,https://www.city.matsuyama.ehime.jp/shisei/opendata/metadata/shokuhinsinki.files/shokuhinsinki.xlsx,076ab31512db6c0d16c1b33f07ef1bd543cdc99cc8d394f932db4b2b7560bd84,official_current_rolling_workbook,2025-12,new,0ade166555733be6f5e75c88,False
松山市,2025-12,第1077号,2025-12-18,2025-12-18,2030-12-31,そうざい製造業,おふくろ亭,松山市土手内155-3,382019,,,,,new_or_renewal,https://www.city.matsuyama.ehime.jp/shisei/opendata/metadata/shokuhinsinki.files/shokuhinsinki.xlsx,076ab31512db6c0d16c1b33f07ef1bd543cdc99cc8d394f932db4b2b7560bd84,official_current_rolling_workbook,2025-12,new,e391d3c1e4dccfdf7415b430,False
松山市,2025-12,第1078号,2025-12-18,2025-12-18,2030-12-31,食肉販売業,みなと食堂,松山市堀江町甲1759-2,382019,,,,,new_or_renewal,https://www.city.matsuyama.ehime.jp/shisei/opendata/metadata/shokuhinsinki.files/shokuhinsinki.xlsx,076ab31512db6c0d16c1b33f07ef1bd543cdc99cc8d394f932db4b2b7560bd84,official_current_rolling_workbook,2025-12,new,85d04828f08dfc4e94799bb3,False
松山市,2025-12,第1079号,2025-12-19,2025-12-19,2030-12-31,飲食店営業,モスバーガー松山東環状店（店舗店頭）,松山市束本1丁目6-4,382019,,,,,new_or_renewal,https://www.city.matsuyama.ehime.jp/shisei/opendata/metadata/shokuhinsinki.files/shokuhinsinki.xlsx,076ab31512db6c0d16c1b33f07ef1bd543cdc99cc8d394f932db4b2b7560bd84,official_current_rolling_workbook,2025-12,new,fef8e3c50c967068992dab42,True
松山市,2025-12,第1080号,2025-12-19,2025-12-19,2030-12-31,飲食店営業,焼鳥大野,松山市千舟町5丁目5-1,382019,,,,,new_or_renewal,https://www.city.matsuyama.ehime.jp/shisei/opendata/metadata/shokuhinsinki.files/shokuhinsinki.xlsx,076ab31512db6c0d16c1b33f07ef1bd543cdc99cc8d394f932db4b2b7560bd84,official_current_rolling_workbook,2025-12,new,f2581b4f900cc33c5e2abcb8,True
松山市,2025-12,第1081号,2025-12-19,2025-12-19,2030-12-31,飲食店営業,smoke house matsuyama,松山市余戸中4丁目2-40,382019,,,,,new_or_renewal,https://www.city.matsuyama.ehime.jp/shisei/opendata/metadata/shokuhinsinki.files/shokuhinsinki.xlsx,076ab31512db6c0d16c1b33f07ef1bd543cdc99cc8d394f932db4b2b7560bd84,official_current_rolling_workbook,2025-12,new,23868cdeb2f8f4436cc9f521,True
松山市,2025-12,第1082号,2025-12-19,2025-12-19,2030-12-31,飲食店営業,2 FINGER CLUB,松山市三番町2丁目6-2キスケ第1ビル403,382019,,,,,new_or_renewal,https://www.city.matsuyama.ehime.jp/shisei/opendata/metadata/shokuhinsinki.files/shokuhinsinki.xlsx,076ab31512db6c0d16c1b33f07ef1bd543cdc99cc8d394f932db4b2b7560bd84,official_current_rolling_workbook,2025-12,new,c43fdd900e38f16acadf9c8a,True
松山市,2025-12,第1083号,2025-12-19,2025-12-19,2030-12-31,飲食店営業,鮮魚旬菜　吉,松山市二番町3丁目2-6岡田ビルB1、1、2、3F,382019,,,,,new_or_renewal,https://www.city.matsuyama.ehime.jp/shisei/opendata/metadata/shokuhinsinki.files/shokuhinsinki.xlsx,076ab31512db6c0d16c1b33f07ef1bd543cdc99cc8d394f932db4b2b7560bd84,official_current_rolling_workbook,2025-12,new,a97c086cb649e84de2e6e73d,True
松山市,2025-12,第1084号,2025-12-19,2025-12-19,2030-12-31,飲食店営業,天使の隠れ家　松山店,松山市鴨川1丁目5-40,382019,,,,,new_or_renewal,https://www.city.matsuyama.ehime.jp/shisei/opendata/metadata/shokuhinsinki.files/shokuhinsinki.xlsx,076ab31512db6c0d16c1b33f07ef1bd543cdc99cc8d394f932db4b2b7560bd84,official_current_rolling_workbook,2025-12,new,ffdaeb28e51e31c7b8eac84f,True
松山市,2025-12,第1085号,2025-12-19,2025-12-19,2030-12-31,飲食店営業,日清医療食品株式会社　サンリベラル道後事業所,松山市末町甲56-1,382019,,,,,new_or_renewal,https://www.city.matsuyama.ehime.jp/shisei/opendata/metadata/shokuhinsinki.files/shokuhinsinki.xlsx,076ab31512db6c0d16c1b33f07ef1bd543cdc99cc8d394f932db4b2b7560bd84,official_current_rolling_workbook,2025-12,new,000da3b87e3208924465a334,True
松山市,2025-12,第1086号,2025-12-22,2025-12-22,2030-12-31,飲食店営業,焼肉まんぷく　古三津店,松山市古三津3丁目2-5,382019,,,,,new_or_renewal,https://www.city.matsuyama.ehime.jp/shisei/opendata/metadata/shokuhinsinki.files/shokuhinsinki.xlsx,076ab31512db6c0d16c1b33f07ef1bd543cdc99cc8d394f932db4b2b7560bd84,official_current_rolling_workbook,2025-12,new,fb7b60bd1354c2518782a01c,True
松山市,2025-12,第1087号,2025-12-22,2025-12-22,2030-12-31,飲食店営業,ケータリングシステム,松山市保健所管内,382019,,,,,new_or_renewal,https://www.city.matsuyama.ehime.jp/shisei/opendata/metadata/shokuhinsinki.files/shokuhinsinki.xlsx,076ab31512db6c0d16c1b33f07ef1bd543cdc99cc8d394f932db4b2b7560bd84,official_current_rolling_workbook,2025-12,new,11cb435fb43d39d70b579d9d,True
松山市,2025-12,第1088号,2025-12-22,2025-12-22,2030-12-31,飲食店営業,メンバーズ楽,松山市二番町1丁目5-17 AIBARA2番町ビル3F,382019,,,,,new_or_renewal,https://www.city.matsuyama.ehime.jp/shisei/opendata/metadata/shokuhinsinki.files/shokuhinsinki.xlsx,076ab31512db6c0d16c1b33f07ef1bd543cdc99cc8d394f932db4b2b7560bd84,official_current_rolling_workbook,2025-12,new,4932f3b330507a018f7adc6d,True
松山市,2025-12,第1089号,2025-12-22,2025-12-22,2030-12-31,飲食店営業,Bar NFG,松山市二番町1丁目5-18アヴェニール神戸館3F北,382019,,,,,new_or_renewal,https://www.city.matsuyama.ehime.jp/shisei/opendata/metadata/shokuhinsinki.files/shokuhinsinki.xlsx,076ab31512db6c0d16c1b33f07ef1bd543cdc99cc8d394f932db4b2b7560bd84,official_current_rolling_workbook,2025-12,new,714cba717c3f16adb1e36619,True
松山市,2025-12,第1090号,2025-12-22,2025-12-22,2030-12-31,飲食店営業,ありがたや,松山市西一万町4-1　1F、2F,382019,,,,,new_or_renewal,https://www.city.matsuyama.ehime.jp/shisei/opendata/metadata/shokuhinsinki.files/shokuhinsinki.xlsx,076ab31512db6c0d16c1b33f07ef1bd543cdc99cc8d394f932db4b2b7560bd84,official_current_rolling_workbook,2025-12,new,ca91ed8f9f576e6a3f3d4545,True
松山市,2025-12,第1091号,2025-12-22,2025-12-22,2030-12-31,飲食店営業,Tre　Piume,松山市勝山町1丁目16-5ホテルDOCCHI 1F,382019,,,,,new_or_renewal,https://www.city.matsuyama.ehime.jp/shisei/opendata/metadata/shokuhinsinki.files/shokuhinsinki.xlsx,076ab31512db6c0d16c1b33f07ef1bd543cdc99cc8d394f932db4b2b7560bd84,official_current_rolling_workbook,2025-12,new,7a5712d46fb2648ab75823b8,True
松山市,2025-12,第1092号,2025-12-22,2025-12-22,2030-12-31,飲食店営業,らーめん塩田屋,松山市三番町1丁目9-12谷ビル1F,382019,,,,,new_or_renewal,https://www.city.matsuyama.ehime.jp/shisei/opendata/metadata/shokuhinsinki.files/shokuhinsinki.xlsx,076ab31512db6c0d16c1b33f07ef1bd543cdc99cc8d394f932db4b2b7560bd84,official_current_rolling_workbook,2025-12,new,eccc3a34dba93276ba6a1bf7,True
松山市,2025-12,第1093号,2025-12-22,2025-12-22,2030-12-31,飲食店営業,音溶,松山市三番町2丁目10-6Plum三番町 1F,382019,,,,,new_or_renewal,https://www.city.matsuyama.ehime.jp/shisei/opendata/metadata/shokuhinsinki.files/shokuhinsinki.xlsx,076ab31512db6c0d16c1b33f07ef1bd543cdc99cc8d394f932db4b2b7560bd84,official_current_rolling_workbook,2025-12,new,2cf32b90068c8d47c91026b5,True
松山市,2025-12,第1094号,2025-12-22,2025-12-22,2030-12-31,飲食店営業,梅本の里サテライト,松山市平井町1287,382019,,,,,new_or_renewal,https://www.city.matsuyama.ehime.jp/shisei/opendata/metadata/shokuhinsinki.files/shokuhinsinki.xlsx,076ab31512db6c0d16c1b33f07ef1bd543cdc99cc8d394f932db4b2b7560bd84,official_current_rolling_workbook,2025-12,new,ddcb591f36031f0ca84966f8,True
松山市,2025-12,第1095号,2025-12-22,2025-12-22,2030-12-31,密封包装食品製造業,株式会社正木,松山市枝松2丁目4-39,382019,,,,,new_or_renewal,https://www.city.matsuyama.ehime.jp/shisei/opendata/metadata/shokuhinsinki.files/shokuhinsinki.xlsx,076ab31512db6c0d16c1b33f07ef1bd543cdc99cc8d394f932db4b2b7560bd84,official_current_rolling_workbook,2025-12,new,be21a5f18bf28f170ccfd71b,False
松山市,2025-12,第1096号,2025-12-23,2025-12-23,2030-12-31,飲食店営業,モスバーガー松山三津店,松山市古三津22丁目18-29,382019,,,,,new_or_renewal,https://www.city.matsuyama.ehime.jp/shisei/opendata/metadata/shokuhinsinki.files/shokuhinsinki.xlsx,076ab31512db6c0d16c1b33f07ef1bd543cdc99cc8d394f932db4b2b7560bd84,official_current_rolling_workbook,2025-12,new,119e43386efa5e7d73980244,True
松山市,2025-12,第1097号,2025-12-23,2025-12-23,2030-12-31,食肉販売業,株式会社オオハラ,松山市鷹子町372-7,382019,,,,,new_or_renewal,https://www.city.matsuyama.ehime.jp/shisei/opendata/metadata/shokuhinsinki.files/shokuhinsinki.xlsx,076ab31512db6c0d16c1b33f07ef1bd543cdc99cc8d394f932db4b2b7560bd84,official_current_rolling_workbook,2025-12,new,faa22d2b610e116b776c096d,False
松山市,2025-12,第1098号,2025-12-23,2025-12-23,2030-12-31,飲食店営業,株式会社ハッピーケアフード,松山市清住1丁目1-2,382019,,,,,new_or_renewal,https://www.city.matsuyama.ehime.jp/shisei/opendata/metadata/shokuhinsinki.files/shokuhinsinki.xlsx,076ab31512db6c0d16c1b33f07ef1bd543cdc99cc8d394f932db4b2b7560bd84,official_current_rolling_workbook,2025-12,new,e000581f62bc19b7e396d6f3,True
松山市,2025-12,第1099号,2025-12-24,2025-12-24,2030-12-31,飲食店営業,モスバーガー松山天山店,松山市天山3丁目1-29,382019,,,,,new_or_renewal,https://www.city.matsuyama.ehime.jp/shisei/opendata/metadata/shokuhinsinki.files/shokuhinsinki.xlsx,076ab31512db6c0d16c1b33f07ef1bd543cdc99cc8d394f932db4b2b7560bd84,official_current_rolling_workbook,2025-12,new,2aca967ab1c8bed13474667c,True
松山市,2025-12,第1100号,2025-12-24,2025-12-24,2030-12-31,飲食店営業,食事処　よこ,松山市朝生田町1丁目9-26 コバエステートビル102号,382019,,,,,new_or_renewal,https://www.city.matsuyama.ehime.jp/shisei/opendata/metadata/shokuhinsinki.files/shokuhinsinki.xlsx,076ab31512db6c0d16c1b33f07ef1bd543cdc99cc8d394f932db4b2b7560bd84,official_current_rolling_workbook,2025-12,new,3b4dc4c44f80c332b38ce8f2,True
松山市,2025-12,第1101号,2025-12-24,2025-12-24,2030-12-31,飲食店営業,カレーハウスいんでいら,松山市来住町824-1,382019,,,,,new_or_renewal,https://www.city.matsuyama.ehime.jp/shisei/opendata/metadata/shokuhinsinki.files/shokuhinsinki.xlsx,076ab31512db6c0d16c1b33f07ef1bd543cdc99cc8d394f932db4b2b7560bd84,official_current_rolling_workbook,2025-12,new,a9386566de40a896042ef020,True
松山市,2025-12,第1102号,2025-12-24,2025-12-24,2030-12-31,魚介類販売業,株式会社日東物産 水産加工センター,松山市鴨川1丁目1-3,382019,,,,,new_or_renewal,https://www.city.matsuyama.ehime.jp/shisei/opendata/metadata/shokuhinsinki.files/shokuhinsinki.xlsx,076ab31512db6c0d16c1b33f07ef1bd543cdc99cc8d394f932db4b2b7560bd84,official_current_rolling_workbook,2025-12,new,de25e66cbf56a6c2d1a2c346,False
松山市,2025-12,第1103号,2025-12-24,2025-12-24,2030-12-31,飲食店営業,濱田屋　焼肉ホルモン　五代目　市郎右衛門,松山市勝山町1丁目12-8寿晃ビル2F,382019,,,,,new_or_renewal,https://www.city.matsuyama.ehime.jp/shisei/opendata/metadata/shokuhinsinki.files/shokuhinsinki.xlsx,076ab31512db6c0d16c1b33f07ef1bd543cdc99cc8d394f932db4b2b7560bd84,official_current_rolling_workbook,2025-12,new,82c4f9b18bf6db09a4c93168,True
松山市,2025-12,第1104号,2025-12-24,2025-12-24,2030-12-31,飲食店営業,やきとりの名門　秋𠮷　1号車,松山市保健所管内,382019,,,,,new_or_renewal,https://www.city.matsuyama.ehime.jp/shisei/opendata/metadata/shokuhinsinki.files/shokuhinsinki.xlsx,076ab31512db6c0d16c1b33f07ef1bd543cdc99cc8d394f932db4b2b7560bd84,official_current_rolling_workbook,2025-12,new,f3a3b6198a79ad9eca75704f,True
松山市,2025-12,第1105号,2025-12-24,2025-12-24,2030-12-31,飲食店営業,味彩や,松山市久万ノ台608-1　シャルム久万ノ台1F,382019,,,,,new_or_renewal,https://www.city.matsuyama.ehime.jp/shisei/opendata/metadata/shokuhinsinki.files/shokuhinsinki.xlsx,076ab31512db6c0d16c1b33f07ef1bd543cdc99cc8d394f932db4b2b7560bd84,official_current_rolling_workbook,2025-12,new,f2d08dd6a21d90cab109e8b6,True
松山市,2025-12,第1106号,2025-12-25,2025-12-25,2030-12-31,飲食店営業,セパージュ,松山市一番町2丁目1-4トーヨビル2F,382019,,,,,new_or_renewal,https://www.city.matsuyama.ehime.jp/shisei/opendata/metadata/shokuhinsinki.files/shokuhinsinki.xlsx,076ab31512db6c0d16c1b33f07ef1bd543cdc99cc8d394f932db4b2b7560bd84,official_current_rolling_workbook,2025-12,new,d1539588b9e5ddc7121f8a3d,True
松山市,2025-12,第1107号,2025-12-25,2025-12-25,2030-12-31,飲食店営業,駅前カフェすずらん,松山市平井町1409-1,382019,,,,,new_or_renewal,https://www.city.matsuyama.ehime.jp/shisei/opendata/metadata/shokuhinsinki.files/shokuhinsinki.xlsx,076ab31512db6c0d16c1b33f07ef1bd543cdc99cc8d394f932db4b2b7560bd84,official_current_rolling_workbook,2025-12,new,a7f5a9309a03a4b78e8163e9,True
松山市,2025-12,第1108号,2025-12-26,2025-12-26,2030-12-31,飲食店営業,焼肉　福寿,松山市二番町3丁目8-20,382019,,,,,new_or_renewal,https://www.city.matsuyama.ehime.jp/shisei/opendata/metadata/shokuhinsinki.files/shokuhinsinki.xlsx,076ab31512db6c0d16c1b33f07ef1bd543cdc99cc8d394f932db4b2b7560bd84,official_current_rolling_workbook,2025-12,new,a4ab5a19ca44f96b2b5488c9,True
松山市,2025-12,第1109号,2025-12-26,2025-12-26,2030-12-31,飲食店営業,旬菜酒房　せい家,松山市三番町2丁目8-3 ミナトビル1F,382019,,,,,new_or_renewal,https://www.city.matsuyama.ehime.jp/shisei/opendata/metadata/shokuhinsinki.files/shokuhinsinki.xlsx,076ab31512db6c0d16c1b33f07ef1bd543cdc99cc8d394f932db4b2b7560bd84,official_current_rolling_workbook,2025-12,new,d683b3b391634da9eddec0c1,True
松山市,2025-12,第1110号,2025-12-26,2025-12-26,2030-12-31,菓子製造業,ひなもか,松山市湊町4丁目2-7 土屋ビル1F東,382019,,,,,new_or_renewal,https://www.city.matsuyama.ehime.jp/shisei/opendata/metadata/shokuhinsinki.files/shokuhinsinki.xlsx,076ab31512db6c0d16c1b33f07ef1bd543cdc99cc8d394f932db4b2b7560bd84,official_current_rolling_workbook,2025-12,new,d2b0f708f8eec8ab11d20b8f,False
松山市,2025-12,第1111号,2025-12-26,2025-12-26,2030-12-31,飲食店営業,DIAMOND　CROSS,松山市大手町1丁目7-4 伊予鉄大手町駅ビル1F,382019,,,,,new_or_renewal,https://www.city.matsuyama.ehime.jp/shisei/opendata/metadata/shokuhinsinki.files/shokuhinsinki.xlsx,076ab31512db6c0d16c1b33f07ef1bd543cdc99cc8d394f932db4b2b7560bd84,official_current_rolling_workbook,2025-12,new,9f90a2af4febea600cd534f9,True
松山市,2025-12,第1112号,2025-12-26,2025-12-26,2030-12-31,飲食店営業,Osteria il cielo,松山市大街道3丁目3-1ワタナベビル2F,382019,,,,,new_or_renewal,https://www.city.matsuyama.ehime.jp/shisei/opendata/metadata/shokuhinsinki.files/shokuhinsinki.xlsx,076ab31512db6c0d16c1b33f07ef1bd543cdc99cc8d394f932db4b2b7560bd84,official_current_rolling_workbook,2025-12,new,81b534450e1b237f9d22e01e,True
松山市,2025-12,第1113号,2025-12-26,2025-12-26,2030-12-31,飲食店営業,Lounge Coco,松山市二番町1丁目4-8 F-CITYビル 40A,382019,,,,,new_or_renewal,https://www.city.matsuyama.ehime.jp/shisei/opendata/metadata/shokuhinsinki.files/shokuhinsinki.xlsx,076ab31512db6c0d16c1b33f07ef1bd543cdc99cc8d394f932db4b2b7560bd84,official_current_rolling_workbook,2025-12,new,e166f1f30f5e21e02bc11fc4,True
松山市,2025-12,第1114号,2025-12-26,2025-12-26,2030-12-31,飲食店営業,フジグラン松山（臨時）,松山市宮西1丁目2-1,382019,,,,,new_or_renewal,https://www.city.matsuyama.ehime.jp/shisei/opendata/metadata/shokuhinsinki.files/shokuhinsinki.xlsx,076ab31512db6c0d16c1b33f07ef1bd543cdc99cc8d394f932db4b2b7560bd84,official_current_rolling_workbook,2025-12,new,dbf0e9e7af3f26bd1cd7a628,True
松山市,2025-12,第1115号,2025-12-26,2025-12-26,2030-12-31,飲食店営業,フジ安城寺店,松山市安城寺町571-1,382019,,,,,new_or_renewal,https://www.city.matsuyama.ehime.jp/shisei/opendata/metadata/shokuhinsinki.files/shokuhinsinki.xlsx,076ab31512db6c0d16c1b33f07ef1bd543cdc99cc8d394f932db4b2b7560bd84,official_current_rolling_workbook,2025-12,new,e1ede57583834f88a9c37560,True
松山市,2025-12,第1116号,2025-12-26,2025-12-26,2030-12-31,そうざい製造業,株式会社　松山生協　西雄郡店,松山市土居田町604,382019,,,,,new_or_renewal,https://www.city.matsuyama.ehime.jp/shisei/opendata/metadata/shokuhinsinki.files/shokuhinsinki.xlsx,076ab31512db6c0d16c1b33f07ef1bd543cdc99cc8d394f932db4b2b7560bd84,official_current_rolling_workbook,2025-12,new,a965e4db6690828a272eca4a,False
松山市,2026-01,第1119号,2026-01-01,2026-01-01,2030-12-31,飲食店営業,福まん家松山空港通り本店,松山市空港通2丁目11-5　2CHO-MEビル1F,382019,,,,,new_or_renewal,https://www.city.matsuyama.ehime.jp/shisei/opendata/metadata/shokuhinsinki.files/shokuhinsinki.xlsx,076ab31512db6c0d16c1b33f07ef1bd543cdc99cc8d394f932db4b2b7560bd84,official_current_rolling_workbook,2026-01,new,257483a64f0ed29e3edbed85,True
松山市,2026-01,第1120号,2026-01-01,2026-01-01,2030-12-31,飲食店営業,食思倶楽部　櫻亭,松山市平和通5丁目1-2,382019,,,,,new_or_renewal,https://www.city.matsuyama.ehime.jp/shisei/opendata/metadata/shokuhinsinki.files/shokuhinsinki.xlsx,076ab31512db6c0d16c1b33f07ef1bd543cdc99cc8d394f932db4b2b7560bd84,official_current_rolling_workbook,2026-01,new,dbc5f220ddb58fcac3520de8,True
松山市,2026-01,第1117号,2026-01-05,2026-01-05,2031-03-31,飲食店営業,スナック　エメラルド,松山市三番町3丁目6-1 菅野ビル1F,382019,,,,,new_or_renewal,https://www.city.matsuyama.ehime.jp/shisei/opendata/metadata/shokuhinsinki.files/shokuhinsinki.xlsx,076ab31512db6c0d16c1b33f07ef1bd543cdc99cc8d394f932db4b2b7560bd84,official_current_rolling_workbook,2026-01,new,39e1fe763f40376c1e81cf51,True
松山市,2026-01,第1118号,2026-01-05,2026-01-05,2031-03-31,飲食店営業,セラヴィ,松山市三番町2丁目6-3 Ｆローズビル3F,382019,,,,,new_or_renewal,https://www.city.matsuyama.ehime.jp/shisei/opendata/metadata/shokuhinsinki.files/shokuhinsinki.xlsx,076ab31512db6c0d16c1b33f07ef1bd543cdc99cc8d394f932db4b2b7560bd84,official_current_rolling_workbook,2026-01,new,97e2de9c1597ed42f5914662,True
松山市,2026-01,第1121号,2026-01-06,2026-01-06,2031-03-31,飲食店営業,いよてつ髙島屋　7階催会場　全国うまいもの味めぐり,松山市湊町5丁目1-1株式会社　伊予鉄髙島屋　7F,382019,,,,,new_or_renewal,https://www.city.matsuyama.ehime.jp/shisei/opendata/metadata/shokuhinsinki.files/shokuhinsinki.xlsx,076ab31512db6c0d16c1b33f07ef1bd543cdc99cc8d394f932db4b2b7560bd84,official_current_rolling_workbook,2026-01,new,0e3274d7c9fb0bc46999c441,True
松山市,2026-01,第1122号,2026-01-07,2026-01-07,2031-03-31,飲食店営業,お好み焼き　みよし三津店,松山市住吉2丁目4-3,382019,,,,,new_or_renewal,https://www.city.matsuyama.ehime.jp/shisei/opendata/metadata/shokuhinsinki.files/shokuhinsinki.xlsx,076ab31512db6c0d16c1b33f07ef1bd543cdc99cc8d394f932db4b2b7560bd84,official_current_rolling_workbook,2026-01,new,41594fc92c8f536c76498bc3,True
松山市,2026-01,第1123号,2026-01-07,2026-01-07,2031-03-31,飲食店営業,お好み焼き　みよし駅前店,松山市住吉1丁目4-17,382019,,,,,new_or_renewal,https://www.city.matsuyama.ehime.jp/shisei/opendata/metadata/shokuhinsinki.files/shokuhinsinki.xlsx,076ab31512db6c0d16c1b33f07ef1bd543cdc99cc8d394f932db4b2b7560bd84,official_current_rolling_workbook,2026-01,new,68cd71c4d3c13904cf044e70,True
松山市,2026-01,第1124号,2026-01-07,2026-01-07,2031-03-31,飲食店営業,お好み焼き　みよし古川店,松山市古川北2丁目23-14,382019,,,,,new_or_renewal,https://www.city.matsuyama.ehime.jp/shisei/opendata/metadata/shokuhinsinki.files/shokuhinsinki.xlsx,076ab31512db6c0d16c1b33f07ef1bd543cdc99cc8d394f932db4b2b7560bd84,official_current_rolling_workbook,2026-01,new,f3606bcb2ef886f3f9f57054,True
松山市,2026-01,第1125号,2026-01-07,2026-01-07,2031-03-31,飲食店営業,食楽酒房　ますわ,松山市二番町1丁目5-5 M-TOWER１F,382019,,,,,new_or_renewal,https://www.city.matsuyama.ehime.jp/shisei/opendata/metadata/shokuhinsinki.files/shokuhinsinki.xlsx,076ab31512db6c0d16c1b33f07ef1bd543cdc99cc8d394f932db4b2b7560bd84,official_current_rolling_workbook,2026-01,new,10caed3b1289c004cd4c9ae2,True
松山市,2026-01,第1126号,2026-01-07,2026-01-07,2031-03-31,飲食店営業,セブンーイレブン松山古川IC店,松山市井門町1504-1,382019,,,,,new_or_renewal,https://www.city.matsuyama.ehime.jp/shisei/opendata/metadata/shokuhinsinki.files/shokuhinsinki.xlsx,076ab31512db6c0d16c1b33f07ef1bd543cdc99cc8d394f932db4b2b7560bd84,official_current_rolling_workbook,2026-01,new,70e4a37f179448d7f510d024,True
松山市,2026-01,第1127号,2026-01-09,2026-01-09,2031-03-31,水産製品製造業,藤本水産,松山市三津2丁目16-4,382019,,,,,new_or_renewal,https://www.city.matsuyama.ehime.jp/shisei/opendata/metadata/shokuhinsinki.files/shokuhinsinki.xlsx,076ab31512db6c0d16c1b33f07ef1bd543cdc99cc8d394f932db4b2b7560bd84,official_current_rolling_workbook,2026-01,new,9b0c22498aecbbada270693c,False
松山市,2026-01,第1128号,2026-01-09,2026-01-09,2031-03-31,飲食店営業,エテルナ,松山市三番町1丁目15-6 ニューパールビル4F,382019,,,,,new_or_renewal,https://www.city.matsuyama.ehime.jp/shisei/opendata/metadata/shokuhinsinki.files/shokuhinsinki.xlsx,076ab31512db6c0d16c1b33f07ef1bd543cdc99cc8d394f932db4b2b7560bd84,official_current_rolling_workbook,2026-01,new,77ffc93023dcbf2763e6588d,True
松山市,2026-01,第1129号,2026-01-13,2026-01-13,2031-03-31,飲食店営業,Mille Vague ONE,松山市二番町2丁目5-43 12ヶ月ビル1F,382019,,,,,new_or_renewal,https://www.city.matsuyama.ehime.jp/shisei/opendata/metadata/shokuhinsinki.files/shokuhinsinki.xlsx,076ab31512db6c0d16c1b33f07ef1bd543cdc99cc8d394f932db4b2b7560bd84,official_current_rolling_workbook,2026-01,new,b0b81855100f584b91d82653,True
松山市,2026-01,第1130号,2026-01-14,2026-01-14,2031-03-31,飲食店営業,DowntowN　Executive,松山市二番町1丁目5-2 古唐人星館7F,382019,,,,,new_or_renewal,https://www.city.matsuyama.ehime.jp/shisei/opendata/metadata/shokuhinsinki.files/shokuhinsinki.xlsx,076ab31512db6c0d16c1b33f07ef1bd543cdc99cc8d394f932db4b2b7560bd84,official_current_rolling_workbook,2026-01,new,1980160150f9e9ee38122708,True
松山市,2026-01,第1131号,2026-01-14,2026-01-14,2031-03-31,飲食店営業,呑み処　池や,松山市二番町2丁目1-4,382019,,,,,new_or_renewal,https://www.city.matsuyama.ehime.jp/shisei/opendata/metadata/shokuhinsinki.files/shokuhinsinki.xlsx,076ab31512db6c0d16c1b33f07ef1bd543cdc99cc8d394f932db4b2b7560bd84,official_current_rolling_workbook,2026-01,new,3cc398622acdbd6412f25814,True
松山市,2026-01,第1132号,2026-01-14,2026-01-14,2031-03-31,菓子製造業,焼き菓子工房 myrtille sweets,松山市朝生田町5丁目8-32ルネス朝生田102,382019,,,,,new_or_renewal,https://www.city.matsuyama.ehime.jp/shisei/opendata/metadata/shokuhinsinki.files/shokuhinsinki.xlsx,076ab31512db6c0d16c1b33f07ef1bd543cdc99cc8d394f932db4b2b7560bd84,official_current_rolling_workbook,2026-01,new,9e9951b21be57c59fae51baa,False
松山市,2026-01,第1133号,2026-01-14,2026-01-14,2031-03-31,菓子製造業,米粉のトルテ　エトセトラ（e.t.c),松山市千舟町8丁目79-1 モンテルーチェ千舟町901号,382019,,,,,new_or_renewal,https://www.city.matsuyama.ehime.jp/shisei/opendata/metadata/shokuhinsinki.files/shokuhinsinki.xlsx,076ab31512db6c0d16c1b33f07ef1bd543cdc99cc8d394f932db4b2b7560bd84,official_current_rolling_workbook,2026-01,new,a46bfdab11782b33cbafe2ca,False
松山市,2026-01,第1134号,2026-01-14,2026-01-14,2031-03-31,そうざい製造業,巻きずし屋　蘭蘭,松山市萱町5丁目9-5,382019,,,,,new_or_renewal,https://www.city.matsuyama.ehime.jp/shisei/opendata/metadata/shokuhinsinki.files/shokuhinsinki.xlsx,076ab31512db6c0d16c1b33f07ef1bd543cdc99cc8d394f932db4b2b7560bd84,official_current_rolling_workbook,2026-01,new,5e316547a8703bc8c94fc6d3,False
松山市,2026-01,第1135号,2026-01-14,2026-01-14,2031-03-31,飲食店営業,Bar OTaNe,松山市三番町2丁目9-2　シエロビル2F,382019,,,,,new_or_renewal,https://www.city.matsuyama.ehime.jp/shisei/opendata/metadata/shokuhinsinki.files/shokuhinsinki.xlsx,076ab31512db6c0d16c1b33f07ef1bd543cdc99cc8d394f932db4b2b7560bd84,official_current_rolling_workbook,2026-01,new,a72d12c4c5858d6ee906d23d,True
松山市,2026-01,第1136号,2026-01-15,2026-01-15,2031-03-31,飲食店営業,Rocolu Crepe,松山市保健所管内,382019,,,,,new_or_renewal,https://www.city.matsuyama.ehime.jp/shisei/opendata/metadata/shokuhinsinki.files/shokuhinsinki.xlsx,076ab31512db6c0d16c1b33f07ef1bd543cdc99cc8d394f932db4b2b7560bd84,official_current_rolling_workbook,2026-01,new,3d6fd8de0eb78d73e39e4347,True
松山市,2026-01,第1137号,2026-01-16,2026-01-16,2031-03-31,飲食店営業,Route,松山市一番町2丁目3-10尾田ビル1F南側,382019,,,,,new_or_renewal,https://www.city.matsuyama.ehime.jp/shisei/opendata/metadata/shokuhinsinki.files/shokuhinsinki.xlsx,076ab31512db6c0d16c1b33f07ef1bd543cdc99cc8d394f932db4b2b7560bd84,official_current_rolling_workbook,2026-01,new,ba94b7cbe18da778e31f78cd,True
松山市,2026-01,第1138号,2026-01-16,2026-01-16,2031-03-31,飲食店営業,tete coffee roastery,松山市平井町甲2318-2,382019,,,,,new_or_renewal,https://www.city.matsuyama.ehime.jp/shisei/opendata/metadata/shokuhinsinki.files/shokuhinsinki.xlsx,076ab31512db6c0d16c1b33f07ef1bd543cdc99cc8d394f932db4b2b7560bd84,official_current_rolling_workbook,2026-01,new,7bf1c94858b99b992dac7a31,True
松山市,2026-01,第1139号,2026-01-16,2026-01-16,2031-03-31,菓子製造業,tete coffee roastery,松山市平井町甲2318-2,382019,,,,,new_or_renewal,https://www.city.matsuyama.ehime.jp/shisei/opendata/metadata/shokuhinsinki.files/shokuhinsinki.xlsx,076ab31512db6c0d16c1b33f07ef1bd543cdc99cc8d394f932db4b2b7560bd84,official_current_rolling_workbook,2026-01,new,0c0345b58e0f96b56aea6e66,False
松山市,2026-01,第1140号,2026-01-19,2026-01-19,2031-03-31,飲食店営業,MireA,松山市二番町2丁目8-18パールビル2F,382019,,,,,new_or_renewal,https://www.city.matsuyama.ehime.jp/shisei/opendata/metadata/shokuhinsinki.files/shokuhinsinki.xlsx,076ab31512db6c0d16c1b33f07ef1bd543cdc99cc8d394f932db4b2b7560bd84,official_current_rolling_workbook,2026-01,new,296672e3fb0274b419e3a4a2,True
松山市,2026-01,第1141号,2026-01-19,2026-01-19,2031-03-31,飲食店営業,members鹿ノ戸,松山市二番町1丁目2-12 ファッションタウンビル4F南側,382019,,,,,new_or_renewal,https://www.city.matsuyama.ehime.jp/shisei/opendata/metadata/shokuhinsinki.files/shokuhinsinki.xlsx,076ab31512db6c0d16c1b33f07ef1bd543cdc99cc8d394f932db4b2b7560bd84,official_current_rolling_workbook,2026-01,new,e1ed7dec8b2cb2edc5e6e84c,True
松山市,2026-01,第1142号,2026-01-19,2026-01-19,2031-03-31,飲食店営業,ヨシノ,松山市保健所管内,382019,,,,,new_or_renewal,https://www.city.matsuyama.ehime.jp/shisei/opendata/metadata/shokuhinsinki.files/shokuhinsinki.xlsx,076ab31512db6c0d16c1b33f07ef1bd543cdc99cc8d394f932db4b2b7560bd84,official_current_rolling_workbook,2026-01,new,02ea391ac4664969607000ba,True
松山市,2026-01,第1143号,2026-01-21,2026-01-21,2031-03-31,飲食店営業,カブコ,松山市保健所管内,382019,,,,,new_or_renewal,https://www.city.matsuyama.ehime.jp/shisei/opendata/metadata/shokuhinsinki.files/shokuhinsinki.xlsx,076ab31512db6c0d16c1b33f07ef1bd543cdc99cc8d394f932db4b2b7560bd84,official_current_rolling_workbook,2026-01,new,76f21ca224b66a70a67647c3,True
松山市,2026-01,第1144号,2026-01-21,2026-01-21,2031-03-31,飲食店営業,eclat,松山市二番町1丁目1-6ウッディービル4F,382019,,,,,new_or_renewal,https://www.city.matsuyama.ehime.jp/shisei/opendata/metadata/shokuhinsinki.files/shokuhinsinki.xlsx,076ab31512db6c0d16c1b33f07ef1bd543cdc99cc8d394f932db4b2b7560bd84,official_current_rolling_workbook,2026-01,new,e8f452705c575fa8c5dc9d81,True
松山市,2026-01,第1145号,2026-01-21,2026-01-21,2031-03-31,飲食店営業,CROQUE　WORKS,松山市福音寺町6-9,382019,,,,,new_or_renewal,https://www.city.matsuyama.ehime.jp/shisei/opendata/metadata/shokuhinsinki.files/shokuhinsinki.xlsx,076ab31512db6c0d16c1b33f07ef1bd543cdc99cc8d394f932db4b2b7560bd84,official_current_rolling_workbook,2026-01,new,9d127c276161520bb9609847,True
松山市,2026-01,第1146号,2026-01-21,2026-01-21,2031-03-31,飲食店営業,うる月,松山市三番町1丁目4-7 あひるビル1F,382019,,,,,new_or_renewal,https://www.city.matsuyama.ehime.jp/shisei/opendata/metadata/shokuhinsinki.files/shokuhinsinki.xlsx,076ab31512db6c0d16c1b33f07ef1bd543cdc99cc8d394f932db4b2b7560bd84,official_current_rolling_workbook,2026-01,new,807263d8ac8c1cb7883c3c95,True
松山市,2026-01,第1147号,2026-01-22,2026-01-22,2031-03-31,飲食店営業,いよてつ髙島屋　7階催会場　アムール・デュ・ショコラ,松山市湊町5丁目1-1株式会社伊予鉄髙島屋　7F,382019,,,,,new_or_renewal,https://www.city.matsuyama.ehime.jp/shisei/opendata/metadata/shokuhinsinki.files/shokuhinsinki.xlsx,076ab31512db6c0d16c1b33f07ef1bd543cdc99cc8d394f932db4b2b7560bd84,official_current_rolling_workbook,2026-01,new,435749e996b916e118325697,True
松山市,2026-01,第1148号,2026-01-22,2026-01-22,2031-03-31,飲食店営業,CLUB LUXE,松山市二番町2丁目9-1 F CHOCOLAビル2F　20B号,382019,,,,,new_or_renewal,https://www.city.matsuyama.ehime.jp/shisei/opendata/metadata/shokuhinsinki.files/shokuhinsinki.xlsx,076ab31512db6c0d16c1b33f07ef1bd543cdc99cc8d394f932db4b2b7560bd84,official_current_rolling_workbook,2026-01,new,ae3c6ae7c3d1844a8c5c8f8e,True
松山市,2026-01,第1149号,2026-01-23,2026-01-23,2031-03-31,飲食店営業,Salon Veil,松山市二番町1丁目4-9 CITYビル401,382019,,,,,new_or_renewal,https://www.city.matsuyama.ehime.jp/shisei/opendata/metadata/shokuhinsinki.files/shokuhinsinki.xlsx,076ab31512db6c0d16c1b33f07ef1bd543cdc99cc8d394f932db4b2b7560bd84,official_current_rolling_workbook,2026-01,new,68e5a648f55981ddde776521,True
松山市,2026-01,第1150号,2026-01-23,2026-01-23,2031-03-31,飲食店営業,花人,松山市二番町2丁目7-15 吉田ビル2F 南,382019,,,,,new_or_renewal,https://www.city.matsuyama.ehime.jp/shisei/opendata/metadata/shokuhinsinki.files/shokuhinsinki.xlsx,076ab31512db6c0d16c1b33f07ef1bd543cdc99cc8d394f932db4b2b7560bd84,official_current_rolling_workbook,2026-01,new,dbc6537bd957c89042c34667,True
松山市,2026-01,第1151号,2026-01-26,2026-01-26,2031-03-31,飲食店営業,フジ南久米店（水産）,松山市南久米町538-1,382019,,,,,new_or_renewal,https://www.city.matsuyama.ehime.jp/shisei/opendata/metadata/shokuhinsinki.files/shokuhinsinki.xlsx,076ab31512db6c0d16c1b33f07ef1bd543cdc99cc8d394f932db4b2b7560bd84,official_current_rolling_workbook,2026-01,new,071b1b4b77e8fcdf7e6b41a2,True
松山市,2026-01,第1152号,2026-01-26,2026-01-26,2031-03-31,飲食店営業,東明病院,松山市東方町甲1026-1,382019,,,,,new_or_renewal,https://www.city.matsuyama.ehime.jp/shisei/opendata/metadata/shokuhinsinki.files/shokuhinsinki.xlsx,076ab31512db6c0d16c1b33f07ef1bd543cdc99cc8d394f932db4b2b7560bd84,official_current_rolling_workbook,2026-01,new,c5b7da9bcfff65848a32a271,True
松山市,2026-01,第1153号,2026-01-26,2026-01-26,2031-03-31,飲食店営業,THE CUE COFFEE,松山市千舟町3丁目1-5,382019,,,,,new_or_renewal,https://www.city.matsuyama.ehime.jp/shisei/opendata/metadata/shokuhinsinki.files/shokuhinsinki.xlsx,076ab31512db6c0d16c1b33f07ef1bd543cdc99cc8d394f932db4b2b7560bd84,official_current_rolling_workbook,2026-01,new,b3e69086adda4c7dd162ec3f,True
松山市,2026-01,第1154号,2026-01-26,2026-01-26,2031-03-31,菓子製造業,THE CUE COFFEE,松山市千舟町3丁目1-5,382019,,,,,new_or_renewal,https://www.city.matsuyama.ehime.jp/shisei/opendata/metadata/shokuhinsinki.files/shokuhinsinki.xlsx,076ab31512db6c0d16c1b33f07ef1bd543cdc99cc8d394f932db4b2b7560bd84,official_current_rolling_workbook,2026-01,new,bc8b6923258aac905db1340e,False
松山市,2026-01,第1155号,2026-01-26,2026-01-26,2031-03-31,飲食店営業,Amour,松山市二番町1丁目9-2第五アークビル5F A・B号室,382019,,,,,new_or_renewal,https://www.city.matsuyama.ehime.jp/shisei/opendata/metadata/shokuhinsinki.files/shokuhinsinki.xlsx,076ab31512db6c0d16c1b33f07ef1bd543cdc99cc8d394f932db4b2b7560bd84,official_current_rolling_workbook,2026-01,new,a745bad004a43eea8fe0d4cb,True
松山市,2026-01,第1156号,2026-01-26,2026-01-26,2031-03-31,飲食店営業,焼肉ロジー,松山市三番町8丁目10-3仲田ビル1F西号室,382019,,,,,new_or_renewal,https://www.city.matsuyama.ehime.jp/shisei/opendata/metadata/shokuhinsinki.files/shokuhinsinki.xlsx,076ab31512db6c0d16c1b33f07ef1bd543cdc99cc8d394f932db4b2b7560bd84,official_current_rolling_workbook,2026-01,new,2fb44254f6900efae2f6bd9b,True
松山市,2026-01,第1157号,2026-01-27,2026-01-27,2031-03-31,飲食店営業,メンバーズ　志野,松山市一番町1丁目3-11 18ミツワビル3F,382019,,,,,new_or_renewal,https://www.city.matsuyama.ehime.jp/shisei/opendata/metadata/shokuhinsinki.files/shokuhinsinki.xlsx,076ab31512db6c0d16c1b33f07ef1bd543cdc99cc8d394f932db4b2b7560bd84,official_current_rolling_workbook,2026-01,new,4c97d1eb1e45d0430fa864cc,True
松山市,2026-01,第1158号,2026-01-27,2026-01-27,2031-03-31,飲食店営業,海鮮文殊亭千舟町店,松山市千舟町2丁目7-3ホテルNo1松山　1F,382019,,,,,new_or_renewal,https://www.city.matsuyama.ehime.jp/shisei/opendata/metadata/shokuhinsinki.files/shokuhinsinki.xlsx,076ab31512db6c0d16c1b33f07ef1bd543cdc99cc8d394f932db4b2b7560bd84,official_current_rolling_workbook,2026-01,new,f6919eecfe30fa54e6b31bcb,True
松山市,2026-01,第1159号,2026-01-28,2026-01-28,2031-03-31,魚介類販売業,艶吉,松山市保健所管内,382019,,,,,new_or_renewal,https://www.city.matsuyama.ehime.jp/shisei/opendata/metadata/shokuhinsinki.files/shokuhinsinki.xlsx,076ab31512db6c0d16c1b33f07ef1bd543cdc99cc8d394f932db4b2b7560bd84,official_current_rolling_workbook,2026-01,new,52b0bd1a08f826ea90d8123c,False
松山市,2026-01,第1160号,2026-01-28,2026-01-28,2031-03-31,飲食店営業,NABi,松山市柳井町2丁目4-2 泰正ビルA101,382019,,,,,new_or_renewal,https://www.city.matsuyama.ehime.jp/shisei/opendata/metadata/shokuhinsinki.files/shokuhinsinki.xlsx,076ab31512db6c0d16c1b33f07ef1bd543cdc99cc8d394f932db4b2b7560bd84,official_current_rolling_workbook,2026-01,new,ebb4a45afbec8ae92fb59c19,True
松山市,2026-01,第1161号,2026-01-28,2026-01-28,2031-03-31,飲食店営業,TOU℃,松山市木屋町3丁目5-2,382019,,,,,new_or_renewal,https://www.city.matsuyama.ehime.jp/shisei/opendata/metadata/shokuhinsinki.files/shokuhinsinki.xlsx,076ab31512db6c0d16c1b33f07ef1bd543cdc99cc8d394f932db4b2b7560bd84,official_current_rolling_workbook,2026-01,new,117163aaf8fbd5df2825a327,True
松山市,2026-01,第1162号,2026-01-28,2026-01-28,2031-03-31,菓子製造業,TOU℃,松山市木屋町3丁目5-2,382019,,,,,new_or_renewal,https://www.city.matsuyama.ehime.jp/shisei/opendata/metadata/shokuhinsinki.files/shokuhinsinki.xlsx,076ab31512db6c0d16c1b33f07ef1bd543cdc99cc8d394f932db4b2b7560bd84,official_current_rolling_workbook,2026-01,new,494cb570b83b3cca59f0f21d,False
松山市,2026-01,第1163号,2026-01-28,2026-01-28,2031-03-31,飲食店営業,縁　麻辣湯,松山市湊町3丁目8-16 土居ビル1F,382019,,,,,new_or_renewal,https://www.city.matsuyama.ehime.jp/shisei/opendata/metadata/shokuhinsinki.files/shokuhinsinki.xlsx,076ab31512db6c0d16c1b33f07ef1bd543cdc99cc8d394f932db4b2b7560bd84,official_current_rolling_workbook,2026-01,new,17ad0da49fa9ff5161943016,True
松山市,2026-01,第1164号,2026-01-28,2026-01-28,2031-03-31,飲食店営業,鉄板居酒屋　昇,松山市三番町2丁目6-3エフローゼビル1F　10D号,382019,,,,,new_or_renewal,https://www.city.matsuyama.ehime.jp/shisei/opendata/metadata/shokuhinsinki.files/shokuhinsinki.xlsx,076ab31512db6c0d16c1b33f07ef1bd543cdc99cc8d394f932db4b2b7560bd84,official_current_rolling_workbook,2026-01,new,7a03e7cad7dcce7e7314aa24,True
松山市,2026-01,第1165号,2026-01-28,2026-01-28,2031-03-31,食肉販売業,有限会社木村屋精肉店,松山市湊町6丁目6-1 1F,382019,,,,,new_or_renewal,https://www.city.matsuyama.ehime.jp/shisei/opendata/metadata/shokuhinsinki.files/shokuhinsinki.xlsx,076ab31512db6c0d16c1b33f07ef1bd543cdc99cc8d394f932db4b2b7560bd84,official_current_rolling_workbook,2026-01,new,035e8b71494796429e70f004,False
松山市,2026-01,第1166号,2026-01-29,2026-01-29,2031-03-31,飲食店営業,カリッジュ,松山市保健所管内,382019,,,,,new_or_renewal,https://www.city.matsuyama.ehime.jp/shisei/opendata/metadata/shokuhinsinki.files/shokuhinsinki.xlsx,076ab31512db6c0d16c1b33f07ef1bd543cdc99cc8d394f932db4b2b7560bd84,official_current_rolling_workbook,2026-01,new,a4dc5b32dc0e90712b71c9d1,True
松山市,2026-01,第1167号,2026-01-29,2026-01-29,2031-03-31,飲食店営業,BOSTON　BEACH,松山市保健所管内,382019,,,,,new_or_renewal,https://www.city.matsuyama.ehime.jp/shisei/opendata/metadata/shokuhinsinki.files/shokuhinsinki.xlsx,076ab31512db6c0d16c1b33f07ef1bd543cdc99cc8d394f932db4b2b7560bd84,official_current_rolling_workbook,2026-01,new,cbe4d541c4d532dc17eaa6e0,True
松山市,2026-01,第1168号,2026-01-30,2026-01-30,2031-03-31,飲食店営業,シック,松山市二番町2丁目6-10クロスビル1F奥,382019,,,,,new_or_renewal,https://www.city.matsuyama.ehime.jp/shisei/opendata/metadata/shokuhinsinki.files/shokuhinsinki.xlsx,076ab31512db6c0d16c1b33f07ef1bd543cdc99cc8d394f932db4b2b7560bd84,official_current_rolling_workbook,2026-01,new,cdf80f031d22e8eedc159efd,True
松山市,2026-01,第1169号,2026-01-30,2026-01-30,2031-03-31,飲食店営業,BAR　40,松山市三番町1丁目16-8 相原ビル203号,382019,,,,,new_or_renewal,https://www.city.matsuyama.ehime.jp/shisei/opendata/metadata/shokuhinsinki.files/shokuhinsinki.xlsx,076ab31512db6c0d16c1b33f07ef1bd543cdc99cc8d394f932db4b2b7560bd84,official_current_rolling_workbook,2026-01,new,90493be325bf373393966ef6,True
松山市,2026-01,第1170号,2026-01-30,2026-01-30,2031-03-31,飲食店営業,ギャラリーキャメルK,松山市錦町33-3,382019,,,,,new_or_renewal,https://www.city.matsuyama.ehime.jp/shisei/opendata/metadata/shokuhinsinki.files/shokuhinsinki.xlsx,076ab31512db6c0d16c1b33f07ef1bd543cdc99cc8d394f932db4b2b7560bd84,official_current_rolling_workbook,2026-01,new,d3323e1bc0d92c62416f87ca,True
松山市,2026-02,第1171号,2026-02-02,2026-02-02,2031-03-31,飲食店営業,BAR196,松山市鴨川2丁目1-18 大西ビル1F北,382019,,,,,new_or_renewal,https://www.city.matsuyama.ehime.jp/shisei/opendata/metadata/shokuhinsinki.files/shokuhinsinki.xlsx,076ab31512db6c0d16c1b33f07ef1bd543cdc99cc8d394f932db4b2b7560bd84,official_current_rolling_workbook,2026-02,new,03e971fefd4304ae1a6b36d3,True
松山市,2026-02,第1172号,2026-02-02,2026-02-02,2031-03-31,飲食店営業,PROLIFE,松山市石手4丁目3-3アイビーコート石手2F東,382019,,,,,new_or_renewal,https://www.city.matsuyama.ehime.jp/shisei/opendata/metadata/shokuhinsinki.files/shokuhinsinki.xlsx,076ab31512db6c0d16c1b33f07ef1bd543cdc99cc8d394f932db4b2b7560bd84,official_current_rolling_workbook,2026-02,new,9ea523a585260dec03345938,True
松山市,2026-02,第1173号,2026-02-02,2026-02-02,2031-03-31,飲食店営業,山田屋まんじゅう　はなみずき店,松山市西石井4丁目2-11,382019,,,,,new_or_renewal,https://www.city.matsuyama.ehime.jp/shisei/opendata/metadata/shokuhinsinki.files/shokuhinsinki.xlsx,076ab31512db6c0d16c1b33f07ef1bd543cdc99cc8d394f932db4b2b7560bd84,official_current_rolling_workbook,2026-02,new,3e3281d8b619c371ea99a7bc,True
松山市,2026-02,第1174号,2026-02-02,2026-02-02,2031-03-31,飲食店営業,骨付鳥　つぼ屋　愛媛,松山市高岡町93-5,382019,,,,,new_or_renewal,https://www.city.matsuyama.ehime.jp/shisei/opendata/metadata/shokuhinsinki.files/shokuhinsinki.xlsx,076ab31512db6c0d16c1b33f07ef1bd543cdc99cc8d394f932db4b2b7560bd84,official_current_rolling_workbook,2026-02,new,9b61807fe0906320a59c1307,True
松山市,2026-02,第1175号,2026-02-02,2026-02-02,2031-03-31,そうざい製造業,ぷりぺあ,松山市南斎院町759-1,382019,,,,,new_or_renewal,https://www.city.matsuyama.ehime.jp/shisei/opendata/metadata/shokuhinsinki.files/shokuhinsinki.xlsx,076ab31512db6c0d16c1b33f07ef1bd543cdc99cc8d394f932db4b2b7560bd84,official_current_rolling_workbook,2026-02,new,f66975167814668682531ec5,False
松山市,2026-02,第1176号,2026-02-02,2026-02-02,2031-03-31,飲食店営業,フジ安城寺店,松山市安城寺町571-1,382019,,,,,new_or_renewal,https://www.city.matsuyama.ehime.jp/shisei/opendata/metadata/shokuhinsinki.files/shokuhinsinki.xlsx,076ab31512db6c0d16c1b33f07ef1bd543cdc99cc8d394f932db4b2b7560bd84,official_current_rolling_workbook,2026-02,new,fe7ccedb9ceea4d593cc07e8,True
松山市,2026-02,第1177号,2026-02-02,2026-02-02,2031-03-31,飲食店営業,心の湯　釜爺,松山市道後湯之町18-1,382019,,,,,new_or_renewal,https://www.city.matsuyama.ehime.jp/shisei/opendata/metadata/shokuhinsinki.files/shokuhinsinki.xlsx,076ab31512db6c0d16c1b33f07ef1bd543cdc99cc8d394f932db4b2b7560bd84,official_current_rolling_workbook,2026-02,new,379bb95fe15dd8cb7e86c445,True
松山市,2026-02,第1178号,2026-02-02,2026-02-02,2031-03-31,飲食店営業,bar ui,松山市湊町5丁目3-1新川ビル2F,382019,,,,,new_or_renewal,https://www.city.matsuyama.ehime.jp/shisei/opendata/metadata/shokuhinsinki.files/shokuhinsinki.xlsx,076ab31512db6c0d16c1b33f07ef1bd543cdc99cc8d394f932db4b2b7560bd84,official_current_rolling_workbook,2026-02,new,d4f4951bbb4b5e76620f7082,True
松山市,2026-02,第1179号,2026-02-02,2026-02-02,2032-03-31,飲食店営業,メフォス　02807号店,松山市下難波甲125-1,382019,,,,,new_or_renewal,https://www.city.matsuyama.ehime.jp/shisei/opendata/metadata/shokuhinsinki.files/shokuhinsinki.xlsx,076ab31512db6c0d16c1b33f07ef1bd543cdc99cc8d394f932db4b2b7560bd84,official_current_rolling_workbook,2026-02,new,392060c06c7770774e54300c,True
松山市,2026-02,第1180号,2026-02-03,2026-02-03,2031-03-31,飲食店営業,Choco bar,松山市三番町2丁目6-2第1キスケビル1F,382019,,,,,new_or_renewal,https://www.city.matsuyama.ehime.jp/shisei/opendata/metadata/shokuhinsinki.files/shokuhinsinki.xlsx,076ab31512db6c0d16c1b33f07ef1bd543cdc99cc8d394f932db4b2b7560bd84,official_current_rolling_workbook,2026-02,new,16d090e0d53477be59510aeb,True
松山市,2026-02,第1181号,2026-02-03,2026-02-03,2031-03-31,飲食店営業,Poco Loco,松山市二番町2丁目5-11菅ビル1F,382019,,,,,new_or_renewal,https://www.city.matsuyama.ehime.jp/shisei/opendata/metadata/shokuhinsinki.files/shokuhinsinki.xlsx,076ab31512db6c0d16c1b33f07ef1bd543cdc99cc8d394f932db4b2b7560bd84,official_current_rolling_workbook,2026-02,new,45e0d7506a8a9632420ca75a,True
松山市,2026-02,第1182号,2026-02-03,2026-02-03,2031-03-31,飲食店営業,スナック　華,松山市二番町2丁目7-9ベラミビル3F,382019,,,,,new_or_renewal,https://www.city.matsuyama.ehime.jp/shisei/opendata/metadata/shokuhinsinki.files/shokuhinsinki.xlsx,076ab31512db6c0d16c1b33f07ef1bd543cdc99cc8d394f932db4b2b7560bd84,official_current_rolling_workbook,2026-02,new,8b67f152f84dd695672a5f02,True
松山市,2026-02,第1183号,2026-02-04,2026-02-04,2031-03-31,飲食店営業,ダイニングバー　フルフル,松山市大街道2丁目6-2ラッキー大街道ビル2F,382019,,,,,new_or_renewal,https://www.city.matsuyama.ehime.jp/shisei/opendata/metadata/shokuhinsinki.files/shokuhinsinki.xlsx,076ab31512db6c0d16c1b33f07ef1bd543cdc99cc8d394f932db4b2b7560bd84,official_current_rolling_workbook,2026-02,new,4f38715f3c496897a24cdc63,True
松山市,2026-02,第1184号,2026-02-04,2026-02-04,2031-03-31,飲食店営業,BARRAGAN,松山市一番町2丁目4-15,382019,,,,,new_or_renewal,https://www.city.matsuyama.ehime.jp/shisei/opendata/metadata/shokuhinsinki.files/shokuhinsinki.xlsx,076ab31512db6c0d16c1b33f07ef1bd543cdc99cc8d394f932db4b2b7560bd84,official_current_rolling_workbook,2026-02,new,7b683ce38ad2318fb4d37388,True
松山市,2026-02,第1185号,2026-02-04,2026-02-04,2031-03-31,飲食店営業,ホテルアビス松山,松山市一番町4丁目1-8,382019,,,,,new_or_renewal,https://www.city.matsuyama.ehime.jp/shisei/opendata/metadata/shokuhinsinki.files/shokuhinsinki.xlsx,076ab31512db6c0d16c1b33f07ef1bd543cdc99cc8d394f932db4b2b7560bd84,official_current_rolling_workbook,2026-02,new,6eadcd00be92473ee6e93fec,True
松山市,2026-02,第1186号,2026-02-04,2026-02-04,2031-03-31,飲食店営業,瓢箪の花,松山市二番町1丁目4-25,382019,,,,,new_or_renewal,https://www.city.matsuyama.ehime.jp/shisei/opendata/metadata/shokuhinsinki.files/shokuhinsinki.xlsx,076ab31512db6c0d16c1b33f07ef1bd543cdc99cc8d394f932db4b2b7560bd84,official_current_rolling_workbook,2026-02,new,ab5a632604e1853ff29e87f9,True
松山市,2026-02,第1187号,2026-02-04,2026-02-04,2031-03-31,飲食店営業,スナック　SUN,松山市二番町2丁目6-5 石川ビル3F,382019,,,,,new_or_renewal,https://www.city.matsuyama.ehime.jp/shisei/opendata/metadata/shokuhinsinki.files/shokuhinsinki.xlsx,076ab31512db6c0d16c1b33f07ef1bd543cdc99cc8d394f932db4b2b7560bd84,official_current_rolling_workbook,2026-02,new,bd14d6e18766dc3217e2d4e0,True
松山市,2026-02,第1188号,2026-02-04,2026-02-04,2031-03-31,飲食店営業,会員制Macan,松山市二番町2丁目4-9岸坊ビル3F,382019,,,,,new_or_renewal,https://www.city.matsuyama.ehime.jp/shisei/opendata/metadata/shokuhinsinki.files/shokuhinsinki.xlsx,076ab31512db6c0d16c1b33f07ef1bd543cdc99cc8d394f932db4b2b7560bd84,official_current_rolling_workbook,2026-02,new,39aadc6dc29f329acc49923a,True
松山市,2026-02,第1189号,2026-02-04,2026-02-04,2031-03-31,菓子製造業,HAVE A NICE DAY,松山市湊町4丁目12-1 湊ビル1F,382019,,,,,new_or_renewal,https://www.city.matsuyama.ehime.jp/shisei/opendata/metadata/shokuhinsinki.files/shokuhinsinki.xlsx,076ab31512db6c0d16c1b33f07ef1bd543cdc99cc8d394f932db4b2b7560bd84,official_current_rolling_workbook,2026-02,new,5b32689e8e83b676c38e5100,False
松山市,2026-02,第1190号,2026-02-04,2026-02-04,2031-03-31,菓子製造業,みんなのベーグル,松山市古川西1丁目4-10FURUKAWA BASE A11,382019,,,,,new_or_renewal,https://www.city.matsuyama.ehime.jp/shisei/opendata/metadata/shokuhinsinki.files/shokuhinsinki.xlsx,076ab31512db6c0d16c1b33f07ef1bd543cdc99cc8d394f932db4b2b7560bd84,official_current_rolling_workbook,2026-02,new,c3c816473941aed0a8323772,False
松山市,2026-02,第1191号,2026-02-04,2026-02-04,2031-03-31,飲食店営業,ufotable Cafe TO GO 2,松山市保健所管内,382019,,,,,new_or_renewal,https://www.city.matsuyama.ehime.jp/shisei/opendata/metadata/shokuhinsinki.files/shokuhinsinki.xlsx,076ab31512db6c0d16c1b33f07ef1bd543cdc99cc8d394f932db4b2b7560bd84,official_current_rolling_workbook,2026-02,new,18b8d0d92eee98a8910011bc,True
松山市,2026-02,第1192号,2026-02-05,2026-02-05,2031-03-31,飲食店営業,勝山協食,松山市清水町3丁目91-1 1F,382019,,,,,new_or_renewal,https://www.city.matsuyama.ehime.jp/shisei/opendata/metadata/shokuhinsinki.files/shokuhinsinki.xlsx,076ab31512db6c0d16c1b33f07ef1bd543cdc99cc8d394f932db4b2b7560bd84,official_current_rolling_workbook,2026-02,new,4b99fde505e22dc46a945465,True
松山市,2026-02,第1193号,2026-02-05,2026-02-05,2031-03-31,飲食店営業,愛媛銀行本店　社員食堂,松山市勝山町２丁目1 2F,382019,,,,,new_or_renewal,https://www.city.matsuyama.ehime.jp/shisei/opendata/metadata/shokuhinsinki.files/shokuhinsinki.xlsx,076ab31512db6c0d16c1b33f07ef1bd543cdc99cc8d394f932db4b2b7560bd84,official_current_rolling_workbook,2026-02,new,26470d20a8d27c5edd146443,True
松山市,2026-02,第1194号,2026-02-05,2026-02-05,2031-03-31,飲食店営業,赤乃れん,松山市湊町3丁目8-1,382019,,,,,new_or_renewal,https://www.city.matsuyama.ehime.jp/shisei/opendata/metadata/shokuhinsinki.files/shokuhinsinki.xlsx,076ab31512db6c0d16c1b33f07ef1bd543cdc99cc8d394f932db4b2b7560bd84,official_current_rolling_workbook,2026-02,new,8bf8881de36ba1e898c125b8,True
松山市,2026-02,第1195号,2026-02-06,2026-02-06,2031-03-31,飲食店営業,和み処　響心,松山市道後町1丁目5-32セラビル2F,382019,,,,,new_or_renewal,https://www.city.matsuyama.ehime.jp/shisei/opendata/metadata/shokuhinsinki.files/shokuhinsinki.xlsx,076ab31512db6c0d16c1b33f07ef1bd543cdc99cc8d394f932db4b2b7560bd84,official_current_rolling_workbook,2026-02,new,44460d26a6f5bfe8e6532d70,True
松山市,2026-02,第1196号,2026-02-06,2026-02-06,2031-03-31,飲食店営業,Amusement Poker ＆ Bar Sea trident,松山市大手町1丁目14-1 愛媛石炭ビル3F南東,382019,,,,,new_or_renewal,https://www.city.matsuyama.ehime.jp/shisei/opendata/metadata/shokuhinsinki.files/shokuhinsinki.xlsx,076ab31512db6c0d16c1b33f07ef1bd543cdc99cc8d394f932db4b2b7560bd84,official_current_rolling_workbook,2026-02,new,2301810ae7129ec2303cb049,True
松山市,2026-02,第1197号,2026-02-06,2026-02-06,2031-03-31,飲食店営業,カラオケくうかん　ＹＥＬＬ,松山市二番町2丁目7-3内海ビル2F,382019,,,,,new_or_renewal,https://www.city.matsuyama.ehime.jp/shisei/opendata/metadata/shokuhinsinki.files/shokuhinsinki.xlsx,076ab31512db6c0d16c1b33f07ef1bd543cdc99cc8d394f932db4b2b7560bd84,official_current_rolling_workbook,2026-02,new,b4387812ee5bf4f76cfc1437,True
松山市,2026-02,第1198号,2026-02-09,2026-02-09,2031-03-31,飲食店営業,アンジュエール,松山市三番町2丁目6-3　F ROSEビルB1,382019,,,,,new_or_renewal,https://www.city.matsuyama.ehime.jp/shisei/opendata/metadata/shokuhinsinki.files/shokuhinsinki.xlsx,076ab31512db6c0d16c1b33f07ef1bd543cdc99cc8d394f932db4b2b7560bd84,official_current_rolling_workbook,2026-02,new,9f92c5cd7ab610277ddae46e,True
松山市,2026-02,第1199号,2026-02-09,2026-02-09,2031-03-31,飲食店営業,髙木珈琲　松山店,松山市空港通2丁目10-5ベルフォーレ松山2F,382019,,,,,new_or_renewal,https://www.city.matsuyama.ehime.jp/shisei/opendata/metadata/shokuhinsinki.files/shokuhinsinki.xlsx,076ab31512db6c0d16c1b33f07ef1bd543cdc99cc8d394f932db4b2b7560bd84,official_current_rolling_workbook,2026-02,new,1d211f093f1057e018365345,True
松山市,2026-02,第1200号,2026-02-09,2026-02-09,2031-03-31,飲食店営業,KOKUU,松山市北条辻433-1　1階北側,382019,,,,,new_or_renewal,https://www.city.matsuyama.ehime.jp/shisei/opendata/metadata/shokuhinsinki.files/shokuhinsinki.xlsx,076ab31512db6c0d16c1b33f07ef1bd543cdc99cc8d394f932db4b2b7560bd84,official_current_rolling_workbook,2026-02,new,3fa634884732dbe0e040d6b2,True
松山市,2026-02,第1201号,2026-02-09,2026-02-09,2031-03-31,菓子製造業,KOKUU,松山市北条辻433-1　1階北側,382019,,,,,new_or_renewal,https://www.city.matsuyama.ehime.jp/shisei/opendata/metadata/shokuhinsinki.files/shokuhinsinki.xlsx,076ab31512db6c0d16c1b33f07ef1bd543cdc99cc8d394f932db4b2b7560bd84,official_current_rolling_workbook,2026-02,new,937185367c88613129cdfe1e,False
松山市,2026-02,第1202号,2026-02-09,2026-02-09,2031-03-31,菓子製造業,お菓子工房　Concerto,松山市御幸2丁目2-14　1F,382019,,,,,new_or_renewal,https://www.city.matsuyama.ehime.jp/shisei/opendata/metadata/shokuhinsinki.files/shokuhinsinki.xlsx,076ab31512db6c0d16c1b33f07ef1bd543cdc99cc8d394f932db4b2b7560bd84,official_current_rolling_workbook,2026-02,new,01988ae882384861e9b9c72e,False
松山市,2026-02,第1203号,2026-02-09,2026-02-09,2031-03-31,飲食店営業,瓶泥舎びいどろ・ぎやまん・ガラス美術館,松山市道後緑台7-21,382019,,,,,new_or_renewal,https://www.city.matsuyama.ehime.jp/shisei/opendata/metadata/shokuhinsinki.files/shokuhinsinki.xlsx,076ab31512db6c0d16c1b33f07ef1bd543cdc99cc8d394f932db4b2b7560bd84,official_current_rolling_workbook,2026-02,new,ceb274145278656cc3747134,True
松山市,2026-02,第1204号,2026-02-09,2026-02-09,2031-03-31,飲食店営業,メンバーズ　あすか,松山市二番町1丁目10-7サンフィールドビル5F,382019,,,,,new_or_renewal,https://www.city.matsuyama.ehime.jp/shisei/opendata/metadata/shokuhinsinki.files/shokuhinsinki.xlsx,076ab31512db6c0d16c1b33f07ef1bd543cdc99cc8d394f932db4b2b7560bd84,official_current_rolling_workbook,2026-02,new,ee93e422c0159d275374096f,True
松山市,2026-02,第1205号,2026-02-09,2026-02-09,2031-03-31,飲食店営業,牧野,松山市千舟町4丁目1-4 ヒラキビル1F,382019,,,,,new_or_renewal,https://www.city.matsuyama.ehime.jp/shisei/opendata/metadata/shokuhinsinki.files/shokuhinsinki.xlsx,076ab31512db6c0d16c1b33f07ef1bd543cdc99cc8d394f932db4b2b7560bd84,official_current_rolling_workbook,2026-02,new,57d694649205abb3fb13ce3b,True
松山市,2026-02,第1206号,2026-02-09,2026-02-09,2031-03-31,飲食店営業,マルナカ美沢店(惣菜),松山市美沢2丁目5-26,382019,,,,,new_or_renewal,https://www.city.matsuyama.ehime.jp/shisei/opendata/metadata/shokuhinsinki.files/shokuhinsinki.xlsx,076ab31512db6c0d16c1b33f07ef1bd543cdc99cc8d394f932db4b2b7560bd84,official_current_rolling_workbook,2026-02,new,2410ebcbfe2f0bccdcaa4454,True
松山市,2026-02,第1207号,2026-02-10,2026-02-10,2031-03-31,飲食店営業,中華そば鯊,松山市浄瑠璃町513-2,382019,,,,,new_or_renewal,https://www.city.matsuyama.ehime.jp/shisei/opendata/metadata/shokuhinsinki.files/shokuhinsinki.xlsx,076ab31512db6c0d16c1b33f07ef1bd543cdc99cc8d394f932db4b2b7560bd84,official_current_rolling_workbook,2026-02,new,75da3cd9375be4e292843427,True
松山市,2026-02,第1208号,2026-02-10,2026-02-10,2031-03-31,飲食店営業,りつこの部屋,松山市久万ノ台917-1,382019,,,,,new_or_renewal,https://www.city.matsuyama.ehime.jp/shisei/opendata/metadata/shokuhinsinki.files/shokuhinsinki.xlsx,076ab31512db6c0d16c1b33f07ef1bd543cdc99cc8d394f932db4b2b7560bd84,official_current_rolling_workbook,2026-02,new,6c769b15ff671dbf0b1f11e1,True
松山市,2026-02,第1209号,2026-02-10,2026-02-10,2031-03-31,飲食店営業,エル・セレーノ松山道後,松山市道後町2丁目9－40,382019,,,,,new_or_renewal,https://www.city.matsuyama.ehime.jp/shisei/opendata/metadata/shokuhinsinki.files/shokuhinsinki.xlsx,076ab31512db6c0d16c1b33f07ef1bd543cdc99cc8d394f932db4b2b7560bd84,official_current_rolling_workbook,2026-02,new,96f62d959dcc183086752634,True
松山市,2026-02,第1210号,2026-02-11,2026-02-11,2031-03-31,菓子製造業,いよてつ髙島屋　地階東エスカレーター横特設会場　菓子舗やまごえ,松山市湊町5丁目1-1株式会社　伊予鉄髙島屋　地階,382019,,,,,new_or_renewal,https://www.city.matsuyama.ehime.jp/shisei/opendata/metadata/shokuhinsinki.files/shokuhinsinki.xlsx,076ab31512db6c0d16c1b33f07ef1bd543cdc99cc8d394f932db4b2b7560bd84,official_current_rolling_workbook,2026-02,new,9ecb7b45397f02e3ece1d276,False
松山市,2026-02,第1211号,2026-02-12,2026-02-12,2031-03-31,飲食店営業,ローソン松山赤十字病院南棟店,松山市文京町1松山赤十字病院南棟2F,382019,,,,,new_or_renewal,https://www.city.matsuyama.ehime.jp/shisei/opendata/metadata/shokuhinsinki.files/shokuhinsinki.xlsx,076ab31512db6c0d16c1b33f07ef1bd543cdc99cc8d394f932db4b2b7560bd84,official_current_rolling_workbook,2026-02,new,0c1505e2b66bdbc1af78f3dc,True
松山市,2026-02,第1212号,2026-02-12,2026-02-12,2031-03-31,飲食店営業,セブン-イレブン松山一番町1丁目店,松山市一番町1丁目4-11,382019,,,,,new_or_renewal,https://www.city.matsuyama.ehime.jp/shisei/opendata/metadata/shokuhinsinki.files/shokuhinsinki.xlsx,076ab31512db6c0d16c1b33f07ef1bd543cdc99cc8d394f932db4b2b7560bd84,official_current_rolling_workbook,2026-02,new,e5a0956885186b9bd4d291d7,True
松山市,2026-02,第1213号,2026-02-12,2026-02-12,2031-03-31,飲食店営業,ローソン松山サクラメント通り店,松山市南江戸2丁目8-20,382019,,,,,new_or_renewal,https://www.city.matsuyama.ehime.jp/shisei/opendata/metadata/shokuhinsinki.files/shokuhinsinki.xlsx,076ab31512db6c0d16c1b33f07ef1bd543cdc99cc8d394f932db4b2b7560bd84,official_current_rolling_workbook,2026-02,new,a68294e4ec305879710dc925,True
松山市,2026-02,第1214号,2026-02-12,2026-02-12,2031-03-31,飲食店営業,セブンーイレブン　松山須賀町店,松山市須賀町6-3,382019,,,,,new_or_renewal,https://www.city.matsuyama.ehime.jp/shisei/opendata/metadata/shokuhinsinki.files/shokuhinsinki.xlsx,076ab31512db6c0d16c1b33f07ef1bd543cdc99cc8d394f932db4b2b7560bd84,official_current_rolling_workbook,2026-02,new,0ad7dd2982a3239dee316e68,True
松山市,2026-02,第1215号,2026-02-12,2026-02-12,2031-03-31,飲食店営業,SANDAY　₊,松山市保健所管内,382019,,,,,new_or_renewal,https://www.city.matsuyama.ehime.jp/shisei/opendata/metadata/shokuhinsinki.files/shokuhinsinki.xlsx,076ab31512db6c0d16c1b33f07ef1bd543cdc99cc8d394f932db4b2b7560bd84,official_current_rolling_workbook,2026-02,new,6be13aa441b73ac026160e0c,True
松山市,2026-02,第1216号,2026-02-13,2026-02-13,2031-03-31,飲食店営業,味千ラーメン　朝生田店,松山市朝生田町2丁目1-1第92杉フラット　1F,382019,,,,,new_or_renewal,https://www.city.matsuyama.ehime.jp/shisei/opendata/metadata/shokuhinsinki.files/shokuhinsinki.xlsx,076ab31512db6c0d16c1b33f07ef1bd543cdc99cc8d394f932db4b2b7560bd84,official_current_rolling_workbook,2026-02,new,99202c3d2e4c787ee11379c3,True
松山市,2026-02,第1217号,2026-02-13,2026-02-13,2031-03-31,飲食店営業,海賊船　太郎丸,松山市三番町2丁目10-9第3クリーンビル1F,382019,,,,,new_or_renewal,https://www.city.matsuyama.ehime.jp/shisei/opendata/metadata/shokuhinsinki.files/shokuhinsinki.xlsx,076ab31512db6c0d16c1b33f07ef1bd543cdc99cc8d394f932db4b2b7560bd84,official_current_rolling_workbook,2026-02,new,244bc58e8ba1ccda8309c5ad,True
松山市,2026-02,第1218号,2026-02-13,2026-02-13,2031-03-31,飲食店営業,Vivi,松山市二番町1丁目8-5 セブンハウスビル2F,382019,,,,,new_or_renewal,https://www.city.matsuyama.ehime.jp/shisei/opendata/metadata/shokuhinsinki.files/shokuhinsinki.xlsx,076ab31512db6c0d16c1b33f07ef1bd543cdc99cc8d394f932db4b2b7560bd84,official_current_rolling_workbook,2026-02,new,6c64dd7609482392b591f2a7,True
松山市,2026-02,第1219号,2026-02-13,2026-02-13,2031-03-31,飲食店営業,鮨　小椋,松山市大街道3丁目4-11　1F,382019,,,,,new_or_renewal,https://www.city.matsuyama.ehime.jp/shisei/opendata/metadata/shokuhinsinki.files/shokuhinsinki.xlsx,076ab31512db6c0d16c1b33f07ef1bd543cdc99cc8d394f932db4b2b7560bd84,official_current_rolling_workbook,2026-02,new,8c84fa6752851ff8eb597f10,True
松山市,2026-02,第1220号,2026-02-13,2026-02-13,2031-03-31,飲食店営業,道後一会,松山市道後喜多町3-18,382019,,,,,new_or_renewal,https://www.city.matsuyama.ehime.jp/shisei/opendata/metadata/shokuhinsinki.files/shokuhinsinki.xlsx,076ab31512db6c0d16c1b33f07ef1bd543cdc99cc8d394f932db4b2b7560bd84,official_current_rolling_workbook,2026-02,new,9a29a4d474cb563be3e3f5e1,True
松山市,2026-02,第1221号,2026-02-13,2026-02-13,2031-03-31,飲食店営業,ローソン道後ハイカラ通店,松山市道後湯之町20-24,382019,,,,,new_or_renewal,https://www.city.matsuyama.ehime.jp/shisei/opendata/metadata/shokuhinsinki.files/shokuhinsinki.xlsx,076ab31512db6c0d16c1b33f07ef1bd543cdc99cc8d394f932db4b2b7560bd84,official_current_rolling_workbook,2026-02,new,a6cb5d596bdb3d43a22ba332,True
松山市,2026-02,第1222号,2026-02-13,2026-02-13,2031-03-31,飲食店営業,愛大御幸寮フードショップ,松山市御幸2丁目3-15御幸学生宿舎内1F,382019,,,,,new_or_renewal,https://www.city.matsuyama.ehime.jp/shisei/opendata/metadata/shokuhinsinki.files/shokuhinsinki.xlsx,076ab31512db6c0d16c1b33f07ef1bd543cdc99cc8d394f932db4b2b7560bd84,official_current_rolling_workbook,2026-02,new,da305b20ab22925c1c60fd4d,True
松山市,2026-02,第1223号,2026-02-16,2026-02-16,2031-03-31,飲食店営業,QILIN,松山市二番町1丁目5-5Mタワービル　3F　301,382019,,,,,new_or_renewal,https://www.city.matsuyama.ehime.jp/shisei/opendata/metadata/shokuhinsinki.files/shokuhinsinki.xlsx,076ab31512db6c0d16c1b33f07ef1bd543cdc99cc8d394f932db4b2b7560bd84,official_current_rolling_workbook,2026-02,new,33441784befccbf259547b68,True
松山市,2026-02,第1224号,2026-02-16,2026-02-16,2031-03-31,飲食店営業,いよてつ髙島屋　7階催会場　DEAN＆DELUCA　POP-UP　STORE,松山市湊町5丁目1-1株式会社　伊予鉄髙島屋　7階,382019,,,,,new_or_renewal,https://www.city.matsuyama.ehime.jp/shisei/opendata/metadata/shokuhinsinki.files/shokuhinsinki.xlsx,076ab31512db6c0d16c1b33f07ef1bd543cdc99cc8d394f932db4b2b7560bd84,official_current_rolling_workbook,2026-02,new,e7cbae23d37c048efa09d772,True
松山市,2026-02,第1225号,2026-02-16,2026-02-16,2031-03-31,そうざい製造業,株式会社小泉製菓,松山市北立花町3-8,382019,,,,,new_or_renewal,https://www.city.matsuyama.ehime.jp/shisei/opendata/metadata/shokuhinsinki.files/shokuhinsinki.xlsx,076ab31512db6c0d16c1b33f07ef1bd543cdc99cc8d394f932db4b2b7560bd84,official_current_rolling_workbook,2026-02,new,7979cdd5b77e2bbbcdadbe9f,False
松山市,2026-02,第1226号,2026-02-16,2026-02-16,2031-03-31,飲食店営業,Bar　FD,松山市一番町1丁目11-6チャイクロビル3F,382019,,,,,new_or_renewal,https://www.city.matsuyama.ehime.jp/shisei/opendata/metadata/shokuhinsinki.files/shokuhinsinki.xlsx,076ab31512db6c0d16c1b33f07ef1bd543cdc99cc8d394f932db4b2b7560bd84,official_current_rolling_workbook,2026-02,new,931203cc759c462717252bb1,True
松山市,2026-02,第1227号,2026-02-16,2026-02-16,2031-03-31,飲食店営業,日光寿し,松山市高岡町860-44,382019,,,,,new_or_renewal,https://www.city.matsuyama.ehime.jp/shisei/opendata/metadata/shokuhinsinki.files/shokuhinsinki.xlsx,076ab31512db6c0d16c1b33f07ef1bd543cdc99cc8d394f932db4b2b7560bd84,official_current_rolling_workbook,2026-02,new,5c4f0b1a774bd8aaec9108f7,True
松山市,2026-02,第1228号,2026-02-16,2026-02-16,2031-03-31,飲食店営業,NOTRE,松山市岩崎町2丁目12-1パークハイツ野本1F,382019,,,,,new_or_renewal,https://www.city.matsuyama.ehime.jp/shisei/opendata/metadata/shokuhinsinki.files/shokuhinsinki.xlsx,076ab31512db6c0d16c1b33f07ef1bd543cdc99cc8d394f932db4b2b7560bd84,official_current_rolling_workbook,2026-02,new,d52cd03b8fdd2cd77ed95596,True
松山市,2026-02,第1229号,2026-02-16,2026-02-16,2031-03-31,飲食店営業,ハマヤコーヒーショップ,松山市一番町3丁目1-1　地下1F,382019,,,,,new_or_renewal,https://www.city.matsuyama.ehime.jp/shisei/opendata/metadata/shokuhinsinki.files/shokuhinsinki.xlsx,076ab31512db6c0d16c1b33f07ef1bd543cdc99cc8d394f932db4b2b7560bd84,official_current_rolling_workbook,2026-02,new,3e82bb604e5a3dccd52226dd,True
松山市,2026-02,第1230号,2026-02-16,2026-02-16,2031-03-31,そうざい製造業,MAMMA　MEAT,松山市住吉2丁目1-5 1F,382019,,,,,new_or_renewal,https://www.city.matsuyama.ehime.jp/shisei/opendata/metadata/shokuhinsinki.files/shokuhinsinki.xlsx,076ab31512db6c0d16c1b33f07ef1bd543cdc99cc8d394f932db4b2b7560bd84,official_current_rolling_workbook,2026-02,new,24f15731970089eece71df52,False
松山市,2026-02,第1231号,2026-02-16,2026-02-16,2031-03-31,冷凍食品製造業,MAMMA　MEAT,松山市住吉2丁目1-5 1F,382019,,,,,new_or_renewal,https://www.city.matsuyama.ehime.jp/shisei/opendata/metadata/shokuhinsinki.files/shokuhinsinki.xlsx,076ab31512db6c0d16c1b33f07ef1bd543cdc99cc8d394f932db4b2b7560bd84,official_current_rolling_workbook,2026-02,new,dbe42ff720f965eadd744180,False
松山市,2026-02,第1232号,2026-02-17,2026-02-17,2031-03-31,飲食店営業,かどや道後駅前店,松山市道後湯之町6-12,382019,,,,,new_or_renewal,https://www.city.matsuyama.ehime.jp/shisei/opendata/metadata/shokuhinsinki.files/shokuhinsinki.xlsx,076ab31512db6c0d16c1b33f07ef1bd543cdc99cc8d394f932db4b2b7560bd84,official_current_rolling_workbook,2026-02,new,10a8361b20f558db81e48cd6,True
松山市,2026-02,第1233号,2026-02-17,2026-02-17,2031-03-31,飲食店営業,セブン-イレブン松山平和通1丁目店,松山市平和通1丁目3-9,382019,,,,,new_or_renewal,https://www.city.matsuyama.ehime.jp/shisei/opendata/metadata/shokuhinsinki.files/shokuhinsinki.xlsx,076ab31512db6c0d16c1b33f07ef1bd543cdc99cc8d394f932db4b2b7560bd84,official_current_rolling_workbook,2026-02,new,a8d2c812f5ace047dc9d02ff,True
松山市,2026-02,第1234号,2026-02-17,2026-02-17,2031-03-31,魚介類販売業,生活協同組合コープえひめ　コープ久米店,松山市鷹子町70,382019,,,,,new_or_renewal,https://www.city.matsuyama.ehime.jp/shisei/opendata/metadata/shokuhinsinki.files/shokuhinsinki.xlsx,076ab31512db6c0d16c1b33f07ef1bd543cdc99cc8d394f932db4b2b7560bd84,official_current_rolling_workbook,2026-02,new,68e8757db1eedbeae2d69952,False
松山市,2026-02,第1235号,2026-02-17,2026-02-17,2031-03-31,食肉販売業,生活協同組合コープえひめ　コープ久米店,松山市鷹子町70,382019,,,,,new_or_renewal,https://www.city.matsuyama.ehime.jp/shisei/opendata/metadata/shokuhinsinki.files/shokuhinsinki.xlsx,076ab31512db6c0d16c1b33f07ef1bd543cdc99cc8d394f932db4b2b7560bd84,official_current_rolling_workbook,2026-02,new,e05285c53f5a09da1f6e6be6,False
松山市,2026-02,第1236号,2026-02-17,2026-02-17,2031-03-31,飲食店営業,生活協同組合コープえひめ　コープ久米店,松山市鷹子町70,382019,,,,,new_or_renewal,https://www.city.matsuyama.ehime.jp/shisei/opendata/metadata/shokuhinsinki.files/shokuhinsinki.xlsx,076ab31512db6c0d16c1b33f07ef1bd543cdc99cc8d394f932db4b2b7560bd84,official_current_rolling_workbook,2026-02,new,9ceed1806796ce3caac4da04,True
松山市,2026-02,第1237号,2026-02-17,2026-02-17,2031-03-31,飲食店営業,大和屋本店 4階第3厨房,松山市道後湯之町20-8,382019,,,,,new_or_renewal,https://www.city.matsuyama.ehime.jp/shisei/opendata/metadata/shokuhinsinki.files/shokuhinsinki.xlsx,076ab31512db6c0d16c1b33f07ef1bd543cdc99cc8d394f932db4b2b7560bd84,official_current_rolling_workbook,2026-02,new,5df5d748777c7b3661923ac0,True
松山市,2026-02,第1238号,2026-02-17,2026-02-17,2031-03-31,飲食店営業,大和屋本店 2階第2厨房,松山市道後湯之町20-8,382019,,,,,new_or_renewal,https://www.city.matsuyama.ehime.jp/shisei/opendata/metadata/shokuhinsinki.files/shokuhinsinki.xlsx,076ab31512db6c0d16c1b33f07ef1bd543cdc99cc8d394f932db4b2b7560bd84,official_current_rolling_workbook,2026-02,new,af6cbff03886c4217439ddd4,True
松山市,2026-02,第1239号,2026-02-17,2026-02-17,2031-03-31,飲食店営業,ファミリーマート松山和気店,松山市太山寺町839-4,382019,,,,,new_or_renewal,https://www.city.matsuyama.ehime.jp/shisei/opendata/metadata/shokuhinsinki.files/shokuhinsinki.xlsx,076ab31512db6c0d16c1b33f07ef1bd543cdc99cc8d394f932db4b2b7560bd84,official_current_rolling_workbook,2026-02,new,b6c2dd436fb6f022396edcc1,True
松山市,2026-02,第1240号,2026-02-18,2026-02-18,2031-03-31,そうざい製造業,中国料理　万寿,松山市二番町1丁目4-24日の丸ビル3  1F,382019,,,,,new_or_renewal,https://www.city.matsuyama.ehime.jp/shisei/opendata/metadata/shokuhinsinki.files/shokuhinsinki.xlsx,076ab31512db6c0d16c1b33f07ef1bd543cdc99cc8d394f932db4b2b7560bd84,official_current_rolling_workbook,2026-02,new,b1c1f457c6bc1d0069c7b0d0,False
松山市,2026-02,第1241号,2026-02-18,2026-02-18,2031-03-31,そうざい製造業,割烹鶏　一八,松山市二番町2丁目5-14 1F,382019,,,,,new_or_renewal,https://www.city.matsuyama.ehime.jp/shisei/opendata/metadata/shokuhinsinki.files/shokuhinsinki.xlsx,076ab31512db6c0d16c1b33f07ef1bd543cdc99cc8d394f932db4b2b7560bd84,official_current_rolling_workbook,2026-02,new,9ab5c949ff109f5950aec8ae,False
松山市,2026-02,第1242号,2026-02-18,2026-02-18,2031-03-31,飲食店営業,お好み焼き　鉄屋,松山市高砂町3丁目2-30　1F,382019,,,,,new_or_renewal,https://www.city.matsuyama.ehime.jp/shisei/opendata/metadata/shokuhinsinki.files/shokuhinsinki.xlsx,076ab31512db6c0d16c1b33f07ef1bd543cdc99cc8d394f932db4b2b7560bd84,official_current_rolling_workbook,2026-02,new,351777290bcd1d275fc43327,True
松山市,2026-02,第1243号,2026-02-18,2026-02-18,2031-03-31,飲食店営業,鮨の間,松山市一番町1丁目2-7テンアベニューノースビル1F,382019,,,,,new_or_renewal,https://www.city.matsuyama.ehime.jp/shisei/opendata/metadata/shokuhinsinki.files/shokuhinsinki.xlsx,076ab31512db6c0d16c1b33f07ef1bd543cdc99cc8d394f932db4b2b7560bd84,official_current_rolling_workbook,2026-02,new,9f8973042927049fe12a89b1,True
松山市,2026-02,第1244号,2026-02-18,2026-02-18,2031-03-31,飲食店営業,楽音座  TANONEZA,松山市大街道2丁目1-1エムズビル5F,382019,,,,,new_or_renewal,https://www.city.matsuyama.ehime.jp/shisei/opendata/metadata/shokuhinsinki.files/shokuhinsinki.xlsx,076ab31512db6c0d16c1b33f07ef1bd543cdc99cc8d394f932db4b2b7560bd84,official_current_rolling_workbook,2026-02,new,a97e870fe7d86b79f5922b7f,True
松山市,2026-02,第1245号,2026-02-18,2026-02-18,2031-03-31,飲食店営業,gohan factory,松山市山越2丁目11-17 1F,382019,,,,,new_or_renewal,https://www.city.matsuyama.ehime.jp/shisei/opendata/metadata/shokuhinsinki.files/shokuhinsinki.xlsx,076ab31512db6c0d16c1b33f07ef1bd543cdc99cc8d394f932db4b2b7560bd84,official_current_rolling_workbook,2026-02,new,f2e1b039d039d173c10de922,True
松山市,2026-02,第1246号,2026-02-18,2026-02-18,2031-03-31,飲食店営業,らぁ麺　参獣師,松山市朝生田町1丁目5-26,382019,,,,,new_or_renewal,https://www.city.matsuyama.ehime.jp/shisei/opendata/metadata/shokuhinsinki.files/shokuhinsinki.xlsx,076ab31512db6c0d16c1b33f07ef1bd543cdc99cc8d394f932db4b2b7560bd84,official_current_rolling_workbook,2026-02,new,d36d8a6c2f72ecf85372fb01,True
松山市,2026-02,第1250号,2026-02-19,2026-02-19,2031-03-31,飲食店営業,ラヴィアンローズ,松山市道後湯之町4-22湯之町ホテル1F,382019,,,,,new_or_renewal,https://www.city.matsuyama.ehime.jp/shisei/opendata/metadata/shokuhinsinki.files/shokuhinsinki.xlsx,076ab31512db6c0d16c1b33f07ef1bd543cdc99cc8d394f932db4b2b7560bd84,official_current_rolling_workbook,2026-02,new,13c52380d44eb75018346be5,True
松山市,2026-02,第1251号,2026-02-19,2026-02-19,2031-03-31,飲食店営業,秋田屋,松山市三番町2丁目8-22井筒ビル2F,382019,,,,,new_or_renewal,https://www.city.matsuyama.ehime.jp/shisei/opendata/metadata/shokuhinsinki.files/shokuhinsinki.xlsx,076ab31512db6c0d16c1b33f07ef1bd543cdc99cc8d394f932db4b2b7560bd84,official_current_rolling_workbook,2026-02,new,69168b19c8c7a0f05be4e2cd,True
松山市,2026-02,第1252号,2026-02-19,2026-02-19,2031-03-31,飲食店営業,コミュニティスペース　ぴあ,松山市美沢1丁目10-38,382019,,,,,new_or_renewal,https://www.city.matsuyama.ehime.jp/shisei/opendata/metadata/shokuhinsinki.files/shokuhinsinki.xlsx,076ab31512db6c0d16c1b33f07ef1bd543cdc99cc8d394f932db4b2b7560bd84,official_current_rolling_workbook,2026-02,new,55216f6eea34288dba558193,True
松山市,2026-02,第1253号,2026-02-19,2026-02-19,2031-03-31,飲食店営業,めしや　酒井屋,松山市高浜町6丁目1609-3,382019,,,,,new_or_renewal,https://www.city.matsuyama.ehime.jp/shisei/opendata/metadata/shokuhinsinki.files/shokuhinsinki.xlsx,076ab31512db6c0d16c1b33f07ef1bd543cdc99cc8d394f932db4b2b7560bd84,official_current_rolling_workbook,2026-02,new,f65f8d93e3e1f97d4e50a4a0,True
松山市,2026-02,第1254号,2026-02-19,2026-02-19,2031-03-31,飲食店営業,琴小路,松山市二番町1丁目3-3 サンプラザ88 2F,382019,,,,,new_or_renewal,https://www.city.matsuyama.ehime.jp/shisei/opendata/metadata/shokuhinsinki.files/shokuhinsinki.xlsx,076ab31512db6c0d16c1b33f07ef1bd543cdc99cc8d394f932db4b2b7560bd84,official_current_rolling_workbook,2026-02,new,59443a1df5d37488062c8c13,True
松山市,2026-02,第1247号,2026-02-20,2026-02-20,2031-03-31,飲食店営業,宇和島グルメ寿司　すしえもん道後店,松山市祝谷町1丁目1-1,382019,,,,,new_or_renewal,https://www.city.matsuyama.ehime.jp/shisei/opendata/metadata/shokuhinsinki.files/shokuhinsinki.xlsx,076ab31512db6c0d16c1b33f07ef1bd543cdc99cc8d394f932db4b2b7560bd84,official_current_rolling_workbook,2026-02,new,1dc4b4cad1a2ee59633ba790,True
松山市,2026-02,第1248号,2026-02-20,2026-02-20,2031-03-31,飲食店営業,Orange Hold'em,松山市大街道2丁目2-7 香川ビル3F,382019,,,,,new_or_renewal,https://www.city.matsuyama.ehime.jp/shisei/opendata/metadata/shokuhinsinki.files/shokuhinsinki.xlsx,076ab31512db6c0d16c1b33f07ef1bd543cdc99cc8d394f932db4b2b7560bd84,official_current_rolling_workbook,2026-02,new,dbd95c64cd4f9efd5bc50d6d,True
松山市,2026-02,第1249号,2026-02-20,2026-02-20,2031-03-31,飲食店営業,キャンディーメイド　松山店,松山市二番町2丁目8-14 梶原ビル4F 北東,382019,,,,,new_or_renewal,https://www.city.matsuyama.ehime.jp/shisei/opendata/metadata/shokuhinsinki.files/shokuhinsinki.xlsx,076ab31512db6c0d16c1b33f07ef1bd543cdc99cc8d394f932db4b2b7560bd84,official_current_rolling_workbook,2026-02,new,c26fb13f9a095c3167a09c8f,True
松山市,2026-02,第1255号,2026-02-20,2026-02-20,2031-03-31,飲食店営業,空飛ぶたこ焼　かっちゃん祝谷店,松山市祝谷5丁目714-1,382019,,,,,new_or_renewal,https://www.city.matsuyama.ehime.jp/shisei/opendata/metadata/shokuhinsinki.files/shokuhinsinki.xlsx,076ab31512db6c0d16c1b33f07ef1bd543cdc99cc8d394f932db4b2b7560bd84,official_current_rolling_workbook,2026-02,new,07d2c19506e47cd240e06953,True
松山市,2026-02,第1256号,2026-02-24,2026-02-24,2031-03-31,飲食店営業,ボンゴ1号,松山市保健所管内,382019,,,,,new_or_renewal,https://www.city.matsuyama.ehime.jp/shisei/opendata/metadata/shokuhinsinki.files/shokuhinsinki.xlsx,076ab31512db6c0d16c1b33f07ef1bd543cdc99cc8d394f932db4b2b7560bd84,official_current_rolling_workbook,2026-02,new,447fec065f3ffc1a6c0b8d64,True
松山市,2026-02,第1257号,2026-02-24,2026-02-24,2031-03-31,飲食店営業,gurukun,松山市清水町1丁目2-10　1F,382019,,,,,new_or_renewal,https://www.city.matsuyama.ehime.jp/shisei/opendata/metadata/shokuhinsinki.files/shokuhinsinki.xlsx,076ab31512db6c0d16c1b33f07ef1bd543cdc99cc8d394f932db4b2b7560bd84,official_current_rolling_workbook,2026-02,new,30ce3eecd41bb1163197cd43,True
松山市,2026-02,第1258号,2026-02-24,2026-02-24,2031-03-31,菓子製造業,丸温松山中央青果株式会社,松山市久万ノ台348-1,382019,,,,,new_or_renewal,https://www.city.matsuyama.ehime.jp/shisei/opendata/metadata/shokuhinsinki.files/shokuhinsinki.xlsx,076ab31512db6c0d16c1b33f07ef1bd543cdc99cc8d394f932db4b2b7560bd84,official_current_rolling_workbook,2026-02,new,d0c99b2e37141f5723b74eeb,False
松山市,2026-02,第1259号,2026-02-24,2026-02-24,2031-03-31,飲食店営業,日清医療食品株式会社　松山協和病院事業所,松山市立花5丁目1-53,382019,,,,,new_or_renewal,https://www.city.matsuyama.ehime.jp/shisei/opendata/metadata/shokuhinsinki.files/shokuhinsinki.xlsx,076ab31512db6c0d16c1b33f07ef1bd543cdc99cc8d394f932db4b2b7560bd84,official_current_rolling_workbook,2026-02,new,a2ad42775573e5b34a68e2b6,True
松山市,2026-02,第1260号,2026-02-24,2026-02-24,2031-03-31,飲食店営業,日清医療食品株式会社　四国がんセンター事業所,松山市南梅本町甲160 1F,382019,,,,,new_or_renewal,https://www.city.matsuyama.ehime.jp/shisei/opendata/metadata/shokuhinsinki.files/shokuhinsinki.xlsx,076ab31512db6c0d16c1b33f07ef1bd543cdc99cc8d394f932db4b2b7560bd84,official_current_rolling_workbook,2026-02,new,23eaff1b6534f6caef9b8994,True
松山市,2026-02,第1261号,2026-02-24,2026-02-24,2031-03-31,飲食店営業,モア,松山市味酒町1丁目4-3堀ビル1F、B1F,382019,,,,,new_or_renewal,https://www.city.matsuyama.ehime.jp/shisei/opendata/metadata/shokuhinsinki.files/shokuhinsinki.xlsx,076ab31512db6c0d16c1b33f07ef1bd543cdc99cc8d394f932db4b2b7560bd84,official_current_rolling_workbook,2026-02,new,310ca0f7c790631deb639388,True
松山市,2026-02,第1262号,2026-02-24,2026-02-24,2031-03-31,食肉販売業,(株)清水精肉店,松山市恵原町甲299,382019,,,,,new_or_renewal,https://www.city.matsuyama.ehime.jp/shisei/opendata/metadata/shokuhinsinki.files/shokuhinsinki.xlsx,076ab31512db6c0d16c1b33f07ef1bd543cdc99cc8d394f932db4b2b7560bd84,official_current_rolling_workbook,2026-02,new,debb03443639d382cb082198,False
松山市,2026-02,第1263号,2026-02-24,2026-02-24,2031-03-31,飲食店営業,伊予銀行　道後平寮,松山市南白水1丁目22-1　1F,382019,,,,,new_or_renewal,https://www.city.matsuyama.ehime.jp/shisei/opendata/metadata/shokuhinsinki.files/shokuhinsinki.xlsx,076ab31512db6c0d16c1b33f07ef1bd543cdc99cc8d394f932db4b2b7560bd84,official_current_rolling_workbook,2026-02,new,a21f29b2ad90531dc78c19a6,True
松山市,2026-02,第1264号,2026-02-24,2026-02-24,2031-03-31,飲食店営業,Life,松山市二番町1丁目5-5 Mタワービル3F,382019,,,,,new_or_renewal,https://www.city.matsuyama.ehime.jp/shisei/opendata/metadata/shokuhinsinki.files/shokuhinsinki.xlsx,076ab31512db6c0d16c1b33f07ef1bd543cdc99cc8d394f932db4b2b7560bd84,official_current_rolling_workbook,2026-02,new,9fd6007aabcceb2d75158440,True
松山市,2026-02,第1265号,2026-02-24,2026-02-24,2031-03-31,飲食店営業,つじがはな,松山市緑町1丁目4-5　１F,382019,,,,,new_or_renewal,https://www.city.matsuyama.ehime.jp/shisei/opendata/metadata/shokuhinsinki.files/shokuhinsinki.xlsx,076ab31512db6c0d16c1b33f07ef1bd543cdc99cc8d394f932db4b2b7560bd84,official_current_rolling_workbook,2026-02,new,786a7ae855a55a52c6a6923f,True
松山市,2026-02,第1266号,2026-02-24,2026-02-24,2031-03-31,飲食店営業,あきら,松山市二番町2丁目6-12三好ビル5F,382019,,,,,new_or_renewal,https://www.city.matsuyama.ehime.jp/shisei/opendata/metadata/shokuhinsinki.files/shokuhinsinki.xlsx,076ab31512db6c0d16c1b33f07ef1bd543cdc99cc8d394f932db4b2b7560bd84,official_current_rolling_workbook,2026-02,new,9a5768e7370deb983da329d0,True
松山市,2026-02,第1267号,2026-02-24,2026-02-24,2031-03-31,飲食店営業,雁飯店,松山市木屋町2丁目7-20,382019,,,,,new_or_renewal,https://www.city.matsuyama.ehime.jp/shisei/opendata/metadata/shokuhinsinki.files/shokuhinsinki.xlsx,076ab31512db6c0d16c1b33f07ef1bd543cdc99cc8d394f932db4b2b7560bd84,official_current_rolling_workbook,2026-02,new,3656c58c447b727bc559e937,True
松山市,2026-02,第1268号,2026-02-24,2026-02-24,2031-03-31,飲食店営業,沙樹,松山市二番町1丁目5-3 古唐人星館3F,382019,,,,,new_or_renewal,https://www.city.matsuyama.ehime.jp/shisei/opendata/metadata/shokuhinsinki.files/shokuhinsinki.xlsx,076ab31512db6c0d16c1b33f07ef1bd543cdc99cc8d394f932db4b2b7560bd84,official_current_rolling_workbook,2026-02,new,c1ce06075fc1936e7e04e569,True
松山市,2026-02,第1269号,2026-02-24,2026-02-24,2031-03-31,飲食店営業,TRASH,松山市二番町2丁目8-5グリーングラスビル地下1F,382019,,,,,new_or_renewal,https://www.city.matsuyama.ehime.jp/shisei/opendata/metadata/shokuhinsinki.files/shokuhinsinki.xlsx,076ab31512db6c0d16c1b33f07ef1bd543cdc99cc8d394f932db4b2b7560bd84,official_current_rolling_workbook,2026-02,new,5c3af4db224f02757435c516,True
松山市,2026-02,第1270号,2026-02-25,2026-02-25,2031-03-31,飲食店営業,bar ARIA,松山市二番町2丁目2-2 黒田ビル3F,382019,,,,,new_or_renewal,https://www.city.matsuyama.ehime.jp/shisei/opendata/metadata/shokuhinsinki.files/shokuhinsinki.xlsx,076ab31512db6c0d16c1b33f07ef1bd543cdc99cc8d394f932db4b2b7560bd84,official_current_rolling_workbook,2026-02,new,894b2b4f5e59224b7d3ff744,True
松山市,2026-02,第1271号,2026-02-25,2026-02-25,2031-03-31,菓子製造業,MimiNoir,松山市樽味4丁目6-5,382019,,,,,new_or_renewal,https://www.city.matsuyama.ehime.jp/shisei/opendata/metadata/shokuhinsinki.files/shokuhinsinki.xlsx,076ab31512db6c0d16c1b33f07ef1bd543cdc99cc8d394f932db4b2b7560bd84,official_current_rolling_workbook,2026-02,new,761d20820b70e92f24b8aeaa,False
松山市,2026-02,第1272号,2026-02-25,2026-02-25,2031-03-31,飲食店営業,癒し家道後,松山市道後緑台2-20,382019,,,,,new_or_renewal,https://www.city.matsuyama.ehime.jp/shisei/opendata/metadata/shokuhinsinki.files/shokuhinsinki.xlsx,076ab31512db6c0d16c1b33f07ef1bd543cdc99cc8d394f932db4b2b7560bd84,official_current_rolling_workbook,2026-02,new,8e8118a5702a6b29ef0bff1a,True
松山市,2026-02,第1273号,2026-02-25,2026-02-25,2031-03-31,飲食店営業,ＴＥＦＩＬ．,松山市北条辻532-4,382019,,,,,new_or_renewal,https://www.city.matsuyama.ehime.jp/shisei/opendata/metadata/shokuhinsinki.files/shokuhinsinki.xlsx,076ab31512db6c0d16c1b33f07ef1bd543cdc99cc8d394f932db4b2b7560bd84,official_current_rolling_workbook,2026-02,new,a01290a49cb56fecd2d3ef6c,True
松山市,2026-02,第1274号,2026-02-25,2026-02-25,2031-03-31,菓子製造業,ＴＥＦＩＬ．,松山市北条辻532-4,382019,,,,,new_or_renewal,https://www.city.matsuyama.ehime.jp/shisei/opendata/metadata/shokuhinsinki.files/shokuhinsinki.xlsx,076ab31512db6c0d16c1b33f07ef1bd543cdc99cc8d394f932db4b2b7560bd84,official_current_rolling_workbook,2026-02,new,69c23326778cafa231a54f95,False
松山市,2026-02,第1275号,2026-02-25,2026-02-25,2031-03-31,飲食店営業,横浜家系ラーメン　一門家　椿参道店,松山市居相3丁目2-2,382019,,,,,new_or_renewal,https://www.city.matsuyama.ehime.jp/shisei/opendata/metadata/shokuhinsinki.files/shokuhinsinki.xlsx,076ab31512db6c0d16c1b33f07ef1bd543cdc99cc8d394f932db4b2b7560bd84,official_current_rolling_workbook,2026-02,new,42a3cf7cd5ace3cf3ffaf148,True
松山市,2026-02,第1276号,2026-02-25,2026-02-25,2031-03-31,飲食店営業,JOJO,松山市三番町1丁目10-13 トキビル4F,382019,,,,,new_or_renewal,https://www.city.matsuyama.ehime.jp/shisei/opendata/metadata/shokuhinsinki.files/shokuhinsinki.xlsx,076ab31512db6c0d16c1b33f07ef1bd543cdc99cc8d394f932db4b2b7560bd84,official_current_rolling_workbook,2026-02,new,201cdcbbefb8af8dca0d431d,True
松山市,2026-02,第1277号,2026-02-25,2026-02-25,2031-03-31,飲食店営業,やきとり大安,松山市山西町851-1 1F,382019,,,,,new_or_renewal,https://www.city.matsuyama.ehime.jp/shisei/opendata/metadata/shokuhinsinki.files/shokuhinsinki.xlsx,076ab31512db6c0d16c1b33f07ef1bd543cdc99cc8d394f932db4b2b7560bd84,official_current_rolling_workbook,2026-02,new,e211694835cc6e612d8cbfa6,True
松山市,2026-02,第1278号,2026-02-25,2026-02-25,2031-03-31,飲食店営業,阿吽,松山市二番町3丁目5-11アマーレビル2F,382019,,,,,new_or_renewal,https://www.city.matsuyama.ehime.jp/shisei/opendata/metadata/shokuhinsinki.files/shokuhinsinki.xlsx,076ab31512db6c0d16c1b33f07ef1bd543cdc99cc8d394f932db4b2b7560bd84,official_current_rolling_workbook,2026-02,new,59c9798e11ccbaa56b9701b5,True
松山市,2026-02,第1279号,2026-02-25,2026-02-25,2031-03-31,飲食店営業,KULU,松山市三番町2丁目10-5第一アークビル3F,382019,,,,,new_or_renewal,https://www.city.matsuyama.ehime.jp/shisei/opendata/metadata/shokuhinsinki.files/shokuhinsinki.xlsx,076ab31512db6c0d16c1b33f07ef1bd543cdc99cc8d394f932db4b2b7560bd84,official_current_rolling_workbook,2026-02,new,9da33a73591ff9e937a691a3,True
松山市,2026-02,第1280号,2026-02-25,2026-02-25,2031-03-31,飲食店営業,どうごゆけむりかふぇ,松山市道後湯之町3-16,382019,,,,,new_or_renewal,https://www.city.matsuyama.ehime.jp/shisei/opendata/metadata/shokuhinsinki.files/shokuhinsinki.xlsx,076ab31512db6c0d16c1b33f07ef1bd543cdc99cc8d394f932db4b2b7560bd84,official_current_rolling_workbook,2026-02,new,a1c6ec25b460197b73bc0ad9,True
松山市,2026-02,第1281号,2026-02-25,2026-02-25,2031-03-31,飲食店営業,愛媛県厚生連健診センター,松山市鷹子町533-1 2F,382019,,,,,new_or_renewal,https://www.city.matsuyama.ehime.jp/shisei/opendata/metadata/shokuhinsinki.files/shokuhinsinki.xlsx,076ab31512db6c0d16c1b33f07ef1bd543cdc99cc8d394f932db4b2b7560bd84,official_current_rolling_workbook,2026-02,new,a01e02597ebc3382ecfc17b1,True
松山市,2026-02,第1282号,2026-02-25,2026-02-25,2031-03-31,飲食店営業,うなぎや松おか,松山市末広町18-7,382019,,,,,new_or_renewal,https://www.city.matsuyama.ehime.jp/shisei/opendata/metadata/shokuhinsinki.files/shokuhinsinki.xlsx,076ab31512db6c0d16c1b33f07ef1bd543cdc99cc8d394f932db4b2b7560bd84,official_current_rolling_workbook,2026-02,new,cb372672e5216639db8c522c,True
松山市,2026-02,第1283号,2026-02-25,2026-02-25,2031-03-31,飲食店営業,道後まどんな,松山市道後湯之町15-24,382019,,,,,new_or_renewal,https://www.city.matsuyama.ehime.jp/shisei/opendata/metadata/shokuhinsinki.files/shokuhinsinki.xlsx,076ab31512db6c0d16c1b33f07ef1bd543cdc99cc8d394f932db4b2b7560bd84,official_current_rolling_workbook,2026-02,new,c02dc3c29b41883a65eec9ec,True
松山市,2026-02,第1284号,2026-02-25,2026-02-25,2031-03-31,飲食店営業,BAR　TRANS,松山市二番町2丁目4-11　GXビル6F,382019,,,,,new_or_renewal,https://www.city.matsuyama.ehime.jp/shisei/opendata/metadata/shokuhinsinki.files/shokuhinsinki.xlsx,076ab31512db6c0d16c1b33f07ef1bd543cdc99cc8d394f932db4b2b7560bd84,official_current_rolling_workbook,2026-02,new,0f0a8b57edfda3f71731555a,True
松山市,2026-02,第1285号,2026-02-25,2026-02-25,2031-03-31,菓子製造業,rejeton,松山市平井町1395-4,382019,,,,,new_or_renewal,https://www.city.matsuyama.ehime.jp/shisei/opendata/metadata/shokuhinsinki.files/shokuhinsinki.xlsx,076ab31512db6c0d16c1b33f07ef1bd543cdc99cc8d394f932db4b2b7560bd84,official_current_rolling_workbook,2026-02,new,5353f429b5ec4052577b50cb,False
松山市,2026-02,第1286号,2026-02-25,2026-02-25,2031-03-31,菓子製造業,フジ松末店（パネッテ）,松山市松末1丁目4-5フジ松末店内,382019,,,,,new_or_renewal,https://www.city.matsuyama.ehime.jp/shisei/opendata/metadata/shokuhinsinki.files/shokuhinsinki.xlsx,076ab31512db6c0d16c1b33f07ef1bd543cdc99cc8d394f932db4b2b7560bd84,official_current_rolling_workbook,2026-02,new,77d5186e93b10b9b5399a79c,False
松山市,2026-02,第1287号,2026-02-26,2026-02-26,2031-03-31,そうざい製造業,生活協同組合コープえひめ　デリカセンター,松山市南土居町513-6,382019,,,,,new_or_renewal,https://www.city.matsuyama.ehime.jp/shisei/opendata/metadata/shokuhinsinki.files/shokuhinsinki.xlsx,076ab31512db6c0d16c1b33f07ef1bd543cdc99cc8d394f932db4b2b7560bd84,official_current_rolling_workbook,2026-02,new,c1ba5af2a678b475416ebdbb,False
松山市,2026-02,第1288号,2026-02-26,2026-02-26,2031-03-31,冷凍食品製造業,大黒屋調理場,松山市木屋町3丁目12-15　（1F）,382019,,,,,new_or_renewal,https://www.city.matsuyama.ehime.jp/shisei/opendata/metadata/shokuhinsinki.files/shokuhinsinki.xlsx,076ab31512db6c0d16c1b33f07ef1bd543cdc99cc8d394f932db4b2b7560bd84,official_current_rolling_workbook,2026-02,new,5d519bffad0ed986dc77eb35,False
松山市,2026-02,第1289号,2026-02-26,2026-02-26,2031-03-31,菓子製造業,mami,松山市余戸南3丁目7-31,382019,,,,,new_or_renewal,https://www.city.matsuyama.ehime.jp/shisei/opendata/metadata/shokuhinsinki.files/shokuhinsinki.xlsx,076ab31512db6c0d16c1b33f07ef1bd543cdc99cc8d394f932db4b2b7560bd84,official_current_rolling_workbook,2026-02,new,d08cb0f60296f7c8fc632862,False
松山市,2026-02,第1290号,2026-02-26,2026-02-26,2031-03-31,菓子製造業,福祉工房　いだい清風園,松山市下伊台町1048-2,382019,,,,,new_or_renewal,https://www.city.matsuyama.ehime.jp/shisei/opendata/metadata/shokuhinsinki.files/shokuhinsinki.xlsx,076ab31512db6c0d16c1b33f07ef1bd543cdc99cc8d394f932db4b2b7560bd84,official_current_rolling_workbook,2026-02,new,1ed9a561ad70fc17bdb543ad,False
松山市,2026-02,第1291号,2026-02-26,2026-02-26,2031-03-31,食品の小分け業,一休館,松山市祓川1丁目1-14,382019,,,,,new_or_renewal,https://www.city.matsuyama.ehime.jp/shisei/opendata/metadata/shokuhinsinki.files/shokuhinsinki.xlsx,076ab31512db6c0d16c1b33f07ef1bd543cdc99cc8d394f932db4b2b7560bd84,official_current_rolling_workbook,2026-02,new,0d5f865cdc6ab903725099d4,False
松山市,2026-02,第1292号,2026-02-26,2026-02-26,2031-03-31,飲食店営業,レストラン　ル・ルパ,松山市文京町4-2樋又キャンパス1F,382019,,,,,new_or_renewal,https://www.city.matsuyama.ehime.jp/shisei/opendata/metadata/shokuhinsinki.files/shokuhinsinki.xlsx,076ab31512db6c0d16c1b33f07ef1bd543cdc99cc8d394f932db4b2b7560bd84,official_current_rolling_workbook,2026-02,new,6f99fc22351cb65555704c3b,True
松山市,2026-02,第1293号,2026-02-26,2026-02-26,2031-03-31,飲食店営業,feu,松山市高浜町5丁目2259-1 松山観光港ターミナルビル2F,382019,,,,,new_or_renewal,https://www.city.matsuyama.ehime.jp/shisei/opendata/metadata/shokuhinsinki.files/shokuhinsinki.xlsx,076ab31512db6c0d16c1b33f07ef1bd543cdc99cc8d394f932db4b2b7560bd84,official_current_rolling_workbook,2026-02,new,e082e0c84a22dcd677afc13d,True
松山市,2026-02,第1294号,2026-02-26,2026-02-26,2031-03-31,飲食店営業,大衆酒場　十銭,松山市新立町3-17　1F,382019,,,,,new_or_renewal,https://www.city.matsuyama.ehime.jp/shisei/opendata/metadata/shokuhinsinki.files/shokuhinsinki.xlsx,076ab31512db6c0d16c1b33f07ef1bd543cdc99cc8d394f932db4b2b7560bd84,official_current_rolling_workbook,2026-02,new,58773bf525b869b3860f4af7,True
松山市,2026-02,第1295号,2026-02-26,2026-02-26,2031-03-31,飲食店営業,道後もなか,松山市道後湯之町14-22,382019,,,,,new_or_renewal,https://www.city.matsuyama.ehime.jp/shisei/opendata/metadata/shokuhinsinki.files/shokuhinsinki.xlsx,076ab31512db6c0d16c1b33f07ef1bd543cdc99cc8d394f932db4b2b7560bd84,official_current_rolling_workbook,2026-02,new,d78bc15686793c19f391422e,True
松山市,2026-02,第1296号,2026-02-26,2026-02-26,2031-03-31,飲食店営業,まるはち料理店,松山市北久米町1103-12,382019,,,,,new_or_renewal,https://www.city.matsuyama.ehime.jp/shisei/opendata/metadata/shokuhinsinki.files/shokuhinsinki.xlsx,076ab31512db6c0d16c1b33f07ef1bd543cdc99cc8d394f932db4b2b7560bd84,official_current_rolling_workbook,2026-02,new,7f60f3307a583ce06143a96e,True
松山市,2026-02,第1297号,2026-02-26,2026-02-26,2031-03-31,飲食店営業,ブーケ,松山市三津2丁目11-18,382019,,,,,new_or_renewal,https://www.city.matsuyama.ehime.jp/shisei/opendata/metadata/shokuhinsinki.files/shokuhinsinki.xlsx,076ab31512db6c0d16c1b33f07ef1bd543cdc99cc8d394f932db4b2b7560bd84,official_current_rolling_workbook,2026-02,new,ae141388b126d869d07d0ed2,True
松山市,2026-02,第1298号,2026-02-26,2026-02-26,2031-03-31,飲食店営業,割烹新﨑,松山市喜与町１丁目10-9,382019,,,,,new_or_renewal,https://www.city.matsuyama.ehime.jp/shisei/opendata/metadata/shokuhinsinki.files/shokuhinsinki.xlsx,076ab31512db6c0d16c1b33f07ef1bd543cdc99cc8d394f932db4b2b7560bd84,official_current_rolling_workbook,2026-02,new,5391803d9ab8347081e1ed29,True
松山市,2026-02,第1299号,2026-02-26,2026-02-26,2031-03-31,飲食店営業,ふぁんたじ屋,松山市湊町3丁目7-11第3アサヒビル3F,382019,,,,,new_or_renewal,https://www.city.matsuyama.ehime.jp/shisei/opendata/metadata/shokuhinsinki.files/shokuhinsinki.xlsx,076ab31512db6c0d16c1b33f07ef1bd543cdc99cc8d394f932db4b2b7560bd84,official_current_rolling_workbook,2026-02,new,6277122fbb48f32cc633d785,True
松山市,2026-02,第1300号,2026-02-26,2026-02-26,2031-03-31,飲食店営業,さなえワークス一番町,松山市一番町1丁目9-15　フジコビルG　6F,382019,,,,,new_or_renewal,https://www.city.matsuyama.ehime.jp/shisei/opendata/metadata/shokuhinsinki.files/shokuhinsinki.xlsx,076ab31512db6c0d16c1b33f07ef1bd543cdc99cc8d394f932db4b2b7560bd84,official_current_rolling_workbook,2026-02,new,662882b994d59fada01747fb,True
松山市,2026-02,第1301号,2026-02-26,2026-02-26,2031-03-31,飲食店営業,メンバーズ　ちょび,松山市二番町1丁目5-30古唐人ＡＮＥＸ　3F,382019,,,,,new_or_renewal,https://www.city.matsuyama.ehime.jp/shisei/opendata/metadata/shokuhinsinki.files/shokuhinsinki.xlsx,076ab31512db6c0d16c1b33f07ef1bd543cdc99cc8d394f932db4b2b7560bd84,official_current_rolling_workbook,2026-02,new,9f52490334026b3dc01b5c4c,True
松山市,2026-02,第1302号,2026-02-26,2026-02-26,2031-03-31,飲食店営業,日本銀行　松山支店,松山市三番町4丁目10-2 3Ｆ,382019,,,,,new_or_renewal,https://www.city.matsuyama.ehime.jp/shisei/opendata/metadata/shokuhinsinki.files/shokuhinsinki.xlsx,076ab31512db6c0d16c1b33f07ef1bd543cdc99cc8d394f932db4b2b7560bd84,official_current_rolling_workbook,2026-02,new,abf3d0a31b387d14c5e57534,True
松山市,2026-02,第1303号,2026-02-26,2026-02-26,2031-03-31,飲食店営業,スナック奈津,松山市三番町2丁目5-8 1F,382019,,,,,new_or_renewal,https://www.city.matsuyama.ehime.jp/shisei/opendata/metadata/shokuhinsinki.files/shokuhinsinki.xlsx,076ab31512db6c0d16c1b33f07ef1bd543cdc99cc8d394f932db4b2b7560bd84,official_current_rolling_workbook,2026-02,new,bc8935128fb3d204a7887a8f,True
松山市,2026-02,第1304号,2026-02-26,2026-02-26,2031-03-31,飲食店営業,松ちゃん,松山市道後湯之町4-4-1 1F,382019,,,,,new_or_renewal,https://www.city.matsuyama.ehime.jp/shisei/opendata/metadata/shokuhinsinki.files/shokuhinsinki.xlsx,076ab31512db6c0d16c1b33f07ef1bd543cdc99cc8d394f932db4b2b7560bd84,official_current_rolling_workbook,2026-02,new,897d7ba18641c2d45d94532d,True
松山市,2026-02,第1305号,2026-02-26,2026-02-26,2031-03-31,飲食店営業,Saloon bar 白檀,松山市二番町2丁目8-4えり友ビル2F北側,382019,,,,,new_or_renewal,https://www.city.matsuyama.ehime.jp/shisei/opendata/metadata/shokuhinsinki.files/shokuhinsinki.xlsx,076ab31512db6c0d16c1b33f07ef1bd543cdc99cc8d394f932db4b2b7560bd84,official_current_rolling_workbook,2026-02,new,c90c58cf869f4f50ebba2075,True
松山市,2026-02,第1306号,2026-02-26,2026-02-26,2031-03-31,飲食店営業,くいしんぼう喫茶　グールマン,松山市北梅本町甲788-3,382019,,,,,new_or_renewal,https://www.city.matsuyama.ehime.jp/shisei/opendata/metadata/shokuhinsinki.files/shokuhinsinki.xlsx,076ab31512db6c0d16c1b33f07ef1bd543cdc99cc8d394f932db4b2b7560bd84,official_current_rolling_workbook,2026-02,new,d99598e996b25912857a3881,True
松山市,2026-02,第1307号,2026-02-26,2026-02-26,2031-03-31,飲食店営業,金龍園,松山市萱町6丁目97-7,382019,,,,,new_or_renewal,https://www.city.matsuyama.ehime.jp/shisei/opendata/metadata/shokuhinsinki.files/shokuhinsinki.xlsx,076ab31512db6c0d16c1b33f07ef1bd543cdc99cc8d394f932db4b2b7560bd84,official_current_rolling_workbook,2026-02,new,633bde0dc446d38a0f615e13,True
松山市,2026-02,第1308号,2026-02-26,2026-02-26,2031-03-31,飲食店営業,カラオケbar　ONE,松山市西長戸町113-22,382019,,,,,new_or_renewal,https://www.city.matsuyama.ehime.jp/shisei/opendata/metadata/shokuhinsinki.files/shokuhinsinki.xlsx,076ab31512db6c0d16c1b33f07ef1bd543cdc99cc8d394f932db4b2b7560bd84,official_current_rolling_workbook,2026-02,new,2c243b621e1ec90a5c1a406c,True
松山市,2026-02,第1309号,2026-02-26,2026-02-26,2031-03-31,飲食店営業,ふじや,松山市道後湯之町7-23,382019,,,,,new_or_renewal,https://www.city.matsuyama.ehime.jp/shisei/opendata/metadata/shokuhinsinki.files/shokuhinsinki.xlsx,076ab31512db6c0d16c1b33f07ef1bd543cdc99cc8d394f932db4b2b7560bd84,official_current_rolling_workbook,2026-02,new,0814466289f534a3c522776b,True
松山市,2026-02,第1310号,2026-02-26,2026-02-26,2031-03-31,飲食店営業,松山東雲女子大学・松山東雲短期大学生活協同組合食堂,松山市桑原3丁目2-1,382019,,,,,new_or_renewal,https://www.city.matsuyama.ehime.jp/shisei/opendata/metadata/shokuhinsinki.files/shokuhinsinki.xlsx,076ab31512db6c0d16c1b33f07ef1bd543cdc99cc8d394f932db4b2b7560bd84,official_current_rolling_workbook,2026-02,new,b252246630df527a48bc6cb2,True
松山市,2026-02,第1311号,2026-02-26,2026-02-26,2031-03-31,飲食店営業,レストラン　レンガ屋,松山市問屋町9-44,382019,,,,,new_or_renewal,https://www.city.matsuyama.ehime.jp/shisei/opendata/metadata/shokuhinsinki.files/shokuhinsinki.xlsx,076ab31512db6c0d16c1b33f07ef1bd543cdc99cc8d394f932db4b2b7560bd84,official_current_rolling_workbook,2026-02,new,b2ca0cbc975559e42896f213,True
松山市,2026-02,第1312号,2026-02-26,2026-02-26,2031-03-31,飲食店営業,Pieceful Coffee Roaster,松山市萱町1丁目4-1 第一グリーンビル101,382019,,,,,new_or_renewal,https://www.city.matsuyama.ehime.jp/shisei/opendata/metadata/shokuhinsinki.files/shokuhinsinki.xlsx,076ab31512db6c0d16c1b33f07ef1bd543cdc99cc8d394f932db4b2b7560bd84,official_current_rolling_workbook,2026-02,new,daf27d511b9ac541737f3dba,True
松山市,2026-02,第1313号,2026-02-26,2026-02-26,2031-03-31,飲食店営業,タリーズコーヒー松山赤十字病院店,松山市文京町1　南棟2F,382019,,,,,new_or_renewal,https://www.city.matsuyama.ehime.jp/shisei/opendata/metadata/shokuhinsinki.files/shokuhinsinki.xlsx,076ab31512db6c0d16c1b33f07ef1bd543cdc99cc8d394f932db4b2b7560bd84,official_current_rolling_workbook,2026-02,new,17f15a6c714b8e2b2cee4d35,True
松山市,2026-02,第1314号,2026-02-26,2026-02-26,2031-03-31,飲食店営業,コーヒーハウス　ピノ,松山市南久米町670-5,382019,,,,,new_or_renewal,https://www.city.matsuyama.ehime.jp/shisei/opendata/metadata/shokuhinsinki.files/shokuhinsinki.xlsx,076ab31512db6c0d16c1b33f07ef1bd543cdc99cc8d394f932db4b2b7560bd84,official_current_rolling_workbook,2026-02,new,34522ee9c54887c4b1497e9a,True
松山市,2026-02,第1315号,2026-02-26,2026-02-26,2031-03-31,飲食店営業,麒麟,松山市衣山5丁目14-6,382019,,,,,new_or_renewal,https://www.city.matsuyama.ehime.jp/shisei/opendata/metadata/shokuhinsinki.files/shokuhinsinki.xlsx,076ab31512db6c0d16c1b33f07ef1bd543cdc99cc8d394f932db4b2b7560bd84,official_current_rolling_workbook,2026-02,new,72f4eb7210f68106a3bf56be,True
松山市,2026-02,第1316号,2026-02-26,2026-02-26,2031-03-31,飲食店営業,カフェゆず,松山市永木町2丁目1-48えひめ文化健康センター1F,382019,,,,,new_or_renewal,https://www.city.matsuyama.ehime.jp/shisei/opendata/metadata/shokuhinsinki.files/shokuhinsinki.xlsx,076ab31512db6c0d16c1b33f07ef1bd543cdc99cc8d394f932db4b2b7560bd84,official_current_rolling_workbook,2026-02,new,7f2b7f3301dd1943c59837ce,True
松山市,2026-02,第1317号,2026-02-26,2026-02-26,2031-03-31,飲食店営業,居酒屋みさお,松山市二番町2丁目5-4,382019,,,,,new_or_renewal,https://www.city.matsuyama.ehime.jp/shisei/opendata/metadata/shokuhinsinki.files/shokuhinsinki.xlsx,076ab31512db6c0d16c1b33f07ef1bd543cdc99cc8d394f932db4b2b7560bd84,official_current_rolling_workbook,2026-02,new,15a9723872599a1e4bc1d57a,True
松山市,2026-02,第1318号,2026-02-26,2026-02-26,2031-03-31,飲食店営業,BIGAPPLE,松山市千舟町5丁目7-6 ニッシン商事千舟町ビル2F,382019,,,,,new_or_renewal,https://www.city.matsuyama.ehime.jp/shisei/opendata/metadata/shokuhinsinki.files/shokuhinsinki.xlsx,076ab31512db6c0d16c1b33f07ef1bd543cdc99cc8d394f932db4b2b7560bd84,official_current_rolling_workbook,2026-02,new,68cbf0cdea8ad7a25ee6da0f,True
松山市,2026-02,第1319号,2026-02-26,2026-02-26,2031-03-31,飲食店営業,カフェ　カフ,松山市平井町1451,382019,,,,,new_or_renewal,https://www.city.matsuyama.ehime.jp/shisei/opendata/metadata/shokuhinsinki.files/shokuhinsinki.xlsx,076ab31512db6c0d16c1b33f07ef1bd543cdc99cc8d394f932db4b2b7560bd84,official_current_rolling_workbook,2026-02,new,734f07741074b0b747c11d03,True
松山市,2026-02,第1320号,2026-02-26,2026-02-26,2031-03-31,飲食店営業,結月,松山市一番町2丁目5-24ピカソビル301,382019,,,,,new_or_renewal,https://www.city.matsuyama.ehime.jp/shisei/opendata/metadata/shokuhinsinki.files/shokuhinsinki.xlsx,076ab31512db6c0d16c1b33f07ef1bd543cdc99cc8d394f932db4b2b7560bd84,official_current_rolling_workbook,2026-02,new,e82ed965305c016ab53c8c5e,True
松山市,2026-02,第1321号,2026-02-26,2026-02-26,2031-03-31,飲食店営業,セブンーイレブン松山北斎院町店,松山市北斎院町19-1,382019,,,,,new_or_renewal,https://www.city.matsuyama.ehime.jp/shisei/opendata/metadata/shokuhinsinki.files/shokuhinsinki.xlsx,076ab31512db6c0d16c1b33f07ef1bd543cdc99cc8d394f932db4b2b7560bd84,official_current_rolling_workbook,2026-02,new,b6853221cb311a3e3ed2411d,True
松山市,2026-02,第1322号,2026-02-26,2026-02-26,2031-03-31,飲食店営業,つけめん　蔵木,松山市大街道2丁目5-7ロンドンヤビル1F,382019,,,,,new_or_renewal,https://www.city.matsuyama.ehime.jp/shisei/opendata/metadata/shokuhinsinki.files/shokuhinsinki.xlsx,076ab31512db6c0d16c1b33f07ef1bd543cdc99cc8d394f932db4b2b7560bd84,official_current_rolling_workbook,2026-02,new,7ca642c8164a083b869b0aec,True
松山市,2026-02,第1323号,2026-02-26,2026-02-26,2031-03-31,飲食店営業,47725,松山市馬木町700株式会社ISEKI M&D,382019,,,,,new_or_renewal,https://www.city.matsuyama.ehime.jp/shisei/opendata/metadata/shokuhinsinki.files/shokuhinsinki.xlsx,076ab31512db6c0d16c1b33f07ef1bd543cdc99cc8d394f932db4b2b7560bd84,official_current_rolling_workbook,2026-02,new,040249784127e9b1518edd0b,True
松山市,2026-02,第1324号,2026-02-26,2026-02-26,2031-03-31,飲食店営業,ローソン松山東野2丁目店,松山市東野2丁目5-25,382019,,,,,new_or_renewal,https://www.city.matsuyama.ehime.jp/shisei/opendata/metadata/shokuhinsinki.files/shokuhinsinki.xlsx,076ab31512db6c0d16c1b33f07ef1bd543cdc99cc8d394f932db4b2b7560bd84,official_current_rolling_workbook,2026-02,new,c5798470633f678cf15886f9,True
松山市,2026-02,第1325号,2026-02-26,2026-02-26,2031-03-31,飲食店営業,ファミリーマート西垣生店,松山市西垣生町261-1,382019,,,,,new_or_renewal,https://www.city.matsuyama.ehime.jp/shisei/opendata/metadata/shokuhinsinki.files/shokuhinsinki.xlsx,076ab31512db6c0d16c1b33f07ef1bd543cdc99cc8d394f932db4b2b7560bd84,official_current_rolling_workbook,2026-02,new,dc272782b3a84b5baed239f5,True
松山市,2026-02,第1326号,2026-02-26,2026-02-26,2031-03-31,飲食店営業,味彩そば　菊音,松山市高岡町127-6 1F,382019,,,,,new_or_renewal,https://www.city.matsuyama.ehime.jp/shisei/opendata/metadata/shokuhinsinki.files/shokuhinsinki.xlsx,076ab31512db6c0d16c1b33f07ef1bd543cdc99cc8d394f932db4b2b7560bd84,official_current_rolling_workbook,2026-02,new,443fcaf8920673a1d07666d2,True
松山市,2026-02,第1327号,2026-02-26,2026-02-26,2031-03-31,飲食店営業,ローソン松山南江戸店,松山市南江戸3丁目1-20,382019,,,,,new_or_renewal,https://www.city.matsuyama.ehime.jp/shisei/opendata/metadata/shokuhinsinki.files/shokuhinsinki.xlsx,076ab31512db6c0d16c1b33f07ef1bd543cdc99cc8d394f932db4b2b7560bd84,official_current_rolling_workbook,2026-02,new,f7969d11a0fb4576be726486,True
松山市,2026-02,第1328号,2026-02-26,2026-02-26,2031-03-31,飲食店営業,Bere（べーレ）,松山市三番町1丁目12-4第3安永ビル3F,382019,,,,,new_or_renewal,https://www.city.matsuyama.ehime.jp/shisei/opendata/metadata/shokuhinsinki.files/shokuhinsinki.xlsx,076ab31512db6c0d16c1b33f07ef1bd543cdc99cc8d394f932db4b2b7560bd84,official_current_rolling_workbook,2026-02,new,555493996cb9f184e7b83b3a,True
松山市,2026-02,第1329号,2026-02-26,2026-02-26,2031-03-31,飲食店営業,夢響,松山市二番町3丁目7-18,382019,,,,,new_or_renewal,https://www.city.matsuyama.ehime.jp/shisei/opendata/metadata/shokuhinsinki.files/shokuhinsinki.xlsx,076ab31512db6c0d16c1b33f07ef1bd543cdc99cc8d394f932db4b2b7560bd84,official_current_rolling_workbook,2026-02,new,3f5814844344046b2f7eda1b,True
松山市,2026-02,第1330号,2026-02-26,2026-02-26,2031-03-31,飲食店営業,7NaNa,松山市二番町2丁目6-11江戸長ビル3F,382019,,,,,new_or_renewal,https://www.city.matsuyama.ehime.jp/shisei/opendata/metadata/shokuhinsinki.files/shokuhinsinki.xlsx,076ab31512db6c0d16c1b33f07ef1bd543cdc99cc8d394f932db4b2b7560bd84,official_current_rolling_workbook,2026-02,new,45629b9c046f6eec80e6dcdf,True
松山市,2026-02,第1331号,2026-02-26,2026-02-26,2031-03-31,飲食店営業,カラオケ　姫,松山市山越2丁目1-28,382019,,,,,new_or_renewal,https://www.city.matsuyama.ehime.jp/shisei/opendata/metadata/shokuhinsinki.files/shokuhinsinki.xlsx,076ab31512db6c0d16c1b33f07ef1bd543cdc99cc8d394f932db4b2b7560bd84,official_current_rolling_workbook,2026-02,new,ac6ce5ad564e80b04f9a44aa,True
松山市,2026-02,第1332号,2026-02-26,2026-02-26,2031-03-31,飲食店営業,ビストロダイニング　ブランベック,松山市三番町1丁目15-1マドンナTOWNRITZビル106,382019,,,,,new_or_renewal,https://www.city.matsuyama.ehime.jp/shisei/opendata/metadata/shokuhinsinki.files/shokuhinsinki.xlsx,076ab31512db6c0d16c1b33f07ef1bd543cdc99cc8d394f932db4b2b7560bd84,official_current_rolling_workbook,2026-02,new,3e644c4cde19968b2eb6120d,True
松山市,2026-02,第1333号,2026-02-26,2026-02-26,2031-03-31,飲食店営業,ファミリープラザ　トミナガ,松山市中島大浦3063,382019,,,,,new_or_renewal,https://www.city.matsuyama.ehime.jp/shisei/opendata/metadata/shokuhinsinki.files/shokuhinsinki.xlsx,076ab31512db6c0d16c1b33f07ef1bd543cdc99cc8d394f932db4b2b7560bd84,official_current_rolling_workbook,2026-02,new,522c62d205bdde00aee02d95,True
松山市,2026-02,第1334号,2026-02-26,2026-02-26,2031-03-31,飲食店営業,カフェ凛,松山市小栗6丁目1-31新光小栗ビル1F,382019,,,,,new_or_renewal,https://www.city.matsuyama.ehime.jp/shisei/opendata/metadata/shokuhinsinki.files/shokuhinsinki.xlsx,076ab31512db6c0d16c1b33f07ef1bd543cdc99cc8d394f932db4b2b7560bd84,official_current_rolling_workbook,2026-02,new,7bd84b4a7900137bdb12f0d6,True
松山市,2026-02,第1335号,2026-02-26,2026-02-26,2031-03-31,飲食店営業,梶浦病院　LOHAS,松山市三番町4丁目4-5　4F,382019,,,,,new_or_renewal,https://www.city.matsuyama.ehime.jp/shisei/opendata/metadata/shokuhinsinki.files/shokuhinsinki.xlsx,076ab31512db6c0d16c1b33f07ef1bd543cdc99cc8d394f932db4b2b7560bd84,official_current_rolling_workbook,2026-02,new,84d4e3ca7fcae8099e5f9951,True
松山市,2026-02,第1336号,2026-02-26,2026-02-26,2031-03-31,飲食店営業,昭栄食品,松山市南梅本町808-1,382019,,,,,new_or_renewal,https://www.city.matsuyama.ehime.jp/shisei/opendata/metadata/shokuhinsinki.files/shokuhinsinki.xlsx,076ab31512db6c0d16c1b33f07ef1bd543cdc99cc8d394f932db4b2b7560bd84,official_current_rolling_workbook,2026-02,new,8d349a92dbc615144bd32c14,True
松山市,2026-02,第1337号,2026-02-26,2026-02-26,2031-03-31,飲食店営業,ゆっくりクラブ　弁当のゆっくり屋,松山市三番町７丁目11-6,382019,,,,,new_or_renewal,https://www.city.matsuyama.ehime.jp/shisei/opendata/metadata/shokuhinsinki.files/shokuhinsinki.xlsx,076ab31512db6c0d16c1b33f07ef1bd543cdc99cc8d394f932db4b2b7560bd84,official_current_rolling_workbook,2026-02,new,bdf7b6d3a3fb5f27972b8147,True
松山市,2026-02,第1338号,2026-02-26,2026-02-26,2031-03-31,飲食店営業,4652,松山市星岡町4丁目13-20（認）愛媛星岡幼稚園,382019,,,,,new_or_renewal,https://www.city.matsuyama.ehime.jp/shisei/opendata/metadata/shokuhinsinki.files/shokuhinsinki.xlsx,076ab31512db6c0d16c1b33f07ef1bd543cdc99cc8d394f932db4b2b7560bd84,official_current_rolling_workbook,2026-02,new,ffcdaebdf0cb57a5980f2606,True
松山市,2026-02,第1339号,2026-02-27,2026-02-27,2031-03-31,飲食店営業,PINE CONE CAFE,松山市朝生田町6丁目5-31 2F,382019,,,,,new_or_renewal,https://www.city.matsuyama.ehime.jp/shisei/opendata/metadata/shokuhinsinki.files/shokuhinsinki.xlsx,076ab31512db6c0d16c1b33f07ef1bd543cdc99cc8d394f932db4b2b7560bd84,official_current_rolling_workbook,2026-02,new,5b5b776d21634f5fd6f5691f,True
松山市,2026-02,第1340号,2026-02-27,2026-02-27,2031-03-31,飲食店営業,媛ぽっぽ,松山市南久米町56-4,382019,,,,,new_or_renewal,https://www.city.matsuyama.ehime.jp/shisei/opendata/metadata/shokuhinsinki.files/shokuhinsinki.xlsx,076ab31512db6c0d16c1b33f07ef1bd543cdc99cc8d394f932db4b2b7560bd84,official_current_rolling_workbook,2026-02,new,082af10f3416aa6cac359c86,True
松山市,2026-02,第1341号,2026-02-27,2026-02-27,2031-03-31,飲食店営業,ローソン松山大橋町店,松山市大橋町373-1,382019,,,,,new_or_renewal,https://www.city.matsuyama.ehime.jp/shisei/opendata/metadata/shokuhinsinki.files/shokuhinsinki.xlsx,076ab31512db6c0d16c1b33f07ef1bd543cdc99cc8d394f932db4b2b7560bd84,official_current_rolling_workbook,2026-02,new,2ed90011881eab33796e4a20,True
松山市,2026-02,第1344号,2026-02-27,2026-02-27,2031-03-31,菓子製造業,佐々木食品株式会社,松山市西垣生町386-2,382019,,,,,new_or_renewal,https://www.city.matsuyama.ehime.jp/shisei/opendata/metadata/shokuhinsinki.files/shokuhinsinki.xlsx,076ab31512db6c0d16c1b33f07ef1bd543cdc99cc8d394f932db4b2b7560bd84,official_current_rolling_workbook,2026-02,new,292116b4837a2a65f331b556,False
松山市,2026-02,第1345号,2026-02-27,2026-02-27,2031-03-31,飲食店営業,くら寿司　松山宮西店,松山市宮西2丁目4-37,382019,,,,,new_or_renewal,https://www.city.matsuyama.ehime.jp/shisei/opendata/metadata/shokuhinsinki.files/shokuhinsinki.xlsx,076ab31512db6c0d16c1b33f07ef1bd543cdc99cc8d394f932db4b2b7560bd84,official_current_rolling_workbook,2026-02,new,a9a35bd704f6d5df90b028c1,True
松山市,2026-02,第1346号,2026-02-27,2026-02-27,2031-03-31,飲食店営業,みいきほ,松山市三番町5丁目3-8フレッシュリーブス501,382019,,,,,new_or_renewal,https://www.city.matsuyama.ehime.jp/shisei/opendata/metadata/shokuhinsinki.files/shokuhinsinki.xlsx,076ab31512db6c0d16c1b33f07ef1bd543cdc99cc8d394f932db4b2b7560bd84,official_current_rolling_workbook,2026-02,new,3efc95f89c48fce56c3487e3,True
松山市,2026-02,第1347号,2026-02-27,2026-02-27,2031-03-31,飲食店営業,セブンイレブン松山竹原町店,松山市湊町8丁目115-1,382019,,,,,new_or_renewal,https://www.city.matsuyama.ehime.jp/shisei/opendata/metadata/shokuhinsinki.files/shokuhinsinki.xlsx,076ab31512db6c0d16c1b33f07ef1bd543cdc99cc8d394f932db4b2b7560bd84,official_current_rolling_workbook,2026-02,new,f3a171129bdf82f22f346878,True
松山市,2026-02,第1348号,2026-02-27,2026-02-27,2031-03-31,飲食店営業,一,松山市三番町2丁目5-20　古田ビル1F,382019,,,,,new_or_renewal,https://www.city.matsuyama.ehime.jp/shisei/opendata/metadata/shokuhinsinki.files/shokuhinsinki.xlsx,076ab31512db6c0d16c1b33f07ef1bd543cdc99cc8d394f932db4b2b7560bd84,official_current_rolling_workbook,2026-02,new,4e3ff62a393c2097382750b2,True
松山市,2026-02,第1349号,2026-02-27,2026-02-27,2031-03-31,飲食店営業,カプリーン,松山市和気町2丁目903-1,382019,,,,,new_or_renewal,https://www.city.matsuyama.ehime.jp/shisei/opendata/metadata/shokuhinsinki.files/shokuhinsinki.xlsx,076ab31512db6c0d16c1b33f07ef1bd543cdc99cc8d394f932db4b2b7560bd84,official_current_rolling_workbook,2026-02,new,2ef1e6bd739d3b0e93c94d34,True
松山市,2026-02,第1350号,2026-02-27,2026-02-27,2031-03-31,飲食店営業,REPLUS,松山市南久米町145-1竹乃井ビル107,382019,,,,,new_or_renewal,https://www.city.matsuyama.ehime.jp/shisei/opendata/metadata/shokuhinsinki.files/shokuhinsinki.xlsx,076ab31512db6c0d16c1b33f07ef1bd543cdc99cc8d394f932db4b2b7560bd84,official_current_rolling_workbook,2026-02,new,a5fc7db1a8b20f4c23f25222,True
松山市,2026-02,第1351号,2026-02-27,2026-02-27,2031-03-31,飲食店営業,愛媛新聞社食堂,松山市大手町1丁目12-1旧館3F,382019,,,,,new_or_renewal,https://www.city.matsuyama.ehime.jp/shisei/opendata/metadata/shokuhinsinki.files/shokuhinsinki.xlsx,076ab31512db6c0d16c1b33f07ef1bd543cdc99cc8d394f932db4b2b7560bd84,official_current_rolling_workbook,2026-02,new,24865710b79e420860f50ef1,True
松山市,2026-02,第1352号,2026-02-27,2026-02-27,2031-03-31,飲食店営業,香月,松山市二番町2丁目6-10クロスビル2F西,382019,,,,,new_or_renewal,https://www.city.matsuyama.ehime.jp/shisei/opendata/metadata/shokuhinsinki.files/shokuhinsinki.xlsx,076ab31512db6c0d16c1b33f07ef1bd543cdc99cc8d394f932db4b2b7560bd84,official_current_rolling_workbook,2026-02,new,de05002620ab869fe9694691,True
松山市,2026-02,第1353号,2026-02-27,2026-02-27,2031-03-31,飲食店営業,松山市浮穴学校給食共同調理場,松山市森松町832-1,382019,,,,,new_or_renewal,https://www.city.matsuyama.ehime.jp/shisei/opendata/metadata/shokuhinsinki.files/shokuhinsinki.xlsx,076ab31512db6c0d16c1b33f07ef1bd543cdc99cc8d394f932db4b2b7560bd84,official_current_rolling_workbook,2026-02,new,9b0adc738b345665c354fc85,True
松山市,2026-02,第1354号,2026-02-27,2026-02-27,2031-03-31,飲食店営業,はま寿司　松山保免店,松山市保免上1丁目16-24,382019,,,,,new_or_renewal,https://www.city.matsuyama.ehime.jp/shisei/opendata/metadata/shokuhinsinki.files/shokuhinsinki.xlsx,076ab31512db6c0d16c1b33f07ef1bd543cdc99cc8d394f932db4b2b7560bd84,official_current_rolling_workbook,2026-02,new,01cd85d896dc31b0a50a0a9d,True
松山市,2026-02,第1355号,2026-02-27,2026-02-27,2031-03-31,飲食店営業,ＢＡＲ　宝樹,松山市二番町2丁目5-8北国ビル5F,382019,,,,,new_or_renewal,https://www.city.matsuyama.ehime.jp/shisei/opendata/metadata/shokuhinsinki.files/shokuhinsinki.xlsx,076ab31512db6c0d16c1b33f07ef1bd543cdc99cc8d394f932db4b2b7560bd84,official_current_rolling_workbook,2026-02,new,8c6f2e0c64b275b6ac5a1c48,True
松山市,2026-03,第1356号,2026-03-02,2026-03-02,2031-03-31,飲食店営業,ステーキ食堂垣生店,松山市西垣生町207-2,382019,,,,,new_or_renewal,https://www.city.matsuyama.ehime.jp/shisei/opendata/metadata/shokuhinsinki.files/shokuhinsinki.xlsx,076ab31512db6c0d16c1b33f07ef1bd543cdc99cc8d394f932db4b2b7560bd84,official_current_rolling_workbook,2026-03,new,35d6ef38582c03994b0e2d96,True
松山市,2026-03,第1357号,2026-03-02,2026-03-02,2031-03-31,飲食店営業,とんび家　松山店,松山市宮西1丁目2-1フジグラン松山店内1F,382019,,,,,new_or_renewal,https://www.city.matsuyama.ehime.jp/shisei/opendata/metadata/shokuhinsinki.files/shokuhinsinki.xlsx,076ab31512db6c0d16c1b33f07ef1bd543cdc99cc8d394f932db4b2b7560bd84,official_current_rolling_workbook,2026-03,new,17da50b041809f1bf34add76,True
松山市,2026-03,第1358号,2026-03-02,2026-03-02,2031-03-31,飲食店営業,笠組,松山市喜与町2丁目3-13,382019,,,,,new_or_renewal,https://www.city.matsuyama.ehime.jp/shisei/opendata/metadata/shokuhinsinki.files/shokuhinsinki.xlsx,076ab31512db6c0d16c1b33f07ef1bd543cdc99cc8d394f932db4b2b7560bd84,official_current_rolling_workbook,2026-03,new,7d2bab6dec8383c50debd8df,True
松山市,2026-03,第1359号,2026-03-02,2026-03-02,2031-03-31,そうざい製造業,原始焼・おでん　山本兵太郎商店,松山市湊町4丁目2-25大西ビル1F,382019,,,,,new_or_renewal,https://www.city.matsuyama.ehime.jp/shisei/opendata/metadata/shokuhinsinki.files/shokuhinsinki.xlsx,076ab31512db6c0d16c1b33f07ef1bd543cdc99cc8d394f932db4b2b7560bd84,official_current_rolling_workbook,2026-03,new,95cae68af2ec6a47e7ed22e7,False
松山市,2026-03,第1360号,2026-03-02,2026-03-02,2031-03-31,飲食店営業,ＶＡＰＥ　ＳＨＯＰ＆ＢＡＲ　００９６,松山市湊町3丁目10-1,382019,,,,,new_or_renewal,https://www.city.matsuyama.ehime.jp/shisei/opendata/metadata/shokuhinsinki.files/shokuhinsinki.xlsx,076ab31512db6c0d16c1b33f07ef1bd543cdc99cc8d394f932db4b2b7560bd84,official_current_rolling_workbook,2026-03,new,33777baa1e68357ad9644e1a,True
松山市,2026-03,第1361号,2026-03-02,2026-03-02,2031-03-31,飲食店営業,ARLES GARDEN,松山市萱町2丁目6-1,382019,,,,,new_or_renewal,https://www.city.matsuyama.ehime.jp/shisei/opendata/metadata/shokuhinsinki.files/shokuhinsinki.xlsx,076ab31512db6c0d16c1b33f07ef1bd543cdc99cc8d394f932db4b2b7560bd84,official_current_rolling_workbook,2026-03,new,ee432b64bc75567d7dd6b849,True
松山市,2026-03,第1362号,2026-03-03,2026-03-03,2031-03-31,飲食店営業,ローソン松山宮西二丁目店,松山市宮西2丁目9-41,382019,,,,,new_or_renewal,https://www.city.matsuyama.ehime.jp/shisei/opendata/metadata/shokuhinsinki.files/shokuhinsinki.xlsx,076ab31512db6c0d16c1b33f07ef1bd543cdc99cc8d394f932db4b2b7560bd84,official_current_rolling_workbook,2026-03,new,888d7459f018626497f88dc9,True
松山市,2026-03,第1363号,2026-03-03,2026-03-03,2031-03-31,飲食店営業,いよてつ髙島屋　7階催会場　神戸セレクトマーケット,松山市湊町5丁目1-1株式会社　伊予鉄髙島屋　7階,382019,,,,,new_or_renewal,https://www.city.matsuyama.ehime.jp/shisei/opendata/metadata/shokuhinsinki.files/shokuhinsinki.xlsx,076ab31512db6c0d16c1b33f07ef1bd543cdc99cc8d394f932db4b2b7560bd84,official_current_rolling_workbook,2026-03,new,515183893e81a4324092b603,True
松山市,2026-03,第1364号,2026-03-03,2026-03-03,2031-03-31,飲食店営業,イタリアンキッチン　伊太めし屋,松山市南久米町171-5　笠井第2ビル102号,382019,,,,,new_or_renewal,https://www.city.matsuyama.ehime.jp/shisei/opendata/metadata/shokuhinsinki.files/shokuhinsinki.xlsx,076ab31512db6c0d16c1b33f07ef1bd543cdc99cc8d394f932db4b2b7560bd84,official_current_rolling_workbook,2026-03,new,7fec8453f74e1176535fd50d,True
松山市,2026-03,第1365号,2026-03-03,2026-03-03,2031-03-31,飲食店営業,(株)久万山マルシェ　三津店,松山市会津町7-7セブンスター三津店内,382019,,,,,new_or_renewal,https://www.city.matsuyama.ehime.jp/shisei/opendata/metadata/shokuhinsinki.files/shokuhinsinki.xlsx,076ab31512db6c0d16c1b33f07ef1bd543cdc99cc8d394f932db4b2b7560bd84,official_current_rolling_workbook,2026-03,new,49856bbf6783bb491b120a48,True
松山市,2026-03,第1366号,2026-03-03,2026-03-03,2031-03-31,飲食店営業,Y’s coco,松山市朝生田町1丁目1-12,382019,,,,,new_or_renewal,https://www.city.matsuyama.ehime.jp/shisei/opendata/metadata/shokuhinsinki.files/shokuhinsinki.xlsx,076ab31512db6c0d16c1b33f07ef1bd543cdc99cc8d394f932db4b2b7560bd84,official_current_rolling_workbook,2026-03,new,9c5992833307cc6983919a2c,True
松山市,2026-03,第1367号,2026-03-03,2026-03-03,2031-03-31,飲食店営業,ケアビレッジ瀬戸風,松山市古三津4丁目600-１,382019,,,,,new_or_renewal,https://www.city.matsuyama.ehime.jp/shisei/opendata/metadata/shokuhinsinki.files/shokuhinsinki.xlsx,076ab31512db6c0d16c1b33f07ef1bd543cdc99cc8d394f932db4b2b7560bd84,official_current_rolling_workbook,2026-03,new,3301ff805658a496813e3ac8,True
松山市,2026-03,第1368号,2026-03-03,2026-03-03,2031-03-31,飲食店営業,cafe 加佐波野,松山市下難波乙145-34日中活動支援棟2F,382019,,,,,new_or_renewal,https://www.city.matsuyama.ehime.jp/shisei/opendata/metadata/shokuhinsinki.files/shokuhinsinki.xlsx,076ab31512db6c0d16c1b33f07ef1bd543cdc99cc8d394f932db4b2b7560bd84,official_current_rolling_workbook,2026-03,new,5ff0760b9da402b1ed700d9b,True
松山市,2026-03,第1369号,2026-03-04,2026-03-04,2031-03-31,飲食店営業,BAR QULOCK,松山市二番町2丁目4-9岸坊ビル5F南室,382019,,,,,new_or_renewal,https://www.city.matsuyama.ehime.jp/shisei/opendata/metadata/shokuhinsinki.files/shokuhinsinki.xlsx,076ab31512db6c0d16c1b33f07ef1bd543cdc99cc8d394f932db4b2b7560bd84,official_current_rolling_workbook,2026-03,new,bafbdd1fde6e093ff7d2c484,True
松山市,2026-03,第1370号,2026-03-04,2026-03-04,2031-03-31,飲食店営業,屋台酒場 それもまた人生,松山市二番町1丁目4-16西原ビル1F,382019,,,,,new_or_renewal,https://www.city.matsuyama.ehime.jp/shisei/opendata/metadata/shokuhinsinki.files/shokuhinsinki.xlsx,076ab31512db6c0d16c1b33f07ef1bd543cdc99cc8d394f932db4b2b7560bd84,official_current_rolling_workbook,2026-03,new,83db85646bd995d27422914a,True
松山市,2026-03,第1371号,2026-03-04,2026-03-04,2031-03-31,飲食店営業,akaneya,松山市柳井町2丁目21-1 1F,382019,,,,,new_or_renewal,https://www.city.matsuyama.ehime.jp/shisei/opendata/metadata/shokuhinsinki.files/shokuhinsinki.xlsx,076ab31512db6c0d16c1b33f07ef1bd543cdc99cc8d394f932db4b2b7560bd84,official_current_rolling_workbook,2026-03,new,5e2eef8f362d11477415efac,True
松山市,2026-03,第1372号,2026-03-04,2026-03-04,2031-03-31,飲食店営業,西エレベーター前催事,松山市湊町5丁目1-1株式会社　伊予鉄髙島屋　B1,382019,,,,,new_or_renewal,https://www.city.matsuyama.ehime.jp/shisei/opendata/metadata/shokuhinsinki.files/shokuhinsinki.xlsx,076ab31512db6c0d16c1b33f07ef1bd543cdc99cc8d394f932db4b2b7560bd84,official_current_rolling_workbook,2026-03,new,2582aaa1f4d2391b6b8c0b24,True
松山市,2026-03,第1373号,2026-03-04,2026-03-04,2031-03-31,飲食店営業,古市庵・おむすび紀行,松山市湊町5丁目1-1株式会社　伊予鉄髙島屋　B1,382019,,,,,new_or_renewal,https://www.city.matsuyama.ehime.jp/shisei/opendata/metadata/shokuhinsinki.files/shokuhinsinki.xlsx,076ab31512db6c0d16c1b33f07ef1bd543cdc99cc8d394f932db4b2b7560bd84,official_current_rolling_workbook,2026-03,new,c2d023b9efec08febc5da036,True
松山市,2026-03,第1374号,2026-03-04,2026-03-04,2031-03-31,菓子製造業,一庵,松山市湊町5丁目1-1株式会社　伊予鉄髙島屋　B1,382019,,,,,new_or_renewal,https://www.city.matsuyama.ehime.jp/shisei/opendata/metadata/shokuhinsinki.files/shokuhinsinki.xlsx,076ab31512db6c0d16c1b33f07ef1bd543cdc99cc8d394f932db4b2b7560bd84,official_current_rolling_workbook,2026-03,new,20cbe9f5866fa2290e3bc1f9,False
松山市,2026-03,第1375号,2026-03-04,2026-03-04,2031-03-31,飲食店営業,にわ・とりのすけ二番町本店,松山市二番町2丁目5-18 正牟丹吾亭ビル2F,382019,,,,,new_or_renewal,https://www.city.matsuyama.ehime.jp/shisei/opendata/metadata/shokuhinsinki.files/shokuhinsinki.xlsx,076ab31512db6c0d16c1b33f07ef1bd543cdc99cc8d394f932db4b2b7560bd84,official_current_rolling_workbook,2026-03,new,513603e2d67751b6557d81e0,True
松山市,2026-03,第1376号,2026-03-04,2026-03-04,2031-03-31,飲食店営業,ローソン松山北条バイパス店,松山市中西外56-1,382019,,,,,new_or_renewal,https://www.city.matsuyama.ehime.jp/shisei/opendata/metadata/shokuhinsinki.files/shokuhinsinki.xlsx,076ab31512db6c0d16c1b33f07ef1bd543cdc99cc8d394f932db4b2b7560bd84,official_current_rolling_workbook,2026-03,new,b73fb78998713d3aafbecb92,True
松山市,2026-03,第1377号,2026-03-05,2026-03-05,2031-03-31,飲食店営業,スーパーABC石井店,松山市北土居３丁目8-11,382019,,,,,new_or_renewal,https://www.city.matsuyama.ehime.jp/shisei/opendata/metadata/shokuhinsinki.files/shokuhinsinki.xlsx,076ab31512db6c0d16c1b33f07ef1bd543cdc99cc8d394f932db4b2b7560bd84,official_current_rolling_workbook,2026-03,new,c883bfca8f7b88b4a41e62f4,True
松山市,2026-03,第1378号,2026-03-05,2026-03-05,2031-03-31,飲食店営業,ひだま里,松山市土手内121-12,382019,,,,,new_or_renewal,https://www.city.matsuyama.ehime.jp/shisei/opendata/metadata/shokuhinsinki.files/shokuhinsinki.xlsx,076ab31512db6c0d16c1b33f07ef1bd543cdc99cc8d394f932db4b2b7560bd84,official_current_rolling_workbook,2026-03,new,d475f648bb7647c7c62a9e63,True
松山市,2026-03,第1379号,2026-03-06,2026-03-06,2031-03-31,飲食店営業,罪ほろぼし,松山市住吉2丁目8-2,382019,,,,,new_or_renewal,https://www.city.matsuyama.ehime.jp/shisei/opendata/metadata/shokuhinsinki.files/shokuhinsinki.xlsx,076ab31512db6c0d16c1b33f07ef1bd543cdc99cc8d394f932db4b2b7560bd84,official_current_rolling_workbook,2026-03,new,21b949a6d2ea40fb77e93789,True
松山市,2026-03,第1380号,2026-03-06,2026-03-06,2031-03-31,飲食店営業,美食坊ハルピン,松山市久万ノ台403-1,382019,,,,,new_or_renewal,https://www.city.matsuyama.ehime.jp/shisei/opendata/metadata/shokuhinsinki.files/shokuhinsinki.xlsx,076ab31512db6c0d16c1b33f07ef1bd543cdc99cc8d394f932db4b2b7560bd84,official_current_rolling_workbook,2026-03,new,7b655185dd8e6f8647bf1cba,True
松山市,2026-03,第1381号,2026-03-06,2026-03-06,2031-03-31,飲食店営業,益荒男,松山市三番町1丁目16-5第2クリーンビル3F,382019,,,,,new_or_renewal,https://www.city.matsuyama.ehime.jp/shisei/opendata/metadata/shokuhinsinki.files/shokuhinsinki.xlsx,076ab31512db6c0d16c1b33f07ef1bd543cdc99cc8d394f932db4b2b7560bd84,official_current_rolling_workbook,2026-03,new,aa63db395b5b1130c0afc3da,True
松山市,2026-03,第1382号,2026-03-06,2026-03-06,2031-03-31,飲食店営業,ル・ノワール,松山市二番町2丁目6-10クロスビル2F,382019,,,,,new_or_renewal,https://www.city.matsuyama.ehime.jp/shisei/opendata/metadata/shokuhinsinki.files/shokuhinsinki.xlsx,076ab31512db6c0d16c1b33f07ef1bd543cdc99cc8d394f932db4b2b7560bd84,official_current_rolling_workbook,2026-03,new,13430bce47cfc3fb17cf3898,True
松山市,2026-03,第1383号,2026-03-06,2026-03-06,2031-03-31,飲食店営業,ごはんとお酒　なが坂,松山市宮田町5-1,382019,,,,,new_or_renewal,https://www.city.matsuyama.ehime.jp/shisei/opendata/metadata/shokuhinsinki.files/shokuhinsinki.xlsx,076ab31512db6c0d16c1b33f07ef1bd543cdc99cc8d394f932db4b2b7560bd84,official_current_rolling_workbook,2026-03,new,3ac00d10e8c8f7fb0460e41b,True
松山市,2026-03,第1384号,2026-03-09,2026-03-09,2031-03-31,飲食店営業,P・SPOうどん　保免店,松山市保免西3丁目11-22,382019,,,,,new_or_renewal,https://www.city.matsuyama.ehime.jp/shisei/opendata/metadata/shokuhinsinki.files/shokuhinsinki.xlsx,076ab31512db6c0d16c1b33f07ef1bd543cdc99cc8d394f932db4b2b7560bd84,official_current_rolling_workbook,2026-03,new,86b9cc0cc1cc47964e98fb36,True
松山市,2026-03,第1385号,2026-03-09,2026-03-09,2031-03-31,飲食店営業,おかず屋　まるとく,松山市別府町342-1ソフィアJ001号,382019,,,,,new_or_renewal,https://www.city.matsuyama.ehime.jp/shisei/opendata/metadata/shokuhinsinki.files/shokuhinsinki.xlsx,076ab31512db6c0d16c1b33f07ef1bd543cdc99cc8d394f932db4b2b7560bd84,official_current_rolling_workbook,2026-03,new,37b8fef439942c042da692d4,True
松山市,2026-03,第1386号,2026-03-09,2026-03-09,2031-03-31,飲食店営業,想咲料理と焼酎と　桜介,松山市三番町2丁目6-18 参番館ビル4F,382019,,,,,new_or_renewal,https://www.city.matsuyama.ehime.jp/shisei/opendata/metadata/shokuhinsinki.files/shokuhinsinki.xlsx,076ab31512db6c0d16c1b33f07ef1bd543cdc99cc8d394f932db4b2b7560bd84,official_current_rolling_workbook,2026-03,new,3855f29b13586930ee368a6a,True
松山市,2026-03,第1387号,2026-03-09,2026-03-09,2031-03-31,飲食店営業,城山荘,松山市丸之内1,382019,,,,,new_or_renewal,https://www.city.matsuyama.ehime.jp/shisei/opendata/metadata/shokuhinsinki.files/shokuhinsinki.xlsx,076ab31512db6c0d16c1b33f07ef1bd543cdc99cc8d394f932db4b2b7560bd84,official_current_rolling_workbook,2026-03,new,09de30a3179c3d29ff0ca7c8,True
松山市,2026-03,第1388号,2026-03-09,2026-03-09,2031-03-31,飲食店営業,スナック茶慕,松山市正円寺1丁目8-5,382019,,,,,new_or_renewal,https://www.city.matsuyama.ehime.jp/shisei/opendata/metadata/shokuhinsinki.files/shokuhinsinki.xlsx,076ab31512db6c0d16c1b33f07ef1bd543cdc99cc8d394f932db4b2b7560bd84,official_current_rolling_workbook,2026-03,new,901dc3e61ba4ff0f92f6e94f,True
松山市,2026-03,第1389号,2026-03-09,2026-03-09,2031-03-31,飲食店営業,炭焼き　とり福,松山市二番町2丁目2-7第2イクシードビル1F,382019,,,,,new_or_renewal,https://www.city.matsuyama.ehime.jp/shisei/opendata/metadata/shokuhinsinki.files/shokuhinsinki.xlsx,076ab31512db6c0d16c1b33f07ef1bd543cdc99cc8d394f932db4b2b7560bd84,official_current_rolling_workbook,2026-03,new,4ae4392e990ddb3bbf296dfa,True
松山市,2026-03,第1390号,2026-03-10,2026-03-10,2031-03-31,飲食店営業,向日葵亭,松山市道後樋又9-19第2森ビル101,382019,,,,,new_or_renewal,https://www.city.matsuyama.ehime.jp/shisei/opendata/metadata/shokuhinsinki.files/shokuhinsinki.xlsx,076ab31512db6c0d16c1b33f07ef1bd543cdc99cc8d394f932db4b2b7560bd84,official_current_rolling_workbook,2026-03,new,21973c72d0c181ede5c07b7b,True
松山市,2026-03,第1391号,2026-03-11,2026-03-11,2031-03-31,飲食店営業,オイシイオト　椿店,松山市古川南1丁目8-14,382019,,,,,new_or_renewal,https://www.city.matsuyama.ehime.jp/shisei/opendata/metadata/shokuhinsinki.files/shokuhinsinki.xlsx,076ab31512db6c0d16c1b33f07ef1bd543cdc99cc8d394f932db4b2b7560bd84,official_current_rolling_workbook,2026-03,new,f2e1e6fce18696424feae7c6,True
松山市,2026-03,第1392号,2026-03-11,2026-03-11,2031-03-31,飲食店営業,拉麺酒場　乙,松山市二番町1丁目4-16 西原ビル1FB,382019,,,,,new_or_renewal,https://www.city.matsuyama.ehime.jp/shisei/opendata/metadata/shokuhinsinki.files/shokuhinsinki.xlsx,076ab31512db6c0d16c1b33f07ef1bd543cdc99cc8d394f932db4b2b7560bd84,official_current_rolling_workbook,2026-03,new,060b0aad08aad924b87f53a6,True
松山市,2026-03,第1393号,2026-03-11,2026-03-11,2031-03-31,飲食店営業,ラム焼　媛,松山市三番町2丁目4-1 パラダイスビル 103号,382019,,,,,new_or_renewal,https://www.city.matsuyama.ehime.jp/shisei/opendata/metadata/shokuhinsinki.files/shokuhinsinki.xlsx,076ab31512db6c0d16c1b33f07ef1bd543cdc99cc8d394f932db4b2b7560bd84,official_current_rolling_workbook,2026-03,new,fa31454f9c6d48daecc8f77c,True
松山市,2026-03,第1394号,2026-03-11,2026-03-11,2031-03-31,飲食店営業,ぽんぐみキッチン,松山市保健所管内,382019,,,,,new_or_renewal,https://www.city.matsuyama.ehime.jp/shisei/opendata/metadata/shokuhinsinki.files/shokuhinsinki.xlsx,076ab31512db6c0d16c1b33f07ef1bd543cdc99cc8d394f932db4b2b7560bd84,official_current_rolling_workbook,2026-03,new,5b08d53f2595505b257eecea,True
松山市,2026-03,第1395号,2026-03-11,2026-03-11,2031-03-31,飲食店営業,コーヒーレスト　Ai　あい,松山市下伊台町1436-1 1F,382019,,,,,new_or_renewal,https://www.city.matsuyama.ehime.jp/shisei/opendata/metadata/shokuhinsinki.files/shokuhinsinki.xlsx,076ab31512db6c0d16c1b33f07ef1bd543cdc99cc8d394f932db4b2b7560bd84,official_current_rolling_workbook,2026-03,new,8e533fb4c41b3c4aa97433fb,True
松山市,2026-03,第1396号,2026-03-11,2026-03-11,2031-03-31,飲食店営業,きらら,松山市森松町519-1,382019,,,,,new_or_renewal,https://www.city.matsuyama.ehime.jp/shisei/opendata/metadata/shokuhinsinki.files/shokuhinsinki.xlsx,076ab31512db6c0d16c1b33f07ef1bd543cdc99cc8d394f932db4b2b7560bd84,official_current_rolling_workbook,2026-03,new,c8f72e7933d6f65cbb40dcc7,True
松山市,2026-03,第1397号,2026-03-11,2026-03-11,2031-03-31,飲食店営業,日清医療食品株式会社　しらざぎ苑,松山市祓川1丁目2－28,382019,,,,,new_or_renewal,https://www.city.matsuyama.ehime.jp/shisei/opendata/metadata/shokuhinsinki.files/shokuhinsinki.xlsx,076ab31512db6c0d16c1b33f07ef1bd543cdc99cc8d394f932db4b2b7560bd84,official_current_rolling_workbook,2026-03,new,846c7e0ce007404c710afbae,True
松山市,2026-03,第1398号,2026-03-11,2026-03-11,2031-03-31,飲食店営業,クロス・サービス,松山市来住町1458-4,382019,,,,,new_or_renewal,https://www.city.matsuyama.ehime.jp/shisei/opendata/metadata/shokuhinsinki.files/shokuhinsinki.xlsx,076ab31512db6c0d16c1b33f07ef1bd543cdc99cc8d394f932db4b2b7560bd84,official_current_rolling_workbook,2026-03,new,719bb56531d95e099017def8,True
松山市,2026-03,第1399号,2026-03-11,2026-03-11,2031-03-31,飲食店営業,スナックメンバーズ　リブ・エルザ,松山市二番町2丁目1-1第26ミツワビル　3F,382019,,,,,new_or_renewal,https://www.city.matsuyama.ehime.jp/shisei/opendata/metadata/shokuhinsinki.files/shokuhinsinki.xlsx,076ab31512db6c0d16c1b33f07ef1bd543cdc99cc8d394f932db4b2b7560bd84,official_current_rolling_workbook,2026-03,new,659e23d6529ebc809ef19397,True
松山市,2026-03,第1400号,2026-03-11,2026-03-11,2031-03-31,飲食店営業,Bar Break Through,松山市二番町1丁目10-4 番町ビル3F,382019,,,,,new_or_renewal,https://www.city.matsuyama.ehime.jp/shisei/opendata/metadata/shokuhinsinki.files/shokuhinsinki.xlsx,076ab31512db6c0d16c1b33f07ef1bd543cdc99cc8d394f932db4b2b7560bd84,official_current_rolling_workbook,2026-03,new,94998805a38f409789f55ee5,True
松山市,2026-03,第1401号,2026-03-11,2026-03-11,2031-03-31,飲食店営業,つけ麺大王　石井店,松山市北土居5丁目16-29 1F,382019,,,,,new_or_renewal,https://www.city.matsuyama.ehime.jp/shisei/opendata/metadata/shokuhinsinki.files/shokuhinsinki.xlsx,076ab31512db6c0d16c1b33f07ef1bd543cdc99cc8d394f932db4b2b7560bd84,official_current_rolling_workbook,2026-03,new,4d2a8abe0acb04d5b90c3cbb,True
松山市,2026-03,第1402号,2026-03-11,2026-03-11,2031-03-31,飲食店営業,焼鳥　翼,松山市空港通6丁目12-3,382019,,,,,new_or_renewal,https://www.city.matsuyama.ehime.jp/shisei/opendata/metadata/shokuhinsinki.files/shokuhinsinki.xlsx,076ab31512db6c0d16c1b33f07ef1bd543cdc99cc8d394f932db4b2b7560bd84,official_current_rolling_workbook,2026-03,new,6d3f0c406c1d15f2372695df,True
松山市,2026-03,第1403号,2026-03-11,2026-03-11,2031-03-31,飲食店営業,イコイ,松山市辰巳町1丁目6-2,382019,,,,,new_or_renewal,https://www.city.matsuyama.ehime.jp/shisei/opendata/metadata/shokuhinsinki.files/shokuhinsinki.xlsx,076ab31512db6c0d16c1b33f07ef1bd543cdc99cc8d394f932db4b2b7560bd84,official_current_rolling_workbook,2026-03,new,9961d177a8544610d6b1d045,True
松山市,2026-03,第1404号,2026-03-11,2026-03-11,2031-03-31,菓子製造業,イコイ,松山市辰巳町1丁目6-2,382019,,,,,new_or_renewal,https://www.city.matsuyama.ehime.jp/shisei/opendata/metadata/shokuhinsinki.files/shokuhinsinki.xlsx,076ab31512db6c0d16c1b33f07ef1bd543cdc99cc8d394f932db4b2b7560bd84,official_current_rolling_workbook,2026-03,new,752b8932e1ffdaec711b77d3,False
松山市,2026-03,第1405号,2026-03-11,2026-03-11,2031-03-31,飲食店営業,会員制　いち。,松山市二番町1丁目2-9第一ジョイフルビル3-1,382019,,,,,new_or_renewal,https://www.city.matsuyama.ehime.jp/shisei/opendata/metadata/shokuhinsinki.files/shokuhinsinki.xlsx,076ab31512db6c0d16c1b33f07ef1bd543cdc99cc8d394f932db4b2b7560bd84,official_current_rolling_workbook,2026-03,new,f939d2ec2ea029b9937dfa1a,True
松山市,2026-03,第1406号,2026-03-11,2026-03-11,2031-03-31,飲食店営業,八百金,松山市古川北4丁目12-4,382019,,,,,new_or_renewal,https://www.city.matsuyama.ehime.jp/shisei/opendata/metadata/shokuhinsinki.files/shokuhinsinki.xlsx,076ab31512db6c0d16c1b33f07ef1bd543cdc99cc8d394f932db4b2b7560bd84,official_current_rolling_workbook,2026-03,new,23c04665942bb0667f5fa8f2,True
松山市,2026-03,第1407号,2026-03-11,2026-03-11,2031-03-31,飲食店営業,オステリア　カーサミーア,松山市二番町2丁目5-20Ｍビル１F,382019,,,,,new_or_renewal,https://www.city.matsuyama.ehime.jp/shisei/opendata/metadata/shokuhinsinki.files/shokuhinsinki.xlsx,076ab31512db6c0d16c1b33f07ef1bd543cdc99cc8d394f932db4b2b7560bd84,official_current_rolling_workbook,2026-03,new,feee4628874b909c34142e81,True
松山市,2026-03,第1408号,2026-03-11,2026-03-11,2031-03-31,飲食店営業,よろいや,松山市中島大浦2029-3,382019,,,,,new_or_renewal,https://www.city.matsuyama.ehime.jp/shisei/opendata/metadata/shokuhinsinki.files/shokuhinsinki.xlsx,076ab31512db6c0d16c1b33f07ef1bd543cdc99cc8d394f932db4b2b7560bd84,official_current_rolling_workbook,2026-03,new,a9ff4115e6d570ad93d7fa68,True
松山市,2026-03,第1409号,2026-03-11,2026-03-11,2031-03-31,飲食店営業,おでん　四十四,松山市高砂町1丁目6-24,382019,,,,,new_or_renewal,https://www.city.matsuyama.ehime.jp/shisei/opendata/metadata/shokuhinsinki.files/shokuhinsinki.xlsx,076ab31512db6c0d16c1b33f07ef1bd543cdc99cc8d394f932db4b2b7560bd84,official_current_rolling_workbook,2026-03,new,a1cb46f5b1c01c7a10f0a938,True
松山市,2026-03,第1410号,2026-03-11,2026-03-11,2031-03-31,飲食店営業,ローソン松山北梅本店,松山市北梅本町甲874-1,382019,,,,,new_or_renewal,https://www.city.matsuyama.ehime.jp/shisei/opendata/metadata/shokuhinsinki.files/shokuhinsinki.xlsx,076ab31512db6c0d16c1b33f07ef1bd543cdc99cc8d394f932db4b2b7560bd84,official_current_rolling_workbook,2026-03,new,fa5b97675f422eb361fa774d,True
松山市,2026-03,第1411号,2026-03-11,2026-03-11,2031-03-31,飲食店営業,華や加,松山市三番町3丁目2-1 1F,382019,,,,,new_or_renewal,https://www.city.matsuyama.ehime.jp/shisei/opendata/metadata/shokuhinsinki.files/shokuhinsinki.xlsx,076ab31512db6c0d16c1b33f07ef1bd543cdc99cc8d394f932db4b2b7560bd84,official_current_rolling_workbook,2026-03,new,97f82044299222530525f613,True
松山市,2026-03,第1412号,2026-03-11,2026-03-11,2031-03-31,飲食店営業,どんとフジグラン松山店,松山市宮西1丁目2-1フジグラン松山店2F,382019,,,,,new_or_renewal,https://www.city.matsuyama.ehime.jp/shisei/opendata/metadata/shokuhinsinki.files/shokuhinsinki.xlsx,076ab31512db6c0d16c1b33f07ef1bd543cdc99cc8d394f932db4b2b7560bd84,official_current_rolling_workbook,2026-03,new,6e95cb597ee18b4835c44b6b,True
松山市,2026-03,第1413号,2026-03-11,2026-03-11,2031-03-31,飲食店営業,うどんや　まる,松山市南吉田町2798ー47,382019,,,,,new_or_renewal,https://www.city.matsuyama.ehime.jp/shisei/opendata/metadata/shokuhinsinki.files/shokuhinsinki.xlsx,076ab31512db6c0d16c1b33f07ef1bd543cdc99cc8d394f932db4b2b7560bd84,official_current_rolling_workbook,2026-03,new,40e5f7eeb79e64e3236fb667,True
松山市,2026-03,第1414号,2026-03-11,2026-03-11,2031-03-31,飲食店営業,カラオケ喫茶＆スナック　星,松山市古川西1丁目1-25松田マンション1F,382019,,,,,new_or_renewal,https://www.city.matsuyama.ehime.jp/shisei/opendata/metadata/shokuhinsinki.files/shokuhinsinki.xlsx,076ab31512db6c0d16c1b33f07ef1bd543cdc99cc8d394f932db4b2b7560bd84,official_current_rolling_workbook,2026-03,new,023b441ea1d0f0a83ba83a45,True
松山市,2026-03,第1415号,2026-03-11,2026-03-11,2031-03-31,飲食店営業,ピザハット松山城南店,松山市越智3丁目4-23Sキャメリア102,382019,,,,,new_or_renewal,https://www.city.matsuyama.ehime.jp/shisei/opendata/metadata/shokuhinsinki.files/shokuhinsinki.xlsx,076ab31512db6c0d16c1b33f07ef1bd543cdc99cc8d394f932db4b2b7560bd84,official_current_rolling_workbook,2026-03,new,3281ef281ce9f20e8296651d,True
松山市,2026-03,第1416号,2026-03-11,2026-03-11,2031-03-31,飲食店営業,茶々茶,松山市二番町1丁目5-18アベニール神戸館ビルB1,382019,,,,,new_or_renewal,https://www.city.matsuyama.ehime.jp/shisei/opendata/metadata/shokuhinsinki.files/shokuhinsinki.xlsx,076ab31512db6c0d16c1b33f07ef1bd543cdc99cc8d394f932db4b2b7560bd84,official_current_rolling_workbook,2026-03,new,837cb7ac997be12b015dd36d,True
松山市,2026-03,第1417号,2026-03-11,2026-03-11,2031-03-31,菓子製造業,稲田製菓舗,松山市祇園町3-32,382019,,,,,new_or_renewal,https://www.city.matsuyama.ehime.jp/shisei/opendata/metadata/shokuhinsinki.files/shokuhinsinki.xlsx,076ab31512db6c0d16c1b33f07ef1bd543cdc99cc8d394f932db4b2b7560bd84,official_current_rolling_workbook,2026-03,new,3afcdaed7a3637808657f585,False
松山市,2026-03,第1418号,2026-03-11,2026-03-11,2031-03-31,菓子製造業,R-Küche Delikatessen,松山市和田373-16　1F,382019,,,,,new_or_renewal,https://www.city.matsuyama.ehime.jp/shisei/opendata/metadata/shokuhinsinki.files/shokuhinsinki.xlsx,076ab31512db6c0d16c1b33f07ef1bd543cdc99cc8d394f932db4b2b7560bd84,official_current_rolling_workbook,2026-03,new,feca0c5c6889b2f7cd7c6f4f,False
松山市,2026-03,第1419号,2026-03-11,2026-03-11,2031-03-31,食肉販売業,城南ビーフM.K,松山市南斎院町943,382019,,,,,new_or_renewal,https://www.city.matsuyama.ehime.jp/shisei/opendata/metadata/shokuhinsinki.files/shokuhinsinki.xlsx,076ab31512db6c0d16c1b33f07ef1bd543cdc99cc8d394f932db4b2b7560bd84,official_current_rolling_workbook,2026-03,new,d87d0502dd0e3472a0d65df4,False
松山市,2026-03,第1420号,2026-03-11,2026-03-11,2031-03-31,食肉販売業,Aコープハトマート北条,松山市北条辻445-3,382019,,,,,new_or_renewal,https://www.city.matsuyama.ehime.jp/shisei/opendata/metadata/shokuhinsinki.files/shokuhinsinki.xlsx,076ab31512db6c0d16c1b33f07ef1bd543cdc99cc8d394f932db4b2b7560bd84,official_current_rolling_workbook,2026-03,new,efe3c3755f30d2a8afe7b901,False
松山市,2026-03,第1421号,2026-03-11,2026-03-11,2031-03-31,麺類製造業,有限会社中島屋食品,松山市福音寺町552-3,382019,,,,,new_or_renewal,https://www.city.matsuyama.ehime.jp/shisei/opendata/metadata/shokuhinsinki.files/shokuhinsinki.xlsx,076ab31512db6c0d16c1b33f07ef1bd543cdc99cc8d394f932db4b2b7560bd84,official_current_rolling_workbook,2026-03,new,a0a5ee1eea882845612082a4,False
松山市,2026-03,第1422号,2026-03-12,2026-03-12,2031-03-31,飲食店営業,日清医療食品株式会社　愛媛県立中央病院事業所,松山市春日町83,382019,,,,,new_or_renewal,https://www.city.matsuyama.ehime.jp/shisei/opendata/metadata/shokuhinsinki.files/shokuhinsinki.xlsx,076ab31512db6c0d16c1b33f07ef1bd543cdc99cc8d394f932db4b2b7560bd84,official_current_rolling_workbook,2026-03,new,26e3e0c1e10b00d0302c5642,True
松山市,2026-03,第1423号,2026-03-12,2026-03-12,2031-03-31,飲食店営業,日清医療食品株式会社　ベテルホーム事業所,松山市祝谷6丁目1277,382019,,,,,new_or_renewal,https://www.city.matsuyama.ehime.jp/shisei/opendata/metadata/shokuhinsinki.files/shokuhinsinki.xlsx,076ab31512db6c0d16c1b33f07ef1bd543cdc99cc8d394f932db4b2b7560bd84,official_current_rolling_workbook,2026-03,new,399c83004b9cd023c78319d4,True
松山市,2026-03,第1424号,2026-03-12,2026-03-12,2031-03-31,飲食店営業,日清医療食品株式会社　海辺の郷事業所,松山市柳原739,382019,,,,,new_or_renewal,https://www.city.matsuyama.ehime.jp/shisei/opendata/metadata/shokuhinsinki.files/shokuhinsinki.xlsx,076ab31512db6c0d16c1b33f07ef1bd543cdc99cc8d394f932db4b2b7560bd84,official_current_rolling_workbook,2026-03,new,ac535228183a892dd5ca49b1,True
松山市,2026-03,第1425号,2026-03-12,2026-03-12,2031-03-31,飲食店営業,トアル食堂,松山市土居田町630八束第3ビル1F,382019,,,,,new_or_renewal,https://www.city.matsuyama.ehime.jp/shisei/opendata/metadata/shokuhinsinki.files/shokuhinsinki.xlsx,076ab31512db6c0d16c1b33f07ef1bd543cdc99cc8d394f932db4b2b7560bd84,official_current_rolling_workbook,2026-03,new,9d9cc79e42c4778887e7d9f2,True
松山市,2026-03,第1426号,2026-03-12,2026-03-12,2031-03-31,菓子製造業,マルヨシセンター余戸店,松山市余戸東1丁目10-40,382019,,,,,new_or_renewal,https://www.city.matsuyama.ehime.jp/shisei/opendata/metadata/shokuhinsinki.files/shokuhinsinki.xlsx,076ab31512db6c0d16c1b33f07ef1bd543cdc99cc8d394f932db4b2b7560bd84,official_current_rolling_workbook,2026-03,new,ee993b87a8d8e51664f0d280,False
松山市,2026-03,第1427号,2026-03-12,2026-03-12,2031-03-31,食肉販売業,マルヨシセンター余戸店,松山市余戸東1丁目10-40,382019,,,,,new_or_renewal,https://www.city.matsuyama.ehime.jp/shisei/opendata/metadata/shokuhinsinki.files/shokuhinsinki.xlsx,076ab31512db6c0d16c1b33f07ef1bd543cdc99cc8d394f932db4b2b7560bd84,official_current_rolling_workbook,2026-03,new,f602b2ad28e31467b5c12054,False
松山市,2026-03,第1428号,2026-03-12,2026-03-12,2031-03-31,魚介類販売業,マルヨシセンター余戸店,松山市余戸東1丁目10-40,382019,,,,,new_or_renewal,https://www.city.matsuyama.ehime.jp/shisei/opendata/metadata/shokuhinsinki.files/shokuhinsinki.xlsx,076ab31512db6c0d16c1b33f07ef1bd543cdc99cc8d394f932db4b2b7560bd84,official_current_rolling_workbook,2026-03,new,be45e637117078eb85ac6ac0,False
松山市,2026-03,第1429号,2026-03-12,2026-03-12,2031-03-31,飲食店営業,マルヨシセンター余戸店（寿司）,松山市余戸東1丁目10-40,382019,,,,,new_or_renewal,https://www.city.matsuyama.ehime.jp/shisei/opendata/metadata/shokuhinsinki.files/shokuhinsinki.xlsx,076ab31512db6c0d16c1b33f07ef1bd543cdc99cc8d394f932db4b2b7560bd84,official_current_rolling_workbook,2026-03,new,9b1d43ac43c67147a4fc3203,True
松山市,2026-03,第1430号,2026-03-12,2026-03-12,2031-03-31,飲食店営業,マルヨシセンター余戸店（惣菜）,松山市余戸東1丁目10-40,382019,,,,,new_or_renewal,https://www.city.matsuyama.ehime.jp/shisei/opendata/metadata/shokuhinsinki.files/shokuhinsinki.xlsx,076ab31512db6c0d16c1b33f07ef1bd543cdc99cc8d394f932db4b2b7560bd84,official_current_rolling_workbook,2026-03,new,eb6fa5a02bd3286a51acf7c6,True
松山市,2026-03,第1431号,2026-03-12,2026-03-12,2031-03-31,飲食店営業,マルヨシセンター余戸店（フレッシュジュース）,松山市余戸東1丁目10-40,382019,,,,,new_or_renewal,https://www.city.matsuyama.ehime.jp/shisei/opendata/metadata/shokuhinsinki.files/shokuhinsinki.xlsx,076ab31512db6c0d16c1b33f07ef1bd543cdc99cc8d394f932db4b2b7560bd84,official_current_rolling_workbook,2026-03,new,ce7bb81e1b5894c588ec70aa,True
松山市,2026-03,第1432号,2026-03-12,2026-03-12,2031-03-31,食肉処理業,（株）さんきょう,松山市清住2丁目1040-3,382019,,,,,new_or_renewal,https://www.city.matsuyama.ehime.jp/shisei/opendata/metadata/shokuhinsinki.files/shokuhinsinki.xlsx,076ab31512db6c0d16c1b33f07ef1bd543cdc99cc8d394f932db4b2b7560bd84,official_current_rolling_workbook,2026-03,new,41bce2a3eb5d356bb356e5e8,False
松山市,2026-03,第1433号,2026-03-12,2026-03-12,2031-03-31,飲食店営業,メンバーズ華凛,松山市二番町1丁目5-31 AIBARA二番町ビル4F,382019,,,,,new_or_renewal,https://www.city.matsuyama.ehime.jp/shisei/opendata/metadata/shokuhinsinki.files/shokuhinsinki.xlsx,076ab31512db6c0d16c1b33f07ef1bd543cdc99cc8d394f932db4b2b7560bd84,official_current_rolling_workbook,2026-03,new,afd54e16abccb1f665282f47,True
松山市,2026-03,第1434号,2026-03-13,2026-03-13,2031-03-31,飲食店営業,Ｄａｙ’ｓ,松山市余戸南1丁目24-48 1F,382019,,,,,new_or_renewal,https://www.city.matsuyama.ehime.jp/shisei/opendata/metadata/shokuhinsinki.files/shokuhinsinki.xlsx,076ab31512db6c0d16c1b33f07ef1bd543cdc99cc8d394f932db4b2b7560bd84,official_current_rolling_workbook,2026-03,new,edb1ad8b02969abf64814d26,True
松山市,2026-03,第1435号,2026-03-13,2026-03-13,2031-03-31,飲食店営業,MADO,松山市石手四丁目2ｰ30,382019,,,,,new_or_renewal,https://www.city.matsuyama.ehime.jp/shisei/opendata/metadata/shokuhinsinki.files/shokuhinsinki.xlsx,076ab31512db6c0d16c1b33f07ef1bd543cdc99cc8d394f932db4b2b7560bd84,official_current_rolling_workbook,2026-03,new,0021efe23b149dae0300e74f,True
松山市,2026-03,第1436号,2026-03-13,2026-03-13,2031-03-31,飲食店営業,松山市松山南学校給食共同調理場,松山市井門町1084-1,382019,,,,,new_or_renewal,https://www.city.matsuyama.ehime.jp/shisei/opendata/metadata/shokuhinsinki.files/shokuhinsinki.xlsx,076ab31512db6c0d16c1b33f07ef1bd543cdc99cc8d394f932db4b2b7560bd84,official_current_rolling_workbook,2026-03,new,f0ea39c01abee07c73a757ba,True
松山市,2026-03,第1437号,2026-03-13,2026-03-13,2031-03-31,飲食店営業,BAR　平乃,松山市三番町2丁目5-14三番町村松ビル1F,382019,,,,,new_or_renewal,https://www.city.matsuyama.ehime.jp/shisei/opendata/metadata/shokuhinsinki.files/shokuhinsinki.xlsx,076ab31512db6c0d16c1b33f07ef1bd543cdc99cc8d394f932db4b2b7560bd84,official_current_rolling_workbook,2026-03,new,4e4c53e7e025f68b4a705c37,True
松山市,2026-03,第1438号,2026-03-16,2026-03-16,2031-03-31,飲食店営業,インドアゴルフ　中川,松山市山越6丁目16-28,382019,,,,,new_or_renewal,https://www.city.matsuyama.ehime.jp/shisei/opendata/metadata/shokuhinsinki.files/shokuhinsinki.xlsx,076ab31512db6c0d16c1b33f07ef1bd543cdc99cc8d394f932db4b2b7560bd84,official_current_rolling_workbook,2026-03,new,35c018c5275e635e341330ec,True
松山市,2026-03,第1439号,2026-03-16,2026-03-16,2031-03-31,飲食店営業,カラオケサロン　ローズ,松山市北久米町339,382019,,,,,new_or_renewal,https://www.city.matsuyama.ehime.jp/shisei/opendata/metadata/shokuhinsinki.files/shokuhinsinki.xlsx,076ab31512db6c0d16c1b33f07ef1bd543cdc99cc8d394f932db4b2b7560bd84,official_current_rolling_workbook,2026-03,new,f5a143a9970fab304779b042,True
松山市,2026-03,第1440号,2026-03-16,2026-03-16,2031-03-31,飲食店営業,えひめ柑橘八幡浜じゃこ天　おがた蒲鉾,松山市南吉田町2731松山空港1F内,382019,,,,,new_or_renewal,https://www.city.matsuyama.ehime.jp/shisei/opendata/metadata/shokuhinsinki.files/shokuhinsinki.xlsx,076ab31512db6c0d16c1b33f07ef1bd543cdc99cc8d394f932db4b2b7560bd84,official_current_rolling_workbook,2026-03,new,b73735a929ce2518769ff58d,True
松山市,2026-03,第1441号,2026-03-16,2026-03-16,2031-03-31,飲食店営業,島のモノ　喫茶　田中戸,松山市住吉2丁目8-1　1F,382019,,,,,new_or_renewal,https://www.city.matsuyama.ehime.jp/shisei/opendata/metadata/shokuhinsinki.files/shokuhinsinki.xlsx,076ab31512db6c0d16c1b33f07ef1bd543cdc99cc8d394f932db4b2b7560bd84,official_current_rolling_workbook,2026-03,new,40750d76d9329dd789c60c91,True
松山市,2026-03,第1442号,2026-03-16,2026-03-16,2031-03-31,飲食店営業,たこ焼　山太,松山市保健所管内,382019,,,,,new_or_renewal,https://www.city.matsuyama.ehime.jp/shisei/opendata/metadata/shokuhinsinki.files/shokuhinsinki.xlsx,076ab31512db6c0d16c1b33f07ef1bd543cdc99cc8d394f932db4b2b7560bd84,official_current_rolling_workbook,2026-03,new,adb0acbf6e79a32311f70a8c,True
松山市,2026-03,第1443号,2026-03-16,2026-03-16,2031-03-31,飲食店営業,どらもみじ　グリーン　泊町,松山市泊町802,382019,,,,,new_or_renewal,https://www.city.matsuyama.ehime.jp/shisei/opendata/metadata/shokuhinsinki.files/shokuhinsinki.xlsx,076ab31512db6c0d16c1b33f07ef1bd543cdc99cc8d394f932db4b2b7560bd84,official_current_rolling_workbook,2026-03,new,361017b6f218e17f590c8a53,True
松山市,2026-03,第1444号,2026-03-17,2026-03-17,2031-03-31,飲食店営業,炭焼き　はぶ鶏,松山市西垣生町489-4,382019,,,,,new_or_renewal,https://www.city.matsuyama.ehime.jp/shisei/opendata/metadata/shokuhinsinki.files/shokuhinsinki.xlsx,076ab31512db6c0d16c1b33f07ef1bd543cdc99cc8d394f932db4b2b7560bd84,official_current_rolling_workbook,2026-03,new,7af02b60b4b0f9149d74fc57,True
松山市,2026-03,第1445号,2026-03-17,2026-03-17,2031-03-31,飲食店営業,おにぎり屋　ふみちゃん,松山市東方町甲386-2,382019,,,,,new_or_renewal,https://www.city.matsuyama.ehime.jp/shisei/opendata/metadata/shokuhinsinki.files/shokuhinsinki.xlsx,076ab31512db6c0d16c1b33f07ef1bd543cdc99cc8d394f932db4b2b7560bd84,official_current_rolling_workbook,2026-03,new,7209a2ce24180e77915fd59a,True
松山市,2026-03,第1446号,2026-03-17,2026-03-17,2031-03-31,飲食店営業,LILAC DAYS CAFE,松山市大街道3丁目2-38若松ビル2F,382019,,,,,new_or_renewal,https://www.city.matsuyama.ehime.jp/shisei/opendata/metadata/shokuhinsinki.files/shokuhinsinki.xlsx,076ab31512db6c0d16c1b33f07ef1bd543cdc99cc8d394f932db4b2b7560bd84,official_current_rolling_workbook,2026-03,new,75782b90b30dfd4807132508,True
松山市,2026-03,第1447号,2026-03-17,2026-03-17,2031-03-31,飲食店営業,歌ごえホール 藤,松山市北条895本町ハイツ101,382019,,,,,new_or_renewal,https://www.city.matsuyama.ehime.jp/shisei/opendata/metadata/shokuhinsinki.files/shokuhinsinki.xlsx,076ab31512db6c0d16c1b33f07ef1bd543cdc99cc8d394f932db4b2b7560bd84,official_current_rolling_workbook,2026-03,new,fa69bcbf5b960ac3109a5e20,True
松山市,2026-03,第1448号,2026-03-17,2026-03-17,2031-03-31,飲食店営業,からあげや　カリッジュ　パルティ・フジ衣山店,松山市衣山1丁目188パルティ・フジ衣山１F,382019,,,,,new_or_renewal,https://www.city.matsuyama.ehime.jp/shisei/opendata/metadata/shokuhinsinki.files/shokuhinsinki.xlsx,076ab31512db6c0d16c1b33f07ef1bd543cdc99cc8d394f932db4b2b7560bd84,official_current_rolling_workbook,2026-03,new,26f569e1bf65cd28a63876c5,True
松山市,2026-03,第1449号,2026-03-17,2026-03-17,2031-03-31,飲食店営業,京都割烹やなぎさわや,松山市余戸南1丁目12-19,382019,,,,,new_or_renewal,https://www.city.matsuyama.ehime.jp/shisei/opendata/metadata/shokuhinsinki.files/shokuhinsinki.xlsx,076ab31512db6c0d16c1b33f07ef1bd543cdc99cc8d394f932db4b2b7560bd84,official_current_rolling_workbook,2026-03,new,6017bab62533fe2039723baa,True
松山市,2026-03,第1450号,2026-03-17,2026-03-17,2031-03-31,そうざい製造業,株式会社松山生協　三津店（惣菜）,松山市古三津2丁目18-27,382019,,,,,new_or_renewal,https://www.city.matsuyama.ehime.jp/shisei/opendata/metadata/shokuhinsinki.files/shokuhinsinki.xlsx,076ab31512db6c0d16c1b33f07ef1bd543cdc99cc8d394f932db4b2b7560bd84,official_current_rolling_workbook,2026-03,new,593f1feeba163fcbb5cb02c3,False
松山市,2026-03,第1451号,2026-03-17,2026-03-17,2031-03-31,魚介類販売業,株式会社松山生協　三津店,松山市古三津2丁目18-27,382019,,,,,new_or_renewal,https://www.city.matsuyama.ehime.jp/shisei/opendata/metadata/shokuhinsinki.files/shokuhinsinki.xlsx,076ab31512db6c0d16c1b33f07ef1bd543cdc99cc8d394f932db4b2b7560bd84,official_current_rolling_workbook,2026-03,new,84641868121a256fc9ea2538,False
松山市,2026-03,第1452号,2026-03-17,2026-03-17,2031-03-31,食肉販売業,株式会社松山生協　三津店,松山市古三津2丁目18-27,382019,,,,,new_or_renewal,https://www.city.matsuyama.ehime.jp/shisei/opendata/metadata/shokuhinsinki.files/shokuhinsinki.xlsx,076ab31512db6c0d16c1b33f07ef1bd543cdc99cc8d394f932db4b2b7560bd84,official_current_rolling_workbook,2026-03,new,1a5052236ba8dbb9f96584d6,False
松山市,2026-03,第1453号,2026-03-18,2026-03-18,2031-03-31,水産製品製造業,株式会社佐田岬の鬼,松山市南吉田町1497-1,382019,,,,,new_or_renewal,https://www.city.matsuyama.ehime.jp/shisei/opendata/metadata/shokuhinsinki.files/shokuhinsinki.xlsx,076ab31512db6c0d16c1b33f07ef1bd543cdc99cc8d394f932db4b2b7560bd84,official_current_rolling_workbook,2026-03,new,fcfd422e62de39eb8fe6a0ef,False
松山市,2026-03,第1454号,2026-03-18,2026-03-18,2031-03-31,飲食店営業,Tabijio by 伯方の塩,松山市南吉田町2731 松山空港ビル 1F,382019,,,,,new_or_renewal,https://www.city.matsuyama.ehime.jp/shisei/opendata/metadata/shokuhinsinki.files/shokuhinsinki.xlsx,076ab31512db6c0d16c1b33f07ef1bd543cdc99cc8d394f932db4b2b7560bd84,official_current_rolling_workbook,2026-03,new,cdcccbc7b5b0c321216ef656,True
松山市,2026-03,第1455号,2026-03-18,2026-03-18,2031-03-31,飲食店営業,島原かまぼこ　松山空港店,松山市南吉田町2731　 1F,382019,,,,,new_or_renewal,https://www.city.matsuyama.ehime.jp/shisei/opendata/metadata/shokuhinsinki.files/shokuhinsinki.xlsx,076ab31512db6c0d16c1b33f07ef1bd543cdc99cc8d394f932db4b2b7560bd84,official_current_rolling_workbook,2026-03,new,e542657424d60bd8f5f8b9b1,True
松山市,2026-03,第1456号,2026-03-18,2026-03-18,2031-03-31,飲食店営業,UNITED SILK store&café,松山市大街道3丁目2-8,382019,,,,,new_or_renewal,https://www.city.matsuyama.ehime.jp/shisei/opendata/metadata/shokuhinsinki.files/shokuhinsinki.xlsx,076ab31512db6c0d16c1b33f07ef1bd543cdc99cc8d394f932db4b2b7560bd84,official_current_rolling_workbook,2026-03,new,3e7f7defb450388e4485d2a7,True
松山市,2026-03,第1457号,2026-03-18,2026-03-18,2031-03-31,飲食店営業,ファミリーマート松山福音寺町東店,松山市福音寺町40-1,382019,,,,,new_or_renewal,https://www.city.matsuyama.ehime.jp/shisei/opendata/metadata/shokuhinsinki.files/shokuhinsinki.xlsx,076ab31512db6c0d16c1b33f07ef1bd543cdc99cc8d394f932db4b2b7560bd84,official_current_rolling_workbook,2026-03,new,925d34c094bbd8adbc7195bf,True
松山市,2026-03,第1458号,2026-03-18,2026-03-18,2031-03-31,飲食店営業,ミサイル,松山市二番町2丁目1-16第二アークビル　2F,382019,,,,,new_or_renewal,https://www.city.matsuyama.ehime.jp/shisei/opendata/metadata/shokuhinsinki.files/shokuhinsinki.xlsx,076ab31512db6c0d16c1b33f07ef1bd543cdc99cc8d394f932db4b2b7560bd84,official_current_rolling_workbook,2026-03,new,fd8950c1291ded4dbf2ff2c9,True
松山市,2026-03,第1459号,2026-03-18,2026-03-18,2031-03-31,飲食店営業,B・R・M,松山市二番町2丁目1-16 第二アークビル3F,382019,,,,,new_or_renewal,https://www.city.matsuyama.ehime.jp/shisei/opendata/metadata/shokuhinsinki.files/shokuhinsinki.xlsx,076ab31512db6c0d16c1b33f07ef1bd543cdc99cc8d394f932db4b2b7560bd84,official_current_rolling_workbook,2026-03,new,b5486e8181b7453ea468d096,True
松山市,2026-03,第1460号,2026-03-19,2026-03-19,2031-03-31,飲食店営業,スナック　KARIN,松山市道後湯之町6-23 1F,382019,,,,,new_or_renewal,https://www.city.matsuyama.ehime.jp/shisei/opendata/metadata/shokuhinsinki.files/shokuhinsinki.xlsx,076ab31512db6c0d16c1b33f07ef1bd543cdc99cc8d394f932db4b2b7560bd84,official_current_rolling_workbook,2026-03,new,87af2ca0c1b24d72c83cc91a,True
松山市,2026-03,第1461号,2026-03-19,2026-03-19,2031-03-31,飲食店営業,小鉄,松山市三番町2丁目10-2高岡ビル1F,382019,,,,,new_or_renewal,https://www.city.matsuyama.ehime.jp/shisei/opendata/metadata/shokuhinsinki.files/shokuhinsinki.xlsx,076ab31512db6c0d16c1b33f07ef1bd543cdc99cc8d394f932db4b2b7560bd84,official_current_rolling_workbook,2026-03,new,72731181d264f9b304a0d3e8,True
松山市,2026-03,第1462号,2026-03-19,2026-03-19,2031-03-31,飲食店営業,豚太郎11号店,松山市久米窪田町1170-3,382019,,,,,new_or_renewal,https://www.city.matsuyama.ehime.jp/shisei/opendata/metadata/shokuhinsinki.files/shokuhinsinki.xlsx,076ab31512db6c0d16c1b33f07ef1bd543cdc99cc8d394f932db4b2b7560bd84,official_current_rolling_workbook,2026-03,new,34a1c5199de6b765e8415758,True
松山市,2026-03,第1463号,2026-03-19,2026-03-19,2031-03-31,飲食店営業,たこ焼き　信,松山市保健所管内,382019,,,,,new_or_renewal,https://www.city.matsuyama.ehime.jp/shisei/opendata/metadata/shokuhinsinki.files/shokuhinsinki.xlsx,076ab31512db6c0d16c1b33f07ef1bd543cdc99cc8d394f932db4b2b7560bd84,official_current_rolling_workbook,2026-03,new,7700cffc6f1b600d0c1931f9,True
松山市,2026-03,第1464号,2026-03-21,2026-03-21,2031-03-31,飲食店営業,グリーン　ミーツ　コリア　ジョー・プラ　1F　センターコート,松山市朝生田町5丁目1-25ジョー・プラ　1F　センターコート,382019,,,,,new_or_renewal,https://www.city.matsuyama.ehime.jp/shisei/opendata/metadata/shokuhinsinki.files/shokuhinsinki.xlsx,076ab31512db6c0d16c1b33f07ef1bd543cdc99cc8d394f932db4b2b7560bd84,official_current_rolling_workbook,2026-03,new,6f06381df9c82334b362692e,True
松山市,2026-03,第1465号,2026-03-23,2026-03-23,2031-03-31,飲食店営業,旅館　浦田荘,松山市北吉田町166-1,382019,,,,,new_or_renewal,https://www.city.matsuyama.ehime.jp/shisei/opendata/metadata/shokuhinsinki.files/shokuhinsinki.xlsx,076ab31512db6c0d16c1b33f07ef1bd543cdc99cc8d394f932db4b2b7560bd84,official_current_rolling_workbook,2026-03,new,421012fbeb445b830f46904e,True
松山市,2026-03,第1466号,2026-03-23,2026-03-23,2031-03-31,菓子製造業,なかまリスタ,松山市内宮町507-1,382019,,,,,new_or_renewal,https://www.city.matsuyama.ehime.jp/shisei/opendata/metadata/shokuhinsinki.files/shokuhinsinki.xlsx,076ab31512db6c0d16c1b33f07ef1bd543cdc99cc8d394f932db4b2b7560bd84,official_current_rolling_workbook,2026-03,new,38527810cf5c450782bc2bff,False
松山市,2026-03,第1467号,2026-03-23,2026-03-23,2031-03-31,飲食店営業,なかまリスタ,松山市内宮町507-1,382019,,,,,new_or_renewal,https://www.city.matsuyama.ehime.jp/shisei/opendata/metadata/shokuhinsinki.files/shokuhinsinki.xlsx,076ab31512db6c0d16c1b33f07ef1bd543cdc99cc8d394f932db4b2b7560bd84,official_current_rolling_workbook,2026-03,new,88aded573f50578088f23d47,True
松山市,2026-03,第1468号,2026-03-23,2026-03-23,2031-03-31,菓子製造業,nikonikoドーナツ,松山市高岡町315-27,382019,,,,,new_or_renewal,https://www.city.matsuyama.ehime.jp/shisei/opendata/metadata/shokuhinsinki.files/shokuhinsinki.xlsx,076ab31512db6c0d16c1b33f07ef1bd543cdc99cc8d394f932db4b2b7560bd84,official_current_rolling_workbook,2026-03,new,9703cb38ff65b7e7e9b4ad56,False
松山市,2026-03,第1469号,2026-03-23,2026-03-23,2031-03-31,飲食店営業,愛媛慈恵会,松山市束本2丁目13-3,382019,,,,,new_or_renewal,https://www.city.matsuyama.ehime.jp/shisei/opendata/metadata/shokuhinsinki.files/shokuhinsinki.xlsx,076ab31512db6c0d16c1b33f07ef1bd543cdc99cc8d394f932db4b2b7560bd84,official_current_rolling_workbook,2026-03,new,9742df6c1ad60a1b8ac5898b,True
松山市,2026-03,第1470号,2026-03-23,2026-03-23,2031-03-31,魚介類販売業,(株)山鮮,松山市天山3丁目2-22,382019,,,,,new_or_renewal,https://www.city.matsuyama.ehime.jp/shisei/opendata/metadata/shokuhinsinki.files/shokuhinsinki.xlsx,076ab31512db6c0d16c1b33f07ef1bd543cdc99cc8d394f932db4b2b7560bd84,official_current_rolling_workbook,2026-03,new,e2f9135fd80c9445c8dbffd4,False
松山市,2026-03,第1471号,2026-03-23,2026-03-23,2031-03-31,そうざい製造業,有限会社登佐屋上町,松山市北条795,382019,,,,,new_or_renewal,https://www.city.matsuyama.ehime.jp/shisei/opendata/metadata/shokuhinsinki.files/shokuhinsinki.xlsx,076ab31512db6c0d16c1b33f07ef1bd543cdc99cc8d394f932db4b2b7560bd84,official_current_rolling_workbook,2026-03,new,4c455c3b51c0e927903be4ff,False
松山市,2026-03,第1472号,2026-03-23,2026-03-23,2031-03-31,菓子製造業,シャルム,松山市和泉南3丁目4-40アーバンコート花椿1F,382019,,,,,new_or_renewal,https://www.city.matsuyama.ehime.jp/shisei/opendata/metadata/shokuhinsinki.files/shokuhinsinki.xlsx,076ab31512db6c0d16c1b33f07ef1bd543cdc99cc8d394f932db4b2b7560bd84,official_current_rolling_workbook,2026-03,new,3bdf49af1881aa8e8db281ad,False
松山市,2026-03,第1473号,2026-03-23,2026-03-23,2031-03-31,菓子製造業,コープえひめ久米店,松山市鷹子町70,382019,,,,,new_or_renewal,https://www.city.matsuyama.ehime.jp/shisei/opendata/metadata/shokuhinsinki.files/shokuhinsinki.xlsx,076ab31512db6c0d16c1b33f07ef1bd543cdc99cc8d394f932db4b2b7560bd84,official_current_rolling_workbook,2026-03,new,0cbb3d722d8d87cf30515f25,False
松山市,2026-03,第1474号,2026-03-23,2026-03-23,2031-03-31,飲食店営業,和食処　秀,松山市北条辻432-3,382019,,,,,new_or_renewal,https://www.city.matsuyama.ehime.jp/shisei/opendata/metadata/shokuhinsinki.files/shokuhinsinki.xlsx,076ab31512db6c0d16c1b33f07ef1bd543cdc99cc8d394f932db4b2b7560bd84,official_current_rolling_workbook,2026-03,new,5f4de54fad1a673d108d18a0,True
松山市,2026-03,第1475号,2026-03-23,2026-03-23,2031-03-31,飲食店営業,ネコヤナギ,松山市二番町1丁目10-4 番町ビル3F,382019,,,,,new_or_renewal,https://www.city.matsuyama.ehime.jp/shisei/opendata/metadata/shokuhinsinki.files/shokuhinsinki.xlsx,076ab31512db6c0d16c1b33f07ef1bd543cdc99cc8d394f932db4b2b7560bd84,official_current_rolling_workbook,2026-03,new,79712d200b1adfd691f73b7d,True
松山市,2026-03,第1476号,2026-03-23,2026-03-23,2031-03-31,飲食店営業,肴と炭火焼　玉,松山市二番町3丁目8-7熊本ビル1F,382019,,,,,new_or_renewal,https://www.city.matsuyama.ehime.jp/shisei/opendata/metadata/shokuhinsinki.files/shokuhinsinki.xlsx,076ab31512db6c0d16c1b33f07ef1bd543cdc99cc8d394f932db4b2b7560bd84,official_current_rolling_workbook,2026-03,new,55bfd0a1f10768817876b8b4,True
松山市,2026-03,第1477号,2026-03-23,2026-03-23,2031-03-31,飲食店営業,スカイラウンジ,松山市南吉田町2731松山空港ターミナルビル3F,382019,,,,,new_or_renewal,https://www.city.matsuyama.ehime.jp/shisei/opendata/metadata/shokuhinsinki.files/shokuhinsinki.xlsx,076ab31512db6c0d16c1b33f07ef1bd543cdc99cc8d394f932db4b2b7560bd84,official_current_rolling_workbook,2026-03,new,0f5d41dbd771bfce1087df62,True
松山市,2026-03,第1478号,2026-03-23,2026-03-23,2031-03-31,飲食店営業,すたみな亭松山店,松山市福音寺町3-1,382019,,,,,new_or_renewal,https://www.city.matsuyama.ehime.jp/shisei/opendata/metadata/shokuhinsinki.files/shokuhinsinki.xlsx,076ab31512db6c0d16c1b33f07ef1bd543cdc99cc8d394f932db4b2b7560bd84,official_current_rolling_workbook,2026-03,new,3aa73bfd923baabf7b3224e1,True
松山市,2026-03,第1479号,2026-03-23,2026-03-23,2031-03-31,飲食店営業,ヴェスターレ,松山市二番町1丁目8-2 ニック33ビル　4F,382019,,,,,new_or_renewal,https://www.city.matsuyama.ehime.jp/shisei/opendata/metadata/shokuhinsinki.files/shokuhinsinki.xlsx,076ab31512db6c0d16c1b33f07ef1bd543cdc99cc8d394f932db4b2b7560bd84,official_current_rolling_workbook,2026-03,new,53bc39b0297497603d5183a4,True
松山市,2026-03,第1480号,2026-03-23,2026-03-23,2031-03-31,飲食店営業,ファミリーマート清住店,松山市清住1丁目2-6,382019,,,,,new_or_renewal,https://www.city.matsuyama.ehime.jp/shisei/opendata/metadata/shokuhinsinki.files/shokuhinsinki.xlsx,076ab31512db6c0d16c1b33f07ef1bd543cdc99cc8d394f932db4b2b7560bd84,official_current_rolling_workbook,2026-03,new,818cbf747f6b24658aec531a,True
松山市,2026-03,第1481号,2026-03-23,2026-03-23,2031-03-31,飲食店営業,言の葉,松山市二番町1丁目3-1 古唐人夢館　2F,382019,,,,,new_or_renewal,https://www.city.matsuyama.ehime.jp/shisei/opendata/metadata/shokuhinsinki.files/shokuhinsinki.xlsx,076ab31512db6c0d16c1b33f07ef1bd543cdc99cc8d394f932db4b2b7560bd84,official_current_rolling_workbook,2026-03,new,719211309f777c478f1e5dd3,True
松山市,2026-03,第1482号,2026-03-23,2026-03-23,2031-03-31,飲食店営業,BAR FUG,松山市二番町1丁目9-13マジョリカハウス2F,382019,,,,,new_or_renewal,https://www.city.matsuyama.ehime.jp/shisei/opendata/metadata/shokuhinsinki.files/shokuhinsinki.xlsx,076ab31512db6c0d16c1b33f07ef1bd543cdc99cc8d394f932db4b2b7560bd84,official_current_rolling_workbook,2026-03,new,da0392d68121972f51313b40,True
松山市,2026-03,第1483号,2026-03-23,2026-03-23,2031-03-31,飲食店営業,東京油組総本店　松山組,松山市千舟町5丁目1-6ミヤケビル1F北,382019,,,,,new_or_renewal,https://www.city.matsuyama.ehime.jp/shisei/opendata/metadata/shokuhinsinki.files/shokuhinsinki.xlsx,076ab31512db6c0d16c1b33f07ef1bd543cdc99cc8d394f932db4b2b7560bd84,official_current_rolling_workbook,2026-03,new,aa85a828a613a2578278bb1c,True
松山市,2026-03,第1484号,2026-03-23,2026-03-23,2031-03-31,飲食店営業,風風亭久米店,松山市来住町1462-1,382019,,,,,new_or_renewal,https://www.city.matsuyama.ehime.jp/shisei/opendata/metadata/shokuhinsinki.files/shokuhinsinki.xlsx,076ab31512db6c0d16c1b33f07ef1bd543cdc99cc8d394f932db4b2b7560bd84,official_current_rolling_workbook,2026-03,new,ab83430d208175e9b2b03fe2,True
松山市,2026-03,第1485号,2026-03-23,2026-03-23,2031-03-31,飲食店営業,COO,松山市二番町1丁目10-4番町ビル4F,382019,,,,,new_or_renewal,https://www.city.matsuyama.ehime.jp/shisei/opendata/metadata/shokuhinsinki.files/shokuhinsinki.xlsx,076ab31512db6c0d16c1b33f07ef1bd543cdc99cc8d394f932db4b2b7560bd84,official_current_rolling_workbook,2026-03,new,2667747ec16a6e48029bf6da,True
松山市,2026-03,第1486号,2026-03-23,2026-03-23,2031-03-31,飲食店営業,一文寿し,松山市北土居4丁目5-6 1F,382019,,,,,new_or_renewal,https://www.city.matsuyama.ehime.jp/shisei/opendata/metadata/shokuhinsinki.files/shokuhinsinki.xlsx,076ab31512db6c0d16c1b33f07ef1bd543cdc99cc8d394f932db4b2b7560bd84,official_current_rolling_workbook,2026-03,new,6d7fb863acf0c5fd1d28fa7e,True
松山市,2026-03,第1487号,2026-03-23,2026-03-23,2031-03-31,添加物製造業,株式会社大阪ソーダ　松山工場,松山市北吉田町77番地,382019,,,,,new_or_renewal,https://www.city.matsuyama.ehime.jp/shisei/opendata/metadata/shokuhinsinki.files/shokuhinsinki.xlsx,076ab31512db6c0d16c1b33f07ef1bd543cdc99cc8d394f932db4b2b7560bd84,official_current_rolling_workbook,2026-03,new,d2570aed37039c3d23df5f29,False
松山市,2026-03,第1488号,2026-03-23,2026-03-23,2031-03-31,飲食店営業,たこ焼　山太,松山市保健所管内,382019,,,,,new_or_renewal,https://www.city.matsuyama.ehime.jp/shisei/opendata/metadata/shokuhinsinki.files/shokuhinsinki.xlsx,076ab31512db6c0d16c1b33f07ef1bd543cdc99cc8d394f932db4b2b7560bd84,official_current_rolling_workbook,2026-03,new,210d3a9a9f7f72315b595145,True
松山市,2026-03,第1489号,2026-03-23,2026-03-23,2031-03-31,飲食店営業,花あかり,松山市来住町1479-7,382019,,,,,new_or_renewal,https://www.city.matsuyama.ehime.jp/shisei/opendata/metadata/shokuhinsinki.files/shokuhinsinki.xlsx,076ab31512db6c0d16c1b33f07ef1bd543cdc99cc8d394f932db4b2b7560bd84,official_current_rolling_workbook,2026-03,new,9ba3bb0b4141b932a78dbdaa,True
松山市,2026-03,第1490号,2026-03-23,2026-03-23,2031-03-31,飲食店営業,セントバー,松山市二番町2丁目5-8コンチビル2F,382019,,,,,new_or_renewal,https://www.city.matsuyama.ehime.jp/shisei/opendata/metadata/shokuhinsinki.files/shokuhinsinki.xlsx,076ab31512db6c0d16c1b33f07ef1bd543cdc99cc8d394f932db4b2b7560bd84,official_current_rolling_workbook,2026-03,new,72063fa3ac78afa6bcedf4a1,True
松山市,2026-03,第1491号,2026-03-23,2026-03-23,2031-03-31,飲食店営業,Brillia,松山市三番町1丁目10-16 相原ビル1F,382019,,,,,new_or_renewal,https://www.city.matsuyama.ehime.jp/shisei/opendata/metadata/shokuhinsinki.files/shokuhinsinki.xlsx,076ab31512db6c0d16c1b33f07ef1bd543cdc99cc8d394f932db4b2b7560bd84,official_current_rolling_workbook,2026-03,new,4526418c84dbcb65d99539f3,True
松山市,2026-03,第1492号,2026-03-24,2026-03-24,2031-03-31,飲食店営業,おたふく,松山市千舟町2丁目8-8,382019,,,,,new_or_renewal,https://www.city.matsuyama.ehime.jp/shisei/opendata/metadata/shokuhinsinki.files/shokuhinsinki.xlsx,076ab31512db6c0d16c1b33f07ef1bd543cdc99cc8d394f932db4b2b7560bd84,official_current_rolling_workbook,2026-03,new,35ac5a2645902382cd393b0b,True
松山市,2026-03,第1493号,2026-03-24,2026-03-24,2031-03-31,飲食店営業,都寿し,松山市三番町2丁目3-1,382019,,,,,new_or_renewal,https://www.city.matsuyama.ehime.jp/shisei/opendata/metadata/shokuhinsinki.files/shokuhinsinki.xlsx,076ab31512db6c0d16c1b33f07ef1bd543cdc99cc8d394f932db4b2b7560bd84,official_current_rolling_workbook,2026-03,new,1ef1d083593c47caf81c3196,True
松山市,2026-03,第1494号,2026-03-24,2026-03-24,2031-03-31,飲食店営業,テロワール,松山市藤原町617　2F,382019,,,,,new_or_renewal,https://www.city.matsuyama.ehime.jp/shisei/opendata/metadata/shokuhinsinki.files/shokuhinsinki.xlsx,076ab31512db6c0d16c1b33f07ef1bd543cdc99cc8d394f932db4b2b7560bd84,official_current_rolling_workbook,2026-03,new,de67d0f5ad4cfc7aa752de24,True
松山市,2026-03,第1495号,2026-03-25,2026-03-25,2031-03-31,飲食店営業,笑音‐ENON‐,松山市一番町2丁目5-24ピカソビル6F 601,382019,,,,,new_or_renewal,https://www.city.matsuyama.ehime.jp/shisei/opendata/metadata/shokuhinsinki.files/shokuhinsinki.xlsx,076ab31512db6c0d16c1b33f07ef1bd543cdc99cc8d394f932db4b2b7560bd84,official_current_rolling_workbook,2026-03,new,9a9d713bb8f1bec1586d93ef,True
松山市,2026-03,第1496号,2026-03-25,2026-03-25,2031-03-31,飲食店営業,mimosa,松山市二番町1丁目4-9CITYビル204,382019,,,,,new_or_renewal,https://www.city.matsuyama.ehime.jp/shisei/opendata/metadata/shokuhinsinki.files/shokuhinsinki.xlsx,076ab31512db6c0d16c1b33f07ef1bd543cdc99cc8d394f932db4b2b7560bd84,official_current_rolling_workbook,2026-03,new,85b3a6691ad8f72664a99160,True
松山市,2026-03,第1497号,2026-03-25,2026-03-25,2031-03-31,飲食店営業,NAVY BAGELS,松山市平井町3324-1,382019,,,,,new_or_renewal,https://www.city.matsuyama.ehime.jp/shisei/opendata/metadata/shokuhinsinki.files/shokuhinsinki.xlsx,076ab31512db6c0d16c1b33f07ef1bd543cdc99cc8d394f932db4b2b7560bd84,official_current_rolling_workbook,2026-03,new,1478ce88d7a8f16bd4a67046,True
松山市,2026-03,第1498号,2026-03-25,2026-03-25,2031-03-31,菓子製造業,NAVY BAGELS,松山市平井町3324-1,382019,,,,,new_or_renewal,https://www.city.matsuyama.ehime.jp/shisei/opendata/metadata/shokuhinsinki.files/shokuhinsinki.xlsx,076ab31512db6c0d16c1b33f07ef1bd543cdc99cc8d394f932db4b2b7560bd84,official_current_rolling_workbook,2026-03,new,aa2fc84e9ca817558112ecb4,False
松山市,2026-03,第1499号,2026-03-25,2026-03-25,2031-03-31,飲食店営業,Jふらんく空港通り店,松山市空港通6丁目12-5,382019,,,,,new_or_renewal,https://www.city.matsuyama.ehime.jp/shisei/opendata/metadata/shokuhinsinki.files/shokuhinsinki.xlsx,076ab31512db6c0d16c1b33f07ef1bd543cdc99cc8d394f932db4b2b7560bd84,official_current_rolling_workbook,2026-03,new,d6d7a56c78754a677bae233b,True
松山市,2026-03,第1500号,2026-03-25,2026-03-25,2031-03-31,飲食店営業,Bar SHIRAKI,松山市二番町1丁目5-2古唐人Ⅱ　8F,382019,,,,,new_or_renewal,https://www.city.matsuyama.ehime.jp/shisei/opendata/metadata/shokuhinsinki.files/shokuhinsinki.xlsx,076ab31512db6c0d16c1b33f07ef1bd543cdc99cc8d394f932db4b2b7560bd84,official_current_rolling_workbook,2026-03,new,311195c1dc54e16c0c19d36a,True
松山市,2026-03,第1501号,2026-03-25,2026-03-25,2031-03-31,飲食店営業,BISTRO横濱,松山市樽味4丁目3-31,382019,,,,,new_or_renewal,https://www.city.matsuyama.ehime.jp/shisei/opendata/metadata/shokuhinsinki.files/shokuhinsinki.xlsx,076ab31512db6c0d16c1b33f07ef1bd543cdc99cc8d394f932db4b2b7560bd84,official_current_rolling_workbook,2026-03,new,2beb87c9155f1e604f4507ef,True
松山市,2026-03,第1502号,2026-03-26,2026-03-26,2031-03-31,飲食店営業,いよ狸,松山市道後湯之町18-2,382019,,,,,new_or_renewal,https://www.city.matsuyama.ehime.jp/shisei/opendata/metadata/shokuhinsinki.files/shokuhinsinki.xlsx,076ab31512db6c0d16c1b33f07ef1bd543cdc99cc8d394f932db4b2b7560bd84,official_current_rolling_workbook,2026-03,new,bae9858914338043e1377044,True
松山市,2026-03,第1503号,2026-03-26,2026-03-26,2031-03-31,飲食店営業,あたたみ本店,松山市千舟町7丁目3-3,382019,,,,,new_or_renewal,https://www.city.matsuyama.ehime.jp/shisei/opendata/metadata/shokuhinsinki.files/shokuhinsinki.xlsx,076ab31512db6c0d16c1b33f07ef1bd543cdc99cc8d394f932db4b2b7560bd84,official_current_rolling_workbook,2026-03,new,f2756e95925b4ea344c5c751,True
松山市,2026-03,第1504号,2026-03-26,2026-03-26,2031-03-31,飲食店営業,若葉寿司,松山市居相4丁目22-17　1F,382019,,,,,new_or_renewal,https://www.city.matsuyama.ehime.jp/shisei/opendata/metadata/shokuhinsinki.files/shokuhinsinki.xlsx,076ab31512db6c0d16c1b33f07ef1bd543cdc99cc8d394f932db4b2b7560bd84,official_current_rolling_workbook,2026-03,new,5c1dffea0b4f5332ac81142b,True
松山市,2026-03,第1505号,2026-03-26,2026-03-26,2031-03-31,飲食店営業,漁師割烹　睦翔丸,松山市睦月甲2193-15,382019,,,,,new_or_renewal,https://www.city.matsuyama.ehime.jp/shisei/opendata/metadata/shokuhinsinki.files/shokuhinsinki.xlsx,076ab31512db6c0d16c1b33f07ef1bd543cdc99cc8d394f932db4b2b7560bd84,official_current_rolling_workbook,2026-03,new,82a790d77202df56bbdc02ed,True
松山市,2026-03,第1506号,2026-03-26,2026-03-26,2031-03-31,飲食店営業,炭火焼鳥　だんだん,松山市一番町2丁目2-1藤岡ビル1F中,382019,,,,,new_or_renewal,https://www.city.matsuyama.ehime.jp/shisei/opendata/metadata/shokuhinsinki.files/shokuhinsinki.xlsx,076ab31512db6c0d16c1b33f07ef1bd543cdc99cc8d394f932db4b2b7560bd84,official_current_rolling_workbook,2026-03,new,2a745425b42f52b62b1c547d,True
松山市,2026-03,第1507号,2026-03-27,2026-03-27,2031-03-31,飲食店営業,朋,松山市二番町2丁目1-1　No.26ミツワビル5F A号室,382019,,,,,new_or_renewal,https://www.city.matsuyama.ehime.jp/shisei/opendata/metadata/shokuhinsinki.files/shokuhinsinki.xlsx,076ab31512db6c0d16c1b33f07ef1bd543cdc99cc8d394f932db4b2b7560bd84,official_current_rolling_workbook,2026-03,new,487c3f7ffe68337f4436c9cf,True
松山市,2026-03,第1508号,2026-03-27,2026-03-27,2031-03-31,そうざい製造業,YOROZU-HUB,松山市北斎院町20-2第一アーバンビル201号室,382019,,,,,new_or_renewal,https://www.city.matsuyama.ehime.jp/shisei/opendata/metadata/shokuhinsinki.files/shokuhinsinki.xlsx,076ab31512db6c0d16c1b33f07ef1bd543cdc99cc8d394f932db4b2b7560bd84,official_current_rolling_workbook,2026-03,new,158194cc56baab2e8499d646,False
松山市,2026-03,第1509号,2026-03-27,2026-03-27,2031-03-31,飲食店営業,Kimono Bar CHAHARU,松山市道後湯月町4-4ホテル茶玻瑠1F,382019,,,,,new_or_renewal,https://www.city.matsuyama.ehime.jp/shisei/opendata/metadata/shokuhinsinki.files/shokuhinsinki.xlsx,076ab31512db6c0d16c1b33f07ef1bd543cdc99cc8d394f932db4b2b7560bd84,official_current_rolling_workbook,2026-03,new,13885d2db1eb3e106fd3b510,True
松山市,2026-03,第1510号,2026-03-27,2026-03-27,2031-03-31,魚介類販売業,有限会社嶋矢水産,松山市三津2丁目8-8,382019,,,,,new_or_renewal,https://www.city.matsuyama.ehime.jp/shisei/opendata/metadata/shokuhinsinki.files/shokuhinsinki.xlsx,076ab31512db6c0d16c1b33f07ef1bd543cdc99cc8d394f932db4b2b7560bd84,official_current_rolling_workbook,2026-03,new,fa3efce965fc88da52a2d2f6,False
松山市,2026-03,第1511号,2026-03-27,2026-03-27,2031-03-31,冷凍食品製造業,有限会社嶋矢水産,松山市三津2丁目8-8,382019,,,,,new_or_renewal,https://www.city.matsuyama.ehime.jp/shisei/opendata/metadata/shokuhinsinki.files/shokuhinsinki.xlsx,076ab31512db6c0d16c1b33f07ef1bd543cdc99cc8d394f932db4b2b7560bd84,official_current_rolling_workbook,2026-03,new,71a66a3664eecc0616a89b9d,False
松山市,2026-03,第1512号,2026-03-27,2026-03-27,2031-03-31,飲食店営業,ふるみつ食堂,松山市古三津5丁目8-22,382019,,,,,new_or_renewal,https://www.city.matsuyama.ehime.jp/shisei/opendata/metadata/shokuhinsinki.files/shokuhinsinki.xlsx,076ab31512db6c0d16c1b33f07ef1bd543cdc99cc8d394f932db4b2b7560bd84,official_current_rolling_workbook,2026-03,new,671825cb6c1ee2137c76791e,True
松山市,2026-03,第1513号,2026-03-27,2026-03-27,2031-03-31,飲食店営業,club Sirene,松山市一番町2丁目1-13第27ミツワビル5F,382019,,,,,new_or_renewal,https://www.city.matsuyama.ehime.jp/shisei/opendata/metadata/shokuhinsinki.files/shokuhinsinki.xlsx,076ab31512db6c0d16c1b33f07ef1bd543cdc99cc8d394f932db4b2b7560bd84,official_current_rolling_workbook,2026-03,new,6c341c882fe45ad60b68cd2f,True
松山市,2026-03,第1514号,2026-03-27,2026-03-27,2031-03-31,麺類製造業,株式会社新栄食品,松山市南高井町952,382019,,,,,new_or_renewal,https://www.city.matsuyama.ehime.jp/shisei/opendata/metadata/shokuhinsinki.files/shokuhinsinki.xlsx,076ab31512db6c0d16c1b33f07ef1bd543cdc99cc8d394f932db4b2b7560bd84,official_current_rolling_workbook,2026-03,new,76b0dc53fa04414e3b2e446a,False
松山市,2026-03,第1515号,2026-03-27,2026-03-27,2031-03-31,飲食店営業,会員制　真野,松山市二番町1丁目4-10 近代ビル5F,382019,,,,,new_or_renewal,https://www.city.matsuyama.ehime.jp/shisei/opendata/metadata/shokuhinsinki.files/shokuhinsinki.xlsx,076ab31512db6c0d16c1b33f07ef1bd543cdc99cc8d394f932db4b2b7560bd84,official_current_rolling_workbook,2026-03,new,866545e8de11c270f9d8775e,True
松山市,2026-03,第1516号,2026-03-27,2026-03-27,2031-03-31,食肉処理業,クリタ商会,松山市北条辻1000-12、1002-9,382019,,,,,new_or_renewal,https://www.city.matsuyama.ehime.jp/shisei/opendata/metadata/shokuhinsinki.files/shokuhinsinki.xlsx,076ab31512db6c0d16c1b33f07ef1bd543cdc99cc8d394f932db4b2b7560bd84,official_current_rolling_workbook,2026-03,new,b0bd8f5d2b1e11d514fa26c0,False
松山市,2026-03,第1517号,2026-03-30,2026-03-30,2031-03-31,飲食店営業,美津乃,松山市二番町1丁目3-12古唐人月館B1,382019,,,,,new_or_renewal,https://www.city.matsuyama.ehime.jp/shisei/opendata/metadata/shokuhinsinki.files/shokuhinsinki.xlsx,076ab31512db6c0d16c1b33f07ef1bd543cdc99cc8d394f932db4b2b7560bd84,official_current_rolling_workbook,2026-03,new,8b89e279840a96ebfa309d85,True
松山市,2026-03,第1518号,2026-03-30,2026-03-30,2031-03-31,飲食店営業,Sincerity,松山市二番町1丁目3-3 サンプラザビル88 4A,382019,,,,,new_or_renewal,https://www.city.matsuyama.ehime.jp/shisei/opendata/metadata/shokuhinsinki.files/shokuhinsinki.xlsx,076ab31512db6c0d16c1b33f07ef1bd543cdc99cc8d394f932db4b2b7560bd84,official_current_rolling_workbook,2026-03,new,df54aa994bfc450c7942d547,True
松山市,2026-03,第1519号,2026-03-30,2026-03-30,2031-03-31,飲食店営業,マドンナ,松山市三番町8丁目10-7 1F,382019,,,,,new_or_renewal,https://www.city.matsuyama.ehime.jp/shisei/opendata/metadata/shokuhinsinki.files/shokuhinsinki.xlsx,076ab31512db6c0d16c1b33f07ef1bd543cdc99cc8d394f932db4b2b7560bd84,official_current_rolling_workbook,2026-03,new,0d3c8cd02671283ea50f9c38,True
松山市,2026-03,第1520号,2026-03-30,2026-03-30,2031-03-31,菓子製造業,おそごえベース,松山市石手4丁目4-30グランドスタジオ1,382019,,,,,new_or_renewal,https://www.city.matsuyama.ehime.jp/shisei/opendata/metadata/shokuhinsinki.files/shokuhinsinki.xlsx,076ab31512db6c0d16c1b33f07ef1bd543cdc99cc8d394f932db4b2b7560bd84,official_current_rolling_workbook,2026-03,new,f9dc083e76e4dae7c9f5a600,False
松山市,2026-03,第1521号,2026-03-30,2026-03-30,2031-03-31,飲食店営業,U4,松山市二番町2丁目5-9 プラスワンビル3F,382019,,,,,new_or_renewal,https://www.city.matsuyama.ehime.jp/shisei/opendata/metadata/shokuhinsinki.files/shokuhinsinki.xlsx,076ab31512db6c0d16c1b33f07ef1bd543cdc99cc8d394f932db4b2b7560bd84,official_current_rolling_workbook,2026-03,new,aec629798db2452121b0c411,True
松山市,2026-03,第1522号,2026-03-30,2026-03-30,2031-03-31,飲食店営業,concent,松山市一番町2丁目4-15 西山店舗1F,382019,,,,,new_or_renewal,https://www.city.matsuyama.ehime.jp/shisei/opendata/metadata/shokuhinsinki.files/shokuhinsinki.xlsx,076ab31512db6c0d16c1b33f07ef1bd543cdc99cc8d394f932db4b2b7560bd84,official_current_rolling_workbook,2026-03,new,d831faa1dd222ec7dc891306,True
松山市,2026-03,第1523号,2026-03-30,2026-03-30,2031-03-31,飲食店営業,鶏屋　秀伝,松山市祇園町5-22D-RATIO　102,382019,,,,,new_or_renewal,https://www.city.matsuyama.ehime.jp/shisei/opendata/metadata/shokuhinsinki.files/shokuhinsinki.xlsx,076ab31512db6c0d16c1b33f07ef1bd543cdc99cc8d394f932db4b2b7560bd84,official_current_rolling_workbook,2026-03,new,ea75608ffb21b53c3c477464,True
松山市,2026-03,第1524号,2026-03-30,2026-03-30,2031-03-31,飲食店営業,ピックオーバー,松山市三番町2丁目10-5 第1アークビル4F,382019,,,,,new_or_renewal,https://www.city.matsuyama.ehime.jp/shisei/opendata/metadata/shokuhinsinki.files/shokuhinsinki.xlsx,076ab31512db6c0d16c1b33f07ef1bd543cdc99cc8d394f932db4b2b7560bd84,official_current_rolling_workbook,2026-03,new,58429a4832e7d785ee044ad2,True
松山市,2026-03,第1525号,2026-03-30,2026-03-30,2031-03-31,飲食店営業,（有）おいなはれ,松山市一番町1丁目5-14八束ビル1F,382019,,,,,new_or_renewal,https://www.city.matsuyama.ehime.jp/shisei/opendata/metadata/shokuhinsinki.files/shokuhinsinki.xlsx,076ab31512db6c0d16c1b33f07ef1bd543cdc99cc8d394f932db4b2b7560bd84,official_current_rolling_workbook,2026-03,new,7da8d34d16527b6d7546a492,True
松山市,2026-03,第1526号,2026-03-30,2026-03-30,2031-03-31,飲食店営業,メンバーズ　豆狸,松山市二番町1丁目8-2ニック33ビル6F,382019,,,,,new_or_renewal,https://www.city.matsuyama.ehime.jp/shisei/opendata/metadata/shokuhinsinki.files/shokuhinsinki.xlsx,076ab31512db6c0d16c1b33f07ef1bd543cdc99cc8d394f932db4b2b7560bd84,official_current_rolling_workbook,2026-03,new,192927ef18f8e1b7e8d6ea0b,True
松山市,2026-03,第1527号,2026-03-30,2026-03-30,2031-03-31,飲食店営業,DogRun&Cafe FORTUNA,松山市下伊台町1044-1,382019,,,,,new_or_renewal,https://www.city.matsuyama.ehime.jp/shisei/opendata/metadata/shokuhinsinki.files/shokuhinsinki.xlsx,076ab31512db6c0d16c1b33f07ef1bd543cdc99cc8d394f932db4b2b7560bd84,official_current_rolling_workbook,2026-03,new,6a2b679639aac33ca448b765,True
松山市,2026-03,第1528号,2026-03-30,2026-03-30,2031-03-31,飲食店営業,ファミリーマート　南梅本店,松山市南梅本町917-1,382019,,,,,new_or_renewal,https://www.city.matsuyama.ehime.jp/shisei/opendata/metadata/shokuhinsinki.files/shokuhinsinki.xlsx,076ab31512db6c0d16c1b33f07ef1bd543cdc99cc8d394f932db4b2b7560bd84,official_current_rolling_workbook,2026-03,new,d8005a77ae02e2741e6b3f49,True
松山市,2026-03,第1529号,2026-03-30,2026-03-30,2031-03-31,飲食店営業,寿浬庵　アパホテル店,松山市本町2丁目5-5 アパホテル内1F,382019,,,,,new_or_renewal,https://www.city.matsuyama.ehime.jp/shisei/opendata/metadata/shokuhinsinki.files/shokuhinsinki.xlsx,076ab31512db6c0d16c1b33f07ef1bd543cdc99cc8d394f932db4b2b7560bd84,official_current_rolling_workbook,2026-03,new,10eb1d60cebd8ea1a17ab3d3,True
松山市,2026-03,第1530号,2026-03-30,2026-03-30,2031-03-31,食肉処理業,狩人の空デリバリー,松山市二番町3丁目8-22橋本ビル3F,382019,,,,,new_or_renewal,https://www.city.matsuyama.ehime.jp/shisei/opendata/metadata/shokuhinsinki.files/shokuhinsinki.xlsx,076ab31512db6c0d16c1b33f07ef1bd543cdc99cc8d394f932db4b2b7560bd84,official_current_rolling_workbook,2026-03,new,c37a4c3b6532b2ddec0419df,False
松山市,2026-03,第1531号,2026-03-31,2026-03-31,2031-03-31,そうざい製造業,株式会社松山生協三津店(寿司コーナー),松山市古三津2丁目18-27,382019,,,,,new_or_renewal,https://www.city.matsuyama.ehime.jp/shisei/opendata/metadata/shokuhinsinki.files/shokuhinsinki.xlsx,076ab31512db6c0d16c1b33f07ef1bd543cdc99cc8d394f932db4b2b7560bd84,official_current_rolling_workbook,2026-03,new,fede05b123c480eaf813e248,False
松山市,2026-03,第1532号,2026-03-31,2026-03-31,2031-03-31,飲食店営業,しののめ菜,松山市二番町3丁目4-14,382019,,,,,new_or_renewal,https://www.city.matsuyama.ehime.jp/shisei/opendata/metadata/shokuhinsinki.files/shokuhinsinki.xlsx,076ab31512db6c0d16c1b33f07ef1bd543cdc99cc8d394f932db4b2b7560bd84,official_current_rolling_workbook,2026-03,new,1494e6b440429b0305ab1856,True
松山市,2026-03,第1533号,2026-03-31,2026-03-31,2031-03-31,飲食店営業,焼き鳥さつき,松山市湊町6丁目4-16高須賀ビル1F,382019,,,,,new_or_renewal,https://www.city.matsuyama.ehime.jp/shisei/opendata/metadata/shokuhinsinki.files/shokuhinsinki.xlsx,076ab31512db6c0d16c1b33f07ef1bd543cdc99cc8d394f932db4b2b7560bd84,official_current_rolling_workbook,2026-03,new,b082f75ddba6864648490561,True
松山市,2026-03,第1534号,2026-03-31,2026-03-31,2031-03-31,飲食店営業,カラオケ喫茶　けい,松山市湊町8丁目108  1F,382019,,,,,new_or_renewal,https://www.city.matsuyama.ehime.jp/shisei/opendata/metadata/shokuhinsinki.files/shokuhinsinki.xlsx,076ab31512db6c0d16c1b33f07ef1bd543cdc99cc8d394f932db4b2b7560bd84,official_current_rolling_workbook,2026-03,new,61f17f535be097680e688960,True
松山市,2026-03,第1535号,2026-03-31,2026-03-31,2031-03-31,飲食店営業,創作お菓子アトリエ　あん庵,松山市束本1丁目2-32　1F,382019,,,,,new_or_renewal,https://www.city.matsuyama.ehime.jp/shisei/opendata/metadata/shokuhinsinki.files/shokuhinsinki.xlsx,076ab31512db6c0d16c1b33f07ef1bd543cdc99cc8d394f932db4b2b7560bd84,official_current_rolling_workbook,2026-03,new,a5556343de1cbb3bbf2991c4,True
松山市,2026-03,第1536号,2026-03-31,2026-03-31,2031-03-31,菓子製造業,創作お菓子アトリエ　あん庵,松山市束本1丁目2-32　1F,382019,,,,,new_or_renewal,https://www.city.matsuyama.ehime.jp/shisei/opendata/metadata/shokuhinsinki.files/shokuhinsinki.xlsx,076ab31512db6c0d16c1b33f07ef1bd543cdc99cc8d394f932db4b2b7560bd84,official_current_rolling_workbook,2026-03,new,c5c3088b842bb233b0511c14,False
松山市,2026-03,第1537号,2026-03-31,2026-03-31,2031-03-31,飲食店営業,夜桜セブン,松山市二番町1丁目5-14　104弐番館3F,382019,,,,,new_or_renewal,https://www.city.matsuyama.ehime.jp/shisei/opendata/metadata/shokuhinsinki.files/shokuhinsinki.xlsx,076ab31512db6c0d16c1b33f07ef1bd543cdc99cc8d394f932db4b2b7560bd84,official_current_rolling_workbook,2026-03,new,ccd297ff00e904307af2fa20,True
松山市,2026-03,第1538号,2026-03-31,2026-03-31,2031-03-31,飲食店営業,松山鯛めし　秋嘉,松山市大街道3丁目5-1,382019,,,,,new_or_renewal,https://www.city.matsuyama.ehime.jp/shisei/opendata/metadata/shokuhinsinki.files/shokuhinsinki.xlsx,076ab31512db6c0d16c1b33f07ef1bd543cdc99cc8d394f932db4b2b7560bd84,official_current_rolling_workbook,2026-03,new,1c94557de1b992a7b858db7e,True
松山市,2026-03,第1539号,2026-03-31,2026-03-31,2031-03-31,飲食店営業,浜さき,松山市小浜4-1,382019,,,,,new_or_renewal,https://www.city.matsuyama.ehime.jp/shisei/opendata/metadata/shokuhinsinki.files/shokuhinsinki.xlsx,076ab31512db6c0d16c1b33f07ef1bd543cdc99cc8d394f932db4b2b7560bd84,official_current_rolling_workbook,2026-03,new,77dda7cdb7964a1d63872bd3,True
松山市,2026-03,第1540号,2026-03-31,2026-03-31,2031-03-31,そうざい製造業,やまのべフードサービスセントラルキッチン,松山市南吉田町618-2,382019,,,,,new_or_renewal,https://www.city.matsuyama.ehime.jp/shisei/opendata/metadata/shokuhinsinki.files/shokuhinsinki.xlsx,076ab31512db6c0d16c1b33f07ef1bd543cdc99cc8d394f932db4b2b7560bd84,official_current_rolling_workbook,2026-03,new,7479d604b95ccb754d51550d,False
松山市,2026-03,第1541号,2026-03-31,2026-03-31,2031-03-31,飲食店営業,T2,松山市三番町2丁目10-1トキワビル2F,382019,,,,,new_or_renewal,https://www.city.matsuyama.ehime.jp/shisei/opendata/metadata/shokuhinsinki.files/shokuhinsinki.xlsx,076ab31512db6c0d16c1b33f07ef1bd543cdc99cc8d394f932db4b2b7560bd84,official_current_rolling_workbook,2026-03,new,d26289745f5db44414a9a790,True
松山市,2026-04,第260001号,2026-04-01,2026-04-01,2031-03-31,そうざい製造業,狩人の空デリバリー,松山市二番町3丁目8-22橋本ビル3F,382019,,,,,new_or_renewal,https://www.city.matsuyama.ehime.jp/shisei/opendata/metadata/shokuhinsinki.files/shokuhinsinki.xlsx,076ab31512db6c0d16c1b33f07ef1bd543cdc99cc8d394f932db4b2b7560bd84,official_current_rolling_workbook,2026-04,new,9bd5838a1ab2ea670cac349b,False
松山市,2026-04,第260002号,2026-04-01,2026-04-01,2031-03-31,冷凍食品製造業,狩人の空デリバリー,松山市二番町3丁目8-22橋本ビル3F,382019,,,,,new_or_renewal,https://www.city.matsuyama.ehime.jp/shisei/opendata/metadata/shokuhinsinki.files/shokuhinsinki.xlsx,076ab31512db6c0d16c1b33f07ef1bd543cdc99cc8d394f932db4b2b7560bd84,official_current_rolling_workbook,2026-04,new,58c489ea3919d6fb5750f755,False
松山市,2026-04,第260003号,2026-04-01,2026-04-01,2031-03-31,菓子製造業,ベーカリー三葉屋,松山市雄郡1丁目4-13,382019,,,,,new_or_renewal,https://www.city.matsuyama.ehime.jp/shisei/opendata/metadata/shokuhinsinki.files/shokuhinsinki.xlsx,076ab31512db6c0d16c1b33f07ef1bd543cdc99cc8d394f932db4b2b7560bd84,official_current_rolling_workbook,2026-04,new,f0159242d4347334bb448df9,False
松山市,2026-04,第260004号,2026-04-01,2026-04-01,2031-03-31,飲食店営業,MOGMOG,松山市保健所管内,382019,,,,,new_or_renewal,https://www.city.matsuyama.ehime.jp/shisei/opendata/metadata/shokuhinsinki.files/shokuhinsinki.xlsx,076ab31512db6c0d16c1b33f07ef1bd543cdc99cc8d394f932db4b2b7560bd84,official_current_rolling_workbook,2026-04,new,2e3b5bd1bc7472b1d66f627d,True
松山市,2026-04,第260005号,2026-04-01,2026-04-01,2031-03-31,飲食店営業,R.T-BASE,松山市宮内1-2,382019,,,,,new_or_renewal,https://www.city.matsuyama.ehime.jp/shisei/opendata/metadata/shokuhinsinki.files/shokuhinsinki.xlsx,076ab31512db6c0d16c1b33f07ef1bd543cdc99cc8d394f932db4b2b7560bd84,official_current_rolling_workbook,2026-04,new,21190513391163b6e81365e8,True
松山市,2026-04,第260006号,2026-04-01,2026-04-01,2031-03-31,菓子製造業,有限会社アルテフィーチェ,松山市北条辻564-2,382019,,,,,new_or_renewal,https://www.city.matsuyama.ehime.jp/shisei/opendata/metadata/shokuhinsinki.files/shokuhinsinki.xlsx,076ab31512db6c0d16c1b33f07ef1bd543cdc99cc8d394f932db4b2b7560bd84,official_current_rolling_workbook,2026-04,new,e3ada1f4fd020e08e51eb617,False
松山市,2026-04,第260007号,2026-04-01,2026-04-01,2031-03-31,飲食店営業,三津浜焼き　おかだ屋,松山市三津1丁目2-25,382019,,,,,new_or_renewal,https://www.city.matsuyama.ehime.jp/shisei/opendata/metadata/shokuhinsinki.files/shokuhinsinki.xlsx,076ab31512db6c0d16c1b33f07ef1bd543cdc99cc8d394f932db4b2b7560bd84,official_current_rolling_workbook,2026-04,new,56032481d1019e9fcca5c06f,True
松山市,2026-04,第260008号,2026-04-01,2026-04-01,2031-03-31,そうざい製造業,三津浜焼き　おかだ屋,松山市三津1丁目2-25,382019,,,,,new_or_renewal,https://www.city.matsuyama.ehime.jp/shisei/opendata/metadata/shokuhinsinki.files/shokuhinsinki.xlsx,076ab31512db6c0d16c1b33f07ef1bd543cdc99cc8d394f932db4b2b7560bd84,official_current_rolling_workbook,2026-04,new,df435744d805fd2e5c7ec702,False
松山市,2026-04,第260009号,2026-04-01,2026-04-01,2031-03-31,飲食店営業,カフェ＆バー　GARAKTA,松山市千舟町5丁目6-3千舟町相原ビル1F,382019,,,,,new_or_renewal,https://www.city.matsuyama.ehime.jp/shisei/opendata/metadata/shokuhinsinki.files/shokuhinsinki.xlsx,076ab31512db6c0d16c1b33f07ef1bd543cdc99cc8d394f932db4b2b7560bd84,official_current_rolling_workbook,2026-04,new,b6bebfb9c7aae8cfff09e0ab,True
松山市,2026-04,第260024号,2026-04-02,2026-04-02,2031-06-30,飲食店営業,松山福音寺ケアセンターそよ風,松山市福音寺町31-1,382019,,,,,new_or_renewal,https://www.city.matsuyama.ehime.jp/shisei/opendata/metadata/shokuhinsinki.files/shokuhinsinki.xlsx,076ab31512db6c0d16c1b33f07ef1bd543cdc99cc8d394f932db4b2b7560bd84,official_current_rolling_workbook,2026-04,new,6240fbd1c5617f333dbf2efb,True
松山市,2026-04,第260025号,2026-04-02,2026-04-02,2031-06-30,飲食店営業,宮崎鳥焼　とさか　松山店,松山市二番町1丁目5-8 栄ビル1F西側,382019,,,,,new_or_renewal,https://www.city.matsuyama.ehime.jp/shisei/opendata/metadata/shokuhinsinki.files/shokuhinsinki.xlsx,076ab31512db6c0d16c1b33f07ef1bd543cdc99cc8d394f932db4b2b7560bd84,official_current_rolling_workbook,2026-04,new,dbf948891d47d8c727ba5b5d,True
松山市,2026-04,第260026号,2026-04-02,2026-04-02,2031-06-30,飲食店営業,zenshin厨房　忠香,松山市南斎院町934-8,382019,,,,,new_or_renewal,https://www.city.matsuyama.ehime.jp/shisei/opendata/metadata/shokuhinsinki.files/shokuhinsinki.xlsx,076ab31512db6c0d16c1b33f07ef1bd543cdc99cc8d394f932db4b2b7560bd84,official_current_rolling_workbook,2026-04,new,2ab4f150f16f1a4564b6e91f,True
松山市,2026-04,第260027号,2026-04-02,2026-04-02,2031-06-30,飲食店営業,マスク美人×看護師カフェ,松山市二番町1丁目2-9第一ジョイフル2-3号,382019,,,,,new_or_renewal,https://www.city.matsuyama.ehime.jp/shisei/opendata/metadata/shokuhinsinki.files/shokuhinsinki.xlsx,076ab31512db6c0d16c1b33f07ef1bd543cdc99cc8d394f932db4b2b7560bd84,official_current_rolling_workbook,2026-04,new,75c95747334b516e694421d6,True
松山市,2026-04,第260028号,2026-04-02,2026-04-02,2031-06-30,飲食店営業,犬が男子になったカフェ,松山市二番町1丁目2-9第一ジョイフル4-1号,382019,,,,,new_or_renewal,https://www.city.matsuyama.ehime.jp/shisei/opendata/metadata/shokuhinsinki.files/shokuhinsinki.xlsx,076ab31512db6c0d16c1b33f07ef1bd543cdc99cc8d394f932db4b2b7560bd84,official_current_rolling_workbook,2026-04,new,9c1bb63307d99d2e94152328,True
松山市,2026-04,第260010号,2026-04-03,2026-04-03,2031-06-30,飲食店営業,日和ホテル松山　セラ・セト,松山市一番町3丁目3-1,382019,,,,,new_or_renewal,https://www.city.matsuyama.ehime.jp/shisei/opendata/metadata/shokuhinsinki.files/shokuhinsinki.xlsx,076ab31512db6c0d16c1b33f07ef1bd543cdc99cc8d394f932db4b2b7560bd84,official_current_rolling_workbook,2026-04,new,eb046d468a9763879f7a1c61,True
松山市,2026-04,第260011号,2026-04-03,2026-04-03,2031-06-30,飲食店営業,ゐさご茶屋,松山市道後湯之町4-56,382019,,,,,new_or_renewal,https://www.city.matsuyama.ehime.jp/shisei/opendata/metadata/shokuhinsinki.files/shokuhinsinki.xlsx,076ab31512db6c0d16c1b33f07ef1bd543cdc99cc8d394f932db4b2b7560bd84,official_current_rolling_workbook,2026-04,new,f5c320735bdb72db9e012bdb,True
松山市,2026-04,第260012号,2026-04-03,2026-04-03,2031-06-30,飲食店営業,Lumiere,松山市二番町1丁目8-2ニック33ビル6F-C号室,382019,,,,,new_or_renewal,https://www.city.matsuyama.ehime.jp/shisei/opendata/metadata/shokuhinsinki.files/shokuhinsinki.xlsx,076ab31512db6c0d16c1b33f07ef1bd543cdc99cc8d394f932db4b2b7560bd84,official_current_rolling_workbook,2026-04,new,81cbdd815b6cf1195c6c44d3,True
松山市,2026-04,第260013号,2026-04-03,2026-04-03,2031-06-30,飲食店営業,JERK,松山市保健所管内,382019,,,,,new_or_renewal,https://www.city.matsuyama.ehime.jp/shisei/opendata/metadata/shokuhinsinki.files/shokuhinsinki.xlsx,076ab31512db6c0d16c1b33f07ef1bd543cdc99cc8d394f932db4b2b7560bd84,official_current_rolling_workbook,2026-04,new,4c9cf9fc6a4d3740c49d160d,True
松山市,2026-04,第260014号,2026-04-03,2026-04-03,2031-06-30,飲食店営業,からあげやカリッジュ  富久店,松山市富久町438-13,382019,,,,,new_or_renewal,https://www.city.matsuyama.ehime.jp/shisei/opendata/metadata/shokuhinsinki.files/shokuhinsinki.xlsx,076ab31512db6c0d16c1b33f07ef1bd543cdc99cc8d394f932db4b2b7560bd84,official_current_rolling_workbook,2026-04,new,4cdbbcb8b3369f2dd5ee561a,True
松山市,2026-04,第260015号,2026-04-06,2026-04-06,2032-06-30,そうざい製造業,シンセイフード事業部　本社工場,松山市久万ノ台1200,382019,,,,,new_or_renewal,https://www.city.matsuyama.ehime.jp/shisei/opendata/metadata/shokuhinsinki.files/shokuhinsinki.xlsx,076ab31512db6c0d16c1b33f07ef1bd543cdc99cc8d394f932db4b2b7560bd84,official_current_rolling_workbook,2026-04,new,0d7afe55845c315d6a95811d,False
松山市,2026-04,第260016号,2026-04-06,2026-04-06,2032-06-30,冷凍食品製造業,シンセイフード事業部　本社工場,松山市久万ノ台1200,382019,,,,,new_or_renewal,https://www.city.matsuyama.ehime.jp/shisei/opendata/metadata/shokuhinsinki.files/shokuhinsinki.xlsx,076ab31512db6c0d16c1b33f07ef1bd543cdc99cc8d394f932db4b2b7560bd84,official_current_rolling_workbook,2026-04,new,9995c3b500c4eceecd80367a,False
松山市,2026-04,第260017号,2026-04-06,2026-04-06,2031-06-30,飲食店営業,Gatti Liberi,松山市平井町1398,382019,,,,,new_or_renewal,https://www.city.matsuyama.ehime.jp/shisei/opendata/metadata/shokuhinsinki.files/shokuhinsinki.xlsx,076ab31512db6c0d16c1b33f07ef1bd543cdc99cc8d394f932db4b2b7560bd84,official_current_rolling_workbook,2026-04,new,bfd2ae41a41b6e0e711f25b6,True
松山市,2026-04,第260018号,2026-04-06,2026-04-06,2031-06-30,飲食店営業,きく美,松山市湊町3丁目2-23,382019,,,,,new_or_renewal,https://www.city.matsuyama.ehime.jp/shisei/opendata/metadata/shokuhinsinki.files/shokuhinsinki.xlsx,076ab31512db6c0d16c1b33f07ef1bd543cdc99cc8d394f932db4b2b7560bd84,official_current_rolling_workbook,2026-04,new,5ccae8e78f46a3dd59439eba,True
松山市,2026-04,第260019号,2026-04-06,2026-04-06,2031-06-30,飲食店営業,エムランド,松山市宮西1丁目2-1フジグラン松山1F,382019,,,,,new_or_renewal,https://www.city.matsuyama.ehime.jp/shisei/opendata/metadata/shokuhinsinki.files/shokuhinsinki.xlsx,076ab31512db6c0d16c1b33f07ef1bd543cdc99cc8d394f932db4b2b7560bd84,official_current_rolling_workbook,2026-04,new,4830be30a6a6937c07ad34b3,True
松山市,2026-04,第260020号,2026-04-06,2026-04-06,2031-06-30,飲食店営業,フジグラン松山,松山市宮西1丁目2-11階ドーム時計台前催事場,382019,,,,,new_or_renewal,https://www.city.matsuyama.ehime.jp/shisei/opendata/metadata/shokuhinsinki.files/shokuhinsinki.xlsx,076ab31512db6c0d16c1b33f07ef1bd543cdc99cc8d394f932db4b2b7560bd84,official_current_rolling_workbook,2026-04,new,31bb223c1f0306251974f8d8,True
松山市,2026-04,第260021号,2026-04-08,2026-04-08,2031-06-30,菓子製造業,いよてつ髙島屋　地階東エスカレーター横特設会場　菓子舗やまごえ,松山市湊町5丁目1-1株式会社　伊予鉄髙島屋　地階,382019,,,,,new_or_renewal,https://www.city.matsuyama.ehime.jp/shisei/opendata/metadata/shokuhinsinki.files/shokuhinsinki.xlsx,076ab31512db6c0d16c1b33f07ef1bd543cdc99cc8d394f932db4b2b7560bd84,official_current_rolling_workbook,2026-04,new,45e321d519502fda10f3d1bb,False
松山市,2026-04,第260022号,2026-04-08,2026-04-08,2031-06-30,飲食店営業,バル・ベニガンズ,松山市二番町1丁目7-5スクワール異人館5F西側,382019,,,,,new_or_renewal,https://www.city.matsuyama.ehime.jp/shisei/opendata/metadata/shokuhinsinki.files/shokuhinsinki.xlsx,076ab31512db6c0d16c1b33f07ef1bd543cdc99cc8d394f932db4b2b7560bd84,official_current_rolling_workbook,2026-04,new,9c7078d2a207ae54cdf49336,True
松山市,2026-04,第260023号,2026-04-08,2026-04-08,2031-06-30,飲食店営業,ラウンジ　藤,松山市二番町1丁目9-14ラフォーレ202　3F,382019,,,,,new_or_renewal,https://www.city.matsuyama.ehime.jp/shisei/opendata/metadata/shokuhinsinki.files/shokuhinsinki.xlsx,076ab31512db6c0d16c1b33f07ef1bd543cdc99cc8d394f932db4b2b7560bd84,official_current_rolling_workbook,2026-04,new,51ca2785d50c2227a5bf4fd6,True
松山市,2026-04,第260029号,2026-04-10,2026-04-10,2031-06-30,飲食店営業,かどやANAクラウンプラザホテル松山／とんかつ　とんとん,松山市一番町3丁目2-1 ANAクラウンプラザホテル松山地下1F,382019,,,,,new_or_renewal,https://www.city.matsuyama.ehime.jp/shisei/opendata/metadata/shokuhinsinki.files/shokuhinsinki.xlsx,076ab31512db6c0d16c1b33f07ef1bd543cdc99cc8d394f932db4b2b7560bd84,official_current_rolling_workbook,2026-04,new,4a6d9d3fda0b99e2c710f2c7,True
松山市,2026-04,第260030号,2026-04-10,2026-04-10,2031-06-30,飲食店営業,ピエロ,松山市土居田町598-7パールハイツ102号,382019,,,,,new_or_renewal,https://www.city.matsuyama.ehime.jp/shisei/opendata/metadata/shokuhinsinki.files/shokuhinsinki.xlsx,076ab31512db6c0d16c1b33f07ef1bd543cdc99cc8d394f932db4b2b7560bd84,official_current_rolling_workbook,2026-04,new,dc8f2b9ec8c3f8ee3b48e974,True
松山市,2026-04,第260031号,2026-04-13,2026-04-13,2031-06-30,飲食店営業,壱,松山市萱町1丁目2-6 1F,382019,,,,,new_or_renewal,https://www.city.matsuyama.ehime.jp/shisei/opendata/metadata/shokuhinsinki.files/shokuhinsinki.xlsx,076ab31512db6c0d16c1b33f07ef1bd543cdc99cc8d394f932db4b2b7560bd84,official_current_rolling_workbook,2026-04,new,fdfdd89e7a6990b1665b4fe1,True
松山市,2026-04,第260032号,2026-04-13,2026-04-13,2031-06-30,飲食店営業,ソウル横丁,松山市二番町2丁目7-1横浜館1F,382019,,,,,new_or_renewal,https://www.city.matsuyama.ehime.jp/shisei/opendata/metadata/shokuhinsinki.files/shokuhinsinki.xlsx,076ab31512db6c0d16c1b33f07ef1bd543cdc99cc8d394f932db4b2b7560bd84,official_current_rolling_workbook,2026-04,new,aee8ba807d4bec7d6fcb238c,True
松山市,2026-04,第260033号,2026-04-13,2026-04-13,2031-06-30,飲食店営業,NOX,松山市二番町1丁目8-2ニック33ビル3F　C室,382019,,,,,new_or_renewal,https://www.city.matsuyama.ehime.jp/shisei/opendata/metadata/shokuhinsinki.files/shokuhinsinki.xlsx,076ab31512db6c0d16c1b33f07ef1bd543cdc99cc8d394f932db4b2b7560bd84,official_current_rolling_workbook,2026-04,new,1300af623ca2a8ee6879d3c1,True
松山市,2026-04,第260034号,2026-04-13,2026-04-13,2031-06-30,飲食店営業,呑処　ゆう,松山市三番町1丁目15-5LIDO STAGEビル2F,382019,,,,,new_or_renewal,https://www.city.matsuyama.ehime.jp/shisei/opendata/metadata/shokuhinsinki.files/shokuhinsinki.xlsx,076ab31512db6c0d16c1b33f07ef1bd543cdc99cc8d394f932db4b2b7560bd84,official_current_rolling_workbook,2026-04,new,fd3f4995ea4a1f37f808c136,True
松山市,2026-04,第260035号,2026-04-13,2026-04-13,2031-06-30,漬物製造業,昭栄食品,松山市南梅本町808-1,382019,,,,,new_or_renewal,https://www.city.matsuyama.ehime.jp/shisei/opendata/metadata/shokuhinsinki.files/shokuhinsinki.xlsx,076ab31512db6c0d16c1b33f07ef1bd543cdc99cc8d394f932db4b2b7560bd84,official_current_rolling_workbook,2026-04,new,24dc6192a477bf8a43e393bc,False
松山市,2026-04,第260036号,2026-04-13,2026-04-13,2031-06-30,飲食店営業,BAR IBIS,松山市二番町2丁目5-15 ARGENT椿BLDG.4F,382019,,,,,new_or_renewal,https://www.city.matsuyama.ehime.jp/shisei/opendata/metadata/shokuhinsinki.files/shokuhinsinki.xlsx,076ab31512db6c0d16c1b33f07ef1bd543cdc99cc8d394f932db4b2b7560bd84,official_current_rolling_workbook,2026-04,new,731ca9bb7cc721dc70b463d1,True
松山市,2026-04,第260037号,2026-04-14,2026-04-14,2031-06-30,飲食店営業,坊っちゃんスタジアム　ネット裏売店,松山市市坪西町625-1,382019,,,,,new_or_renewal,https://www.city.matsuyama.ehime.jp/shisei/opendata/metadata/shokuhinsinki.files/shokuhinsinki.xlsx,076ab31512db6c0d16c1b33f07ef1bd543cdc99cc8d394f932db4b2b7560bd84,official_current_rolling_workbook,2026-04,new,ab1a9c8f9db9c2245e09e4e7,True
松山市,2026-04,第260038号,2026-04-14,2026-04-14,2031-06-30,飲食店営業,いよてつ髙島屋　7階催会場　春の北海道物産展,松山市湊町5丁目1-1株式会社　伊予鉄髙島屋　7F８F,382019,,,,,new_or_renewal,https://www.city.matsuyama.ehime.jp/shisei/opendata/metadata/shokuhinsinki.files/shokuhinsinki.xlsx,076ab31512db6c0d16c1b33f07ef1bd543cdc99cc8d394f932db4b2b7560bd84,official_current_rolling_workbook,2026-04,new,17990c3b710054ef2267a636,True
松山市,2026-04,第260039号,2026-04-14,2026-04-14,2031-06-30,魚介類販売業,いよてつ髙島屋　7階催会場　春の北海道物産展,松山市湊町5丁目1-1株式会社　伊予鉄髙島屋　7F８F,382019,,,,,new_or_renewal,https://www.city.matsuyama.ehime.jp/shisei/opendata/metadata/shokuhinsinki.files/shokuhinsinki.xlsx,076ab31512db6c0d16c1b33f07ef1bd543cdc99cc8d394f932db4b2b7560bd84,official_current_rolling_workbook,2026-04,new,f03dcda481103a2b46ae46eb,False
松山市,2026-04,第260041号,2026-04-15,2026-04-15,2031-06-30,食品の小分け業,株式会社珍味堂,松山市問屋町10-44,382019,,,,,new_or_renewal,https://www.city.matsuyama.ehime.jp/shisei/opendata/metadata/shokuhinsinki.files/shokuhinsinki.xlsx,076ab31512db6c0d16c1b33f07ef1bd543cdc99cc8d394f932db4b2b7560bd84,official_current_rolling_workbook,2026-04,new,3213c26329fd98ecc18bfac2,False
松山市,2026-04,第260042号,2026-04-15,2026-04-15,2031-06-30,菓子製造業,Nutt's Bakery,松山市東石井6丁目5-12　グランドハイム東石井105,382019,,,,,new_or_renewal,https://www.city.matsuyama.ehime.jp/shisei/opendata/metadata/shokuhinsinki.files/shokuhinsinki.xlsx,076ab31512db6c0d16c1b33f07ef1bd543cdc99cc8d394f932db4b2b7560bd84,official_current_rolling_workbook,2026-04,new,19a3a554e48adc181e1f99dd,False
松山市,2026-04,第260043号,2026-04-15,2026-04-15,2031-06-30,飲食店営業,サイコロ,松山市保免中2丁目2-7,382019,,,,,new_or_renewal,https://www.city.matsuyama.ehime.jp/shisei/opendata/metadata/shokuhinsinki.files/shokuhinsinki.xlsx,076ab31512db6c0d16c1b33f07ef1bd543cdc99cc8d394f932db4b2b7560bd84,official_current_rolling_workbook,2026-04,new,6bf2e99d8d8f19288a001ba4,True
松山市,2026-04,第260044号,2021-06-15,2026-04-15,2031-06-30,飲食店営業,オイC－KITCHEN,松山市保健所管内,382019,,,,,new_or_renewal,https://www.city.matsuyama.ehime.jp/shisei/opendata/metadata/shokuhinsinki.files/shokuhinsinki.xlsx,076ab31512db6c0d16c1b33f07ef1bd543cdc99cc8d394f932db4b2b7560bd84,official_current_rolling_workbook,2026-04,renewal,39ec48ee024f8dc743774a23,True
松山市,2026-04,第260045号,2026-04-15,2026-04-15,2031-06-30,飲食店営業,LECLUB,松山市二番町1丁目9-20キーホールビルB1F,382019,,,,,new_or_renewal,https://www.city.matsuyama.ehime.jp/shisei/opendata/metadata/shokuhinsinki.files/shokuhinsinki.xlsx,076ab31512db6c0d16c1b33f07ef1bd543cdc99cc8d394f932db4b2b7560bd84,official_current_rolling_workbook,2026-04,new,c7c5de1786231b27c4219f0d,True
松山市,2026-04,第260046号,2026-04-16,2026-04-16,2031-06-30,飲食店営業,大阪たこやき　takoyaki-masumin,松山市保健所管内,382019,,,,,new_or_renewal,https://www.city.matsuyama.ehime.jp/shisei/opendata/metadata/shokuhinsinki.files/shokuhinsinki.xlsx,076ab31512db6c0d16c1b33f07ef1bd543cdc99cc8d394f932db4b2b7560bd84,official_current_rolling_workbook,2026-04,new,9a3eb7c737c1ff1a50b472ac,True
松山市,2026-04,第260047号,2021-06-08,2026-04-16,2031-06-30,飲食店営業,柏家,松山市南吉田町949,382019,,,,,new_or_renewal,https://www.city.matsuyama.ehime.jp/shisei/opendata/metadata/shokuhinsinki.files/shokuhinsinki.xlsx,076ab31512db6c0d16c1b33f07ef1bd543cdc99cc8d394f932db4b2b7560bd84,official_current_rolling_workbook,2026-04,renewal,89cbca461d0aaf6e66540d86,True
松山市,2026-04,第260048号,2026-04-16,2026-04-16,2031-06-30,冷凍食品製造業,ナポリピザ松山,松山市美沢1丁目4-19,382019,,,,,new_or_renewal,https://www.city.matsuyama.ehime.jp/shisei/opendata/metadata/shokuhinsinki.files/shokuhinsinki.xlsx,076ab31512db6c0d16c1b33f07ef1bd543cdc99cc8d394f932db4b2b7560bd84,official_current_rolling_workbook,2026-04,new,1ccc8bd956ff5dc973ed7acf,False
松山市,2026-04,第260049号,2026-04-16,2026-04-16,2031-06-30,飲食店営業,cott.2nd,松山市保健所管内,382019,,,,,new_or_renewal,https://www.city.matsuyama.ehime.jp/shisei/opendata/metadata/shokuhinsinki.files/shokuhinsinki.xlsx,076ab31512db6c0d16c1b33f07ef1bd543cdc99cc8d394f932db4b2b7560bd84,official_current_rolling_workbook,2026-04,new,ed1517ced49a2806ec24608e,True
松山市,2026-04,第260050号,2026-04-17,2026-04-17,2031-06-30,食肉販売業,有限会社杉野海産,松山市福音寺町312-3,382019,,,,,new_or_renewal,https://www.city.matsuyama.ehime.jp/shisei/opendata/metadata/shokuhinsinki.files/shokuhinsinki.xlsx,076ab31512db6c0d16c1b33f07ef1bd543cdc99cc8d394f932db4b2b7560bd84,official_current_rolling_workbook,2026-04,new,4c0534a5e812d1902a06f326,False
松山市,2026-04,第260051号,2026-04-17,2026-04-17,2031-06-30,飲食店営業,まるちゃん,松山市水泥町959 1F,382019,,,,,new_or_renewal,https://www.city.matsuyama.ehime.jp/shisei/opendata/metadata/shokuhinsinki.files/shokuhinsinki.xlsx,076ab31512db6c0d16c1b33f07ef1bd543cdc99cc8d394f932db4b2b7560bd84,official_current_rolling_workbook,2026-04,new,990213a13ddbba788fb208ce,True
松山市,2026-04,第260052号,2026-04-17,2026-04-17,2031-06-30,菓子製造業,株式会社椿食品,松山市井門町1020,382019,,,,,new_or_renewal,https://www.city.matsuyama.ehime.jp/shisei/opendata/metadata/shokuhinsinki.files/shokuhinsinki.xlsx,076ab31512db6c0d16c1b33f07ef1bd543cdc99cc8d394f932db4b2b7560bd84,official_current_rolling_workbook,2026-04,new,c8df1995705d5613d0a0f73e,False
松山市,2026-04,第260053号,2026-04-17,2026-04-17,2031-06-30,飲食店営業,スナック　さくら,松山市東石井6丁目6-40,382019,,,,,new_or_renewal,https://www.city.matsuyama.ehime.jp/shisei/opendata/metadata/shokuhinsinki.files/shokuhinsinki.xlsx,076ab31512db6c0d16c1b33f07ef1bd543cdc99cc8d394f932db4b2b7560bd84,official_current_rolling_workbook,2026-04,new,144c691c3bfe5be9579c0433,True
松山市,2026-04,第260054号,2026-04-17,2026-04-17,2031-06-30,飲食店営業,HACHIRO ASODA,松山市朝生田町5丁目8-29,382019,,,,,new_or_renewal,https://www.city.matsuyama.ehime.jp/shisei/opendata/metadata/shokuhinsinki.files/shokuhinsinki.xlsx,076ab31512db6c0d16c1b33f07ef1bd543cdc99cc8d394f932db4b2b7560bd84,official_current_rolling_workbook,2026-04,new,70da66159190e4de0c74adfc,True
松山市,2026-04,第260055号,2026-04-17,2026-04-17,2031-06-30,飲食店営業,百済,松山市大街道2丁目2-6アルファCPXビル3F,382019,,,,,new_or_renewal,https://www.city.matsuyama.ehime.jp/shisei/opendata/metadata/shokuhinsinki.files/shokuhinsinki.xlsx,076ab31512db6c0d16c1b33f07ef1bd543cdc99cc8d394f932db4b2b7560bd84,official_current_rolling_workbook,2026-04,new,c65782041650ce41a6da1b28,True
松山市,2026-04,第260056号,2026-04-17,2026-04-17,2031-06-30,飲食店営業,水口酒造株式会社蔵開き,松山市道後喜多町3-18,382019,,,,,new_or_renewal,https://www.city.matsuyama.ehime.jp/shisei/opendata/metadata/shokuhinsinki.files/shokuhinsinki.xlsx,076ab31512db6c0d16c1b33f07ef1bd543cdc99cc8d394f932db4b2b7560bd84,official_current_rolling_workbook,2026-04,new,1310afc5a2e20d72e5d130da,True
松山市,2026-04,第260057号,2026-04-17,2026-04-17,2031-06-30,飲食店営業,五楽亭,松山市平井町861-2,382019,,,,,new_or_renewal,https://www.city.matsuyama.ehime.jp/shisei/opendata/metadata/shokuhinsinki.files/shokuhinsinki.xlsx,076ab31512db6c0d16c1b33f07ef1bd543cdc99cc8d394f932db4b2b7560bd84,official_current_rolling_workbook,2026-04,new,bdffafaf3e8418c6fd1d66fc,True
松山市,2026-04,第260058号,2026-04-20,2026-04-20,2031-06-30,飲食店営業,居酒屋あかり,松山市花園町7-2,382019,,,,,new_or_renewal,https://www.city.matsuyama.ehime.jp/shisei/opendata/metadata/shokuhinsinki.files/shokuhinsinki.xlsx,076ab31512db6c0d16c1b33f07ef1bd543cdc99cc8d394f932db4b2b7560bd84,official_current_rolling_workbook,2026-04,new,ac6e06d9d84e577151f0f681,True
松山市,2026-04,第260059号,2026-04-20,2026-04-20,2031-06-30,冷凍食品製造業,サンホウ食品株式会社,松山市勝岡町270-1,382019,,,,,new_or_renewal,https://www.city.matsuyama.ehime.jp/shisei/opendata/metadata/shokuhinsinki.files/shokuhinsinki.xlsx,076ab31512db6c0d16c1b33f07ef1bd543cdc99cc8d394f932db4b2b7560bd84,official_current_rolling_workbook,2026-04,new,978b4237b97ea912e9b30a3d,False
松山市,2026-04,第260060号,2021-06-16,2026-04-21,2031-06-30,そうざい製造業,せせらぎ,松山市恵原町299-1,382019,,,,,new_or_renewal,https://www.city.matsuyama.ehime.jp/shisei/opendata/metadata/shokuhinsinki.files/shokuhinsinki.xlsx,076ab31512db6c0d16c1b33f07ef1bd543cdc99cc8d394f932db4b2b7560bd84,official_current_rolling_workbook,2026-04,renewal,4b82d55a50bcd295e8c1857e,False
松山市,2026-04,第260061号,2026-04-22,2026-04-22,2031-06-30,飲食店営業,THE CENTRAL MARKET,松山市保免中3丁目4-27,382019,,,,,new_or_renewal,https://www.city.matsuyama.ehime.jp/shisei/opendata/metadata/shokuhinsinki.files/shokuhinsinki.xlsx,076ab31512db6c0d16c1b33f07ef1bd543cdc99cc8d394f932db4b2b7560bd84,official_current_rolling_workbook,2026-04,new,dbb8f0555ab3703dcd2aad7e,True
松山市,2026-04,第260062号,2026-04-22,2026-04-22,2031-06-30,菓子製造業,THE CENTRAL MARKET,松山市保免中3丁目4-27,382019,,,,,new_or_renewal,https://www.city.matsuyama.ehime.jp/shisei/opendata/metadata/shokuhinsinki.files/shokuhinsinki.xlsx,076ab31512db6c0d16c1b33f07ef1bd543cdc99cc8d394f932db4b2b7560bd84,official_current_rolling_workbook,2026-04,new,58d1fcbaf9b7b7f84ff4a9a1,False
松山市,2026-04,第260063号,2026-04-22,2026-04-22,2031-06-30,そうざい製造業,THE CENTRAL MARKET,松山市保免中3丁目4-27,382019,,,,,new_or_renewal,https://www.city.matsuyama.ehime.jp/shisei/opendata/metadata/shokuhinsinki.files/shokuhinsinki.xlsx,076ab31512db6c0d16c1b33f07ef1bd543cdc99cc8d394f932db4b2b7560bd84,official_current_rolling_workbook,2026-04,new,e382897b3ea7908ad661ea52,False
松山市,2026-04,第260064号,2026-04-22,2026-04-22,2031-06-30,飲食店営業,福恩麻辣湯　松山店,松山市三番町3丁目1-8　Ｎビル２F,382019,,,,,new_or_renewal,https://www.city.matsuyama.ehime.jp/shisei/opendata/metadata/shokuhinsinki.files/shokuhinsinki.xlsx,076ab31512db6c0d16c1b33f07ef1bd543cdc99cc8d394f932db4b2b7560bd84,official_current_rolling_workbook,2026-04,new,805b000b203bc9fae2fd1f25,True
松山市,2026-04,第260065号,2026-04-22,2026-04-22,2031-06-30,飲食店営業,咲愛～SAKURA～,松山市二番町1丁目10-1 第22ミツワビル7F,382019,,,,,new_or_renewal,https://www.city.matsuyama.ehime.jp/shisei/opendata/metadata/shokuhinsinki.files/shokuhinsinki.xlsx,076ab31512db6c0d16c1b33f07ef1bd543cdc99cc8d394f932db4b2b7560bd84,official_current_rolling_workbook,2026-04,new,5c9ff0d80d7eb773b18e9c8c,True
松山市,2026-04,第260066号,2026-04-22,2026-04-22,2031-06-30,菓子製造業,ホテルアイスル松山,松山市宮田町391-8,382019,,,,,new_or_renewal,https://www.city.matsuyama.ehime.jp/shisei/opendata/metadata/shokuhinsinki.files/shokuhinsinki.xlsx,076ab31512db6c0d16c1b33f07ef1bd543cdc99cc8d394f932db4b2b7560bd84,official_current_rolling_workbook,2026-04,new,6fb55cdd1636922e7670dcd9,False
松山市,2026-04,第260067号,2026-04-22,2026-04-22,2031-06-30,飲食店営業,Tikka Naan＆Curry＆Kebab,松山市保健所管内,382019,,,,,new_or_renewal,https://www.city.matsuyama.ehime.jp/shisei/opendata/metadata/shokuhinsinki.files/shokuhinsinki.xlsx,076ab31512db6c0d16c1b33f07ef1bd543cdc99cc8d394f932db4b2b7560bd84,official_current_rolling_workbook,2026-04,new,13b8ae6b8257b2f308e779c6,True
松山市,2026-04,第260068号,2026-04-22,2026-04-22,2031-06-30,飲食店営業,salon 永　上ル,松山市一番町1丁目3-11 No.18ミツワビル5F　A号室,382019,,,,,new_or_renewal,https://www.city.matsuyama.ehime.jp/shisei/opendata/metadata/shokuhinsinki.files/shokuhinsinki.xlsx,076ab31512db6c0d16c1b33f07ef1bd543cdc99cc8d394f932db4b2b7560bd84,official_current_rolling_workbook,2026-04,new,65d49896c4ba0a97ca14fb56,True
松山市,2026-04,第260069号,2026-04-23,2026-04-23,2031-06-30,飲食店営業,MOGMOG,松山市保健所管内,382019,,,,,new_or_renewal,https://www.city.matsuyama.ehime.jp/shisei/opendata/metadata/shokuhinsinki.files/shokuhinsinki.xlsx,076ab31512db6c0d16c1b33f07ef1bd543cdc99cc8d394f932db4b2b7560bd84,official_current_rolling_workbook,2026-04,new,7dd3c2d15b59a0841f8c814d,True
松山市,2026-04,第260070号,2026-04-23,2026-04-23,2031-06-30,飲食店営業,Cafe&Dining Nuevo,松山市和田甲214-12,382019,,,,,new_or_renewal,https://www.city.matsuyama.ehime.jp/shisei/opendata/metadata/shokuhinsinki.files/shokuhinsinki.xlsx,076ab31512db6c0d16c1b33f07ef1bd543cdc99cc8d394f932db4b2b7560bd84,official_current_rolling_workbook,2026-04,new,dd1cd58251496008cb246bdf,True
松山市,2026-04,第260071号,2021-06-23,2026-04-23,2031-06-30,飲食店営業,中国料理　万寿,松山市二番町1丁目4-24日の丸ビル3　1F,382019,,,,,new_or_renewal,https://www.city.matsuyama.ehime.jp/shisei/opendata/metadata/shokuhinsinki.files/shokuhinsinki.xlsx,076ab31512db6c0d16c1b33f07ef1bd543cdc99cc8d394f932db4b2b7560bd84,official_current_rolling_workbook,2026-04,renewal,ae11367ddb5c38cabdde8a95,True
松山市,2026-04,第260072号,2026-04-24,2026-04-24,2031-06-30,飲食店営業,HINOKI and the green,松山市船ケ谷町193-1,382019,,,,,new_or_renewal,https://www.city.matsuyama.ehime.jp/shisei/opendata/metadata/shokuhinsinki.files/shokuhinsinki.xlsx,076ab31512db6c0d16c1b33f07ef1bd543cdc99cc8d394f932db4b2b7560bd84,official_current_rolling_workbook,2026-04,new,e8c500db2922b53bd9637f30,True
松山市,2026-04,第260073号,2026-04-24,2026-04-24,2031-06-30,飲食店営業,だし川うま吉,松山市三番町3丁目1-8 Nビル2F北,382019,,,,,new_or_renewal,https://www.city.matsuyama.ehime.jp/shisei/opendata/metadata/shokuhinsinki.files/shokuhinsinki.xlsx,076ab31512db6c0d16c1b33f07ef1bd543cdc99cc8d394f932db4b2b7560bd84,official_current_rolling_workbook,2026-04,new,cc1f8d85fbaa5cf6904879f5,True
松山市,2026-04,第260074号,2026-04-24,2026-04-24,2031-06-30,菓子製造業,HAPPYSALON メルモ,松山市喜与町1丁目5-2 パルフェ喜与町601,382019,,,,,new_or_renewal,https://www.city.matsuyama.ehime.jp/shisei/opendata/metadata/shokuhinsinki.files/shokuhinsinki.xlsx,076ab31512db6c0d16c1b33f07ef1bd543cdc99cc8d394f932db4b2b7560bd84,official_current_rolling_workbook,2026-04,new,6e16598e5cfa126e8f8999a0,False
松山市,2026-04,第260075号,2026-04-27,2026-04-27,2031-06-30,飲食店営業,鯛めしスタンド　かどや道後店,松山市道後湯之町20-19,382019,,,,,new_or_renewal,https://www.city.matsuyama.ehime.jp/shisei/opendata/metadata/shokuhinsinki.files/shokuhinsinki.xlsx,076ab31512db6c0d16c1b33f07ef1bd543cdc99cc8d394f932db4b2b7560bd84,official_current_rolling_workbook,2026-04,new,521e910e79a8afc42e65e30d,True
松山市,2026-04,第260076号,2026-04-27,2026-04-27,2031-06-30,飲食店営業,RAF LOUNGE,松山市二番町3丁目4-10 松山ニューグランドホテル1F,382019,,,,,new_or_renewal,https://www.city.matsuyama.ehime.jp/shisei/opendata/metadata/shokuhinsinki.files/shokuhinsinki.xlsx,076ab31512db6c0d16c1b33f07ef1bd543cdc99cc8d394f932db4b2b7560bd84,official_current_rolling_workbook,2026-04,new,55975ad2291af5a264eb8289,True
松山市,2026-04,第260077号,2026-04-27,2026-04-27,2031-06-30,飲食店営業,焼鳥どん　松山二番町店,松山市二番町2丁目5-8コンチビル1F,382019,,,,,new_or_renewal,https://www.city.matsuyama.ehime.jp/shisei/opendata/metadata/shokuhinsinki.files/shokuhinsinki.xlsx,076ab31512db6c0d16c1b33f07ef1bd543cdc99cc8d394f932db4b2b7560bd84,official_current_rolling_workbook,2026-04,new,51b00164ead4521ac66c36f6,True
松山市,2026-04,第260078号,2026-04-27,2026-04-27,2031-06-30,飲食店営業,harucafe,松山市南久米町234サンディッシュ久米1Fテナント,382019,,,,,new_or_renewal,https://www.city.matsuyama.ehime.jp/shisei/opendata/metadata/shokuhinsinki.files/shokuhinsinki.xlsx,076ab31512db6c0d16c1b33f07ef1bd543cdc99cc8d394f932db4b2b7560bd84,official_current_rolling_workbook,2026-04,new,69d91b8b09ada6876c2d2d21,True
松山市,2026-04,第260079号,2026-04-28,2026-04-28,2031-06-30,菓子製造業,ブリリアントアース株式会社,松山市松末1丁目5-23,382019,,,,,new_or_renewal,https://www.city.matsuyama.ehime.jp/shisei/opendata/metadata/shokuhinsinki.files/shokuhinsinki.xlsx,076ab31512db6c0d16c1b33f07ef1bd543cdc99cc8d394f932db4b2b7560bd84,official_current_rolling_workbook,2026-04,new,392437b536b33e3b81c0e65c,False
松山市,2026-04,第260080号,2026-04-28,2026-04-28,2031-06-30,飲食店営業,BAR Clasico,松山市二番町2丁目1-16  第二アークビル4F,382019,,,,,new_or_renewal,https://www.city.matsuyama.ehime.jp/shisei/opendata/metadata/shokuhinsinki.files/shokuhinsinki.xlsx,076ab31512db6c0d16c1b33f07ef1bd543cdc99cc8d394f932db4b2b7560bd84,official_current_rolling_workbook,2026-04,new,c4403bdbacc8fa08694eb187,True
松山市,2026-04,第260081号,2026-04-28,2026-04-28,2031-06-30,飲食店営業,まめさんコーヒー,松山市保健所管内,382019,,,,,new_or_renewal,https://www.city.matsuyama.ehime.jp/shisei/opendata/metadata/shokuhinsinki.files/shokuhinsinki.xlsx,076ab31512db6c0d16c1b33f07ef1bd543cdc99cc8d394f932db4b2b7560bd84,official_current_rolling_workbook,2026-04,new,0c6b3aba6229896148f844a6,True
松山市,2026-04,第260082号,2026-04-28,2026-04-28,2031-06-30,飲食店営業,K.sキッチン,松山市保健所管内,382019,,,,,new_or_renewal,https://www.city.matsuyama.ehime.jp/shisei/opendata/metadata/shokuhinsinki.files/shokuhinsinki.xlsx,076ab31512db6c0d16c1b33f07ef1bd543cdc99cc8d394f932db4b2b7560bd84,official_current_rolling_workbook,2026-04,new,c6d1e932e5810063597aad3d,True
松山市,2026-04,第260083号,2026-04-28,2026-04-28,2031-06-30,飲食店営業,ゆうゆう北条厨房内　日米クック,松山市河野中須賀145-20,382019,,,,,new_or_renewal,https://www.city.matsuyama.ehime.jp/shisei/opendata/metadata/shokuhinsinki.files/shokuhinsinki.xlsx,076ab31512db6c0d16c1b33f07ef1bd543cdc99cc8d394f932db4b2b7560bd84,official_current_rolling_workbook,2026-04,new,3e49a4513ef81a7db0946646,True
松山市,2026-04,第260084号,2026-04-28,2026-04-28,2031-06-30,飲食店営業,Matthew,松山市三番町2丁目10-6PLUM三番町3F,382019,,,,,new_or_renewal,https://www.city.matsuyama.ehime.jp/shisei/opendata/metadata/shokuhinsinki.files/shokuhinsinki.xlsx,076ab31512db6c0d16c1b33f07ef1bd543cdc99cc8d394f932db4b2b7560bd84,official_current_rolling_workbook,2026-04,new,61094ee5e26ce21459c2929a,True
松山市,2026-04,第260085号,2026-04-30,2026-04-30,2031-06-30,飲食店営業,ケイ企画,松山市三番町2丁目6-3 F ROSEビル　30B,382019,,,,,new_or_renewal,https://www.city.matsuyama.ehime.jp/shisei/opendata/metadata/shokuhinsinki.files/shokuhinsinki.xlsx,076ab31512db6c0d16c1b33f07ef1bd543cdc99cc8d394f932db4b2b7560bd84,official_current_rolling_workbook,2026-04,new,03dab0ee086c44a68342296f,True
松山市,2026-04,第260086号,2026-04-30,2026-04-30,2031-06-30,飲食店営業,ファミリーマート松山石手二丁目店,松山市石手2丁目5-17,382019,,,,,new_or_renewal,https://www.city.matsuyama.ehime.jp/shisei/opendata/metadata/shokuhinsinki.files/shokuhinsinki.xlsx,076ab31512db6c0d16c1b33f07ef1bd543cdc99cc8d394f932db4b2b7560bd84,official_current_rolling_workbook,2026-04,new,ff3b219292450fb39de78738,True
松山市,2026-04,第260087号,2026-04-30,2026-04-30,2031-06-30,飲食店営業,有限会社天平フーズFC井門ライン,松山市保健所管内,382019,,,,,new_or_renewal,https://www.city.matsuyama.ehime.jp/shisei/opendata/metadata/shokuhinsinki.files/shokuhinsinki.xlsx,076ab31512db6c0d16c1b33f07ef1bd543cdc99cc8d394f932db4b2b7560bd84,official_current_rolling_workbook,2026-04,new,bbe6d87135dc62adc9a4aa3c,True
松山市,2026-05,第260088号,2026-05-01,2026-05-01,2031-06-30,飲食店営業,GUILD Farm,松山市梅津寺町56-87,382019,,,,,new_or_renewal,https://www.city.matsuyama.ehime.jp/shisei/opendata/metadata/shokuhinsinki.files/shokuhinsinki.xlsx,076ab31512db6c0d16c1b33f07ef1bd543cdc99cc8d394f932db4b2b7560bd84,official_current_rolling_workbook,2026-05,new,f0fe78a48671ed670a2690dd,True
松山市,2026-05,第260089号,2026-05-01,2026-05-01,2031-06-30,飲食店営業,ウチごはん　こうのとり,松山市二番町2丁目5-8北国ビル1F,382019,,,,,new_or_renewal,https://www.city.matsuyama.ehime.jp/shisei/opendata/metadata/shokuhinsinki.files/shokuhinsinki.xlsx,076ab31512db6c0d16c1b33f07ef1bd543cdc99cc8d394f932db4b2b7560bd84,official_current_rolling_workbook,2026-05,new,5d6100fe0cf59e359c5892a4,True
松山市,2026-05,第260090号,2026-05-01,2026-05-01,2031-06-30,飲食店営業,株式会社フラリッシュ,松山市堀之内公園,382019,,,,,new_or_renewal,https://www.city.matsuyama.ehime.jp/shisei/opendata/metadata/shokuhinsinki.files/shokuhinsinki.xlsx,076ab31512db6c0d16c1b33f07ef1bd543cdc99cc8d394f932db4b2b7560bd84,official_current_rolling_workbook,2026-05,new,447dbaf011f64644718a2391,True
松山市,2026-05,第260091号,2021-06-04,2026-05-01,2031-06-30,飲食店営業,ファミリーマート松山立花店,松山市立花6丁目384-5,382019,,,,,new_or_renewal,https://www.city.matsuyama.ehime.jp/shisei/opendata/metadata/shokuhinsinki.files/shokuhinsinki.xlsx,076ab31512db6c0d16c1b33f07ef1bd543cdc99cc8d394f932db4b2b7560bd84,official_current_rolling_workbook,2026-05,renewal,97ad8dd693b6508793fee500,True
松山市,2026-05,第260092号,2021-06-10,2026-05-01,2031-06-30,飲食店営業,彩香,松山市二番町1丁目9-14ラフォーレ202　4Ｆ,382019,,,,,new_or_renewal,https://www.city.matsuyama.ehime.jp/shisei/opendata/metadata/shokuhinsinki.files/shokuhinsinki.xlsx,076ab31512db6c0d16c1b33f07ef1bd543cdc99cc8d394f932db4b2b7560bd84,official_current_rolling_workbook,2026-05,renewal,478edd203ef0c8d0dd3498c6,True
松山市,2026-05,第260093号,2021-06-29,2026-05-01,2031-06-30,飲食店営業,すなっく　ひらり,松山市二番町2丁目9-2森恵ビル201,382019,,,,,new_or_renewal,https://www.city.matsuyama.ehime.jp/shisei/opendata/metadata/shokuhinsinki.files/shokuhinsinki.xlsx,076ab31512db6c0d16c1b33f07ef1bd543cdc99cc8d394f932db4b2b7560bd84,official_current_rolling_workbook,2026-05,renewal,f7c6cd8158fa1ba942dbf5e9,True
松山市,2026-05,第260094号,2021-06-09,2026-05-01,2031-06-30,飲食店営業,ペギー・スー,松山市二番町1丁目2-9ジョイフルビル2F,382019,,,,,new_or_renewal,https://www.city.matsuyama.ehime.jp/shisei/opendata/metadata/shokuhinsinki.files/shokuhinsinki.xlsx,076ab31512db6c0d16c1b33f07ef1bd543cdc99cc8d394f932db4b2b7560bd84,official_current_rolling_workbook,2026-05,renewal,0444872703965d5f4aa9339a,True
松山市,2026-05,第260095号,2021-06-08,2026-05-01,2031-06-30,飲食店営業,七厘や　笑,松山市一番町2丁目4-11　1F,382019,,,,,new_or_renewal,https://www.city.matsuyama.ehime.jp/shisei/opendata/metadata/shokuhinsinki.files/shokuhinsinki.xlsx,076ab31512db6c0d16c1b33f07ef1bd543cdc99cc8d394f932db4b2b7560bd84,official_current_rolling_workbook,2026-05,renewal,74a508e0410add2bc8ec3d76,True
松山市,2026-05,第260096号,2021-06-15,2026-05-01,2031-06-30,飲食店営業,ノア,松山市二番町1丁目9-13　マジョリカハウスビル301,382019,,,,,new_or_renewal,https://www.city.matsuyama.ehime.jp/shisei/opendata/metadata/shokuhinsinki.files/shokuhinsinki.xlsx,076ab31512db6c0d16c1b33f07ef1bd543cdc99cc8d394f932db4b2b7560bd84,official_current_rolling_workbook,2026-05,renewal,a8b80844f234c3f6c8a2c943,True
松山市,2026-05,第260097号,2021-06-03,2026-05-01,2031-06-30,飲食店営業,さわ家,松山市大街道3丁目8-24,382019,,,,,new_or_renewal,https://www.city.matsuyama.ehime.jp/shisei/opendata/metadata/shokuhinsinki.files/shokuhinsinki.xlsx,076ab31512db6c0d16c1b33f07ef1bd543cdc99cc8d394f932db4b2b7560bd84,official_current_rolling_workbook,2026-05,renewal,d1866ee282bbf5d5c81c7ca0,True
松山市,2026-05,第260098号,2021-06-09,2026-05-01,2031-06-30,飲食店営業,松山市職員生活協同組合,松山市二番町4丁目7-2,382019,,,,,new_or_renewal,https://www.city.matsuyama.ehime.jp/shisei/opendata/metadata/shokuhinsinki.files/shokuhinsinki.xlsx,076ab31512db6c0d16c1b33f07ef1bd543cdc99cc8d394f932db4b2b7560bd84,official_current_rolling_workbook,2026-05,renewal,399cfe469c3fef81dc536f5a,True
松山市,2026-05,第260099号,2021-06-02,2026-05-07,2031-06-30,飲食店営業,いるか,松山市千舟町2丁目8-7第5クリーンビル1Ｆ,382019,,,,,new_or_renewal,https://www.city.matsuyama.ehime.jp/shisei/opendata/metadata/shokuhinsinki.files/shokuhinsinki.xlsx,076ab31512db6c0d16c1b33f07ef1bd543cdc99cc8d394f932db4b2b7560bd84,official_current_rolling_workbook,2026-05,renewal,1fc8a803241eb7a551518aa0,True
松山市,2026-05,第260100号,2021-06-11,2026-05-07,2031-06-30,飲食店営業,ホワイトテラスチャンプ,松山市勝山町2丁目155-1メゾンドール勝山1F,382019,,,,,new_or_renewal,https://www.city.matsuyama.ehime.jp/shisei/opendata/metadata/shokuhinsinki.files/shokuhinsinki.xlsx,076ab31512db6c0d16c1b33f07ef1bd543cdc99cc8d394f932db4b2b7560bd84,official_current_rolling_workbook,2026-05,renewal,71a601efaf493e83ccadf36c,True
松山市,2026-05,第260101号,2021-06-14,2026-05-07,2031-06-30,飲食店営業,まるなか,松山市柳井町3丁目2-2,382019,,,,,new_or_renewal,https://www.city.matsuyama.ehime.jp/shisei/opendata/metadata/shokuhinsinki.files/shokuhinsinki.xlsx,076ab31512db6c0d16c1b33f07ef1bd543cdc99cc8d394f932db4b2b7560bd84,official_current_rolling_workbook,2026-05,renewal,4c020550b02869bebc1c18ad,True
松山市,2026-05,第260102号,2026-05-08,2026-05-08,2031-06-30,飲食店営業,帰蝶,松山市二番町1丁目5-2古唐人松山館Ⅱ　4F店舗,382019,,,,,new_or_renewal,https://www.city.matsuyama.ehime.jp/shisei/opendata/metadata/shokuhinsinki.files/shokuhinsinki.xlsx,076ab31512db6c0d16c1b33f07ef1bd543cdc99cc8d394f932db4b2b7560bd84,official_current_rolling_workbook,2026-05,new,5218b19f4c70075d6b9ec516,True
松山市,2026-05,第260103号,2026-05-08,2026-05-08,2031-06-30,飲食店営業,むてき縁,松山市二番町1丁目4-3,382019,,,,,new_or_renewal,https://www.city.matsuyama.ehime.jp/shisei/opendata/metadata/shokuhinsinki.files/shokuhinsinki.xlsx,076ab31512db6c0d16c1b33f07ef1bd543cdc99cc8d394f932db4b2b7560bd84,official_current_rolling_workbook,2026-05,new,03ffd1b94c17abb9650aceb5,True
松山市,2026-05,第260104号,2021-06-04,2026-05-08,2031-06-30,飲食店営業,喫茶　ハッピー,松山市勝山町2丁目11-6杉野ビル1F,382019,,,,,new_or_renewal,https://www.city.matsuyama.ehime.jp/shisei/opendata/metadata/shokuhinsinki.files/shokuhinsinki.xlsx,076ab31512db6c0d16c1b33f07ef1bd543cdc99cc8d394f932db4b2b7560bd84,official_current_rolling_workbook,2026-05,renewal,8e87ce114d191ba4896a6c28,True
松山市,2026-05,第260105号,2021-06-30,2026-05-08,2031-06-30,飲食店営業,Ｂｕｏｎｏ　Ｒｅｇａｌｏ,松山市一番町1丁目5-7,382019,,,,,new_or_renewal,https://www.city.matsuyama.ehime.jp/shisei/opendata/metadata/shokuhinsinki.files/shokuhinsinki.xlsx,076ab31512db6c0d16c1b33f07ef1bd543cdc99cc8d394f932db4b2b7560bd84,official_current_rolling_workbook,2026-05,renewal,6c3608940e8b56f33d2b90dc,True
松山市,2026-05,第260106号,2026-05-11,2026-05-11,2031-06-30,飲食店営業,お好み～　Kirari,松山市西長戸町271-9,382019,,,,,new_or_renewal,https://www.city.matsuyama.ehime.jp/shisei/opendata/metadata/shokuhinsinki.files/shokuhinsinki.xlsx,076ab31512db6c0d16c1b33f07ef1bd543cdc99cc8d394f932db4b2b7560bd84,official_current_rolling_workbook,2026-05,new,85fdb681df90973651366151,True
松山市,2026-05,第260107号,2021-06-11,2026-05-11,2031-06-30,飲食店営業,Cafe Crema,松山市湊町4丁目３-7すがやビル2F,382019,,,,,new_or_renewal,https://www.city.matsuyama.ehime.jp/shisei/opendata/metadata/shokuhinsinki.files/shokuhinsinki.xlsx,076ab31512db6c0d16c1b33f07ef1bd543cdc99cc8d394f932db4b2b7560bd84,official_current_rolling_workbook,2026-05,renewal,d16a3dacf9434383f933caa1,True
松山市,2026-05,第260108号,2021-06-08,2026-05-11,2031-06-30,飲食店営業,ｎｉｃｏ３,松山市二番町1丁目8-5セブンハウス1Ｆ,382019,,,,,new_or_renewal,https://www.city.matsuyama.ehime.jp/shisei/opendata/metadata/shokuhinsinki.files/shokuhinsinki.xlsx,076ab31512db6c0d16c1b33f07ef1bd543cdc99cc8d394f932db4b2b7560bd84,official_current_rolling_workbook,2026-05,renewal,ad93c737ff43f385d7e42516,True
松山市,2026-05,第260109号,2021-06-09,2026-05-11,2031-06-30,飲食店営業,和牛炭火焼肉ビストロ　飛び牛,松山市二番町1丁目5-31 AIBARA二番町ビル1F,382019,,,,,new_or_renewal,https://www.city.matsuyama.ehime.jp/shisei/opendata/metadata/shokuhinsinki.files/shokuhinsinki.xlsx,076ab31512db6c0d16c1b33f07ef1bd543cdc99cc8d394f932db4b2b7560bd84,official_current_rolling_workbook,2026-05,renewal,08b50a5c4165f2b96a471674,True
松山市,2026-05,第260110号,2021-06-18,2026-05-11,2031-06-30,飲食店営業,風恋人,松山市三番町1丁目10-13TOKIビル２F,382019,,,,,new_or_renewal,https://www.city.matsuyama.ehime.jp/shisei/opendata/metadata/shokuhinsinki.files/shokuhinsinki.xlsx,076ab31512db6c0d16c1b33f07ef1bd543cdc99cc8d394f932db4b2b7560bd84,official_current_rolling_workbook,2026-05,renewal,ff0edb1ed506c8f42b78df7f,True
松山市,2026-05,第260111号,2021-06-25,2026-05-11,2031-06-30,飲食店営業,花乃ん,松山市一番町2丁目1-4トーヨビル　1F、2F,382019,,,,,new_or_renewal,https://www.city.matsuyama.ehime.jp/shisei/opendata/metadata/shokuhinsinki.files/shokuhinsinki.xlsx,076ab31512db6c0d16c1b33f07ef1bd543cdc99cc8d394f932db4b2b7560bd84,official_current_rolling_workbook,2026-05,renewal,e7035304507932183e120ec6,True
松山市,2026-05,第260112号,2021-06-09,2026-05-11,2031-06-30,飲食店営業,クラブ華壇,松山市二番町1丁目8-1松山ウェスティン２F,382019,,,,,new_or_renewal,https://www.city.matsuyama.ehime.jp/shisei/opendata/metadata/shokuhinsinki.files/shokuhinsinki.xlsx,076ab31512db6c0d16c1b33f07ef1bd543cdc99cc8d394f932db4b2b7560bd84,official_current_rolling_workbook,2026-05,renewal,35c49bc1ee2cbdbb05cf63c6,True
松山市,2026-05,第260113号,2021-06-04,2026-05-11,2031-06-30,飲食店営業,やんちゃ姫,松山市二番町2丁目4-16いさみビル5F,382019,,,,,new_or_renewal,https://www.city.matsuyama.ehime.jp/shisei/opendata/metadata/shokuhinsinki.files/shokuhinsinki.xlsx,076ab31512db6c0d16c1b33f07ef1bd543cdc99cc8d394f932db4b2b7560bd84,official_current_rolling_workbook,2026-05,renewal,d55bd62b697d382f9d5655e9,True
松山市,2026-05,第260114号,2021-06-09,2026-05-11,2031-06-30,飲食店営業,ベルディ,松山市二番町2丁目8-8クギミヤビル2Ｆ,382019,,,,,new_or_renewal,https://www.city.matsuyama.ehime.jp/shisei/opendata/metadata/shokuhinsinki.files/shokuhinsinki.xlsx,076ab31512db6c0d16c1b33f07ef1bd543cdc99cc8d394f932db4b2b7560bd84,official_current_rolling_workbook,2026-05,renewal,06e8d1d3d6cd8b0eb6dd897a,True
松山市,2026-05,第260115号,2026-05-11,2026-05-11,2031-06-30,飲食店営業,小料理　小松,松山市二番町1丁目7-11青娥2番館6F西,382019,,,,,new_or_renewal,https://www.city.matsuyama.ehime.jp/shisei/opendata/metadata/shokuhinsinki.files/shokuhinsinki.xlsx,076ab31512db6c0d16c1b33f07ef1bd543cdc99cc8d394f932db4b2b7560bd84,official_current_rolling_workbook,2026-05,new,17412c7170618b52fe5aeaad,True
松山市,2026-05,第260116号,2026-05-11,2026-05-11,2031-06-30,飲食店営業,knotCAFE 愛媛店,松山市一番町4丁目4-2 愛媛県庁第二別館 1F,382019,,,,,new_or_renewal,https://www.city.matsuyama.ehime.jp/shisei/opendata/metadata/shokuhinsinki.files/shokuhinsinki.xlsx,076ab31512db6c0d16c1b33f07ef1bd543cdc99cc8d394f932db4b2b7560bd84,official_current_rolling_workbook,2026-05,new,ccd92956300b8928fe3cb4c0,True
松山市,2026-05,第260117号,2026-05-12,2026-05-12,2031-06-30,飲食店営業,結び,松山市和田甲330-3,382019,,,,,new_or_renewal,https://www.city.matsuyama.ehime.jp/shisei/opendata/metadata/shokuhinsinki.files/shokuhinsinki.xlsx,076ab31512db6c0d16c1b33f07ef1bd543cdc99cc8d394f932db4b2b7560bd84,official_current_rolling_workbook,2026-05,new,10853cfccf2864e3495fd541,True
松山市,2026-05,第260118号,2026-05-12,2026-05-12,2031-06-30,飲食店営業,松前餃子,松山市保健所管内,382019,,,,,new_or_renewal,https://www.city.matsuyama.ehime.jp/shisei/opendata/metadata/shokuhinsinki.files/shokuhinsinki.xlsx,076ab31512db6c0d16c1b33f07ef1bd543cdc99cc8d394f932db4b2b7560bd84,official_current_rolling_workbook,2026-05,new,52677b000ec2b5166ffb4aec,True
松山市,2026-05,第260119号,2026-05-12,2026-05-12,2031-06-30,飲食店営業,たこいちろう,松山市保健所管内,382019,,,,,new_or_renewal,https://www.city.matsuyama.ehime.jp/shisei/opendata/metadata/shokuhinsinki.files/shokuhinsinki.xlsx,076ab31512db6c0d16c1b33f07ef1bd543cdc99cc8d394f932db4b2b7560bd84,official_current_rolling_workbook,2026-05,new,fb862576f0c264f16b5e7a88,True
松山市,2026-05,第260120号,2021-06-09,2026-05-12,2031-06-30,飲食店営業,NOKURU,松山市三番町1丁目10-16AIBARAビル１F,382019,,,,,new_or_renewal,https://www.city.matsuyama.ehime.jp/shisei/opendata/metadata/shokuhinsinki.files/shokuhinsinki.xlsx,076ab31512db6c0d16c1b33f07ef1bd543cdc99cc8d394f932db4b2b7560bd84,official_current_rolling_workbook,2026-05,renewal,3540cd7c2e25881c4a316d06,True
松山市,2026-05,第260121号,2021-06-18,2026-05-12,2031-06-30,飲食店営業,株式会社六時屋,松山市勝山町2丁目18-8六時屋本社ビル,382019,,,,,new_or_renewal,https://www.city.matsuyama.ehime.jp/shisei/opendata/metadata/shokuhinsinki.files/shokuhinsinki.xlsx,076ab31512db6c0d16c1b33f07ef1bd543cdc99cc8d394f932db4b2b7560bd84,official_current_rolling_workbook,2026-05,renewal,d82c84b503c35d5eaf1368a0,True
松山市,2026-05,第260122号,2021-06-16,2026-05-12,2031-06-30,魚介類販売業,さかなや　あおい,松山市本町6丁目8-8兼久ビル1F,382019,,,,,new_or_renewal,https://www.city.matsuyama.ehime.jp/shisei/opendata/metadata/shokuhinsinki.files/shokuhinsinki.xlsx,076ab31512db6c0d16c1b33f07ef1bd543cdc99cc8d394f932db4b2b7560bd84,official_current_rolling_workbook,2026-05,renewal,6828314e8dde0e5a41adcecf,False
松山市,2026-05,第260123号,2021-06-10,2026-05-12,2031-06-30,飲食店営業,あまやどり,松山市北立花町6-11,382019,,,,,new_or_renewal,https://www.city.matsuyama.ehime.jp/shisei/opendata/metadata/shokuhinsinki.files/shokuhinsinki.xlsx,076ab31512db6c0d16c1b33f07ef1bd543cdc99cc8d394f932db4b2b7560bd84,official_current_rolling_workbook,2026-05,renewal,f1943e3a83858b39ee016c6a,True
松山市,2026-05,第260124号,2021-06-14,2026-05-12,2031-06-30,飲食店営業,鮨いの,松山市二番町1丁目10-9ミツワ320ビル　3F,382019,,,,,new_or_renewal,https://www.city.matsuyama.ehime.jp/shisei/opendata/metadata/shokuhinsinki.files/shokuhinsinki.xlsx,076ab31512db6c0d16c1b33f07ef1bd543cdc99cc8d394f932db4b2b7560bd84,official_current_rolling_workbook,2026-05,renewal,de5c9b834591992b1e6c52df,True
松山市,2026-05,第260125号,2021-06-10,2026-05-12,2031-06-30,飲食店営業,ＨＡＰＰＹ　ＤＲＡＧＯＮ,松山市三番町1丁目16-4ハーフビル3Ｆ,382019,,,,,new_or_renewal,https://www.city.matsuyama.ehime.jp/shisei/opendata/metadata/shokuhinsinki.files/shokuhinsinki.xlsx,076ab31512db6c0d16c1b33f07ef1bd543cdc99cc8d394f932db4b2b7560bd84,official_current_rolling_workbook,2026-05,renewal,9082b1f86c09db03c565648d,True
松山市,2026-05,第260126号,2021-06-10,2026-05-12,2031-06-30,飲食店営業,おもに亭,松山市一番町1丁目7-17リーブル悠1Ｆ北側,382019,,,,,new_or_renewal,https://www.city.matsuyama.ehime.jp/shisei/opendata/metadata/shokuhinsinki.files/shokuhinsinki.xlsx,076ab31512db6c0d16c1b33f07ef1bd543cdc99cc8d394f932db4b2b7560bd84,official_current_rolling_workbook,2026-05,renewal,d1edb42e84c8d0d0a8c30b01,True
松山市,2026-05,第260127号,2021-06-18,2026-05-12,2031-06-30,飲食店営業,BIBLIO,松山市三番町1丁目16-10スター21PART2ビル　3F,382019,,,,,new_or_renewal,https://www.city.matsuyama.ehime.jp/shisei/opendata/metadata/shokuhinsinki.files/shokuhinsinki.xlsx,076ab31512db6c0d16c1b33f07ef1bd543cdc99cc8d394f932db4b2b7560bd84,official_current_rolling_workbook,2026-05,renewal,63bc7f56f038db04dad4ec4d,True
松山市,2026-05,第260128号,2026-05-13,2026-05-13,2031-06-30,飲食店営業,就労継続支援B型事業所ループ,松山市桑原7丁目1-26,382019,,,,,new_or_renewal,https://www.city.matsuyama.ehime.jp/shisei/opendata/metadata/shokuhinsinki.files/shokuhinsinki.xlsx,076ab31512db6c0d16c1b33f07ef1bd543cdc99cc8d394f932db4b2b7560bd84,official_current_rolling_workbook,2026-05,new,7853dc6674d7974f67cd4bf9,True
松山市,2026-05,第260129号,2026-05-13,2026-05-13,2031-06-30,飲食店営業,配食弁当　友,松山市北斎院町418-1コーポ中津1F,382019,,,,,new_or_renewal,https://www.city.matsuyama.ehime.jp/shisei/opendata/metadata/shokuhinsinki.files/shokuhinsinki.xlsx,076ab31512db6c0d16c1b33f07ef1bd543cdc99cc8d394f932db4b2b7560bd84,official_current_rolling_workbook,2026-05,new,f3bd5e11ca25f0756ea37acf,True
松山市,2026-05,第260130号,2021-06-09,2026-05-13,2031-06-30,飲食店営業,喫茶こころ,松山市中村3丁目2-15,382019,,,,,new_or_renewal,https://www.city.matsuyama.ehime.jp/shisei/opendata/metadata/shokuhinsinki.files/shokuhinsinki.xlsx,076ab31512db6c0d16c1b33f07ef1bd543cdc99cc8d394f932db4b2b7560bd84,official_current_rolling_workbook,2026-05,renewal,136dd53c1f58b4b020ac8042,True
松山市,2026-05,第260131号,2021-06-21,2026-05-13,2031-06-30,飲食店営業,てんぷら小内,松山市二番町3丁目8-5美川ビル2F,382019,,,,,new_or_renewal,https://www.city.matsuyama.ehime.jp/shisei/opendata/metadata/shokuhinsinki.files/shokuhinsinki.xlsx,076ab31512db6c0d16c1b33f07ef1bd543cdc99cc8d394f932db4b2b7560bd84,official_current_rolling_workbook,2026-05,renewal,17a6102ecb1489f37972e615,True
松山市,2026-05,第260132号,2021-06-10,2026-05-13,2031-06-30,飲食店営業,知音,松山市二番町1丁目3-3　サンプラザビル88　2Ｆ,382019,,,,,new_or_renewal,https://www.city.matsuyama.ehime.jp/shisei/opendata/metadata/shokuhinsinki.files/shokuhinsinki.xlsx,076ab31512db6c0d16c1b33f07ef1bd543cdc99cc8d394f932db4b2b7560bd84,official_current_rolling_workbook,2026-05,renewal,00395da681d913890f22b74e,True
松山市,2026-05,第260133号,2021-06-09,2026-05-13,2031-06-30,飲食店営業,肴と飯　茜家,松山市二番町3丁目8-2第2スズランビル1F,382019,,,,,new_or_renewal,https://www.city.matsuyama.ehime.jp/shisei/opendata/metadata/shokuhinsinki.files/shokuhinsinki.xlsx,076ab31512db6c0d16c1b33f07ef1bd543cdc99cc8d394f932db4b2b7560bd84,official_current_rolling_workbook,2026-05,renewal,d894a3ada08150d6fb770dcd,True
松山市,2026-05,第260134号,2021-06-21,2026-05-13,2031-06-30,飲食店営業,手打ちうどん　かもねぎ,松山市三番町1丁目10-15相原ビル1F,382019,,,,,new_or_renewal,https://www.city.matsuyama.ehime.jp/shisei/opendata/metadata/shokuhinsinki.files/shokuhinsinki.xlsx,076ab31512db6c0d16c1b33f07ef1bd543cdc99cc8d394f932db4b2b7560bd84,official_current_rolling_workbook,2026-05,renewal,d0c12e0cb219a162e3f925e8,True
松山市,2026-05,第260135号,2021-06-14,2026-05-13,2031-06-30,飲食店営業,骨太味覚,松山市大街道3丁目3-5友近ビル1F,382019,,,,,new_or_renewal,https://www.city.matsuyama.ehime.jp/shisei/opendata/metadata/shokuhinsinki.files/shokuhinsinki.xlsx,076ab31512db6c0d16c1b33f07ef1bd543cdc99cc8d394f932db4b2b7560bd84,official_current_rolling_workbook,2026-05,renewal,ae3a3569fedb28d98856d024,True
松山市,2026-05,第260136号,2026-05-14,2026-05-14,2031-06-30,飲食店営業,スナック今夕,松山市北条辻1406 373HOUSE 1F,382019,,,,,new_or_renewal,https://www.city.matsuyama.ehime.jp/shisei/opendata/metadata/shokuhinsinki.files/shokuhinsinki.xlsx,076ab31512db6c0d16c1b33f07ef1bd543cdc99cc8d394f932db4b2b7560bd84,official_current_rolling_workbook,2026-05,new,b9bbf9f6f9e7431e17de7c33,True
松山市,2026-05,第260137号,2021-06-15,2026-05-14,2031-06-30,飲食店営業,お好み焼きもみじゅう,松山市紅葉町1-23メゾンドNANKAIⅡ　1F,382019,,,,,new_or_renewal,https://www.city.matsuyama.ehime.jp/shisei/opendata/metadata/shokuhinsinki.files/shokuhinsinki.xlsx,076ab31512db6c0d16c1b33f07ef1bd543cdc99cc8d394f932db4b2b7560bd84,official_current_rolling_workbook,2026-05,renewal,9b0fcecd297f1984fdae4ead,True
松山市,2026-05,第260138号,2021-06-29,2026-05-14,2031-06-30,飲食店営業,ダイニング　ブドリ,松山市大街道2丁目1-1　エムズビル2Ｆ,382019,,,,,new_or_renewal,https://www.city.matsuyama.ehime.jp/shisei/opendata/metadata/shokuhinsinki.files/shokuhinsinki.xlsx,076ab31512db6c0d16c1b33f07ef1bd543cdc99cc8d394f932db4b2b7560bd84,official_current_rolling_workbook,2026-05,renewal,953a034a18927f8724e4d58f,True
松山市,2026-05,第260139号,2021-06-30,2026-05-14,2031-06-30,飲食店営業,佰味,松山市三番町2丁目7-3チェックイン松山10Ｆ,382019,,,,,new_or_renewal,https://www.city.matsuyama.ehime.jp/shisei/opendata/metadata/shokuhinsinki.files/shokuhinsinki.xlsx,076ab31512db6c0d16c1b33f07ef1bd543cdc99cc8d394f932db4b2b7560bd84,official_current_rolling_workbook,2026-05,renewal,90e9456670ac3d11c0eb1393,True
松山市,2026-05,第260140号,2021-06-08,2026-05-14,2031-06-30,飲食店営業,一りん,松山市此花町3-12,382019,,,,,new_or_renewal,https://www.city.matsuyama.ehime.jp/shisei/opendata/metadata/shokuhinsinki.files/shokuhinsinki.xlsx,076ab31512db6c0d16c1b33f07ef1bd543cdc99cc8d394f932db4b2b7560bd84,official_current_rolling_workbook,2026-05,renewal,c8fe348cccfe3f67c424ede7,True
松山市,2026-05,第260141号,2021-06-02,2026-05-14,2031-06-30,飲食店営業,もつ焼牛だしおでん酒場と金,松山市二番町2丁目6-2 1F,382019,,,,,new_or_renewal,https://www.city.matsuyama.ehime.jp/shisei/opendata/metadata/shokuhinsinki.files/shokuhinsinki.xlsx,076ab31512db6c0d16c1b33f07ef1bd543cdc99cc8d394f932db4b2b7560bd84,official_current_rolling_workbook,2026-05,renewal,c070941571e55dc2d2e0ad44,True
松山市,2026-05,第260142号,2021-06-22,2026-05-14,2031-06-30,飲食店営業,さくら堂,松山市一番町2丁目4-15,382019,,,,,new_or_renewal,https://www.city.matsuyama.ehime.jp/shisei/opendata/metadata/shokuhinsinki.files/shokuhinsinki.xlsx,076ab31512db6c0d16c1b33f07ef1bd543cdc99cc8d394f932db4b2b7560bd84,official_current_rolling_workbook,2026-05,renewal,71504bc452114d55e713e082,True
松山市,2026-05,第260143号,2026-05-15,2026-05-15,2031-06-30,飲食店営業,55CHINA大街道店,松山市大街道2丁目3-7熊本ビル1F,382019,,,,,new_or_renewal,https://www.city.matsuyama.ehime.jp/shisei/opendata/metadata/shokuhinsinki.files/shokuhinsinki.xlsx,076ab31512db6c0d16c1b33f07ef1bd543cdc99cc8d394f932db4b2b7560bd84,official_current_rolling_workbook,2026-05,new,5aec4ccc66abf82cab323114,True
松山市,2026-05,第260144号,2026-05-15,2026-05-15,2031-06-30,飲食店営業,椛鈴（かりん）,松山市三番町2丁目6-19ネオアイエスビル4F西側,382019,,,,,new_or_renewal,https://www.city.matsuyama.ehime.jp/shisei/opendata/metadata/shokuhinsinki.files/shokuhinsinki.xlsx,076ab31512db6c0d16c1b33f07ef1bd543cdc99cc8d394f932db4b2b7560bd84,official_current_rolling_workbook,2026-05,new,c3d9d87e9db347a1457fad95,True
松山市,2026-05,第260145号,2026-05-15,2026-05-15,2031-06-30,飲食店営業,大衆焼肉しんすけ　松山三番町店,松山市三番町1丁目13-12,382019,,,,,new_or_renewal,https://www.city.matsuyama.ehime.jp/shisei/opendata/metadata/shokuhinsinki.files/shokuhinsinki.xlsx,076ab31512db6c0d16c1b33f07ef1bd543cdc99cc8d394f932db4b2b7560bd84,official_current_rolling_workbook,2026-05,new,0f33cb23935c40b46bc9642b,True
松山市,2026-05,第260146号,2026-05-15,2026-05-15,2031-06-30,飲食店営業,1st,松山市二番町1丁目9-12オダビル2F,382019,,,,,new_or_renewal,https://www.city.matsuyama.ehime.jp/shisei/opendata/metadata/shokuhinsinki.files/shokuhinsinki.xlsx,076ab31512db6c0d16c1b33f07ef1bd543cdc99cc8d394f932db4b2b7560bd84,official_current_rolling_workbook,2026-05,new,43dd96530beed4dcd53c34ef,True
松山市,2026-05,第260147号,2026-05-15,2026-05-15,2031-06-30,飲食店営業,ピザハット　JR松山駅前店,松山市三番町8丁目325-2松山市農協ビル別館1F,382019,,,,,new_or_renewal,https://www.city.matsuyama.ehime.jp/shisei/opendata/metadata/shokuhinsinki.files/shokuhinsinki.xlsx,076ab31512db6c0d16c1b33f07ef1bd543cdc99cc8d394f932db4b2b7560bd84,official_current_rolling_workbook,2026-05,new,b657395eea155482dadafc47,True
松山市,2026-05,第260148号,2026-05-18,2026-05-18,2031-06-30,飲食店営業,BAR PLUM,松山市二番町1丁目5-3古唐人松山舘Ⅱ1F,382019,,,,,new_or_renewal,https://www.city.matsuyama.ehime.jp/shisei/opendata/metadata/shokuhinsinki.files/shokuhinsinki.xlsx,076ab31512db6c0d16c1b33f07ef1bd543cdc99cc8d394f932db4b2b7560bd84,official_current_rolling_workbook,2026-05,new,a2845774e8faccd9d70c1999,True
松山市,2026-05,第260149号,2026-05-18,2026-05-18,2031-06-30,飲食店営業,marugo coffee stand,松山市木屋町1丁目6-3,382019,,,,,new_or_renewal,https://www.city.matsuyama.ehime.jp/shisei/opendata/metadata/shokuhinsinki.files/shokuhinsinki.xlsx,076ab31512db6c0d16c1b33f07ef1bd543cdc99cc8d394f932db4b2b7560bd84,official_current_rolling_workbook,2026-05,new,baeb0c85419d182b945973ba,True
松山市,2026-05,第260150号,2026-05-18,2026-05-18,2031-06-30,飲食店営業,めしや　つ遊り,松山市二番町2丁目4-10 MUKAIBLDG-6　6F,382019,,,,,new_or_renewal,https://www.city.matsuyama.ehime.jp/shisei/opendata/metadata/shokuhinsinki.files/shokuhinsinki.xlsx,076ab31512db6c0d16c1b33f07ef1bd543cdc99cc8d394f932db4b2b7560bd84,official_current_rolling_workbook,2026-05,new,abdf8f58f7f29f149622c6ea,True
松山市,2026-05,第260151号,2026-05-18,2026-05-18,2031-06-30,飲食店営業,REGINA,松山市二番町1丁目3-5ルヴォワール自遊館2F,382019,,,,,new_or_renewal,https://www.city.matsuyama.ehime.jp/shisei/opendata/metadata/shokuhinsinki.files/shokuhinsinki.xlsx,076ab31512db6c0d16c1b33f07ef1bd543cdc99cc8d394f932db4b2b7560bd84,official_current_rolling_workbook,2026-05,new,b87a03cf2297d6db4a810e2c,True
松山市,2026-05,第260152号,2026-05-18,2026-05-18,2031-06-30,そうざい製造業,ラドビ,松山市堀江町1769-7,382019,,,,,new_or_renewal,https://www.city.matsuyama.ehime.jp/shisei/opendata/metadata/shokuhinsinki.files/shokuhinsinki.xlsx,076ab31512db6c0d16c1b33f07ef1bd543cdc99cc8d394f932db4b2b7560bd84,official_current_rolling_workbook,2026-05,new,fffbbdc8b1482df1e5abdf95,False
松山市,2026-05,第260153号,2026-05-18,2026-05-18,2031-06-30,冷凍食品製造業,ラ・セーラ,松山市千舟町3丁目2-4鴻池ビル2F,382019,,,,,new_or_renewal,https://www.city.matsuyama.ehime.jp/shisei/opendata/metadata/shokuhinsinki.files/shokuhinsinki.xlsx,076ab31512db6c0d16c1b33f07ef1bd543cdc99cc8d394f932db4b2b7560bd84,official_current_rolling_workbook,2026-05,new,d7906d7fbf7f7db0f13bd64b,False
松山市,2026-05,第260154号,2021-06-07,2026-05-18,2031-06-30,飲食店営業,ごちそうさま,松山市久万ノ台3-9,382019,,,,,new_or_renewal,https://www.city.matsuyama.ehime.jp/shisei/opendata/metadata/shokuhinsinki.files/shokuhinsinki.xlsx,076ab31512db6c0d16c1b33f07ef1bd543cdc99cc8d394f932db4b2b7560bd84,official_current_rolling_workbook,2026-05,renewal,88da6fa5b1b521027aaa2356,True
松山市,2026-05,第260155号,2021-06-25,2026-05-18,2031-06-30,飲食店営業,pepps,松山市湊町4丁目13-1乗松ビル1F,382019,,,,,new_or_renewal,https://www.city.matsuyama.ehime.jp/shisei/opendata/metadata/shokuhinsinki.files/shokuhinsinki.xlsx,076ab31512db6c0d16c1b33f07ef1bd543cdc99cc8d394f932db4b2b7560bd84,official_current_rolling_workbook,2026-05,renewal,9936f6ca09e7a7043c90686d,True
松山市,2026-05,第260156号,2021-06-22,2026-05-18,2031-06-30,飲食店営業,一六本舗道後本館前店,松山市道後湯之町20-17 1F,382019,,,,,new_or_renewal,https://www.city.matsuyama.ehime.jp/shisei/opendata/metadata/shokuhinsinki.files/shokuhinsinki.xlsx,076ab31512db6c0d16c1b33f07ef1bd543cdc99cc8d394f932db4b2b7560bd84,official_current_rolling_workbook,2026-05,renewal,904cbec3c774e8f874fa14c3,True
松山市,2026-05,第260157号,2021-07-01,2026-05-18,2031-06-30,飲食店営業,株式会社　日珈,松山市六軒家町4-3,382019,,,,,new_or_renewal,https://www.city.matsuyama.ehime.jp/shisei/opendata/metadata/shokuhinsinki.files/shokuhinsinki.xlsx,076ab31512db6c0d16c1b33f07ef1bd543cdc99cc8d394f932db4b2b7560bd84,official_current_rolling_workbook,2026-05,renewal,8136e64a8437ef6a64715ac2,True
松山市,2026-05,第260158号,2021-06-14,2026-05-18,2031-06-30,菓子製造業,株式会社うつぼ屋,松山市平田町230,382019,,,,,new_or_renewal,https://www.city.matsuyama.ehime.jp/shisei/opendata/metadata/shokuhinsinki.files/shokuhinsinki.xlsx,076ab31512db6c0d16c1b33f07ef1bd543cdc99cc8d394f932db4b2b7560bd84,official_current_rolling_workbook,2026-05,renewal,4a927126eae44edb38df90ac,False
松山市,2026-05,第260159号,2021-06-28,2026-05-18,2031-06-30,飲食店営業,そらしと珈琲,松山市姫原3丁目1-30　1F,382019,,,,,new_or_renewal,https://www.city.matsuyama.ehime.jp/shisei/opendata/metadata/shokuhinsinki.files/shokuhinsinki.xlsx,076ab31512db6c0d16c1b33f07ef1bd543cdc99cc8d394f932db4b2b7560bd84,official_current_rolling_workbook,2026-05,renewal,dcf12c51f35f975ef23d24b1,True
松山市,2026-05,第260160号,2021-06-28,2026-05-18,2031-06-30,菓子製造業,そらしと珈琲,松山市姫原3丁目1-30　2Ｆ,382019,,,,,new_or_renewal,https://www.city.matsuyama.ehime.jp/shisei/opendata/metadata/shokuhinsinki.files/shokuhinsinki.xlsx,076ab31512db6c0d16c1b33f07ef1bd543cdc99cc8d394f932db4b2b7560bd84,official_current_rolling_workbook,2026-05,renewal,2103e51a0e74d373afdb9353,False
松山市,2026-05,第260161号,2026-05-19,2026-05-19,2031-06-30,飲食店営業,いよてつ髙島屋　7階催会場　全国うまいもの味めぐり,松山市湊町5丁目1-1株式会社　伊予鉄髙島屋　7階,382019,,,,,new_or_renewal,https://www.city.matsuyama.ehime.jp/shisei/opendata/metadata/shokuhinsinki.files/shokuhinsinki.xlsx,076ab31512db6c0d16c1b33f07ef1bd543cdc99cc8d394f932db4b2b7560bd84,official_current_rolling_workbook,2026-05,new,5379a6ad0d63fcb1f7db1f00,True
松山市,2026-05,第260162号,2026-05-19,2026-05-19,2031-06-30,菓子製造業,株式会社名所堂南吉田工場,松山市南吉田町13-1,382019,,,,,new_or_renewal,https://www.city.matsuyama.ehime.jp/shisei/opendata/metadata/shokuhinsinki.files/shokuhinsinki.xlsx,076ab31512db6c0d16c1b33f07ef1bd543cdc99cc8d394f932db4b2b7560bd84,official_current_rolling_workbook,2026-05,new,c480e7f9dda256a682977563,False
松山市,2026-05,第260163号,2026-05-19,2026-05-19,2031-06-30,飲食店営業,近藤ミールサービス　第2セントラルキッチン,松山市竹原町628-1　1F,382019,,,,,new_or_renewal,https://www.city.matsuyama.ehime.jp/shisei/opendata/metadata/shokuhinsinki.files/shokuhinsinki.xlsx,076ab31512db6c0d16c1b33f07ef1bd543cdc99cc8d394f932db4b2b7560bd84,official_current_rolling_workbook,2026-05,new,319773cc5b0b20653bf9b904,True
松山市,2026-05,第260164号,2026-05-19,2026-05-19,2031-06-30,そうざい製造業,近藤ミールサービス　第2セントラルキッチン,松山市竹原町628-1　1F,382019,,,,,new_or_renewal,https://www.city.matsuyama.ehime.jp/shisei/opendata/metadata/shokuhinsinki.files/shokuhinsinki.xlsx,076ab31512db6c0d16c1b33f07ef1bd543cdc99cc8d394f932db4b2b7560bd84,official_current_rolling_workbook,2026-05,new,4187a78084b01e0d5ac2fe8e,False
松山市,2026-05,第260165号,2026-05-19,2026-05-19,2031-06-30,飲食店営業,（株）谷本蒲鉾店道後店,松山市道後湯之町20-17,382019,,,,,new_or_renewal,https://www.city.matsuyama.ehime.jp/shisei/opendata/metadata/shokuhinsinki.files/shokuhinsinki.xlsx,076ab31512db6c0d16c1b33f07ef1bd543cdc99cc8d394f932db4b2b7560bd84,official_current_rolling_workbook,2026-05,new,264630ae74e48f790aff057f,True
松山市,2026-05,第260166号,2021-06-18,2026-05-19,2031-06-30,飲食店営業,ドルチェ松山店,松山市久万ノ台1226,382019,,,,,new_or_renewal,https://www.city.matsuyama.ehime.jp/shisei/opendata/metadata/shokuhinsinki.files/shokuhinsinki.xlsx,076ab31512db6c0d16c1b33f07ef1bd543cdc99cc8d394f932db4b2b7560bd84,official_current_rolling_workbook,2026-05,renewal,7ad5a7a9efdc5d91534f265b,True
松山市,2026-05,第260167号,2021-06-28,2026-05-19,2031-06-30,そうざい製造業,有限会社トーカイ食品,松山市久万ノ台327-1,382019,,,,,new_or_renewal,https://www.city.matsuyama.ehime.jp/shisei/opendata/metadata/shokuhinsinki.files/shokuhinsinki.xlsx,076ab31512db6c0d16c1b33f07ef1bd543cdc99cc8d394f932db4b2b7560bd84,official_current_rolling_workbook,2026-05,renewal,453a66d465bb7eb34d8b836e,False
松山市,2026-05,第260168号,2021-06-16,2026-05-19,2031-06-30,飲食店営業,ミスタードーナツ姫原ショップ,松山市姫原2丁目4-28,382019,,,,,new_or_renewal,https://www.city.matsuyama.ehime.jp/shisei/opendata/metadata/shokuhinsinki.files/shokuhinsinki.xlsx,076ab31512db6c0d16c1b33f07ef1bd543cdc99cc8d394f932db4b2b7560bd84,official_current_rolling_workbook,2026-05,renewal,0d176dd1b5b61029c5020a1e,True
松山市,2026-05,第260169号,2021-06-18,2026-05-19,2031-06-30,飲食店営業,マルナカ若草店　デリカ,松山市若草町4-1,382019,,,,,new_or_renewal,https://www.city.matsuyama.ehime.jp/shisei/opendata/metadata/shokuhinsinki.files/shokuhinsinki.xlsx,076ab31512db6c0d16c1b33f07ef1bd543cdc99cc8d394f932db4b2b7560bd84,official_current_rolling_workbook,2026-05,renewal,5cf5228001d2d7b0ecda5c26,True
松山市,2026-05,第260170号,2021-06-18,2026-05-19,2031-06-30,飲食店営業,マルナカ若草店　くつろぎスペース,松山市若草町4-1,382019,,,,,new_or_renewal,https://www.city.matsuyama.ehime.jp/shisei/opendata/metadata/shokuhinsinki.files/shokuhinsinki.xlsx,076ab31512db6c0d16c1b33f07ef1bd543cdc99cc8d394f932db4b2b7560bd84,official_current_rolling_workbook,2026-05,renewal,34ce531688727cd2bf3f0695,True
松山市,2026-05,第260171号,2026-05-20,2026-05-20,2031-06-30,菓子製造業,いよてつ髙島屋　地階東エスカレーター横特設会場　菓子舗やまごえ,松山市湊町5丁目1-1株式会社　伊予鉄髙島屋　地階,382019,,,,,new_or_renewal,https://www.city.matsuyama.ehime.jp/shisei/opendata/metadata/shokuhinsinki.files/shokuhinsinki.xlsx,076ab31512db6c0d16c1b33f07ef1bd543cdc99cc8d394f932db4b2b7560bd84,official_current_rolling_workbook,2026-05,new,d405938e5776c28894500c33,False
松山市,2026-05,第260172号,2026-05-20,2026-05-20,2031-06-30,飲食店営業,김포차,松山市三番町1丁目4-7 アヒルビル2F,382019,,,,,new_or_renewal,https://www.city.matsuyama.ehime.jp/shisei/opendata/metadata/shokuhinsinki.files/shokuhinsinki.xlsx,076ab31512db6c0d16c1b33f07ef1bd543cdc99cc8d394f932db4b2b7560bd84,official_current_rolling_workbook,2026-05,new,c9ffc14c520fbe566f4db034,True
松山市,2026-05,第260173号,2021-06-14,2026-05-20,2031-06-30,飲食店営業,なが坂,松山市二番町3丁目7-1　ダンダンスクエアビル1F,382019,,,,,new_or_renewal,https://www.city.matsuyama.ehime.jp/shisei/opendata/metadata/shokuhinsinki.files/shokuhinsinki.xlsx,076ab31512db6c0d16c1b33f07ef1bd543cdc99cc8d394f932db4b2b7560bd84,official_current_rolling_workbook,2026-05,renewal,5e4836c973b2ea70e17fac88,True
松山市,2026-05,第260174号,2026-05-20,2026-05-20,2031-06-30,飲食店営業,ちゃんがらや,松山市花園町4-8,382019,,,,,new_or_renewal,https://www.city.matsuyama.ehime.jp/shisei/opendata/metadata/shokuhinsinki.files/shokuhinsinki.xlsx,076ab31512db6c0d16c1b33f07ef1bd543cdc99cc8d394f932db4b2b7560bd84,official_current_rolling_workbook,2026-05,new,e72d678215f0d5a8a87e9be7,True
松山市,2026-05,第260175号,2026-05-20,2026-05-20,2031-06-30,飲食店営業,アルコバレーノ,松山市朝生田町1丁目1-18 杉住宅南支店ビル101号室,382019,,,,,new_or_renewal,https://www.city.matsuyama.ehime.jp/shisei/opendata/metadata/shokuhinsinki.files/shokuhinsinki.xlsx,076ab31512db6c0d16c1b33f07ef1bd543cdc99cc8d394f932db4b2b7560bd84,official_current_rolling_workbook,2026-05,new,346e5d33caf97ff0e4be0f22,True
松山市,2026-05,第260176号,2026-05-20,2026-05-20,2031-06-30,飲食店営業,麺屋勝十銭,松山市三番町1丁目9-9 永田ビル1F,382019,,,,,new_or_renewal,https://www.city.matsuyama.ehime.jp/shisei/opendata/metadata/shokuhinsinki.files/shokuhinsinki.xlsx,076ab31512db6c0d16c1b33f07ef1bd543cdc99cc8d394f932db4b2b7560bd84,official_current_rolling_workbook,2026-05,new,1e63aab154f0df58d4deaedd,True
松山市,2026-05,第260177号,2026-05-20,2026-05-20,2031-06-30,飲食店営業,八光邸,松山市保免上1丁目4-6,382019,,,,,new_or_renewal,https://www.city.matsuyama.ehime.jp/shisei/opendata/metadata/shokuhinsinki.files/shokuhinsinki.xlsx,076ab31512db6c0d16c1b33f07ef1bd543cdc99cc8d394f932db4b2b7560bd84,official_current_rolling_workbook,2026-05,new,f5337cb438bcb317c990b185,True
松山市,2026-05,第260178号,2021-06-08,2026-05-20,2031-06-30,飲食店営業,びっくりドンキー衣山店,松山市衣山1丁目188パルティ・フジ衣山SC飲食棟1F,382019,,,,,new_or_renewal,https://www.city.matsuyama.ehime.jp/shisei/opendata/metadata/shokuhinsinki.files/shokuhinsinki.xlsx,076ab31512db6c0d16c1b33f07ef1bd543cdc99cc8d394f932db4b2b7560bd84,official_current_rolling_workbook,2026-05,renewal,2af3f54078c9412b9f5e8dba,True
松山市,2026-05,第260179号,2021-06-10,2026-05-20,2031-06-30,飲食店営業,あなごどろぼう,松山市久万ノ台348₋1松山中央卸売市場内,382019,,,,,new_or_renewal,https://www.city.matsuyama.ehime.jp/shisei/opendata/metadata/shokuhinsinki.files/shokuhinsinki.xlsx,076ab31512db6c0d16c1b33f07ef1bd543cdc99cc8d394f932db4b2b7560bd84,official_current_rolling_workbook,2026-05,renewal,7aabb345c7527ea3b10d9882,True
松山市,2026-05,第260180号,2021-06-28,2026-05-20,2031-06-30,食肉処理業,ファンシー松山工場,松山市平田町347-1,382019,,,,,new_or_renewal,https://www.city.matsuyama.ehime.jp/shisei/opendata/metadata/shokuhinsinki.files/shokuhinsinki.xlsx,076ab31512db6c0d16c1b33f07ef1bd543cdc99cc8d394f932db4b2b7560bd84,official_current_rolling_workbook,2026-05,renewal,505d2312ec80708bc07ea2fb,False
松山市,2026-05,第260181号,2026-05-21,2026-05-21,2031-06-30,飲食店営業,ビジネスラウンジ,松山市南吉田町2731 松山空港ターミナルビル2F,382019,,,,,new_or_renewal,https://www.city.matsuyama.ehime.jp/shisei/opendata/metadata/shokuhinsinki.files/shokuhinsinki.xlsx,076ab31512db6c0d16c1b33f07ef1bd543cdc99cc8d394f932db4b2b7560bd84,official_current_rolling_workbook,2026-05,new,311260baa51ee0de846cbff4,True
松山市,2026-05,第260182号,2026-05-21,2026-05-21,2031-06-30,飲食店営業,A Santé,松山市三番町3丁目5-7本江ビル1F(東),382019,,,,,new_or_renewal,https://www.city.matsuyama.ehime.jp/shisei/opendata/metadata/shokuhinsinki.files/shokuhinsinki.xlsx,076ab31512db6c0d16c1b33f07ef1bd543cdc99cc8d394f932db4b2b7560bd84,official_current_rolling_workbook,2026-05,new,052702442152f2a38d6c1e3a,True
松山市,2026-05,第260183号,2021-06-23,2026-05-21,2031-06-30,飲食店営業,や台ずし　松山市駅前町,松山市花園町2-1坂本ビル1F,382019,,,,,new_or_renewal,https://www.city.matsuyama.ehime.jp/shisei/opendata/metadata/shokuhinsinki.files/shokuhinsinki.xlsx,076ab31512db6c0d16c1b33f07ef1bd543cdc99cc8d394f932db4b2b7560bd84,official_current_rolling_workbook,2026-05,renewal,fa71148666e133e2b504bcb1,True
松山市,2026-05,第260184号,2021-06-25,2026-05-21,2031-06-30,飲食店営業,山田商店,松山市泊町241,382019,,,,,new_or_renewal,https://www.city.matsuyama.ehime.jp/shisei/opendata/metadata/shokuhinsinki.files/shokuhinsinki.xlsx,076ab31512db6c0d16c1b33f07ef1bd543cdc99cc8d394f932db4b2b7560bd84,official_current_rolling_workbook,2026-05,renewal,95872e61e0ed013f21b8a998,True
松山市,2026-05,第260185号,2021-06-30,2026-05-21,2031-06-30,飲食店営業,男組　釣天狗松山店,松山市味酒町1丁目1-8　1~4F,382019,,,,,new_or_renewal,https://www.city.matsuyama.ehime.jp/shisei/opendata/metadata/shokuhinsinki.files/shokuhinsinki.xlsx,076ab31512db6c0d16c1b33f07ef1bd543cdc99cc8d394f932db4b2b7560bd84,official_current_rolling_workbook,2026-05,renewal,3ec0f2125094398e7ea69c8f,True
松山市,2026-05,第260186号,2026-05-22,2026-05-22,2031-06-30,飲食店営業,炭家108,松山市堀之内城山公園　やすらぎ広場,382019,,,,,new_or_renewal,https://www.city.matsuyama.ehime.jp/shisei/opendata/metadata/shokuhinsinki.files/shokuhinsinki.xlsx,076ab31512db6c0d16c1b33f07ef1bd543cdc99cc8d394f932db4b2b7560bd84,official_current_rolling_workbook,2026-05,new,1b1e4cfea94bb9f25d448b02,True
松山市,2026-05,第260187号,2026-05-22,2026-05-22,2031-06-30,飲食店営業,博多夢味月/π,松山市堀之内公園,382019,,,,,new_or_renewal,https://www.city.matsuyama.ehime.jp/shisei/opendata/metadata/shokuhinsinki.files/shokuhinsinki.xlsx,076ab31512db6c0d16c1b33f07ef1bd543cdc99cc8d394f932db4b2b7560bd84,official_current_rolling_workbook,2026-05,new,c1e744449557e657359b1e15,True
松山市,2026-05,第260188号,2026-05-22,2026-05-22,2031-06-30,飲食店営業,KAORi's GRILL,松山市堀之内,382019,,,,,new_or_renewal,https://www.city.matsuyama.ehime.jp/shisei/opendata/metadata/shokuhinsinki.files/shokuhinsinki.xlsx,076ab31512db6c0d16c1b33f07ef1bd543cdc99cc8d394f932db4b2b7560bd84,official_current_rolling_workbook,2026-05,new,1fa7571040045cabeee83cb7,True
松山市,2026-05,第260189号,2026-05-22,2026-05-22,2031-06-30,飲食店営業,焼肉　龍王館,松山市堀之内13,382019,,,,,new_or_renewal,https://www.city.matsuyama.ehime.jp/shisei/opendata/metadata/shokuhinsinki.files/shokuhinsinki.xlsx,076ab31512db6c0d16c1b33f07ef1bd543cdc99cc8d394f932db4b2b7560bd84,official_current_rolling_workbook,2026-05,new,082dd1d57b867244f0a49809,True
松山市,2026-05,第260190号,2026-05-22,2026-05-22,2031-06-30,飲食店営業,SWITCH合同会社,松山市堀之内松山城　城山公園安らぎ広場,382019,,,,,new_or_renewal,https://www.city.matsuyama.ehime.jp/shisei/opendata/metadata/shokuhinsinki.files/shokuhinsinki.xlsx,076ab31512db6c0d16c1b33f07ef1bd543cdc99cc8d394f932db4b2b7560bd84,official_current_rolling_workbook,2026-05,new,e39e704e1069dba9c9bdda4c,True
松山市,2026-05,第260191号,2026-05-22,2026-05-22,2031-06-30,飲食店営業,はしまき源ちゃん,松山市堀之内14,382019,,,,,new_or_renewal,https://www.city.matsuyama.ehime.jp/shisei/opendata/metadata/shokuhinsinki.files/shokuhinsinki.xlsx,076ab31512db6c0d16c1b33f07ef1bd543cdc99cc8d394f932db4b2b7560bd84,official_current_rolling_workbook,2026-05,new,b0fe03c16036b5bf82704290,True
松山市,2026-05,第260192号,2026-05-22,2026-05-22,2031-06-30,飲食店営業,太陽フーズ/串やき太陽,松山市堀之内城山公園,382019,,,,,new_or_renewal,https://www.city.matsuyama.ehime.jp/shisei/opendata/metadata/shokuhinsinki.files/shokuhinsinki.xlsx,076ab31512db6c0d16c1b33f07ef1bd543cdc99cc8d394f932db4b2b7560bd84,official_current_rolling_workbook,2026-05,new,e4e34a940baf58b4d2490911,True
松山市,2026-05,第260193号,2026-05-22,2026-05-22,2031-06-30,飲食店営業,まるふじ食品,松山市堀の内やすらぎ広場,382019,,,,,new_or_renewal,https://www.city.matsuyama.ehime.jp/shisei/opendata/metadata/shokuhinsinki.files/shokuhinsinki.xlsx,076ab31512db6c0d16c1b33f07ef1bd543cdc99cc8d394f932db4b2b7560bd84,official_current_rolling_workbook,2026-05,new,6b6d4fe5c375211125c359b9,True
松山市,2026-05,第260194号,2026-05-22,2026-05-22,2031-06-30,飲食店営業,CHAPPY金丸屋,松山市堀之内公園,382019,,,,,new_or_renewal,https://www.city.matsuyama.ehime.jp/shisei/opendata/metadata/shokuhinsinki.files/shokuhinsinki.xlsx,076ab31512db6c0d16c1b33f07ef1bd543cdc99cc8d394f932db4b2b7560bd84,official_current_rolling_workbook,2026-05,new,fb64d30d7e0a57618cf901c4,True
松山市,2026-05,第260195号,2026-05-22,2026-05-22,2031-06-30,飲食店営業,むたさんのホルモン焼そば,松山市堀之内 城山公園内,382019,,,,,new_or_renewal,https://www.city.matsuyama.ehime.jp/shisei/opendata/metadata/shokuhinsinki.files/shokuhinsinki.xlsx,076ab31512db6c0d16c1b33f07ef1bd543cdc99cc8d394f932db4b2b7560bd84,official_current_rolling_workbook,2026-05,new,245506727899123a42ba94c3,True
松山市,2026-05,第260196号,2026-05-22,2026-05-22,2031-06-30,飲食店営業,とりでん,松山市堀之内城山公園,382019,,,,,new_or_renewal,https://www.city.matsuyama.ehime.jp/shisei/opendata/metadata/shokuhinsinki.files/shokuhinsinki.xlsx,076ab31512db6c0d16c1b33f07ef1bd543cdc99cc8d394f932db4b2b7560bd84,official_current_rolling_workbook,2026-05,new,d9062cfe76d41bfa43529b6d,True
松山市,2026-05,第260197号,2026-05-22,2026-05-22,2031-06-30,飲食店営業,TAKAHANA,松山市堀之内 城山公園内,382019,,,,,new_or_renewal,https://www.city.matsuyama.ehime.jp/shisei/opendata/metadata/shokuhinsinki.files/shokuhinsinki.xlsx,076ab31512db6c0d16c1b33f07ef1bd543cdc99cc8d394f932db4b2b7560bd84,official_current_rolling_workbook,2026-05,new,61977b0cc20f804f457f0270,True
松山市,2026-05,第260198号,2026-05-22,2026-05-22,2031-06-30,飲食店営業,馬肉グルメ専門店JinxJin,松山市堀之内,382019,,,,,new_or_renewal,https://www.city.matsuyama.ehime.jp/shisei/opendata/metadata/shokuhinsinki.files/shokuhinsinki.xlsx,076ab31512db6c0d16c1b33f07ef1bd543cdc99cc8d394f932db4b2b7560bd84,official_current_rolling_workbook,2026-05,new,9d74a5c1de5b41e879caa89c,True
松山市,2026-05,第260199号,2026-05-22,2026-05-22,2031-06-30,飲食店営業,CORE Kitchen,松山市堀之内　城山公園　やすらぎ広場,382019,,,,,new_or_renewal,https://www.city.matsuyama.ehime.jp/shisei/opendata/metadata/shokuhinsinki.files/shokuhinsinki.xlsx,076ab31512db6c0d16c1b33f07ef1bd543cdc99cc8d394f932db4b2b7560bd84,official_current_rolling_workbook,2026-05,new,38b726182b2cf3fe440af99f,True
松山市,2026-05,第260200号,2026-05-22,2026-05-22,2031-06-30,飲食店営業,こころフーズ,松山市堀之内,382019,,,,,new_or_renewal,https://www.city.matsuyama.ehime.jp/shisei/opendata/metadata/shokuhinsinki.files/shokuhinsinki.xlsx,076ab31512db6c0d16c1b33f07ef1bd543cdc99cc8d394f932db4b2b7560bd84,official_current_rolling_workbook,2026-05,new,11a7b6e2ea336b704b379255,True
松山市,2026-05,第260201号,2026-05-22,2026-05-22,2031-06-30,飲食店営業,スナック灯,松山市二番町1丁目5-17 相原二番町ビル2F,382019,,,,,new_or_renewal,https://www.city.matsuyama.ehime.jp/shisei/opendata/metadata/shokuhinsinki.files/shokuhinsinki.xlsx,076ab31512db6c0d16c1b33f07ef1bd543cdc99cc8d394f932db4b2b7560bd84,official_current_rolling_workbook,2026-05,new,60b4f48f817745a1359190a9,True
松山市,2026-05,第260202号,2021-06-25,2026-05-22,2031-06-30,飲食店営業,ＣＡＦＥＣＡＢＡＲＥＴ,松山市花園町3-1マツヤマ楽器ビル3F,382019,,,,,new_or_renewal,https://www.city.matsuyama.ehime.jp/shisei/opendata/metadata/shokuhinsinki.files/shokuhinsinki.xlsx,076ab31512db6c0d16c1b33f07ef1bd543cdc99cc8d394f932db4b2b7560bd84,official_current_rolling_workbook,2026-05,renewal,01a9c81289c5c434a8cc3e87,True
松山市,2026-05,第260203号,2021-06-24,2026-05-22,2031-06-30,飲食店営業,古民家カフェ善,松山市吉藤5丁目1096,382019,,,,,new_or_renewal,https://www.city.matsuyama.ehime.jp/shisei/opendata/metadata/shokuhinsinki.files/shokuhinsinki.xlsx,076ab31512db6c0d16c1b33f07ef1bd543cdc99cc8d394f932db4b2b7560bd84,official_current_rolling_workbook,2026-05,renewal,3813f946056c475f37f5f6d6,True
松山市,2026-05,第260204号,2021-06-21,2026-05-22,2031-06-30,飲食店営業,スーパー日東　鴨川店,松山市鴨川1丁目2-44,382019,,,,,new_or_renewal,https://www.city.matsuyama.ehime.jp/shisei/opendata/metadata/shokuhinsinki.files/shokuhinsinki.xlsx,076ab31512db6c0d16c1b33f07ef1bd543cdc99cc8d394f932db4b2b7560bd84,official_current_rolling_workbook,2026-05,renewal,37a780d988ec83dd649fe8c5,True
松山市,2026-05,第260205号,2021-06-25,2026-05-22,2031-06-30,飲食店営業,スーパー日東　鴨川店（寿司）,松山市鴨川1丁目2-44,382019,,,,,new_or_renewal,https://www.city.matsuyama.ehime.jp/shisei/opendata/metadata/shokuhinsinki.files/shokuhinsinki.xlsx,076ab31512db6c0d16c1b33f07ef1bd543cdc99cc8d394f932db4b2b7560bd84,official_current_rolling_workbook,2026-05,renewal,7d933a9bcebd3824c584409f,True
松山市,2026-05,第260206号,2021-06-21,2026-05-22,2031-06-30,食肉販売業,スーパー日東　鴨川店,松山市鴨川1丁目2-44,382019,,,,,new_or_renewal,https://www.city.matsuyama.ehime.jp/shisei/opendata/metadata/shokuhinsinki.files/shokuhinsinki.xlsx,076ab31512db6c0d16c1b33f07ef1bd543cdc99cc8d394f932db4b2b7560bd84,official_current_rolling_workbook,2026-05,renewal,88db0e286b165a4e5ca6bba1,False
松山市,2026-05,第260207号,2021-06-21,2026-05-22,2031-06-30,魚介類販売業,スーパー日東　鴨川店,松山市鴨川1丁目2-44,382019,,,,,new_or_renewal,https://www.city.matsuyama.ehime.jp/shisei/opendata/metadata/shokuhinsinki.files/shokuhinsinki.xlsx,076ab31512db6c0d16c1b33f07ef1bd543cdc99cc8d394f932db4b2b7560bd84,official_current_rolling_workbook,2026-05,renewal,b73bf8dceb8b7cd5da33d445,False
松山市,2026-05,第260208号,2021-06-29,2026-05-22,2031-06-30,菓子製造業,サンイート松山,松山市湊町4丁目8-14,382019,,,,,new_or_renewal,https://www.city.matsuyama.ehime.jp/shisei/opendata/metadata/shokuhinsinki.files/shokuhinsinki.xlsx,076ab31512db6c0d16c1b33f07ef1bd543cdc99cc8d394f932db4b2b7560bd84,official_current_rolling_workbook,2026-05,renewal,3eb81741acf49d7f049d8305,False
松山市,2026-05,第260209号,2026-05-25,2026-05-25,2031-06-30,飲食店営業,J BOWL 松山店,松山市勝山町1丁目8-1　1F,382019,,,,,new_or_renewal,https://www.city.matsuyama.ehime.jp/shisei/opendata/metadata/shokuhinsinki.files/shokuhinsinki.xlsx,076ab31512db6c0d16c1b33f07ef1bd543cdc99cc8d394f932db4b2b7560bd84,official_current_rolling_workbook,2026-05,new,d0f311e9f3741684de00b7ab,True
松山市,2026-05,第260210号,2026-05-25,2026-05-25,2031-06-30,飲食店営業,鉄板食楽　十々,松山市太山寺町1002-2,382019,,,,,new_or_renewal,https://www.city.matsuyama.ehime.jp/shisei/opendata/metadata/shokuhinsinki.files/shokuhinsinki.xlsx,076ab31512db6c0d16c1b33f07ef1bd543cdc99cc8d394f932db4b2b7560bd84,official_current_rolling_workbook,2026-05,new,75ecf3fcd620b991cc4c2519,True
松山市,2026-05,第260211号,2026-05-25,2026-05-25,2031-06-30,飲食店営業,ALOHA TERRACE SETOUCHI,松山市小川17-6,382019,,,,,new_or_renewal,https://www.city.matsuyama.ehime.jp/shisei/opendata/metadata/shokuhinsinki.files/shokuhinsinki.xlsx,076ab31512db6c0d16c1b33f07ef1bd543cdc99cc8d394f932db4b2b7560bd84,official_current_rolling_workbook,2026-05,new,7ce02a0b543d585b1f3fb334,True
松山市,2026-05,第260212号,2026-05-25,2026-05-25,2031-06-30,飲食店営業,Bar chill,松山市二番町1丁目3-1古唐人夢館1F,382019,,,,,new_or_renewal,https://www.city.matsuyama.ehime.jp/shisei/opendata/metadata/shokuhinsinki.files/shokuhinsinki.xlsx,076ab31512db6c0d16c1b33f07ef1bd543cdc99cc8d394f932db4b2b7560bd84,official_current_rolling_workbook,2026-05,new,adbf95fd8566810432f8e460,True
松山市,2026-05,第260213号,2026-05-25,2026-05-25,2031-06-30,飲食店営業,丸亀キッチンカー2号,松山市保健所管内,382019,,,,,new_or_renewal,https://www.city.matsuyama.ehime.jp/shisei/opendata/metadata/shokuhinsinki.files/shokuhinsinki.xlsx,076ab31512db6c0d16c1b33f07ef1bd543cdc99cc8d394f932db4b2b7560bd84,official_current_rolling_workbook,2026-05,new,0c0c2560599292b1dac5ec6a,True
松山市,2026-05,第260214号,2026-05-25,2026-05-25,2031-06-30,飲食店営業,ミカサスカサ,松山市三番町1丁目13-7,382019,,,,,new_or_renewal,https://www.city.matsuyama.ehime.jp/shisei/opendata/metadata/shokuhinsinki.files/shokuhinsinki.xlsx,076ab31512db6c0d16c1b33f07ef1bd543cdc99cc8d394f932db4b2b7560bd84,official_current_rolling_workbook,2026-05,new,ac6c9f7680242b64bf9c37ff,True
松山市,2026-05,第260215号,2026-05-25,2026-05-25,2031-06-30,飲食店営業,とにまる,松山市居相4丁目17-30,382019,,,,,new_or_renewal,https://www.city.matsuyama.ehime.jp/shisei/opendata/metadata/shokuhinsinki.files/shokuhinsinki.xlsx,076ab31512db6c0d16c1b33f07ef1bd543cdc99cc8d394f932db4b2b7560bd84,official_current_rolling_workbook,2026-05,new,47a7104b3760a4d3a9e661fb,True
松山市,2026-05,第260216号,2021-06-21,2026-05-25,2031-06-30,飲食店営業,海の家　若洲商店,松山市由良町鷲ヶ巣公園地先,382019,,,,,new_or_renewal,https://www.city.matsuyama.ehime.jp/shisei/opendata/metadata/shokuhinsinki.files/shokuhinsinki.xlsx,076ab31512db6c0d16c1b33f07ef1bd543cdc99cc8d394f932db4b2b7560bd84,official_current_rolling_workbook,2026-05,renewal,a130aadb0ed8afade7b158c8,True
松山市,2026-05,第260217号,2021-06-25,2026-05-25,2031-06-30,冷凍食品製造業,かめそば　じゅん,松山市二番町1丁目4₋11城戸ビル1F,382019,,,,,new_or_renewal,https://www.city.matsuyama.ehime.jp/shisei/opendata/metadata/shokuhinsinki.files/shokuhinsinki.xlsx,076ab31512db6c0d16c1b33f07ef1bd543cdc99cc8d394f932db4b2b7560bd84,official_current_rolling_workbook,2026-05,renewal,686b1fe46dffd2a223ca84f5,False
松山市,2026-05,第260218号,2021-06-25,2026-05-25,2031-06-30,飲食店営業,よなき蕎麦癒庵,松山市二番町1丁目6-10Reon2番町　1F,382019,,,,,new_or_renewal,https://www.city.matsuyama.ehime.jp/shisei/opendata/metadata/shokuhinsinki.files/shokuhinsinki.xlsx,076ab31512db6c0d16c1b33f07ef1bd543cdc99cc8d394f932db4b2b7560bd84,official_current_rolling_workbook,2026-05,renewal,a229b68033135aa363f9e3b0,True
松山市,2026-05,第260219号,2021-06-10,2026-05-25,2031-06-30,菓子製造業,菓子舗久屋,松山市土手内77-4,382019,,,,,new_or_renewal,https://www.city.matsuyama.ehime.jp/shisei/opendata/metadata/shokuhinsinki.files/shokuhinsinki.xlsx,076ab31512db6c0d16c1b33f07ef1bd543cdc99cc8d394f932db4b2b7560bd84,official_current_rolling_workbook,2026-05,renewal,69fd77f495c970c62d6f9e0c,False
松山市,2026-05,第260220号,2021-06-23,2026-05-25,2031-06-30,飲食店営業,てんしのとびら,松山市北条辻829-2,382019,,,,,new_or_renewal,https://www.city.matsuyama.ehime.jp/shisei/opendata/metadata/shokuhinsinki.files/shokuhinsinki.xlsx,076ab31512db6c0d16c1b33f07ef1bd543cdc99cc8d394f932db4b2b7560bd84,official_current_rolling_workbook,2026-05,renewal,67bf4a39db92725a5c3cf96b,True
松山市,2026-05,第260221号,2026-05-26,2026-05-26,2031-06-30,食肉処理業,株式会社日東物産　精肉加工センター,松山市鴨川1丁目1-3,382019,,,,,new_or_renewal,https://www.city.matsuyama.ehime.jp/shisei/opendata/metadata/shokuhinsinki.files/shokuhinsinki.xlsx,076ab31512db6c0d16c1b33f07ef1bd543cdc99cc8d394f932db4b2b7560bd84,official_current_rolling_workbook,2026-05,new,d4932416eeb58c63bdc14b2d,False
松山市,2026-05,第260222号,2026-05-26,2026-05-26,2031-06-30,飲食店営業,しまのぱんかふぇ　tetote,松山市熊田甲696,382019,,,,,new_or_renewal,https://www.city.matsuyama.ehime.jp/shisei/opendata/metadata/shokuhinsinki.files/shokuhinsinki.xlsx,076ab31512db6c0d16c1b33f07ef1bd543cdc99cc8d394f932db4b2b7560bd84,official_current_rolling_workbook,2026-05,new,886c790bd8b6fb2e2f0f2289,True
松山市,2026-05,第260223号,2021-06-11,2026-05-26,2031-06-30,飲食店営業,三浦工業株式会社太陽寮,松山市堀江町甲247,382019,,,,,new_or_renewal,https://www.city.matsuyama.ehime.jp/shisei/opendata/metadata/shokuhinsinki.files/shokuhinsinki.xlsx,076ab31512db6c0d16c1b33f07ef1bd543cdc99cc8d394f932db4b2b7560bd84,official_current_rolling_workbook,2026-05,renewal,9df4c617aabd5e659f089038,True
松山市,2026-05,第260224号,2021-06-14,2026-05-26,2031-06-30,菓子製造業,ＣＡＲＴＡ　ＢＲＥＡＤ,松山市姫原2丁目3-16,382019,,,,,new_or_renewal,https://www.city.matsuyama.ehime.jp/shisei/opendata/metadata/shokuhinsinki.files/shokuhinsinki.xlsx,076ab31512db6c0d16c1b33f07ef1bd543cdc99cc8d394f932db4b2b7560bd84,official_current_rolling_workbook,2026-05,renewal,a8d2e2ef5c66d1e51b0b3901,False
松山市,2026-05,第260225号,2021-06-09,2026-05-26,2031-06-30,飲食店営業,Aコープハトマート北条,松山市保健所管内,382019,,,,,new_or_renewal,https://www.city.matsuyama.ehime.jp/shisei/opendata/metadata/shokuhinsinki.files/shokuhinsinki.xlsx,076ab31512db6c0d16c1b33f07ef1bd543cdc99cc8d394f932db4b2b7560bd84,official_current_rolling_workbook,2026-05,renewal,eed6aaf05d694db042c1c1e7,True
松山市,2026-05,第260226号,2021-06-21,2026-05-26,2031-06-30,飲食店営業,自然食 日本料理 じい家,松山市本町2丁目2-2　1F,382019,,,,,new_or_renewal,https://www.city.matsuyama.ehime.jp/shisei/opendata/metadata/shokuhinsinki.files/shokuhinsinki.xlsx,076ab31512db6c0d16c1b33f07ef1bd543cdc99cc8d394f932db4b2b7560bd84,official_current_rolling_workbook,2026-05,renewal,0513c969befaedec7afc73fc,True
松山市,2026-05,第260227号,2021-06-18,2026-05-26,2031-06-30,飲食店営業,丸亀製麺松山谷町,松山市谷町186-8,382019,,,,,new_or_renewal,https://www.city.matsuyama.ehime.jp/shisei/opendata/metadata/shokuhinsinki.files/shokuhinsinki.xlsx,076ab31512db6c0d16c1b33f07ef1bd543cdc99cc8d394f932db4b2b7560bd84,official_current_rolling_workbook,2026-05,renewal,891d12dbba2596e5be199c45,True
松山市,2026-05,第260228号,2021-06-08,2026-05-27,2031-06-30,飲食店営業,やき鳥　駿河台,松山市一番町2丁目1-14,382019,,,,,new_or_renewal,https://www.city.matsuyama.ehime.jp/shisei/opendata/metadata/shokuhinsinki.files/shokuhinsinki.xlsx,076ab31512db6c0d16c1b33f07ef1bd543cdc99cc8d394f932db4b2b7560bd84,official_current_rolling_workbook,2026-05,renewal,a6acca46fdff04b5cbfeecec,True
松山市,2026-05,第260229号,2021-06-02,2026-05-27,2031-06-30,飲食店営業,炭焼きビストロ楽　ーＬｕｃｋー,松山市山越4丁目5-35河上ビル102,382019,,,,,new_or_renewal,https://www.city.matsuyama.ehime.jp/shisei/opendata/metadata/shokuhinsinki.files/shokuhinsinki.xlsx,076ab31512db6c0d16c1b33f07ef1bd543cdc99cc8d394f932db4b2b7560bd84,official_current_rolling_workbook,2026-05,renewal,e3ddab2441cbf259444f825d,True
松山市,2026-05,第260230号,2021-06-17,2026-05-27,2031-06-30,魚介類販売業,フジ和気店（鮮魚）,松山市和気町1丁目637-1,382019,,,,,new_or_renewal,https://www.city.matsuyama.ehime.jp/shisei/opendata/metadata/shokuhinsinki.files/shokuhinsinki.xlsx,076ab31512db6c0d16c1b33f07ef1bd543cdc99cc8d394f932db4b2b7560bd84,official_current_rolling_workbook,2026-05,renewal,b5eb9ae5dc90558e387fc4f8,False
松山市,2026-05,第260231号,2021-06-10,2026-05-27,2031-06-30,魚介類販売業,有限会社　永野商店,松山市北条辻1448,382019,,,,,new_or_renewal,https://www.city.matsuyama.ehime.jp/shisei/opendata/metadata/shokuhinsinki.files/shokuhinsinki.xlsx,076ab31512db6c0d16c1b33f07ef1bd543cdc99cc8d394f932db4b2b7560bd84,official_current_rolling_workbook,2026-05,renewal,221aedc4fceb62bd33587432,False
松山市,2026-05,第260232号,2021-06-08,2026-05-27,2031-06-30,飲食店営業,C級ぐるめ　おとうさん,松山市北条辻89-9,382019,,,,,new_or_renewal,https://www.city.matsuyama.ehime.jp/shisei/opendata/metadata/shokuhinsinki.files/shokuhinsinki.xlsx,076ab31512db6c0d16c1b33f07ef1bd543cdc99cc8d394f932db4b2b7560bd84,official_current_rolling_workbook,2026-05,renewal,fa34a58e1a8c70cf80be08f3,True
松山市,2026-05,第260233号,2021-06-08,2026-05-27,2031-06-30,飲食店営業,松山餃子酒場　皮咲,松山市二番町2丁目3-6第三松ビル　２F,382019,,,,,new_or_renewal,https://www.city.matsuyama.ehime.jp/shisei/opendata/metadata/shokuhinsinki.files/shokuhinsinki.xlsx,076ab31512db6c0d16c1b33f07ef1bd543cdc99cc8d394f932db4b2b7560bd84,official_current_rolling_workbook,2026-05,renewal,f93adf084d2634b6abadd2bc,True
松山市,2026-05,第260234号,2021-06-09,2026-05-27,2031-06-30,菓子製造業,ラ・ムー松山中央店,松山市中央2丁目70-1,382019,,,,,new_or_renewal,https://www.city.matsuyama.ehime.jp/shisei/opendata/metadata/shokuhinsinki.files/shokuhinsinki.xlsx,076ab31512db6c0d16c1b33f07ef1bd543cdc99cc8d394f932db4b2b7560bd84,official_current_rolling_workbook,2026-05,renewal,86cc15e689b99513da5aa373,False
松山市,2026-05,第260235号,2021-06-29,2026-05-27,2031-06-30,飲食店営業,本町カフェ,松山市本町2丁目6-15,382019,,,,,new_or_renewal,https://www.city.matsuyama.ehime.jp/shisei/opendata/metadata/shokuhinsinki.files/shokuhinsinki.xlsx,076ab31512db6c0d16c1b33f07ef1bd543cdc99cc8d394f932db4b2b7560bd84,official_current_rolling_workbook,2026-05,renewal,b5f155548a81bcdb27f0615a,True
松山市,2026-05,第260236号,2026-05-27,2026-05-27,2031-06-30,飲食店営業,ME ME,松山市大街道2丁目1-1エムズビル 3F,382019,,,,,new_or_renewal,https://www.city.matsuyama.ehime.jp/shisei/opendata/metadata/shokuhinsinki.files/shokuhinsinki.xlsx,076ab31512db6c0d16c1b33f07ef1bd543cdc99cc8d394f932db4b2b7560bd84,official_current_rolling_workbook,2026-05,new,8e1f3f508f283fa5148717a1,True
松山市,2026-05,第260237号,2026-05-27,2026-05-27,2031-06-30,飲食店営業,和牛焼肉　おおに志,松山市三番町3丁目6-18,382019,,,,,new_or_renewal,https://www.city.matsuyama.ehime.jp/shisei/opendata/metadata/shokuhinsinki.files/shokuhinsinki.xlsx,076ab31512db6c0d16c1b33f07ef1bd543cdc99cc8d394f932db4b2b7560bd84,official_current_rolling_workbook,2026-05,new,f001f5b8194ee3fb7d062a32,True
松山市,2026-05,第260238号,2026-05-27,2026-05-27,2031-06-30,飲食店営業,スナックえん,松山市二番町2丁目5-43　12ヶ月ビル3F,382019,,,,,new_or_renewal,https://www.city.matsuyama.ehime.jp/shisei/opendata/metadata/shokuhinsinki.files/shokuhinsinki.xlsx,076ab31512db6c0d16c1b33f07ef1bd543cdc99cc8d394f932db4b2b7560bd84,official_current_rolling_workbook,2026-05,new,c83601aa535d6c0b446348fd,True
松山市,2026-05,第260239号,2021-06-30,2026-05-28,2031-06-30,飲食店営業,Indie Hill,松山市二番町2丁目7-16VERT40ビル4F,382019,,,,,new_or_renewal,https://www.city.matsuyama.ehime.jp/shisei/opendata/metadata/shokuhinsinki.files/shokuhinsinki.xlsx,076ab31512db6c0d16c1b33f07ef1bd543cdc99cc8d394f932db4b2b7560bd84,official_current_rolling_workbook,2026-05,renewal,90dd6eac25c26bf9a6f45bcb,True
松山市,2026-05,第260240号,2026-05-28,2026-05-28,2031-06-30,飲食店営業,Jun,松山市二番町1丁目10-4番町ビル4F 407,382019,,,,,new_or_renewal,https://www.city.matsuyama.ehime.jp/shisei/opendata/metadata/shokuhinsinki.files/shokuhinsinki.xlsx,076ab31512db6c0d16c1b33f07ef1bd543cdc99cc8d394f932db4b2b7560bd84,official_current_rolling_workbook,2026-05,new,c2f1be67d2ec821ef1421566,True
松山市,2026-05,第260241号,2026-05-28,2026-05-28,2031-06-30,飲食店営業,にこ,松山市二番町1丁目8-2 ニック33ビル2F E号室,382019,,,,,new_or_renewal,https://www.city.matsuyama.ehime.jp/shisei/opendata/metadata/shokuhinsinki.files/shokuhinsinki.xlsx,076ab31512db6c0d16c1b33f07ef1bd543cdc99cc8d394f932db4b2b7560bd84,official_current_rolling_workbook,2026-05,new,421d611d868e3b2258929f73,True
松山市,2026-05,第260242号,2021-06-10,2026-05-28,2031-06-30,飲食店営業,民宿上松,松山市和気町1丁目119,382019,,,,,new_or_renewal,https://www.city.matsuyama.ehime.jp/shisei/opendata/metadata/shokuhinsinki.files/shokuhinsinki.xlsx,076ab31512db6c0d16c1b33f07ef1bd543cdc99cc8d394f932db4b2b7560bd84,official_current_rolling_workbook,2026-05,renewal,47279b7723d49811109393c7,True
松山市,2026-05,第260243号,2021-06-28,2026-05-28,2031-06-30,魚介類販売業,丸西鮮魚店,松山市北条辻214-3　1F,382019,,,,,new_or_renewal,https://www.city.matsuyama.ehime.jp/shisei/opendata/metadata/shokuhinsinki.files/shokuhinsinki.xlsx,076ab31512db6c0d16c1b33f07ef1bd543cdc99cc8d394f932db4b2b7560bd84,official_current_rolling_workbook,2026-05,renewal,e39e3f10fb283746eadc2ae2,False
松山市,2026-05,第260244号,2021-06-18,2026-05-28,2031-06-30,飲食店営業,北条病院　シンセイフード事業部,松山市河野中須賀288-5,382019,,,,,new_or_renewal,https://www.city.matsuyama.ehime.jp/shisei/opendata/metadata/shokuhinsinki.files/shokuhinsinki.xlsx,076ab31512db6c0d16c1b33f07ef1bd543cdc99cc8d394f932db4b2b7560bd84,official_current_rolling_workbook,2026-05,renewal,eb27bbcbf263779d4fa5897c,True
松山市,2026-05,第260245号,2021-06-07,2026-05-28,2031-06-30,飲食店営業,CURCOVA,松山市北条辻434-3,382019,,,,,new_or_renewal,https://www.city.matsuyama.ehime.jp/shisei/opendata/metadata/shokuhinsinki.files/shokuhinsinki.xlsx,076ab31512db6c0d16c1b33f07ef1bd543cdc99cc8d394f932db4b2b7560bd84,official_current_rolling_workbook,2026-05,renewal,beba43c3e122cd4a4784d012,True
松山市,2026-05,第260246号,2026-05-29,2026-05-29,2031-06-30,飲食店営業,北条鹿島レストハウス,松山市北条辻1596-4,382019,,,,,new_or_renewal,https://www.city.matsuyama.ehime.jp/shisei/opendata/metadata/shokuhinsinki.files/shokuhinsinki.xlsx,076ab31512db6c0d16c1b33f07ef1bd543cdc99cc8d394f932db4b2b7560bd84,official_current_rolling_workbook,2026-05,new,c7a8547b8c72bf9256d713c9,True
松山市,2026-05,第260247号,2026-05-29,2026-05-29,2031-06-30,飲食店営業,Bar　Bore.,松山市三番町2丁目8-13第3アークビル3F東号室,382019,,,,,new_or_renewal,https://www.city.matsuyama.ehime.jp/shisei/opendata/metadata/shokuhinsinki.files/shokuhinsinki.xlsx,076ab31512db6c0d16c1b33f07ef1bd543cdc99cc8d394f932db4b2b7560bd84,official_current_rolling_workbook,2026-05,new,3dff5755b0dc94491fafb628,True
松山市,2026-05,第260248号,2026-05-29,2026-05-29,2031-06-30,飲食店営業,Lien(リアン),松山市和気町2丁目857-21,382019,,,,,new_or_renewal,https://www.city.matsuyama.ehime.jp/shisei/opendata/metadata/shokuhinsinki.files/shokuhinsinki.xlsx,076ab31512db6c0d16c1b33f07ef1bd543cdc99cc8d394f932db4b2b7560bd84,official_current_rolling_workbook,2026-05,new,cb36745cb75fb00a892f25ac,True
松山市,2026-05,第260249号,2026-05-29,2026-05-29,2031-06-30,飲食店営業,HINOKI and the green,松山市船ケ谷町193-1,382019,,,,,new_or_renewal,https://www.city.matsuyama.ehime.jp/shisei/opendata/metadata/shokuhinsinki.files/shokuhinsinki.xlsx,076ab31512db6c0d16c1b33f07ef1bd543cdc99cc8d394f932db4b2b7560bd84,official_current_rolling_workbook,2026-05,new,1498e43be550107309b49705,True
松山市,2026-05,第260250号,2026-05-29,2026-05-29,2031-06-30,飲食店営業,Cafe Laila(カフェ ライラ),松山市高井町714-1,382019,,,,,new_or_renewal,https://www.city.matsuyama.ehime.jp/shisei/opendata/metadata/shokuhinsinki.files/shokuhinsinki.xlsx,076ab31512db6c0d16c1b33f07ef1bd543cdc99cc8d394f932db4b2b7560bd84,official_current_rolling_workbook,2026-05,new,5290c44b9bfa46265882699a,True
松山市,2026-05,第260251号,2026-05-29,2026-05-29,2031-06-30,そうざい製造業,Cafe Laila(カフェ ライラ),松山市高井町714-1,382019,,,,,new_or_renewal,https://www.city.matsuyama.ehime.jp/shisei/opendata/metadata/shokuhinsinki.files/shokuhinsinki.xlsx,076ab31512db6c0d16c1b33f07ef1bd543cdc99cc8d394f932db4b2b7560bd84,official_current_rolling_workbook,2026-05,new,b7a4c5ed992f04c4a9dad89e,False
松山市,2026-05,第260252号,2026-05-29,2026-05-29,2031-06-30,麺類製造業,Cafe Laila(カフェ ライラ),松山市高井町714-1,382019,,,,,new_or_renewal,https://www.city.matsuyama.ehime.jp/shisei/opendata/metadata/shokuhinsinki.files/shokuhinsinki.xlsx,076ab31512db6c0d16c1b33f07ef1bd543cdc99cc8d394f932db4b2b7560bd84,official_current_rolling_workbook,2026-05,new,81648e85821e9855bd8efed4,False
松山市,2026-05,第260253号,2026-05-29,2026-05-29,2031-06-30,飲食店営業,LiLy,松山市平井町1409 2F 2号,382019,,,,,new_or_renewal,https://www.city.matsuyama.ehime.jp/shisei/opendata/metadata/shokuhinsinki.files/shokuhinsinki.xlsx,076ab31512db6c0d16c1b33f07ef1bd543cdc99cc8d394f932db4b2b7560bd84,official_current_rolling_workbook,2026-05,new,fdd308fc78ed5bdcec78f15d,True
松山市,2026-05,第260254号,2026-05-29,2026-05-29,2031-06-30,飲食店営業,串カツしでん朝生田店,松山市朝生田町5丁目7-33,382019,,,,,new_or_renewal,https://www.city.matsuyama.ehime.jp/shisei/opendata/metadata/shokuhinsinki.files/shokuhinsinki.xlsx,076ab31512db6c0d16c1b33f07ef1bd543cdc99cc8d394f932db4b2b7560bd84,official_current_rolling_workbook,2026-05,new,138b5a869df8fec33579ca4f,True
松山市,2026-05,第260255号,2021-06-21,2026-05-29,2031-06-30,飲食店営業,OVER,松山市二番町2丁目7-1横浜館ビル4F西号室,382019,,,,,new_or_renewal,https://www.city.matsuyama.ehime.jp/shisei/opendata/metadata/shokuhinsinki.files/shokuhinsinki.xlsx,076ab31512db6c0d16c1b33f07ef1bd543cdc99cc8d394f932db4b2b7560bd84,official_current_rolling_workbook,2026-05,renewal,e9f88114bfbc8b8ff1f89ffe,True
松山市,2026-05,第260256号,2021-06-01,2026-05-29,2031-06-30,飲食店営業,ピザロイ堀江店,松山市平田町374,382019,,,,,new_or_renewal,https://www.city.matsuyama.ehime.jp/shisei/opendata/metadata/shokuhinsinki.files/shokuhinsinki.xlsx,076ab31512db6c0d16c1b33f07ef1bd543cdc99cc8d394f932db4b2b7560bd84,official_current_rolling_workbook,2026-05,renewal,a8100e2952a3781434b9b81d,True
松山市,2026-05,第260257号,2026-05-29,2026-05-29,2031-06-30,飲食店営業,聖カタリナ学園高等学校聖母寮,松山市藤原町468,382019,,,,,new_or_renewal,https://www.city.matsuyama.ehime.jp/shisei/opendata/metadata/shokuhinsinki.files/shokuhinsinki.xlsx,076ab31512db6c0d16c1b33f07ef1bd543cdc99cc8d394f932db4b2b7560bd84,official_current_rolling_workbook,2026-05,new,93b369be8927829ed1cd6039,True
松山市,2026-05,第260258号,2021-06-09,2026-05-29,2031-06-30,飲食店営業,田舎,松山市北条辻386,382019,,,,,new_or_renewal,https://www.city.matsuyama.ehime.jp/shisei/opendata/metadata/shokuhinsinki.files/shokuhinsinki.xlsx,076ab31512db6c0d16c1b33f07ef1bd543cdc99cc8d394f932db4b2b7560bd84,official_current_rolling_workbook,2026-05,renewal,9013dc6ced9d7ffa539dc3fd,True
松山市,2026-05,第260259号,2021-06-14,2026-05-29,2031-06-30,麺類製造業,株式会社田中商工,松山市三番町1丁目9-8,382019,,,,,new_or_renewal,https://www.city.matsuyama.ehime.jp/shisei/opendata/metadata/shokuhinsinki.files/shokuhinsinki.xlsx,076ab31512db6c0d16c1b33f07ef1bd543cdc99cc8d394f932db4b2b7560bd84,official_current_rolling_workbook,2026-05,renewal,9daf15be213e5b8dfa914ff3,False
松山市,2026-05,第260260号,2021-06-17,2026-05-29,2031-06-30,飲食店営業,洋食屋　自然,松山市味酒町3丁目2-5ライオンズマンション味酒町102,382019,,,,,new_or_renewal,https://www.city.matsuyama.ehime.jp/shisei/opendata/metadata/shokuhinsinki.files/shokuhinsinki.xlsx,076ab31512db6c0d16c1b33f07ef1bd543cdc99cc8d394f932db4b2b7560bd84,official_current_rolling_workbook,2026-05,renewal,a7b18dd0e345fe6636f55ba9,True
松山市,2026-05,第260261号,2021-06-21,2026-05-29,2031-06-30,飲食店営業,拉麺 閏,松山市花園町4-6アプトンパーク21 2F,382019,,,,,new_or_renewal,https://www.city.matsuyama.ehime.jp/shisei/opendata/metadata/shokuhinsinki.files/shokuhinsinki.xlsx,076ab31512db6c0d16c1b33f07ef1bd543cdc99cc8d394f932db4b2b7560bd84,official_current_rolling_workbook,2026-05,renewal,dd4389236a8232baf9b0e039,True
松山市,2026-06,第260262号,2026-06-01,2026-06-01,2031-06-30,飲食店営業,麺工房遥海,松山市道後湯之町1-38,382019,,,,,new_or_renewal,https://www.city.matsuyama.ehime.jp/shisei/opendata/metadata/shokuhinsinki.files/shokuhinsinki.xlsx,076ab31512db6c0d16c1b33f07ef1bd543cdc99cc8d394f932db4b2b7560bd84,official_current_rolling_workbook,2026-06,new,1d85c335a4e847f360d822f0,True
松山市,2026-06,第260263号,2026-06-01,2026-06-01,2031-06-30,飲食店営業,Celes,松山市二番町1丁目9-11 いすず興産ビル1F,382019,,,,,new_or_renewal,https://www.city.matsuyama.ehime.jp/shisei/opendata/metadata/shokuhinsinki.files/shokuhinsinki.xlsx,076ab31512db6c0d16c1b33f07ef1bd543cdc99cc8d394f932db4b2b7560bd84,official_current_rolling_workbook,2026-06,new,cfafd1319e95617753c78737,True
松山市,2026-06,第260264号,2026-06-01,2026-06-01,2031-06-30,菓子製造業,菓子屋　あらと,松山市湊町2丁目5-20,382019,,,,,new_or_renewal,https://www.city.matsuyama.ehime.jp/shisei/opendata/metadata/shokuhinsinki.files/shokuhinsinki.xlsx,076ab31512db6c0d16c1b33f07ef1bd543cdc99cc8d394f932db4b2b7560bd84,official_current_rolling_workbook,2026-06,new,f156cfedccd165d277636198,False
松山市,2026-06,第260265号,2021-06-11,2026-06-01,2031-06-30,飲食店営業,そば吉　平田店,松山市平田町100-1,382019,,,,,new_or_renewal,https://www.city.matsuyama.ehime.jp/shisei/opendata/metadata/shokuhinsinki.files/shokuhinsinki.xlsx,076ab31512db6c0d16c1b33f07ef1bd543cdc99cc8d394f932db4b2b7560bd84,official_current_rolling_workbook,2026-06,renewal,5f8d24c3ed76f9f325151e66,True
松山市,2026-06,第260266号,2021-06-25,2026-06-01,2031-06-30,飲食店営業,BAR OTARU,松山市二番町2丁目6-10,382019,,,,,new_or_renewal,https://www.city.matsuyama.ehime.jp/shisei/opendata/metadata/shokuhinsinki.files/shokuhinsinki.xlsx,076ab31512db6c0d16c1b33f07ef1bd543cdc99cc8d394f932db4b2b7560bd84,official_current_rolling_workbook,2026-06,renewal,6a6f7b0dbbad31712975fa7a,True
松山市,2026-06,第260267号,2021-06-16,2026-06-01,2031-06-30,飲食店営業,とりや　まつ﨑,松山市道後湯之町4-43,382019,,,,,new_or_renewal,https://www.city.matsuyama.ehime.jp/shisei/opendata/metadata/shokuhinsinki.files/shokuhinsinki.xlsx,076ab31512db6c0d16c1b33f07ef1bd543cdc99cc8d394f932db4b2b7560bd84,official_current_rolling_workbook,2026-06,renewal,9ee88638925a92eb467eb010,True
松山市,2026-06,第260268号,2021-06-07,2026-06-01,2031-06-30,飲食店営業,喫茶　ルパン,松山市土居町953-1,382019,,,,,new_or_renewal,https://www.city.matsuyama.ehime.jp/shisei/opendata/metadata/shokuhinsinki.files/shokuhinsinki.xlsx,076ab31512db6c0d16c1b33f07ef1bd543cdc99cc8d394f932db4b2b7560bd84,official_current_rolling_workbook,2026-06,renewal,ad9a2d543c5dcf18d40aca3c,True
松山市,2026-06,第260269号,2021-06-09,2026-06-01,2031-06-30,菓子製造業,いろえんぴつ,松山市辻町13-15グレース辻町1F,382019,,,,,new_or_renewal,https://www.city.matsuyama.ehime.jp/shisei/opendata/metadata/shokuhinsinki.files/shokuhinsinki.xlsx,076ab31512db6c0d16c1b33f07ef1bd543cdc99cc8d394f932db4b2b7560bd84,official_current_rolling_workbook,2026-06,renewal,4b0b2bbb27d31bc6c7f65539,False
松山市,2026-06,第260270号,2021-06-16,2026-06-01,2031-06-30,魚介類販売業,(有)寿や,松山市別府町167-2,382019,,,,,new_or_renewal,https://www.city.matsuyama.ehime.jp/shisei/opendata/metadata/shokuhinsinki.files/shokuhinsinki.xlsx,076ab31512db6c0d16c1b33f07ef1bd543cdc99cc8d394f932db4b2b7560bd84,official_current_rolling_workbook,2026-06,renewal,ab7730756d059fda5a51f299,False
松山市,2026-06,第260271号,2021-06-28,2026-06-01,2031-06-30,食品の小分け業,株式会社みなと,松山市三津2丁目7₋9,382019,,,,,new_or_renewal,https://www.city.matsuyama.ehime.jp/shisei/opendata/metadata/shokuhinsinki.files/shokuhinsinki.xlsx,076ab31512db6c0d16c1b33f07ef1bd543cdc99cc8d394f932db4b2b7560bd84,official_current_rolling_workbook,2026-06,renewal,c1b1214efea031f329f6486e,False
松山市,2026-06,第260272号,2021-06-17,2026-06-01,2031-06-30,飲食店営業,手づくりの店　おこのみや,松山市中須賀2丁目5-35,382019,,,,,new_or_renewal,https://www.city.matsuyama.ehime.jp/shisei/opendata/metadata/shokuhinsinki.files/shokuhinsinki.xlsx,076ab31512db6c0d16c1b33f07ef1bd543cdc99cc8d394f932db4b2b7560bd84,official_current_rolling_workbook,2026-06,renewal,e14ad4659a672fad7384e753,True
松山市,2026-06,第260273号,2021-06-28,2026-06-01,2031-06-30,飲食店営業,ローソン松山北斎院町店,松山市北斎院町493-1,382019,,,,,new_or_renewal,https://www.city.matsuyama.ehime.jp/shisei/opendata/metadata/shokuhinsinki.files/shokuhinsinki.xlsx,076ab31512db6c0d16c1b33f07ef1bd543cdc99cc8d394f932db4b2b7560bd84,official_current_rolling_workbook,2026-06,renewal,5900f2f458277becac139966,True
松山市,2026-06,第260274号,2021-06-02,2026-06-01,2031-06-30,飲食店営業,カラオケ喫茶　初音,松山市大可賀2丁目7-21,382019,,,,,new_or_renewal,https://www.city.matsuyama.ehime.jp/shisei/opendata/metadata/shokuhinsinki.files/shokuhinsinki.xlsx,076ab31512db6c0d16c1b33f07ef1bd543cdc99cc8d394f932db4b2b7560bd84,official_current_rolling_workbook,2026-06,renewal,9d014a03a98c4247e20d243f,True
松山市,2026-06,第260275号,2021-06-07,2026-06-01,2031-06-30,飲食店営業,焼鳥　松ぼっくり,松山市西一万町11-11,382019,,,,,new_or_renewal,https://www.city.matsuyama.ehime.jp/shisei/opendata/metadata/shokuhinsinki.files/shokuhinsinki.xlsx,076ab31512db6c0d16c1b33f07ef1bd543cdc99cc8d394f932db4b2b7560bd84,official_current_rolling_workbook,2026-06,renewal,dcfae78d27da262f187f579b,True
松山市,2026-06,第260276号,2021-06-02,2026-06-02,2031-06-30,飲食店営業,かどや道後椿坂店,松山市道後湯之町20-24,382019,,,,,new_or_renewal,https://www.city.matsuyama.ehime.jp/shisei/opendata/metadata/shokuhinsinki.files/shokuhinsinki.xlsx,076ab31512db6c0d16c1b33f07ef1bd543cdc99cc8d394f932db4b2b7560bd84,official_current_rolling_workbook,2026-06,renewal,e726bb239c1a3d89c1bae268,True
松山市,2026-06,第260277号,2021-06-07,2026-06-02,2031-06-30,飲食店営業,風紋,松山市道後湯之町1-33,382019,,,,,new_or_renewal,https://www.city.matsuyama.ehime.jp/shisei/opendata/metadata/shokuhinsinki.files/shokuhinsinki.xlsx,076ab31512db6c0d16c1b33f07ef1bd543cdc99cc8d394f932db4b2b7560bd84,official_current_rolling_workbook,2026-06,renewal,1e6e6362c14bd07ad488709d,True
松山市,2026-06,第260278号,2021-06-08,2026-06-02,2031-06-30,魚介類販売業,株式会社魚芳水産,松山市辰巳町4-10,382019,,,,,new_or_renewal,https://www.city.matsuyama.ehime.jp/shisei/opendata/metadata/shokuhinsinki.files/shokuhinsinki.xlsx,076ab31512db6c0d16c1b33f07ef1bd543cdc99cc8d394f932db4b2b7560bd84,official_current_rolling_workbook,2026-06,renewal,a2d7959b320a591df50d330e,False
松山市,2026-06,第260279号,2021-06-16,2026-06-02,2031-06-30,飲食店営業,那須,松山市住吉2丁目12-2,382019,,,,,new_or_renewal,https://www.city.matsuyama.ehime.jp/shisei/opendata/metadata/shokuhinsinki.files/shokuhinsinki.xlsx,076ab31512db6c0d16c1b33f07ef1bd543cdc99cc8d394f932db4b2b7560bd84,official_current_rolling_workbook,2026-06,renewal,1c66518b653d7851debfd53d,True
松山市,2026-06,第260280号,2021-06-11,2026-06-02,2031-06-30,飲食店営業,風雲丸松山空港通り店,松山市空港通6丁目13-18,382019,,,,,new_or_renewal,https://www.city.matsuyama.ehime.jp/shisei/opendata/metadata/shokuhinsinki.files/shokuhinsinki.xlsx,076ab31512db6c0d16c1b33f07ef1bd543cdc99cc8d394f932db4b2b7560bd84,official_current_rolling_workbook,2026-06,renewal,3d2e9aa26e910c47f2579cf6,True
松山市,2026-06,第260281号,2021-06-17,2026-06-02,2031-06-30,飲食店営業,居酒屋　ぶらぶらある記,松山市宮田町106-2カサブランカ駅前1F,382019,,,,,new_or_renewal,https://www.city.matsuyama.ehime.jp/shisei/opendata/metadata/shokuhinsinki.files/shokuhinsinki.xlsx,076ab31512db6c0d16c1b33f07ef1bd543cdc99cc8d394f932db4b2b7560bd84,official_current_rolling_workbook,2026-06,renewal,50831d10a66e8b5734f7e487,True
松山市,2026-06,第260282号,2021-06-11,2026-06-02,2031-06-30,菓子製造業,Green Berry,松山市住吉2丁目11-10,382019,,,,,new_or_renewal,https://www.city.matsuyama.ehime.jp/shisei/opendata/metadata/shokuhinsinki.files/shokuhinsinki.xlsx,076ab31512db6c0d16c1b33f07ef1bd543cdc99cc8d394f932db4b2b7560bd84,official_current_rolling_workbook,2026-06,renewal,60e1753b55d8f0473e034c00,False
松山市,2026-06,第260283号,2021-06-28,2026-06-02,2031-06-30,飲食店営業,デイスパラウンジパラディッソ,松山市南江戸3丁目4-7彩グループ本社ビル7F,382019,,,,,new_or_renewal,https://www.city.matsuyama.ehime.jp/shisei/opendata/metadata/shokuhinsinki.files/shokuhinsinki.xlsx,076ab31512db6c0d16c1b33f07ef1bd543cdc99cc8d394f932db4b2b7560bd84,official_current_rolling_workbook,2026-06,renewal,137d101c3b03ea9e0d55250a,True
松山市,2026-06,第260284号,2026-06-03,2026-06-03,2031-06-30,飲食店営業,洋食レストラン　アルジャン,松山市末広町16-6 しまやビル2F,382019,,,,,new_or_renewal,https://www.city.matsuyama.ehime.jp/shisei/opendata/metadata/shokuhinsinki.files/shokuhinsinki.xlsx,076ab31512db6c0d16c1b33f07ef1bd543cdc99cc8d394f932db4b2b7560bd84,official_current_rolling_workbook,2026-06,new,73dba1a5f135e8a62fa10868,True
松山市,2026-06,第260285号,2026-06-03,2026-06-03,2031-06-30,飲食店営業,bar Riri,松山市三番町2丁目6-3 FROSEビル60B号室,382019,,,,,new_or_renewal,https://www.city.matsuyama.ehime.jp/shisei/opendata/metadata/shokuhinsinki.files/shokuhinsinki.xlsx,076ab31512db6c0d16c1b33f07ef1bd543cdc99cc8d394f932db4b2b7560bd84,official_current_rolling_workbook,2026-06,new,f2dbb8208aef596b3f8bd46c,True
松山市,2026-06,第260286号,2026-06-03,2026-06-03,2031-06-30,飲食店営業,イタリア料理　ながた,松山市二番町1丁目3-12古唐人月館102号,382019,,,,,new_or_renewal,https://www.city.matsuyama.ehime.jp/shisei/opendata/metadata/shokuhinsinki.files/shokuhinsinki.xlsx,076ab31512db6c0d16c1b33f07ef1bd543cdc99cc8d394f932db4b2b7560bd84,official_current_rolling_workbook,2026-06,new,1ce3d59859c08637264f5f0f,True
松山市,2026-06,第260287号,2026-06-03,2026-06-03,2031-06-30,飲食店営業,ゴルフクラブそう,松山市南高井町956,382019,,,,,new_or_renewal,https://www.city.matsuyama.ehime.jp/shisei/opendata/metadata/shokuhinsinki.files/shokuhinsinki.xlsx,076ab31512db6c0d16c1b33f07ef1bd543cdc99cc8d394f932db4b2b7560bd84,official_current_rolling_workbook,2026-06,new,f987ff780fae155f5712fe0f,True
松山市,2026-06,第260288号,2021-06-18,2026-06-03,2031-06-30,飲食店営業,焼肉ハウス　亀,松山市別府町419-3,382019,,,,,new_or_renewal,https://www.city.matsuyama.ehime.jp/shisei/opendata/metadata/shokuhinsinki.files/shokuhinsinki.xlsx,076ab31512db6c0d16c1b33f07ef1bd543cdc99cc8d394f932db4b2b7560bd84,official_current_rolling_workbook,2026-06,renewal,efd3ef765e1386b0b33ca6c4,True
松山市,2026-06,第260289号,2021-06-18,2026-06-03,2031-06-30,食肉販売業,焼肉ハウス　亀,松山市別府町419-3,382019,,,,,new_or_renewal,https://www.city.matsuyama.ehime.jp/shisei/opendata/metadata/shokuhinsinki.files/shokuhinsinki.xlsx,076ab31512db6c0d16c1b33f07ef1bd543cdc99cc8d394f932db4b2b7560bd84,official_current_rolling_workbook,2026-06,renewal,161d27dd1f9c26d9d8094a16,False
松山市,2026-06,第260290号,2021-06-21,2026-06-03,2031-06-30,水産製品製造業,有限会社マキノ海産,松山市清住1丁目5-20,382019,,,,,new_or_renewal,https://www.city.matsuyama.ehime.jp/shisei/opendata/metadata/shokuhinsinki.files/shokuhinsinki.xlsx,076ab31512db6c0d16c1b33f07ef1bd543cdc99cc8d394f932db4b2b7560bd84,official_current_rolling_workbook,2026-06,renewal,16da20644ea2a135c4e446f5,False
松山市,2026-06,第260291号,2021-06-10,2026-06-03,2031-06-30,飲食店営業,道後　湯の宿　さち家,松山市道後湯之町13-3,382019,,,,,new_or_renewal,https://www.city.matsuyama.ehime.jp/shisei/opendata/metadata/shokuhinsinki.files/shokuhinsinki.xlsx,076ab31512db6c0d16c1b33f07ef1bd543cdc99cc8d394f932db4b2b7560bd84,official_current_rolling_workbook,2026-06,renewal,49f52ba62b78a39ffe962fdf,True
松山市,2026-06,第260292号,2021-06-14,2026-06-03,2031-06-30,菓子製造業,小麦工房カパラティーノ,松山市持田町1丁目2-29　1F,382019,,,,,new_or_renewal,https://www.city.matsuyama.ehime.jp/shisei/opendata/metadata/shokuhinsinki.files/shokuhinsinki.xlsx,076ab31512db6c0d16c1b33f07ef1bd543cdc99cc8d394f932db4b2b7560bd84,official_current_rolling_workbook,2026-06,renewal,2873e49818974d7037e28e56,False
松山市,2026-06,第260293号,2021-06-25,2026-06-03,2031-06-30,飲食店営業,栗林病院,松山市溝辺町甲331,382019,,,,,new_or_renewal,https://www.city.matsuyama.ehime.jp/shisei/opendata/metadata/shokuhinsinki.files/shokuhinsinki.xlsx,076ab31512db6c0d16c1b33f07ef1bd543cdc99cc8d394f932db4b2b7560bd84,official_current_rolling_workbook,2026-06,renewal,e26694b1cbe08b1256e6bcdb,True
松山市,2026-06,第260294号,2021-06-02,2026-06-03,2031-06-30,飲食店営業,日の出食堂,松山市古三津6丁目1-12,382019,,,,,new_or_renewal,https://www.city.matsuyama.ehime.jp/shisei/opendata/metadata/shokuhinsinki.files/shokuhinsinki.xlsx,076ab31512db6c0d16c1b33f07ef1bd543cdc99cc8d394f932db4b2b7560bd84,official_current_rolling_workbook,2026-06,renewal,6d7b95b777f8d8b2eebe8d0c,True
松山市,2026-06,第260295号,2021-07-01,2026-06-03,2031-06-30,飲食店営業,香港　和泉店,松山市和泉北1丁目4-20シティ森1F,382019,,,,,new_or_renewal,https://www.city.matsuyama.ehime.jp/shisei/opendata/metadata/shokuhinsinki.files/shokuhinsinki.xlsx,076ab31512db6c0d16c1b33f07ef1bd543cdc99cc8d394f932db4b2b7560bd84,official_current_rolling_workbook,2026-06,renewal,4165d46a9850b19019b1a9db,True
松山市,2026-06,第260310号,2021-06-02,2026-06-04,2031-06-30,飲食店営業,TENON,松山市二番町3丁目7-17コンプレックスビル2F,382019,,,,,new_or_renewal,https://www.city.matsuyama.ehime.jp/shisei/opendata/metadata/shokuhinsinki.files/shokuhinsinki.xlsx,076ab31512db6c0d16c1b33f07ef1bd543cdc99cc8d394f932db4b2b7560bd84,official_current_rolling_workbook,2026-06,renewal,59dba94e36b2f07ef47ca02d,True
松山市,2026-06,第260311号,2021-06-16,2026-06-04,2031-06-30,みそ又はしょうゆ製造業,遠藤味噌醤油醸造場,松山市三津2丁目10-30,382019,,,,,new_or_renewal,https://www.city.matsuyama.ehime.jp/shisei/opendata/metadata/shokuhinsinki.files/shokuhinsinki.xlsx,076ab31512db6c0d16c1b33f07ef1bd543cdc99cc8d394f932db4b2b7560bd84,official_current_rolling_workbook,2026-06,renewal,57d1db143e4e8562232bceec,False
松山市,2026-06,第260312号,2021-06-16,2026-06-04,2031-06-30,飲食店営業,三好,松山市石手3丁目7-28,382019,,,,,new_or_renewal,https://www.city.matsuyama.ehime.jp/shisei/opendata/metadata/shokuhinsinki.files/shokuhinsinki.xlsx,076ab31512db6c0d16c1b33f07ef1bd543cdc99cc8d394f932db4b2b7560bd84,official_current_rolling_workbook,2026-06,renewal,2993d1810d4f1313dba8731c,True
松山市,2026-06,第260313号,2021-06-22,2026-06-04,2031-06-30,飲食店営業,Resort　Day　Spa　ADU　アドゥーガーデン,松山市南江戸3丁目4-7　9F,382019,,,,,new_or_renewal,https://www.city.matsuyama.ehime.jp/shisei/opendata/metadata/shokuhinsinki.files/shokuhinsinki.xlsx,076ab31512db6c0d16c1b33f07ef1bd543cdc99cc8d394f932db4b2b7560bd84,official_current_rolling_workbook,2026-06,renewal,da6b7b63a8bc7f97a960dfdf,True
松山市,2026-06,第260314号,2021-06-08,2026-06-04,2031-06-30,飲食店営業,とんかつ　矢乃矢,松山市清住2丁目1040-3,382019,,,,,new_or_renewal,https://www.city.matsuyama.ehime.jp/shisei/opendata/metadata/shokuhinsinki.files/shokuhinsinki.xlsx,076ab31512db6c0d16c1b33f07ef1bd543cdc99cc8d394f932db4b2b7560bd84,official_current_rolling_workbook,2026-06,renewal,2815b910435733df40fbd4fe,True
松山市,2026-06,第260315号,2021-06-11,2026-06-04,2031-06-30,魚介類販売業,フジ高岡店（魚介類販売業）,松山市高岡町432-1,382019,,,,,new_or_renewal,https://www.city.matsuyama.ehime.jp/shisei/opendata/metadata/shokuhinsinki.files/shokuhinsinki.xlsx,076ab31512db6c0d16c1b33f07ef1bd543cdc99cc8d394f932db4b2b7560bd84,official_current_rolling_workbook,2026-06,renewal,346543f9ba068c94b53266a7,False
松山市,2026-06,第260296号,2021-06-11,2026-06-05,2031-06-30,飲食店営業,𠮷野家　松山竹原店,松山市竹原2丁目1-39,382019,,,,,new_or_renewal,https://www.city.matsuyama.ehime.jp/shisei/opendata/metadata/shokuhinsinki.files/shokuhinsinki.xlsx,076ab31512db6c0d16c1b33f07ef1bd543cdc99cc8d394f932db4b2b7560bd84,official_current_rolling_workbook,2026-06,renewal,aa17675ff67a0a595bd84989,True
松山市,2026-06,第260297号,2021-06-15,2026-06-05,2031-06-30,飲食店営業,NEEDS松山　ヴィクトリアハウス,松山市梅津寺町1382-1,382019,,,,,new_or_renewal,https://www.city.matsuyama.ehime.jp/shisei/opendata/metadata/shokuhinsinki.files/shokuhinsinki.xlsx,076ab31512db6c0d16c1b33f07ef1bd543cdc99cc8d394f932db4b2b7560bd84,official_current_rolling_workbook,2026-06,renewal,730f1fd0a4e8680aa7b28e72,True
松山市,2026-06,第260298号,2021-06-15,2026-06-05,2031-06-30,飲食店営業,NEEDS松山　ホワイトハウス,松山市梅津寺町1382-1,382019,,,,,new_or_renewal,https://www.city.matsuyama.ehime.jp/shisei/opendata/metadata/shokuhinsinki.files/shokuhinsinki.xlsx,076ab31512db6c0d16c1b33f07ef1bd543cdc99cc8d394f932db4b2b7560bd84,official_current_rolling_workbook,2026-06,renewal,784f42990abf344741c6d0ea,True
松山市,2026-06,第260299号,2026-06-05,2026-06-05,2031-06-30,飲食店営業,セブンイレブン北条土手内店,松山市土手内15-5,382019,,,,,new_or_renewal,https://www.city.matsuyama.ehime.jp/shisei/opendata/metadata/shokuhinsinki.files/shokuhinsinki.xlsx,076ab31512db6c0d16c1b33f07ef1bd543cdc99cc8d394f932db4b2b7560bd84,official_current_rolling_workbook,2026-06,new,a666683bd4696509dbfbd157,True
松山市,2026-06,第260316号,2026-06-05,2026-06-05,2031-06-30,飲食店営業,地鶏・鐡　別館,松山市二番町1丁目6-4　　STAR21 PART3 2FB,382019,,,,,new_or_renewal,https://www.city.matsuyama.ehime.jp/shisei/opendata/metadata/shokuhinsinki.files/shokuhinsinki.xlsx,076ab31512db6c0d16c1b33f07ef1bd543cdc99cc8d394f932db4b2b7560bd84,official_current_rolling_workbook,2026-06,new,c16b62f0612f591a25211197,True
松山市,2026-06,第260300号,2026-06-08,2026-06-08,2031-06-30,水産製品製造業,サンホウ食品株式会社　古三津工場,松山市古三津1丁目10-15,382019,,,,,new_or_renewal,https://www.city.matsuyama.ehime.jp/shisei/opendata/metadata/shokuhinsinki.files/shokuhinsinki.xlsx,076ab31512db6c0d16c1b33f07ef1bd543cdc99cc8d394f932db4b2b7560bd84,official_current_rolling_workbook,2026-06,new,bdbd5e82125bd00ede71fb29,False
松山市,2026-06,第260301号,2026-06-08,2026-06-08,2031-06-30,飲食店営業,えくぼ,松山市中村4丁目13-26,382019,,,,,new_or_renewal,https://www.city.matsuyama.ehime.jp/shisei/opendata/metadata/shokuhinsinki.files/shokuhinsinki.xlsx,076ab31512db6c0d16c1b33f07ef1bd543cdc99cc8d394f932db4b2b7560bd84,official_current_rolling_workbook,2026-06,new,f2cf22f834ccb183fa9383b9,True
松山市,2026-06,第260302号,2026-06-08,2026-06-08,2031-06-30,飲食店営業,ドイツハウス,松山市保健所管内,382019,,,,,new_or_renewal,https://www.city.matsuyama.ehime.jp/shisei/opendata/metadata/shokuhinsinki.files/shokuhinsinki.xlsx,076ab31512db6c0d16c1b33f07ef1bd543cdc99cc8d394f932db4b2b7560bd84,official_current_rolling_workbook,2026-06,new,502b6a544f9ed5785bdff2d0,True
松山市,2026-06,第260303号,2021-06-08,2026-06-08,2031-06-30,食品の小分け業,有限会社玉泉堂本舗,松山市道後湯之町12-31,382019,,,,,new_or_renewal,https://www.city.matsuyama.ehime.jp/shisei/opendata/metadata/shokuhinsinki.files/shokuhinsinki.xlsx,076ab31512db6c0d16c1b33f07ef1bd543cdc99cc8d394f932db4b2b7560bd84,official_current_rolling_workbook,2026-06,renewal,b97312481e3d0b8cf7c17676,False
松山市,2026-06,第260304号,2021-06-08,2026-06-08,2031-06-30,飲食店営業,ローソン松山小栗店,松山市小栗5丁目8-7,382019,,,,,new_or_renewal,https://www.city.matsuyama.ehime.jp/shisei/opendata/metadata/shokuhinsinki.files/shokuhinsinki.xlsx,076ab31512db6c0d16c1b33f07ef1bd543cdc99cc8d394f932db4b2b7560bd84,official_current_rolling_workbook,2026-06,renewal,a5f98bea3795f93fe8431a79,True
松山市,2026-06,第260305号,2021-06-02,2026-06-08,2031-06-30,飲食店営業,旬膳ふる田,松山市立花3丁目7-15,382019,,,,,new_or_renewal,https://www.city.matsuyama.ehime.jp/shisei/opendata/metadata/shokuhinsinki.files/shokuhinsinki.xlsx,076ab31512db6c0d16c1b33f07ef1bd543cdc99cc8d394f932db4b2b7560bd84,official_current_rolling_workbook,2026-06,renewal,c5d0e66a2522dcee96b1f49f,True
松山市,2026-06,第260306号,2026-06-09,2026-06-09,2031-06-30,飲食店営業,いよてつ髙島屋　7階催会場　愛媛のめっちゃえ～けん,松山市湊町5丁目1-1株式会社　伊予鉄髙島屋　7階,382019,,,,,new_or_renewal,https://www.city.matsuyama.ehime.jp/shisei/opendata/metadata/shokuhinsinki.files/shokuhinsinki.xlsx,076ab31512db6c0d16c1b33f07ef1bd543cdc99cc8d394f932db4b2b7560bd84,official_current_rolling_workbook,2026-06,new,3bcefe18274a2aae82b05bcd,True
松山市,2026-06,第260307号,2021-06-25,2026-06-09,2031-06-30,飲食店営業,アマンダコーヒーズ衣山店,松山市衣山1丁目188パルティフジ衣山店,382019,,,,,new_or_renewal,https://www.city.matsuyama.ehime.jp/shisei/opendata/metadata/shokuhinsinki.files/shokuhinsinki.xlsx,076ab31512db6c0d16c1b33f07ef1bd543cdc99cc8d394f932db4b2b7560bd84,official_current_rolling_workbook,2026-06,renewal,c624fd98f9a142f062c99d26,True
松山市,2026-06,第260308号,2021-06-25,2026-06-09,2031-06-30,飲食店営業,ローソン松山空港通一丁目店,松山市空港通1丁目13-13,382019,,,,,new_or_renewal,https://www.city.matsuyama.ehime.jp/shisei/opendata/metadata/shokuhinsinki.files/shokuhinsinki.xlsx,076ab31512db6c0d16c1b33f07ef1bd543cdc99cc8d394f932db4b2b7560bd84,official_current_rolling_workbook,2026-06,renewal,0eb5192f0b8a19a450a8760b,True
松山市,2026-06,第260309号,2021-06-29,2026-06-09,2031-06-30,菓子製造業,パン工房　麦の穂,松山市道後緑台10-12,382019,,,,,new_or_renewal,https://www.city.matsuyama.ehime.jp/shisei/opendata/metadata/shokuhinsinki.files/shokuhinsinki.xlsx,076ab31512db6c0d16c1b33f07ef1bd543cdc99cc8d394f932db4b2b7560bd84,official_current_rolling_workbook,2026-06,renewal,a8c1c3e96e47deebb379c7a3,False
松山市,2026-06,第260317号,2026-06-10,2026-06-10,2031-06-30,飲食店営業,日鶏,松山市保健所管内,382019,,,,,new_or_renewal,https://www.city.matsuyama.ehime.jp/shisei/opendata/metadata/shokuhinsinki.files/shokuhinsinki.xlsx,076ab31512db6c0d16c1b33f07ef1bd543cdc99cc8d394f932db4b2b7560bd84,official_current_rolling_workbook,2026-06,new,bbe2384130ab10871bee85a7,True
松山市,2026-06,第260318号,2026-06-10,2026-06-10,2031-06-30,飲食店営業,すき家　196号松山本町店,松山市本町5丁目2-9,382019,,,,,new_or_renewal,https://www.city.matsuyama.ehime.jp/shisei/opendata/metadata/shokuhinsinki.files/shokuhinsinki.xlsx,076ab31512db6c0d16c1b33f07ef1bd543cdc99cc8d394f932db4b2b7560bd84,official_current_rolling_workbook,2026-06,new,d14add3443bc1b75db7df3e2,True
松山市,2026-06,第260319号,2026-06-10,2026-06-10,2031-06-30,飲食店営業,ガジュマル,松山市市坪西町625-1 アクアパレットまつやま　屋外プール内,382019,,,,,new_or_renewal,https://www.city.matsuyama.ehime.jp/shisei/opendata/metadata/shokuhinsinki.files/shokuhinsinki.xlsx,076ab31512db6c0d16c1b33f07ef1bd543cdc99cc8d394f932db4b2b7560bd84,official_current_rolling_workbook,2026-06,new,d15cfac95de39746f6cafe61,True
松山市,2026-06,第260320号,2026-06-10,2026-06-10,2031-06-30,飲食店営業,Hideaway,松山市二番町2丁目6-13 104Doビル2F東,382019,,,,,new_or_renewal,https://www.city.matsuyama.ehime.jp/shisei/opendata/metadata/shokuhinsinki.files/shokuhinsinki.xlsx,076ab31512db6c0d16c1b33f07ef1bd543cdc99cc8d394f932db4b2b7560bd84,official_current_rolling_workbook,2026-06,new,7334ebd780f72acee7201510,True
松山市,2026-06,第260321号,2026-06-10,2026-06-10,2031-06-30,飲食店営業,シャ・ラ・ラ,松山市二番町2丁目6-11 江戸長ビル2F,382019,,,,,new_or_renewal,https://www.city.matsuyama.ehime.jp/shisei/opendata/metadata/shokuhinsinki.files/shokuhinsinki.xlsx,076ab31512db6c0d16c1b33f07ef1bd543cdc99cc8d394f932db4b2b7560bd84,official_current_rolling_workbook,2026-06,new,784272343074c43d4ad3aed3,True
松山市,2026-06,第260322号,2026-06-10,2026-06-10,2031-06-30,菓子製造業,Sucrée - Salée,松山市大手町1丁目3-14,382019,,,,,new_or_renewal,https://www.city.matsuyama.ehime.jp/shisei/opendata/metadata/shokuhinsinki.files/shokuhinsinki.xlsx,076ab31512db6c0d16c1b33f07ef1bd543cdc99cc8d394f932db4b2b7560bd84,official_current_rolling_workbook,2026-06,new,17659c4df4599b60c30c29b0,False
松山市,2026-06,第260323号,2026-06-10,2026-06-10,2031-06-30,飲食店営業,江戸切りそばゆで太郎松山北吉田店,松山市北吉田町195-1,382019,,,,,new_or_renewal,https://www.city.matsuyama.ehime.jp/shisei/opendata/metadata/shokuhinsinki.files/shokuhinsinki.xlsx,076ab31512db6c0d16c1b33f07ef1bd543cdc99cc8d394f932db4b2b7560bd84,official_current_rolling_workbook,2026-06,new,340758baca082dcedec5674d,True
松山市,2026-06,第260324号,2021-06-09,2026-06-10,2031-06-30,飲食店営業,風の舞,松山市白水台1丁目1-10,382019,,,,,new_or_renewal,https://www.city.matsuyama.ehime.jp/shisei/opendata/metadata/shokuhinsinki.files/shokuhinsinki.xlsx,076ab31512db6c0d16c1b33f07ef1bd543cdc99cc8d394f932db4b2b7560bd84,official_current_rolling_workbook,2026-06,renewal,6bab8b82707775fe0bc49189,True
松山市,2026-06,第260325号,2021-06-16,2026-06-10,2031-06-30,飲食店営業,かめやうどん　松山キスケBOX店,松山市宮田町4キスケBOX1F,382019,,,,,new_or_renewal,https://www.city.matsuyama.ehime.jp/shisei/opendata/metadata/shokuhinsinki.files/shokuhinsinki.xlsx,076ab31512db6c0d16c1b33f07ef1bd543cdc99cc8d394f932db4b2b7560bd84,official_current_rolling_workbook,2026-06,renewal,c2f18d1c0459663e5457bda7,True
松山市,2026-06,第260326号,2021-06-16,2026-06-10,2031-06-30,飲食店営業,花ゆらり,松山市宮田町4キスケBOX1F,382019,,,,,new_or_renewal,https://www.city.matsuyama.ehime.jp/shisei/opendata/metadata/shokuhinsinki.files/shokuhinsinki.xlsx,076ab31512db6c0d16c1b33f07ef1bd543cdc99cc8d394f932db4b2b7560bd84,official_current_rolling_workbook,2026-06,renewal,6c8c07cd087c161b02f14099,True
松山市,2026-06,第260327号,2021-06-18,2026-06-11,2031-06-30,飲食店営業,めじるし,松山市内宮町510-1ヴァルム内宮102,382019,,,,,new_or_renewal,https://www.city.matsuyama.ehime.jp/shisei/opendata/metadata/shokuhinsinki.files/shokuhinsinki.xlsx,076ab31512db6c0d16c1b33f07ef1bd543cdc99cc8d394f932db4b2b7560bd84,official_current_rolling_workbook,2026-06,renewal,63bcfad37c697794b05e77c4,True
松山市,2026-06,第260328号,2021-06-14,2026-06-11,2031-06-30,飲食店営業,はま路,松山市三津1丁目4-10,382019,,,,,new_or_renewal,https://www.city.matsuyama.ehime.jp/shisei/opendata/metadata/shokuhinsinki.files/shokuhinsinki.xlsx,076ab31512db6c0d16c1b33f07ef1bd543cdc99cc8d394f932db4b2b7560bd84,official_current_rolling_workbook,2026-06,renewal,95df37ddcc9d3c8e413c5d48,True
松山市,2026-06,第260329号,2021-06-25,2026-06-11,2031-06-30,飲食店営業,Mitsu想,松山市三津3丁目6-38,382019,,,,,new_or_renewal,https://www.city.matsuyama.ehime.jp/shisei/opendata/metadata/shokuhinsinki.files/shokuhinsinki.xlsx,076ab31512db6c0d16c1b33f07ef1bd543cdc99cc8d394f932db4b2b7560bd84,official_current_rolling_workbook,2026-06,renewal,ebfd4e924258202e5ca1fa72,True
松山市,2026-06,第260330号,2021-06-28,2026-06-11,2031-06-30,飲食店営業,ピエトロ　フジグラン　松山,松山市宮西1丁目2-1　2F,382019,,,,,new_or_renewal,https://www.city.matsuyama.ehime.jp/shisei/opendata/metadata/shokuhinsinki.files/shokuhinsinki.xlsx,076ab31512db6c0d16c1b33f07ef1bd543cdc99cc8d394f932db4b2b7560bd84,official_current_rolling_workbook,2026-06,renewal,f89e6b2a507b118de1f70794,True
松山市,2026-06,第260331号,2026-06-12,2026-06-12,2031-06-30,飲食店営業,大衆とり酒場　とりいちず　愛媛松山大街道店,松山市大街道2丁目2-5 フジヤマビル1F、2F,382019,,,,,new_or_renewal,https://www.city.matsuyama.ehime.jp/shisei/opendata/metadata/shokuhinsinki.files/shokuhinsinki.xlsx,076ab31512db6c0d16c1b33f07ef1bd543cdc99cc8d394f932db4b2b7560bd84,official_current_rolling_workbook,2026-06,new,05d23b8eafdb88cb13060e94,True
松山市,2026-06,第260332号,2026-06-12,2026-06-12,2031-06-30,飲食店営業,和心ラウンジ　ひだり,松山市二番町1丁目8-8第8ミツワビル2F,382019,,,,,new_or_renewal,https://www.city.matsuyama.ehime.jp/shisei/opendata/metadata/shokuhinsinki.files/shokuhinsinki.xlsx,076ab31512db6c0d16c1b33f07ef1bd543cdc99cc8d394f932db4b2b7560bd84,official_current_rolling_workbook,2026-06,new,5a0834956028eed84f86c06d,True
松山市,2026-06,第260333号,2026-06-12,2026-06-12,2031-06-30,飲食店営業,愛ご屋,松山市大街道3丁目5-6,382019,,,,,new_or_renewal,https://www.city.matsuyama.ehime.jp/shisei/opendata/metadata/shokuhinsinki.files/shokuhinsinki.xlsx,076ab31512db6c0d16c1b33f07ef1bd543cdc99cc8d394f932db4b2b7560bd84,official_current_rolling_workbook,2026-06,new,d483a688d2506646249db898,True
松山市,2026-06,第260334号,2026-06-12,2026-06-12,2031-06-30,飲食店営業,BAR グリッチ,松山市二番町1丁目10-4 番町ビル2F,382019,,,,,new_or_renewal,https://www.city.matsuyama.ehime.jp/shisei/opendata/metadata/shokuhinsinki.files/shokuhinsinki.xlsx,076ab31512db6c0d16c1b33f07ef1bd543cdc99cc8d394f932db4b2b7560bd84,official_current_rolling_workbook,2026-06,new,fc728f63f9a55b8380c2e4ef,True
松山市,2026-06,第260335号,2026-06-12,2026-06-12,2031-06-30,飲食店営業,ベルとアリエル,松山市二番町2丁目7-22No.1ミツワビル3F　C号室,382019,,,,,new_or_renewal,https://www.city.matsuyama.ehime.jp/shisei/opendata/metadata/shokuhinsinki.files/shokuhinsinki.xlsx,076ab31512db6c0d16c1b33f07ef1bd543cdc99cc8d394f932db4b2b7560bd84,official_current_rolling_workbook,2026-06,new,f5058e46192e09d563e0ca55,True
松山市,2026-06,第260336号,2026-06-12,2026-06-12,2031-06-30,飲食店営業,&Me,松山市二番町1丁目9-14ラフォーレ202　1F,382019,,,,,new_or_renewal,https://www.city.matsuyama.ehime.jp/shisei/opendata/metadata/shokuhinsinki.files/shokuhinsinki.xlsx,076ab31512db6c0d16c1b33f07ef1bd543cdc99cc8d394f932db4b2b7560bd84,official_current_rolling_workbook,2026-06,new,d1da9b888edf64d344b99661,True
松山市,2026-06,第260337号,2026-06-12,2026-06-12,2031-06-30,飲食店営業,Vivi,松山市二番町2丁目7-23　No6ミツワビル4F,382019,,,,,new_or_renewal,https://www.city.matsuyama.ehime.jp/shisei/opendata/metadata/shokuhinsinki.files/shokuhinsinki.xlsx,076ab31512db6c0d16c1b33f07ef1bd543cdc99cc8d394f932db4b2b7560bd84,official_current_rolling_workbook,2026-06,new,f74fd11b2759f3004e6e5c7e,True
松山市,2026-06,第260338号,2026-06-12,2026-06-12,2031-06-30,飲食店営業,ARLES GARDEN,松山市保健所管内,382019,,,,,new_or_renewal,https://www.city.matsuyama.ehime.jp/shisei/opendata/metadata/shokuhinsinki.files/shokuhinsinki.xlsx,076ab31512db6c0d16c1b33f07ef1bd543cdc99cc8d394f932db4b2b7560bd84,official_current_rolling_workbook,2026-06,new,ff26652a1ce904d07484b162,True
松山市,2026-06,第260339号,2026-06-12,2026-06-12,2031-06-30,飲食店営業,焼肉・韓国料理　あんにょん,松山市空港通3丁目8-17　2F,382019,,,,,new_or_renewal,https://www.city.matsuyama.ehime.jp/shisei/opendata/metadata/shokuhinsinki.files/shokuhinsinki.xlsx,076ab31512db6c0d16c1b33f07ef1bd543cdc99cc8d394f932db4b2b7560bd84,official_current_rolling_workbook,2026-06,new,330223462d0c0817b440c0f8,True
松山市,2026-06,第260340号,2026-06-12,2026-06-12,2031-06-30,そうざい製造業,ひだま里,松山市土手内121-12,382019,,,,,new_or_renewal,https://www.city.matsuyama.ehime.jp/shisei/opendata/metadata/shokuhinsinki.files/shokuhinsinki.xlsx,076ab31512db6c0d16c1b33f07ef1bd543cdc99cc8d394f932db4b2b7560bd84,official_current_rolling_workbook,2026-06,new,ca54de443cb925d33dc309f9,False
松山市,2026-06,第260341号,2026-06-12,2026-06-12,2031-06-30,冷凍食品製造業,ひだま里,松山市土手内121-12,382019,,,,,new_or_renewal,https://www.city.matsuyama.ehime.jp/shisei/opendata/metadata/shokuhinsinki.files/shokuhinsinki.xlsx,076ab31512db6c0d16c1b33f07ef1bd543cdc99cc8d394f932db4b2b7560bd84,official_current_rolling_workbook,2026-06,new,e274c610511a3008f85d87ed,False
松山市,2026-06,第260342号,2021-06-10,2026-06-12,2031-06-30,飲食店営業,道後さや温泉ゆらら　家族の湯,松山市高岡町130、131、132-1,382019,,,,,new_or_renewal,https://www.city.matsuyama.ehime.jp/shisei/opendata/metadata/shokuhinsinki.files/shokuhinsinki.xlsx,076ab31512db6c0d16c1b33f07ef1bd543cdc99cc8d394f932db4b2b7560bd84,official_current_rolling_workbook,2026-06,renewal,24806d5c2bf8f4f1040c43a6,True
松山市,2026-06,第260344号,2021-06-28,2026-06-12,2031-06-30,飲食店営業,寿屋,松山市土居田町375,382019,,,,,new_or_renewal,https://www.city.matsuyama.ehime.jp/shisei/opendata/metadata/shokuhinsinki.files/shokuhinsinki.xlsx,076ab31512db6c0d16c1b33f07ef1bd543cdc99cc8d394f932db4b2b7560bd84,official_current_rolling_workbook,2026-06,renewal,34bafce1a63887440823e5a8,True
松山市,2026-06,第260345号,2026-06-15,2026-06-15,2031-06-30,飲食店営業,思鍼灸,松山市苞木甲5-19,382019,,,,,new_or_renewal,https://www.city.matsuyama.ehime.jp/shisei/opendata/metadata/shokuhinsinki.files/shokuhinsinki.xlsx,076ab31512db6c0d16c1b33f07ef1bd543cdc99cc8d394f932db4b2b7560bd84,official_current_rolling_workbook,2026-06,new,a9e82db9605d764b8879193d,True
松山市,2026-06,第260346号,2026-06-15,2026-06-15,2031-06-30,飲食店営業,菓子屋　あらと,松山市湊町2丁目5-20,382019,,,,,new_or_renewal,https://www.city.matsuyama.ehime.jp/shisei/opendata/metadata/shokuhinsinki.files/shokuhinsinki.xlsx,076ab31512db6c0d16c1b33f07ef1bd543cdc99cc8d394f932db4b2b7560bd84,official_current_rolling_workbook,2026-06,new,14b3204545b7abd27ef46105,True
松山市,2026-06,第260347号,2026-06-15,2026-06-15,2031-06-30,飲食店営業,サカナノカナタ,松山市保健所管内,382019,,,,,new_or_renewal,https://www.city.matsuyama.ehime.jp/shisei/opendata/metadata/shokuhinsinki.files/shokuhinsinki.xlsx,076ab31512db6c0d16c1b33f07ef1bd543cdc99cc8d394f932db4b2b7560bd84,official_current_rolling_workbook,2026-06,new,c0512011ce52c6bcc6969bd5,True
松山市,2026-06,第260348号,2026-06-15,2026-06-15,2031-06-30,飲食店営業,コムキッチン,松山市末広町15-1,382019,,,,,new_or_renewal,https://www.city.matsuyama.ehime.jp/shisei/opendata/metadata/shokuhinsinki.files/shokuhinsinki.xlsx,076ab31512db6c0d16c1b33f07ef1bd543cdc99cc8d394f932db4b2b7560bd84,official_current_rolling_workbook,2026-06,new,8fdc99767b159e46e8f52b7b,True
松山市,2026-06,第260349号,2021-06-18,2026-06-15,2031-06-30,飲食店営業,カラオケ喫茶あいりん,松山市住吉1丁目4-18岡田ビル2F,382019,,,,,new_or_renewal,https://www.city.matsuyama.ehime.jp/shisei/opendata/metadata/shokuhinsinki.files/shokuhinsinki.xlsx,076ab31512db6c0d16c1b33f07ef1bd543cdc99cc8d394f932db4b2b7560bd84,official_current_rolling_workbook,2026-06,renewal,e3c980a69679c3d1e3716e43,True
松山市,2026-06,第260350号,2021-06-28,2026-06-15,2031-06-30,飲食店営業,えんどれす,松山市二番町2丁目5-9 プラスワンビル2Ｆ,382019,,,,,new_or_renewal,https://www.city.matsuyama.ehime.jp/shisei/opendata/metadata/shokuhinsinki.files/shokuhinsinki.xlsx,076ab31512db6c0d16c1b33f07ef1bd543cdc99cc8d394f932db4b2b7560bd84,official_current_rolling_workbook,2026-06,renewal,1945b96df39da1d272326316,True
松山市,2026-06,第260351号,2021-06-14,2026-06-15,2031-06-30,菓子製造業,芋屋金次郎　松山店,松山市桑原5丁目8-26,382019,,,,,new_or_renewal,https://www.city.matsuyama.ehime.jp/shisei/opendata/metadata/shokuhinsinki.files/shokuhinsinki.xlsx,076ab31512db6c0d16c1b33f07ef1bd543cdc99cc8d394f932db4b2b7560bd84,official_current_rolling_workbook,2026-06,renewal,8e706c28fda5519953581915,False
松山市,2026-06,第260352号,2021-06-24,2026-06-15,2031-06-30,魚介類販売業,マルナカ松山平井店,松山市平井町2303-2,382019,,,,,new_or_renewal,https://www.city.matsuyama.ehime.jp/shisei/opendata/metadata/shokuhinsinki.files/shokuhinsinki.xlsx,076ab31512db6c0d16c1b33f07ef1bd543cdc99cc8d394f932db4b2b7560bd84,official_current_rolling_workbook,2026-06,renewal,ce9b18a218f7048a4b3aa172,False
松山市,2026-06,第260353号,2021-06-24,2026-06-15,2031-06-30,飲食店営業,マルナカ松山平井店,松山市平井町2303-2,382019,,,,,new_or_renewal,https://www.city.matsuyama.ehime.jp/shisei/opendata/metadata/shokuhinsinki.files/shokuhinsinki.xlsx,076ab31512db6c0d16c1b33f07ef1bd543cdc99cc8d394f932db4b2b7560bd84,official_current_rolling_workbook,2026-06,renewal,569cd095c512d4f2f4355da9,True
松山市,2026-06,第260354号,2021-06-07,2026-06-15,2031-06-30,飲食店営業,居酒屋　あかさたな,松山市森松町667-2,382019,,,,,new_or_renewal,https://www.city.matsuyama.ehime.jp/shisei/opendata/metadata/shokuhinsinki.files/shokuhinsinki.xlsx,076ab31512db6c0d16c1b33f07ef1bd543cdc99cc8d394f932db4b2b7560bd84,official_current_rolling_workbook,2026-06,renewal,838e5738b976a39d43a69d85,True
松山市,2026-06,第260355号,2021-06-24,2026-06-15,2031-06-30,密封包装食品製造業,株式会社中温,松山市津吉町1217,382019,,,,,new_or_renewal,https://www.city.matsuyama.ehime.jp/shisei/opendata/metadata/shokuhinsinki.files/shokuhinsinki.xlsx,076ab31512db6c0d16c1b33f07ef1bd543cdc99cc8d394f932db4b2b7560bd84,official_current_rolling_workbook,2026-06,renewal,f8bc717366fdef61f9bddd51,False
松山市,2026-06,第260356号,2026-06-16,2026-06-16,2031-06-30,飲食店営業,大黒屋　北条店,松山市下難波甲54,382019,,,,,new_or_renewal,https://www.city.matsuyama.ehime.jp/shisei/opendata/metadata/shokuhinsinki.files/shokuhinsinki.xlsx,076ab31512db6c0d16c1b33f07ef1bd543cdc99cc8d394f932db4b2b7560bd84,official_current_rolling_workbook,2026-06,new,b18c9355e08ee406838acbb1,True
松山市,2026-06,第260357号,2021-06-10,2026-06-16,2031-06-30,飲食店営業,一品料理　千秀,松山市北土居5丁目8-60,382019,,,,,new_or_renewal,https://www.city.matsuyama.ehime.jp/shisei/opendata/metadata/shokuhinsinki.files/shokuhinsinki.xlsx,076ab31512db6c0d16c1b33f07ef1bd543cdc99cc8d394f932db4b2b7560bd84,official_current_rolling_workbook,2026-06,renewal,c9694418cbbe5a32b62fa249,True
松山市,2026-06,第260358号,2021-07-01,2026-06-16,2031-06-30,飲食店営業,ていれぎＢＢＱ,松山市中野町甲853,382019,,,,,new_or_renewal,https://www.city.matsuyama.ehime.jp/shisei/opendata/metadata/shokuhinsinki.files/shokuhinsinki.xlsx,076ab31512db6c0d16c1b33f07ef1bd543cdc99cc8d394f932db4b2b7560bd84,official_current_rolling_workbook,2026-06,renewal,d420c77c59f955fa18ba190f,True
松山市,2026-06,第260359号,2026-06-16,2026-06-16,2031-06-30,飲食店営業,エムズガーデン　Lulu,松山市二番町2丁目6-11江戸長ビル2F,382019,,,,,new_or_renewal,https://www.city.matsuyama.ehime.jp/shisei/opendata/metadata/shokuhinsinki.files/shokuhinsinki.xlsx,076ab31512db6c0d16c1b33f07ef1bd543cdc99cc8d394f932db4b2b7560bd84,official_current_rolling_workbook,2026-06,new,facf61026e02c072d1da477a,True
松山市,2026-06,第260360号,2021-06-28,2026-06-16,2031-06-30,飲食店営業,炭焼酒縁　ほろろ,松山市来住町1462-1,382019,,,,,new_or_renewal,https://www.city.matsuyama.ehime.jp/shisei/opendata/metadata/shokuhinsinki.files/shokuhinsinki.xlsx,076ab31512db6c0d16c1b33f07ef1bd543cdc99cc8d394f932db4b2b7560bd84,official_current_rolling_workbook,2026-06,renewal,144ba1a29873ff1f1982d64d,True
松山市,2026-06,第260361号,2021-06-22,2026-06-16,2031-06-30,飲食店営業,焼肉きんぐ松山久米店,松山市南久米町531-1,382019,,,,,new_or_renewal,https://www.city.matsuyama.ehime.jp/shisei/opendata/metadata/shokuhinsinki.files/shokuhinsinki.xlsx,076ab31512db6c0d16c1b33f07ef1bd543cdc99cc8d394f932db4b2b7560bd84,official_current_rolling_workbook,2026-06,renewal,5cf4f432f071f0aa3f733b66,True
松山市,2026-06,第260362号,2026-06-17,2026-06-17,2031-06-30,飲食店営業,anyAMBAR,松山市湊町4丁目5-11,382019,,,,,new_or_renewal,https://www.city.matsuyama.ehime.jp/shisei/opendata/metadata/shokuhinsinki.files/shokuhinsinki.xlsx,076ab31512db6c0d16c1b33f07ef1bd543cdc99cc8d394f932db4b2b7560bd84,official_current_rolling_workbook,2026-06,new,6b7eb80b19f6793609669658,True
松山市,2026-06,第260363号,2026-06-17,2026-06-17,2031-06-30,飲食店営業,焼肉大門,松山市大手町1丁目13-3,382019,,,,,new_or_renewal,https://www.city.matsuyama.ehime.jp/shisei/opendata/metadata/shokuhinsinki.files/shokuhinsinki.xlsx,076ab31512db6c0d16c1b33f07ef1bd543cdc99cc8d394f932db4b2b7560bd84,official_current_rolling_workbook,2026-06,new,9b7dda9f37f8e148049f15b9,True
松山市,2026-06,第260364号,2021-06-29,2026-06-17,2031-06-30,飲食店営業,焼肉　つむぎ,松山市高井町729-1,382019,,,,,new_or_renewal,https://www.city.matsuyama.ehime.jp/shisei/opendata/metadata/shokuhinsinki.files/shokuhinsinki.xlsx,076ab31512db6c0d16c1b33f07ef1bd543cdc99cc8d394f932db4b2b7560bd84,official_current_rolling_workbook,2026-06,renewal,fdf2fb0c371a2c4c8f71c7ff,True
松山市,2026-06,第260365号,2026-06-17,2026-06-17,2031-06-30,飲食店営業,ハナウタ,松山市土居田町406-5土居田町ビル1F,382019,,,,,new_or_renewal,https://www.city.matsuyama.ehime.jp/shisei/opendata/metadata/shokuhinsinki.files/shokuhinsinki.xlsx,076ab31512db6c0d16c1b33f07ef1bd543cdc99cc8d394f932db4b2b7560bd84,official_current_rolling_workbook,2026-06,new,5f8078d4fa056ce4f3163da7,True
松山市,2026-06,第260366号,2021-06-04,2026-06-17,2031-06-30,菓子製造業,aoitori BAKERY,松山市南高井町1396-1,382019,,,,,new_or_renewal,https://www.city.matsuyama.ehime.jp/shisei/opendata/metadata/shokuhinsinki.files/shokuhinsinki.xlsx,076ab31512db6c0d16c1b33f07ef1bd543cdc99cc8d394f932db4b2b7560bd84,official_current_rolling_workbook,2026-06,renewal,3920f6e69a01039c4e02c555,False
松山市,2026-06,第260367号,2021-06-18,2026-06-18,2031-06-30,飲食店営業,伊予の湯治場　喜助の湯　美柑,松山市宮田町4キスケＢＯＸ1Ｆ,382019,,,,,new_or_renewal,https://www.city.matsuyama.ehime.jp/shisei/opendata/metadata/shokuhinsinki.files/shokuhinsinki.xlsx,076ab31512db6c0d16c1b33f07ef1bd543cdc99cc8d394f932db4b2b7560bd84,official_current_rolling_workbook,2026-06,renewal,8f6686aedffbe9cc8375c95e,True
松山市,2026-06,第260368号,2021-06-03,2026-06-18,2031-06-30,飲食店営業,セブンーイレブン　松山鷹ノ子店,松山市鷹子町749-5,382019,,,,,new_or_renewal,https://www.city.matsuyama.ehime.jp/shisei/opendata/metadata/shokuhinsinki.files/shokuhinsinki.xlsx,076ab31512db6c0d16c1b33f07ef1bd543cdc99cc8d394f932db4b2b7560bd84,official_current_rolling_workbook,2026-06,renewal,67d93cf7c3b1312c2d589c5b,True
松山市,2026-06,第260369号,2021-06-18,2026-06-18,2031-06-30,菓子製造業,atelier kuri,松山市南高井町763-5,382019,,,,,new_or_renewal,https://www.city.matsuyama.ehime.jp/shisei/opendata/metadata/shokuhinsinki.files/shokuhinsinki.xlsx,076ab31512db6c0d16c1b33f07ef1bd543cdc99cc8d394f932db4b2b7560bd84,official_current_rolling_workbook,2026-06,renewal,6fc3b06b93d36b55d88d16e9,False
松山市,2026-06,第260370号,2021-06-01,2026-06-18,2031-06-30,豆腐製造業,有限会社共同農産,松山市来住町51-5,382019,,,,,new_or_renewal,https://www.city.matsuyama.ehime.jp/shisei/opendata/metadata/shokuhinsinki.files/shokuhinsinki.xlsx,076ab31512db6c0d16c1b33f07ef1bd543cdc99cc8d394f932db4b2b7560bd84,official_current_rolling_workbook,2026-06,renewal,f48bc3e61018c51a80d86908,False
松山市,2026-06,第260371号,2021-06-23,2026-06-18,2031-06-30,菓子製造業,NOCHAPE,松山市桑原7丁目5-13,382019,,,,,new_or_renewal,https://www.city.matsuyama.ehime.jp/shisei/opendata/metadata/shokuhinsinki.files/shokuhinsinki.xlsx,076ab31512db6c0d16c1b33f07ef1bd543cdc99cc8d394f932db4b2b7560bd84,official_current_rolling_workbook,2026-06,renewal,bf2c0aa29a8a28086cc29df2,False
松山市,2026-06,第260372号,2026-06-18,2026-06-18,2031-06-30,飲食店営業,ORCHIDEA,松山市新立町3-24　1F,382019,,,,,new_or_renewal,https://www.city.matsuyama.ehime.jp/shisei/opendata/metadata/shokuhinsinki.files/shokuhinsinki.xlsx,076ab31512db6c0d16c1b33f07ef1bd543cdc99cc8d394f932db4b2b7560bd84,official_current_rolling_workbook,2026-06,new,c85ea745518d7dd82e9275cf,True
松山市,2026-06,第260373号,2021-06-07,2026-06-18,2031-06-30,飲食店営業,フジ松末店（デリカ）,松山市松末1丁目4-5,382019,,,,,new_or_renewal,https://www.city.matsuyama.ehime.jp/shisei/opendata/metadata/shokuhinsinki.files/shokuhinsinki.xlsx,076ab31512db6c0d16c1b33f07ef1bd543cdc99cc8d394f932db4b2b7560bd84,official_current_rolling_workbook,2026-06,renewal,9fc25bba8a54084f6ad47e60,True
松山市,2026-06,第260374号,2021-06-25,2026-06-18,2031-06-30,飲食店営業,ミールケア　宗友福祉せいうん,松山市中野町703-1,382019,,,,,new_or_renewal,https://www.city.matsuyama.ehime.jp/shisei/opendata/metadata/shokuhinsinki.files/shokuhinsinki.xlsx,076ab31512db6c0d16c1b33f07ef1bd543cdc99cc8d394f932db4b2b7560bd84,official_current_rolling_workbook,2026-06,renewal,b8dda1a9605b15bea1406119,True
松山市,2026-06,第260375号,2021-06-25,2026-06-18,2031-06-30,飲食店営業,ミールケア　宗友福祉はばたき,松山市中野町甲640,382019,,,,,new_or_renewal,https://www.city.matsuyama.ehime.jp/shisei/opendata/metadata/shokuhinsinki.files/shokuhinsinki.xlsx,076ab31512db6c0d16c1b33f07ef1bd543cdc99cc8d394f932db4b2b7560bd84,official_current_rolling_workbook,2026-06,renewal,656262797187c10077211ace,True
松山市,2026-06,第260376号,2021-06-25,2026-06-18,2031-06-30,飲食店営業,ラ・ナシカ　もりまつ,松山市森松町301,382019,,,,,new_or_renewal,https://www.city.matsuyama.ehime.jp/shisei/opendata/metadata/shokuhinsinki.files/shokuhinsinki.xlsx,076ab31512db6c0d16c1b33f07ef1bd543cdc99cc8d394f932db4b2b7560bd84,official_current_rolling_workbook,2026-06,renewal,4f8806786933aea3ed2efdf2,True
松山市,2026-06,第260377号,2021-06-04,2026-06-18,2031-06-30,飲食店営業,有料老人ホーム　未来たかのこ,松山市鷹子町1061-1,382019,,,,,new_or_renewal,https://www.city.matsuyama.ehime.jp/shisei/opendata/metadata/shokuhinsinki.files/shokuhinsinki.xlsx,076ab31512db6c0d16c1b33f07ef1bd543cdc99cc8d394f932db4b2b7560bd84,official_current_rolling_workbook,2026-06,renewal,83aca13ebcc8a2826c90d85d,True
松山市,2026-06,第260378号,2021-06-28,2026-06-18,2031-06-30,飲食店営業,スナック　AGAPE　HOUSE,松山市平井町2532-2,382019,,,,,new_or_renewal,https://www.city.matsuyama.ehime.jp/shisei/opendata/metadata/shokuhinsinki.files/shokuhinsinki.xlsx,076ab31512db6c0d16c1b33f07ef1bd543cdc99cc8d394f932db4b2b7560bd84,official_current_rolling_workbook,2026-06,renewal,bd1bfae607cf009bcaff2a16,True
松山市,2026-06,第260379号,2026-06-19,2026-06-19,2031-06-30,飲食店営業,BAR DEEP,松山市三番町2丁目10-6 PLUM三番町5F,382019,,,,,new_or_renewal,https://www.city.matsuyama.ehime.jp/shisei/opendata/metadata/shokuhinsinki.files/shokuhinsinki.xlsx,076ab31512db6c0d16c1b33f07ef1bd543cdc99cc8d394f932db4b2b7560bd84,official_current_rolling_workbook,2026-06,new,8eccef0b8c384ab7fea5310b,True
松山市,2026-06,第260380号,2026-06-19,2026-06-19,2031-06-30,飲食店営業,裏なんばひでぞう,松山市二番町1丁目9-11 いすゞ興産ビル2F,382019,,,,,new_or_renewal,https://www.city.matsuyama.ehime.jp/shisei/opendata/metadata/shokuhinsinki.files/shokuhinsinki.xlsx,076ab31512db6c0d16c1b33f07ef1bd543cdc99cc8d394f932db4b2b7560bd84,official_current_rolling_workbook,2026-06,new,e0eed96f0dc30ca735eaddd3,True
松山市,2026-06,第260381号,2026-06-19,2026-06-19,2031-06-30,飲食店営業,サーティワンアイスクリーム松山銀天街店,松山市湊町4丁目11-1,382019,,,,,new_or_renewal,https://www.city.matsuyama.ehime.jp/shisei/opendata/metadata/shokuhinsinki.files/shokuhinsinki.xlsx,076ab31512db6c0d16c1b33f07ef1bd543cdc99cc8d394f932db4b2b7560bd84,official_current_rolling_workbook,2026-06,new,62b534a1c25ea46b26cff17c,True
松山市,2026-06,第260382号,2026-06-19,2026-06-19,2031-06-30,飲食店営業,The Turquoise Dog,松山市保健所管内,382019,,,,,new_or_renewal,https://www.city.matsuyama.ehime.jp/shisei/opendata/metadata/shokuhinsinki.files/shokuhinsinki.xlsx,076ab31512db6c0d16c1b33f07ef1bd543cdc99cc8d394f932db4b2b7560bd84,official_current_rolling_workbook,2026-06,new,f859b75845c6105855993d1f,True
松山市,2026-06,第260383号,2026-06-19,2026-06-19,2031-06-30,飲食店営業,勝負弁当,松山市二番町1丁目9-11いすず興産ビル1F,382019,,,,,new_or_renewal,https://www.city.matsuyama.ehime.jp/shisei/opendata/metadata/shokuhinsinki.files/shokuhinsinki.xlsx,076ab31512db6c0d16c1b33f07ef1bd543cdc99cc8d394f932db4b2b7560bd84,official_current_rolling_workbook,2026-06,new,40e77b8d7432e09827784032,True
松山市,2026-06,第260384号,2026-06-19,2026-06-19,2031-06-30,飲食店営業,串カツ田中　松山小栗店,松山市小栗3丁目5-10,382019,,,,,new_or_renewal,https://www.city.matsuyama.ehime.jp/shisei/opendata/metadata/shokuhinsinki.files/shokuhinsinki.xlsx,076ab31512db6c0d16c1b33f07ef1bd543cdc99cc8d394f932db4b2b7560bd84,official_current_rolling_workbook,2026-06,new,17045d81f2ff6260d3f42b92,True
松山市,2026-06,第260385号,2026-06-19,2026-06-19,2031-06-30,飲食店営業,Tomozou 　stadium,松山市二番町1丁目8-8 第8ミツワビル　3F,382019,,,,,new_or_renewal,https://www.city.matsuyama.ehime.jp/shisei/opendata/metadata/shokuhinsinki.files/shokuhinsinki.xlsx,076ab31512db6c0d16c1b33f07ef1bd543cdc99cc8d394f932db4b2b7560bd84,official_current_rolling_workbook,2026-06,new,d08c0b6968b2fc56ab673202,True
松山市,2026-06,第260386号,2026-06-22,2026-06-22,2031-06-30,菓子製造業,優菓舎,松山市祝谷3丁目2-36,382019,,,,,new_or_renewal,https://www.city.matsuyama.ehime.jp/shisei/opendata/metadata/shokuhinsinki.files/shokuhinsinki.xlsx,076ab31512db6c0d16c1b33f07ef1bd543cdc99cc8d394f932db4b2b7560bd84,official_current_rolling_workbook,2026-06,new,af5c0364dd3537885b724ec6,False
松山市,2026-06,第260387号,2026-06-22,2026-06-22,2031-06-30,飲食店営業,キッチン・とも,松山市南吉田町2212,382019,,,,,new_or_renewal,https://www.city.matsuyama.ehime.jp/shisei/opendata/metadata/shokuhinsinki.files/shokuhinsinki.xlsx,076ab31512db6c0d16c1b33f07ef1bd543cdc99cc8d394f932db4b2b7560bd84,official_current_rolling_workbook,2026-06,new,7a8384619de845c185191dd8,True
松山市,2026-06,第260388号,2021-06-09,2026-06-22,2031-06-30,飲食店営業,ごろびつ庵,松山市小坂3丁目4-23,382019,,,,,new_or_renewal,https://www.city.matsuyama.ehime.jp/shisei/opendata/metadata/shokuhinsinki.files/shokuhinsinki.xlsx,076ab31512db6c0d16c1b33f07ef1bd543cdc99cc8d394f932db4b2b7560bd84,official_current_rolling_workbook,2026-06,renewal,e1875f604bc021aed68035da,True
松山市,2026-06,第260389号,2021-06-14,2026-06-22,2031-06-30,飲食店営業,バーテンダーセレクト　ギオン,松山市祇園町9-23,382019,,,,,new_or_renewal,https://www.city.matsuyama.ehime.jp/shisei/opendata/metadata/shokuhinsinki.files/shokuhinsinki.xlsx,076ab31512db6c0d16c1b33f07ef1bd543cdc99cc8d394f932db4b2b7560bd84,official_current_rolling_workbook,2026-06,renewal,7cf04153a89adc123e78dea1,True
松山市,2026-06,第260390号,2021-06-17,2026-06-22,2031-06-30,飲食店営業,目利きの銀次,松山市大街道2丁目1-6チェックイン大街道ビル　2F,382019,,,,,new_or_renewal,https://www.city.matsuyama.ehime.jp/shisei/opendata/metadata/shokuhinsinki.files/shokuhinsinki.xlsx,076ab31512db6c0d16c1b33f07ef1bd543cdc99cc8d394f932db4b2b7560bd84,official_current_rolling_workbook,2026-06,renewal,f4025ef16b28658a557a23ee,True
松山市,2026-06,第260391号,2021-06-30,2026-06-23,2031-06-30,飲食店営業,有限会社　喜夢知家,松山市平和通6丁目3-6,382019,,,,,new_or_renewal,https://www.city.matsuyama.ehime.jp/shisei/opendata/metadata/shokuhinsinki.files/shokuhinsinki.xlsx,076ab31512db6c0d16c1b33f07ef1bd543cdc99cc8d394f932db4b2b7560bd84,official_current_rolling_workbook,2026-06,renewal,41a22b53085280ea142adf9f,True
松山市,2026-06,第260392号,2021-06-16,2026-06-23,2031-06-30,飲食店営業,四季瀬戸の味　たにた,松山市二番町3丁目7-4たにたビル,382019,,,,,new_or_renewal,https://www.city.matsuyama.ehime.jp/shisei/opendata/metadata/shokuhinsinki.files/shokuhinsinki.xlsx,076ab31512db6c0d16c1b33f07ef1bd543cdc99cc8d394f932db4b2b7560bd84,official_current_rolling_workbook,2026-06,renewal,9be0e6da97ad2ce4fc824b15,True
松山市,2026-06,第260393号,2021-06-29,2026-06-23,2031-06-30,飲食店営業,一天張,松山市二番町3丁目8-2スズランビル1F,382019,,,,,new_or_renewal,https://www.city.matsuyama.ehime.jp/shisei/opendata/metadata/shokuhinsinki.files/shokuhinsinki.xlsx,076ab31512db6c0d16c1b33f07ef1bd543cdc99cc8d394f932db4b2b7560bd84,official_current_rolling_workbook,2026-06,renewal,e19b5775c8b69442e173f9e0,True
松山市,2026-06,第260394号,2021-06-30,2026-06-23,2031-06-30,菓子製造業,ｂｕｍｐｙ,松山市南久米町686-19メゾンド白ばら101,382019,,,,,new_or_renewal,https://www.city.matsuyama.ehime.jp/shisei/opendata/metadata/shokuhinsinki.files/shokuhinsinki.xlsx,076ab31512db6c0d16c1b33f07ef1bd543cdc99cc8d394f932db4b2b7560bd84,official_current_rolling_workbook,2026-06,renewal,162297aed54a0dbb86a8d5f5,False
松山市,2026-06,第260395号,2021-06-29,2026-06-23,2031-06-30,飲食店営業,ピザロイ枝松店,松山市中村2丁目43-2,382019,,,,,new_or_renewal,https://www.city.matsuyama.ehime.jp/shisei/opendata/metadata/shokuhinsinki.files/shokuhinsinki.xlsx,076ab31512db6c0d16c1b33f07ef1bd543cdc99cc8d394f932db4b2b7560bd84,official_current_rolling_workbook,2026-06,renewal,ae46a521dcd1a2f41615d0ae,True
松山市,2026-06,第260396号,2021-06-23,2026-06-23,2031-06-30,飲食店営業,介護付有料老人ホーム　オアシス小坂,松山市小坂5丁目16-10,382019,,,,,new_or_renewal,https://www.city.matsuyama.ehime.jp/shisei/opendata/metadata/shokuhinsinki.files/shokuhinsinki.xlsx,076ab31512db6c0d16c1b33f07ef1bd543cdc99cc8d394f932db4b2b7560bd84,official_current_rolling_workbook,2026-06,renewal,634c8fa3a349cb48a7005321,True
松山市,2026-06,第260397号,2021-06-22,2026-06-23,2031-06-30,飲食店営業,神蔵,松山市居相3丁目2-3,382019,,,,,new_or_renewal,https://www.city.matsuyama.ehime.jp/shisei/opendata/metadata/shokuhinsinki.files/shokuhinsinki.xlsx,076ab31512db6c0d16c1b33f07ef1bd543cdc99cc8d394f932db4b2b7560bd84,official_current_rolling_workbook,2026-06,renewal,77571964b1073f90fee8b25a,True
松山市,2026-06,第260398号,2021-06-16,2026-06-23,2031-06-30,飲食店営業,カラオケ喫茶　慎ちゃん,松山市天山3丁目193-1,382019,,,,,new_or_renewal,https://www.city.matsuyama.ehime.jp/shisei/opendata/metadata/shokuhinsinki.files/shokuhinsinki.xlsx,076ab31512db6c0d16c1b33f07ef1bd543cdc99cc8d394f932db4b2b7560bd84,official_current_rolling_workbook,2026-06,renewal,c8d87342fb005c283ec75542,True
松山市,2026-06,第260399号,2021-06-17,2026-06-23,2031-06-30,飲食店営業,カラオケ　りん,松山市天山2丁目1-50　1F,382019,,,,,new_or_renewal,https://www.city.matsuyama.ehime.jp/shisei/opendata/metadata/shokuhinsinki.files/shokuhinsinki.xlsx,076ab31512db6c0d16c1b33f07ef1bd543cdc99cc8d394f932db4b2b7560bd84,official_current_rolling_workbook,2026-06,renewal,b61556f9aa4599a662632712,True
松山市,2026-06,第260400号,2021-06-21,2026-06-23,2031-06-30,飲食店営業,イオンスタイル松山　グリルチキン・鉄板焼・弁当・ローストビーフ・サラダ,松山市天山1丁目13-5　1F,382019,,,,,new_or_renewal,https://www.city.matsuyama.ehime.jp/shisei/opendata/metadata/shokuhinsinki.files/shokuhinsinki.xlsx,076ab31512db6c0d16c1b33f07ef1bd543cdc99cc8d394f932db4b2b7560bd84,official_current_rolling_workbook,2026-06,renewal,410a07da569658e0c20e3be3,True
松山市,2026-06,第260401号,2021-06-21,2026-06-23,2031-06-30,飲食店営業,イオンスタイル松山　水産寿司・魚魚炎,松山市天山1丁目13-5　1F,382019,,,,,new_or_renewal,https://www.city.matsuyama.ehime.jp/shisei/opendata/metadata/shokuhinsinki.files/shokuhinsinki.xlsx,076ab31512db6c0d16c1b33f07ef1bd543cdc99cc8d394f932db4b2b7560bd84,official_current_rolling_workbook,2026-06,renewal,2a029a8d6874befc6aec8da7,True
松山市,2026-06,第260402号,2021-06-21,2026-06-23,2031-06-30,飲食店営業,イオンスタイル松山　ホットデリカ,松山市天山1丁目13-5　1F,382019,,,,,new_or_renewal,https://www.city.matsuyama.ehime.jp/shisei/opendata/metadata/shokuhinsinki.files/shokuhinsinki.xlsx,076ab31512db6c0d16c1b33f07ef1bd543cdc99cc8d394f932db4b2b7560bd84,official_current_rolling_workbook,2026-06,renewal,658dc279df71577bb5352900,True
松山市,2026-06,第260403号,2021-06-21,2026-06-23,2031-06-30,飲食店営業,イオンスタイル松山　ピザ,松山市天山1丁目13-5　1F,382019,,,,,new_or_renewal,https://www.city.matsuyama.ehime.jp/shisei/opendata/metadata/shokuhinsinki.files/shokuhinsinki.xlsx,076ab31512db6c0d16c1b33f07ef1bd543cdc99cc8d394f932db4b2b7560bd84,official_current_rolling_workbook,2026-06,renewal,35faf929bf9cbcac6ce71133,True
松山市,2026-06,第260404号,2021-06-10,2026-06-23,2031-06-30,飲食店営業,はなまるうどん,松山市天山1丁目13-5イオンスタイル松山1F,382019,,,,,new_or_renewal,https://www.city.matsuyama.ehime.jp/shisei/opendata/metadata/shokuhinsinki.files/shokuhinsinki.xlsx,076ab31512db6c0d16c1b33f07ef1bd543cdc99cc8d394f932db4b2b7560bd84,official_current_rolling_workbook,2026-06,renewal,7b690a9b95104cdcbd5cd60c,True
松山市,2026-06,第260405号,2026-06-24,2026-06-24,2031-06-30,飲食店営業,たかのこのレストラン,松山市鷹子町737-2,382019,,,,,new_or_renewal,https://www.city.matsuyama.ehime.jp/shisei/opendata/metadata/shokuhinsinki.files/shokuhinsinki.xlsx,076ab31512db6c0d16c1b33f07ef1bd543cdc99cc8d394f932db4b2b7560bd84,official_current_rolling_workbook,2026-06,new,b69f64704bb79729e0192e48,True
松山市,2026-06,第260406号,2026-06-24,2026-06-24,2031-06-30,飲食店営業,居酒屋おでん こすもす,松山市宮田町183-1 1F,382019,,,,,new_or_renewal,https://www.city.matsuyama.ehime.jp/shisei/opendata/metadata/shokuhinsinki.files/shokuhinsinki.xlsx,076ab31512db6c0d16c1b33f07ef1bd543cdc99cc8d394f932db4b2b7560bd84,official_current_rolling_workbook,2026-06,new,b8236363f5be987a44d897a2,True
松山市,2026-06,第260407号,2021-06-25,2026-06-24,2031-06-30,飲食店営業,ジュース町,松山市安城寺町327-1,382019,,,,,new_or_renewal,https://www.city.matsuyama.ehime.jp/shisei/opendata/metadata/shokuhinsinki.files/shokuhinsinki.xlsx,076ab31512db6c0d16c1b33f07ef1bd543cdc99cc8d394f932db4b2b7560bd84,official_current_rolling_workbook,2026-06,renewal,480918efa06c949038ca19ee,True
松山市,2026-06,第260408号,2021-06-25,2026-06-24,2031-06-30,飲食店営業,福八モテナス　アンシャンテ,松山市太山寺町2383-1サービス付高齢者向け住宅アンシャンテ厨房,382019,,,,,new_or_renewal,https://www.city.matsuyama.ehime.jp/shisei/opendata/metadata/shokuhinsinki.files/shokuhinsinki.xlsx,076ab31512db6c0d16c1b33f07ef1bd543cdc99cc8d394f932db4b2b7560bd84,official_current_rolling_workbook,2026-06,renewal,4fd509b8e76e7b18e893c04a,True
松山市,2026-06,第260409号,2026-06-24,2026-06-24,2031-06-30,飲食店営業,恋文,松山市二番町1丁目7-11青娥2番館5F東,382019,,,,,new_or_renewal,https://www.city.matsuyama.ehime.jp/shisei/opendata/metadata/shokuhinsinki.files/shokuhinsinki.xlsx,076ab31512db6c0d16c1b33f07ef1bd543cdc99cc8d394f932db4b2b7560bd84,official_current_rolling_workbook,2026-06,new,76d20db9913285ad4a565be6,True
松山市,2026-06,第260410号,2021-06-17,2026-06-24,2031-06-30,飲食店営業,ペパーズ,松山市柳井町1丁目1-1,382019,,,,,new_or_renewal,https://www.city.matsuyama.ehime.jp/shisei/opendata/metadata/shokuhinsinki.files/shokuhinsinki.xlsx,076ab31512db6c0d16c1b33f07ef1bd543cdc99cc8d394f932db4b2b7560bd84,official_current_rolling_workbook,2026-06,renewal,1c10725595695d24dc0d1190,True
松山市,2026-06,第260411号,2021-06-29,2026-06-24,2031-06-30,そうざい製造業,Let's,松山市東石井5丁目9-24,382019,,,,,new_or_renewal,https://www.city.matsuyama.ehime.jp/shisei/opendata/metadata/shokuhinsinki.files/shokuhinsinki.xlsx,076ab31512db6c0d16c1b33f07ef1bd543cdc99cc8d394f932db4b2b7560bd84,official_current_rolling_workbook,2026-06,renewal,bfafd516584a16bae38db548,False
松山市,2026-06,第260412号,2021-06-01,2026-06-24,2031-06-30,飲食店営業,ラフタイム　明かり,松山市古川北２丁目22-23,382019,,,,,new_or_renewal,https://www.city.matsuyama.ehime.jp/shisei/opendata/metadata/shokuhinsinki.files/shokuhinsinki.xlsx,076ab31512db6c0d16c1b33f07ef1bd543cdc99cc8d394f932db4b2b7560bd84,official_current_rolling_workbook,2026-06,renewal,ad8cfcc8ff248e41f1a095f6,True
松山市,2026-06,第260413号,2021-06-03,2026-06-24,2031-06-30,菓子製造業,ブラウバッハ　ジョー・プラ店,松山市朝生田町5丁目1-25ジョー・プラ1F,382019,,,,,new_or_renewal,https://www.city.matsuyama.ehime.jp/shisei/opendata/metadata/shokuhinsinki.files/shokuhinsinki.xlsx,076ab31512db6c0d16c1b33f07ef1bd543cdc99cc8d394f932db4b2b7560bd84,official_current_rolling_workbook,2026-06,renewal,584c8841f480a619041b5fad,False
松山市,2026-06,第260414号,2021-06-23,2026-06-24,2031-06-30,飲食店営業,中華料理　チャイナパンダ,松山市古川北4丁目13-7コーポ有光1F,382019,,,,,new_or_renewal,https://www.city.matsuyama.ehime.jp/shisei/opendata/metadata/shokuhinsinki.files/shokuhinsinki.xlsx,076ab31512db6c0d16c1b33f07ef1bd543cdc99cc8d394f932db4b2b7560bd84,official_current_rolling_workbook,2026-06,renewal,64cb91a9df0ecb5e3c52c1be,True
松山市,2026-06,第260415号,2021-06-10,2026-06-24,2031-06-30,飲食店営業,元天　ねぎ蛸,松山市天山1丁目13-5イオンスタイル松山1F,382019,,,,,new_or_renewal,https://www.city.matsuyama.ehime.jp/shisei/opendata/metadata/shokuhinsinki.files/shokuhinsinki.xlsx,076ab31512db6c0d16c1b33f07ef1bd543cdc99cc8d394f932db4b2b7560bd84,official_current_rolling_workbook,2026-06,renewal,49bb388585863a7a9fc92aa5,True
松山市,2026-06,第260416号,2021-06-03,2026-06-24,2031-06-30,飲食店営業,居酒屋　でんこ,松山市福音寺町523,382019,,,,,new_or_renewal,https://www.city.matsuyama.ehime.jp/shisei/opendata/metadata/shokuhinsinki.files/shokuhinsinki.xlsx,076ab31512db6c0d16c1b33f07ef1bd543cdc99cc8d394f932db4b2b7560bd84,official_current_rolling_workbook,2026-06,renewal,28f8e39327ed7086e307b167,True
松山市,2026-06,第260417号,2021-06-22,2026-06-25,2031-06-30,飲食店営業,ローソン松山畑寺店,松山市畑寺3丁目13-18,382019,,,,,new_or_renewal,https://www.city.matsuyama.ehime.jp/shisei/opendata/metadata/shokuhinsinki.files/shokuhinsinki.xlsx,076ab31512db6c0d16c1b33f07ef1bd543cdc99cc8d394f932db4b2b7560bd84,official_current_rolling_workbook,2026-06,renewal,7ad719dba40f9e62bf486190,True
松山市,2026-06,第260418号,2021-06-21,2026-06-25,2031-06-30,食肉販売業,焼肉じゃんじゃか　衣山店,松山市衣山1丁目188パルティ衣山敷地内,382019,,,,,new_or_renewal,https://www.city.matsuyama.ehime.jp/shisei/opendata/metadata/shokuhinsinki.files/shokuhinsinki.xlsx,076ab31512db6c0d16c1b33f07ef1bd543cdc99cc8d394f932db4b2b7560bd84,official_current_rolling_workbook,2026-06,renewal,2bb8e3a21b3de3aa4cd9cc02,False
松山市,2026-06,第260419号,2021-06-25,2026-06-25,2031-06-30,そうざい製造業,鶏屋　秀伝,松山市祇園町5-22D-RATIO 102,382019,,,,,new_or_renewal,https://www.city.matsuyama.ehime.jp/shisei/opendata/metadata/shokuhinsinki.files/shokuhinsinki.xlsx,076ab31512db6c0d16c1b33f07ef1bd543cdc99cc8d394f932db4b2b7560bd84,official_current_rolling_workbook,2026-06,renewal,2f0a74e0a8dedff20bfee497,False
松山市,2026-06,第260420号,2026-06-25,2026-06-25,2031-06-30,飲食店営業,Chazel,松山市二番町1丁目9-4T-YOUNGビル2F,382019,,,,,new_or_renewal,https://www.city.matsuyama.ehime.jp/shisei/opendata/metadata/shokuhinsinki.files/shokuhinsinki.xlsx,076ab31512db6c0d16c1b33f07ef1bd543cdc99cc8d394f932db4b2b7560bd84,official_current_rolling_workbook,2026-06,new,d150e2b0ba82bdb3b7fcb303,True
松山市,2026-06,第260421号,2021-06-11,2026-06-25,2031-06-30,飲食店営業,酒房倶楽部　明酔百鮮,松山市大街道3丁目8-8 1F,382019,,,,,new_or_renewal,https://www.city.matsuyama.ehime.jp/shisei/opendata/metadata/shokuhinsinki.files/shokuhinsinki.xlsx,076ab31512db6c0d16c1b33f07ef1bd543cdc99cc8d394f932db4b2b7560bd84,official_current_rolling_workbook,2026-06,renewal,97c9ff1a5f26e2afae399bf6,True
松山市,2026-06,第260422号,2021-06-22,2026-06-25,2031-06-30,そうざい製造業,たんぽぽ,松山市福音寺町512,382019,,,,,new_or_renewal,https://www.city.matsuyama.ehime.jp/shisei/opendata/metadata/shokuhinsinki.files/shokuhinsinki.xlsx,076ab31512db6c0d16c1b33f07ef1bd543cdc99cc8d394f932db4b2b7560bd84,official_current_rolling_workbook,2026-06,renewal,441069ba1929766cc8e3f304,False
松山市,2026-06,第260423号,2026-06-26,2026-06-26,2031-06-30,飲食店営業,Eternity,松山市二番町1丁目3-5ルヴォワール自遊館5F南,382019,,,,,new_or_renewal,https://www.city.matsuyama.ehime.jp/shisei/opendata/metadata/shokuhinsinki.files/shokuhinsinki.xlsx,076ab31512db6c0d16c1b33f07ef1bd543cdc99cc8d394f932db4b2b7560bd84,official_current_rolling_workbook,2026-06,new,3f3d4d488a89c7e21838093e,True
松山市,2026-06,第260424号,2026-06-26,2026-06-26,2031-06-30,飲食店営業,company cafeteria sankyo kitchen,松山市御幸1丁目316 ハイツリー アネックスビル1F,382019,,,,,new_or_renewal,https://www.city.matsuyama.ehime.jp/shisei/opendata/metadata/shokuhinsinki.files/shokuhinsinki.xlsx,076ab31512db6c0d16c1b33f07ef1bd543cdc99cc8d394f932db4b2b7560bd84,official_current_rolling_workbook,2026-06,new,ecf1da66abe5a22d09945ae3,True
松山市,2026-06,第260425号,2026-06-26,2026-06-26,2031-06-30,飲食店営業,食卓縁満,松山市三番町2丁目5-2三栄ビルNo.2　1F東号室,382019,,,,,new_or_renewal,https://www.city.matsuyama.ehime.jp/shisei/opendata/metadata/shokuhinsinki.files/shokuhinsinki.xlsx,076ab31512db6c0d16c1b33f07ef1bd543cdc99cc8d394f932db4b2b7560bd84,official_current_rolling_workbook,2026-06,new,8d77136a78d447cb664e2427,True
松山市,2026-06,第260426号,2026-06-26,2026-06-26,2031-06-30,飲食店営業,久兵衛,松山市萱町6丁目53-6林ビル1F,382019,,,,,new_or_renewal,https://www.city.matsuyama.ehime.jp/shisei/opendata/metadata/shokuhinsinki.files/shokuhinsinki.xlsx,076ab31512db6c0d16c1b33f07ef1bd543cdc99cc8d394f932db4b2b7560bd84,official_current_rolling_workbook,2026-06,new,a1db6ae32a63a24520b11aab,True
松山市,2026-06,第260427号,2026-06-26,2026-06-26,2031-06-30,飲食店営業,mana,松山市三番町1丁目9-9 永田ビル4F,382019,,,,,new_or_renewal,https://www.city.matsuyama.ehime.jp/shisei/opendata/metadata/shokuhinsinki.files/shokuhinsinki.xlsx,076ab31512db6c0d16c1b33f07ef1bd543cdc99cc8d394f932db4b2b7560bd84,official_current_rolling_workbook,2026-06,new,556bd2d85054f8fa48623ea1,True
松山市,2026-06,第260428号,2021-06-29,2026-06-26,2031-06-30,飲食店営業,リンガーハット　イオンスタイル松山店,松山市天山1丁目13-5　イオンスタイル松山１F　フードコート,382019,,,,,new_or_renewal,https://www.city.matsuyama.ehime.jp/shisei/opendata/metadata/shokuhinsinki.files/shokuhinsinki.xlsx,076ab31512db6c0d16c1b33f07ef1bd543cdc99cc8d394f932db4b2b7560bd84,official_current_rolling_workbook,2026-06,renewal,5360e7dd9ed4327f4293d7c7,True
松山市,2026-06,第260429号,2021-06-22,2026-06-26,2031-06-30,飲食店営業,endou元気BAR,松山市古川北4丁目9-25,382019,,,,,new_or_renewal,https://www.city.matsuyama.ehime.jp/shisei/opendata/metadata/shokuhinsinki.files/shokuhinsinki.xlsx,076ab31512db6c0d16c1b33f07ef1bd543cdc99cc8d394f932db4b2b7560bd84,official_current_rolling_workbook,2026-06,renewal,ef6dc97e830b7690d2d24af0,True
松山市,2026-06,第260430号,2021-06-18,2026-06-26,2031-06-30,飲食店営業,伊予銀行潮見寮,松山市吉藤4丁目8ｰ8伊予銀行潮見寮,382019,,,,,new_or_renewal,https://www.city.matsuyama.ehime.jp/shisei/opendata/metadata/shokuhinsinki.files/shokuhinsinki.xlsx,076ab31512db6c0d16c1b33f07ef1bd543cdc99cc8d394f932db4b2b7560bd84,official_current_rolling_workbook,2026-06,renewal,006f7ec1b3db450e48622271,True
松山市,2026-06,第260431号,2026-06-29,2026-06-29,2031-06-30,飲食店営業,ホルモン焼き　うますぎ,松山市中村3丁目5-5,382019,,,,,new_or_renewal,https://www.city.matsuyama.ehime.jp/shisei/opendata/metadata/shokuhinsinki.files/shokuhinsinki.xlsx,076ab31512db6c0d16c1b33f07ef1bd543cdc99cc8d394f932db4b2b7560bd84,official_current_rolling_workbook,2026-06,new,394605f30713b5c9d009526e,True
松山市,2026-06,第260432号,2026-06-29,2026-06-29,2031-06-30,飲食店営業,あっそうだBASE,松山市朝生田町4丁目9-33,382019,,,,,new_or_renewal,https://www.city.matsuyama.ehime.jp/shisei/opendata/metadata/shokuhinsinki.files/shokuhinsinki.xlsx,076ab31512db6c0d16c1b33f07ef1bd543cdc99cc8d394f932db4b2b7560bd84,official_current_rolling_workbook,2026-06,new,b454cae8761247fe20793fe2,True
松山市,2026-06,第260433号,2026-06-29,2026-06-29,2031-06-30,飲食店営業,IRIE LIME,松山市一番町2丁目1-3 Mビル1F,382019,,,,,new_or_renewal,https://www.city.matsuyama.ehime.jp/shisei/opendata/metadata/shokuhinsinki.files/shokuhinsinki.xlsx,076ab31512db6c0d16c1b33f07ef1bd543cdc99cc8d394f932db4b2b7560bd84,official_current_rolling_workbook,2026-06,new,8763faadfe39e07b47b718c2,True
松山市,2026-06,第260434号,2026-06-29,2026-06-29,2031-06-30,そうざい製造業,モンド,松山市大可賀1丁目4-5,382019,,,,,new_or_renewal,https://www.city.matsuyama.ehime.jp/shisei/opendata/metadata/shokuhinsinki.files/shokuhinsinki.xlsx,076ab31512db6c0d16c1b33f07ef1bd543cdc99cc8d394f932db4b2b7560bd84,official_current_rolling_workbook,2026-06,new,89ee4be90e9e9a2bec287f2b,False
松山市,2026-06,第260435号,2026-06-29,2026-06-29,2031-06-30,食品の小分け業,モンド,松山市大可賀1丁目4-5,382019,,,,,new_or_renewal,https://www.city.matsuyama.ehime.jp/shisei/opendata/metadata/shokuhinsinki.files/shokuhinsinki.xlsx,076ab31512db6c0d16c1b33f07ef1bd543cdc99cc8d394f932db4b2b7560bd84,official_current_rolling_workbook,2026-06,new,7c2b93eb211453307da19d0a,False
松山市,2026-06,第260436号,2026-06-29,2026-06-29,2031-06-30,飲食店営業,平田商店,松山市清水町4丁目2-2武田ビル1F,382019,,,,,new_or_renewal,https://www.city.matsuyama.ehime.jp/shisei/opendata/metadata/shokuhinsinki.files/shokuhinsinki.xlsx,076ab31512db6c0d16c1b33f07ef1bd543cdc99cc8d394f932db4b2b7560bd84,official_current_rolling_workbook,2026-06,new,deadd87ed5996dea26abf001,True
松山市,2026-06,第260437号,2026-06-29,2026-06-29,2031-06-30,飲食店営業,グラナダ,松山市二番町2丁目1-8江戸長ビル3F,382019,,,,,new_or_renewal,https://www.city.matsuyama.ehime.jp/shisei/opendata/metadata/shokuhinsinki.files/shokuhinsinki.xlsx,076ab31512db6c0d16c1b33f07ef1bd543cdc99cc8d394f932db4b2b7560bd84,official_current_rolling_workbook,2026-06,new,f03e2d2c20800c3007292ff4,True
松山市,2026-06,第260438号,2026-06-29,2026-06-29,2031-06-30,飲食店営業,E-spice　えひめが薫るBEEF CURRY 製造・直売所,松山市西一万町8-16,382019,,,,,new_or_renewal,https://www.city.matsuyama.ehime.jp/shisei/opendata/metadata/shokuhinsinki.files/shokuhinsinki.xlsx,076ab31512db6c0d16c1b33f07ef1bd543cdc99cc8d394f932db4b2b7560bd84,official_current_rolling_workbook,2026-06,new,dc27b7449b2c5810acb0b490,True
松山市,2026-06,第260439号,2026-06-29,2026-06-29,2031-06-30,冷凍食品製造業,E-spice　えひめが薫るBEEF CURRY 製造・直売所,松山市西一万町8-16,382019,,,,,new_or_renewal,https://www.city.matsuyama.ehime.jp/shisei/opendata/metadata/shokuhinsinki.files/shokuhinsinki.xlsx,076ab31512db6c0d16c1b33f07ef1bd543cdc99cc8d394f932db4b2b7560bd84,official_current_rolling_workbook,2026-06,new,a0e38b336b26dd677f3c5323,False
松山市,2026-06,第260440号,2021-06-08,2026-06-29,2031-06-30,飲食店営業,株式会社　御料理仕出し　さち,松山市空港通７丁目14-7,382019,,,,,new_or_renewal,https://www.city.matsuyama.ehime.jp/shisei/opendata/metadata/shokuhinsinki.files/shokuhinsinki.xlsx,076ab31512db6c0d16c1b33f07ef1bd543cdc99cc8d394f932db4b2b7560bd84,official_current_rolling_workbook,2026-06,renewal,914bff4416a2e8d6d4901534,True
松山市,2026-06,第260441号,2021-06-25,2026-06-29,2031-06-30,飲食店営業,寿浬庵,松山市平和通6丁目9-6野中ビル1F,382019,,,,,new_or_renewal,https://www.city.matsuyama.ehime.jp/shisei/opendata/metadata/shokuhinsinki.files/shokuhinsinki.xlsx,076ab31512db6c0d16c1b33f07ef1bd543cdc99cc8d394f932db4b2b7560bd84,official_current_rolling_workbook,2026-06,renewal,deb64d93070a0282baa1590b,True
松山市,2026-06,第260442号,2021-06-21,2026-06-29,2031-06-30,飲食店営業,ハート・ハート,松山市山西町826-1,382019,,,,,new_or_renewal,https://www.city.matsuyama.ehime.jp/shisei/opendata/metadata/shokuhinsinki.files/shokuhinsinki.xlsx,076ab31512db6c0d16c1b33f07ef1bd543cdc99cc8d394f932db4b2b7560bd84,official_current_rolling_workbook,2026-06,renewal,a6ab55d449406d63c1524938,True
松山市,2026-06,第260443号,2021-06-07,2026-06-29,2031-06-30,飲食店営業,いっぱい呑み家　こいのぼり,松山市土橋町12-2中田ビル１F,382019,,,,,new_or_renewal,https://www.city.matsuyama.ehime.jp/shisei/opendata/metadata/shokuhinsinki.files/shokuhinsinki.xlsx,076ab31512db6c0d16c1b33f07ef1bd543cdc99cc8d394f932db4b2b7560bd84,official_current_rolling_workbook,2026-06,renewal,f68798e0c8496134ede97d15,True
松山市,2026-06,第260444号,2021-06-04,2026-06-30,2031-06-30,飲食店営業,ごーるでんパラダイス,松山市二番町2丁目5-13丸盛ビル2F,382019,,,,,new_or_renewal,https://www.city.matsuyama.ehime.jp/shisei/opendata/metadata/shokuhinsinki.files/shokuhinsinki.xlsx,076ab31512db6c0d16c1b33f07ef1bd543cdc99cc8d394f932db4b2b7560bd84,official_current_rolling_workbook,2026-06,renewal,8d44da158a0e1b86c597a91c,True
松山市,2026-06,第260445号,2021-06-17,2026-06-30,2031-06-30,飲食店営業,小料理ふなだ,松山市三番町2丁目4-16,382019,,,,,new_or_renewal,https://www.city.matsuyama.ehime.jp/shisei/opendata/metadata/shokuhinsinki.files/shokuhinsinki.xlsx,076ab31512db6c0d16c1b33f07ef1bd543cdc99cc8d394f932db4b2b7560bd84,official_current_rolling_workbook,2026-06,renewal,123abbe7c5b1f731f4fd4a94,True
松山市,2026-06,第260446号,2026-06-30,2026-06-30,2031-06-30,飲食店営業,こみんか藤乃里,松山市平井町1412,382019,,,,,new_or_renewal,https://www.city.matsuyama.ehime.jp/shisei/opendata/metadata/shokuhinsinki.files/shokuhinsinki.xlsx,076ab31512db6c0d16c1b33f07ef1bd543cdc99cc8d394f932db4b2b7560bd84,official_current_rolling_workbook,2026-06,new,7ac391987a615a1059f8da73,True
松山市,2026-06,第260447号,2021-06-29,2026-06-30,2031-06-30,みそ又はしょうゆ製造業,ま¬,松山市神浦2109,382019,,,,,new_or_renewal,https://www.city.matsuyama.ehime.jp/shisei/opendata/metadata/shokuhinsinki.files/shokuhinsinki.xlsx,076ab31512db6c0d16c1b33f07ef1bd543cdc99cc8d394f932db4b2b7560bd84,official_current_rolling_workbook,2026-06,renewal,c51a41aafcbfaf8cd9e01ff8,False
松山市,2026-06,第260448号,2021-06-15,2026-06-30,2031-06-30,飲食店営業,サウンドステージ絵夢,松山市枝松6丁目10-6　　2F東,382019,,,,,new_or_renewal,https://www.city.matsuyama.ehime.jp/shisei/opendata/metadata/shokuhinsinki.files/shokuhinsinki.xlsx,076ab31512db6c0d16c1b33f07ef1bd543cdc99cc8d394f932db4b2b7560bd84,official_current_rolling_workbook,2026-06,renewal,966754a5fa5d06bb423c2adf,True
松山市,2026-06,第260449号,2021-06-16,2026-06-30,2031-06-30,飲食店営業,Zucchero,松山市千舟町4丁目5-3上田ビル1F北側,382019,,,,,new_or_renewal,https://www.city.matsuyama.ehime.jp/shisei/opendata/metadata/shokuhinsinki.files/shokuhinsinki.xlsx,076ab31512db6c0d16c1b33f07ef1bd543cdc99cc8d394f932db4b2b7560bd84,official_current_rolling_workbook,2026-06,renewal,2a0f9a7470822a08999938ee,True
松山市,2026-06,第260450号,2021-06-24,2026-06-30,2031-06-30,飲食店営業,Keystone　Bar,松山市三番町1丁目10-13トキビル3F,382019,,,,,new_or_renewal,https://www.city.matsuyama.ehime.jp/shisei/opendata/metadata/shokuhinsinki.files/shokuhinsinki.xlsx,076ab31512db6c0d16c1b33f07ef1bd543cdc99cc8d394f932db4b2b7560bd84,official_current_rolling_workbook,2026-06,renewal,23b7da5e441a1757595ccf7c,True
松山市,2026-06,第260451号,2021-06-14,2026-06-30,2031-06-30,飲食店営業,BACK ９,松山市三番町２丁目10-10スカイタワービル２F　AB,382019,,,,,new_or_renewal,https://www.city.matsuyama.ehime.jp/shisei/opendata/metadata/shokuhinsinki.files/shokuhinsinki.xlsx,076ab31512db6c0d16c1b33f07ef1bd543cdc99cc8d394f932db4b2b7560bd84,official_current_rolling_workbook,2026-06,renewal,aac7cd1720a87a517e91a5fe,True
松山市,2026-06,第260452号,2021-06-29,2026-06-30,2031-06-30,飲食店営業,炭火ホルモン　べこや,松山市千舟町5丁目2-7べこやビル2Ｆ,382019,,,,,new_or_renewal,https://www.city.matsuyama.ehime.jp/shisei/opendata/metadata/shokuhinsinki.files/shokuhinsinki.xlsx,076ab31512db6c0d16c1b33f07ef1bd543cdc99cc8d394f932db4b2b7560bd84,official_current_rolling_workbook,2026-06,renewal,c5604d60a8f56f0585052348,True
松山市,2026-06,第260453号,2026-06-30,2026-06-30,2031-06-30,飲食店営業,cafe&bar Little Kitchen,松山市二番町3丁目3-1,382019,,,,,new_or_renewal,https://www.city.matsuyama.ehime.jp/shisei/opendata/metadata/shokuhinsinki.files/shokuhinsinki.xlsx,076ab31512db6c0d16c1b33f07ef1bd543cdc99cc8d394f932db4b2b7560bd84,official_current_rolling_workbook,2026-06,new,77d31fa3d3a5c30010d6bcc1,True
松山市,2026-07,第260454号,2026-07-01,2026-07-01,2031-06-30,飲食店営業,べんり屋工房けん,松山市保健所管内,382019,,,,,new_or_renewal,https://www.city.matsuyama.ehime.jp/shisei/opendata/metadata/shokuhinsinki.files/shokuhinsinki.xlsx,076ab31512db6c0d16c1b33f07ef1bd543cdc99cc8d394f932db4b2b7560bd84,official_current_rolling_workbook,2026-07,new,b162b1ce89b097c7ec9800cd,True
松山市,2026-07,第260455号,2026-07-01,2026-07-01,2031-06-30,飲食店営業,ふわはち,松山市西垣生町1222,382019,,,,,new_or_renewal,https://www.city.matsuyama.ehime.jp/shisei/opendata/metadata/shokuhinsinki.files/shokuhinsinki.xlsx,076ab31512db6c0d16c1b33f07ef1bd543cdc99cc8d394f932db4b2b7560bd84,official_current_rolling_workbook,2026-07,new,7936ff6f35cc83eb94d3c3ab,True
松山市,2026-07,第260456号,2026-07-01,2026-07-01,2031-06-30,飲食店営業,ホテルルートイン松山北,松山市東長戸4丁目8-12,382019,,,,,new_or_renewal,https://www.city.matsuyama.ehime.jp/shisei/opendata/metadata/shokuhinsinki.files/shokuhinsinki.xlsx,076ab31512db6c0d16c1b33f07ef1bd543cdc99cc8d394f932db4b2b7560bd84,official_current_rolling_workbook,2026-07,new,98eff21d9f6b9a358dea90a5,True
松山市,2026-07,第260457号,2026-07-01,2026-07-01,2031-06-30,飲食店営業,R-Küche Delikatessen,松山市小川甲581-3,382019,,,,,new_or_renewal,https://www.city.matsuyama.ehime.jp/shisei/opendata/metadata/shokuhinsinki.files/shokuhinsinki.xlsx,076ab31512db6c0d16c1b33f07ef1bd543cdc99cc8d394f932db4b2b7560bd84,official_current_rolling_workbook,2026-07,new,b335a357f6616d002b253cad,True
松山市,2026-07,第260458号,2026-07-01,2026-07-01,2031-06-30,食肉販売業,HANAGA,松山市湊町3丁目1-31,382019,,,,,new_or_renewal,https://www.city.matsuyama.ehime.jp/shisei/opendata/metadata/shokuhinsinki.files/shokuhinsinki.xlsx,076ab31512db6c0d16c1b33f07ef1bd543cdc99cc8d394f932db4b2b7560bd84,official_current_rolling_workbook,2026-07,new,3a0b68ff65e23d79cf188669,False
松山市,2026-07,第260459号,2026-07-01,2026-07-01,2031-06-30,飲食店営業,HANAGA,松山市湊町3丁目1-31,382019,,,,,new_or_renewal,https://www.city.matsuyama.ehime.jp/shisei/opendata/metadata/shokuhinsinki.files/shokuhinsinki.xlsx,076ab31512db6c0d16c1b33f07ef1bd543cdc99cc8d394f932db4b2b7560bd84,official_current_rolling_workbook,2026-07,new,bdf6aa09b793765cb1d1be30,True
松山市,2026-07,第260460号,2026-07-01,2026-07-01,2031-06-30,菓子製造業,M signature,松山市大街道3丁目1-6吉村テナント1F,382019,,,,,new_or_renewal,https://www.city.matsuyama.ehime.jp/shisei/opendata/metadata/shokuhinsinki.files/shokuhinsinki.xlsx,076ab31512db6c0d16c1b33f07ef1bd543cdc99cc8d394f932db4b2b7560bd84,official_current_rolling_workbook,2026-07,new,f7a71b0f5b17d7bd1dcfa518,False
松山市,2026-07,第260461号,2026-07-01,2026-07-01,2031-06-30,飲食店営業,M signature,松山市大街道3丁目1-6吉村テナント1F,382019,,,,,new_or_renewal,https://www.city.matsuyama.ehime.jp/shisei/opendata/metadata/shokuhinsinki.files/shokuhinsinki.xlsx,076ab31512db6c0d16c1b33f07ef1bd543cdc99cc8d394f932db4b2b7560bd84,official_current_rolling_workbook,2026-07,new,bb6275aa14bea4b084a5bd3c,True
松山市,2026-07,第260462号,2026-07-01,2026-07-01,2031-06-30,飲食店営業,Ziel,松山市三番町2丁目6-17フジワラビル4F,382019,,,,,new_or_renewal,https://www.city.matsuyama.ehime.jp/shisei/opendata/metadata/shokuhinsinki.files/shokuhinsinki.xlsx,076ab31512db6c0d16c1b33f07ef1bd543cdc99cc8d394f932db4b2b7560bd84,official_current_rolling_workbook,2026-07,new,691ba4ef9360120e8283999b,True
松山市,2026-07,第260463号,2026-07-01,2026-07-01,2031-06-30,飲食店営業,和ごころ,松山市三番町2丁目4-8 1F,382019,,,,,new_or_renewal,https://www.city.matsuyama.ehime.jp/shisei/opendata/metadata/shokuhinsinki.files/shokuhinsinki.xlsx,076ab31512db6c0d16c1b33f07ef1bd543cdc99cc8d394f932db4b2b7560bd84,official_current_rolling_workbook,2026-07,new,9a9be2f50cece236dd0d7839,True
松山市,2026-07,第260464号,2021-09-24,2026-07-01,2031-09-30,魚介類販売業,越智鮮魚,松山市保健所管内,382019,,,,,new_or_renewal,https://www.city.matsuyama.ehime.jp/shisei/opendata/metadata/shokuhinsinki.files/shokuhinsinki.xlsx,076ab31512db6c0d16c1b33f07ef1bd543cdc99cc8d394f932db4b2b7560bd84,official_current_rolling_workbook,2026-07,renewal,bfc4b78682feb56b1c9dcf1d,False
松山市,2026-07,第260465号,2026-07-03,2026-07-03,2031-09-30,飲食店営業,"nil.,",松山市二番町2丁目4-9岸坊ビル5F北,382019,,,,,new_or_renewal,https://www.city.matsuyama.ehime.jp/shisei/opendata/metadata/shokuhinsinki.files/shokuhinsinki.xlsx,076ab31512db6c0d16c1b33f07ef1bd543cdc99cc8d394f932db4b2b7560bd84,official_current_rolling_workbook,2026-07,new,3717f3dca1ce90976b654fa6,True
松山市,2026-07,第260466号,2026-07-03,2026-07-03,2031-09-30,飲食店営業,ひまわり,松山市大街道2丁目3-15木藤ビル2F,382019,,,,,new_or_renewal,https://www.city.matsuyama.ehime.jp/shisei/opendata/metadata/shokuhinsinki.files/shokuhinsinki.xlsx,076ab31512db6c0d16c1b33f07ef1bd543cdc99cc8d394f932db4b2b7560bd84,official_current_rolling_workbook,2026-07,new,7fe818a31f2632dfe74b0a6d,True
松山市,2026-07,第260467号,2026-07-03,2026-07-03,2031-09-30,冷凍食品製造業,ひまわり,松山市大街道2丁目3-15木藤ビル2F,382019,,,,,new_or_renewal,https://www.city.matsuyama.ehime.jp/shisei/opendata/metadata/shokuhinsinki.files/shokuhinsinki.xlsx,076ab31512db6c0d16c1b33f07ef1bd543cdc99cc8d394f932db4b2b7560bd84,official_current_rolling_workbook,2026-07,new,6a7d53a3281e5250074ba259,False
松山市,2026-07,第260468号,2026-07-03,2026-07-03,2031-09-30,食肉処理業,ひまわり,松山市大街道2丁目3-15木藤ビル2F,382019,,,,,new_or_renewal,https://www.city.matsuyama.ehime.jp/shisei/opendata/metadata/shokuhinsinki.files/shokuhinsinki.xlsx,076ab31512db6c0d16c1b33f07ef1bd543cdc99cc8d394f932db4b2b7560bd84,official_current_rolling_workbook,2026-07,new,c1be9aa67b3c33236fbb33f8,False
松山市,2026-07,第260469号,2026-07-03,2026-07-03,2031-09-30,魚介類販売業,松山青果市場　関連棟,松山市久万ノ台348-1,382019,,,,,new_or_renewal,https://www.city.matsuyama.ehime.jp/shisei/opendata/metadata/shokuhinsinki.files/shokuhinsinki.xlsx,076ab31512db6c0d16c1b33f07ef1bd543cdc99cc8d394f932db4b2b7560bd84,official_current_rolling_workbook,2026-07,new,e340108892d15a265ebefb25,False
松山市,2026-07,第260470号,2026-07-03,2026-07-03,2031-09-30,飲食店営業,PUBLIC HOUSE ROBIN,"松山市二番町2丁目1-2コロネット二番町5F A,B号室",382019,,,,,new_or_renewal,https://www.city.matsuyama.ehime.jp/shisei/opendata/metadata/shokuhinsinki.files/shokuhinsinki.xlsx,076ab31512db6c0d16c1b33f07ef1bd543cdc99cc8d394f932db4b2b7560bd84,official_current_rolling_workbook,2026-07,new,aeea2543cfeb5b90c9768c0b,True
松山市,2026-07,第260471号,2026-07-03,2026-07-03,2031-09-30,飲食店営業,おそごえベース,松山市石手4丁目4-30 グランドスタジオ1,382019,,,,,new_or_renewal,https://www.city.matsuyama.ehime.jp/shisei/opendata/metadata/shokuhinsinki.files/shokuhinsinki.xlsx,076ab31512db6c0d16c1b33f07ef1bd543cdc99cc8d394f932db4b2b7560bd84,official_current_rolling_workbook,2026-07,new,69fb8cbd7ceedcafd243617f,True
松山市,2026-07,第260472号,2026-07-03,2026-07-03,2031-09-30,飲食店営業,愛媛マッスル研究所,松山市三番町1丁目10-6 MGMプラザビル1F,382019,,,,,new_or_renewal,https://www.city.matsuyama.ehime.jp/shisei/opendata/metadata/shokuhinsinki.files/shokuhinsinki.xlsx,076ab31512db6c0d16c1b33f07ef1bd543cdc99cc8d394f932db4b2b7560bd84,official_current_rolling_workbook,2026-07,new,839e32df017736fcd8d857a3,True
松山市,2026-07,第260473号,2026-07-06,2026-07-06,2031-09-30,飲食店営業,BAR Better Ping,松山市二番町1丁目6-4　STAR21 PARTⅢ 2A,382019,,,,,new_or_renewal,https://www.city.matsuyama.ehime.jp/shisei/opendata/metadata/shokuhinsinki.files/shokuhinsinki.xlsx,076ab31512db6c0d16c1b33f07ef1bd543cdc99cc8d394f932db4b2b7560bd84,official_current_rolling_workbook,2026-07,new,1b394e598bfd26480b9c7912,True
松山市,2026-07,第260474号,2026-07-06,2026-07-06,2031-09-30,飲食店営業,Osteria S,松山市桑原2丁目2-22,382019,,,,,new_or_renewal,https://www.city.matsuyama.ehime.jp/shisei/opendata/metadata/shokuhinsinki.files/shokuhinsinki.xlsx,076ab31512db6c0d16c1b33f07ef1bd543cdc99cc8d394f932db4b2b7560bd84,official_current_rolling_workbook,2026-07,new,ab7b78f4cf3bd331b79abb1f,True
松山市,2026-07,第260475号,2026-07-06,2026-07-06,2031-09-30,飲食店営業,道後天ぷら ご天 本店,松山市道後湯之町20-13,382019,,,,,new_or_renewal,https://www.city.matsuyama.ehime.jp/shisei/opendata/metadata/shokuhinsinki.files/shokuhinsinki.xlsx,076ab31512db6c0d16c1b33f07ef1bd543cdc99cc8d394f932db4b2b7560bd84,official_current_rolling_workbook,2026-07,new,af3c45aae0f9a5eef0e3d8bb,True
松山市,2026-07,第260476号,2026-07-06,2026-07-06,2031-09-30,飲食店営業,waraku　和楽,松山市二番町2丁目9-2森恵ビル5F,382019,,,,,new_or_renewal,https://www.city.matsuyama.ehime.jp/shisei/opendata/metadata/shokuhinsinki.files/shokuhinsinki.xlsx,076ab31512db6c0d16c1b33f07ef1bd543cdc99cc8d394f932db4b2b7560bd84,official_current_rolling_workbook,2026-07,new,eb1f230c99adbb69fad40039,True
松山市,2026-07,第260477号,2026-07-06,2026-07-06,2031-09-30,冷凍食品製造業,株式会社ルナール・クレアシオン,松山市本町2丁目2-2,382019,,,,,new_or_renewal,https://www.city.matsuyama.ehime.jp/shisei/opendata/metadata/shokuhinsinki.files/shokuhinsinki.xlsx,076ab31512db6c0d16c1b33f07ef1bd543cdc99cc8d394f932db4b2b7560bd84,official_current_rolling_workbook,2026-07,new,9279ef8661217236c116f5e6,False
松山市,2026-07,第260478号,2026-07-06,2026-07-06,2031-09-30,飲食店営業,Bar Noir,松山市二番町1丁目12-17ABC二番町ビル3F,382019,,,,,new_or_renewal,https://www.city.matsuyama.ehime.jp/shisei/opendata/metadata/shokuhinsinki.files/shokuhinsinki.xlsx,076ab31512db6c0d16c1b33f07ef1bd543cdc99cc8d394f932db4b2b7560bd84,official_current_rolling_workbook,2026-07,new,b2ccf7d830f6133d0e89ea4c,True
松山市,2026-07,第260479号,2026-07-06,2026-07-06,2031-09-30,飲食店営業,鳥Rich,松山市二番町2丁目7-1 横浜館1F,382019,,,,,new_or_renewal,https://www.city.matsuyama.ehime.jp/shisei/opendata/metadata/shokuhinsinki.files/shokuhinsinki.xlsx,076ab31512db6c0d16c1b33f07ef1bd543cdc99cc8d394f932db4b2b7560bd84,official_current_rolling_workbook,2026-07,new,1688c25f92fe250d2e15a611,True
松山市,2026-07,第260480号,2026-07-07,2026-07-07,2031-09-30,飲食店営業,rinrin,松山市保健所管内,382019,,,,,new_or_renewal,https://www.city.matsuyama.ehime.jp/shisei/opendata/metadata/shokuhinsinki.files/shokuhinsinki.xlsx,076ab31512db6c0d16c1b33f07ef1bd543cdc99cc8d394f932db4b2b7560bd84,official_current_rolling_workbook,2026-07,new,040bb83b1a244d9fd798afcb,True
松山市,2026-07,第260481号,2026-07-08,2026-07-08,2031-09-30,飲食店営業,春歌,松山市日の出町8-43,382019,,,,,new_or_renewal,https://www.city.matsuyama.ehime.jp/shisei/opendata/metadata/shokuhinsinki.files/shokuhinsinki.xlsx,076ab31512db6c0d16c1b33f07ef1bd543cdc99cc8d394f932db4b2b7560bd84,official_current_rolling_workbook,2026-07,new,44e625d131fd50a06c1e6061,True
松山市,2026-07,第260482号,2026-07-08,2026-07-08,2031-09-30,飲食店営業,会員制クラブ　Jewel,松山市一番町1丁目3-11ミツワ18ビル3F A号室,382019,,,,,new_or_renewal,https://www.city.matsuyama.ehime.jp/shisei/opendata/metadata/shokuhinsinki.files/shokuhinsinki.xlsx,076ab31512db6c0d16c1b33f07ef1bd543cdc99cc8d394f932db4b2b7560bd84,official_current_rolling_workbook,2026-07,new,fdcd8cd6a964bb4d53411749,True
松山市,2026-07,第260483号,2026-07-08,2026-07-08,2031-09-30,そうざい製造業,上海軒,松山市平和通3丁目3-5 忠栄ビル1F,382019,,,,,new_or_renewal,https://www.city.matsuyama.ehime.jp/shisei/opendata/metadata/shokuhinsinki.files/shokuhinsinki.xlsx,076ab31512db6c0d16c1b33f07ef1bd543cdc99cc8d394f932db4b2b7560bd84,official_current_rolling_workbook,2026-07,new,40c4c68758e18a83b6933879,False
松山市,2026-07,第260484号,2026-07-10,2026-07-10,2031-09-30,飲食店営業,すし丸　アパホテル松山市駅前店,松山市湊町6丁目3-2 APAホテル松山市駅前店　1F,382019,,,,,new_or_renewal,https://www.city.matsuyama.ehime.jp/shisei/opendata/metadata/shokuhinsinki.files/shokuhinsinki.xlsx,076ab31512db6c0d16c1b33f07ef1bd543cdc99cc8d394f932db4b2b7560bd84,official_current_rolling_workbook,2026-07,new,d98de15c85c795649ef87b55,True
松山市,2026-07,第260485号,2026-07-10,2026-07-10,2031-09-30,飲食店営業,びっくり焼き亭　八坂店,松山市二番町2丁目7-3 第1内海ビル103,382019,,,,,new_or_renewal,https://www.city.matsuyama.ehime.jp/shisei/opendata/metadata/shokuhinsinki.files/shokuhinsinki.xlsx,076ab31512db6c0d16c1b33f07ef1bd543cdc99cc8d394f932db4b2b7560bd84,official_current_rolling_workbook,2026-07,new,119956a3a541a57e72e41f6a,True
松山市,2026-07,第260486号,2026-07-10,2026-07-10,2031-09-30,飲食店営業,株式会社フジ　瀬戸内海響市場エフ・マルシェ南吉田店,松山市南吉田町1458,382019,,,,,new_or_renewal,https://www.city.matsuyama.ehime.jp/shisei/opendata/metadata/shokuhinsinki.files/shokuhinsinki.xlsx,076ab31512db6c0d16c1b33f07ef1bd543cdc99cc8d394f932db4b2b7560bd84,official_current_rolling_workbook,2026-07,new,ff3eceb951249e8274a0773d,True
松山市,2026-07,第260487号,2026-07-10,2026-07-10,2031-09-30,飲食店営業,株式会社フジ　地産市場エフ・マルシェ古川店,松山市古川北1丁目26-12,382019,,,,,new_or_renewal,https://www.city.matsuyama.ehime.jp/shisei/opendata/metadata/shokuhinsinki.files/shokuhinsinki.xlsx,076ab31512db6c0d16c1b33f07ef1bd543cdc99cc8d394f932db4b2b7560bd84,official_current_rolling_workbook,2026-07,new,83c9a59eb12bd29cdbbbaa6c,True
松山市,2026-07,第260488号,2026-07-10,2026-07-10,2031-09-30,飲食店営業,シーパン２,松山市北条1180 シーパの湯2F,382019,,,,,new_or_renewal,https://www.city.matsuyama.ehime.jp/shisei/opendata/metadata/shokuhinsinki.files/shokuhinsinki.xlsx,076ab31512db6c0d16c1b33f07ef1bd543cdc99cc8d394f932db4b2b7560bd84,official_current_rolling_workbook,2026-07,new,cd9ce45c88ea3df443bde399,True
松山市,2026-07,第260489号,2026-07-10,2026-07-10,2031-09-30,飲食店営業,hikidashi,松山市喜与町1丁目6-1 浅川ビル1F,382019,,,,,new_or_renewal,https://www.city.matsuyama.ehime.jp/shisei/opendata/metadata/shokuhinsinki.files/shokuhinsinki.xlsx,076ab31512db6c0d16c1b33f07ef1bd543cdc99cc8d394f932db4b2b7560bd84,official_current_rolling_workbook,2026-07,new,21c59e39254fc8341c47b8b9,True
松山市,2026-07,第260490号,2026-07-10,2026-07-10,2031-09-30,飲食店営業,エイチ・ツー・オー商業開発　フードトラック７号,松山市保健所管内,382019,,,,,new_or_renewal,https://www.city.matsuyama.ehime.jp/shisei/opendata/metadata/shokuhinsinki.files/shokuhinsinki.xlsx,076ab31512db6c0d16c1b33f07ef1bd543cdc99cc8d394f932db4b2b7560bd84,official_current_rolling_workbook,2026-07,new,aeaf89a4009c5dcc2903a23d,True
松山市,2026-07,第260491号,2021-08-30,2026-07-10,2031-09-30,飲食店営業,八七金,松山市保健所管内,382019,,,,,new_or_renewal,https://www.city.matsuyama.ehime.jp/shisei/opendata/metadata/shokuhinsinki.files/shokuhinsinki.xlsx,076ab31512db6c0d16c1b33f07ef1bd543cdc99cc8d394f932db4b2b7560bd84,official_current_rolling_workbook,2026-07,renewal,069740118aebfc25e5bb6e9a,True
松山市,2026-07,第260492号,2021-08-30,2026-07-10,2031-09-30,飲食店営業,八七金,松山市保健所管内,382019,,,,,new_or_renewal,https://www.city.matsuyama.ehime.jp/shisei/opendata/metadata/shokuhinsinki.files/shokuhinsinki.xlsx,076ab31512db6c0d16c1b33f07ef1bd543cdc99cc8d394f932db4b2b7560bd84,official_current_rolling_workbook,2026-07,renewal,1e32aafd9f0e9c779a63332f,True
松山市,2026-07,第260493号,2026-07-13,2026-07-13,2031-09-30,飲食店営業,スーパー日東　土居田店,松山市空港通1丁目4-60,382019,,,,,new_or_renewal,https://www.city.matsuyama.ehime.jp/shisei/opendata/metadata/shokuhinsinki.files/shokuhinsinki.xlsx,076ab31512db6c0d16c1b33f07ef1bd543cdc99cc8d394f932db4b2b7560bd84,official_current_rolling_workbook,2026-07,new,288a1f4d605272389fdaddf1,True
松山市,2026-07,第260494号,2026-07-13,2026-07-13,2031-09-30,魚介類販売業,スーパー日東　土居田店,松山市空港通1丁目4-60,382019,,,,,new_or_renewal,https://www.city.matsuyama.ehime.jp/shisei/opendata/metadata/shokuhinsinki.files/shokuhinsinki.xlsx,076ab31512db6c0d16c1b33f07ef1bd543cdc99cc8d394f932db4b2b7560bd84,official_current_rolling_workbook,2026-07,new,5914dc02f691c0a0d5d717e6,False
松山市,2026-07,第260495号,2026-07-13,2026-07-13,2031-09-30,菓子製造業,スーパー日東　土居田店,松山市空港通1丁目4-60,382019,,,,,new_or_renewal,https://www.city.matsuyama.ehime.jp/shisei/opendata/metadata/shokuhinsinki.files/shokuhinsinki.xlsx,076ab31512db6c0d16c1b33f07ef1bd543cdc99cc8d394f932db4b2b7560bd84,official_current_rolling_workbook,2026-07,new,0bf2a32f3ecea04cc9d63914,False
松山市,2026-07,第260496号,2026-07-13,2026-07-13,2031-09-30,食肉販売業,スーパー日東　土居田店,松山市空港通1丁目4-60,382019,,,,,new_or_renewal,https://www.city.matsuyama.ehime.jp/shisei/opendata/metadata/shokuhinsinki.files/shokuhinsinki.xlsx,076ab31512db6c0d16c1b33f07ef1bd543cdc99cc8d394f932db4b2b7560bd84,official_current_rolling_workbook,2026-07,new,04b83124f30ad094fe78d8f6,False
松山市,2026-07,第260497号,2026-07-13,2026-07-13,2031-09-30,飲食店営業,FUNNY BOX,松山市二番町2丁目9-6　第一雅ビル2F-B号室,382019,,,,,new_or_renewal,https://www.city.matsuyama.ehime.jp/shisei/opendata/metadata/shokuhinsinki.files/shokuhinsinki.xlsx,076ab31512db6c0d16c1b33f07ef1bd543cdc99cc8d394f932db4b2b7560bd84,official_current_rolling_workbook,2026-07,new,c1130c4e958d35aecc025785,True
松山市,2026-07,第260498号,2026-07-13,2026-07-13,2031-09-30,飲食店営業,あいなんドーナツ,松山市古川北2丁目2-15,382019,,,,,new_or_renewal,https://www.city.matsuyama.ehime.jp/shisei/opendata/metadata/shokuhinsinki.files/shokuhinsinki.xlsx,076ab31512db6c0d16c1b33f07ef1bd543cdc99cc8d394f932db4b2b7560bd84,official_current_rolling_workbook,2026-07,new,8af34ad9dbb5c1aef46112ff,True
松山市,2026-07,第260499号,2026-07-13,2026-07-13,2031-09-30,飲食店営業,food&darts L,松山市二番町1丁目9-2第5アークビル5F,382019,,,,,new_or_renewal,https://www.city.matsuyama.ehime.jp/shisei/opendata/metadata/shokuhinsinki.files/shokuhinsinki.xlsx,076ab31512db6c0d16c1b33f07ef1bd543cdc99cc8d394f932db4b2b7560bd84,official_current_rolling_workbook,2026-07,new,867cd900a45811a83e5c9135,True
松山市,2026-07,第260500号,2026-07-13,2026-07-13,2031-09-30,飲食店営業,Bar Gordon,松山市三番町2丁目10-8モトビル2F,382019,,,,,new_or_renewal,https://www.city.matsuyama.ehime.jp/shisei/opendata/metadata/shokuhinsinki.files/shokuhinsinki.xlsx,076ab31512db6c0d16c1b33f07ef1bd543cdc99cc8d394f932db4b2b7560bd84,official_current_rolling_workbook,2026-07,new,74e6bcbdfc35d89293e4ca39,True
松山市,2026-07,第260501号,2021-07-08,2026-07-13,2031-09-30,魚介類販売業,居酒屋あかり,松山市花園町7-2,382019,,,,,new_or_renewal,https://www.city.matsuyama.ehime.jp/shisei/opendata/metadata/shokuhinsinki.files/shokuhinsinki.xlsx,076ab31512db6c0d16c1b33f07ef1bd543cdc99cc8d394f932db4b2b7560bd84,official_current_rolling_workbook,2026-07,renewal,408bbb3d641bce6a8caaf46a,False
松山市,2026-07,第260502号,2026-07-15,2026-07-15,2031-09-30,飲食店営業,ピザロイ東石井店/サイコーカレー/黒船そばいく,松山市東石井6丁目2-1グランパレコート105号,382019,,,,,new_or_renewal,https://www.city.matsuyama.ehime.jp/shisei/opendata/metadata/shokuhinsinki.files/shokuhinsinki.xlsx,076ab31512db6c0d16c1b33f07ef1bd543cdc99cc8d394f932db4b2b7560bd84,official_current_rolling_workbook,2026-07,new,f07933a008e57aa31de6d45d,True
松山市,2026-07,第260503号,2026-07-15,2026-07-15,2031-09-30,飲食店営業,ねこのさんぽみち。,松山市喜与町2丁目5-1 1F西テナント,382019,,,,,new_or_renewal,https://www.city.matsuyama.ehime.jp/shisei/opendata/metadata/shokuhinsinki.files/shokuhinsinki.xlsx,076ab31512db6c0d16c1b33f07ef1bd543cdc99cc8d394f932db4b2b7560bd84,official_current_rolling_workbook,2026-07,new,c3e82bef6d1b6180cfea66d9,True
松山市,2026-07,第260504号,2026-07-15,2026-07-15,2031-09-30,そうざい製造業,ねこのさんぽみち。,松山市喜与町2丁目5-1 1F西テナント,382019,,,,,new_or_renewal,https://www.city.matsuyama.ehime.jp/shisei/opendata/metadata/shokuhinsinki.files/shokuhinsinki.xlsx,076ab31512db6c0d16c1b33f07ef1bd543cdc99cc8d394f932db4b2b7560bd84,official_current_rolling_workbook,2026-07,new,9c4c4ba7f01635875a27eb66,False
松山市,2026-07,第260505号,2026-07-15,2026-07-15,2031-09-30,菓子製造業,flower&foods 景浩,松山市道後一万9-47,382019,,,,,new_or_renewal,https://www.city.matsuyama.ehime.jp/shisei/opendata/metadata/shokuhinsinki.files/shokuhinsinki.xlsx,076ab31512db6c0d16c1b33f07ef1bd543cdc99cc8d394f932db4b2b7560bd84,official_current_rolling_workbook,2026-07,new,58b56f7aea0aee2efaf3ad7e,False
松山市,2026-07,第260506号,2026-07-15,2026-07-15,2031-09-30,飲食店営業,Country House.F,松山市高砂町3丁目9-10,382019,,,,,new_or_renewal,https://www.city.matsuyama.ehime.jp/shisei/opendata/metadata/shokuhinsinki.files/shokuhinsinki.xlsx,076ab31512db6c0d16c1b33f07ef1bd543cdc99cc8d394f932db4b2b7560bd84,official_current_rolling_workbook,2026-07,new,3567c1101d435114482e9e61,True
松山市,2026-07,第260507号,2026-07-15,2026-07-15,2031-09-30,飲食店営業,Repair,松山市本町6丁目2-12 ザイオンビル2F,382019,,,,,new_or_renewal,https://www.city.matsuyama.ehime.jp/shisei/opendata/metadata/shokuhinsinki.files/shokuhinsinki.xlsx,076ab31512db6c0d16c1b33f07ef1bd543cdc99cc8d394f932db4b2b7560bd84,official_current_rolling_workbook,2026-07,new,ef1ce5ca31c4034b0ad2063f,True
松山市,2026-07,第260508号,2026-07-15,2026-07-15,2031-09-30,飲食店営業,ラウンジ結,松山市二番町1丁目3-1古唐人夢館3F B,382019,,,,,new_or_renewal,https://www.city.matsuyama.ehime.jp/shisei/opendata/metadata/shokuhinsinki.files/shokuhinsinki.xlsx,076ab31512db6c0d16c1b33f07ef1bd543cdc99cc8d394f932db4b2b7560bd84,official_current_rolling_workbook,2026-07,new,bed8d9a71f85163455a7370f,True
松山市,2026-07,第260509号,2026-07-15,2026-07-15,2031-09-30,飲食店営業,SIRIUS,松山市二番町1丁目5-5Mタワービル4F,382019,,,,,new_or_renewal,https://www.city.matsuyama.ehime.jp/shisei/opendata/metadata/shokuhinsinki.files/shokuhinsinki.xlsx,076ab31512db6c0d16c1b33f07ef1bd543cdc99cc8d394f932db4b2b7560bd84,official_current_rolling_workbook,2026-07,new,ef924b48837ca06c1c983750,True
松山市,2026-07,第260510号,2026-07-15,2026-07-15,2031-09-30,飲食店営業,旨辛屋よろこんで,松山市二番町2丁目2-4,382019,,,,,new_or_renewal,https://www.city.matsuyama.ehime.jp/shisei/opendata/metadata/shokuhinsinki.files/shokuhinsinki.xlsx,076ab31512db6c0d16c1b33f07ef1bd543cdc99cc8d394f932db4b2b7560bd84,official_current_rolling_workbook,2026-07,new,a06cc0aeca138a202e8cc37b,True
松山市,2026-07,第260511号,2026-07-15,2026-07-15,2031-09-30,飲食店営業,日清医療食品株式会社　ケアセンターとかじ事業所,松山市味酒町1丁目9－15　ケアセンターとかじ　5F,382019,,,,,new_or_renewal,https://www.city.matsuyama.ehime.jp/shisei/opendata/metadata/shokuhinsinki.files/shokuhinsinki.xlsx,076ab31512db6c0d16c1b33f07ef1bd543cdc99cc8d394f932db4b2b7560bd84,official_current_rolling_workbook,2026-07,new,a7f15e8d417ce5d3a6346a3c,True
松山市,2026-07,第260512号,2026-07-15,2026-07-15,2031-09-30,飲食店営業,ケサリ　大手町店,松山市大手町1丁目12-4,382019,,,,,new_or_renewal,https://www.city.matsuyama.ehime.jp/shisei/opendata/metadata/shokuhinsinki.files/shokuhinsinki.xlsx,076ab31512db6c0d16c1b33f07ef1bd543cdc99cc8d394f932db4b2b7560bd84,official_current_rolling_workbook,2026-07,new,eba5eb4bc8d5753587fa010f,True
松山市,2026-07,第260513号,2026-07-17,2026-07-17,2031-09-30,飲食店営業,居酒屋　大八車,松山市二番町2丁目1-6ゴールドリッチビル103,382019,,,,,new_or_renewal,https://www.city.matsuyama.ehime.jp/shisei/opendata/metadata/shokuhinsinki.files/shokuhinsinki.xlsx,076ab31512db6c0d16c1b33f07ef1bd543cdc99cc8d394f932db4b2b7560bd84,official_current_rolling_workbook,2026-07,new,3f302fa6c2df222559e2a923,True
松山市,2026-07,第260514号,2026-07-17,2026-07-17,2031-09-30,飲食店営業,愚陀佛庵,松山市二番町4丁目6-1,382019,,,,,new_or_renewal,https://www.city.matsuyama.ehime.jp/shisei/opendata/metadata/shokuhinsinki.files/shokuhinsinki.xlsx,076ab31512db6c0d16c1b33f07ef1bd543cdc99cc8d394f932db4b2b7560bd84,official_current_rolling_workbook,2026-07,new,66e963d405f18ef2afa7ffa9,True
松山市,2026-07,第260515号,2026-07-17,2026-07-17,2031-09-30,飲食店営業,KING　KONG,松山市三番町2丁目10-3サンフィールドビル　4F,382019,,,,,new_or_renewal,https://www.city.matsuyama.ehime.jp/shisei/opendata/metadata/shokuhinsinki.files/shokuhinsinki.xlsx,076ab31512db6c0d16c1b33f07ef1bd543cdc99cc8d394f932db4b2b7560bd84,official_current_rolling_workbook,2026-07,new,851de5c55ccf79169c65c962,True
松山市,2026-07,第260516号,2026-07-17,2026-07-17,2031-09-30,飲食店営業,城北maruカフェ,松山市馬木町2325,382019,,,,,new_or_renewal,https://www.city.matsuyama.ehime.jp/shisei/opendata/metadata/shokuhinsinki.files/shokuhinsinki.xlsx,076ab31512db6c0d16c1b33f07ef1bd543cdc99cc8d394f932db4b2b7560bd84,official_current_rolling_workbook,2026-07,new,046e9f6af289d261de586a3e,True
松山市,2026-07,第260517号,2026-07-17,2026-07-17,2031-09-30,飲食店営業,ラー麺ずんどう屋　松山問屋町店,松山市問屋町1-4,382019,,,,,new_or_renewal,https://www.city.matsuyama.ehime.jp/shisei/opendata/metadata/shokuhinsinki.files/shokuhinsinki.xlsx,076ab31512db6c0d16c1b33f07ef1bd543cdc99cc8d394f932db4b2b7560bd84,official_current_rolling_workbook,2026-07,new,6119a86f55b49839eabaab01,True
松山市,2026-07,第260518号,2026-07-21,2026-07-21,2031-09-30,飲食店営業,いよてつ髙島屋　7階催会場　メゾン・ロージー,松山市湊町5丁目1-1株式会社　伊予鉄髙島屋　7階,382019,,,,,new_or_renewal,https://www.city.matsuyama.ehime.jp/shisei/opendata/metadata/shokuhinsinki.files/shokuhinsinki.xlsx,076ab31512db6c0d16c1b33f07ef1bd543cdc99cc8d394f932db4b2b7560bd84,official_current_rolling_workbook,2026-07,new,ffb973ed944e21bb876d6ee2,True
松山市,2026-07,第260519号,2021-09-06,2026-07-21,2031-09-30,飲食店営業,鳥匠,松山市三番町3丁目84-12,382019,,,,,new_or_renewal,https://www.city.matsuyama.ehime.jp/shisei/opendata/metadata/shokuhinsinki.files/shokuhinsinki.xlsx,076ab31512db6c0d16c1b33f07ef1bd543cdc99cc8d394f932db4b2b7560bd84,official_current_rolling_workbook,2026-07,renewal,1692a7778ca40f3d139d7f3c,True
松山市,2026-07,第260520号,2021-08-20,2026-07-21,2031-09-30,飲食店営業,ブルドック,松山市歩行町1丁目9-1　1F,382019,,,,,new_or_renewal,https://www.city.matsuyama.ehime.jp/shisei/opendata/metadata/shokuhinsinki.files/shokuhinsinki.xlsx,076ab31512db6c0d16c1b33f07ef1bd543cdc99cc8d394f932db4b2b7560bd84,official_current_rolling_workbook,2026-07,renewal,c4e1a019871ba8ffea7a8b46,True
松山市,2026-07,第260521号,2021-08-19,2026-07-21,2031-09-30,菓子製造業,モンマルトル,松山市花園町4-2菅ビル1F,382019,,,,,new_or_renewal,https://www.city.matsuyama.ehime.jp/shisei/opendata/metadata/shokuhinsinki.files/shokuhinsinki.xlsx,076ab31512db6c0d16c1b33f07ef1bd543cdc99cc8d394f932db4b2b7560bd84,official_current_rolling_workbook,2026-07,renewal,30a1aee278669e651f22bcf3,False
松山市,2026-07,第260522号,2021-09-07,2026-07-21,2031-09-30,飲食店営業,アメリカンキャンパス　ＵＳＡ,松山市二番町2丁目9-3コスモ二番町ビル　4F,382019,,,,,new_or_renewal,https://www.city.matsuyama.ehime.jp/shisei/opendata/metadata/shokuhinsinki.files/shokuhinsinki.xlsx,076ab31512db6c0d16c1b33f07ef1bd543cdc99cc8d394f932db4b2b7560bd84,official_current_rolling_workbook,2026-07,renewal,ac016b95aede1bf585146c02,True
松山市,2026-07,第260523号,2021-09-08,2026-07-21,2031-09-30,飲食店営業,創作レスト　サブリナ,松山市湊町3丁目10-2　2F,382019,,,,,new_or_renewal,https://www.city.matsuyama.ehime.jp/shisei/opendata/metadata/shokuhinsinki.files/shokuhinsinki.xlsx,076ab31512db6c0d16c1b33f07ef1bd543cdc99cc8d394f932db4b2b7560bd84,official_current_rolling_workbook,2026-07,renewal,11e3442280d5d7c7446461c4,True
松山市,2026-07,第260524号,2021-07-21,2026-07-21,2031-09-30,飲食店営業,豚ホルモン焼肉　39とん吉,松山市三番町1丁目7-6,382019,,,,,new_or_renewal,https://www.city.matsuyama.ehime.jp/shisei/opendata/metadata/shokuhinsinki.files/shokuhinsinki.xlsx,076ab31512db6c0d16c1b33f07ef1bd543cdc99cc8d394f932db4b2b7560bd84,official_current_rolling_workbook,2026-07,renewal,ff127aa92530739305c5a948,True
松山市,2026-07,第260525号,2021-08-24,2026-07-21,2031-09-30,飲食店営業,ローソン勝山通り店,松山市勝山町1丁目11-2,382019,,,,,new_or_renewal,https://www.city.matsuyama.ehime.jp/shisei/opendata/metadata/shokuhinsinki.files/shokuhinsinki.xlsx,076ab31512db6c0d16c1b33f07ef1bd543cdc99cc8d394f932db4b2b7560bd84,official_current_rolling_workbook,2026-07,renewal,7ac444363fafa4a128bd9a02,True
松山市,2026-07,第260526号,2021-08-26,2026-07-21,2031-09-30,飲食店営業,GALA,松山市一番町2丁目5-10スカイ一番町ビル102号,382019,,,,,new_or_renewal,https://www.city.matsuyama.ehime.jp/shisei/opendata/metadata/shokuhinsinki.files/shokuhinsinki.xlsx,076ab31512db6c0d16c1b33f07ef1bd543cdc99cc8d394f932db4b2b7560bd84,official_current_rolling_workbook,2026-07,renewal,677565b907f397e37dd440fb,True
松山市,2026-07,第260527号,2026-07-22,2026-07-22,2031-09-30,菓子製造業,1ポンドの幸せ,松山市久保394-13,382019,,,,,new_or_renewal,https://www.city.matsuyama.ehime.jp/shisei/opendata/metadata/shokuhinsinki.files/shokuhinsinki.xlsx,076ab31512db6c0d16c1b33f07ef1bd543cdc99cc8d394f932db4b2b7560bd84,official_current_rolling_workbook,2026-07,new,13b8b27de0af91af9808aac0,False
松山市,2026-07,第260528号,2026-07-22,2026-07-22,2031-09-30,飲食店営業,1ポンドの幸せ,松山市久保394-13,382019,,,,,new_or_renewal,https://www.city.matsuyama.ehime.jp/shisei/opendata/metadata/shokuhinsinki.files/shokuhinsinki.xlsx,076ab31512db6c0d16c1b33f07ef1bd543cdc99cc8d394f932db4b2b7560bd84,official_current_rolling_workbook,2026-07,new,cba8a15d2f690dfbf848e0bd,True
松山市,2026-07,第260529号,2026-07-22,2026-07-22,2031-09-30,飲食店営業,焼き鳥　天。,松山市二番町3丁目4-15 PARADISE CITY二番町ビル1F,382019,,,,,new_or_renewal,https://www.city.matsuyama.ehime.jp/shisei/opendata/metadata/shokuhinsinki.files/shokuhinsinki.xlsx,076ab31512db6c0d16c1b33f07ef1bd543cdc99cc8d394f932db4b2b7560bd84,official_current_rolling_workbook,2026-07,new,128fd988581f80c5db09f3eb,True
松山市,2026-07,第260530号,2021-08-27,2026-07-22,2031-09-30,飲食店営業,串揚げ専門店回向,松山市千舟町5丁目3-1マツケン千舟町ビル1F西,382019,,,,,new_or_renewal,https://www.city.matsuyama.ehime.jp/shisei/opendata/metadata/shokuhinsinki.files/shokuhinsinki.xlsx,076ab31512db6c0d16c1b33f07ef1bd543cdc99cc8d394f932db4b2b7560bd84,official_current_rolling_workbook,2026-07,renewal,4d06eff147204db43476868d,True
松山市,2026-07,第260531号,2021-09-10,2026-07-22,2031-09-30,飲食店営業,いわもと,松山市三番町1丁目4-5 1F,382019,,,,,new_or_renewal,https://www.city.matsuyama.ehime.jp/shisei/opendata/metadata/shokuhinsinki.files/shokuhinsinki.xlsx,076ab31512db6c0d16c1b33f07ef1bd543cdc99cc8d394f932db4b2b7560bd84,official_current_rolling_workbook,2026-07,renewal,1d2c45048e5d90a556f0bb3f,True
松山市,2026-07,第260532号,2021-08-10,2026-07-22,2031-09-30,飲食店営業,麺と向かって　鰹,松山市湊町4丁目1-12プログレッソプリモ1F東,382019,,,,,new_or_renewal,https://www.city.matsuyama.ehime.jp/shisei/opendata/metadata/shokuhinsinki.files/shokuhinsinki.xlsx,076ab31512db6c0d16c1b33f07ef1bd543cdc99cc8d394f932db4b2b7560bd84,official_current_rolling_workbook,2026-07,renewal,6dd5c22bb940f25cf49483f5,True
松山市,2026-07,第260533号,2021-08-20,2026-07-22,2031-09-30,飲食店営業,焼鳥　山根,松山市二番町2丁目5-14　1F,382019,,,,,new_or_renewal,https://www.city.matsuyama.ehime.jp/shisei/opendata/metadata/shokuhinsinki.files/shokuhinsinki.xlsx,076ab31512db6c0d16c1b33f07ef1bd543cdc99cc8d394f932db4b2b7560bd84,official_current_rolling_workbook,2026-07,renewal,ae7ea9f457ab9a5e9300a462,True
松山市,2026-07,第260534号,2021-08-19,2026-07-22,2031-09-30,飲食店営業,GIRLS　BAR　BINGO,松山市三番町1丁目16-5第2クリーンビル2F,382019,,,,,new_or_renewal,https://www.city.matsuyama.ehime.jp/shisei/opendata/metadata/shokuhinsinki.files/shokuhinsinki.xlsx,076ab31512db6c0d16c1b33f07ef1bd543cdc99cc8d394f932db4b2b7560bd84,official_current_rolling_workbook,2026-07,renewal,465e69d9ad50950557468d5d,True
松山市,2026-07,第260535号,2026-07-23,2026-07-23,2031-09-30,飲食店営業,土屋水産,松山市西一万町5-2,382019,,,,,new_or_renewal,https://www.city.matsuyama.ehime.jp/shisei/opendata/metadata/shokuhinsinki.files/shokuhinsinki.xlsx,076ab31512db6c0d16c1b33f07ef1bd543cdc99cc8d394f932db4b2b7560bd84,official_current_rolling_workbook,2026-07,new,1dffbee88396b8f4aac4daf8,True
松山市,2026-07,第260536号,2026-07-24,2026-07-24,2031-09-30,飲食店営業,HINOKI and the green,松山市船ケ谷町193-1,382019,,,,,new_or_renewal,https://www.city.matsuyama.ehime.jp/shisei/opendata/metadata/shokuhinsinki.files/shokuhinsinki.xlsx,076ab31512db6c0d16c1b33f07ef1bd543cdc99cc8d394f932db4b2b7560bd84,official_current_rolling_workbook,2026-07,new,70b27e3d60d3c9f6a2e77c08,True
松山市,2026-07,第260537号,2026-07-24,2026-07-24,2031-09-30,飲食店営業,NANA’YA,松山市余戸南1丁目24-50,382019,,,,,new_or_renewal,https://www.city.matsuyama.ehime.jp/shisei/opendata/metadata/shokuhinsinki.files/shokuhinsinki.xlsx,076ab31512db6c0d16c1b33f07ef1bd543cdc99cc8d394f932db4b2b7560bd84,official_current_rolling_workbook,2026-07,new,c8f20e57c029ec22dfb789c7,True
松山市,2026-07,第260538号,2026-07-24,2026-07-24,2031-09-30,飲食店営業,木村チェーン朝生田店,松山市朝生田町6丁目5-37,382019,,,,,new_or_renewal,https://www.city.matsuyama.ehime.jp/shisei/opendata/metadata/shokuhinsinki.files/shokuhinsinki.xlsx,076ab31512db6c0d16c1b33f07ef1bd543cdc99cc8d394f932db4b2b7560bd84,official_current_rolling_workbook,2026-07,new,0b0e2d255f66f2288737ff81,True
松山市,2026-07,第260539号,2026-07-24,2026-07-24,2031-09-30,飲食店営業,株式会社フジ　地産市場エフ・マルシェ古川店,松山市古川北1丁目26-12,382019,,,,,new_or_renewal,https://www.city.matsuyama.ehime.jp/shisei/opendata/metadata/shokuhinsinki.files/shokuhinsinki.xlsx,076ab31512db6c0d16c1b33f07ef1bd543cdc99cc8d394f932db4b2b7560bd84,official_current_rolling_workbook,2026-07,new,81b925af9aa0349b79780e7d,True
松山市,2026-07,第260540号,2026-07-24,2026-07-24,2031-09-30,飲食店営業,スーパーABC石井店,松山市北土居3丁目8-11,382019,,,,,new_or_renewal,https://www.city.matsuyama.ehime.jp/shisei/opendata/metadata/shokuhinsinki.files/shokuhinsinki.xlsx,076ab31512db6c0d16c1b33f07ef1bd543cdc99cc8d394f932db4b2b7560bd84,official_current_rolling_workbook,2026-07,new,b2fca96fc8f6bbaf9710c4c1,True
松山市,2026-07,第260541号,2026-07-24,2026-07-24,2031-09-30,飲食店営業,サニーマート森松店,松山市森松町276-4,382019,,,,,new_or_renewal,https://www.city.matsuyama.ehime.jp/shisei/opendata/metadata/shokuhinsinki.files/shokuhinsinki.xlsx,076ab31512db6c0d16c1b33f07ef1bd543cdc99cc8d394f932db4b2b7560bd84,official_current_rolling_workbook,2026-07,new,c19c45406833cc6651c1b511,True
松山市,2026-07,第260542号,2026-07-24,2026-07-24,2031-09-30,飲食店営業,サニーマート松山久米店,松山市北久米町698-1,382019,,,,,new_or_renewal,https://www.city.matsuyama.ehime.jp/shisei/opendata/metadata/shokuhinsinki.files/shokuhinsinki.xlsx,076ab31512db6c0d16c1b33f07ef1bd543cdc99cc8d394f932db4b2b7560bd84,official_current_rolling_workbook,2026-07,new,c3fc251be137a0b572bbc552,True
松山市,2026-07,第260543号,2026-07-24,2026-07-24,2031-09-30,飲食店営業,ダイレックス束本店内　土屋水産(株),松山市束本2丁目13-42,382019,,,,,new_or_renewal,https://www.city.matsuyama.ehime.jp/shisei/opendata/metadata/shokuhinsinki.files/shokuhinsinki.xlsx,076ab31512db6c0d16c1b33f07ef1bd543cdc99cc8d394f932db4b2b7560bd84,official_current_rolling_workbook,2026-07,new,59b70fc9ec8a238c6a24e48c,True
松山市,2026-07,第260544号,2026-07-24,2026-07-24,2031-09-30,飲食店営業,サニーマート束本店,松山市束本1丁目8-5,382019,,,,,new_or_renewal,https://www.city.matsuyama.ehime.jp/shisei/opendata/metadata/shokuhinsinki.files/shokuhinsinki.xlsx,076ab31512db6c0d16c1b33f07ef1bd543cdc99cc8d394f932db4b2b7560bd84,official_current_rolling_workbook,2026-07,new,8e5a43837d0cd07b9e2176c8,True
松山市,2026-07,第260545号,2026-07-24,2026-07-24,2031-09-30,飲食店営業,クスリのアオキ松山高岡店（臨時営業）,松山市高岡町297番地,382019,,,,,new_or_renewal,https://www.city.matsuyama.ehime.jp/shisei/opendata/metadata/shokuhinsinki.files/shokuhinsinki.xlsx,076ab31512db6c0d16c1b33f07ef1bd543cdc99cc8d394f932db4b2b7560bd84,official_current_rolling_workbook,2026-07,new,a252e6d62f6cc382ff6ddd33,True
松山市,2026-07,第260546号,2021-09-09,2026-07-24,2031-09-30,飲食店営業,サンタサンタカフェダイニング,松山市湊町5丁目1-1伊予鉄髙島屋3Ｆ,382019,,,,,new_or_renewal,https://www.city.matsuyama.ehime.jp/shisei/opendata/metadata/shokuhinsinki.files/shokuhinsinki.xlsx,076ab31512db6c0d16c1b33f07ef1bd543cdc99cc8d394f932db4b2b7560bd84,official_current_rolling_workbook,2026-07,renewal,3f18bd3ccceb5959bcd1971b,True
松山市,2026-07,第260547号,2021-07-20,2026-07-24,2031-09-30,飲食店営業,くるますし,松山市一番町1丁目6-9,382019,,,,,new_or_renewal,https://www.city.matsuyama.ehime.jp/shisei/opendata/metadata/shokuhinsinki.files/shokuhinsinki.xlsx,076ab31512db6c0d16c1b33f07ef1bd543cdc99cc8d394f932db4b2b7560bd84,official_current_rolling_workbook,2026-07,renewal,b6671aae61e163bb6d134c5a,True
松山市,2026-07,第260548号,2026-07-25,2026-07-25,2031-09-30,飲食店営業,株式会社フジ　瀬戸内海響市場エフ・マルシェ南吉田店,松山市南吉田町1458,382019,,,,,new_or_renewal,https://www.city.matsuyama.ehime.jp/shisei/opendata/metadata/shokuhinsinki.files/shokuhinsinki.xlsx,076ab31512db6c0d16c1b33f07ef1bd543cdc99cc8d394f932db4b2b7560bd84,official_current_rolling_workbook,2026-07,new,a5190fd59ffcac9c1ad6880d,True
松山市,2026-07,第260549号,2026-07-27,2026-07-27,2031-09-30,飲食店営業,雪氷 Snow ICE,松山市道後湯之町11-19,382019,,,,,new_or_renewal,https://www.city.matsuyama.ehime.jp/shisei/opendata/metadata/shokuhinsinki.files/shokuhinsinki.xlsx,076ab31512db6c0d16c1b33f07ef1bd543cdc99cc8d394f932db4b2b7560bd84,official_current_rolling_workbook,2026-07,new,715a919c2eea275697337b67,True
松山市,2026-07,第260550号,2026-07-27,2026-07-27,2031-09-30,飲食店営業,8M,松山市大街道2丁目3-1 PANABLUD　2F、3F,382019,,,,,new_or_renewal,https://www.city.matsuyama.ehime.jp/shisei/opendata/metadata/shokuhinsinki.files/shokuhinsinki.xlsx,076ab31512db6c0d16c1b33f07ef1bd543cdc99cc8d394f932db4b2b7560bd84,official_current_rolling_workbook,2026-07,new,e5f047a3a9bca05e6d9ffef6,True
松山市,2026-07,第260551号,2026-07-27,2026-07-27,2031-09-30,飲食店営業,地鶏炭火焼　鶏ゆう,松山市南久米町151-2,382019,,,,,new_or_renewal,https://www.city.matsuyama.ehime.jp/shisei/opendata/metadata/shokuhinsinki.files/shokuhinsinki.xlsx,076ab31512db6c0d16c1b33f07ef1bd543cdc99cc8d394f932db4b2b7560bd84,official_current_rolling_workbook,2026-07,new,8087f896368252ba851111e9,True
松山市,2026-07,第260552号,2026-07-27,2026-07-27,2031-09-30,飲食店営業,イマジン・デッキ,松山市文京町3,382019,,,,,new_or_renewal,https://www.city.matsuyama.ehime.jp/shisei/opendata/metadata/shokuhinsinki.files/shokuhinsinki.xlsx,076ab31512db6c0d16c1b33f07ef1bd543cdc99cc8d394f932db4b2b7560bd84,official_current_rolling_workbook,2026-07,new,3eac8e3db13478a81dbe1c9e,True
松山市,2026-07,第260553号,2021-08-17,2026-07-27,2031-09-30,飲食店営業,レストラン　泉,松山市大手町2丁目9₋10　1F,382019,,,,,new_or_renewal,https://www.city.matsuyama.ehime.jp/shisei/opendata/metadata/shokuhinsinki.files/shokuhinsinki.xlsx,076ab31512db6c0d16c1b33f07ef1bd543cdc99cc8d394f932db4b2b7560bd84,official_current_rolling_workbook,2026-07,renewal,25566f710bd03f5819ccb462,True
松山市,2026-07,第260554号,2021-09-08,2026-07-27,2031-09-30,飲食店営業,さくら寿し,松山市千舟町1丁目2-11八束総合ビル1F,382019,,,,,new_or_renewal,https://www.city.matsuyama.ehime.jp/shisei/opendata/metadata/shokuhinsinki.files/shokuhinsinki.xlsx,076ab31512db6c0d16c1b33f07ef1bd543cdc99cc8d394f932db4b2b7560bd84,official_current_rolling_workbook,2026-07,renewal,626d8cb7ec46f537b6e5c3a3,True
松山市,2026-07,第260555号,2021-09-30,2026-07-27,2031-09-30,飲食店営業,ドトールコーヒーショップ　松山湊町店,松山市湊町4丁目7-12,382019,,,,,new_or_renewal,https://www.city.matsuyama.ehime.jp/shisei/opendata/metadata/shokuhinsinki.files/shokuhinsinki.xlsx,076ab31512db6c0d16c1b33f07ef1bd543cdc99cc8d394f932db4b2b7560bd84,official_current_rolling_workbook,2026-07,renewal,f38e9f39225a8a2cf658128a,True
松山市,2026-07,第260556号,2021-09-14,2026-07-27,2031-09-30,飲食店営業,ビレッジ　ビーンズ,松山市千舟町2丁目8-1三好ビル2F　南,382019,,,,,new_or_renewal,https://www.city.matsuyama.ehime.jp/shisei/opendata/metadata/shokuhinsinki.files/shokuhinsinki.xlsx,076ab31512db6c0d16c1b33f07ef1bd543cdc99cc8d394f932db4b2b7560bd84,official_current_rolling_workbook,2026-07,renewal,692379acb3d7779c67160d98,True
松山市,2026-07,第260557号,2026-07-28,2026-07-28,2031-09-30,飲食店営業,Maison de Gout,松山市泊町584,382019,,,,,new_or_renewal,https://www.city.matsuyama.ehime.jp/shisei/opendata/metadata/shokuhinsinki.files/shokuhinsinki.xlsx,076ab31512db6c0d16c1b33f07ef1bd543cdc99cc8d394f932db4b2b7560bd84,official_current_rolling_workbook,2026-07,new,dbc11bac7bc304677c03a103,True
松山市,2026-07,第260558号,2021-08-25,2026-07-28,2031-09-30,水産製品製造業,有限会社堀本かまぼこ,松山市三津2丁目16-24,382019,,,,,new_or_renewal,https://www.city.matsuyama.ehime.jp/shisei/opendata/metadata/shokuhinsinki.files/shokuhinsinki.xlsx,076ab31512db6c0d16c1b33f07ef1bd543cdc99cc8d394f932db4b2b7560bd84,official_current_rolling_workbook,2026-07,renewal,e5cb97cebe6cf943d8c95492,False
松山市,2026-07,第260559号,2021-09-01,2026-07-28,2031-09-30,飲食店営業,ワインバー.ハナコ,松山市二番町1丁目5-30古唐人ANEX5F,382019,,,,,new_or_renewal,https://www.city.matsuyama.ehime.jp/shisei/opendata/metadata/shokuhinsinki.files/shokuhinsinki.xlsx,076ab31512db6c0d16c1b33f07ef1bd543cdc99cc8d394f932db4b2b7560bd84,official_current_rolling_workbook,2026-07,renewal,029fe3c6f2ad09f77055959f,True
松山市,2026-07,第260560号,2021-08-26,2026-07-28,2031-09-30,飲食店営業,プロント松山大街道店,松山市大街道2丁目5-9久保豊第1ビル1F,382019,,,,,new_or_renewal,https://www.city.matsuyama.ehime.jp/shisei/opendata/metadata/shokuhinsinki.files/shokuhinsinki.xlsx,076ab31512db6c0d16c1b33f07ef1bd543cdc99cc8d394f932db4b2b7560bd84,official_current_rolling_workbook,2026-07,renewal,b3f4940525d903c3214d20eb,True
松山市,2026-07,第260561号,2021-07-02,2026-07-28,2031-09-30,飲食店営業,正夢　別邸,松山市二番町2丁目6-2二番町KKビル3F,382019,,,,,new_or_renewal,https://www.city.matsuyama.ehime.jp/shisei/opendata/metadata/shokuhinsinki.files/shokuhinsinki.xlsx,076ab31512db6c0d16c1b33f07ef1bd543cdc99cc8d394f932db4b2b7560bd84,official_current_rolling_workbook,2026-07,renewal,8e7124030fbbb220dc158261,True
松山市,2026-07,第260562号,2026-07-29,2026-07-29,2031-09-30,そうざい製造業,うごもり惣菜　富久店,松山市富久町430-2,382019,,,,,new_or_renewal,https://www.city.matsuyama.ehime.jp/shisei/opendata/metadata/shokuhinsinki.files/shokuhinsinki.xlsx,076ab31512db6c0d16c1b33f07ef1bd543cdc99cc8d394f932db4b2b7560bd84,official_current_rolling_workbook,2026-07,new,6b5bbb14b8906a06259dedd5,False
松山市,2026-07,第260563号,2026-07-29,2026-07-29,2031-09-30,飲食店営業,湯と巻　に鼓ん,松山市二番町2丁目5-9プラスワンビル1F,382019,,,,,new_or_renewal,https://www.city.matsuyama.ehime.jp/shisei/opendata/metadata/shokuhinsinki.files/shokuhinsinki.xlsx,076ab31512db6c0d16c1b33f07ef1bd543cdc99cc8d394f932db4b2b7560bd84,official_current_rolling_workbook,2026-07,new,3676bd97eb01bc01240377b3,True
松山市,2026-07,第260564号,2026-07-29,2026-07-29,2031-09-30,飲食店営業,LYS,松山市三津2丁目14-23,382019,,,,,new_or_renewal,https://www.city.matsuyama.ehime.jp/shisei/opendata/metadata/shokuhinsinki.files/shokuhinsinki.xlsx,076ab31512db6c0d16c1b33f07ef1bd543cdc99cc8d394f932db4b2b7560bd84,official_current_rolling_workbook,2026-07,new,506378fe50822df02bc92009,True
松山市,2026-07,第260565号,2026-07-29,2026-07-29,2031-09-30,飲食店営業,そばまえ十三,松山市大街道2丁目1-3　OKD213ビル1F,382019,,,,,new_or_renewal,https://www.city.matsuyama.ehime.jp/shisei/opendata/metadata/shokuhinsinki.files/shokuhinsinki.xlsx,076ab31512db6c0d16c1b33f07ef1bd543cdc99cc8d394f932db4b2b7560bd84,official_current_rolling_workbook,2026-07,new,df1723781738ac93eeea151a,True
松山市,2026-07,第260566号,2026-07-29,2026-07-29,2031-09-30,麺類製造業,そばまえ十三,松山市大街道2丁目1-3　OKD213ビル1F,382019,,,,,new_or_renewal,https://www.city.matsuyama.ehime.jp/shisei/opendata/metadata/shokuhinsinki.files/shokuhinsinki.xlsx,076ab31512db6c0d16c1b33f07ef1bd543cdc99cc8d394f932db4b2b7560bd84,official_current_rolling_workbook,2026-07,new,beacd5608dad98bcd8c919ef,False
松山市,2026-07,第260567号,2021-09-16,2026-07-29,2031-09-30,飲食店営業,SALVATORE CUOMO & BAR 松山,松山市一番町2丁目6-5ダイワロイネットホテル松山　1F,382019,,,,,new_or_renewal,https://www.city.matsuyama.ehime.jp/shisei/opendata/metadata/shokuhinsinki.files/shokuhinsinki.xlsx,076ab31512db6c0d16c1b33f07ef1bd543cdc99cc8d394f932db4b2b7560bd84,official_current_rolling_workbook,2026-07,renewal,5b7428d0416bac9ffbb7cf29,True
松山市,2026-07,第260568号,2021-08-23,2026-07-29,2031-09-30,飲食店営業,旬彩ばんざい　晴れの,松山市二番町2丁目5-16第2雅ビル3Ｆ,382019,,,,,new_or_renewal,https://www.city.matsuyama.ehime.jp/shisei/opendata/metadata/shokuhinsinki.files/shokuhinsinki.xlsx,076ab31512db6c0d16c1b33f07ef1bd543cdc99cc8d394f932db4b2b7560bd84,official_current_rolling_workbook,2026-07,renewal,5067e80cdb274c034ec623e1,True
松山市,2026-07,第260569号,2021-07-06,2026-07-29,2031-09-30,飲食店営業,さくら家,松山市一番町2丁目4-6第一吾妻ビル1Ｆ,382019,,,,,new_or_renewal,https://www.city.matsuyama.ehime.jp/shisei/opendata/metadata/shokuhinsinki.files/shokuhinsinki.xlsx,076ab31512db6c0d16c1b33f07ef1bd543cdc99cc8d394f932db4b2b7560bd84,official_current_rolling_workbook,2026-07,renewal,70c06c3647a9aafe27896de1,True
松山市,2026-07,第260570号,2021-08-31,2026-07-29,2031-09-30,飲食店営業,うまいもん焼き居酒屋おくむら,松山市一番町1丁目13-12シャルトみき101,382019,,,,,new_or_renewal,https://www.city.matsuyama.ehime.jp/shisei/opendata/metadata/shokuhinsinki.files/shokuhinsinki.xlsx,076ab31512db6c0d16c1b33f07ef1bd543cdc99cc8d394f932db4b2b7560bd84,official_current_rolling_workbook,2026-07,renewal,0c87b36b8c1524370433b77f,True
松山市,2026-07,第260571号,2021-09-01,2026-07-29,2031-09-30,飲食店営業,そば吉髙島屋店,松山市湊町5丁目1-1株式会社伊予鉄髙島屋8F,382019,,,,,new_or_renewal,https://www.city.matsuyama.ehime.jp/shisei/opendata/metadata/shokuhinsinki.files/shokuhinsinki.xlsx,076ab31512db6c0d16c1b33f07ef1bd543cdc99cc8d394f932db4b2b7560bd84,official_current_rolling_workbook,2026-07,renewal,9ce41797629263cb1ff2536b,True
松山市,2026-07,第260572号,2021-09-29,2026-07-29,2031-09-30,飲食店営業,とんかつ　活,松山市湊町5丁目1-1伊予鉄髙島屋8F,382019,,,,,new_or_renewal,https://www.city.matsuyama.ehime.jp/shisei/opendata/metadata/shokuhinsinki.files/shokuhinsinki.xlsx,076ab31512db6c0d16c1b33f07ef1bd543cdc99cc8d394f932db4b2b7560bd84,official_current_rolling_workbook,2026-07,renewal,cca5743ebf8cf6d4e01d6968,True
松山市,2026-07,第260573号,2021-09-01,2026-07-29,2031-09-30,飲食店営業,松山四川飯店,松山市湊町5丁目1-1株式会社伊予鉄髙島屋8F,382019,,,,,new_or_renewal,https://www.city.matsuyama.ehime.jp/shisei/opendata/metadata/shokuhinsinki.files/shokuhinsinki.xlsx,076ab31512db6c0d16c1b33f07ef1bd543cdc99cc8d394f932db4b2b7560bd84,official_current_rolling_workbook,2026-07,renewal,47c48b0777715fdc106f7bd9,True
松山市,2026-07,第260574号,2021-08-23,2026-07-29,2031-09-30,飲食店営業,セブンイレブン松山勝山町1丁目店,松山市勝山町1丁目18-4,382019,,,,,new_or_renewal,https://www.city.matsuyama.ehime.jp/shisei/opendata/metadata/shokuhinsinki.files/shokuhinsinki.xlsx,076ab31512db6c0d16c1b33f07ef1bd543cdc99cc8d394f932db4b2b7560bd84,official_current_rolling_workbook,2026-07,renewal,a5ea75b944ae9e1c5543de93,True
松山市,2026-07,第260575号,2021-07-30,2026-07-29,2031-09-30,飲食店営業,鉄板dining　KOTARO,松山市二番町3丁目5-11アマーレビル1F,382019,,,,,new_or_renewal,https://www.city.matsuyama.ehime.jp/shisei/opendata/metadata/shokuhinsinki.files/shokuhinsinki.xlsx,076ab31512db6c0d16c1b33f07ef1bd543cdc99cc8d394f932db4b2b7560bd84,official_current_rolling_workbook,2026-07,renewal,cc197f33e6ba2ae589d1db63,True
松山市,2026-07,第260576号,2021-07-12,2026-07-30,2031-09-30,飲食店営業,necco,松山市三番町2丁目3-5スィエルビル B1F,382019,,,,,new_or_renewal,https://www.city.matsuyama.ehime.jp/shisei/opendata/metadata/shokuhinsinki.files/shokuhinsinki.xlsx,076ab31512db6c0d16c1b33f07ef1bd543cdc99cc8d394f932db4b2b7560bd84,official_current_rolling_workbook,2026-07,renewal,baaa9c44e1ba2f058e6858f3,True
松山市,2026-07,第260577号,2021-09-02,2026-07-31,2031-09-30,飲食店営業,サンマルクカフェ松山湊町店,松山市湊町4丁目6-6,382019,,,,,new_or_renewal,https://www.city.matsuyama.ehime.jp/shisei/opendata/metadata/shokuhinsinki.files/shokuhinsinki.xlsx,076ab31512db6c0d16c1b33f07ef1bd543cdc99cc8d394f932db4b2b7560bd84,official_current_rolling_workbook,2026-07,renewal,5b57ec3083401b61a5556a23,True
松山市,2026-07,第260578号,2026-07-31,2026-07-31,2031-09-30,飲食店営業,croffle LINK,松山市大街道2丁目5-9久保豊第1ビル1F,382019,,,,,new_or_renewal,https://www.city.matsuyama.ehime.jp/shisei/opendata/metadata/shokuhinsinki.files/shokuhinsinki.xlsx,076ab31512db6c0d16c1b33f07ef1bd543cdc99cc8d394f932db4b2b7560bd84,official_current_rolling_workbook,2026-07,new,78a9b6bb6214a2b15cc282b9,True
松山市,2026-07,第260579号,2026-07-31,2026-07-31,2031-09-30,飲食店営業,古着＆POPUP,松山市道後湯之町13-27,382019,,,,,new_or_renewal,https://www.city.matsuyama.ehime.jp/shisei/opendata/metadata/shokuhinsinki.files/shokuhinsinki.xlsx,076ab31512db6c0d16c1b33f07ef1bd543cdc99cc8d394f932db4b2b7560bd84,official_current_rolling_workbook,2026-07,new,09b1dfdce6f43469dcbf9ff7,True
松山市,2026-07,第260580号,2026-07-31,2026-07-31,2031-09-30,飲食店営業,YOGOURT WORLD 松山大街道店,松山市大街道2丁目1-31 みそらビル2F,382019,,,,,new_or_renewal,https://www.city.matsuyama.ehime.jp/shisei/opendata/metadata/shokuhinsinki.files/shokuhinsinki.xlsx,076ab31512db6c0d16c1b33f07ef1bd543cdc99cc8d394f932db4b2b7560bd84,official_current_rolling_workbook,2026-07,new,1d017a68868e7f79f4e34fe6,True
