{"type": "FeatureCollection", "features": [{"type": "Feature", "properties": {"window_end_month": "2025-08", "window_start_month": "2024-09", "mesh_1km": "50326622", "new_restaurant_permits_12m": 45, "active_mesh_rank": 1, "active_mesh_percentile": 100.0, "active_mesh_zscore": 6.3275, "hotspot_class": "top_5pct_active", "mesh_1km_center_lat": 33.85416666666667, "mesh_1km_center_lon": 132.78125}, "geometry": {"type": "Polygon", "coordinates": [[[132.775, 33.85], [132.7875, 33.85], [132.7875, 33.858333333333334], [132.775, 33.858333333333334], [132.775, 33.85]]]}}, {"type": "Feature", "properties": {"window_end_month": "2025-08", "window_start_month": "2024-09", "mesh_1km": "50326537", "new_restaurant_permits_12m": 17, "active_mesh_rank": 2, "active_mesh_percentile": 98.51, "active_mesh_zscore": 1.8733, "hotspot_class": "top_5pct_active", "mesh_1km_center_lat": 33.8625, "mesh_1km_center_lon": 132.71875}, "geometry": {"type": "Polygon", "coordinates": [[[132.7125, 33.858333333333334], [132.725, 33.858333333333334], [132.725, 33.86666666666667], [132.7125, 33.86666666666667], [132.7125, 33.858333333333334]]]}}, {"type": "Feature", "properties": {"window_end_month": "2025-08", "window_start_month": "2024-09", "mesh_1km": "50325671", "new_restaurant_permits_12m": 15, "active_mesh_rank": 3, "active_mesh_percentile": 97.01, "active_mesh_zscore": 1.5552, "hotspot_class": "top_5pct_active", "mesh_1km_center_lat": 33.8125, "mesh_1km_center_lon": 132.76874999999998}, "geometry": {"type": "Polygon", "coordinates": [[[132.7625, 33.80833333333333], [132.77499999999998, 33.80833333333333], [132.77499999999998, 33.81666666666666], [132.7625, 33.81666666666666], [132.7625, 33.80833333333333]]]}}, {"type": "Feature", "properties": {"window_end_month": "2025-08", "window_start_month": "2024-09", "mesh_1km": "50325681", "new_restaurant_permits_12m": 12, "active_mesh_rank": 4, "active_mesh_percentile": 95.52, "active_mesh_zscore": 1.0779, "hotspot_class": "top_5pct_active", "mesh_1km_center_lat": 33.82083333333334, "mesh_1km_center_lon": 132.76874999999998}, "geometry": {"type": "Polygon", "coordinates": [[[132.7625, 33.81666666666667], [132.77499999999998, 33.81666666666667], [132.77499999999998, 33.825], [132.7625, 33.825], [132.7625, 33.81666666666667]]]}}, {"type": "Feature", "properties": {"window_end_month": "2025-08", "window_start_month": "2024-09", "mesh_1km": "50325692", "new_restaurant_permits_12m": 12, "active_mesh_rank": 5, "active_mesh_percentile": 94.03, "active_mesh_zscore": 1.0779, "hotspot_class": "top_20pct_active", "mesh_1km_center_lat": 33.829166666666666, "mesh_1km_center_lon": 132.78125}, "geometry": {"type": "Polygon", "coordinates": [[[132.775, 33.825], [132.7875, 33.825], [132.7875, 33.833333333333336], [132.775, 33.833333333333336], [132.775, 33.825]]]}}, {"type": "Feature", "properties": {"window_end_month": "2025-08", "window_start_month": "2024-09", "mesh_1km": "50326602", "new_restaurant_permits_12m": 12, "active_mesh_rank": 6, "active_mesh_percentile": 92.54, "active_mesh_zscore": 1.0779, "hotspot_class": "top_20pct_active", "mesh_1km_center_lat": 33.837500000000006, "mesh_1km_center_lon": 132.78125}, "geometry": {"type": "Polygon", "coordinates": [[[132.775, 33.833333333333336], [132.7875, 33.833333333333336], [132.7875, 33.84166666666667], [132.775, 33.84166666666667], [132.775, 33.833333333333336]]]}}, {"type": "Feature", "properties": {"window_end_month": "2025-08", "window_start_month": "2024-09", "mesh_1km": "50325599", "new_restaurant_permits_12m": 10, "active_mesh_rank": 7, "active_mesh_percentile": 91.04, "active_mesh_zscore": 0.7598, "hotspot_class": "top_20pct_active", "mesh_1km_center_lat": 33.829166666666666, "mesh_1km_center_lon": 132.74375}, "geometry": {"type": "Polygon", "coordinates": [[[132.7375, 33.825], [132.75, 33.825], [132.75, 33.833333333333336], [132.7375, 33.833333333333336], [132.7375, 33.825]]]}}, {"type": "Feature", "properties": {"window_end_month": "2025-08", "window_start_month": "2024-09", "mesh_1km": "50325672", "new_restaurant_permits_12m": 10, "active_mesh_rank": 8, "active_mesh_percentile": 89.55, "active_mesh_zscore": 0.7598, "hotspot_class": "top_20pct_active", "mesh_1km_center_lat": 33.8125, "mesh_1km_center_lon": 132.78125}, "geometry": {"type": "Polygon", "coordinates": [[[132.775, 33.80833333333333], [132.7875, 33.80833333333333], [132.7875, 33.81666666666666], [132.775, 33.81666666666666], [132.775, 33.80833333333333]]]}}, {"type": "Feature", "properties": {"window_end_month": "2025-08", "window_start_month": "2024-09", "mesh_1km": "50325680", "new_restaurant_permits_12m": 10, "active_mesh_rank": 9, "active_mesh_percentile": 88.06, "active_mesh_zscore": 0.7598, "hotspot_class": "top_20pct_active", "mesh_1km_center_lat": 33.82083333333334, "mesh_1km_center_lon": 132.75625}, "geometry": {"type": "Polygon", "coordinates": [[[132.75, 33.81666666666667], [132.7625, 33.81666666666667], [132.7625, 33.825], [132.75, 33.825], [132.75, 33.81666666666667]]]}}, {"type": "Feature", "properties": {"window_end_month": "2025-08", "window_start_month": "2024-09", "mesh_1km": "50325682", "new_restaurant_permits_12m": 10, "active_mesh_rank": 10, "active_mesh_percentile": 86.57, "active_mesh_zscore": 0.7598, "hotspot_class": "top_20pct_active", "mesh_1km_center_lat": 33.82083333333334, "mesh_1km_center_lon": 132.78125}, "geometry": {"type": "Polygon", "coordinates": [[[132.775, 33.81666666666667], [132.7875, 33.81666666666667], [132.7875, 33.825], [132.775, 33.825], [132.775, 33.81666666666667]]]}}, {"type": "Feature", "properties": {"window_end_month": "2025-08", "window_start_month": "2024-09", "mesh_1km": "50325690", "new_restaurant_permits_12m": 10, "active_mesh_rank": 11, "active_mesh_percentile": 85.07, "active_mesh_zscore": 0.7598, "hotspot_class": "top_20pct_active", "mesh_1km_center_lat": 33.829166666666666, "mesh_1km_center_lon": 132.75625}, "geometry": {"type": "Polygon", "coordinates": [[[132.75, 33.825], [132.7625, 33.825], [132.7625, 33.833333333333336], [132.75, 33.833333333333336], [132.75, 33.825]]]}}, {"type": "Feature", "properties": {"window_end_month": "2025-08", "window_start_month": "2024-09", "mesh_1km": "50325691", "new_restaurant_permits_12m": 10, "active_mesh_rank": 12, "active_mesh_percentile": 83.58, "active_mesh_zscore": 0.7598, "hotspot_class": "top_20pct_active", "mesh_1km_center_lat": 33.829166666666666, "mesh_1km_center_lon": 132.76874999999998}, "geometry": {"type": "Polygon", "coordinates": [[[132.7625, 33.825], [132.77499999999998, 33.825], [132.77499999999998, 33.833333333333336], [132.7625, 33.833333333333336], [132.7625, 33.825]]]}}, {"type": "Feature", "properties": {"window_end_month": "2025-08", "window_start_month": "2024-09", "mesh_1km": "50326630", "new_restaurant_permits_12m": 10, "active_mesh_rank": 13, "active_mesh_percentile": 82.09, "active_mesh_zscore": 0.7598, "hotspot_class": "top_20pct_active", "mesh_1km_center_lat": 33.8625, "mesh_1km_center_lon": 132.75625}, "geometry": {"type": "Polygon", "coordinates": [[[132.75, 33.858333333333334], [132.7625, 33.858333333333334], [132.7625, 33.86666666666667], [132.75, 33.86666666666667], [132.75, 33.858333333333334]]]}}, {"type": "Feature", "properties": {"window_end_month": "2025-08", "window_start_month": "2024-09", "mesh_1km": "50325597", "new_restaurant_permits_12m": 9, "active_mesh_rank": 14, "active_mesh_percentile": 80.6, "active_mesh_zscore": 0.6007, "hotspot_class": "top_20pct_active", "mesh_1km_center_lat": 33.829166666666666, "mesh_1km_center_lon": 132.71875}, "geometry": {"type": "Polygon", "coordinates": [[[132.7125, 33.825], [132.725, 33.825], [132.725, 33.833333333333336], [132.7125, 33.833333333333336], [132.7125, 33.825]]]}}, {"type": "Feature", "properties": {"window_end_month": "2025-08", "window_start_month": "2024-09", "mesh_1km": "50325670", "new_restaurant_permits_12m": 9, "active_mesh_rank": 15, "active_mesh_percentile": 79.1, "active_mesh_zscore": 0.6007, "hotspot_class": "other_active", "mesh_1km_center_lat": 33.8125, "mesh_1km_center_lon": 132.75625}, "geometry": {"type": "Polygon", "coordinates": [[[132.75, 33.80833333333333], [132.7625, 33.80833333333333], [132.7625, 33.81666666666666], [132.75, 33.81666666666666], [132.75, 33.80833333333333]]]}}, {"type": "Feature", "properties": {"window_end_month": "2025-08", "window_start_month": "2024-09", "mesh_1km": "50326538", "new_restaurant_permits_12m": 8, "active_mesh_rank": 16, "active_mesh_percentile": 77.61, "active_mesh_zscore": 0.4416, "hotspot_class": "other_active", "mesh_1km_center_lat": 33.8625, "mesh_1km_center_lon": 132.73125}, "geometry": {"type": "Polygon", "coordinates": [[[132.725, 33.858333333333334], [132.73749999999998, 33.858333333333334], [132.73749999999998, 33.86666666666667], [132.725, 33.86666666666667], [132.725, 33.858333333333334]]]}}, {"type": "Feature", "properties": {"window_end_month": "2025-08", "window_start_month": "2024-09", "mesh_1km": "50325673", "new_restaurant_permits_12m": 7, "active_mesh_rank": 17, "active_mesh_percentile": 76.12, "active_mesh_zscore": 0.2825, "hotspot_class": "other_active", "mesh_1km_center_lat": 33.8125, "mesh_1km_center_lon": 132.79375}, "geometry": {"type": "Polygon", "coordinates": [[[132.7875, 33.80833333333333], [132.79999999999998, 33.80833333333333], [132.79999999999998, 33.81666666666666], [132.7875, 33.81666666666666], [132.7875, 33.80833333333333]]]}}, {"type": "Feature", "properties": {"window_end_month": "2025-08", "window_start_month": "2024-09", "mesh_1km": "50326509", "new_restaurant_permits_12m": 7, "active_mesh_rank": 18, "active_mesh_percentile": 74.63, "active_mesh_zscore": 0.2825, "hotspot_class": "other_active", "mesh_1km_center_lat": 33.837500000000006, "mesh_1km_center_lon": 132.74375}, "geometry": {"type": "Polygon", "coordinates": [[[132.7375, 33.833333333333336], [132.75, 33.833333333333336], [132.75, 33.84166666666667], [132.7375, 33.84166666666667], [132.7375, 33.833333333333336]]]}}, {"type": "Feature", "properties": {"window_end_month": "2025-08", "window_start_month": "2024-09", "mesh_1km": "50325598", "new_restaurant_permits_12m": 6, "active_mesh_rank": 19, "active_mesh_percentile": 73.13, "active_mesh_zscore": 0.1235, "hotspot_class": "other_active", "mesh_1km_center_lat": 33.829166666666666, "mesh_1km_center_lon": 132.73125}, "geometry": {"type": "Polygon", "coordinates": [[[132.725, 33.825], [132.73749999999998, 33.825], [132.73749999999998, 33.833333333333336], [132.725, 33.833333333333336], [132.725, 33.825]]]}}, {"type": "Feature", "properties": {"window_end_month": "2025-08", "window_start_month": "2024-09", "mesh_1km": "50325693", "new_restaurant_permits_12m": 6, "active_mesh_rank": 20, "active_mesh_percentile": 71.64, "active_mesh_zscore": 0.1235, "hotspot_class": "other_active", "mesh_1km_center_lat": 33.829166666666666, "mesh_1km_center_lon": 132.79375}, "geometry": {"type": "Polygon", "coordinates": [[[132.7875, 33.825], [132.79999999999998, 33.825], [132.79999999999998, 33.833333333333336], [132.7875, 33.833333333333336], [132.7875, 33.825]]]}}, {"type": "Feature", "properties": {"window_end_month": "2025-08", "window_start_month": "2024-09", "mesh_1km": "50326527", "new_restaurant_permits_12m": 6, "active_mesh_rank": 21, "active_mesh_percentile": 70.15, "active_mesh_zscore": 0.1235, "hotspot_class": "other_active", "mesh_1km_center_lat": 33.85416666666667, "mesh_1km_center_lon": 132.71875}, "geometry": {"type": "Polygon", "coordinates": [[[132.7125, 33.85], [132.725, 33.85], [132.725, 33.858333333333334], [132.7125, 33.858333333333334], [132.7125, 33.85]]]}}, {"type": "Feature", "properties": {"window_end_month": "2025-08", "window_start_month": "2024-09", "mesh_1km": "50326610", "new_restaurant_permits_12m": 6, "active_mesh_rank": 22, "active_mesh_percentile": 68.66, "active_mesh_zscore": 0.1235, "hotspot_class": "other_active", "mesh_1km_center_lat": 33.84583333333333, "mesh_1km_center_lon": 132.75625}, "geometry": {"type": "Polygon", "coordinates": [[[132.75, 33.84166666666667], [132.7625, 33.84166666666667], [132.7625, 33.85], [132.75, 33.85], [132.75, 33.84166666666667]]]}}, {"type": "Feature", "properties": {"window_end_month": "2025-08", "window_start_month": "2024-09", "mesh_1km": "50326620", "new_restaurant_permits_12m": 6, "active_mesh_rank": 23, "active_mesh_percentile": 67.16, "active_mesh_zscore": 0.1235, "hotspot_class": "other_active", "mesh_1km_center_lat": 33.85416666666667, "mesh_1km_center_lon": 132.75625}, "geometry": {"type": "Polygon", "coordinates": [[[132.75, 33.85], [132.7625, 33.85], [132.7625, 33.858333333333334], [132.75, 33.858333333333334], [132.75, 33.85]]]}}, {"type": "Feature", "properties": {"window_end_month": "2025-08", "window_start_month": "2024-09", "mesh_1km": "50326640", "new_restaurant_permits_12m": 6, "active_mesh_rank": 24, "active_mesh_percentile": 65.67, "active_mesh_zscore": 0.1235, "hotspot_class": "other_active", "mesh_1km_center_lat": 33.87083333333334, "mesh_1km_center_lon": 132.75625}, "geometry": {"type": "Polygon", "coordinates": [[[132.75, 33.86666666666667], [132.7625, 33.86666666666667], [132.7625, 33.875], [132.75, 33.875], [132.75, 33.86666666666667]]]}}, {"type": "Feature", "properties": {"window_end_month": "2025-08", "window_start_month": "2024-09", "mesh_1km": "50325589", "new_restaurant_permits_12m": 5, "active_mesh_rank": 25, "active_mesh_percentile": 64.18, "active_mesh_zscore": -0.0356, "hotspot_class": "other_active", "mesh_1km_center_lat": 33.82083333333334, "mesh_1km_center_lon": 132.74375}, "geometry": {"type": "Polygon", "coordinates": [[[132.7375, 33.81666666666667], [132.75, 33.81666666666667], [132.75, 33.825], [132.7375, 33.825], [132.7375, 33.81666666666667]]]}}, {"type": "Feature", "properties": {"window_end_month": "2025-08", "window_start_month": "2024-09", "mesh_1km": "50326529", "new_restaurant_permits_12m": 5, "active_mesh_rank": 26, "active_mesh_percentile": 62.69, "active_mesh_zscore": -0.0356, "hotspot_class": "other_active", "mesh_1km_center_lat": 33.85416666666667, "mesh_1km_center_lon": 132.74375}, "geometry": {"type": "Polygon", "coordinates": [[[132.7375, 33.85], [132.75, 33.85], [132.75, 33.858333333333334], [132.7375, 33.858333333333334], [132.7375, 33.85]]]}}, {"type": "Feature", "properties": {"window_end_month": "2025-08", "window_start_month": "2024-09", "mesh_1km": "50325578", "new_restaurant_permits_12m": 4, "active_mesh_rank": 27, "active_mesh_percentile": 61.19, "active_mesh_zscore": -0.1947, "hotspot_class": "other_active", "mesh_1km_center_lat": 33.8125, "mesh_1km_center_lon": 132.73125}, "geometry": {"type": "Polygon", "coordinates": [[[132.725, 33.80833333333333], [132.73749999999998, 33.80833333333333], [132.73749999999998, 33.81666666666666], [132.725, 33.81666666666666], [132.725, 33.80833333333333]]]}}, {"type": "Feature", "properties": {"window_end_month": "2025-08", "window_start_month": "2024-09", "mesh_1km": "50325663", "new_restaurant_permits_12m": 4, "active_mesh_rank": 28, "active_mesh_percentile": 59.7, "active_mesh_zscore": -0.1947, "hotspot_class": "other_active", "mesh_1km_center_lat": 33.80416666666666, "mesh_1km_center_lon": 132.79375}, "geometry": {"type": "Polygon", "coordinates": [[[132.7875, 33.8], [132.79999999999998, 33.8], [132.79999999999998, 33.80833333333333], [132.7875, 33.80833333333333], [132.7875, 33.8]]]}}, {"type": "Feature", "properties": {"window_end_month": "2025-08", "window_start_month": "2024-09", "mesh_1km": "50326528", "new_restaurant_permits_12m": 4, "active_mesh_rank": 29, "active_mesh_percentile": 58.21, "active_mesh_zscore": -0.1947, "hotspot_class": "other_active", "mesh_1km_center_lat": 33.85416666666667, "mesh_1km_center_lon": 132.73125}, "geometry": {"type": "Polygon", "coordinates": [[[132.725, 33.85], [132.73749999999998, 33.85], [132.73749999999998, 33.858333333333334], [132.725, 33.858333333333334], [132.725, 33.85]]]}}, {"type": "Feature", "properties": {"window_end_month": "2025-08", "window_start_month": "2024-09", "mesh_1km": "50326612", "new_restaurant_permits_12m": 4, "active_mesh_rank": 30, "active_mesh_percentile": 56.72, "active_mesh_zscore": -0.1947, "hotspot_class": "other_active", "mesh_1km_center_lat": 33.84583333333333, "mesh_1km_center_lon": 132.78125}, "geometry": {"type": "Polygon", "coordinates": [[[132.775, 33.84166666666667], [132.7875, 33.84166666666667], [132.7875, 33.85], [132.775, 33.85], [132.775, 33.84166666666667]]]}}, {"type": "Feature", "properties": {"window_end_month": "2025-08", "window_start_month": "2024-09", "mesh_1km": "50326613", "new_restaurant_permits_12m": 4, "active_mesh_rank": 31, "active_mesh_percentile": 55.22, "active_mesh_zscore": -0.1947, "hotspot_class": "other_active", "mesh_1km_center_lat": 33.84583333333333, "mesh_1km_center_lon": 132.79375}, "geometry": {"type": "Polygon", "coordinates": [[[132.7875, 33.84166666666667], [132.79999999999998, 33.84166666666667], [132.79999999999998, 33.85], [132.7875, 33.85], [132.7875, 33.84166666666667]]]}}, {"type": "Feature", "properties": {"window_end_month": "2025-08", "window_start_month": "2024-09", "mesh_1km": "50326623", "new_restaurant_permits_12m": 4, "active_mesh_rank": 32, "active_mesh_percentile": 53.73, "active_mesh_zscore": -0.1947, "hotspot_class": "other_active", "mesh_1km_center_lat": 33.85416666666667, "mesh_1km_center_lon": 132.79375}, "geometry": {"type": "Polygon", "coordinates": [[[132.7875, 33.85], [132.79999999999998, 33.85], [132.79999999999998, 33.858333333333334], [132.7875, 33.858333333333334], [132.7875, 33.85]]]}}, {"type": "Feature", "properties": {"window_end_month": "2025-08", "window_start_month": "2024-09", "mesh_1km": "50327652", "new_restaurant_permits_12m": 4, "active_mesh_rank": 33, "active_mesh_percentile": 52.24, "active_mesh_zscore": -0.1947, "hotspot_class": "other_active", "mesh_1km_center_lat": 33.962500000000006, "mesh_1km_center_lon": 132.78125}, "geometry": {"type": "Polygon", "coordinates": [[[132.775, 33.958333333333336], [132.7875, 33.958333333333336], [132.7875, 33.96666666666667], [132.775, 33.96666666666667], [132.775, 33.958333333333336]]]}}, {"type": "Feature", "properties": {"window_end_month": "2025-08", "window_start_month": "2024-09", "mesh_1km": "50325568", "new_restaurant_permits_12m": 3, "active_mesh_rank": 34, "active_mesh_percentile": 50.75, "active_mesh_zscore": -0.3538, "hotspot_class": "other_active", "mesh_1km_center_lat": 33.80416666666666, "mesh_1km_center_lon": 132.73125}, "geometry": {"type": "Polygon", "coordinates": [[[132.725, 33.8], [132.73749999999998, 33.8], [132.73749999999998, 33.80833333333333], [132.725, 33.80833333333333], [132.725, 33.8]]]}}, {"type": "Feature", "properties": {"window_end_month": "2025-08", "window_start_month": "2024-09", "mesh_1km": "50326547", "new_restaurant_permits_12m": 3, "active_mesh_rank": 35, "active_mesh_percentile": 49.25, "active_mesh_zscore": -0.3538, "hotspot_class": "other_active", "mesh_1km_center_lat": 33.87083333333334, "mesh_1km_center_lon": 132.71875}, "geometry": {"type": "Polygon", "coordinates": [[[132.7125, 33.86666666666667], [132.725, 33.86666666666667], [132.725, 33.875], [132.7125, 33.875], [132.7125, 33.86666666666667]]]}}, {"type": "Feature", "properties": {"window_end_month": "2025-08", "window_start_month": "2024-09", "mesh_1km": "50326579", "new_restaurant_permits_12m": 3, "active_mesh_rank": 36, "active_mesh_percentile": 47.76, "active_mesh_zscore": -0.3538, "hotspot_class": "other_active", "mesh_1km_center_lat": 33.89583333333333, "mesh_1km_center_lon": 132.74375}, "geometry": {"type": "Polygon", "coordinates": [[[132.7375, 33.891666666666666], [132.75, 33.891666666666666], [132.75, 33.9], [132.7375, 33.9], [132.7375, 33.891666666666666]]]}}, {"type": "Feature", "properties": {"window_end_month": "2025-08", "window_start_month": "2024-09", "mesh_1km": "50326603", "new_restaurant_permits_12m": 3, "active_mesh_rank": 37, "active_mesh_percentile": 46.27, "active_mesh_zscore": -0.3538, "hotspot_class": "other_active", "mesh_1km_center_lat": 33.837500000000006, "mesh_1km_center_lon": 132.79375}, "geometry": {"type": "Polygon", "coordinates": [[[132.7875, 33.833333333333336], [132.79999999999998, 33.833333333333336], [132.79999999999998, 33.84166666666667], [132.7875, 33.84166666666667], [132.7875, 33.833333333333336]]]}}, {"type": "Feature", "properties": {"window_end_month": "2025-08", "window_start_month": "2024-09", "mesh_1km": "50326621", "new_restaurant_permits_12m": 3, "active_mesh_rank": 38, "active_mesh_percentile": 44.78, "active_mesh_zscore": -0.3538, "hotspot_class": "other_active", "mesh_1km_center_lat": 33.85416666666667, "mesh_1km_center_lon": 132.76874999999998}, "geometry": {"type": "Polygon", "coordinates": [[[132.7625, 33.85], [132.77499999999998, 33.85], [132.77499999999998, 33.858333333333334], [132.7625, 33.858333333333334], [132.7625, 33.85]]]}}, {"type": "Feature", "properties": {"window_end_month": "2025-08", "window_start_month": "2024-09", "mesh_1km": "50327631", "new_restaurant_permits_12m": 3, "active_mesh_rank": 39, "active_mesh_percentile": 43.28, "active_mesh_zscore": -0.3538, "hotspot_class": "other_active", "mesh_1km_center_lat": 33.94583333333334, "mesh_1km_center_lon": 132.76874999999998}, "geometry": {"type": "Polygon", "coordinates": [[[132.7625, 33.94166666666667], [132.77499999999998, 33.94166666666667], [132.77499999999998, 33.95], [132.7625, 33.95], [132.7625, 33.94166666666667]]]}}, {"type": "Feature", "properties": {"window_end_month": "2025-08", "window_start_month": "2024-09", "mesh_1km": "50325579", "new_restaurant_permits_12m": 2, "active_mesh_rank": 40, "active_mesh_percentile": 41.79, "active_mesh_zscore": -0.5128, "hotspot_class": "other_active", "mesh_1km_center_lat": 33.8125, "mesh_1km_center_lon": 132.74375}, "geometry": {"type": "Polygon", "coordinates": [[[132.7375, 33.80833333333333], [132.75, 33.80833333333333], [132.75, 33.81666666666666], [132.7375, 33.81666666666666], [132.7375, 33.80833333333333]]]}}, {"type": "Feature", "properties": {"window_end_month": "2025-08", "window_start_month": "2024-09", "mesh_1km": "50325662", "new_restaurant_permits_12m": 2, "active_mesh_rank": 41, "active_mesh_percentile": 40.3, "active_mesh_zscore": -0.5128, "hotspot_class": "other_active", "mesh_1km_center_lat": 33.80416666666666, "mesh_1km_center_lon": 132.78125}, "geometry": {"type": "Polygon", "coordinates": [[[132.775, 33.8], [132.7875, 33.8], [132.7875, 33.80833333333333], [132.775, 33.80833333333333], [132.775, 33.8]]]}}, {"type": "Feature", "properties": {"window_end_month": "2025-08", "window_start_month": "2024-09", "mesh_1km": "50325674", "new_restaurant_permits_12m": 2, "active_mesh_rank": 42, "active_mesh_percentile": 38.81, "active_mesh_zscore": -0.5128, "hotspot_class": "other_active", "mesh_1km_center_lat": 33.8125, "mesh_1km_center_lon": 132.80625}, "geometry": {"type": "Polygon", "coordinates": [[[132.8, 33.80833333333333], [132.8125, 33.80833333333333], [132.8125, 33.81666666666666], [132.8, 33.81666666666666], [132.8, 33.80833333333333]]]}}, {"type": "Feature", "properties": {"window_end_month": "2025-08", "window_start_month": "2024-09", "mesh_1km": "50325675", "new_restaurant_permits_12m": 2, "active_mesh_rank": 43, "active_mesh_percentile": 37.31, "active_mesh_zscore": -0.5128, "hotspot_class": "other_active", "mesh_1km_center_lat": 33.8125, "mesh_1km_center_lon": 132.81875}, "geometry": {"type": "Polygon", "coordinates": [[[132.8125, 33.80833333333333], [132.825, 33.80833333333333], [132.825, 33.81666666666666], [132.8125, 33.81666666666666], [132.8125, 33.80833333333333]]]}}, {"type": "Feature", "properties": {"window_end_month": "2025-08", "window_start_month": "2024-09", "mesh_1km": "50326519", "new_restaurant_permits_12m": 2, "active_mesh_rank": 44, "active_mesh_percentile": 35.82, "active_mesh_zscore": -0.5128, "hotspot_class": "other_active", "mesh_1km_center_lat": 33.84583333333333, "mesh_1km_center_lon": 132.74375}, "geometry": {"type": "Polygon", "coordinates": [[[132.7375, 33.84166666666667], [132.75, 33.84166666666667], [132.75, 33.85], [132.7375, 33.85], [132.7375, 33.84166666666667]]]}}, {"type": "Feature", "properties": {"window_end_month": "2025-08", "window_start_month": "2024-09", "mesh_1km": "50326536", "new_restaurant_permits_12m": 2, "active_mesh_rank": 45, "active_mesh_percentile": 34.33, "active_mesh_zscore": -0.5128, "hotspot_class": "other_active", "mesh_1km_center_lat": 33.8625, "mesh_1km_center_lon": 132.70624999999998}, "geometry": {"type": "Polygon", "coordinates": [[[132.7, 33.858333333333334], [132.71249999999998, 33.858333333333334], [132.71249999999998, 33.86666666666667], [132.7, 33.86666666666667], [132.7, 33.858333333333334]]]}}, {"type": "Feature", "properties": {"window_end_month": "2025-08", "window_start_month": "2024-09", "mesh_1km": "50327641", "new_restaurant_permits_12m": 2, "active_mesh_rank": 46, "active_mesh_percentile": 32.84, "active_mesh_zscore": -0.5128, "hotspot_class": "other_active", "mesh_1km_center_lat": 33.954166666666666, "mesh_1km_center_lon": 132.76874999999998}, "geometry": {"type": "Polygon", "coordinates": [[[132.7625, 33.95], [132.77499999999998, 33.95], [132.77499999999998, 33.958333333333336], [132.7625, 33.958333333333336], [132.7625, 33.95]]]}}, {"type": "Feature", "properties": {"window_end_month": "2025-08", "window_start_month": "2024-09", "mesh_1km": "50325585", "new_restaurant_permits_12m": 1, "active_mesh_rank": 47, "active_mesh_percentile": 31.34, "active_mesh_zscore": -0.6719, "hotspot_class": "other_active", "mesh_1km_center_lat": 33.82083333333334, "mesh_1km_center_lon": 132.69375}, "geometry": {"type": "Polygon", "coordinates": [[[132.6875, 33.81666666666667], [132.7, 33.81666666666667], [132.7, 33.825], [132.6875, 33.825], [132.6875, 33.81666666666667]]]}}, {"type": "Feature", "properties": {"window_end_month": "2025-08", "window_start_month": "2024-09", "mesh_1km": "50325587", "new_restaurant_permits_12m": 1, "active_mesh_rank": 48, "active_mesh_percentile": 29.85, "active_mesh_zscore": -0.6719, "hotspot_class": "other_active", "mesh_1km_center_lat": 33.82083333333334, "mesh_1km_center_lon": 132.71875}, "geometry": {"type": "Polygon", "coordinates": [[[132.7125, 33.81666666666667], [132.725, 33.81666666666667], [132.725, 33.825], [132.7125, 33.825], [132.7125, 33.81666666666667]]]}}, {"type": "Feature", "properties": {"window_end_month": "2025-08", "window_start_month": "2024-09", "mesh_1km": "50325596", "new_restaurant_permits_12m": 1, "active_mesh_rank": 49, "active_mesh_percentile": 28.36, "active_mesh_zscore": -0.6719, "hotspot_class": "other_active", "mesh_1km_center_lat": 33.829166666666666, "mesh_1km_center_lon": 132.70624999999998}, "geometry": {"type": "Polygon", "coordinates": [[[132.7, 33.825], [132.71249999999998, 33.825], [132.71249999999998, 33.833333333333336], [132.7, 33.833333333333336], [132.7, 33.825]]]}}, {"type": "Feature", "properties": {"window_end_month": "2025-08", "window_start_month": "2024-09", "mesh_1km": "50325651", "new_restaurant_permits_12m": 1, "active_mesh_rank": 50, "active_mesh_percentile": 26.87, "active_mesh_zscore": -0.6719, "hotspot_class": "other_active", "mesh_1km_center_lat": 33.795833333333334, "mesh_1km_center_lon": 132.76874999999998}, "geometry": {"type": "Polygon", "coordinates": [[[132.7625, 33.791666666666664], [132.77499999999998, 33.791666666666664], [132.77499999999998, 33.8], [132.7625, 33.8], [132.7625, 33.791666666666664]]]}}, {"type": "Feature", "properties": {"window_end_month": "2025-08", "window_start_month": "2024-09", "mesh_1km": "50325652", "new_restaurant_permits_12m": 1, "active_mesh_rank": 51, "active_mesh_percentile": 25.37, "active_mesh_zscore": -0.6719, "hotspot_class": "other_active", "mesh_1km_center_lat": 33.795833333333334, "mesh_1km_center_lon": 132.78125}, "geometry": {"type": "Polygon", "coordinates": [[[132.775, 33.791666666666664], [132.7875, 33.791666666666664], [132.7875, 33.8], [132.775, 33.8], [132.775, 33.791666666666664]]]}}, {"type": "Feature", "properties": {"window_end_month": "2025-08", "window_start_month": "2024-09", "mesh_1km": "50325661", "new_restaurant_permits_12m": 1, "active_mesh_rank": 52, "active_mesh_percentile": 23.88, "active_mesh_zscore": -0.6719, "hotspot_class": "other_active", "mesh_1km_center_lat": 33.80416666666666, "mesh_1km_center_lon": 132.76874999999998}, "geometry": {"type": "Polygon", "coordinates": [[[132.7625, 33.8], [132.77499999999998, 33.8], [132.77499999999998, 33.80833333333333], [132.7625, 33.80833333333333], [132.7625, 33.8]]]}}, {"type": "Feature", "properties": {"window_end_month": "2025-08", "window_start_month": "2024-09", "mesh_1km": "50325694", "new_restaurant_permits_12m": 1, "active_mesh_rank": 53, "active_mesh_percentile": 22.39, "active_mesh_zscore": -0.6719, "hotspot_class": "other_active", "mesh_1km_center_lat": 33.829166666666666, "mesh_1km_center_lon": 132.80625}, "geometry": {"type": "Polygon", "coordinates": [[[132.8, 33.825], [132.8125, 33.825], [132.8125, 33.833333333333336], [132.8, 33.833333333333336], [132.8, 33.825]]]}}, {"type": "Feature", "properties": {"window_end_month": "2025-08", "window_start_month": "2024-09", "mesh_1km": "50326548", "new_restaurant_permits_12m": 1, "active_mesh_rank": 54, "active_mesh_percentile": 20.9, "active_mesh_zscore": -0.6719, "hotspot_class": "other_active", "mesh_1km_center_lat": 33.87083333333334, "mesh_1km_center_lon": 132.73125}, "geometry": {"type": "Polygon", "coordinates": [[[132.725, 33.86666666666667], [132.73749999999998, 33.86666666666667], [132.73749999999998, 33.875], [132.725, 33.875], [132.725, 33.86666666666667]]]}}, {"type": "Feature", "properties": {"window_end_month": "2025-08", "window_start_month": "2024-09", "mesh_1km": "50326549", "new_restaurant_permits_12m": 1, "active_mesh_rank": 55, "active_mesh_percentile": 19.4, "active_mesh_zscore": -0.6719, "hotspot_class": "other_active", "mesh_1km_center_lat": 33.87083333333334, "mesh_1km_center_lon": 132.74375}, "geometry": {"type": "Polygon", "coordinates": [[[132.7375, 33.86666666666667], [132.75, 33.86666666666667], [132.75, 33.875], [132.7375, 33.875], [132.7375, 33.86666666666667]]]}}, {"type": "Feature", "properties": {"window_end_month": "2025-08", "window_start_month": "2024-09", "mesh_1km": "50326566", "new_restaurant_permits_12m": 1, "active_mesh_rank": 56, "active_mesh_percentile": 17.91, "active_mesh_zscore": -0.6719, "hotspot_class": "other_active", "mesh_1km_center_lat": 33.8875, "mesh_1km_center_lon": 132.70624999999998}, "geometry": {"type": "Polygon", "coordinates": [[[132.7, 33.88333333333333], [132.71249999999998, 33.88333333333333], [132.71249999999998, 33.891666666666666], [132.7, 33.891666666666666], [132.7, 33.88333333333333]]]}}, {"type": "Feature", "properties": {"window_end_month": "2025-08", "window_start_month": "2024-09", "mesh_1km": "50326578", "new_restaurant_permits_12m": 1, "active_mesh_rank": 57, "active_mesh_percentile": 16.42, "active_mesh_zscore": -0.6719, "hotspot_class": "other_active", "mesh_1km_center_lat": 33.89583333333333, "mesh_1km_center_lon": 132.73125}, "geometry": {"type": "Polygon", "coordinates": [[[132.725, 33.891666666666666], [132.73749999999998, 33.891666666666666], [132.73749999999998, 33.9], [132.725, 33.9], [132.725, 33.891666666666666]]]}}, {"type": "Feature", "properties": {"window_end_month": "2025-08", "window_start_month": "2024-09", "mesh_1km": "50326588", "new_restaurant_permits_12m": 1, "active_mesh_rank": 58, "active_mesh_percentile": 14.93, "active_mesh_zscore": -0.6719, "hotspot_class": "other_active", "mesh_1km_center_lat": 33.90416666666667, "mesh_1km_center_lon": 132.73125}, "geometry": {"type": "Polygon", "coordinates": [[[132.725, 33.900000000000006], [132.73749999999998, 33.900000000000006], [132.73749999999998, 33.90833333333334], [132.725, 33.90833333333334], [132.725, 33.900000000000006]]]}}, {"type": "Feature", "properties": {"window_end_month": "2025-08", "window_start_month": "2024-09", "mesh_1km": "50326600", "new_restaurant_permits_12m": 1, "active_mesh_rank": 59, "active_mesh_percentile": 13.43, "active_mesh_zscore": -0.6719, "hotspot_class": "other_active", "mesh_1km_center_lat": 33.837500000000006, "mesh_1km_center_lon": 132.75625}, "geometry": {"type": "Polygon", "coordinates": [[[132.75, 33.833333333333336], [132.7625, 33.833333333333336], [132.7625, 33.84166666666667], [132.75, 33.84166666666667], [132.75, 33.833333333333336]]]}}, {"type": "Feature", "properties": {"window_end_month": "2025-08", "window_start_month": "2024-09", "mesh_1km": "50326614", "new_restaurant_permits_12m": 1, "active_mesh_rank": 60, "active_mesh_percentile": 11.94, "active_mesh_zscore": -0.6719, "hotspot_class": "other_active", "mesh_1km_center_lat": 33.84583333333333, "mesh_1km_center_lon": 132.80625}, "geometry": {"type": "Polygon", "coordinates": [[[132.8, 33.84166666666667], [132.8125, 33.84166666666667], [132.8125, 33.85], [132.8, 33.85], [132.8, 33.84166666666667]]]}}, {"type": "Feature", "properties": {"window_end_month": "2025-08", "window_start_month": "2024-09", "mesh_1km": "50327448", "new_restaurant_permits_12m": 1, "active_mesh_rank": 61, "active_mesh_percentile": 10.45, "active_mesh_zscore": -0.6719, "hotspot_class": "other_active", "mesh_1km_center_lat": 33.954166666666666, "mesh_1km_center_lon": 132.60625}, "geometry": {"type": "Polygon", "coordinates": [[[132.6, 33.95], [132.61249999999998, 33.95], [132.61249999999998, 33.958333333333336], [132.6, 33.958333333333336], [132.6, 33.95]]]}}, {"type": "Feature", "properties": {"window_end_month": "2025-08", "window_start_month": "2024-09", "mesh_1km": "50327550", "new_restaurant_permits_12m": 1, "active_mesh_rank": 62, "active_mesh_percentile": 8.96, "active_mesh_zscore": -0.6719, "hotspot_class": "other_active", "mesh_1km_center_lat": 33.962500000000006, "mesh_1km_center_lon": 132.63125}, "geometry": {"type": "Polygon", "coordinates": [[[132.625, 33.958333333333336], [132.6375, 33.958333333333336], [132.6375, 33.96666666666667], [132.625, 33.96666666666667], [132.625, 33.958333333333336]]]}}, {"type": "Feature", "properties": {"window_end_month": "2025-08", "window_start_month": "2024-09", "mesh_1km": "50327570", "new_restaurant_permits_12m": 1, "active_mesh_rank": 63, "active_mesh_percentile": 7.46, "active_mesh_zscore": -0.6719, "hotspot_class": "other_active", "mesh_1km_center_lat": 33.97916666666667, "mesh_1km_center_lon": 132.63125}, "geometry": {"type": "Polygon", "coordinates": [[[132.625, 33.975], [132.6375, 33.975], [132.6375, 33.983333333333334], [132.625, 33.983333333333334], [132.625, 33.975]]]}}, {"type": "Feature", "properties": {"window_end_month": "2025-08", "window_start_month": "2024-09", "mesh_1km": "50327642", "new_restaurant_permits_12m": 1, "active_mesh_rank": 64, "active_mesh_percentile": 5.97, "active_mesh_zscore": -0.6719, "hotspot_class": "other_active", "mesh_1km_center_lat": 33.954166666666666, "mesh_1km_center_lon": 132.78125}, "geometry": {"type": "Polygon", "coordinates": [[[132.775, 33.95], [132.7875, 33.95], [132.7875, 33.958333333333336], [132.775, 33.958333333333336], [132.775, 33.95]]]}}, {"type": "Feature", "properties": {"window_end_month": "2025-08", "window_start_month": "2024-09", "mesh_1km": "50327651", "new_restaurant_permits_12m": 1, "active_mesh_rank": 65, "active_mesh_percentile": 4.48, "active_mesh_zscore": -0.6719, "hotspot_class": "other_active", "mesh_1km_center_lat": 33.962500000000006, "mesh_1km_center_lon": 132.76874999999998}, "geometry": {"type": "Polygon", "coordinates": [[[132.7625, 33.958333333333336], [132.77499999999998, 33.958333333333336], [132.77499999999998, 33.96666666666667], [132.7625, 33.96666666666667], [132.7625, 33.958333333333336]]]}}, {"type": "Feature", "properties": {"window_end_month": "2025-08", "window_start_month": "2024-09", "mesh_1km": "50327663", "new_restaurant_permits_12m": 1, "active_mesh_rank": 66, "active_mesh_percentile": 2.99, "active_mesh_zscore": -0.6719, "hotspot_class": "other_active", "mesh_1km_center_lat": 33.97083333333333, "mesh_1km_center_lon": 132.79375}, "geometry": {"type": "Polygon", "coordinates": [[[132.7875, 33.96666666666667], [132.79999999999998, 33.96666666666667], [132.79999999999998, 33.975], [132.7875, 33.975], [132.7875, 33.96666666666667]]]}}, {"type": "Feature", "properties": {"window_end_month": "2025-08", "window_start_month": "2024-09", "mesh_1km": "50327671", "new_restaurant_permits_12m": 1, "active_mesh_rank": 67, "active_mesh_percentile": 1.49, "active_mesh_zscore": -0.6719, "hotspot_class": "other_active", "mesh_1km_center_lat": 33.97916666666667, "mesh_1km_center_lon": 132.76874999999998}, "geometry": {"type": "Polygon", "coordinates": [[[132.7625, 33.975], [132.77499999999998, 33.975], [132.77499999999998, 33.983333333333334], [132.7625, 33.983333333333334], [132.7625, 33.975]]]}}, {"type": "Feature", "properties": {"window_end_month": "2025-09", "window_start_month": "2024-10", "mesh_1km": "50326622", "new_restaurant_permits_12m": 32, "active_mesh_rank": 1, "active_mesh_percentile": 100.0, "active_mesh_zscore": 5.4586, "hotspot_class": "top_5pct_active", "mesh_1km_center_lat": 33.85416666666667, "mesh_1km_center_lon": 132.78125}, "geometry": {"type": "Polygon", "coordinates": [[[132.775, 33.85], [132.7875, 33.85], [132.7875, 33.858333333333334], [132.775, 33.858333333333334], [132.775, 33.85]]]}}, {"type": "Feature", "properties": {"window_end_month": "2025-09", "window_start_month": "2024-10", "mesh_1km": "50326537", "new_restaurant_permits_12m": 16, "active_mesh_rank": 2, "active_mesh_percentile": 98.53, "active_mesh_zscore": 2.2587, "hotspot_class": "top_5pct_active", "mesh_1km_center_lat": 33.8625, "mesh_1km_center_lon": 132.71875}, "geometry": {"type": "Polygon", "coordinates": [[[132.7125, 33.858333333333334], [132.725, 33.858333333333334], [132.725, 33.86666666666667], [132.7125, 33.86666666666667], [132.7125, 33.858333333333334]]]}}, {"type": "Feature", "properties": {"window_end_month": "2025-09", "window_start_month": "2024-10", "mesh_1km": "50325671", "new_restaurant_permits_12m": 15, "active_mesh_rank": 3, "active_mesh_percentile": 97.06, "active_mesh_zscore": 2.0588, "hotspot_class": "top_5pct_active", "mesh_1km_center_lat": 33.8125, "mesh_1km_center_lon": 132.76874999999998}, "geometry": {"type": "Polygon", "coordinates": [[[132.7625, 33.80833333333333], [132.77499999999998, 33.80833333333333], [132.77499999999998, 33.81666666666666], [132.7625, 33.81666666666666], [132.7625, 33.80833333333333]]]}}, {"type": "Feature", "properties": {"window_end_month": "2025-09", "window_start_month": "2024-10", "mesh_1km": "50325680", "new_restaurant_permits_12m": 12, "active_mesh_rank": 4, "active_mesh_percentile": 95.59, "active_mesh_zscore": 1.4588, "hotspot_class": "top_5pct_active", "mesh_1km_center_lat": 33.82083333333334, "mesh_1km_center_lon": 132.75625}, "geometry": {"type": "Polygon", "coordinates": [[[132.75, 33.81666666666667], [132.7625, 33.81666666666667], [132.7625, 33.825], [132.75, 33.825], [132.75, 33.81666666666667]]]}}, {"type": "Feature", "properties": {"window_end_month": "2025-09", "window_start_month": "2024-10", "mesh_1km": "50326602", "new_restaurant_permits_12m": 12, "active_mesh_rank": 5, "active_mesh_percentile": 94.12, "active_mesh_zscore": 1.4588, "hotspot_class": "top_20pct_active", "mesh_1km_center_lat": 33.837500000000006, "mesh_1km_center_lon": 132.78125}, "geometry": {"type": "Polygon", "coordinates": [[[132.775, 33.833333333333336], [132.7875, 33.833333333333336], [132.7875, 33.84166666666667], [132.775, 33.84166666666667], [132.775, 33.833333333333336]]]}}, {"type": "Feature", "properties": {"window_end_month": "2025-09", "window_start_month": "2024-10", "mesh_1km": "50325681", "new_restaurant_permits_12m": 11, "active_mesh_rank": 6, "active_mesh_percentile": 92.65, "active_mesh_zscore": 1.2588, "hotspot_class": "top_20pct_active", "mesh_1km_center_lat": 33.82083333333334, "mesh_1km_center_lon": 132.76874999999998}, "geometry": {"type": "Polygon", "coordinates": [[[132.7625, 33.81666666666667], [132.77499999999998, 33.81666666666667], [132.77499999999998, 33.825], [132.7625, 33.825], [132.7625, 33.81666666666667]]]}}, {"type": "Feature", "properties": {"window_end_month": "2025-09", "window_start_month": "2024-10", "mesh_1km": "50325682", "new_restaurant_permits_12m": 11, "active_mesh_rank": 7, "active_mesh_percentile": 91.18, "active_mesh_zscore": 1.2588, "hotspot_class": "top_20pct_active", "mesh_1km_center_lat": 33.82083333333334, "mesh_1km_center_lon": 132.78125}, "geometry": {"type": "Polygon", "coordinates": [[[132.775, 33.81666666666667], [132.7875, 33.81666666666667], [132.7875, 33.825], [132.775, 33.825], [132.775, 33.81666666666667]]]}}, {"type": "Feature", "properties": {"window_end_month": "2025-09", "window_start_month": "2024-10", "mesh_1km": "50325692", "new_restaurant_permits_12m": 11, "active_mesh_rank": 8, "active_mesh_percentile": 89.71, "active_mesh_zscore": 1.2588, "hotspot_class": "top_20pct_active", "mesh_1km_center_lat": 33.829166666666666, "mesh_1km_center_lon": 132.78125}, "geometry": {"type": "Polygon", "coordinates": [[[132.775, 33.825], [132.7875, 33.825], [132.7875, 33.833333333333336], [132.775, 33.833333333333336], [132.775, 33.825]]]}}, {"type": "Feature", "properties": {"window_end_month": "2025-09", "window_start_month": "2024-10", "mesh_1km": "50325599", "new_restaurant_permits_12m": 10, "active_mesh_rank": 9, "active_mesh_percentile": 88.24, "active_mesh_zscore": 1.0588, "hotspot_class": "top_20pct_active", "mesh_1km_center_lat": 33.829166666666666, "mesh_1km_center_lon": 132.74375}, "geometry": {"type": "Polygon", "coordinates": [[[132.7375, 33.825], [132.75, 33.825], [132.75, 33.833333333333336], [132.7375, 33.833333333333336], [132.7375, 33.825]]]}}, {"type": "Feature", "properties": {"window_end_month": "2025-09", "window_start_month": "2024-10", "mesh_1km": "50326630", "new_restaurant_permits_12m": 10, "active_mesh_rank": 10, "active_mesh_percentile": 86.76, "active_mesh_zscore": 1.0588, "hotspot_class": "top_20pct_active", "mesh_1km_center_lat": 33.8625, "mesh_1km_center_lon": 132.75625}, "geometry": {"type": "Polygon", "coordinates": [[[132.75, 33.858333333333334], [132.7625, 33.858333333333334], [132.7625, 33.86666666666667], [132.75, 33.86666666666667], [132.75, 33.858333333333334]]]}}, {"type": "Feature", "properties": {"window_end_month": "2025-09", "window_start_month": "2024-10", "mesh_1km": "50325597", "new_restaurant_permits_12m": 9, "active_mesh_rank": 11, "active_mesh_percentile": 85.29, "active_mesh_zscore": 0.8588, "hotspot_class": "top_20pct_active", "mesh_1km_center_lat": 33.829166666666666, "mesh_1km_center_lon": 132.71875}, "geometry": {"type": "Polygon", "coordinates": [[[132.7125, 33.825], [132.725, 33.825], [132.725, 33.833333333333336], [132.7125, 33.833333333333336], [132.7125, 33.825]]]}}, {"type": "Feature", "properties": {"window_end_month": "2025-09", "window_start_month": "2024-10", "mesh_1km": "50325693", "new_restaurant_permits_12m": 8, "active_mesh_rank": 12, "active_mesh_percentile": 83.82, "active_mesh_zscore": 0.6588, "hotspot_class": "top_20pct_active", "mesh_1km_center_lat": 33.829166666666666, "mesh_1km_center_lon": 132.79375}, "geometry": {"type": "Polygon", "coordinates": [[[132.7875, 33.825], [132.79999999999998, 33.825], [132.79999999999998, 33.833333333333336], [132.7875, 33.833333333333336], [132.7875, 33.825]]]}}, {"type": "Feature", "properties": {"window_end_month": "2025-09", "window_start_month": "2024-10", "mesh_1km": "50325672", "new_restaurant_permits_12m": 7, "active_mesh_rank": 13, "active_mesh_percentile": 82.35, "active_mesh_zscore": 0.4588, "hotspot_class": "top_20pct_active", "mesh_1km_center_lat": 33.8125, "mesh_1km_center_lon": 132.78125}, "geometry": {"type": "Polygon", "coordinates": [[[132.775, 33.80833333333333], [132.7875, 33.80833333333333], [132.7875, 33.81666666666666], [132.775, 33.81666666666666], [132.775, 33.80833333333333]]]}}, {"type": "Feature", "properties": {"window_end_month": "2025-09", "window_start_month": "2024-10", "mesh_1km": "50325690", "new_restaurant_permits_12m": 7, "active_mesh_rank": 14, "active_mesh_percentile": 80.88, "active_mesh_zscore": 0.4588, "hotspot_class": "top_20pct_active", "mesh_1km_center_lat": 33.829166666666666, "mesh_1km_center_lon": 132.75625}, "geometry": {"type": "Polygon", "coordinates": [[[132.75, 33.825], [132.7625, 33.825], [132.7625, 33.833333333333336], [132.75, 33.833333333333336], [132.75, 33.825]]]}}, {"type": "Feature", "properties": {"window_end_month": "2025-09", "window_start_month": "2024-10", "mesh_1km": "50325691", "new_restaurant_permits_12m": 7, "active_mesh_rank": 15, "active_mesh_percentile": 79.41, "active_mesh_zscore": 0.4588, "hotspot_class": "other_active", "mesh_1km_center_lat": 33.829166666666666, "mesh_1km_center_lon": 132.76874999999998}, "geometry": {"type": "Polygon", "coordinates": [[[132.7625, 33.825], [132.77499999999998, 33.825], [132.77499999999998, 33.833333333333336], [132.7625, 33.833333333333336], [132.7625, 33.825]]]}}, {"type": "Feature", "properties": {"window_end_month": "2025-09", "window_start_month": "2024-10", "mesh_1km": "50326509", "new_restaurant_permits_12m": 7, "active_mesh_rank": 16, "active_mesh_percentile": 77.94, "active_mesh_zscore": 0.4588, "hotspot_class": "other_active", "mesh_1km_center_lat": 33.837500000000006, "mesh_1km_center_lon": 132.74375}, "geometry": {"type": "Polygon", "coordinates": [[[132.7375, 33.833333333333336], [132.75, 33.833333333333336], [132.75, 33.84166666666667], [132.7375, 33.84166666666667], [132.7375, 33.833333333333336]]]}}, {"type": "Feature", "properties": {"window_end_month": "2025-09", "window_start_month": "2024-10", "mesh_1km": "50326538", "new_restaurant_permits_12m": 7, "active_mesh_rank": 17, "active_mesh_percentile": 76.47, "active_mesh_zscore": 0.4588, "hotspot_class": "other_active", "mesh_1km_center_lat": 33.8625, "mesh_1km_center_lon": 132.73125}, "geometry": {"type": "Polygon", "coordinates": [[[132.725, 33.858333333333334], [132.73749999999998, 33.858333333333334], [132.73749999999998, 33.86666666666667], [132.725, 33.86666666666667], [132.725, 33.858333333333334]]]}}, {"type": "Feature", "properties": {"window_end_month": "2025-09", "window_start_month": "2024-10", "mesh_1km": "50325673", "new_restaurant_permits_12m": 6, "active_mesh_rank": 18, "active_mesh_percentile": 75.0, "active_mesh_zscore": 0.2588, "hotspot_class": "other_active", "mesh_1km_center_lat": 33.8125, "mesh_1km_center_lon": 132.79375}, "geometry": {"type": "Polygon", "coordinates": [[[132.7875, 33.80833333333333], [132.79999999999998, 33.80833333333333], [132.79999999999998, 33.81666666666666], [132.7875, 33.81666666666666], [132.7875, 33.80833333333333]]]}}, {"type": "Feature", "properties": {"window_end_month": "2025-09", "window_start_month": "2024-10", "mesh_1km": "50326610", "new_restaurant_permits_12m": 6, "active_mesh_rank": 19, "active_mesh_percentile": 73.53, "active_mesh_zscore": 0.2588, "hotspot_class": "other_active", "mesh_1km_center_lat": 33.84583333333333, "mesh_1km_center_lon": 132.75625}, "geometry": {"type": "Polygon", "coordinates": [[[132.75, 33.84166666666667], [132.7625, 33.84166666666667], [132.7625, 33.85], [132.75, 33.85], [132.75, 33.84166666666667]]]}}, {"type": "Feature", "properties": {"window_end_month": "2025-09", "window_start_month": "2024-10", "mesh_1km": "50325589", "new_restaurant_permits_12m": 5, "active_mesh_rank": 20, "active_mesh_percentile": 72.06, "active_mesh_zscore": 0.0588, "hotspot_class": "other_active", "mesh_1km_center_lat": 33.82083333333334, "mesh_1km_center_lon": 132.74375}, "geometry": {"type": "Polygon", "coordinates": [[[132.7375, 33.81666666666667], [132.75, 33.81666666666667], [132.75, 33.825], [132.7375, 33.825], [132.7375, 33.81666666666667]]]}}, {"type": "Feature", "properties": {"window_end_month": "2025-09", "window_start_month": "2024-10", "mesh_1km": "50325598", "new_restaurant_permits_12m": 5, "active_mesh_rank": 21, "active_mesh_percentile": 70.59, "active_mesh_zscore": 0.0588, "hotspot_class": "other_active", "mesh_1km_center_lat": 33.829166666666666, "mesh_1km_center_lon": 132.73125}, "geometry": {"type": "Polygon", "coordinates": [[[132.725, 33.825], [132.73749999999998, 33.825], [132.73749999999998, 33.833333333333336], [132.725, 33.833333333333336], [132.725, 33.825]]]}}, {"type": "Feature", "properties": {"window_end_month": "2025-09", "window_start_month": "2024-10", "mesh_1km": "50325663", "new_restaurant_permits_12m": 5, "active_mesh_rank": 22, "active_mesh_percentile": 69.12, "active_mesh_zscore": 0.0588, "hotspot_class": "other_active", "mesh_1km_center_lat": 33.80416666666666, "mesh_1km_center_lon": 132.79375}, "geometry": {"type": "Polygon", "coordinates": [[[132.7875, 33.8], [132.79999999999998, 33.8], [132.79999999999998, 33.80833333333333], [132.7875, 33.80833333333333], [132.7875, 33.8]]]}}, {"type": "Feature", "properties": {"window_end_month": "2025-09", "window_start_month": "2024-10", "mesh_1km": "50325670", "new_restaurant_permits_12m": 5, "active_mesh_rank": 23, "active_mesh_percentile": 67.65, "active_mesh_zscore": 0.0588, "hotspot_class": "other_active", "mesh_1km_center_lat": 33.8125, "mesh_1km_center_lon": 132.75625}, "geometry": {"type": "Polygon", "coordinates": [[[132.75, 33.80833333333333], [132.7625, 33.80833333333333], [132.7625, 33.81666666666666], [132.75, 33.81666666666666], [132.75, 33.80833333333333]]]}}, {"type": "Feature", "properties": {"window_end_month": "2025-09", "window_start_month": "2024-10", "mesh_1km": "50326527", "new_restaurant_permits_12m": 5, "active_mesh_rank": 24, "active_mesh_percentile": 66.18, "active_mesh_zscore": 0.0588, "hotspot_class": "other_active", "mesh_1km_center_lat": 33.85416666666667, "mesh_1km_center_lon": 132.71875}, "geometry": {"type": "Polygon", "coordinates": [[[132.7125, 33.85], [132.725, 33.85], [132.725, 33.858333333333334], [132.7125, 33.858333333333334], [132.7125, 33.85]]]}}, {"type": "Feature", "properties": {"window_end_month": "2025-09", "window_start_month": "2024-10", "mesh_1km": "50326620", "new_restaurant_permits_12m": 5, "active_mesh_rank": 25, "active_mesh_percentile": 64.71, "active_mesh_zscore": 0.0588, "hotspot_class": "other_active", "mesh_1km_center_lat": 33.85416666666667, "mesh_1km_center_lon": 132.75625}, "geometry": {"type": "Polygon", "coordinates": [[[132.75, 33.85], [132.7625, 33.85], [132.7625, 33.858333333333334], [132.75, 33.858333333333334], [132.75, 33.85]]]}}, {"type": "Feature", "properties": {"window_end_month": "2025-09", "window_start_month": "2024-10", "mesh_1km": "50327652", "new_restaurant_permits_12m": 5, "active_mesh_rank": 26, "active_mesh_percentile": 63.24, "active_mesh_zscore": 0.0588, "hotspot_class": "other_active", "mesh_1km_center_lat": 33.962500000000006, "mesh_1km_center_lon": 132.78125}, "geometry": {"type": "Polygon", "coordinates": [[[132.775, 33.958333333333336], [132.7875, 33.958333333333336], [132.7875, 33.96666666666667], [132.775, 33.96666666666667], [132.775, 33.958333333333336]]]}}, {"type": "Feature", "properties": {"window_end_month": "2025-09", "window_start_month": "2024-10", "mesh_1km": "50325578", "new_restaurant_permits_12m": 4, "active_mesh_rank": 27, "active_mesh_percentile": 61.76, "active_mesh_zscore": -0.1412, "hotspot_class": "other_active", "mesh_1km_center_lat": 33.8125, "mesh_1km_center_lon": 132.73125}, "geometry": {"type": "Polygon", "coordinates": [[[132.725, 33.80833333333333], [132.73749999999998, 33.80833333333333], [132.73749999999998, 33.81666666666666], [132.725, 33.81666666666666], [132.725, 33.80833333333333]]]}}, {"type": "Feature", "properties": {"window_end_month": "2025-09", "window_start_month": "2024-10", "mesh_1km": "50325579", "new_restaurant_permits_12m": 4, "active_mesh_rank": 28, "active_mesh_percentile": 60.29, "active_mesh_zscore": -0.1412, "hotspot_class": "other_active", "mesh_1km_center_lat": 33.8125, "mesh_1km_center_lon": 132.74375}, "geometry": {"type": "Polygon", "coordinates": [[[132.7375, 33.80833333333333], [132.75, 33.80833333333333], [132.75, 33.81666666666666], [132.7375, 33.81666666666666], [132.7375, 33.80833333333333]]]}}, {"type": "Feature", "properties": {"window_end_month": "2025-09", "window_start_month": "2024-10", "mesh_1km": "50326528", "new_restaurant_permits_12m": 4, "active_mesh_rank": 29, "active_mesh_percentile": 58.82, "active_mesh_zscore": -0.1412, "hotspot_class": "other_active", "mesh_1km_center_lat": 33.85416666666667, "mesh_1km_center_lon": 132.73125}, "geometry": {"type": "Polygon", "coordinates": [[[132.725, 33.85], [132.73749999999998, 33.85], [132.73749999999998, 33.858333333333334], [132.725, 33.858333333333334], [132.725, 33.85]]]}}, {"type": "Feature", "properties": {"window_end_month": "2025-09", "window_start_month": "2024-10", "mesh_1km": "50326529", "new_restaurant_permits_12m": 4, "active_mesh_rank": 30, "active_mesh_percentile": 57.35, "active_mesh_zscore": -0.1412, "hotspot_class": "other_active", "mesh_1km_center_lat": 33.85416666666667, "mesh_1km_center_lon": 132.74375}, "geometry": {"type": "Polygon", "coordinates": [[[132.7375, 33.85], [132.75, 33.85], [132.75, 33.858333333333334], [132.7375, 33.858333333333334], [132.7375, 33.85]]]}}, {"type": "Feature", "properties": {"window_end_month": "2025-09", "window_start_month": "2024-10", "mesh_1km": "50326613", "new_restaurant_permits_12m": 4, "active_mesh_rank": 31, "active_mesh_percentile": 55.88, "active_mesh_zscore": -0.1412, "hotspot_class": "other_active", "mesh_1km_center_lat": 33.84583333333333, "mesh_1km_center_lon": 132.79375}, "geometry": {"type": "Polygon", "coordinates": [[[132.7875, 33.84166666666667], [132.79999999999998, 33.84166666666667], [132.79999999999998, 33.85], [132.7875, 33.85], [132.7875, 33.84166666666667]]]}}, {"type": "Feature", "properties": {"window_end_month": "2025-09", "window_start_month": "2024-10", "mesh_1km": "50326623", "new_restaurant_permits_12m": 4, "active_mesh_rank": 32, "active_mesh_percentile": 54.41, "active_mesh_zscore": -0.1412, "hotspot_class": "other_active", "mesh_1km_center_lat": 33.85416666666667, "mesh_1km_center_lon": 132.79375}, "geometry": {"type": "Polygon", "coordinates": [[[132.7875, 33.85], [132.79999999999998, 33.85], [132.79999999999998, 33.858333333333334], [132.7875, 33.858333333333334], [132.7875, 33.85]]]}}, {"type": "Feature", "properties": {"window_end_month": "2025-09", "window_start_month": "2024-10", "mesh_1km": "50326640", "new_restaurant_permits_12m": 4, "active_mesh_rank": 33, "active_mesh_percentile": 52.94, "active_mesh_zscore": -0.1412, "hotspot_class": "other_active", "mesh_1km_center_lat": 33.87083333333334, "mesh_1km_center_lon": 132.75625}, "geometry": {"type": "Polygon", "coordinates": [[[132.75, 33.86666666666667], [132.7625, 33.86666666666667], [132.7625, 33.875], [132.75, 33.875], [132.75, 33.86666666666667]]]}}, {"type": "Feature", "properties": {"window_end_month": "2025-09", "window_start_month": "2024-10", "mesh_1km": "50325674", "new_restaurant_permits_12m": 3, "active_mesh_rank": 34, "active_mesh_percentile": 51.47, "active_mesh_zscore": -0.3412, "hotspot_class": "other_active", "mesh_1km_center_lat": 33.8125, "mesh_1km_center_lon": 132.80625}, "geometry": {"type": "Polygon", "coordinates": [[[132.8, 33.80833333333333], [132.8125, 33.80833333333333], [132.8125, 33.81666666666666], [132.8, 33.81666666666666], [132.8, 33.80833333333333]]]}}, {"type": "Feature", "properties": {"window_end_month": "2025-09", "window_start_month": "2024-10", "mesh_1km": "50326547", "new_restaurant_permits_12m": 3, "active_mesh_rank": 35, "active_mesh_percentile": 50.0, "active_mesh_zscore": -0.3412, "hotspot_class": "other_active", "mesh_1km_center_lat": 33.87083333333334, "mesh_1km_center_lon": 132.71875}, "geometry": {"type": "Polygon", "coordinates": [[[132.7125, 33.86666666666667], [132.725, 33.86666666666667], [132.725, 33.875], [132.7125, 33.875], [132.7125, 33.86666666666667]]]}}, {"type": "Feature", "properties": {"window_end_month": "2025-09", "window_start_month": "2024-10", "mesh_1km": "50326579", "new_restaurant_permits_12m": 3, "active_mesh_rank": 36, "active_mesh_percentile": 48.53, "active_mesh_zscore": -0.3412, "hotspot_class": "other_active", "mesh_1km_center_lat": 33.89583333333333, "mesh_1km_center_lon": 132.74375}, "geometry": {"type": "Polygon", "coordinates": [[[132.7375, 33.891666666666666], [132.75, 33.891666666666666], [132.75, 33.9], [132.7375, 33.9], [132.7375, 33.891666666666666]]]}}, {"type": "Feature", "properties": {"window_end_month": "2025-09", "window_start_month": "2024-10", "mesh_1km": "50326603", "new_restaurant_permits_12m": 3, "active_mesh_rank": 37, "active_mesh_percentile": 47.06, "active_mesh_zscore": -0.3412, "hotspot_class": "other_active", "mesh_1km_center_lat": 33.837500000000006, "mesh_1km_center_lon": 132.79375}, "geometry": {"type": "Polygon", "coordinates": [[[132.7875, 33.833333333333336], [132.79999999999998, 33.833333333333336], [132.79999999999998, 33.84166666666667], [132.7875, 33.84166666666667], [132.7875, 33.833333333333336]]]}}, {"type": "Feature", "properties": {"window_end_month": "2025-09", "window_start_month": "2024-10", "mesh_1km": "50326612", "new_restaurant_permits_12m": 3, "active_mesh_rank": 38, "active_mesh_percentile": 45.59, "active_mesh_zscore": -0.3412, "hotspot_class": "other_active", "mesh_1km_center_lat": 33.84583333333333, "mesh_1km_center_lon": 132.78125}, "geometry": {"type": "Polygon", "coordinates": [[[132.775, 33.84166666666667], [132.7875, 33.84166666666667], [132.7875, 33.85], [132.775, 33.85], [132.775, 33.84166666666667]]]}}, {"type": "Feature", "properties": {"window_end_month": "2025-09", "window_start_month": "2024-10", "mesh_1km": "50327631", "new_restaurant_permits_12m": 3, "active_mesh_rank": 39, "active_mesh_percentile": 44.12, "active_mesh_zscore": -0.3412, "hotspot_class": "other_active", "mesh_1km_center_lat": 33.94583333333334, "mesh_1km_center_lon": 132.76874999999998}, "geometry": {"type": "Polygon", "coordinates": [[[132.7625, 33.94166666666667], [132.77499999999998, 33.94166666666667], [132.77499999999998, 33.95], [132.7625, 33.95], [132.7625, 33.94166666666667]]]}}, {"type": "Feature", "properties": {"window_end_month": "2025-09", "window_start_month": "2024-10", "mesh_1km": "50325568", "new_restaurant_permits_12m": 2, "active_mesh_rank": 40, "active_mesh_percentile": 42.65, "active_mesh_zscore": -0.5412, "hotspot_class": "other_active", "mesh_1km_center_lat": 33.80416666666666, "mesh_1km_center_lon": 132.73125}, "geometry": {"type": "Polygon", "coordinates": [[[132.725, 33.8], [132.73749999999998, 33.8], [132.73749999999998, 33.80833333333333], [132.725, 33.80833333333333], [132.725, 33.8]]]}}, {"type": "Feature", "properties": {"window_end_month": "2025-09", "window_start_month": "2024-10", "mesh_1km": "50325662", "new_restaurant_permits_12m": 2, "active_mesh_rank": 41, "active_mesh_percentile": 41.18, "active_mesh_zscore": -0.5412, "hotspot_class": "other_active", "mesh_1km_center_lat": 33.80416666666666, "mesh_1km_center_lon": 132.78125}, "geometry": {"type": "Polygon", "coordinates": [[[132.775, 33.8], [132.7875, 33.8], [132.7875, 33.80833333333333], [132.775, 33.80833333333333], [132.775, 33.8]]]}}, {"type": "Feature", "properties": {"window_end_month": "2025-09", "window_start_month": "2024-10", "mesh_1km": "50325675", "new_restaurant_permits_12m": 2, "active_mesh_rank": 42, "active_mesh_percentile": 39.71, "active_mesh_zscore": -0.5412, "hotspot_class": "other_active", "mesh_1km_center_lat": 33.8125, "mesh_1km_center_lon": 132.81875}, "geometry": {"type": "Polygon", "coordinates": [[[132.8125, 33.80833333333333], [132.825, 33.80833333333333], [132.825, 33.81666666666666], [132.8125, 33.81666666666666], [132.8125, 33.80833333333333]]]}}, {"type": "Feature", "properties": {"window_end_month": "2025-09", "window_start_month": "2024-10", "mesh_1km": "50326536", "new_restaurant_permits_12m": 2, "active_mesh_rank": 43, "active_mesh_percentile": 38.24, "active_mesh_zscore": -0.5412, "hotspot_class": "other_active", "mesh_1km_center_lat": 33.8625, "mesh_1km_center_lon": 132.70624999999998}, "geometry": {"type": "Polygon", "coordinates": [[[132.7, 33.858333333333334], [132.71249999999998, 33.858333333333334], [132.71249999999998, 33.86666666666667], [132.7, 33.86666666666667], [132.7, 33.858333333333334]]]}}, {"type": "Feature", "properties": {"window_end_month": "2025-09", "window_start_month": "2024-10", "mesh_1km": "50326621", "new_restaurant_permits_12m": 2, "active_mesh_rank": 44, "active_mesh_percentile": 36.76, "active_mesh_zscore": -0.5412, "hotspot_class": "other_active", "mesh_1km_center_lat": 33.85416666666667, "mesh_1km_center_lon": 132.76874999999998}, "geometry": {"type": "Polygon", "coordinates": [[[132.7625, 33.85], [132.77499999999998, 33.85], [132.77499999999998, 33.858333333333334], [132.7625, 33.858333333333334], [132.7625, 33.85]]]}}, {"type": "Feature", "properties": {"window_end_month": "2025-09", "window_start_month": "2024-10", "mesh_1km": "50327651", "new_restaurant_permits_12m": 2, "active_mesh_rank": 45, "active_mesh_percentile": 35.29, "active_mesh_zscore": -0.5412, "hotspot_class": "other_active", "mesh_1km_center_lat": 33.962500000000006, "mesh_1km_center_lon": 132.76874999999998}, "geometry": {"type": "Polygon", "coordinates": [[[132.7625, 33.958333333333336], [132.77499999999998, 33.958333333333336], [132.77499999999998, 33.96666666666667], [132.7625, 33.96666666666667], [132.7625, 33.958333333333336]]]}}, {"type": "Feature", "properties": {"window_end_month": "2025-09", "window_start_month": "2024-10", "mesh_1km": "50325585", "new_restaurant_permits_12m": 1, "active_mesh_rank": 46, "active_mesh_percentile": 33.82, "active_mesh_zscore": -0.7412, "hotspot_class": "other_active", "mesh_1km_center_lat": 33.82083333333334, "mesh_1km_center_lon": 132.69375}, "geometry": {"type": "Polygon", "coordinates": [[[132.6875, 33.81666666666667], [132.7, 33.81666666666667], [132.7, 33.825], [132.6875, 33.825], [132.6875, 33.81666666666667]]]}}, {"type": "Feature", "properties": {"window_end_month": "2025-09", "window_start_month": "2024-10", "mesh_1km": "50325587", "new_restaurant_permits_12m": 1, "active_mesh_rank": 47, "active_mesh_percentile": 32.35, "active_mesh_zscore": -0.7412, "hotspot_class": "other_active", "mesh_1km_center_lat": 33.82083333333334, "mesh_1km_center_lon": 132.71875}, "geometry": {"type": "Polygon", "coordinates": [[[132.7125, 33.81666666666667], [132.725, 33.81666666666667], [132.725, 33.825], [132.7125, 33.825], [132.7125, 33.81666666666667]]]}}, {"type": "Feature", "properties": {"window_end_month": "2025-09", "window_start_month": "2024-10", "mesh_1km": "50325596", "new_restaurant_permits_12m": 1, "active_mesh_rank": 48, "active_mesh_percentile": 30.88, "active_mesh_zscore": -0.7412, "hotspot_class": "other_active", "mesh_1km_center_lat": 33.829166666666666, "mesh_1km_center_lon": 132.70624999999998}, "geometry": {"type": "Polygon", "coordinates": [[[132.7, 33.825], [132.71249999999998, 33.825], [132.71249999999998, 33.833333333333336], [132.7, 33.833333333333336], [132.7, 33.825]]]}}, {"type": "Feature", "properties": {"window_end_month": "2025-09", "window_start_month": "2024-10", "mesh_1km": "50325651", "new_restaurant_permits_12m": 1, "active_mesh_rank": 49, "active_mesh_percentile": 29.41, "active_mesh_zscore": -0.7412, "hotspot_class": "other_active", "mesh_1km_center_lat": 33.795833333333334, "mesh_1km_center_lon": 132.76874999999998}, "geometry": {"type": "Polygon", "coordinates": [[[132.7625, 33.791666666666664], [132.77499999999998, 33.791666666666664], [132.77499999999998, 33.8], [132.7625, 33.8], [132.7625, 33.791666666666664]]]}}, {"type": "Feature", "properties": {"window_end_month": "2025-09", "window_start_month": "2024-10", "mesh_1km": "50325652", "new_restaurant_permits_12m": 1, "active_mesh_rank": 50, "active_mesh_percentile": 27.94, "active_mesh_zscore": -0.7412, "hotspot_class": "other_active", "mesh_1km_center_lat": 33.795833333333334, "mesh_1km_center_lon": 132.78125}, "geometry": {"type": "Polygon", "coordinates": [[[132.775, 33.791666666666664], [132.7875, 33.791666666666664], [132.7875, 33.8], [132.775, 33.8], [132.775, 33.791666666666664]]]}}, {"type": "Feature", "properties": {"window_end_month": "2025-09", "window_start_month": "2024-10", "mesh_1km": "50325661", "new_restaurant_permits_12m": 1, "active_mesh_rank": 51, "active_mesh_percentile": 26.47, "active_mesh_zscore": -0.7412, "hotspot_class": "other_active", "mesh_1km_center_lat": 33.80416666666666, "mesh_1km_center_lon": 132.76874999999998}, "geometry": {"type": "Polygon", "coordinates": [[[132.7625, 33.8], [132.77499999999998, 33.8], [132.77499999999998, 33.80833333333333], [132.7625, 33.80833333333333], [132.7625, 33.8]]]}}, {"type": "Feature", "properties": {"window_end_month": "2025-09", "window_start_month": "2024-10", "mesh_1km": "50325694", "new_restaurant_permits_12m": 1, "active_mesh_rank": 52, "active_mesh_percentile": 25.0, "active_mesh_zscore": -0.7412, "hotspot_class": "other_active", "mesh_1km_center_lat": 33.829166666666666, "mesh_1km_center_lon": 132.80625}, "geometry": {"type": "Polygon", "coordinates": [[[132.8, 33.825], [132.8125, 33.825], [132.8125, 33.833333333333336], [132.8, 33.833333333333336], [132.8, 33.825]]]}}, {"type": "Feature", "properties": {"window_end_month": "2025-09", "window_start_month": "2024-10", "mesh_1km": "50326519", "new_restaurant_permits_12m": 1, "active_mesh_rank": 53, "active_mesh_percentile": 23.53, "active_mesh_zscore": -0.7412, "hotspot_class": "other_active", "mesh_1km_center_lat": 33.84583333333333, "mesh_1km_center_lon": 132.74375}, "geometry": {"type": "Polygon", "coordinates": [[[132.7375, 33.84166666666667], [132.75, 33.84166666666667], [132.75, 33.85], [132.7375, 33.85], [132.7375, 33.84166666666667]]]}}, {"type": "Feature", "properties": {"window_end_month": "2025-09", "window_start_month": "2024-10", "mesh_1km": "50326546", "new_restaurant_permits_12m": 1, "active_mesh_rank": 54, "active_mesh_percentile": 22.06, "active_mesh_zscore": -0.7412, "hotspot_class": "other_active", "mesh_1km_center_lat": 33.87083333333334, "mesh_1km_center_lon": 132.70624999999998}, "geometry": {"type": "Polygon", "coordinates": [[[132.7, 33.86666666666667], [132.71249999999998, 33.86666666666667], [132.71249999999998, 33.875], [132.7, 33.875], [132.7, 33.86666666666667]]]}}, {"type": "Feature", "properties": {"window_end_month": "2025-09", "window_start_month": "2024-10", "mesh_1km": "50326548", "new_restaurant_permits_12m": 1, "active_mesh_rank": 55, "active_mesh_percentile": 20.59, "active_mesh_zscore": -0.7412, "hotspot_class": "other_active", "mesh_1km_center_lat": 33.87083333333334, "mesh_1km_center_lon": 132.73125}, "geometry": {"type": "Polygon", "coordinates": [[[132.725, 33.86666666666667], [132.73749999999998, 33.86666666666667], [132.73749999999998, 33.875], [132.725, 33.875], [132.725, 33.86666666666667]]]}}, {"type": "Feature", "properties": {"window_end_month": "2025-09", "window_start_month": "2024-10", "mesh_1km": "50326549", "new_restaurant_permits_12m": 1, "active_mesh_rank": 56, "active_mesh_percentile": 19.12, "active_mesh_zscore": -0.7412, "hotspot_class": "other_active", "mesh_1km_center_lat": 33.87083333333334, "mesh_1km_center_lon": 132.74375}, "geometry": {"type": "Polygon", "coordinates": [[[132.7375, 33.86666666666667], [132.75, 33.86666666666667], [132.75, 33.875], [132.7375, 33.875], [132.7375, 33.86666666666667]]]}}, {"type": "Feature", "properties": {"window_end_month": "2025-09", "window_start_month": "2024-10", "mesh_1km": "50326566", "new_restaurant_permits_12m": 1, "active_mesh_rank": 57, "active_mesh_percentile": 17.65, "active_mesh_zscore": -0.7412, "hotspot_class": "other_active", "mesh_1km_center_lat": 33.8875, "mesh_1km_center_lon": 132.70624999999998}, "geometry": {"type": "Polygon", "coordinates": [[[132.7, 33.88333333333333], [132.71249999999998, 33.88333333333333], [132.71249999999998, 33.891666666666666], [132.7, 33.891666666666666], [132.7, 33.88333333333333]]]}}, {"type": "Feature", "properties": {"window_end_month": "2025-09", "window_start_month": "2024-10", "mesh_1km": "50326578", "new_restaurant_permits_12m": 1, "active_mesh_rank": 58, "active_mesh_percentile": 16.18, "active_mesh_zscore": -0.7412, "hotspot_class": "other_active", "mesh_1km_center_lat": 33.89583333333333, "mesh_1km_center_lon": 132.73125}, "geometry": {"type": "Polygon", "coordinates": [[[132.725, 33.891666666666666], [132.73749999999998, 33.891666666666666], [132.73749999999998, 33.9], [132.725, 33.9], [132.725, 33.891666666666666]]]}}, {"type": "Feature", "properties": {"window_end_month": "2025-09", "window_start_month": "2024-10", "mesh_1km": "50326588", "new_restaurant_permits_12m": 1, "active_mesh_rank": 59, "active_mesh_percentile": 14.71, "active_mesh_zscore": -0.7412, "hotspot_class": "other_active", "mesh_1km_center_lat": 33.90416666666667, "mesh_1km_center_lon": 132.73125}, "geometry": {"type": "Polygon", "coordinates": [[[132.725, 33.900000000000006], [132.73749999999998, 33.900000000000006], [132.73749999999998, 33.90833333333334], [132.725, 33.90833333333334], [132.725, 33.900000000000006]]]}}, {"type": "Feature", "properties": {"window_end_month": "2025-09", "window_start_month": "2024-10", "mesh_1km": "50326600", "new_restaurant_permits_12m": 1, "active_mesh_rank": 60, "active_mesh_percentile": 13.24, "active_mesh_zscore": -0.7412, "hotspot_class": "other_active", "mesh_1km_center_lat": 33.837500000000006, "mesh_1km_center_lon": 132.75625}, "geometry": {"type": "Polygon", "coordinates": [[[132.75, 33.833333333333336], [132.7625, 33.833333333333336], [132.7625, 33.84166666666667], [132.75, 33.84166666666667], [132.75, 33.833333333333336]]]}}, {"type": "Feature", "properties": {"window_end_month": "2025-09", "window_start_month": "2024-10", "mesh_1km": "50326614", "new_restaurant_permits_12m": 1, "active_mesh_rank": 61, "active_mesh_percentile": 11.76, "active_mesh_zscore": -0.7412, "hotspot_class": "other_active", "mesh_1km_center_lat": 33.84583333333333, "mesh_1km_center_lon": 132.80625}, "geometry": {"type": "Polygon", "coordinates": [[[132.8, 33.84166666666667], [132.8125, 33.84166666666667], [132.8125, 33.85], [132.8, 33.85], [132.8, 33.84166666666667]]]}}, {"type": "Feature", "properties": {"window_end_month": "2025-09", "window_start_month": "2024-10", "mesh_1km": "50327448", "new_restaurant_permits_12m": 1, "active_mesh_rank": 62, "active_mesh_percentile": 10.29, "active_mesh_zscore": -0.7412, "hotspot_class": "other_active", "mesh_1km_center_lat": 33.954166666666666, "mesh_1km_center_lon": 132.60625}, "geometry": {"type": "Polygon", "coordinates": [[[132.6, 33.95], [132.61249999999998, 33.95], [132.61249999999998, 33.958333333333336], [132.6, 33.958333333333336], [132.6, 33.95]]]}}, {"type": "Feature", "properties": {"window_end_month": "2025-09", "window_start_month": "2024-10", "mesh_1km": "50327540", "new_restaurant_permits_12m": 1, "active_mesh_rank": 63, "active_mesh_percentile": 8.82, "active_mesh_zscore": -0.7412, "hotspot_class": "other_active", "mesh_1km_center_lat": 33.954166666666666, "mesh_1km_center_lon": 132.63125}, "geometry": {"type": "Polygon", "coordinates": [[[132.625, 33.95], [132.6375, 33.95], [132.6375, 33.958333333333336], [132.625, 33.958333333333336], [132.625, 33.95]]]}}, {"type": "Feature", "properties": {"window_end_month": "2025-09", "window_start_month": "2024-10", "mesh_1km": "50327550", "new_restaurant_permits_12m": 1, "active_mesh_rank": 64, "active_mesh_percentile": 7.35, "active_mesh_zscore": -0.7412, "hotspot_class": "other_active", "mesh_1km_center_lat": 33.962500000000006, "mesh_1km_center_lon": 132.63125}, "geometry": {"type": "Polygon", "coordinates": [[[132.625, 33.958333333333336], [132.6375, 33.958333333333336], [132.6375, 33.96666666666667], [132.625, 33.96666666666667], [132.625, 33.958333333333336]]]}}, {"type": "Feature", "properties": {"window_end_month": "2025-09", "window_start_month": "2024-10", "mesh_1km": "50327570", "new_restaurant_permits_12m": 1, "active_mesh_rank": 65, "active_mesh_percentile": 5.88, "active_mesh_zscore": -0.7412, "hotspot_class": "other_active", "mesh_1km_center_lat": 33.97916666666667, "mesh_1km_center_lon": 132.63125}, "geometry": {"type": "Polygon", "coordinates": [[[132.625, 33.975], [132.6375, 33.975], [132.6375, 33.983333333333334], [132.625, 33.983333333333334], [132.625, 33.975]]]}}, {"type": "Feature", "properties": {"window_end_month": "2025-09", "window_start_month": "2024-10", "mesh_1km": "50327641", "new_restaurant_permits_12m": 1, "active_mesh_rank": 66, "active_mesh_percentile": 4.41, "active_mesh_zscore": -0.7412, "hotspot_class": "other_active", "mesh_1km_center_lat": 33.954166666666666, "mesh_1km_center_lon": 132.76874999999998}, "geometry": {"type": "Polygon", "coordinates": [[[132.7625, 33.95], [132.77499999999998, 33.95], [132.77499999999998, 33.958333333333336], [132.7625, 33.958333333333336], [132.7625, 33.95]]]}}, {"type": "Feature", "properties": {"window_end_month": "2025-09", "window_start_month": "2024-10", "mesh_1km": "50327642", "new_restaurant_permits_12m": 1, "active_mesh_rank": 67, "active_mesh_percentile": 2.94, "active_mesh_zscore": -0.7412, "hotspot_class": "other_active", "mesh_1km_center_lat": 33.954166666666666, "mesh_1km_center_lon": 132.78125}, "geometry": {"type": "Polygon", "coordinates": [[[132.775, 33.95], [132.7875, 33.95], [132.7875, 33.958333333333336], [132.775, 33.958333333333336], [132.775, 33.95]]]}}, {"type": "Feature", "properties": {"window_end_month": "2025-09", "window_start_month": "2024-10", "mesh_1km": "50327671", "new_restaurant_permits_12m": 1, "active_mesh_rank": 68, "active_mesh_percentile": 1.47, "active_mesh_zscore": -0.7412, "hotspot_class": "other_active", "mesh_1km_center_lat": 33.97916666666667, "mesh_1km_center_lon": 132.76874999999998}, "geometry": {"type": "Polygon", "coordinates": [[[132.7625, 33.975], [132.77499999999998, 33.975], [132.77499999999998, 33.983333333333334], [132.7625, 33.983333333333334], [132.7625, 33.975]]]}}, {"type": "Feature", "properties": {"window_end_month": "2025-10", "window_start_month": "2024-11", "mesh_1km": "50326622", "new_restaurant_permits_12m": 34, "active_mesh_rank": 1, "active_mesh_percentile": 100.0, "active_mesh_zscore": 5.7351, "hotspot_class": "top_5pct_active", "mesh_1km_center_lat": 33.85416666666667, "mesh_1km_center_lon": 132.78125}, "geometry": {"type": "Polygon", "coordinates": [[[132.775, 33.85], [132.7875, 33.85], [132.7875, 33.858333333333334], [132.775, 33.858333333333334], [132.775, 33.85]]]}}, {"type": "Feature", "properties": {"window_end_month": "2025-10", "window_start_month": "2024-11", "mesh_1km": "50326537", "new_restaurant_permits_12m": 16, "active_mesh_rank": 2, "active_mesh_percentile": 98.53, "active_mesh_zscore": 2.2111, "hotspot_class": "top_5pct_active", "mesh_1km_center_lat": 33.8625, "mesh_1km_center_lon": 132.71875}, "geometry": {"type": "Polygon", "coordinates": [[[132.7125, 33.858333333333334], [132.725, 33.858333333333334], [132.725, 33.86666666666667], [132.7125, 33.86666666666667], [132.7125, 33.858333333333334]]]}}, {"type": "Feature", "properties": {"window_end_month": "2025-10", "window_start_month": "2024-11", "mesh_1km": "50325671", "new_restaurant_permits_12m": 15, "active_mesh_rank": 3, "active_mesh_percentile": 97.06, "active_mesh_zscore": 2.0154, "hotspot_class": "top_5pct_active", "mesh_1km_center_lat": 33.8125, "mesh_1km_center_lon": 132.76874999999998}, "geometry": {"type": "Polygon", "coordinates": [[[132.7625, 33.80833333333333], [132.77499999999998, 33.80833333333333], [132.77499999999998, 33.81666666666666], [132.7625, 33.81666666666666], [132.7625, 33.80833333333333]]]}}, {"type": "Feature", "properties": {"window_end_month": "2025-10", "window_start_month": "2024-11", "mesh_1km": "50325680", "new_restaurant_permits_12m": 12, "active_mesh_rank": 4, "active_mesh_percentile": 95.59, "active_mesh_zscore": 1.428, "hotspot_class": "top_5pct_active", "mesh_1km_center_lat": 33.82083333333334, "mesh_1km_center_lon": 132.75625}, "geometry": {"type": "Polygon", "coordinates": [[[132.75, 33.81666666666667], [132.7625, 33.81666666666667], [132.7625, 33.825], [132.75, 33.825], [132.75, 33.81666666666667]]]}}, {"type": "Feature", "properties": {"window_end_month": "2025-10", "window_start_month": "2024-11", "mesh_1km": "50326602", "new_restaurant_permits_12m": 12, "active_mesh_rank": 5, "active_mesh_percentile": 94.12, "active_mesh_zscore": 1.428, "hotspot_class": "top_20pct_active", "mesh_1km_center_lat": 33.837500000000006, "mesh_1km_center_lon": 132.78125}, "geometry": {"type": "Polygon", "coordinates": [[[132.775, 33.833333333333336], [132.7875, 33.833333333333336], [132.7875, 33.84166666666667], [132.775, 33.84166666666667], [132.775, 33.833333333333336]]]}}, {"type": "Feature", "properties": {"window_end_month": "2025-10", "window_start_month": "2024-11", "mesh_1km": "50325682", "new_restaurant_permits_12m": 11, "active_mesh_rank": 6, "active_mesh_percentile": 92.65, "active_mesh_zscore": 1.2322, "hotspot_class": "top_20pct_active", "mesh_1km_center_lat": 33.82083333333334, "mesh_1km_center_lon": 132.78125}, "geometry": {"type": "Polygon", "coordinates": [[[132.775, 33.81666666666667], [132.7875, 33.81666666666667], [132.7875, 33.825], [132.775, 33.825], [132.775, 33.81666666666667]]]}}, {"type": "Feature", "properties": {"window_end_month": "2025-10", "window_start_month": "2024-11", "mesh_1km": "50325692", "new_restaurant_permits_12m": 11, "active_mesh_rank": 7, "active_mesh_percentile": 91.18, "active_mesh_zscore": 1.2322, "hotspot_class": "top_20pct_active", "mesh_1km_center_lat": 33.829166666666666, "mesh_1km_center_lon": 132.78125}, "geometry": {"type": "Polygon", "coordinates": [[[132.775, 33.825], [132.7875, 33.825], [132.7875, 33.833333333333336], [132.775, 33.833333333333336], [132.775, 33.825]]]}}, {"type": "Feature", "properties": {"window_end_month": "2025-10", "window_start_month": "2024-11", "mesh_1km": "50325681", "new_restaurant_permits_12m": 10, "active_mesh_rank": 8, "active_mesh_percentile": 89.71, "active_mesh_zscore": 1.0365, "hotspot_class": "top_20pct_active", "mesh_1km_center_lat": 33.82083333333334, "mesh_1km_center_lon": 132.76874999999998}, "geometry": {"type": "Polygon", "coordinates": [[[132.7625, 33.81666666666667], [132.77499999999998, 33.81666666666667], [132.77499999999998, 33.825], [132.7625, 33.825], [132.7625, 33.81666666666667]]]}}, {"type": "Feature", "properties": {"window_end_month": "2025-10", "window_start_month": "2024-11", "mesh_1km": "50325597", "new_restaurant_permits_12m": 9, "active_mesh_rank": 9, "active_mesh_percentile": 88.24, "active_mesh_zscore": 0.8407, "hotspot_class": "top_20pct_active", "mesh_1km_center_lat": 33.829166666666666, "mesh_1km_center_lon": 132.71875}, "geometry": {"type": "Polygon", "coordinates": [[[132.7125, 33.825], [132.725, 33.825], [132.725, 33.833333333333336], [132.7125, 33.833333333333336], [132.7125, 33.825]]]}}, {"type": "Feature", "properties": {"window_end_month": "2025-10", "window_start_month": "2024-11", "mesh_1km": "50325599", "new_restaurant_permits_12m": 9, "active_mesh_rank": 10, "active_mesh_percentile": 86.76, "active_mesh_zscore": 0.8407, "hotspot_class": "top_20pct_active", "mesh_1km_center_lat": 33.829166666666666, "mesh_1km_center_lon": 132.74375}, "geometry": {"type": "Polygon", "coordinates": [[[132.7375, 33.825], [132.75, 33.825], [132.75, 33.833333333333336], [132.7375, 33.833333333333336], [132.7375, 33.825]]]}}, {"type": "Feature", "properties": {"window_end_month": "2025-10", "window_start_month": "2024-11", "mesh_1km": "50325693", "new_restaurant_permits_12m": 9, "active_mesh_rank": 11, "active_mesh_percentile": 85.29, "active_mesh_zscore": 0.8407, "hotspot_class": "top_20pct_active", "mesh_1km_center_lat": 33.829166666666666, "mesh_1km_center_lon": 132.79375}, "geometry": {"type": "Polygon", "coordinates": [[[132.7875, 33.825], [132.79999999999998, 33.825], [132.79999999999998, 33.833333333333336], [132.7875, 33.833333333333336], [132.7875, 33.825]]]}}, {"type": "Feature", "properties": {"window_end_month": "2025-10", "window_start_month": "2024-11", "mesh_1km": "50326630", "new_restaurant_permits_12m": 9, "active_mesh_rank": 12, "active_mesh_percentile": 83.82, "active_mesh_zscore": 0.8407, "hotspot_class": "top_20pct_active", "mesh_1km_center_lat": 33.8625, "mesh_1km_center_lon": 132.75625}, "geometry": {"type": "Polygon", "coordinates": [[[132.75, 33.858333333333334], [132.7625, 33.858333333333334], [132.7625, 33.86666666666667], [132.75, 33.86666666666667], [132.75, 33.858333333333334]]]}}, {"type": "Feature", "properties": {"window_end_month": "2025-10", "window_start_month": "2024-11", "mesh_1km": "50325690", "new_restaurant_permits_12m": 7, "active_mesh_rank": 13, "active_mesh_percentile": 82.35, "active_mesh_zscore": 0.4491, "hotspot_class": "top_20pct_active", "mesh_1km_center_lat": 33.829166666666666, "mesh_1km_center_lon": 132.75625}, "geometry": {"type": "Polygon", "coordinates": [[[132.75, 33.825], [132.7625, 33.825], [132.7625, 33.833333333333336], [132.75, 33.833333333333336], [132.75, 33.825]]]}}, {"type": "Feature", "properties": {"window_end_month": "2025-10", "window_start_month": "2024-11", "mesh_1km": "50325691", "new_restaurant_permits_12m": 7, "active_mesh_rank": 14, "active_mesh_percentile": 80.88, "active_mesh_zscore": 0.4491, "hotspot_class": "top_20pct_active", "mesh_1km_center_lat": 33.829166666666666, "mesh_1km_center_lon": 132.76874999999998}, "geometry": {"type": "Polygon", "coordinates": [[[132.7625, 33.825], [132.77499999999998, 33.825], [132.77499999999998, 33.833333333333336], [132.7625, 33.833333333333336], [132.7625, 33.825]]]}}, {"type": "Feature", "properties": {"window_end_month": "2025-10", "window_start_month": "2024-11", "mesh_1km": "50326538", "new_restaurant_permits_12m": 7, "active_mesh_rank": 15, "active_mesh_percentile": 79.41, "active_mesh_zscore": 0.4491, "hotspot_class": "other_active", "mesh_1km_center_lat": 33.8625, "mesh_1km_center_lon": 132.73125}, "geometry": {"type": "Polygon", "coordinates": [[[132.725, 33.858333333333334], [132.73749999999998, 33.858333333333334], [132.73749999999998, 33.86666666666667], [132.725, 33.86666666666667], [132.725, 33.858333333333334]]]}}, {"type": "Feature", "properties": {"window_end_month": "2025-10", "window_start_month": "2024-11", "mesh_1km": "50325598", "new_restaurant_permits_12m": 6, "active_mesh_rank": 16, "active_mesh_percentile": 77.94, "active_mesh_zscore": 0.2534, "hotspot_class": "other_active", "mesh_1km_center_lat": 33.829166666666666, "mesh_1km_center_lon": 132.73125}, "geometry": {"type": "Polygon", "coordinates": [[[132.725, 33.825], [132.73749999999998, 33.825], [132.73749999999998, 33.833333333333336], [132.725, 33.833333333333336], [132.725, 33.825]]]}}, {"type": "Feature", "properties": {"window_end_month": "2025-10", "window_start_month": "2024-11", "mesh_1km": "50325672", "new_restaurant_permits_12m": 6, "active_mesh_rank": 17, "active_mesh_percentile": 76.47, "active_mesh_zscore": 0.2534, "hotspot_class": "other_active", "mesh_1km_center_lat": 33.8125, "mesh_1km_center_lon": 132.78125}, "geometry": {"type": "Polygon", "coordinates": [[[132.775, 33.80833333333333], [132.7875, 33.80833333333333], [132.7875, 33.81666666666666], [132.775, 33.81666666666666], [132.775, 33.80833333333333]]]}}, {"type": "Feature", "properties": {"window_end_month": "2025-10", "window_start_month": "2024-11", "mesh_1km": "50325673", "new_restaurant_permits_12m": 6, "active_mesh_rank": 18, "active_mesh_percentile": 75.0, "active_mesh_zscore": 0.2534, "hotspot_class": "other_active", "mesh_1km_center_lat": 33.8125, "mesh_1km_center_lon": 132.79375}, "geometry": {"type": "Polygon", "coordinates": [[[132.7875, 33.80833333333333], [132.79999999999998, 33.80833333333333], [132.79999999999998, 33.81666666666666], [132.7875, 33.81666666666666], [132.7875, 33.80833333333333]]]}}, {"type": "Feature", "properties": {"window_end_month": "2025-10", "window_start_month": "2024-11", "mesh_1km": "50326509", "new_restaurant_permits_12m": 6, "active_mesh_rank": 19, "active_mesh_percentile": 73.53, "active_mesh_zscore": 0.2534, "hotspot_class": "other_active", "mesh_1km_center_lat": 33.837500000000006, "mesh_1km_center_lon": 132.74375}, "geometry": {"type": "Polygon", "coordinates": [[[132.7375, 33.833333333333336], [132.75, 33.833333333333336], [132.75, 33.84166666666667], [132.7375, 33.84166666666667], [132.7375, 33.833333333333336]]]}}, {"type": "Feature", "properties": {"window_end_month": "2025-10", "window_start_month": "2024-11", "mesh_1km": "50325589", "new_restaurant_permits_12m": 5, "active_mesh_rank": 20, "active_mesh_percentile": 72.06, "active_mesh_zscore": 0.0576, "hotspot_class": "other_active", "mesh_1km_center_lat": 33.82083333333334, "mesh_1km_center_lon": 132.74375}, "geometry": {"type": "Polygon", "coordinates": [[[132.7375, 33.81666666666667], [132.75, 33.81666666666667], [132.75, 33.825], [132.7375, 33.825], [132.7375, 33.81666666666667]]]}}, {"type": "Feature", "properties": {"window_end_month": "2025-10", "window_start_month": "2024-11", "mesh_1km": "50325663", "new_restaurant_permits_12m": 5, "active_mesh_rank": 21, "active_mesh_percentile": 70.59, "active_mesh_zscore": 0.0576, "hotspot_class": "other_active", "mesh_1km_center_lat": 33.80416666666666, "mesh_1km_center_lon": 132.79375}, "geometry": {"type": "Polygon", "coordinates": [[[132.7875, 33.8], [132.79999999999998, 33.8], [132.79999999999998, 33.80833333333333], [132.7875, 33.80833333333333], [132.7875, 33.8]]]}}, {"type": "Feature", "properties": {"window_end_month": "2025-10", "window_start_month": "2024-11", "mesh_1km": "50325670", "new_restaurant_permits_12m": 5, "active_mesh_rank": 22, "active_mesh_percentile": 69.12, "active_mesh_zscore": 0.0576, "hotspot_class": "other_active", "mesh_1km_center_lat": 33.8125, "mesh_1km_center_lon": 132.75625}, "geometry": {"type": "Polygon", "coordinates": [[[132.75, 33.80833333333333], [132.7625, 33.80833333333333], [132.7625, 33.81666666666666], [132.75, 33.81666666666666], [132.75, 33.80833333333333]]]}}, {"type": "Feature", "properties": {"window_end_month": "2025-10", "window_start_month": "2024-11", "mesh_1km": "50326527", "new_restaurant_permits_12m": 5, "active_mesh_rank": 23, "active_mesh_percentile": 67.65, "active_mesh_zscore": 0.0576, "hotspot_class": "other_active", "mesh_1km_center_lat": 33.85416666666667, "mesh_1km_center_lon": 132.71875}, "geometry": {"type": "Polygon", "coordinates": [[[132.7125, 33.85], [132.725, 33.85], [132.725, 33.858333333333334], [132.7125, 33.858333333333334], [132.7125, 33.85]]]}}, {"type": "Feature", "properties": {"window_end_month": "2025-10", "window_start_month": "2024-11", "mesh_1km": "50326610", "new_restaurant_permits_12m": 5, "active_mesh_rank": 24, "active_mesh_percentile": 66.18, "active_mesh_zscore": 0.0576, "hotspot_class": "other_active", "mesh_1km_center_lat": 33.84583333333333, "mesh_1km_center_lon": 132.75625}, "geometry": {"type": "Polygon", "coordinates": [[[132.75, 33.84166666666667], [132.7625, 33.84166666666667], [132.7625, 33.85], [132.75, 33.85], [132.75, 33.84166666666667]]]}}, {"type": "Feature", "properties": {"window_end_month": "2025-10", "window_start_month": "2024-11", "mesh_1km": "50326620", "new_restaurant_permits_12m": 5, "active_mesh_rank": 25, "active_mesh_percentile": 64.71, "active_mesh_zscore": 0.0576, "hotspot_class": "other_active", "mesh_1km_center_lat": 33.85416666666667, "mesh_1km_center_lon": 132.75625}, "geometry": {"type": "Polygon", "coordinates": [[[132.75, 33.85], [132.7625, 33.85], [132.7625, 33.858333333333334], [132.75, 33.858333333333334], [132.75, 33.85]]]}}, {"type": "Feature", "properties": {"window_end_month": "2025-10", "window_start_month": "2024-11", "mesh_1km": "50326623", "new_restaurant_permits_12m": 5, "active_mesh_rank": 26, "active_mesh_percentile": 63.24, "active_mesh_zscore": 0.0576, "hotspot_class": "other_active", "mesh_1km_center_lat": 33.85416666666667, "mesh_1km_center_lon": 132.79375}, "geometry": {"type": "Polygon", "coordinates": [[[132.7875, 33.85], [132.79999999999998, 33.85], [132.79999999999998, 33.858333333333334], [132.7875, 33.858333333333334], [132.7875, 33.85]]]}}, {"type": "Feature", "properties": {"window_end_month": "2025-10", "window_start_month": "2024-11", "mesh_1km": "50327652", "new_restaurant_permits_12m": 5, "active_mesh_rank": 27, "active_mesh_percentile": 61.76, "active_mesh_zscore": 0.0576, "hotspot_class": "other_active", "mesh_1km_center_lat": 33.962500000000006, "mesh_1km_center_lon": 132.78125}, "geometry": {"type": "Polygon", "coordinates": [[[132.775, 33.958333333333336], [132.7875, 33.958333333333336], [132.7875, 33.96666666666667], [132.775, 33.96666666666667], [132.775, 33.958333333333336]]]}}, {"type": "Feature", "properties": {"window_end_month": "2025-10", "window_start_month": "2024-11", "mesh_1km": "50325578", "new_restaurant_permits_12m": 4, "active_mesh_rank": 28, "active_mesh_percentile": 60.29, "active_mesh_zscore": -0.1382, "hotspot_class": "other_active", "mesh_1km_center_lat": 33.8125, "mesh_1km_center_lon": 132.73125}, "geometry": {"type": "Polygon", "coordinates": [[[132.725, 33.80833333333333], [132.73749999999998, 33.80833333333333], [132.73749999999998, 33.81666666666666], [132.725, 33.81666666666666], [132.725, 33.80833333333333]]]}}, {"type": "Feature", "properties": {"window_end_month": "2025-10", "window_start_month": "2024-11", "mesh_1km": "50325579", "new_restaurant_permits_12m": 4, "active_mesh_rank": 29, "active_mesh_percentile": 58.82, "active_mesh_zscore": -0.1382, "hotspot_class": "other_active", "mesh_1km_center_lat": 33.8125, "mesh_1km_center_lon": 132.74375}, "geometry": {"type": "Polygon", "coordinates": [[[132.7375, 33.80833333333333], [132.75, 33.80833333333333], [132.75, 33.81666666666666], [132.7375, 33.81666666666666], [132.7375, 33.80833333333333]]]}}, {"type": "Feature", "properties": {"window_end_month": "2025-10", "window_start_month": "2024-11", "mesh_1km": "50326528", "new_restaurant_permits_12m": 4, "active_mesh_rank": 30, "active_mesh_percentile": 57.35, "active_mesh_zscore": -0.1382, "hotspot_class": "other_active", "mesh_1km_center_lat": 33.85416666666667, "mesh_1km_center_lon": 132.73125}, "geometry": {"type": "Polygon", "coordinates": [[[132.725, 33.85], [132.73749999999998, 33.85], [132.73749999999998, 33.858333333333334], [132.725, 33.858333333333334], [132.725, 33.85]]]}}, {"type": "Feature", "properties": {"window_end_month": "2025-10", "window_start_month": "2024-11", "mesh_1km": "50326529", "new_restaurant_permits_12m": 4, "active_mesh_rank": 31, "active_mesh_percentile": 55.88, "active_mesh_zscore": -0.1382, "hotspot_class": "other_active", "mesh_1km_center_lat": 33.85416666666667, "mesh_1km_center_lon": 132.74375}, "geometry": {"type": "Polygon", "coordinates": [[[132.7375, 33.85], [132.75, 33.85], [132.75, 33.858333333333334], [132.7375, 33.858333333333334], [132.7375, 33.85]]]}}, {"type": "Feature", "properties": {"window_end_month": "2025-10", "window_start_month": "2024-11", "mesh_1km": "50326613", "new_restaurant_permits_12m": 4, "active_mesh_rank": 32, "active_mesh_percentile": 54.41, "active_mesh_zscore": -0.1382, "hotspot_class": "other_active", "mesh_1km_center_lat": 33.84583333333333, "mesh_1km_center_lon": 132.79375}, "geometry": {"type": "Polygon", "coordinates": [[[132.7875, 33.84166666666667], [132.79999999999998, 33.84166666666667], [132.79999999999998, 33.85], [132.7875, 33.85], [132.7875, 33.84166666666667]]]}}, {"type": "Feature", "properties": {"window_end_month": "2025-10", "window_start_month": "2024-11", "mesh_1km": "50326640", "new_restaurant_permits_12m": 4, "active_mesh_rank": 33, "active_mesh_percentile": 52.94, "active_mesh_zscore": -0.1382, "hotspot_class": "other_active", "mesh_1km_center_lat": 33.87083333333334, "mesh_1km_center_lon": 132.75625}, "geometry": {"type": "Polygon", "coordinates": [[[132.75, 33.86666666666667], [132.7625, 33.86666666666667], [132.7625, 33.875], [132.75, 33.875], [132.75, 33.86666666666667]]]}}, {"type": "Feature", "properties": {"window_end_month": "2025-10", "window_start_month": "2024-11", "mesh_1km": "50325674", "new_restaurant_permits_12m": 3, "active_mesh_rank": 34, "active_mesh_percentile": 51.47, "active_mesh_zscore": -0.334, "hotspot_class": "other_active", "mesh_1km_center_lat": 33.8125, "mesh_1km_center_lon": 132.80625}, "geometry": {"type": "Polygon", "coordinates": [[[132.8, 33.80833333333333], [132.8125, 33.80833333333333], [132.8125, 33.81666666666666], [132.8, 33.81666666666666], [132.8, 33.80833333333333]]]}}, {"type": "Feature", "properties": {"window_end_month": "2025-10", "window_start_month": "2024-11", "mesh_1km": "50326547", "new_restaurant_permits_12m": 3, "active_mesh_rank": 35, "active_mesh_percentile": 50.0, "active_mesh_zscore": -0.334, "hotspot_class": "other_active", "mesh_1km_center_lat": 33.87083333333334, "mesh_1km_center_lon": 132.71875}, "geometry": {"type": "Polygon", "coordinates": [[[132.7125, 33.86666666666667], [132.725, 33.86666666666667], [132.725, 33.875], [132.7125, 33.875], [132.7125, 33.86666666666667]]]}}, {"type": "Feature", "properties": {"window_end_month": "2025-10", "window_start_month": "2024-11", "mesh_1km": "50326579", "new_restaurant_permits_12m": 3, "active_mesh_rank": 36, "active_mesh_percentile": 48.53, "active_mesh_zscore": -0.334, "hotspot_class": "other_active", "mesh_1km_center_lat": 33.89583333333333, "mesh_1km_center_lon": 132.74375}, "geometry": {"type": "Polygon", "coordinates": [[[132.7375, 33.891666666666666], [132.75, 33.891666666666666], [132.75, 33.9], [132.7375, 33.9], [132.7375, 33.891666666666666]]]}}, {"type": "Feature", "properties": {"window_end_month": "2025-10", "window_start_month": "2024-11", "mesh_1km": "50326603", "new_restaurant_permits_12m": 3, "active_mesh_rank": 37, "active_mesh_percentile": 47.06, "active_mesh_zscore": -0.334, "hotspot_class": "other_active", "mesh_1km_center_lat": 33.837500000000006, "mesh_1km_center_lon": 132.79375}, "geometry": {"type": "Polygon", "coordinates": [[[132.7875, 33.833333333333336], [132.79999999999998, 33.833333333333336], [132.79999999999998, 33.84166666666667], [132.7875, 33.84166666666667], [132.7875, 33.833333333333336]]]}}, {"type": "Feature", "properties": {"window_end_month": "2025-10", "window_start_month": "2024-11", "mesh_1km": "50326612", "new_restaurant_permits_12m": 3, "active_mesh_rank": 38, "active_mesh_percentile": 45.59, "active_mesh_zscore": -0.334, "hotspot_class": "other_active", "mesh_1km_center_lat": 33.84583333333333, "mesh_1km_center_lon": 132.78125}, "geometry": {"type": "Polygon", "coordinates": [[[132.775, 33.84166666666667], [132.7875, 33.84166666666667], [132.7875, 33.85], [132.775, 33.85], [132.775, 33.84166666666667]]]}}, {"type": "Feature", "properties": {"window_end_month": "2025-10", "window_start_month": "2024-11", "mesh_1km": "50325568", "new_restaurant_permits_12m": 2, "active_mesh_rank": 39, "active_mesh_percentile": 44.12, "active_mesh_zscore": -0.5298, "hotspot_class": "other_active", "mesh_1km_center_lat": 33.80416666666666, "mesh_1km_center_lon": 132.73125}, "geometry": {"type": "Polygon", "coordinates": [[[132.725, 33.8], [132.73749999999998, 33.8], [132.73749999999998, 33.80833333333333], [132.725, 33.80833333333333], [132.725, 33.8]]]}}, {"type": "Feature", "properties": {"window_end_month": "2025-10", "window_start_month": "2024-11", "mesh_1km": "50325662", "new_restaurant_permits_12m": 2, "active_mesh_rank": 40, "active_mesh_percentile": 42.65, "active_mesh_zscore": -0.5298, "hotspot_class": "other_active", "mesh_1km_center_lat": 33.80416666666666, "mesh_1km_center_lon": 132.78125}, "geometry": {"type": "Polygon", "coordinates": [[[132.775, 33.8], [132.7875, 33.8], [132.7875, 33.80833333333333], [132.775, 33.80833333333333], [132.775, 33.8]]]}}, {"type": "Feature", "properties": {"window_end_month": "2025-10", "window_start_month": "2024-11", "mesh_1km": "50325675", "new_restaurant_permits_12m": 2, "active_mesh_rank": 41, "active_mesh_percentile": 41.18, "active_mesh_zscore": -0.5298, "hotspot_class": "other_active", "mesh_1km_center_lat": 33.8125, "mesh_1km_center_lon": 132.81875}, "geometry": {"type": "Polygon", "coordinates": [[[132.8125, 33.80833333333333], [132.825, 33.80833333333333], [132.825, 33.81666666666666], [132.8125, 33.81666666666666], [132.8125, 33.80833333333333]]]}}, {"type": "Feature", "properties": {"window_end_month": "2025-10", "window_start_month": "2024-11", "mesh_1km": "50326536", "new_restaurant_permits_12m": 2, "active_mesh_rank": 42, "active_mesh_percentile": 39.71, "active_mesh_zscore": -0.5298, "hotspot_class": "other_active", "mesh_1km_center_lat": 33.8625, "mesh_1km_center_lon": 132.70624999999998}, "geometry": {"type": "Polygon", "coordinates": [[[132.7, 33.858333333333334], [132.71249999999998, 33.858333333333334], [132.71249999999998, 33.86666666666667], [132.7, 33.86666666666667], [132.7, 33.858333333333334]]]}}, {"type": "Feature", "properties": {"window_end_month": "2025-10", "window_start_month": "2024-11", "mesh_1km": "50326578", "new_restaurant_permits_12m": 2, "active_mesh_rank": 43, "active_mesh_percentile": 38.24, "active_mesh_zscore": -0.5298, "hotspot_class": "other_active", "mesh_1km_center_lat": 33.89583333333333, "mesh_1km_center_lon": 132.73125}, "geometry": {"type": "Polygon", "coordinates": [[[132.725, 33.891666666666666], [132.73749999999998, 33.891666666666666], [132.73749999999998, 33.9], [132.725, 33.9], [132.725, 33.891666666666666]]]}}, {"type": "Feature", "properties": {"window_end_month": "2025-10", "window_start_month": "2024-11", "mesh_1km": "50326621", "new_restaurant_permits_12m": 2, "active_mesh_rank": 44, "active_mesh_percentile": 36.76, "active_mesh_zscore": -0.5298, "hotspot_class": "other_active", "mesh_1km_center_lat": 33.85416666666667, "mesh_1km_center_lon": 132.76874999999998}, "geometry": {"type": "Polygon", "coordinates": [[[132.7625, 33.85], [132.77499999999998, 33.85], [132.77499999999998, 33.858333333333334], [132.7625, 33.858333333333334], [132.7625, 33.85]]]}}, {"type": "Feature", "properties": {"window_end_month": "2025-10", "window_start_month": "2024-11", "mesh_1km": "50327631", "new_restaurant_permits_12m": 2, "active_mesh_rank": 45, "active_mesh_percentile": 35.29, "active_mesh_zscore": -0.5298, "hotspot_class": "other_active", "mesh_1km_center_lat": 33.94583333333334, "mesh_1km_center_lon": 132.76874999999998}, "geometry": {"type": "Polygon", "coordinates": [[[132.7625, 33.94166666666667], [132.77499999999998, 33.94166666666667], [132.77499999999998, 33.95], [132.7625, 33.95], [132.7625, 33.94166666666667]]]}}, {"type": "Feature", "properties": {"window_end_month": "2025-10", "window_start_month": "2024-11", "mesh_1km": "50327642", "new_restaurant_permits_12m": 2, "active_mesh_rank": 46, "active_mesh_percentile": 33.82, "active_mesh_zscore": -0.5298, "hotspot_class": "other_active", "mesh_1km_center_lat": 33.954166666666666, "mesh_1km_center_lon": 132.78125}, "geometry": {"type": "Polygon", "coordinates": [[[132.775, 33.95], [132.7875, 33.95], [132.7875, 33.958333333333336], [132.775, 33.958333333333336], [132.775, 33.95]]]}}, {"type": "Feature", "properties": {"window_end_month": "2025-10", "window_start_month": "2024-11", "mesh_1km": "50327651", "new_restaurant_permits_12m": 2, "active_mesh_rank": 47, "active_mesh_percentile": 32.35, "active_mesh_zscore": -0.5298, "hotspot_class": "other_active", "mesh_1km_center_lat": 33.962500000000006, "mesh_1km_center_lon": 132.76874999999998}, "geometry": {"type": "Polygon", "coordinates": [[[132.7625, 33.958333333333336], [132.77499999999998, 33.958333333333336], [132.77499999999998, 33.96666666666667], [132.7625, 33.96666666666667], [132.7625, 33.958333333333336]]]}}, {"type": "Feature", "properties": {"window_end_month": "2025-10", "window_start_month": "2024-11", "mesh_1km": "50325585", "new_restaurant_permits_12m": 1, "active_mesh_rank": 48, "active_mesh_percentile": 30.88, "active_mesh_zscore": -0.7255, "hotspot_class": "other_active", "mesh_1km_center_lat": 33.82083333333334, "mesh_1km_center_lon": 132.69375}, "geometry": {"type": "Polygon", "coordinates": [[[132.6875, 33.81666666666667], [132.7, 33.81666666666667], [132.7, 33.825], [132.6875, 33.825], [132.6875, 33.81666666666667]]]}}, {"type": "Feature", "properties": {"window_end_month": "2025-10", "window_start_month": "2024-11", "mesh_1km": "50325587", "new_restaurant_permits_12m": 1, "active_mesh_rank": 49, "active_mesh_percentile": 29.41, "active_mesh_zscore": -0.7255, "hotspot_class": "other_active", "mesh_1km_center_lat": 33.82083333333334, "mesh_1km_center_lon": 132.71875}, "geometry": {"type": "Polygon", "coordinates": [[[132.7125, 33.81666666666667], [132.725, 33.81666666666667], [132.725, 33.825], [132.7125, 33.825], [132.7125, 33.81666666666667]]]}}, {"type": "Feature", "properties": {"window_end_month": "2025-10", "window_start_month": "2024-11", "mesh_1km": "50325596", "new_restaurant_permits_12m": 1, "active_mesh_rank": 50, "active_mesh_percentile": 27.94, "active_mesh_zscore": -0.7255, "hotspot_class": "other_active", "mesh_1km_center_lat": 33.829166666666666, "mesh_1km_center_lon": 132.70624999999998}, "geometry": {"type": "Polygon", "coordinates": [[[132.7, 33.825], [132.71249999999998, 33.825], [132.71249999999998, 33.833333333333336], [132.7, 33.833333333333336], [132.7, 33.825]]]}}, {"type": "Feature", "properties": {"window_end_month": "2025-10", "window_start_month": "2024-11", "mesh_1km": "50325651", "new_restaurant_permits_12m": 1, "active_mesh_rank": 51, "active_mesh_percentile": 26.47, "active_mesh_zscore": -0.7255, "hotspot_class": "other_active", "mesh_1km_center_lat": 33.795833333333334, "mesh_1km_center_lon": 132.76874999999998}, "geometry": {"type": "Polygon", "coordinates": [[[132.7625, 33.791666666666664], [132.77499999999998, 33.791666666666664], [132.77499999999998, 33.8], [132.7625, 33.8], [132.7625, 33.791666666666664]]]}}, {"type": "Feature", "properties": {"window_end_month": "2025-10", "window_start_month": "2024-11", "mesh_1km": "50325652", "new_restaurant_permits_12m": 1, "active_mesh_rank": 52, "active_mesh_percentile": 25.0, "active_mesh_zscore": -0.7255, "hotspot_class": "other_active", "mesh_1km_center_lat": 33.795833333333334, "mesh_1km_center_lon": 132.78125}, "geometry": {"type": "Polygon", "coordinates": [[[132.775, 33.791666666666664], [132.7875, 33.791666666666664], [132.7875, 33.8], [132.775, 33.8], [132.775, 33.791666666666664]]]}}, {"type": "Feature", "properties": {"window_end_month": "2025-10", "window_start_month": "2024-11", "mesh_1km": "50325661", "new_restaurant_permits_12m": 1, "active_mesh_rank": 53, "active_mesh_percentile": 23.53, "active_mesh_zscore": -0.7255, "hotspot_class": "other_active", "mesh_1km_center_lat": 33.80416666666666, "mesh_1km_center_lon": 132.76874999999998}, "geometry": {"type": "Polygon", "coordinates": [[[132.7625, 33.8], [132.77499999999998, 33.8], [132.77499999999998, 33.80833333333333], [132.7625, 33.80833333333333], [132.7625, 33.8]]]}}, {"type": "Feature", "properties": {"window_end_month": "2025-10", "window_start_month": "2024-11", "mesh_1km": "50325694", "new_restaurant_permits_12m": 1, "active_mesh_rank": 54, "active_mesh_percentile": 22.06, "active_mesh_zscore": -0.7255, "hotspot_class": "other_active", "mesh_1km_center_lat": 33.829166666666666, "mesh_1km_center_lon": 132.80625}, "geometry": {"type": "Polygon", "coordinates": [[[132.8, 33.825], [132.8125, 33.825], [132.8125, 33.833333333333336], [132.8, 33.833333333333336], [132.8, 33.825]]]}}, {"type": "Feature", "properties": {"window_end_month": "2025-10", "window_start_month": "2024-11", "mesh_1km": "50326519", "new_restaurant_permits_12m": 1, "active_mesh_rank": 55, "active_mesh_percentile": 20.59, "active_mesh_zscore": -0.7255, "hotspot_class": "other_active", "mesh_1km_center_lat": 33.84583333333333, "mesh_1km_center_lon": 132.74375}, "geometry": {"type": "Polygon", "coordinates": [[[132.7375, 33.84166666666667], [132.75, 33.84166666666667], [132.75, 33.85], [132.7375, 33.85], [132.7375, 33.84166666666667]]]}}, {"type": "Feature", "properties": {"window_end_month": "2025-10", "window_start_month": "2024-11", "mesh_1km": "50326546", "new_restaurant_permits_12m": 1, "active_mesh_rank": 56, "active_mesh_percentile": 19.12, "active_mesh_zscore": -0.7255, "hotspot_class": "other_active", "mesh_1km_center_lat": 33.87083333333334, "mesh_1km_center_lon": 132.70624999999998}, "geometry": {"type": "Polygon", "coordinates": [[[132.7, 33.86666666666667], [132.71249999999998, 33.86666666666667], [132.71249999999998, 33.875], [132.7, 33.875], [132.7, 33.86666666666667]]]}}, {"type": "Feature", "properties": {"window_end_month": "2025-10", "window_start_month": "2024-11", "mesh_1km": "50326548", "new_restaurant_permits_12m": 1, "active_mesh_rank": 57, "active_mesh_percentile": 17.65, "active_mesh_zscore": -0.7255, "hotspot_class": "other_active", "mesh_1km_center_lat": 33.87083333333334, "mesh_1km_center_lon": 132.73125}, "geometry": {"type": "Polygon", "coordinates": [[[132.725, 33.86666666666667], [132.73749999999998, 33.86666666666667], [132.73749999999998, 33.875], [132.725, 33.875], [132.725, 33.86666666666667]]]}}, {"type": "Feature", "properties": {"window_end_month": "2025-10", "window_start_month": "2024-11", "mesh_1km": "50326549", "new_restaurant_permits_12m": 1, "active_mesh_rank": 58, "active_mesh_percentile": 16.18, "active_mesh_zscore": -0.7255, "hotspot_class": "other_active", "mesh_1km_center_lat": 33.87083333333334, "mesh_1km_center_lon": 132.74375}, "geometry": {"type": "Polygon", "coordinates": [[[132.7375, 33.86666666666667], [132.75, 33.86666666666667], [132.75, 33.875], [132.7375, 33.875], [132.7375, 33.86666666666667]]]}}, {"type": "Feature", "properties": {"window_end_month": "2025-10", "window_start_month": "2024-11", "mesh_1km": "50326566", "new_restaurant_permits_12m": 1, "active_mesh_rank": 59, "active_mesh_percentile": 14.71, "active_mesh_zscore": -0.7255, "hotspot_class": "other_active", "mesh_1km_center_lat": 33.8875, "mesh_1km_center_lon": 132.70624999999998}, "geometry": {"type": "Polygon", "coordinates": [[[132.7, 33.88333333333333], [132.71249999999998, 33.88333333333333], [132.71249999999998, 33.891666666666666], [132.7, 33.891666666666666], [132.7, 33.88333333333333]]]}}, {"type": "Feature", "properties": {"window_end_month": "2025-10", "window_start_month": "2024-11", "mesh_1km": "50326588", "new_restaurant_permits_12m": 1, "active_mesh_rank": 60, "active_mesh_percentile": 13.24, "active_mesh_zscore": -0.7255, "hotspot_class": "other_active", "mesh_1km_center_lat": 33.90416666666667, "mesh_1km_center_lon": 132.73125}, "geometry": {"type": "Polygon", "coordinates": [[[132.725, 33.900000000000006], [132.73749999999998, 33.900000000000006], [132.73749999999998, 33.90833333333334], [132.725, 33.90833333333334], [132.725, 33.900000000000006]]]}}, {"type": "Feature", "properties": {"window_end_month": "2025-10", "window_start_month": "2024-11", "mesh_1km": "50326600", "new_restaurant_permits_12m": 1, "active_mesh_rank": 61, "active_mesh_percentile": 11.76, "active_mesh_zscore": -0.7255, "hotspot_class": "other_active", "mesh_1km_center_lat": 33.837500000000006, "mesh_1km_center_lon": 132.75625}, "geometry": {"type": "Polygon", "coordinates": [[[132.75, 33.833333333333336], [132.7625, 33.833333333333336], [132.7625, 33.84166666666667], [132.75, 33.84166666666667], [132.75, 33.833333333333336]]]}}, {"type": "Feature", "properties": {"window_end_month": "2025-10", "window_start_month": "2024-11", "mesh_1km": "50326614", "new_restaurant_permits_12m": 1, "active_mesh_rank": 62, "active_mesh_percentile": 10.29, "active_mesh_zscore": -0.7255, "hotspot_class": "other_active", "mesh_1km_center_lat": 33.84583333333333, "mesh_1km_center_lon": 132.80625}, "geometry": {"type": "Polygon", "coordinates": [[[132.8, 33.84166666666667], [132.8125, 33.84166666666667], [132.8125, 33.85], [132.8, 33.85], [132.8, 33.84166666666667]]]}}, {"type": "Feature", "properties": {"window_end_month": "2025-10", "window_start_month": "2024-11", "mesh_1km": "50327448", "new_restaurant_permits_12m": 1, "active_mesh_rank": 63, "active_mesh_percentile": 8.82, "active_mesh_zscore": -0.7255, "hotspot_class": "other_active", "mesh_1km_center_lat": 33.954166666666666, "mesh_1km_center_lon": 132.60625}, "geometry": {"type": "Polygon", "coordinates": [[[132.6, 33.95], [132.61249999999998, 33.95], [132.61249999999998, 33.958333333333336], [132.6, 33.958333333333336], [132.6, 33.95]]]}}, {"type": "Feature", "properties": {"window_end_month": "2025-10", "window_start_month": "2024-11", "mesh_1km": "50327540", "new_restaurant_permits_12m": 1, "active_mesh_rank": 64, "active_mesh_percentile": 7.35, "active_mesh_zscore": -0.7255, "hotspot_class": "other_active", "mesh_1km_center_lat": 33.954166666666666, "mesh_1km_center_lon": 132.63125}, "geometry": {"type": "Polygon", "coordinates": [[[132.625, 33.95], [132.6375, 33.95], [132.6375, 33.958333333333336], [132.625, 33.958333333333336], [132.625, 33.95]]]}}, {"type": "Feature", "properties": {"window_end_month": "2025-10", "window_start_month": "2024-11", "mesh_1km": "50327550", "new_restaurant_permits_12m": 1, "active_mesh_rank": 65, "active_mesh_percentile": 5.88, "active_mesh_zscore": -0.7255, "hotspot_class": "other_active", "mesh_1km_center_lat": 33.962500000000006, "mesh_1km_center_lon": 132.63125}, "geometry": {"type": "Polygon", "coordinates": [[[132.625, 33.958333333333336], [132.6375, 33.958333333333336], [132.6375, 33.96666666666667], [132.625, 33.96666666666667], [132.625, 33.958333333333336]]]}}, {"type": "Feature", "properties": {"window_end_month": "2025-10", "window_start_month": "2024-11", "mesh_1km": "50327570", "new_restaurant_permits_12m": 1, "active_mesh_rank": 66, "active_mesh_percentile": 4.41, "active_mesh_zscore": -0.7255, "hotspot_class": "other_active", "mesh_1km_center_lat": 33.97916666666667, "mesh_1km_center_lon": 132.63125}, "geometry": {"type": "Polygon", "coordinates": [[[132.625, 33.975], [132.6375, 33.975], [132.6375, 33.983333333333334], [132.625, 33.983333333333334], [132.625, 33.975]]]}}, {"type": "Feature", "properties": {"window_end_month": "2025-10", "window_start_month": "2024-11", "mesh_1km": "50327641", "new_restaurant_permits_12m": 1, "active_mesh_rank": 67, "active_mesh_percentile": 2.94, "active_mesh_zscore": -0.7255, "hotspot_class": "other_active", "mesh_1km_center_lat": 33.954166666666666, "mesh_1km_center_lon": 132.76874999999998}, "geometry": {"type": "Polygon", "coordinates": [[[132.7625, 33.95], [132.77499999999998, 33.95], [132.77499999999998, 33.958333333333336], [132.7625, 33.958333333333336], [132.7625, 33.95]]]}}, {"type": "Feature", "properties": {"window_end_month": "2025-10", "window_start_month": "2024-11", "mesh_1km": "50327671", "new_restaurant_permits_12m": 1, "active_mesh_rank": 68, "active_mesh_percentile": 1.47, "active_mesh_zscore": -0.7255, "hotspot_class": "other_active", "mesh_1km_center_lat": 33.97916666666667, "mesh_1km_center_lon": 132.76874999999998}, "geometry": {"type": "Polygon", "coordinates": [[[132.7625, 33.975], [132.77499999999998, 33.975], [132.77499999999998, 33.983333333333334], [132.7625, 33.983333333333334], [132.7625, 33.975]]]}}, {"type": "Feature", "properties": {"window_end_month": "2025-11", "window_start_month": "2024-12", "mesh_1km": "50326622", "new_restaurant_permits_12m": 40, "active_mesh_rank": 1, "active_mesh_percentile": 100.0, "active_mesh_zscore": 6.3265, "hotspot_class": "top_5pct_active", "mesh_1km_center_lat": 33.85416666666667, "mesh_1km_center_lon": 132.78125}, "geometry": {"type": "Polygon", "coordinates": [[[132.775, 33.85], [132.7875, 33.85], [132.7875, 33.858333333333334], [132.775, 33.858333333333334], [132.775, 33.85]]]}}, {"type": "Feature", "properties": {"window_end_month": "2025-11", "window_start_month": "2024-12", "mesh_1km": "50326537", "new_restaurant_permits_12m": 15, "active_mesh_rank": 2, "active_mesh_percentile": 98.48, "active_mesh_zscore": 1.8579, "hotspot_class": "top_5pct_active", "mesh_1km_center_lat": 33.8625, "mesh_1km_center_lon": 132.71875}, "geometry": {"type": "Polygon", "coordinates": [[[132.7125, 33.858333333333334], [132.725, 33.858333333333334], [132.725, 33.86666666666667], [132.7125, 33.86666666666667], [132.7125, 33.858333333333334]]]}}, {"type": "Feature", "properties": {"window_end_month": "2025-11", "window_start_month": "2024-12", "mesh_1km": "50325671", "new_restaurant_permits_12m": 13, "active_mesh_rank": 3, "active_mesh_percentile": 96.97, "active_mesh_zscore": 1.5004, "hotspot_class": "top_5pct_active", "mesh_1km_center_lat": 33.8125, "mesh_1km_center_lon": 132.76874999999998}, "geometry": {"type": "Polygon", "coordinates": [[[132.7625, 33.80833333333333], [132.77499999999998, 33.80833333333333], [132.77499999999998, 33.81666666666666], [132.7625, 33.81666666666666], [132.7625, 33.80833333333333]]]}}, {"type": "Feature", "properties": {"window_end_month": "2025-11", "window_start_month": "2024-12", "mesh_1km": "50326602", "new_restaurant_permits_12m": 12, "active_mesh_rank": 4, "active_mesh_percentile": 95.45, "active_mesh_zscore": 1.3216, "hotspot_class": "top_5pct_active", "mesh_1km_center_lat": 33.837500000000006, "mesh_1km_center_lon": 132.78125}, "geometry": {"type": "Polygon", "coordinates": [[[132.775, 33.833333333333336], [132.7875, 33.833333333333336], [132.7875, 33.84166666666667], [132.775, 33.84166666666667], [132.775, 33.833333333333336]]]}}, {"type": "Feature", "properties": {"window_end_month": "2025-11", "window_start_month": "2024-12", "mesh_1km": "50325680", "new_restaurant_permits_12m": 11, "active_mesh_rank": 5, "active_mesh_percentile": 93.94, "active_mesh_zscore": 1.1429, "hotspot_class": "top_20pct_active", "mesh_1km_center_lat": 33.82083333333334, "mesh_1km_center_lon": 132.75625}, "geometry": {"type": "Polygon", "coordinates": [[[132.75, 33.81666666666667], [132.7625, 33.81666666666667], [132.7625, 33.825], [132.75, 33.825], [132.75, 33.81666666666667]]]}}, {"type": "Feature", "properties": {"window_end_month": "2025-11", "window_start_month": "2024-12", "mesh_1km": "50325682", "new_restaurant_permits_12m": 11, "active_mesh_rank": 6, "active_mesh_percentile": 92.42, "active_mesh_zscore": 1.1429, "hotspot_class": "top_20pct_active", "mesh_1km_center_lat": 33.82083333333334, "mesh_1km_center_lon": 132.78125}, "geometry": {"type": "Polygon", "coordinates": [[[132.775, 33.81666666666667], [132.7875, 33.81666666666667], [132.7875, 33.825], [132.775, 33.825], [132.775, 33.81666666666667]]]}}, {"type": "Feature", "properties": {"window_end_month": "2025-11", "window_start_month": "2024-12", "mesh_1km": "50325681", "new_restaurant_permits_12m": 10, "active_mesh_rank": 7, "active_mesh_percentile": 90.91, "active_mesh_zscore": 0.9641, "hotspot_class": "top_20pct_active", "mesh_1km_center_lat": 33.82083333333334, "mesh_1km_center_lon": 132.76874999999998}, "geometry": {"type": "Polygon", "coordinates": [[[132.7625, 33.81666666666667], [132.77499999999998, 33.81666666666667], [132.77499999999998, 33.825], [132.7625, 33.825], [132.7625, 33.81666666666667]]]}}, {"type": "Feature", "properties": {"window_end_month": "2025-11", "window_start_month": "2024-12", "mesh_1km": "50325693", "new_restaurant_permits_12m": 10, "active_mesh_rank": 8, "active_mesh_percentile": 89.39, "active_mesh_zscore": 0.9641, "hotspot_class": "top_20pct_active", "mesh_1km_center_lat": 33.829166666666666, "mesh_1km_center_lon": 132.79375}, "geometry": {"type": "Polygon", "coordinates": [[[132.7875, 33.825], [132.79999999999998, 33.825], [132.79999999999998, 33.833333333333336], [132.7875, 33.833333333333336], [132.7875, 33.825]]]}}, {"type": "Feature", "properties": {"window_end_month": "2025-11", "window_start_month": "2024-12", "mesh_1km": "50326630", "new_restaurant_permits_12m": 10, "active_mesh_rank": 9, "active_mesh_percentile": 87.88, "active_mesh_zscore": 0.9641, "hotspot_class": "top_20pct_active", "mesh_1km_center_lat": 33.8625, "mesh_1km_center_lon": 132.75625}, "geometry": {"type": "Polygon", "coordinates": [[[132.75, 33.858333333333334], [132.7625, 33.858333333333334], [132.7625, 33.86666666666667], [132.75, 33.86666666666667], [132.75, 33.858333333333334]]]}}, {"type": "Feature", "properties": {"window_end_month": "2025-11", "window_start_month": "2024-12", "mesh_1km": "50325692", "new_restaurant_permits_12m": 9, "active_mesh_rank": 10, "active_mesh_percentile": 86.36, "active_mesh_zscore": 0.7854, "hotspot_class": "top_20pct_active", "mesh_1km_center_lat": 33.829166666666666, "mesh_1km_center_lon": 132.78125}, "geometry": {"type": "Polygon", "coordinates": [[[132.775, 33.825], [132.7875, 33.825], [132.7875, 33.833333333333336], [132.775, 33.833333333333336], [132.775, 33.825]]]}}, {"type": "Feature", "properties": {"window_end_month": "2025-11", "window_start_month": "2024-12", "mesh_1km": "50325597", "new_restaurant_permits_12m": 8, "active_mesh_rank": 11, "active_mesh_percentile": 84.85, "active_mesh_zscore": 0.6066, "hotspot_class": "top_20pct_active", "mesh_1km_center_lat": 33.829166666666666, "mesh_1km_center_lon": 132.71875}, "geometry": {"type": "Polygon", "coordinates": [[[132.7125, 33.825], [132.725, 33.825], [132.725, 33.833333333333336], [132.7125, 33.833333333333336], [132.7125, 33.825]]]}}, {"type": "Feature", "properties": {"window_end_month": "2025-11", "window_start_month": "2024-12", "mesh_1km": "50325691", "new_restaurant_permits_12m": 7, "active_mesh_rank": 12, "active_mesh_percentile": 83.33, "active_mesh_zscore": 0.4279, "hotspot_class": "top_20pct_active", "mesh_1km_center_lat": 33.829166666666666, "mesh_1km_center_lon": 132.76874999999998}, "geometry": {"type": "Polygon", "coordinates": [[[132.7625, 33.825], [132.77499999999998, 33.825], [132.77499999999998, 33.833333333333336], [132.7625, 33.833333333333336], [132.7625, 33.825]]]}}, {"type": "Feature", "properties": {"window_end_month": "2025-11", "window_start_month": "2024-12", "mesh_1km": "50326610", "new_restaurant_permits_12m": 7, "active_mesh_rank": 13, "active_mesh_percentile": 81.82, "active_mesh_zscore": 0.4279, "hotspot_class": "top_20pct_active", "mesh_1km_center_lat": 33.84583333333333, "mesh_1km_center_lon": 132.75625}, "geometry": {"type": "Polygon", "coordinates": [[[132.75, 33.84166666666667], [132.7625, 33.84166666666667], [132.7625, 33.85], [132.75, 33.85], [132.75, 33.84166666666667]]]}}, {"type": "Feature", "properties": {"window_end_month": "2025-11", "window_start_month": "2024-12", "mesh_1km": "50325599", "new_restaurant_permits_12m": 6, "active_mesh_rank": 14, "active_mesh_percentile": 80.3, "active_mesh_zscore": 0.2492, "hotspot_class": "top_20pct_active", "mesh_1km_center_lat": 33.829166666666666, "mesh_1km_center_lon": 132.74375}, "geometry": {"type": "Polygon", "coordinates": [[[132.7375, 33.825], [132.75, 33.825], [132.75, 33.833333333333336], [132.7375, 33.833333333333336], [132.7375, 33.825]]]}}, {"type": "Feature", "properties": {"window_end_month": "2025-11", "window_start_month": "2024-12", "mesh_1km": "50325670", "new_restaurant_permits_12m": 6, "active_mesh_rank": 15, "active_mesh_percentile": 78.79, "active_mesh_zscore": 0.2492, "hotspot_class": "other_active", "mesh_1km_center_lat": 33.8125, "mesh_1km_center_lon": 132.75625}, "geometry": {"type": "Polygon", "coordinates": [[[132.75, 33.80833333333333], [132.7625, 33.80833333333333], [132.7625, 33.81666666666666], [132.75, 33.81666666666666], [132.75, 33.80833333333333]]]}}, {"type": "Feature", "properties": {"window_end_month": "2025-11", "window_start_month": "2024-12", "mesh_1km": "50325673", "new_restaurant_permits_12m": 6, "active_mesh_rank": 16, "active_mesh_percentile": 77.27, "active_mesh_zscore": 0.2492, "hotspot_class": "other_active", "mesh_1km_center_lat": 33.8125, "mesh_1km_center_lon": 132.79375}, "geometry": {"type": "Polygon", "coordinates": [[[132.7875, 33.80833333333333], [132.79999999999998, 33.80833333333333], [132.79999999999998, 33.81666666666666], [132.7875, 33.81666666666666], [132.7875, 33.80833333333333]]]}}, {"type": "Feature", "properties": {"window_end_month": "2025-11", "window_start_month": "2024-12", "mesh_1km": "50325690", "new_restaurant_permits_12m": 6, "active_mesh_rank": 17, "active_mesh_percentile": 75.76, "active_mesh_zscore": 0.2492, "hotspot_class": "other_active", "mesh_1km_center_lat": 33.829166666666666, "mesh_1km_center_lon": 132.75625}, "geometry": {"type": "Polygon", "coordinates": [[[132.75, 33.825], [132.7625, 33.825], [132.7625, 33.833333333333336], [132.75, 33.833333333333336], [132.75, 33.825]]]}}, {"type": "Feature", "properties": {"window_end_month": "2025-11", "window_start_month": "2024-12", "mesh_1km": "50326509", "new_restaurant_permits_12m": 6, "active_mesh_rank": 18, "active_mesh_percentile": 74.24, "active_mesh_zscore": 0.2492, "hotspot_class": "other_active", "mesh_1km_center_lat": 33.837500000000006, "mesh_1km_center_lon": 132.74375}, "geometry": {"type": "Polygon", "coordinates": [[[132.7375, 33.833333333333336], [132.75, 33.833333333333336], [132.75, 33.84166666666667], [132.7375, 33.84166666666667], [132.7375, 33.833333333333336]]]}}, {"type": "Feature", "properties": {"window_end_month": "2025-11", "window_start_month": "2024-12", "mesh_1km": "50326538", "new_restaurant_permits_12m": 6, "active_mesh_rank": 19, "active_mesh_percentile": 72.73, "active_mesh_zscore": 0.2492, "hotspot_class": "other_active", "mesh_1km_center_lat": 33.8625, "mesh_1km_center_lon": 132.73125}, "geometry": {"type": "Polygon", "coordinates": [[[132.725, 33.858333333333334], [132.73749999999998, 33.858333333333334], [132.73749999999998, 33.86666666666667], [132.725, 33.86666666666667], [132.725, 33.858333333333334]]]}}, {"type": "Feature", "properties": {"window_end_month": "2025-11", "window_start_month": "2024-12", "mesh_1km": "50326620", "new_restaurant_permits_12m": 6, "active_mesh_rank": 20, "active_mesh_percentile": 71.21, "active_mesh_zscore": 0.2492, "hotspot_class": "other_active", "mesh_1km_center_lat": 33.85416666666667, "mesh_1km_center_lon": 132.75625}, "geometry": {"type": "Polygon", "coordinates": [[[132.75, 33.85], [132.7625, 33.85], [132.7625, 33.858333333333334], [132.75, 33.858333333333334], [132.75, 33.85]]]}}, {"type": "Feature", "properties": {"window_end_month": "2025-11", "window_start_month": "2024-12", "mesh_1km": "50325598", "new_restaurant_permits_12m": 5, "active_mesh_rank": 21, "active_mesh_percentile": 69.7, "active_mesh_zscore": 0.0704, "hotspot_class": "other_active", "mesh_1km_center_lat": 33.829166666666666, "mesh_1km_center_lon": 132.73125}, "geometry": {"type": "Polygon", "coordinates": [[[132.725, 33.825], [132.73749999999998, 33.825], [132.73749999999998, 33.833333333333336], [132.725, 33.833333333333336], [132.725, 33.825]]]}}, {"type": "Feature", "properties": {"window_end_month": "2025-11", "window_start_month": "2024-12", "mesh_1km": "50325672", "new_restaurant_permits_12m": 5, "active_mesh_rank": 22, "active_mesh_percentile": 68.18, "active_mesh_zscore": 0.0704, "hotspot_class": "other_active", "mesh_1km_center_lat": 33.8125, "mesh_1km_center_lon": 132.78125}, "geometry": {"type": "Polygon", "coordinates": [[[132.775, 33.80833333333333], [132.7875, 33.80833333333333], [132.7875, 33.81666666666666], [132.775, 33.81666666666666], [132.775, 33.80833333333333]]]}}, {"type": "Feature", "properties": {"window_end_month": "2025-11", "window_start_month": "2024-12", "mesh_1km": "50326623", "new_restaurant_permits_12m": 5, "active_mesh_rank": 23, "active_mesh_percentile": 66.67, "active_mesh_zscore": 0.0704, "hotspot_class": "other_active", "mesh_1km_center_lat": 33.85416666666667, "mesh_1km_center_lon": 132.79375}, "geometry": {"type": "Polygon", "coordinates": [[[132.7875, 33.85], [132.79999999999998, 33.85], [132.79999999999998, 33.858333333333334], [132.7875, 33.858333333333334], [132.7875, 33.85]]]}}, {"type": "Feature", "properties": {"window_end_month": "2025-11", "window_start_month": "2024-12", "mesh_1km": "50325663", "new_restaurant_permits_12m": 4, "active_mesh_rank": 24, "active_mesh_percentile": 65.15, "active_mesh_zscore": -0.1083, "hotspot_class": "other_active", "mesh_1km_center_lat": 33.80416666666666, "mesh_1km_center_lon": 132.79375}, "geometry": {"type": "Polygon", "coordinates": [[[132.7875, 33.8], [132.79999999999998, 33.8], [132.79999999999998, 33.80833333333333], [132.7875, 33.80833333333333], [132.7875, 33.8]]]}}, {"type": "Feature", "properties": {"window_end_month": "2025-11", "window_start_month": "2024-12", "mesh_1km": "50326527", "new_restaurant_permits_12m": 4, "active_mesh_rank": 25, "active_mesh_percentile": 63.64, "active_mesh_zscore": -0.1083, "hotspot_class": "other_active", "mesh_1km_center_lat": 33.85416666666667, "mesh_1km_center_lon": 132.71875}, "geometry": {"type": "Polygon", "coordinates": [[[132.7125, 33.85], [132.725, 33.85], [132.725, 33.858333333333334], [132.7125, 33.858333333333334], [132.7125, 33.85]]]}}, {"type": "Feature", "properties": {"window_end_month": "2025-11", "window_start_month": "2024-12", "mesh_1km": "50326529", "new_restaurant_permits_12m": 4, "active_mesh_rank": 26, "active_mesh_percentile": 62.12, "active_mesh_zscore": -0.1083, "hotspot_class": "other_active", "mesh_1km_center_lat": 33.85416666666667, "mesh_1km_center_lon": 132.74375}, "geometry": {"type": "Polygon", "coordinates": [[[132.7375, 33.85], [132.75, 33.85], [132.75, 33.858333333333334], [132.7375, 33.858333333333334], [132.7375, 33.85]]]}}, {"type": "Feature", "properties": {"window_end_month": "2025-11", "window_start_month": "2024-12", "mesh_1km": "50326640", "new_restaurant_permits_12m": 4, "active_mesh_rank": 27, "active_mesh_percentile": 60.61, "active_mesh_zscore": -0.1083, "hotspot_class": "other_active", "mesh_1km_center_lat": 33.87083333333334, "mesh_1km_center_lon": 132.75625}, "geometry": {"type": "Polygon", "coordinates": [[[132.75, 33.86666666666667], [132.7625, 33.86666666666667], [132.7625, 33.875], [132.75, 33.875], [132.75, 33.86666666666667]]]}}, {"type": "Feature", "properties": {"window_end_month": "2025-11", "window_start_month": "2024-12", "mesh_1km": "50327652", "new_restaurant_permits_12m": 4, "active_mesh_rank": 28, "active_mesh_percentile": 59.09, "active_mesh_zscore": -0.1083, "hotspot_class": "other_active", "mesh_1km_center_lat": 33.962500000000006, "mesh_1km_center_lon": 132.78125}, "geometry": {"type": "Polygon", "coordinates": [[[132.775, 33.958333333333336], [132.7875, 33.958333333333336], [132.7875, 33.96666666666667], [132.775, 33.96666666666667], [132.775, 33.958333333333336]]]}}, {"type": "Feature", "properties": {"window_end_month": "2025-11", "window_start_month": "2024-12", "mesh_1km": "50325578", "new_restaurant_permits_12m": 3, "active_mesh_rank": 29, "active_mesh_percentile": 57.58, "active_mesh_zscore": -0.2871, "hotspot_class": "other_active", "mesh_1km_center_lat": 33.8125, "mesh_1km_center_lon": 132.73125}, "geometry": {"type": "Polygon", "coordinates": [[[132.725, 33.80833333333333], [132.73749999999998, 33.80833333333333], [132.73749999999998, 33.81666666666666], [132.725, 33.81666666666666], [132.725, 33.80833333333333]]]}}, {"type": "Feature", "properties": {"window_end_month": "2025-11", "window_start_month": "2024-12", "mesh_1km": "50325579", "new_restaurant_permits_12m": 3, "active_mesh_rank": 30, "active_mesh_percentile": 56.06, "active_mesh_zscore": -0.2871, "hotspot_class": "other_active", "mesh_1km_center_lat": 33.8125, "mesh_1km_center_lon": 132.74375}, "geometry": {"type": "Polygon", "coordinates": [[[132.7375, 33.80833333333333], [132.75, 33.80833333333333], [132.75, 33.81666666666666], [132.7375, 33.81666666666666], [132.7375, 33.80833333333333]]]}}, {"type": "Feature", "properties": {"window_end_month": "2025-11", "window_start_month": "2024-12", "mesh_1km": "50325589", "new_restaurant_permits_12m": 3, "active_mesh_rank": 31, "active_mesh_percentile": 54.55, "active_mesh_zscore": -0.2871, "hotspot_class": "other_active", "mesh_1km_center_lat": 33.82083333333334, "mesh_1km_center_lon": 132.74375}, "geometry": {"type": "Polygon", "coordinates": [[[132.7375, 33.81666666666667], [132.75, 33.81666666666667], [132.75, 33.825], [132.7375, 33.825], [132.7375, 33.81666666666667]]]}}, {"type": "Feature", "properties": {"window_end_month": "2025-11", "window_start_month": "2024-12", "mesh_1km": "50325674", "new_restaurant_permits_12m": 3, "active_mesh_rank": 32, "active_mesh_percentile": 53.03, "active_mesh_zscore": -0.2871, "hotspot_class": "other_active", "mesh_1km_center_lat": 33.8125, "mesh_1km_center_lon": 132.80625}, "geometry": {"type": "Polygon", "coordinates": [[[132.8, 33.80833333333333], [132.8125, 33.80833333333333], [132.8125, 33.81666666666666], [132.8, 33.81666666666666], [132.8, 33.80833333333333]]]}}, {"type": "Feature", "properties": {"window_end_month": "2025-11", "window_start_month": "2024-12", "mesh_1km": "50325675", "new_restaurant_permits_12m": 3, "active_mesh_rank": 33, "active_mesh_percentile": 51.52, "active_mesh_zscore": -0.2871, "hotspot_class": "other_active", "mesh_1km_center_lat": 33.8125, "mesh_1km_center_lon": 132.81875}, "geometry": {"type": "Polygon", "coordinates": [[[132.8125, 33.80833333333333], [132.825, 33.80833333333333], [132.825, 33.81666666666666], [132.8125, 33.81666666666666], [132.8125, 33.80833333333333]]]}}, {"type": "Feature", "properties": {"window_end_month": "2025-11", "window_start_month": "2024-12", "mesh_1km": "50326528", "new_restaurant_permits_12m": 3, "active_mesh_rank": 34, "active_mesh_percentile": 50.0, "active_mesh_zscore": -0.2871, "hotspot_class": "other_active", "mesh_1km_center_lat": 33.85416666666667, "mesh_1km_center_lon": 132.73125}, "geometry": {"type": "Polygon", "coordinates": [[[132.725, 33.85], [132.73749999999998, 33.85], [132.73749999999998, 33.858333333333334], [132.725, 33.858333333333334], [132.725, 33.85]]]}}, {"type": "Feature", "properties": {"window_end_month": "2025-11", "window_start_month": "2024-12", "mesh_1km": "50326547", "new_restaurant_permits_12m": 3, "active_mesh_rank": 35, "active_mesh_percentile": 48.48, "active_mesh_zscore": -0.2871, "hotspot_class": "other_active", "mesh_1km_center_lat": 33.87083333333334, "mesh_1km_center_lon": 132.71875}, "geometry": {"type": "Polygon", "coordinates": [[[132.7125, 33.86666666666667], [132.725, 33.86666666666667], [132.725, 33.875], [132.7125, 33.875], [132.7125, 33.86666666666667]]]}}, {"type": "Feature", "properties": {"window_end_month": "2025-11", "window_start_month": "2024-12", "mesh_1km": "50326603", "new_restaurant_permits_12m": 3, "active_mesh_rank": 36, "active_mesh_percentile": 46.97, "active_mesh_zscore": -0.2871, "hotspot_class": "other_active", "mesh_1km_center_lat": 33.837500000000006, "mesh_1km_center_lon": 132.79375}, "geometry": {"type": "Polygon", "coordinates": [[[132.7875, 33.833333333333336], [132.79999999999998, 33.833333333333336], [132.79999999999998, 33.84166666666667], [132.7875, 33.84166666666667], [132.7875, 33.833333333333336]]]}}, {"type": "Feature", "properties": {"window_end_month": "2025-11", "window_start_month": "2024-12", "mesh_1km": "50326612", "new_restaurant_permits_12m": 3, "active_mesh_rank": 37, "active_mesh_percentile": 45.45, "active_mesh_zscore": -0.2871, "hotspot_class": "other_active", "mesh_1km_center_lat": 33.84583333333333, "mesh_1km_center_lon": 132.78125}, "geometry": {"type": "Polygon", "coordinates": [[[132.775, 33.84166666666667], [132.7875, 33.84166666666667], [132.7875, 33.85], [132.775, 33.85], [132.775, 33.84166666666667]]]}}, {"type": "Feature", "properties": {"window_end_month": "2025-11", "window_start_month": "2024-12", "mesh_1km": "50326613", "new_restaurant_permits_12m": 3, "active_mesh_rank": 38, "active_mesh_percentile": 43.94, "active_mesh_zscore": -0.2871, "hotspot_class": "other_active", "mesh_1km_center_lat": 33.84583333333333, "mesh_1km_center_lon": 132.79375}, "geometry": {"type": "Polygon", "coordinates": [[[132.7875, 33.84166666666667], [132.79999999999998, 33.84166666666667], [132.79999999999998, 33.85], [132.7875, 33.85], [132.7875, 33.84166666666667]]]}}, {"type": "Feature", "properties": {"window_end_month": "2025-11", "window_start_month": "2024-12", "mesh_1km": "50325568", "new_restaurant_permits_12m": 2, "active_mesh_rank": 39, "active_mesh_percentile": 42.42, "active_mesh_zscore": -0.4658, "hotspot_class": "other_active", "mesh_1km_center_lat": 33.80416666666666, "mesh_1km_center_lon": 132.73125}, "geometry": {"type": "Polygon", "coordinates": [[[132.725, 33.8], [132.73749999999998, 33.8], [132.73749999999998, 33.80833333333333], [132.725, 33.80833333333333], [132.725, 33.8]]]}}, {"type": "Feature", "properties": {"window_end_month": "2025-11", "window_start_month": "2024-12", "mesh_1km": "50326578", "new_restaurant_permits_12m": 2, "active_mesh_rank": 40, "active_mesh_percentile": 40.91, "active_mesh_zscore": -0.4658, "hotspot_class": "other_active", "mesh_1km_center_lat": 33.89583333333333, "mesh_1km_center_lon": 132.73125}, "geometry": {"type": "Polygon", "coordinates": [[[132.725, 33.891666666666666], [132.73749999999998, 33.891666666666666], [132.73749999999998, 33.9], [132.725, 33.9], [132.725, 33.891666666666666]]]}}, {"type": "Feature", "properties": {"window_end_month": "2025-11", "window_start_month": "2024-12", "mesh_1km": "50326579", "new_restaurant_permits_12m": 2, "active_mesh_rank": 41, "active_mesh_percentile": 39.39, "active_mesh_zscore": -0.4658, "hotspot_class": "other_active", "mesh_1km_center_lat": 33.89583333333333, "mesh_1km_center_lon": 132.74375}, "geometry": {"type": "Polygon", "coordinates": [[[132.7375, 33.891666666666666], [132.75, 33.891666666666666], [132.75, 33.9], [132.7375, 33.9], [132.7375, 33.891666666666666]]]}}, {"type": "Feature", "properties": {"window_end_month": "2025-11", "window_start_month": "2024-12", "mesh_1km": "50326621", "new_restaurant_permits_12m": 2, "active_mesh_rank": 42, "active_mesh_percentile": 37.88, "active_mesh_zscore": -0.4658, "hotspot_class": "other_active", "mesh_1km_center_lat": 33.85416666666667, "mesh_1km_center_lon": 132.76874999999998}, "geometry": {"type": "Polygon", "coordinates": [[[132.7625, 33.85], [132.77499999999998, 33.85], [132.77499999999998, 33.858333333333334], [132.7625, 33.858333333333334], [132.7625, 33.85]]]}}, {"type": "Feature", "properties": {"window_end_month": "2025-11", "window_start_month": "2024-12", "mesh_1km": "50327631", "new_restaurant_permits_12m": 2, "active_mesh_rank": 43, "active_mesh_percentile": 36.36, "active_mesh_zscore": -0.4658, "hotspot_class": "other_active", "mesh_1km_center_lat": 33.94583333333334, "mesh_1km_center_lon": 132.76874999999998}, "geometry": {"type": "Polygon", "coordinates": [[[132.7625, 33.94166666666667], [132.77499999999998, 33.94166666666667], [132.77499999999998, 33.95], [132.7625, 33.95], [132.7625, 33.94166666666667]]]}}, {"type": "Feature", "properties": {"window_end_month": "2025-11", "window_start_month": "2024-12", "mesh_1km": "50327642", "new_restaurant_permits_12m": 2, "active_mesh_rank": 44, "active_mesh_percentile": 34.85, "active_mesh_zscore": -0.4658, "hotspot_class": "other_active", "mesh_1km_center_lat": 33.954166666666666, "mesh_1km_center_lon": 132.78125}, "geometry": {"type": "Polygon", "coordinates": [[[132.775, 33.95], [132.7875, 33.95], [132.7875, 33.958333333333336], [132.775, 33.958333333333336], [132.775, 33.95]]]}}, {"type": "Feature", "properties": {"window_end_month": "2025-11", "window_start_month": "2024-12", "mesh_1km": "50325585", "new_restaurant_permits_12m": 1, "active_mesh_rank": 45, "active_mesh_percentile": 33.33, "active_mesh_zscore": -0.6446, "hotspot_class": "other_active", "mesh_1km_center_lat": 33.82083333333334, "mesh_1km_center_lon": 132.69375}, "geometry": {"type": "Polygon", "coordinates": [[[132.6875, 33.81666666666667], [132.7, 33.81666666666667], [132.7, 33.825], [132.6875, 33.825], [132.6875, 33.81666666666667]]]}}, {"type": "Feature", "properties": {"window_end_month": "2025-11", "window_start_month": "2024-12", "mesh_1km": "50325587", "new_restaurant_permits_12m": 1, "active_mesh_rank": 46, "active_mesh_percentile": 31.82, "active_mesh_zscore": -0.6446, "hotspot_class": "other_active", "mesh_1km_center_lat": 33.82083333333334, "mesh_1km_center_lon": 132.71875}, "geometry": {"type": "Polygon", "coordinates": [[[132.7125, 33.81666666666667], [132.725, 33.81666666666667], [132.725, 33.825], [132.7125, 33.825], [132.7125, 33.81666666666667]]]}}, {"type": "Feature", "properties": {"window_end_month": "2025-11", "window_start_month": "2024-12", "mesh_1km": "50325596", "new_restaurant_permits_12m": 1, "active_mesh_rank": 47, "active_mesh_percentile": 30.3, "active_mesh_zscore": -0.6446, "hotspot_class": "other_active", "mesh_1km_center_lat": 33.829166666666666, "mesh_1km_center_lon": 132.70624999999998}, "geometry": {"type": "Polygon", "coordinates": [[[132.7, 33.825], [132.71249999999998, 33.825], [132.71249999999998, 33.833333333333336], [132.7, 33.833333333333336], [132.7, 33.825]]]}}, {"type": "Feature", "properties": {"window_end_month": "2025-11", "window_start_month": "2024-12", "mesh_1km": "50325651", "new_restaurant_permits_12m": 1, "active_mesh_rank": 48, "active_mesh_percentile": 28.79, "active_mesh_zscore": -0.6446, "hotspot_class": "other_active", "mesh_1km_center_lat": 33.795833333333334, "mesh_1km_center_lon": 132.76874999999998}, "geometry": {"type": "Polygon", "coordinates": [[[132.7625, 33.791666666666664], [132.77499999999998, 33.791666666666664], [132.77499999999998, 33.8], [132.7625, 33.8], [132.7625, 33.791666666666664]]]}}, {"type": "Feature", "properties": {"window_end_month": "2025-11", "window_start_month": "2024-12", "mesh_1km": "50325652", "new_restaurant_permits_12m": 1, "active_mesh_rank": 49, "active_mesh_percentile": 27.27, "active_mesh_zscore": -0.6446, "hotspot_class": "other_active", "mesh_1km_center_lat": 33.795833333333334, "mesh_1km_center_lon": 132.78125}, "geometry": {"type": "Polygon", "coordinates": [[[132.775, 33.791666666666664], [132.7875, 33.791666666666664], [132.7875, 33.8], [132.775, 33.8], [132.775, 33.791666666666664]]]}}, {"type": "Feature", "properties": {"window_end_month": "2025-11", "window_start_month": "2024-12", "mesh_1km": "50325661", "new_restaurant_permits_12m": 1, "active_mesh_rank": 50, "active_mesh_percentile": 25.76, "active_mesh_zscore": -0.6446, "hotspot_class": "other_active", "mesh_1km_center_lat": 33.80416666666666, "mesh_1km_center_lon": 132.76874999999998}, "geometry": {"type": "Polygon", "coordinates": [[[132.7625, 33.8], [132.77499999999998, 33.8], [132.77499999999998, 33.80833333333333], [132.7625, 33.80833333333333], [132.7625, 33.8]]]}}, {"type": "Feature", "properties": {"window_end_month": "2025-11", "window_start_month": "2024-12", "mesh_1km": "50325662", "new_restaurant_permits_12m": 1, "active_mesh_rank": 51, "active_mesh_percentile": 24.24, "active_mesh_zscore": -0.6446, "hotspot_class": "other_active", "mesh_1km_center_lat": 33.80416666666666, "mesh_1km_center_lon": 132.78125}, "geometry": {"type": "Polygon", "coordinates": [[[132.775, 33.8], [132.7875, 33.8], [132.7875, 33.80833333333333], [132.775, 33.80833333333333], [132.775, 33.8]]]}}, {"type": "Feature", "properties": {"window_end_month": "2025-11", "window_start_month": "2024-12", "mesh_1km": "50326519", "new_restaurant_permits_12m": 1, "active_mesh_rank": 52, "active_mesh_percentile": 22.73, "active_mesh_zscore": -0.6446, "hotspot_class": "other_active", "mesh_1km_center_lat": 33.84583333333333, "mesh_1km_center_lon": 132.74375}, "geometry": {"type": "Polygon", "coordinates": [[[132.7375, 33.84166666666667], [132.75, 33.84166666666667], [132.75, 33.85], [132.7375, 33.85], [132.7375, 33.84166666666667]]]}}, {"type": "Feature", "properties": {"window_end_month": "2025-11", "window_start_month": "2024-12", "mesh_1km": "50326536", "new_restaurant_permits_12m": 1, "active_mesh_rank": 53, "active_mesh_percentile": 21.21, "active_mesh_zscore": -0.6446, "hotspot_class": "other_active", "mesh_1km_center_lat": 33.8625, "mesh_1km_center_lon": 132.70624999999998}, "geometry": {"type": "Polygon", "coordinates": [[[132.7, 33.858333333333334], [132.71249999999998, 33.858333333333334], [132.71249999999998, 33.86666666666667], [132.7, 33.86666666666667], [132.7, 33.858333333333334]]]}}, {"type": "Feature", "properties": {"window_end_month": "2025-11", "window_start_month": "2024-12", "mesh_1km": "50326546", "new_restaurant_permits_12m": 1, "active_mesh_rank": 54, "active_mesh_percentile": 19.7, "active_mesh_zscore": -0.6446, "hotspot_class": "other_active", "mesh_1km_center_lat": 33.87083333333334, "mesh_1km_center_lon": 132.70624999999998}, "geometry": {"type": "Polygon", "coordinates": [[[132.7, 33.86666666666667], [132.71249999999998, 33.86666666666667], [132.71249999999998, 33.875], [132.7, 33.875], [132.7, 33.86666666666667]]]}}, {"type": "Feature", "properties": {"window_end_month": "2025-11", "window_start_month": "2024-12", "mesh_1km": "50326548", "new_restaurant_permits_12m": 1, "active_mesh_rank": 55, "active_mesh_percentile": 18.18, "active_mesh_zscore": -0.6446, "hotspot_class": "other_active", "mesh_1km_center_lat": 33.87083333333334, "mesh_1km_center_lon": 132.73125}, "geometry": {"type": "Polygon", "coordinates": [[[132.725, 33.86666666666667], [132.73749999999998, 33.86666666666667], [132.73749999999998, 33.875], [132.725, 33.875], [132.725, 33.86666666666667]]]}}, {"type": "Feature", "properties": {"window_end_month": "2025-11", "window_start_month": "2024-12", "mesh_1km": "50326549", "new_restaurant_permits_12m": 1, "active_mesh_rank": 56, "active_mesh_percentile": 16.67, "active_mesh_zscore": -0.6446, "hotspot_class": "other_active", "mesh_1km_center_lat": 33.87083333333334, "mesh_1km_center_lon": 132.74375}, "geometry": {"type": "Polygon", "coordinates": [[[132.7375, 33.86666666666667], [132.75, 33.86666666666667], [132.75, 33.875], [132.7375, 33.875], [132.7375, 33.86666666666667]]]}}, {"type": "Feature", "properties": {"window_end_month": "2025-11", "window_start_month": "2024-12", "mesh_1km": "50326566", "new_restaurant_permits_12m": 1, "active_mesh_rank": 57, "active_mesh_percentile": 15.15, "active_mesh_zscore": -0.6446, "hotspot_class": "other_active", "mesh_1km_center_lat": 33.8875, "mesh_1km_center_lon": 132.70624999999998}, "geometry": {"type": "Polygon", "coordinates": [[[132.7, 33.88333333333333], [132.71249999999998, 33.88333333333333], [132.71249999999998, 33.891666666666666], [132.7, 33.891666666666666], [132.7, 33.88333333333333]]]}}, {"type": "Feature", "properties": {"window_end_month": "2025-11", "window_start_month": "2024-12", "mesh_1km": "50326588", "new_restaurant_permits_12m": 1, "active_mesh_rank": 58, "active_mesh_percentile": 13.64, "active_mesh_zscore": -0.6446, "hotspot_class": "other_active", "mesh_1km_center_lat": 33.90416666666667, "mesh_1km_center_lon": 132.73125}, "geometry": {"type": "Polygon", "coordinates": [[[132.725, 33.900000000000006], [132.73749999999998, 33.900000000000006], [132.73749999999998, 33.90833333333334], [132.725, 33.90833333333334], [132.725, 33.900000000000006]]]}}, {"type": "Feature", "properties": {"window_end_month": "2025-11", "window_start_month": "2024-12", "mesh_1km": "50326600", "new_restaurant_permits_12m": 1, "active_mesh_rank": 59, "active_mesh_percentile": 12.12, "active_mesh_zscore": -0.6446, "hotspot_class": "other_active", "mesh_1km_center_lat": 33.837500000000006, "mesh_1km_center_lon": 132.75625}, "geometry": {"type": "Polygon", "coordinates": [[[132.75, 33.833333333333336], [132.7625, 33.833333333333336], [132.7625, 33.84166666666667], [132.75, 33.84166666666667], [132.75, 33.833333333333336]]]}}, {"type": "Feature", "properties": {"window_end_month": "2025-11", "window_start_month": "2024-12", "mesh_1km": "50326614", "new_restaurant_permits_12m": 1, "active_mesh_rank": 60, "active_mesh_percentile": 10.61, "active_mesh_zscore": -0.6446, "hotspot_class": "other_active", "mesh_1km_center_lat": 33.84583333333333, "mesh_1km_center_lon": 132.80625}, "geometry": {"type": "Polygon", "coordinates": [[[132.8, 33.84166666666667], [132.8125, 33.84166666666667], [132.8125, 33.85], [132.8, 33.85], [132.8, 33.84166666666667]]]}}, {"type": "Feature", "properties": {"window_end_month": "2025-11", "window_start_month": "2024-12", "mesh_1km": "50327448", "new_restaurant_permits_12m": 1, "active_mesh_rank": 61, "active_mesh_percentile": 9.09, "active_mesh_zscore": -0.6446, "hotspot_class": "other_active", "mesh_1km_center_lat": 33.954166666666666, "mesh_1km_center_lon": 132.60625}, "geometry": {"type": "Polygon", "coordinates": [[[132.6, 33.95], [132.61249999999998, 33.95], [132.61249999999998, 33.958333333333336], [132.6, 33.958333333333336], [132.6, 33.95]]]}}, {"type": "Feature", "properties": {"window_end_month": "2025-11", "window_start_month": "2024-12", "mesh_1km": "50327540", "new_restaurant_permits_12m": 1, "active_mesh_rank": 62, "active_mesh_percentile": 7.58, "active_mesh_zscore": -0.6446, "hotspot_class": "other_active", "mesh_1km_center_lat": 33.954166666666666, "mesh_1km_center_lon": 132.63125}, "geometry": {"type": "Polygon", "coordinates": [[[132.625, 33.95], [132.6375, 33.95], [132.6375, 33.958333333333336], [132.625, 33.958333333333336], [132.625, 33.95]]]}}, {"type": "Feature", "properties": {"window_end_month": "2025-11", "window_start_month": "2024-12", "mesh_1km": "50327550", "new_restaurant_permits_12m": 1, "active_mesh_rank": 63, "active_mesh_percentile": 6.06, "active_mesh_zscore": -0.6446, "hotspot_class": "other_active", "mesh_1km_center_lat": 33.962500000000006, "mesh_1km_center_lon": 132.63125}, "geometry": {"type": "Polygon", "coordinates": [[[132.625, 33.958333333333336], [132.6375, 33.958333333333336], [132.6375, 33.96666666666667], [132.625, 33.96666666666667], [132.625, 33.958333333333336]]]}}, {"type": "Feature", "properties": {"window_end_month": "2025-11", "window_start_month": "2024-12", "mesh_1km": "50327560", "new_restaurant_permits_12m": 1, "active_mesh_rank": 64, "active_mesh_percentile": 4.55, "active_mesh_zscore": -0.6446, "hotspot_class": "other_active", "mesh_1km_center_lat": 33.97083333333333, "mesh_1km_center_lon": 132.63125}, "geometry": {"type": "Polygon", "coordinates": [[[132.625, 33.96666666666667], [132.6375, 33.96666666666667], [132.6375, 33.975], [132.625, 33.975], [132.625, 33.96666666666667]]]}}, {"type": "Feature", "properties": {"window_end_month": "2025-11", "window_start_month": "2024-12", "mesh_1km": "50327651", "new_restaurant_permits_12m": 1, "active_mesh_rank": 65, "active_mesh_percentile": 3.03, "active_mesh_zscore": -0.6446, "hotspot_class": "other_active", "mesh_1km_center_lat": 33.962500000000006, "mesh_1km_center_lon": 132.76874999999998}, "geometry": {"type": "Polygon", "coordinates": [[[132.7625, 33.958333333333336], [132.77499999999998, 33.958333333333336], [132.77499999999998, 33.96666666666667], [132.7625, 33.96666666666667], [132.7625, 33.958333333333336]]]}}, {"type": "Feature", "properties": {"window_end_month": "2025-11", "window_start_month": "2024-12", "mesh_1km": "50327671", "new_restaurant_permits_12m": 1, "active_mesh_rank": 66, "active_mesh_percentile": 1.52, "active_mesh_zscore": -0.6446, "hotspot_class": "other_active", "mesh_1km_center_lat": 33.97916666666667, "mesh_1km_center_lon": 132.76874999999998}, "geometry": {"type": "Polygon", "coordinates": [[[132.7625, 33.975], [132.77499999999998, 33.975], [132.77499999999998, 33.983333333333334], [132.7625, 33.983333333333334], [132.7625, 33.975]]]}}, {"type": "Feature", "properties": {"window_end_month": "2025-12", "window_start_month": "2025-01", "mesh_1km": "50326622", "new_restaurant_permits_12m": 35, "active_mesh_rank": 1, "active_mesh_percentile": 100.0, "active_mesh_zscore": 5.848, "hotspot_class": "top_5pct_active", "mesh_1km_center_lat": 33.85416666666667, "mesh_1km_center_lon": 132.78125}, "geometry": {"type": "Polygon", "coordinates": [[[132.775, 33.85], [132.7875, 33.85], [132.7875, 33.858333333333334], [132.775, 33.858333333333334], [132.775, 33.85]]]}}, {"type": "Feature", "properties": {"window_end_month": "2025-12", "window_start_month": "2025-01", "mesh_1km": "50326537", "new_restaurant_permits_12m": 15, "active_mesh_rank": 2, "active_mesh_percentile": 98.44, "active_mesh_zscore": 2.0054, "hotspot_class": "top_5pct_active", "mesh_1km_center_lat": 33.8625, "mesh_1km_center_lon": 132.71875}, "geometry": {"type": "Polygon", "coordinates": [[[132.7125, 33.858333333333334], [132.725, 33.858333333333334], [132.725, 33.86666666666667], [132.7125, 33.86666666666667], [132.7125, 33.858333333333334]]]}}, {"type": "Feature", "properties": {"window_end_month": "2025-12", "window_start_month": "2025-01", "mesh_1km": "50325681", "new_restaurant_permits_12m": 14, "active_mesh_rank": 3, "active_mesh_percentile": 96.88, "active_mesh_zscore": 1.8132, "hotspot_class": "top_5pct_active", "mesh_1km_center_lat": 33.82083333333334, "mesh_1km_center_lon": 132.76874999999998}, "geometry": {"type": "Polygon", "coordinates": [[[132.7625, 33.81666666666667], [132.77499999999998, 33.81666666666667], [132.77499999999998, 33.825], [132.7625, 33.825], [132.7625, 33.81666666666667]]]}}, {"type": "Feature", "properties": {"window_end_month": "2025-12", "window_start_month": "2025-01", "mesh_1km": "50325682", "new_restaurant_permits_12m": 13, "active_mesh_rank": 4, "active_mesh_percentile": 95.31, "active_mesh_zscore": 1.6211, "hotspot_class": "top_5pct_active", "mesh_1km_center_lat": 33.82083333333334, "mesh_1km_center_lon": 132.78125}, "geometry": {"type": "Polygon", "coordinates": [[[132.775, 33.81666666666667], [132.7875, 33.81666666666667], [132.7875, 33.825], [132.775, 33.825], [132.775, 33.81666666666667]]]}}, {"type": "Feature", "properties": {"window_end_month": "2025-12", "window_start_month": "2025-01", "mesh_1km": "50325680", "new_restaurant_permits_12m": 11, "active_mesh_rank": 5, "active_mesh_percentile": 93.75, "active_mesh_zscore": 1.2368, "hotspot_class": "top_20pct_active", "mesh_1km_center_lat": 33.82083333333334, "mesh_1km_center_lon": 132.75625}, "geometry": {"type": "Polygon", "coordinates": [[[132.75, 33.81666666666667], [132.7625, 33.81666666666667], [132.7625, 33.825], [132.75, 33.825], [132.75, 33.81666666666667]]]}}, {"type": "Feature", "properties": {"window_end_month": "2025-12", "window_start_month": "2025-01", "mesh_1km": "50325693", "new_restaurant_permits_12m": 11, "active_mesh_rank": 6, "active_mesh_percentile": 92.19, "active_mesh_zscore": 1.2368, "hotspot_class": "top_20pct_active", "mesh_1km_center_lat": 33.829166666666666, "mesh_1km_center_lon": 132.79375}, "geometry": {"type": "Polygon", "coordinates": [[[132.7875, 33.825], [132.79999999999998, 33.825], [132.79999999999998, 33.833333333333336], [132.7875, 33.833333333333336], [132.7875, 33.825]]]}}, {"type": "Feature", "properties": {"window_end_month": "2025-12", "window_start_month": "2025-01", "mesh_1km": "50325671", "new_restaurant_permits_12m": 10, "active_mesh_rank": 7, "active_mesh_percentile": 90.62, "active_mesh_zscore": 1.0447, "hotspot_class": "top_20pct_active", "mesh_1km_center_lat": 33.8125, "mesh_1km_center_lon": 132.76874999999998}, "geometry": {"type": "Polygon", "coordinates": [[[132.7625, 33.80833333333333], [132.77499999999998, 33.80833333333333], [132.77499999999998, 33.81666666666666], [132.7625, 33.81666666666666], [132.7625, 33.80833333333333]]]}}, {"type": "Feature", "properties": {"window_end_month": "2025-12", "window_start_month": "2025-01", "mesh_1km": "50326602", "new_restaurant_permits_12m": 10, "active_mesh_rank": 8, "active_mesh_percentile": 89.06, "active_mesh_zscore": 1.0447, "hotspot_class": "top_20pct_active", "mesh_1km_center_lat": 33.837500000000006, "mesh_1km_center_lon": 132.78125}, "geometry": {"type": "Polygon", "coordinates": [[[132.775, 33.833333333333336], [132.7875, 33.833333333333336], [132.7875, 33.84166666666667], [132.775, 33.84166666666667], [132.775, 33.833333333333336]]]}}, {"type": "Feature", "properties": {"window_end_month": "2025-12", "window_start_month": "2025-01", "mesh_1km": "50325691", "new_restaurant_permits_12m": 9, "active_mesh_rank": 9, "active_mesh_percentile": 87.5, "active_mesh_zscore": 0.8526, "hotspot_class": "top_20pct_active", "mesh_1km_center_lat": 33.829166666666666, "mesh_1km_center_lon": 132.76874999999998}, "geometry": {"type": "Polygon", "coordinates": [[[132.7625, 33.825], [132.77499999999998, 33.825], [132.77499999999998, 33.833333333333336], [132.7625, 33.833333333333336], [132.7625, 33.825]]]}}, {"type": "Feature", "properties": {"window_end_month": "2025-12", "window_start_month": "2025-01", "mesh_1km": "50325692", "new_restaurant_permits_12m": 8, "active_mesh_rank": 10, "active_mesh_percentile": 85.94, "active_mesh_zscore": 0.6604, "hotspot_class": "top_20pct_active", "mesh_1km_center_lat": 33.829166666666666, "mesh_1km_center_lon": 132.78125}, "geometry": {"type": "Polygon", "coordinates": [[[132.775, 33.825], [132.7875, 33.825], [132.7875, 33.833333333333336], [132.775, 33.833333333333336], [132.775, 33.825]]]}}, {"type": "Feature", "properties": {"window_end_month": "2025-12", "window_start_month": "2025-01", "mesh_1km": "50325597", "new_restaurant_permits_12m": 7, "active_mesh_rank": 11, "active_mesh_percentile": 84.38, "active_mesh_zscore": 0.4683, "hotspot_class": "top_20pct_active", "mesh_1km_center_lat": 33.829166666666666, "mesh_1km_center_lon": 132.71875}, "geometry": {"type": "Polygon", "coordinates": [[[132.7125, 33.825], [132.725, 33.825], [132.725, 33.833333333333336], [132.7125, 33.833333333333336], [132.7125, 33.825]]]}}, {"type": "Feature", "properties": {"window_end_month": "2025-12", "window_start_month": "2025-01", "mesh_1km": "50325670", "new_restaurant_permits_12m": 7, "active_mesh_rank": 12, "active_mesh_percentile": 82.81, "active_mesh_zscore": 0.4683, "hotspot_class": "top_20pct_active", "mesh_1km_center_lat": 33.8125, "mesh_1km_center_lon": 132.75625}, "geometry": {"type": "Polygon", "coordinates": [[[132.75, 33.80833333333333], [132.7625, 33.80833333333333], [132.7625, 33.81666666666666], [132.75, 33.81666666666666], [132.75, 33.80833333333333]]]}}, {"type": "Feature", "properties": {"window_end_month": "2025-12", "window_start_month": "2025-01", "mesh_1km": "50326610", "new_restaurant_permits_12m": 7, "active_mesh_rank": 13, "active_mesh_percentile": 81.25, "active_mesh_zscore": 0.4683, "hotspot_class": "top_20pct_active", "mesh_1km_center_lat": 33.84583333333333, "mesh_1km_center_lon": 132.75625}, "geometry": {"type": "Polygon", "coordinates": [[[132.75, 33.84166666666667], [132.7625, 33.84166666666667], [132.7625, 33.85], [132.75, 33.85], [132.75, 33.84166666666667]]]}}, {"type": "Feature", "properties": {"window_end_month": "2025-12", "window_start_month": "2025-01", "mesh_1km": "50326630", "new_restaurant_permits_12m": 7, "active_mesh_rank": 14, "active_mesh_percentile": 79.69, "active_mesh_zscore": 0.4683, "hotspot_class": "other_active", "mesh_1km_center_lat": 33.8625, "mesh_1km_center_lon": 132.75625}, "geometry": {"type": "Polygon", "coordinates": [[[132.75, 33.858333333333334], [132.7625, 33.858333333333334], [132.7625, 33.86666666666667], [132.75, 33.86666666666667], [132.75, 33.858333333333334]]]}}, {"type": "Feature", "properties": {"window_end_month": "2025-12", "window_start_month": "2025-01", "mesh_1km": "50325599", "new_restaurant_permits_12m": 6, "active_mesh_rank": 15, "active_mesh_percentile": 78.12, "active_mesh_zscore": 0.2762, "hotspot_class": "other_active", "mesh_1km_center_lat": 33.829166666666666, "mesh_1km_center_lon": 132.74375}, "geometry": {"type": "Polygon", "coordinates": [[[132.7375, 33.825], [132.75, 33.825], [132.75, 33.833333333333336], [132.7375, 33.833333333333336], [132.7375, 33.825]]]}}, {"type": "Feature", "properties": {"window_end_month": "2025-12", "window_start_month": "2025-01", "mesh_1km": "50325690", "new_restaurant_permits_12m": 6, "active_mesh_rank": 16, "active_mesh_percentile": 76.56, "active_mesh_zscore": 0.2762, "hotspot_class": "other_active", "mesh_1km_center_lat": 33.829166666666666, "mesh_1km_center_lon": 132.75625}, "geometry": {"type": "Polygon", "coordinates": [[[132.75, 33.825], [132.7625, 33.825], [132.7625, 33.833333333333336], [132.75, 33.833333333333336], [132.75, 33.825]]]}}, {"type": "Feature", "properties": {"window_end_month": "2025-12", "window_start_month": "2025-01", "mesh_1km": "50326620", "new_restaurant_permits_12m": 6, "active_mesh_rank": 17, "active_mesh_percentile": 75.0, "active_mesh_zscore": 0.2762, "hotspot_class": "other_active", "mesh_1km_center_lat": 33.85416666666667, "mesh_1km_center_lon": 132.75625}, "geometry": {"type": "Polygon", "coordinates": [[[132.75, 33.85], [132.7625, 33.85], [132.7625, 33.858333333333334], [132.75, 33.858333333333334], [132.75, 33.85]]]}}, {"type": "Feature", "properties": {"window_end_month": "2025-12", "window_start_month": "2025-01", "mesh_1km": "50325598", "new_restaurant_permits_12m": 5, "active_mesh_rank": 18, "active_mesh_percentile": 73.44, "active_mesh_zscore": 0.0841, "hotspot_class": "other_active", "mesh_1km_center_lat": 33.829166666666666, "mesh_1km_center_lon": 132.73125}, "geometry": {"type": "Polygon", "coordinates": [[[132.725, 33.825], [132.73749999999998, 33.825], [132.73749999999998, 33.833333333333336], [132.725, 33.833333333333336], [132.725, 33.825]]]}}, {"type": "Feature", "properties": {"window_end_month": "2025-12", "window_start_month": "2025-01", "mesh_1km": "50325673", "new_restaurant_permits_12m": 5, "active_mesh_rank": 19, "active_mesh_percentile": 71.88, "active_mesh_zscore": 0.0841, "hotspot_class": "other_active", "mesh_1km_center_lat": 33.8125, "mesh_1km_center_lon": 132.79375}, "geometry": {"type": "Polygon", "coordinates": [[[132.7875, 33.80833333333333], [132.79999999999998, 33.80833333333333], [132.79999999999998, 33.81666666666666], [132.7875, 33.81666666666666], [132.7875, 33.80833333333333]]]}}, {"type": "Feature", "properties": {"window_end_month": "2025-12", "window_start_month": "2025-01", "mesh_1km": "50326509", "new_restaurant_permits_12m": 5, "active_mesh_rank": 20, "active_mesh_percentile": 70.31, "active_mesh_zscore": 0.0841, "hotspot_class": "other_active", "mesh_1km_center_lat": 33.837500000000006, "mesh_1km_center_lon": 132.74375}, "geometry": {"type": "Polygon", "coordinates": [[[132.7375, 33.833333333333336], [132.75, 33.833333333333336], [132.75, 33.84166666666667], [132.7375, 33.84166666666667], [132.7375, 33.833333333333336]]]}}, {"type": "Feature", "properties": {"window_end_month": "2025-12", "window_start_month": "2025-01", "mesh_1km": "50326527", "new_restaurant_permits_12m": 5, "active_mesh_rank": 21, "active_mesh_percentile": 68.75, "active_mesh_zscore": 0.0841, "hotspot_class": "other_active", "mesh_1km_center_lat": 33.85416666666667, "mesh_1km_center_lon": 132.71875}, "geometry": {"type": "Polygon", "coordinates": [[[132.7125, 33.85], [132.725, 33.85], [132.725, 33.858333333333334], [132.7125, 33.858333333333334], [132.7125, 33.85]]]}}, {"type": "Feature", "properties": {"window_end_month": "2025-12", "window_start_month": "2025-01", "mesh_1km": "50326538", "new_restaurant_permits_12m": 5, "active_mesh_rank": 22, "active_mesh_percentile": 67.19, "active_mesh_zscore": 0.0841, "hotspot_class": "other_active", "mesh_1km_center_lat": 33.8625, "mesh_1km_center_lon": 132.73125}, "geometry": {"type": "Polygon", "coordinates": [[[132.725, 33.858333333333334], [132.73749999999998, 33.858333333333334], [132.73749999999998, 33.86666666666667], [132.725, 33.86666666666667], [132.725, 33.858333333333334]]]}}, {"type": "Feature", "properties": {"window_end_month": "2025-12", "window_start_month": "2025-01", "mesh_1km": "50326623", "new_restaurant_permits_12m": 5, "active_mesh_rank": 23, "active_mesh_percentile": 65.62, "active_mesh_zscore": 0.0841, "hotspot_class": "other_active", "mesh_1km_center_lat": 33.85416666666667, "mesh_1km_center_lon": 132.79375}, "geometry": {"type": "Polygon", "coordinates": [[[132.7875, 33.85], [132.79999999999998, 33.85], [132.79999999999998, 33.858333333333334], [132.7875, 33.858333333333334], [132.7875, 33.85]]]}}, {"type": "Feature", "properties": {"window_end_month": "2025-12", "window_start_month": "2025-01", "mesh_1km": "50325578", "new_restaurant_permits_12m": 4, "active_mesh_rank": 24, "active_mesh_percentile": 64.06, "active_mesh_zscore": -0.1081, "hotspot_class": "other_active", "mesh_1km_center_lat": 33.8125, "mesh_1km_center_lon": 132.73125}, "geometry": {"type": "Polygon", "coordinates": [[[132.725, 33.80833333333333], [132.73749999999998, 33.80833333333333], [132.73749999999998, 33.81666666666666], [132.725, 33.81666666666666], [132.725, 33.80833333333333]]]}}, {"type": "Feature", "properties": {"window_end_month": "2025-12", "window_start_month": "2025-01", "mesh_1km": "50325663", "new_restaurant_permits_12m": 4, "active_mesh_rank": 25, "active_mesh_percentile": 62.5, "active_mesh_zscore": -0.1081, "hotspot_class": "other_active", "mesh_1km_center_lat": 33.80416666666666, "mesh_1km_center_lon": 132.79375}, "geometry": {"type": "Polygon", "coordinates": [[[132.7875, 33.8], [132.79999999999998, 33.8], [132.79999999999998, 33.80833333333333], [132.7875, 33.80833333333333], [132.7875, 33.8]]]}}, {"type": "Feature", "properties": {"window_end_month": "2025-12", "window_start_month": "2025-01", "mesh_1km": "50325672", "new_restaurant_permits_12m": 4, "active_mesh_rank": 26, "active_mesh_percentile": 60.94, "active_mesh_zscore": -0.1081, "hotspot_class": "other_active", "mesh_1km_center_lat": 33.8125, "mesh_1km_center_lon": 132.78125}, "geometry": {"type": "Polygon", "coordinates": [[[132.775, 33.80833333333333], [132.7875, 33.80833333333333], [132.7875, 33.81666666666666], [132.775, 33.81666666666666], [132.775, 33.80833333333333]]]}}, {"type": "Feature", "properties": {"window_end_month": "2025-12", "window_start_month": "2025-01", "mesh_1km": "50325674", "new_restaurant_permits_12m": 4, "active_mesh_rank": 27, "active_mesh_percentile": 59.38, "active_mesh_zscore": -0.1081, "hotspot_class": "other_active", "mesh_1km_center_lat": 33.8125, "mesh_1km_center_lon": 132.80625}, "geometry": {"type": "Polygon", "coordinates": [[[132.8, 33.80833333333333], [132.8125, 33.80833333333333], [132.8125, 33.81666666666666], [132.8, 33.81666666666666], [132.8, 33.80833333333333]]]}}, {"type": "Feature", "properties": {"window_end_month": "2025-12", "window_start_month": "2025-01", "mesh_1km": "50326528", "new_restaurant_permits_12m": 4, "active_mesh_rank": 28, "active_mesh_percentile": 57.81, "active_mesh_zscore": -0.1081, "hotspot_class": "other_active", "mesh_1km_center_lat": 33.85416666666667, "mesh_1km_center_lon": 132.73125}, "geometry": {"type": "Polygon", "coordinates": [[[132.725, 33.85], [132.73749999999998, 33.85], [132.73749999999998, 33.858333333333334], [132.725, 33.858333333333334], [132.725, 33.85]]]}}, {"type": "Feature", "properties": {"window_end_month": "2025-12", "window_start_month": "2025-01", "mesh_1km": "50326603", "new_restaurant_permits_12m": 4, "active_mesh_rank": 29, "active_mesh_percentile": 56.25, "active_mesh_zscore": -0.1081, "hotspot_class": "other_active", "mesh_1km_center_lat": 33.837500000000006, "mesh_1km_center_lon": 132.79375}, "geometry": {"type": "Polygon", "coordinates": [[[132.7875, 33.833333333333336], [132.79999999999998, 33.833333333333336], [132.79999999999998, 33.84166666666667], [132.7875, 33.84166666666667], [132.7875, 33.833333333333336]]]}}, {"type": "Feature", "properties": {"window_end_month": "2025-12", "window_start_month": "2025-01", "mesh_1km": "50327652", "new_restaurant_permits_12m": 4, "active_mesh_rank": 30, "active_mesh_percentile": 54.69, "active_mesh_zscore": -0.1081, "hotspot_class": "other_active", "mesh_1km_center_lat": 33.962500000000006, "mesh_1km_center_lon": 132.78125}, "geometry": {"type": "Polygon", "coordinates": [[[132.775, 33.958333333333336], [132.7875, 33.958333333333336], [132.7875, 33.96666666666667], [132.775, 33.96666666666667], [132.775, 33.958333333333336]]]}}, {"type": "Feature", "properties": {"window_end_month": "2025-12", "window_start_month": "2025-01", "mesh_1km": "50325579", "new_restaurant_permits_12m": 3, "active_mesh_rank": 31, "active_mesh_percentile": 53.12, "active_mesh_zscore": -0.3002, "hotspot_class": "other_active", "mesh_1km_center_lat": 33.8125, "mesh_1km_center_lon": 132.74375}, "geometry": {"type": "Polygon", "coordinates": [[[132.7375, 33.80833333333333], [132.75, 33.80833333333333], [132.75, 33.81666666666666], [132.7375, 33.81666666666666], [132.7375, 33.80833333333333]]]}}, {"type": "Feature", "properties": {"window_end_month": "2025-12", "window_start_month": "2025-01", "mesh_1km": "50325589", "new_restaurant_permits_12m": 3, "active_mesh_rank": 32, "active_mesh_percentile": 51.56, "active_mesh_zscore": -0.3002, "hotspot_class": "other_active", "mesh_1km_center_lat": 33.82083333333334, "mesh_1km_center_lon": 132.74375}, "geometry": {"type": "Polygon", "coordinates": [[[132.7375, 33.81666666666667], [132.75, 33.81666666666667], [132.75, 33.825], [132.7375, 33.825], [132.7375, 33.81666666666667]]]}}, {"type": "Feature", "properties": {"window_end_month": "2025-12", "window_start_month": "2025-01", "mesh_1km": "50325675", "new_restaurant_permits_12m": 3, "active_mesh_rank": 33, "active_mesh_percentile": 50.0, "active_mesh_zscore": -0.3002, "hotspot_class": "other_active", "mesh_1km_center_lat": 33.8125, "mesh_1km_center_lon": 132.81875}, "geometry": {"type": "Polygon", "coordinates": [[[132.8125, 33.80833333333333], [132.825, 33.80833333333333], [132.825, 33.81666666666666], [132.8125, 33.81666666666666], [132.8125, 33.80833333333333]]]}}, {"type": "Feature", "properties": {"window_end_month": "2025-12", "window_start_month": "2025-01", "mesh_1km": "50326529", "new_restaurant_permits_12m": 3, "active_mesh_rank": 34, "active_mesh_percentile": 48.44, "active_mesh_zscore": -0.3002, "hotspot_class": "other_active", "mesh_1km_center_lat": 33.85416666666667, "mesh_1km_center_lon": 132.74375}, "geometry": {"type": "Polygon", "coordinates": [[[132.7375, 33.85], [132.75, 33.85], [132.75, 33.858333333333334], [132.7375, 33.858333333333334], [132.7375, 33.85]]]}}, {"type": "Feature", "properties": {"window_end_month": "2025-12", "window_start_month": "2025-01", "mesh_1km": "50326640", "new_restaurant_permits_12m": 3, "active_mesh_rank": 35, "active_mesh_percentile": 46.88, "active_mesh_zscore": -0.3002, "hotspot_class": "other_active", "mesh_1km_center_lat": 33.87083333333334, "mesh_1km_center_lon": 132.75625}, "geometry": {"type": "Polygon", "coordinates": [[[132.75, 33.86666666666667], [132.7625, 33.86666666666667], [132.7625, 33.875], [132.75, 33.875], [132.75, 33.86666666666667]]]}}, {"type": "Feature", "properties": {"window_end_month": "2025-12", "window_start_month": "2025-01", "mesh_1km": "50325568", "new_restaurant_permits_12m": 2, "active_mesh_rank": 36, "active_mesh_percentile": 45.31, "active_mesh_zscore": -0.4923, "hotspot_class": "other_active", "mesh_1km_center_lat": 33.80416666666666, "mesh_1km_center_lon": 132.73125}, "geometry": {"type": "Polygon", "coordinates": [[[132.725, 33.8], [132.73749999999998, 33.8], [132.73749999999998, 33.80833333333333], [132.725, 33.80833333333333], [132.725, 33.8]]]}}, {"type": "Feature", "properties": {"window_end_month": "2025-12", "window_start_month": "2025-01", "mesh_1km": "50326547", "new_restaurant_permits_12m": 2, "active_mesh_rank": 37, "active_mesh_percentile": 43.75, "active_mesh_zscore": -0.4923, "hotspot_class": "other_active", "mesh_1km_center_lat": 33.87083333333334, "mesh_1km_center_lon": 132.71875}, "geometry": {"type": "Polygon", "coordinates": [[[132.7125, 33.86666666666667], [132.725, 33.86666666666667], [132.725, 33.875], [132.7125, 33.875], [132.7125, 33.86666666666667]]]}}, {"type": "Feature", "properties": {"window_end_month": "2025-12", "window_start_month": "2025-01", "mesh_1km": "50326579", "new_restaurant_permits_12m": 2, "active_mesh_rank": 38, "active_mesh_percentile": 42.19, "active_mesh_zscore": -0.4923, "hotspot_class": "other_active", "mesh_1km_center_lat": 33.89583333333333, "mesh_1km_center_lon": 132.74375}, "geometry": {"type": "Polygon", "coordinates": [[[132.7375, 33.891666666666666], [132.75, 33.891666666666666], [132.75, 33.9], [132.7375, 33.9], [132.7375, 33.891666666666666]]]}}, {"type": "Feature", "properties": {"window_end_month": "2025-12", "window_start_month": "2025-01", "mesh_1km": "50326612", "new_restaurant_permits_12m": 2, "active_mesh_rank": 39, "active_mesh_percentile": 40.62, "active_mesh_zscore": -0.4923, "hotspot_class": "other_active", "mesh_1km_center_lat": 33.84583333333333, "mesh_1km_center_lon": 132.78125}, "geometry": {"type": "Polygon", "coordinates": [[[132.775, 33.84166666666667], [132.7875, 33.84166666666667], [132.7875, 33.85], [132.775, 33.85], [132.775, 33.84166666666667]]]}}, {"type": "Feature", "properties": {"window_end_month": "2025-12", "window_start_month": "2025-01", "mesh_1km": "50326613", "new_restaurant_permits_12m": 2, "active_mesh_rank": 40, "active_mesh_percentile": 39.06, "active_mesh_zscore": -0.4923, "hotspot_class": "other_active", "mesh_1km_center_lat": 33.84583333333333, "mesh_1km_center_lon": 132.79375}, "geometry": {"type": "Polygon", "coordinates": [[[132.7875, 33.84166666666667], [132.79999999999998, 33.84166666666667], [132.79999999999998, 33.85], [132.7875, 33.85], [132.7875, 33.84166666666667]]]}}, {"type": "Feature", "properties": {"window_end_month": "2025-12", "window_start_month": "2025-01", "mesh_1km": "50326621", "new_restaurant_permits_12m": 2, "active_mesh_rank": 41, "active_mesh_percentile": 37.5, "active_mesh_zscore": -0.4923, "hotspot_class": "other_active", "mesh_1km_center_lat": 33.85416666666667, "mesh_1km_center_lon": 132.76874999999998}, "geometry": {"type": "Polygon", "coordinates": [[[132.7625, 33.85], [132.77499999999998, 33.85], [132.77499999999998, 33.858333333333334], [132.7625, 33.858333333333334], [132.7625, 33.85]]]}}, {"type": "Feature", "properties": {"window_end_month": "2025-12", "window_start_month": "2025-01", "mesh_1km": "50327631", "new_restaurant_permits_12m": 2, "active_mesh_rank": 42, "active_mesh_percentile": 35.94, "active_mesh_zscore": -0.4923, "hotspot_class": "other_active", "mesh_1km_center_lat": 33.94583333333334, "mesh_1km_center_lon": 132.76874999999998}, "geometry": {"type": "Polygon", "coordinates": [[[132.7625, 33.94166666666667], [132.77499999999998, 33.94166666666667], [132.77499999999998, 33.95], [132.7625, 33.95], [132.7625, 33.94166666666667]]]}}, {"type": "Feature", "properties": {"window_end_month": "2025-12", "window_start_month": "2025-01", "mesh_1km": "50327642", "new_restaurant_permits_12m": 2, "active_mesh_rank": 43, "active_mesh_percentile": 34.38, "active_mesh_zscore": -0.4923, "hotspot_class": "other_active", "mesh_1km_center_lat": 33.954166666666666, "mesh_1km_center_lon": 132.78125}, "geometry": {"type": "Polygon", "coordinates": [[[132.775, 33.95], [132.7875, 33.95], [132.7875, 33.958333333333336], [132.775, 33.958333333333336], [132.775, 33.95]]]}}, {"type": "Feature", "properties": {"window_end_month": "2025-12", "window_start_month": "2025-01", "mesh_1km": "50325585", "new_restaurant_permits_12m": 1, "active_mesh_rank": 44, "active_mesh_percentile": 32.81, "active_mesh_zscore": -0.6845, "hotspot_class": "other_active", "mesh_1km_center_lat": 33.82083333333334, "mesh_1km_center_lon": 132.69375}, "geometry": {"type": "Polygon", "coordinates": [[[132.6875, 33.81666666666667], [132.7, 33.81666666666667], [132.7, 33.825], [132.6875, 33.825], [132.6875, 33.81666666666667]]]}}, {"type": "Feature", "properties": {"window_end_month": "2025-12", "window_start_month": "2025-01", "mesh_1km": "50325587", "new_restaurant_permits_12m": 1, "active_mesh_rank": 45, "active_mesh_percentile": 31.25, "active_mesh_zscore": -0.6845, "hotspot_class": "other_active", "mesh_1km_center_lat": 33.82083333333334, "mesh_1km_center_lon": 132.71875}, "geometry": {"type": "Polygon", "coordinates": [[[132.7125, 33.81666666666667], [132.725, 33.81666666666667], [132.725, 33.825], [132.7125, 33.825], [132.7125, 33.81666666666667]]]}}, {"type": "Feature", "properties": {"window_end_month": "2025-12", "window_start_month": "2025-01", "mesh_1km": "50325596", "new_restaurant_permits_12m": 1, "active_mesh_rank": 46, "active_mesh_percentile": 29.69, "active_mesh_zscore": -0.6845, "hotspot_class": "other_active", "mesh_1km_center_lat": 33.829166666666666, "mesh_1km_center_lon": 132.70624999999998}, "geometry": {"type": "Polygon", "coordinates": [[[132.7, 33.825], [132.71249999999998, 33.825], [132.71249999999998, 33.833333333333336], [132.7, 33.833333333333336], [132.7, 33.825]]]}}, {"type": "Feature", "properties": {"window_end_month": "2025-12", "window_start_month": "2025-01", "mesh_1km": "50325652", "new_restaurant_permits_12m": 1, "active_mesh_rank": 47, "active_mesh_percentile": 28.12, "active_mesh_zscore": -0.6845, "hotspot_class": "other_active", "mesh_1km_center_lat": 33.795833333333334, "mesh_1km_center_lon": 132.78125}, "geometry": {"type": "Polygon", "coordinates": [[[132.775, 33.791666666666664], [132.7875, 33.791666666666664], [132.7875, 33.8], [132.775, 33.8], [132.775, 33.791666666666664]]]}}, {"type": "Feature", "properties": {"window_end_month": "2025-12", "window_start_month": "2025-01", "mesh_1km": "50325661", "new_restaurant_permits_12m": 1, "active_mesh_rank": 48, "active_mesh_percentile": 26.56, "active_mesh_zscore": -0.6845, "hotspot_class": "other_active", "mesh_1km_center_lat": 33.80416666666666, "mesh_1km_center_lon": 132.76874999999998}, "geometry": {"type": "Polygon", "coordinates": [[[132.7625, 33.8], [132.77499999999998, 33.8], [132.77499999999998, 33.80833333333333], [132.7625, 33.80833333333333], [132.7625, 33.8]]]}}, {"type": "Feature", "properties": {"window_end_month": "2025-12", "window_start_month": "2025-01", "mesh_1km": "50325662", "new_restaurant_permits_12m": 1, "active_mesh_rank": 49, "active_mesh_percentile": 25.0, "active_mesh_zscore": -0.6845, "hotspot_class": "other_active", "mesh_1km_center_lat": 33.80416666666666, "mesh_1km_center_lon": 132.78125}, "geometry": {"type": "Polygon", "coordinates": [[[132.775, 33.8], [132.7875, 33.8], [132.7875, 33.80833333333333], [132.775, 33.80833333333333], [132.775, 33.8]]]}}, {"type": "Feature", "properties": {"window_end_month": "2025-12", "window_start_month": "2025-01", "mesh_1km": "50326519", "new_restaurant_permits_12m": 1, "active_mesh_rank": 50, "active_mesh_percentile": 23.44, "active_mesh_zscore": -0.6845, "hotspot_class": "other_active", "mesh_1km_center_lat": 33.84583333333333, "mesh_1km_center_lon": 132.74375}, "geometry": {"type": "Polygon", "coordinates": [[[132.7375, 33.84166666666667], [132.75, 33.84166666666667], [132.75, 33.85], [132.7375, 33.85], [132.7375, 33.84166666666667]]]}}, {"type": "Feature", "properties": {"window_end_month": "2025-12", "window_start_month": "2025-01", "mesh_1km": "50326536", "new_restaurant_permits_12m": 1, "active_mesh_rank": 51, "active_mesh_percentile": 21.88, "active_mesh_zscore": -0.6845, "hotspot_class": "other_active", "mesh_1km_center_lat": 33.8625, "mesh_1km_center_lon": 132.70624999999998}, "geometry": {"type": "Polygon", "coordinates": [[[132.7, 33.858333333333334], [132.71249999999998, 33.858333333333334], [132.71249999999998, 33.86666666666667], [132.7, 33.86666666666667], [132.7, 33.858333333333334]]]}}, {"type": "Feature", "properties": {"window_end_month": "2025-12", "window_start_month": "2025-01", "mesh_1km": "50326546", "new_restaurant_permits_12m": 1, "active_mesh_rank": 52, "active_mesh_percentile": 20.31, "active_mesh_zscore": -0.6845, "hotspot_class": "other_active", "mesh_1km_center_lat": 33.87083333333334, "mesh_1km_center_lon": 132.70624999999998}, "geometry": {"type": "Polygon", "coordinates": [[[132.7, 33.86666666666667], [132.71249999999998, 33.86666666666667], [132.71249999999998, 33.875], [132.7, 33.875], [132.7, 33.86666666666667]]]}}, {"type": "Feature", "properties": {"window_end_month": "2025-12", "window_start_month": "2025-01", "mesh_1km": "50326548", "new_restaurant_permits_12m": 1, "active_mesh_rank": 53, "active_mesh_percentile": 18.75, "active_mesh_zscore": -0.6845, "hotspot_class": "other_active", "mesh_1km_center_lat": 33.87083333333334, "mesh_1km_center_lon": 132.73125}, "geometry": {"type": "Polygon", "coordinates": [[[132.725, 33.86666666666667], [132.73749999999998, 33.86666666666667], [132.73749999999998, 33.875], [132.725, 33.875], [132.725, 33.86666666666667]]]}}, {"type": "Feature", "properties": {"window_end_month": "2025-12", "window_start_month": "2025-01", "mesh_1km": "50326549", "new_restaurant_permits_12m": 1, "active_mesh_rank": 54, "active_mesh_percentile": 17.19, "active_mesh_zscore": -0.6845, "hotspot_class": "other_active", "mesh_1km_center_lat": 33.87083333333334, "mesh_1km_center_lon": 132.74375}, "geometry": {"type": "Polygon", "coordinates": [[[132.7375, 33.86666666666667], [132.75, 33.86666666666667], [132.75, 33.875], [132.7375, 33.875], [132.7375, 33.86666666666667]]]}}, {"type": "Feature", "properties": {"window_end_month": "2025-12", "window_start_month": "2025-01", "mesh_1km": "50326578", "new_restaurant_permits_12m": 1, "active_mesh_rank": 55, "active_mesh_percentile": 15.62, "active_mesh_zscore": -0.6845, "hotspot_class": "other_active", "mesh_1km_center_lat": 33.89583333333333, "mesh_1km_center_lon": 132.73125}, "geometry": {"type": "Polygon", "coordinates": [[[132.725, 33.891666666666666], [132.73749999999998, 33.891666666666666], [132.73749999999998, 33.9], [132.725, 33.9], [132.725, 33.891666666666666]]]}}, {"type": "Feature", "properties": {"window_end_month": "2025-12", "window_start_month": "2025-01", "mesh_1km": "50326588", "new_restaurant_permits_12m": 1, "active_mesh_rank": 56, "active_mesh_percentile": 14.06, "active_mesh_zscore": -0.6845, "hotspot_class": "other_active", "mesh_1km_center_lat": 33.90416666666667, "mesh_1km_center_lon": 132.73125}, "geometry": {"type": "Polygon", "coordinates": [[[132.725, 33.900000000000006], [132.73749999999998, 33.900000000000006], [132.73749999999998, 33.90833333333334], [132.725, 33.90833333333334], [132.725, 33.900000000000006]]]}}, {"type": "Feature", "properties": {"window_end_month": "2025-12", "window_start_month": "2025-01", "mesh_1km": "50326600", "new_restaurant_permits_12m": 1, "active_mesh_rank": 57, "active_mesh_percentile": 12.5, "active_mesh_zscore": -0.6845, "hotspot_class": "other_active", "mesh_1km_center_lat": 33.837500000000006, "mesh_1km_center_lon": 132.75625}, "geometry": {"type": "Polygon", "coordinates": [[[132.75, 33.833333333333336], [132.7625, 33.833333333333336], [132.7625, 33.84166666666667], [132.75, 33.84166666666667], [132.75, 33.833333333333336]]]}}, {"type": "Feature", "properties": {"window_end_month": "2025-12", "window_start_month": "2025-01", "mesh_1km": "50326614", "new_restaurant_permits_12m": 1, "active_mesh_rank": 58, "active_mesh_percentile": 10.94, "active_mesh_zscore": -0.6845, "hotspot_class": "other_active", "mesh_1km_center_lat": 33.84583333333333, "mesh_1km_center_lon": 132.80625}, "geometry": {"type": "Polygon", "coordinates": [[[132.8, 33.84166666666667], [132.8125, 33.84166666666667], [132.8125, 33.85], [132.8, 33.85], [132.8, 33.84166666666667]]]}}, {"type": "Feature", "properties": {"window_end_month": "2025-12", "window_start_month": "2025-01", "mesh_1km": "50327448", "new_restaurant_permits_12m": 1, "active_mesh_rank": 59, "active_mesh_percentile": 9.38, "active_mesh_zscore": -0.6845, "hotspot_class": "other_active", "mesh_1km_center_lat": 33.954166666666666, "mesh_1km_center_lon": 132.60625}, "geometry": {"type": "Polygon", "coordinates": [[[132.6, 33.95], [132.61249999999998, 33.95], [132.61249999999998, 33.958333333333336], [132.6, 33.958333333333336], [132.6, 33.95]]]}}, {"type": "Feature", "properties": {"window_end_month": "2025-12", "window_start_month": "2025-01", "mesh_1km": "50327540", "new_restaurant_permits_12m": 1, "active_mesh_rank": 60, "active_mesh_percentile": 7.81, "active_mesh_zscore": -0.6845, "hotspot_class": "other_active", "mesh_1km_center_lat": 33.954166666666666, "mesh_1km_center_lon": 132.63125}, "geometry": {"type": "Polygon", "coordinates": [[[132.625, 33.95], [132.6375, 33.95], [132.6375, 33.958333333333336], [132.625, 33.958333333333336], [132.625, 33.95]]]}}, {"type": "Feature", "properties": {"window_end_month": "2025-12", "window_start_month": "2025-01", "mesh_1km": "50327550", "new_restaurant_permits_12m": 1, "active_mesh_rank": 61, "active_mesh_percentile": 6.25, "active_mesh_zscore": -0.6845, "hotspot_class": "other_active", "mesh_1km_center_lat": 33.962500000000006, "mesh_1km_center_lon": 132.63125}, "geometry": {"type": "Polygon", "coordinates": [[[132.625, 33.958333333333336], [132.6375, 33.958333333333336], [132.6375, 33.96666666666667], [132.625, 33.96666666666667], [132.625, 33.958333333333336]]]}}, {"type": "Feature", "properties": {"window_end_month": "2025-12", "window_start_month": "2025-01", "mesh_1km": "50327560", "new_restaurant_permits_12m": 1, "active_mesh_rank": 62, "active_mesh_percentile": 4.69, "active_mesh_zscore": -0.6845, "hotspot_class": "other_active", "mesh_1km_center_lat": 33.97083333333333, "mesh_1km_center_lon": 132.63125}, "geometry": {"type": "Polygon", "coordinates": [[[132.625, 33.96666666666667], [132.6375, 33.96666666666667], [132.6375, 33.975], [132.625, 33.975], [132.625, 33.96666666666667]]]}}, {"type": "Feature", "properties": {"window_end_month": "2025-12", "window_start_month": "2025-01", "mesh_1km": "50327651", "new_restaurant_permits_12m": 1, "active_mesh_rank": 63, "active_mesh_percentile": 3.12, "active_mesh_zscore": -0.6845, "hotspot_class": "other_active", "mesh_1km_center_lat": 33.962500000000006, "mesh_1km_center_lon": 132.76874999999998}, "geometry": {"type": "Polygon", "coordinates": [[[132.7625, 33.958333333333336], [132.77499999999998, 33.958333333333336], [132.77499999999998, 33.96666666666667], [132.7625, 33.96666666666667], [132.7625, 33.958333333333336]]]}}, {"type": "Feature", "properties": {"window_end_month": "2025-12", "window_start_month": "2025-01", "mesh_1km": "50327671", "new_restaurant_permits_12m": 1, "active_mesh_rank": 64, "active_mesh_percentile": 1.56, "active_mesh_zscore": -0.6845, "hotspot_class": "other_active", "mesh_1km_center_lat": 33.97916666666667, "mesh_1km_center_lon": 132.76874999999998}, "geometry": {"type": "Polygon", "coordinates": [[[132.7625, 33.975], [132.77499999999998, 33.975], [132.77499999999998, 33.983333333333334], [132.7625, 33.983333333333334], [132.7625, 33.975]]]}}, {"type": "Feature", "properties": {"window_end_month": "2026-01", "window_start_month": "2025-02", "mesh_1km": "50326622", "new_restaurant_permits_12m": 33, "active_mesh_rank": 1, "active_mesh_percentile": 100.0, "active_mesh_zscore": 5.6106, "hotspot_class": "top_5pct_active", "mesh_1km_center_lat": 33.85416666666667, "mesh_1km_center_lon": 132.78125}, "geometry": {"type": "Polygon", "coordinates": [[[132.775, 33.85], [132.7875, 33.85], [132.7875, 33.858333333333334], [132.775, 33.858333333333334], [132.775, 33.85]]]}}, {"type": "Feature", "properties": {"window_end_month": "2026-01", "window_start_month": "2025-02", "mesh_1km": "50326537", "new_restaurant_permits_12m": 17, "active_mesh_rank": 2, "active_mesh_percentile": 98.41, "active_mesh_zscore": 2.4529, "hotspot_class": "top_5pct_active", "mesh_1km_center_lat": 33.8625, "mesh_1km_center_lon": 132.71875}, "geometry": {"type": "Polygon", "coordinates": [[[132.7125, 33.858333333333334], [132.725, 33.858333333333334], [132.725, 33.86666666666667], [132.7125, 33.86666666666667], [132.7125, 33.858333333333334]]]}}, {"type": "Feature", "properties": {"window_end_month": "2026-01", "window_start_month": "2025-02", "mesh_1km": "50325681", "new_restaurant_permits_12m": 13, "active_mesh_rank": 3, "active_mesh_percentile": 96.83, "active_mesh_zscore": 1.6635, "hotspot_class": "top_5pct_active", "mesh_1km_center_lat": 33.82083333333334, "mesh_1km_center_lon": 132.76874999999998}, "geometry": {"type": "Polygon", "coordinates": [[[132.7625, 33.81666666666667], [132.77499999999998, 33.81666666666667], [132.77499999999998, 33.825], [132.7625, 33.825], [132.7625, 33.81666666666667]]]}}, {"type": "Feature", "properties": {"window_end_month": "2026-01", "window_start_month": "2025-02", "mesh_1km": "50325682", "new_restaurant_permits_12m": 12, "active_mesh_rank": 4, "active_mesh_percentile": 95.24, "active_mesh_zscore": 1.4661, "hotspot_class": "top_5pct_active", "mesh_1km_center_lat": 33.82083333333334, "mesh_1km_center_lon": 132.78125}, "geometry": {"type": "Polygon", "coordinates": [[[132.775, 33.81666666666667], [132.7875, 33.81666666666667], [132.7875, 33.825], [132.775, 33.825], [132.775, 33.81666666666667]]]}}, {"type": "Feature", "properties": {"window_end_month": "2026-01", "window_start_month": "2025-02", "mesh_1km": "50325680", "new_restaurant_permits_12m": 11, "active_mesh_rank": 5, "active_mesh_percentile": 93.65, "active_mesh_zscore": 1.2687, "hotspot_class": "top_20pct_active", "mesh_1km_center_lat": 33.82083333333334, "mesh_1km_center_lon": 132.75625}, "geometry": {"type": "Polygon", "coordinates": [[[132.75, 33.81666666666667], [132.7625, 33.81666666666667], [132.7625, 33.825], [132.75, 33.825], [132.75, 33.81666666666667]]]}}, {"type": "Feature", "properties": {"window_end_month": "2026-01", "window_start_month": "2025-02", "mesh_1km": "50325693", "new_restaurant_permits_12m": 11, "active_mesh_rank": 6, "active_mesh_percentile": 92.06, "active_mesh_zscore": 1.2687, "hotspot_class": "top_20pct_active", "mesh_1km_center_lat": 33.829166666666666, "mesh_1km_center_lon": 132.79375}, "geometry": {"type": "Polygon", "coordinates": [[[132.7875, 33.825], [132.79999999999998, 33.825], [132.79999999999998, 33.833333333333336], [132.7875, 33.833333333333336], [132.7875, 33.825]]]}}, {"type": "Feature", "properties": {"window_end_month": "2026-01", "window_start_month": "2025-02", "mesh_1km": "50325671", "new_restaurant_permits_12m": 10, "active_mesh_rank": 7, "active_mesh_percentile": 90.48, "active_mesh_zscore": 1.0714, "hotspot_class": "top_20pct_active", "mesh_1km_center_lat": 33.8125, "mesh_1km_center_lon": 132.76874999999998}, "geometry": {"type": "Polygon", "coordinates": [[[132.7625, 33.80833333333333], [132.77499999999998, 33.80833333333333], [132.77499999999998, 33.81666666666666], [132.7625, 33.81666666666666], [132.7625, 33.80833333333333]]]}}, {"type": "Feature", "properties": {"window_end_month": "2026-01", "window_start_month": "2025-02", "mesh_1km": "50326602", "new_restaurant_permits_12m": 10, "active_mesh_rank": 8, "active_mesh_percentile": 88.89, "active_mesh_zscore": 1.0714, "hotspot_class": "top_20pct_active", "mesh_1km_center_lat": 33.837500000000006, "mesh_1km_center_lon": 132.78125}, "geometry": {"type": "Polygon", "coordinates": [[[132.775, 33.833333333333336], [132.7875, 33.833333333333336], [132.7875, 33.84166666666667], [132.775, 33.84166666666667], [132.775, 33.833333333333336]]]}}, {"type": "Feature", "properties": {"window_end_month": "2026-01", "window_start_month": "2025-02", "mesh_1km": "50325691", "new_restaurant_permits_12m": 8, "active_mesh_rank": 9, "active_mesh_percentile": 87.3, "active_mesh_zscore": 0.6767, "hotspot_class": "top_20pct_active", "mesh_1km_center_lat": 33.829166666666666, "mesh_1km_center_lon": 132.76874999999998}, "geometry": {"type": "Polygon", "coordinates": [[[132.7625, 33.825], [132.77499999999998, 33.825], [132.77499999999998, 33.833333333333336], [132.7625, 33.833333333333336], [132.7625, 33.825]]]}}, {"type": "Feature", "properties": {"window_end_month": "2026-01", "window_start_month": "2025-02", "mesh_1km": "50325692", "new_restaurant_permits_12m": 8, "active_mesh_rank": 10, "active_mesh_percentile": 85.71, "active_mesh_zscore": 0.6767, "hotspot_class": "top_20pct_active", "mesh_1km_center_lat": 33.829166666666666, "mesh_1km_center_lon": 132.78125}, "geometry": {"type": "Polygon", "coordinates": [[[132.775, 33.825], [132.7875, 33.825], [132.7875, 33.833333333333336], [132.775, 33.833333333333336], [132.775, 33.825]]]}}, {"type": "Feature", "properties": {"window_end_month": "2026-01", "window_start_month": "2025-02", "mesh_1km": "50325597", "new_restaurant_permits_12m": 7, "active_mesh_rank": 11, "active_mesh_percentile": 84.13, "active_mesh_zscore": 0.4793, "hotspot_class": "top_20pct_active", "mesh_1km_center_lat": 33.829166666666666, "mesh_1km_center_lon": 132.71875}, "geometry": {"type": "Polygon", "coordinates": [[[132.7125, 33.825], [132.725, 33.825], [132.725, 33.833333333333336], [132.7125, 33.833333333333336], [132.7125, 33.825]]]}}, {"type": "Feature", "properties": {"window_end_month": "2026-01", "window_start_month": "2025-02", "mesh_1km": "50325599", "new_restaurant_permits_12m": 7, "active_mesh_rank": 12, "active_mesh_percentile": 82.54, "active_mesh_zscore": 0.4793, "hotspot_class": "top_20pct_active", "mesh_1km_center_lat": 33.829166666666666, "mesh_1km_center_lon": 132.74375}, "geometry": {"type": "Polygon", "coordinates": [[[132.7375, 33.825], [132.75, 33.825], [132.75, 33.833333333333336], [132.7375, 33.833333333333336], [132.7375, 33.825]]]}}, {"type": "Feature", "properties": {"window_end_month": "2026-01", "window_start_month": "2025-02", "mesh_1km": "50325670", "new_restaurant_permits_12m": 7, "active_mesh_rank": 13, "active_mesh_percentile": 80.95, "active_mesh_zscore": 0.4793, "hotspot_class": "top_20pct_active", "mesh_1km_center_lat": 33.8125, "mesh_1km_center_lon": 132.75625}, "geometry": {"type": "Polygon", "coordinates": [[[132.75, 33.80833333333333], [132.7625, 33.80833333333333], [132.7625, 33.81666666666666], [132.75, 33.81666666666666], [132.75, 33.80833333333333]]]}}, {"type": "Feature", "properties": {"window_end_month": "2026-01", "window_start_month": "2025-02", "mesh_1km": "50326610", "new_restaurant_permits_12m": 7, "active_mesh_rank": 14, "active_mesh_percentile": 79.37, "active_mesh_zscore": 0.4793, "hotspot_class": "other_active", "mesh_1km_center_lat": 33.84583333333333, "mesh_1km_center_lon": 132.75625}, "geometry": {"type": "Polygon", "coordinates": [[[132.75, 33.84166666666667], [132.7625, 33.84166666666667], [132.7625, 33.85], [132.75, 33.85], [132.75, 33.84166666666667]]]}}, {"type": "Feature", "properties": {"window_end_month": "2026-01", "window_start_month": "2025-02", "mesh_1km": "50326630", "new_restaurant_permits_12m": 7, "active_mesh_rank": 15, "active_mesh_percentile": 77.78, "active_mesh_zscore": 0.4793, "hotspot_class": "other_active", "mesh_1km_center_lat": 33.8625, "mesh_1km_center_lon": 132.75625}, "geometry": {"type": "Polygon", "coordinates": [[[132.75, 33.858333333333334], [132.7625, 33.858333333333334], [132.7625, 33.86666666666667], [132.75, 33.86666666666667], [132.75, 33.858333333333334]]]}}, {"type": "Feature", "properties": {"window_end_month": "2026-01", "window_start_month": "2025-02", "mesh_1km": "50325690", "new_restaurant_permits_12m": 6, "active_mesh_rank": 16, "active_mesh_percentile": 76.19, "active_mesh_zscore": 0.2819, "hotspot_class": "other_active", "mesh_1km_center_lat": 33.829166666666666, "mesh_1km_center_lon": 132.75625}, "geometry": {"type": "Polygon", "coordinates": [[[132.75, 33.825], [132.7625, 33.825], [132.7625, 33.833333333333336], [132.75, 33.833333333333336], [132.75, 33.825]]]}}, {"type": "Feature", "properties": {"window_end_month": "2026-01", "window_start_month": "2025-02", "mesh_1km": "50326620", "new_restaurant_permits_12m": 6, "active_mesh_rank": 17, "active_mesh_percentile": 74.6, "active_mesh_zscore": 0.2819, "hotspot_class": "other_active", "mesh_1km_center_lat": 33.85416666666667, "mesh_1km_center_lon": 132.75625}, "geometry": {"type": "Polygon", "coordinates": [[[132.75, 33.85], [132.7625, 33.85], [132.7625, 33.858333333333334], [132.75, 33.858333333333334], [132.75, 33.85]]]}}, {"type": "Feature", "properties": {"window_end_month": "2026-01", "window_start_month": "2025-02", "mesh_1km": "50325598", "new_restaurant_permits_12m": 5, "active_mesh_rank": 18, "active_mesh_percentile": 73.02, "active_mesh_zscore": 0.0846, "hotspot_class": "other_active", "mesh_1km_center_lat": 33.829166666666666, "mesh_1km_center_lon": 132.73125}, "geometry": {"type": "Polygon", "coordinates": [[[132.725, 33.825], [132.73749999999998, 33.825], [132.73749999999998, 33.833333333333336], [132.725, 33.833333333333336], [132.725, 33.825]]]}}, {"type": "Feature", "properties": {"window_end_month": "2026-01", "window_start_month": "2025-02", "mesh_1km": "50325673", "new_restaurant_permits_12m": 5, "active_mesh_rank": 19, "active_mesh_percentile": 71.43, "active_mesh_zscore": 0.0846, "hotspot_class": "other_active", "mesh_1km_center_lat": 33.8125, "mesh_1km_center_lon": 132.79375}, "geometry": {"type": "Polygon", "coordinates": [[[132.7875, 33.80833333333333], [132.79999999999998, 33.80833333333333], [132.79999999999998, 33.81666666666666], [132.7875, 33.81666666666666], [132.7875, 33.80833333333333]]]}}, {"type": "Feature", "properties": {"window_end_month": "2026-01", "window_start_month": "2025-02", "mesh_1km": "50326509", "new_restaurant_permits_12m": 5, "active_mesh_rank": 20, "active_mesh_percentile": 69.84, "active_mesh_zscore": 0.0846, "hotspot_class": "other_active", "mesh_1km_center_lat": 33.837500000000006, "mesh_1km_center_lon": 132.74375}, "geometry": {"type": "Polygon", "coordinates": [[[132.7375, 33.833333333333336], [132.75, 33.833333333333336], [132.75, 33.84166666666667], [132.7375, 33.84166666666667], [132.7375, 33.833333333333336]]]}}, {"type": "Feature", "properties": {"window_end_month": "2026-01", "window_start_month": "2025-02", "mesh_1km": "50326527", "new_restaurant_permits_12m": 5, "active_mesh_rank": 21, "active_mesh_percentile": 68.25, "active_mesh_zscore": 0.0846, "hotspot_class": "other_active", "mesh_1km_center_lat": 33.85416666666667, "mesh_1km_center_lon": 132.71875}, "geometry": {"type": "Polygon", "coordinates": [[[132.7125, 33.85], [132.725, 33.85], [132.725, 33.858333333333334], [132.7125, 33.858333333333334], [132.7125, 33.85]]]}}, {"type": "Feature", "properties": {"window_end_month": "2026-01", "window_start_month": "2025-02", "mesh_1km": "50326538", "new_restaurant_permits_12m": 5, "active_mesh_rank": 22, "active_mesh_percentile": 66.67, "active_mesh_zscore": 0.0846, "hotspot_class": "other_active", "mesh_1km_center_lat": 33.8625, "mesh_1km_center_lon": 132.73125}, "geometry": {"type": "Polygon", "coordinates": [[[132.725, 33.858333333333334], [132.73749999999998, 33.858333333333334], [132.73749999999998, 33.86666666666667], [132.725, 33.86666666666667], [132.725, 33.858333333333334]]]}}, {"type": "Feature", "properties": {"window_end_month": "2026-01", "window_start_month": "2025-02", "mesh_1km": "50326623", "new_restaurant_permits_12m": 5, "active_mesh_rank": 23, "active_mesh_percentile": 65.08, "active_mesh_zscore": 0.0846, "hotspot_class": "other_active", "mesh_1km_center_lat": 33.85416666666667, "mesh_1km_center_lon": 132.79375}, "geometry": {"type": "Polygon", "coordinates": [[[132.7875, 33.85], [132.79999999999998, 33.85], [132.79999999999998, 33.858333333333334], [132.7875, 33.858333333333334], [132.7875, 33.85]]]}}, {"type": "Feature", "properties": {"window_end_month": "2026-01", "window_start_month": "2025-02", "mesh_1km": "50325578", "new_restaurant_permits_12m": 4, "active_mesh_rank": 24, "active_mesh_percentile": 63.49, "active_mesh_zscore": -0.1128, "hotspot_class": "other_active", "mesh_1km_center_lat": 33.8125, "mesh_1km_center_lon": 132.73125}, "geometry": {"type": "Polygon", "coordinates": [[[132.725, 33.80833333333333], [132.73749999999998, 33.80833333333333], [132.73749999999998, 33.81666666666666], [132.725, 33.81666666666666], [132.725, 33.80833333333333]]]}}, {"type": "Feature", "properties": {"window_end_month": "2026-01", "window_start_month": "2025-02", "mesh_1km": "50325663", "new_restaurant_permits_12m": 4, "active_mesh_rank": 25, "active_mesh_percentile": 61.9, "active_mesh_zscore": -0.1128, "hotspot_class": "other_active", "mesh_1km_center_lat": 33.80416666666666, "mesh_1km_center_lon": 132.79375}, "geometry": {"type": "Polygon", "coordinates": [[[132.7875, 33.8], [132.79999999999998, 33.8], [132.79999999999998, 33.80833333333333], [132.7875, 33.80833333333333], [132.7875, 33.8]]]}}, {"type": "Feature", "properties": {"window_end_month": "2026-01", "window_start_month": "2025-02", "mesh_1km": "50325672", "new_restaurant_permits_12m": 4, "active_mesh_rank": 26, "active_mesh_percentile": 60.32, "active_mesh_zscore": -0.1128, "hotspot_class": "other_active", "mesh_1km_center_lat": 33.8125, "mesh_1km_center_lon": 132.78125}, "geometry": {"type": "Polygon", "coordinates": [[[132.775, 33.80833333333333], [132.7875, 33.80833333333333], [132.7875, 33.81666666666666], [132.775, 33.81666666666666], [132.775, 33.80833333333333]]]}}, {"type": "Feature", "properties": {"window_end_month": "2026-01", "window_start_month": "2025-02", "mesh_1km": "50325674", "new_restaurant_permits_12m": 4, "active_mesh_rank": 27, "active_mesh_percentile": 58.73, "active_mesh_zscore": -0.1128, "hotspot_class": "other_active", "mesh_1km_center_lat": 33.8125, "mesh_1km_center_lon": 132.80625}, "geometry": {"type": "Polygon", "coordinates": [[[132.8, 33.80833333333333], [132.8125, 33.80833333333333], [132.8125, 33.81666666666666], [132.8, 33.81666666666666], [132.8, 33.80833333333333]]]}}, {"type": "Feature", "properties": {"window_end_month": "2026-01", "window_start_month": "2025-02", "mesh_1km": "50326528", "new_restaurant_permits_12m": 4, "active_mesh_rank": 28, "active_mesh_percentile": 57.14, "active_mesh_zscore": -0.1128, "hotspot_class": "other_active", "mesh_1km_center_lat": 33.85416666666667, "mesh_1km_center_lon": 132.73125}, "geometry": {"type": "Polygon", "coordinates": [[[132.725, 33.85], [132.73749999999998, 33.85], [132.73749999999998, 33.858333333333334], [132.725, 33.858333333333334], [132.725, 33.85]]]}}, {"type": "Feature", "properties": {"window_end_month": "2026-01", "window_start_month": "2025-02", "mesh_1km": "50326603", "new_restaurant_permits_12m": 4, "active_mesh_rank": 29, "active_mesh_percentile": 55.56, "active_mesh_zscore": -0.1128, "hotspot_class": "other_active", "mesh_1km_center_lat": 33.837500000000006, "mesh_1km_center_lon": 132.79375}, "geometry": {"type": "Polygon", "coordinates": [[[132.7875, 33.833333333333336], [132.79999999999998, 33.833333333333336], [132.79999999999998, 33.84166666666667], [132.7875, 33.84166666666667], [132.7875, 33.833333333333336]]]}}, {"type": "Feature", "properties": {"window_end_month": "2026-01", "window_start_month": "2025-02", "mesh_1km": "50327652", "new_restaurant_permits_12m": 4, "active_mesh_rank": 30, "active_mesh_percentile": 53.97, "active_mesh_zscore": -0.1128, "hotspot_class": "other_active", "mesh_1km_center_lat": 33.962500000000006, "mesh_1km_center_lon": 132.78125}, "geometry": {"type": "Polygon", "coordinates": [[[132.775, 33.958333333333336], [132.7875, 33.958333333333336], [132.7875, 33.96666666666667], [132.775, 33.96666666666667], [132.775, 33.958333333333336]]]}}, {"type": "Feature", "properties": {"window_end_month": "2026-01", "window_start_month": "2025-02", "mesh_1km": "50325579", "new_restaurant_permits_12m": 3, "active_mesh_rank": 31, "active_mesh_percentile": 52.38, "active_mesh_zscore": -0.3101, "hotspot_class": "other_active", "mesh_1km_center_lat": 33.8125, "mesh_1km_center_lon": 132.74375}, "geometry": {"type": "Polygon", "coordinates": [[[132.7375, 33.80833333333333], [132.75, 33.80833333333333], [132.75, 33.81666666666666], [132.7375, 33.81666666666666], [132.7375, 33.80833333333333]]]}}, {"type": "Feature", "properties": {"window_end_month": "2026-01", "window_start_month": "2025-02", "mesh_1km": "50325589", "new_restaurant_permits_12m": 3, "active_mesh_rank": 32, "active_mesh_percentile": 50.79, "active_mesh_zscore": -0.3101, "hotspot_class": "other_active", "mesh_1km_center_lat": 33.82083333333334, "mesh_1km_center_lon": 132.74375}, "geometry": {"type": "Polygon", "coordinates": [[[132.7375, 33.81666666666667], [132.75, 33.81666666666667], [132.75, 33.825], [132.7375, 33.825], [132.7375, 33.81666666666667]]]}}, {"type": "Feature", "properties": {"window_end_month": "2026-01", "window_start_month": "2025-02", "mesh_1km": "50325675", "new_restaurant_permits_12m": 3, "active_mesh_rank": 33, "active_mesh_percentile": 49.21, "active_mesh_zscore": -0.3101, "hotspot_class": "other_active", "mesh_1km_center_lat": 33.8125, "mesh_1km_center_lon": 132.81875}, "geometry": {"type": "Polygon", "coordinates": [[[132.8125, 33.80833333333333], [132.825, 33.80833333333333], [132.825, 33.81666666666666], [132.8125, 33.81666666666666], [132.8125, 33.80833333333333]]]}}, {"type": "Feature", "properties": {"window_end_month": "2026-01", "window_start_month": "2025-02", "mesh_1km": "50326529", "new_restaurant_permits_12m": 3, "active_mesh_rank": 34, "active_mesh_percentile": 47.62, "active_mesh_zscore": -0.3101, "hotspot_class": "other_active", "mesh_1km_center_lat": 33.85416666666667, "mesh_1km_center_lon": 132.74375}, "geometry": {"type": "Polygon", "coordinates": [[[132.7375, 33.85], [132.75, 33.85], [132.75, 33.858333333333334], [132.7375, 33.858333333333334], [132.7375, 33.85]]]}}, {"type": "Feature", "properties": {"window_end_month": "2026-01", "window_start_month": "2025-02", "mesh_1km": "50326640", "new_restaurant_permits_12m": 3, "active_mesh_rank": 35, "active_mesh_percentile": 46.03, "active_mesh_zscore": -0.3101, "hotspot_class": "other_active", "mesh_1km_center_lat": 33.87083333333334, "mesh_1km_center_lon": 132.75625}, "geometry": {"type": "Polygon", "coordinates": [[[132.75, 33.86666666666667], [132.7625, 33.86666666666667], [132.7625, 33.875], [132.75, 33.875], [132.75, 33.86666666666667]]]}}, {"type": "Feature", "properties": {"window_end_month": "2026-01", "window_start_month": "2025-02", "mesh_1km": "50325568", "new_restaurant_permits_12m": 2, "active_mesh_rank": 36, "active_mesh_percentile": 44.44, "active_mesh_zscore": -0.5075, "hotspot_class": "other_active", "mesh_1km_center_lat": 33.80416666666666, "mesh_1km_center_lon": 132.73125}, "geometry": {"type": "Polygon", "coordinates": [[[132.725, 33.8], [132.73749999999998, 33.8], [132.73749999999998, 33.80833333333333], [132.725, 33.80833333333333], [132.725, 33.8]]]}}, {"type": "Feature", "properties": {"window_end_month": "2026-01", "window_start_month": "2025-02", "mesh_1km": "50325661", "new_restaurant_permits_12m": 2, "active_mesh_rank": 37, "active_mesh_percentile": 42.86, "active_mesh_zscore": -0.5075, "hotspot_class": "other_active", "mesh_1km_center_lat": 33.80416666666666, "mesh_1km_center_lon": 132.76874999999998}, "geometry": {"type": "Polygon", "coordinates": [[[132.7625, 33.8], [132.77499999999998, 33.8], [132.77499999999998, 33.80833333333333], [132.7625, 33.80833333333333], [132.7625, 33.8]]]}}, {"type": "Feature", "properties": {"window_end_month": "2026-01", "window_start_month": "2025-02", "mesh_1km": "50326547", "new_restaurant_permits_12m": 2, "active_mesh_rank": 38, "active_mesh_percentile": 41.27, "active_mesh_zscore": -0.5075, "hotspot_class": "other_active", "mesh_1km_center_lat": 33.87083333333334, "mesh_1km_center_lon": 132.71875}, "geometry": {"type": "Polygon", "coordinates": [[[132.7125, 33.86666666666667], [132.725, 33.86666666666667], [132.725, 33.875], [132.7125, 33.875], [132.7125, 33.86666666666667]]]}}, {"type": "Feature", "properties": {"window_end_month": "2026-01", "window_start_month": "2025-02", "mesh_1km": "50326612", "new_restaurant_permits_12m": 2, "active_mesh_rank": 39, "active_mesh_percentile": 39.68, "active_mesh_zscore": -0.5075, "hotspot_class": "other_active", "mesh_1km_center_lat": 33.84583333333333, "mesh_1km_center_lon": 132.78125}, "geometry": {"type": "Polygon", "coordinates": [[[132.775, 33.84166666666667], [132.7875, 33.84166666666667], [132.7875, 33.85], [132.775, 33.85], [132.775, 33.84166666666667]]]}}, {"type": "Feature", "properties": {"window_end_month": "2026-01", "window_start_month": "2025-02", "mesh_1km": "50326613", "new_restaurant_permits_12m": 2, "active_mesh_rank": 40, "active_mesh_percentile": 38.1, "active_mesh_zscore": -0.5075, "hotspot_class": "other_active", "mesh_1km_center_lat": 33.84583333333333, "mesh_1km_center_lon": 132.79375}, "geometry": {"type": "Polygon", "coordinates": [[[132.7875, 33.84166666666667], [132.79999999999998, 33.84166666666667], [132.79999999999998, 33.85], [132.7875, 33.85], [132.7875, 33.84166666666667]]]}}, {"type": "Feature", "properties": {"window_end_month": "2026-01", "window_start_month": "2025-02", "mesh_1km": "50327631", "new_restaurant_permits_12m": 2, "active_mesh_rank": 41, "active_mesh_percentile": 36.51, "active_mesh_zscore": -0.5075, "hotspot_class": "other_active", "mesh_1km_center_lat": 33.94583333333334, "mesh_1km_center_lon": 132.76874999999998}, "geometry": {"type": "Polygon", "coordinates": [[[132.7625, 33.94166666666667], [132.77499999999998, 33.94166666666667], [132.77499999999998, 33.95], [132.7625, 33.95], [132.7625, 33.94166666666667]]]}}, {"type": "Feature", "properties": {"window_end_month": "2026-01", "window_start_month": "2025-02", "mesh_1km": "50327642", "new_restaurant_permits_12m": 2, "active_mesh_rank": 42, "active_mesh_percentile": 34.92, "active_mesh_zscore": -0.5075, "hotspot_class": "other_active", "mesh_1km_center_lat": 33.954166666666666, "mesh_1km_center_lon": 132.78125}, "geometry": {"type": "Polygon", "coordinates": [[[132.775, 33.95], [132.7875, 33.95], [132.7875, 33.958333333333336], [132.775, 33.958333333333336], [132.775, 33.95]]]}}, {"type": "Feature", "properties": {"window_end_month": "2026-01", "window_start_month": "2025-02", "mesh_1km": "50325585", "new_restaurant_permits_12m": 1, "active_mesh_rank": 43, "active_mesh_percentile": 33.33, "active_mesh_zscore": -0.7049, "hotspot_class": "other_active", "mesh_1km_center_lat": 33.82083333333334, "mesh_1km_center_lon": 132.69375}, "geometry": {"type": "Polygon", "coordinates": [[[132.6875, 33.81666666666667], [132.7, 33.81666666666667], [132.7, 33.825], [132.6875, 33.825], [132.6875, 33.81666666666667]]]}}, {"type": "Feature", "properties": {"window_end_month": "2026-01", "window_start_month": "2025-02", "mesh_1km": "50325587", "new_restaurant_permits_12m": 1, "active_mesh_rank": 44, "active_mesh_percentile": 31.75, "active_mesh_zscore": -0.7049, "hotspot_class": "other_active", "mesh_1km_center_lat": 33.82083333333334, "mesh_1km_center_lon": 132.71875}, "geometry": {"type": "Polygon", "coordinates": [[[132.7125, 33.81666666666667], [132.725, 33.81666666666667], [132.725, 33.825], [132.7125, 33.825], [132.7125, 33.81666666666667]]]}}, {"type": "Feature", "properties": {"window_end_month": "2026-01", "window_start_month": "2025-02", "mesh_1km": "50325596", "new_restaurant_permits_12m": 1, "active_mesh_rank": 45, "active_mesh_percentile": 30.16, "active_mesh_zscore": -0.7049, "hotspot_class": "other_active", "mesh_1km_center_lat": 33.829166666666666, "mesh_1km_center_lon": 132.70624999999998}, "geometry": {"type": "Polygon", "coordinates": [[[132.7, 33.825], [132.71249999999998, 33.825], [132.71249999999998, 33.833333333333336], [132.7, 33.833333333333336], [132.7, 33.825]]]}}, {"type": "Feature", "properties": {"window_end_month": "2026-01", "window_start_month": "2025-02", "mesh_1km": "50325652", "new_restaurant_permits_12m": 1, "active_mesh_rank": 46, "active_mesh_percentile": 28.57, "active_mesh_zscore": -0.7049, "hotspot_class": "other_active", "mesh_1km_center_lat": 33.795833333333334, "mesh_1km_center_lon": 132.78125}, "geometry": {"type": "Polygon", "coordinates": [[[132.775, 33.791666666666664], [132.7875, 33.791666666666664], [132.7875, 33.8], [132.775, 33.8], [132.775, 33.791666666666664]]]}}, {"type": "Feature", "properties": {"window_end_month": "2026-01", "window_start_month": "2025-02", "mesh_1km": "50325662", "new_restaurant_permits_12m": 1, "active_mesh_rank": 47, "active_mesh_percentile": 26.98, "active_mesh_zscore": -0.7049, "hotspot_class": "other_active", "mesh_1km_center_lat": 33.80416666666666, "mesh_1km_center_lon": 132.78125}, "geometry": {"type": "Polygon", "coordinates": [[[132.775, 33.8], [132.7875, 33.8], [132.7875, 33.80833333333333], [132.775, 33.80833333333333], [132.775, 33.8]]]}}, {"type": "Feature", "properties": {"window_end_month": "2026-01", "window_start_month": "2025-02", "mesh_1km": "50326519", "new_restaurant_permits_12m": 1, "active_mesh_rank": 48, "active_mesh_percentile": 25.4, "active_mesh_zscore": -0.7049, "hotspot_class": "other_active", "mesh_1km_center_lat": 33.84583333333333, "mesh_1km_center_lon": 132.74375}, "geometry": {"type": "Polygon", "coordinates": [[[132.7375, 33.84166666666667], [132.75, 33.84166666666667], [132.75, 33.85], [132.7375, 33.85], [132.7375, 33.84166666666667]]]}}, {"type": "Feature", "properties": {"window_end_month": "2026-01", "window_start_month": "2025-02", "mesh_1km": "50326546", "new_restaurant_permits_12m": 1, "active_mesh_rank": 49, "active_mesh_percentile": 23.81, "active_mesh_zscore": -0.7049, "hotspot_class": "other_active", "mesh_1km_center_lat": 33.87083333333334, "mesh_1km_center_lon": 132.70624999999998}, "geometry": {"type": "Polygon", "coordinates": [[[132.7, 33.86666666666667], [132.71249999999998, 33.86666666666667], [132.71249999999998, 33.875], [132.7, 33.875], [132.7, 33.86666666666667]]]}}, {"type": "Feature", "properties": {"window_end_month": "2026-01", "window_start_month": "2025-02", "mesh_1km": "50326548", "new_restaurant_permits_12m": 1, "active_mesh_rank": 50, "active_mesh_percentile": 22.22, "active_mesh_zscore": -0.7049, "hotspot_class": "other_active", "mesh_1km_center_lat": 33.87083333333334, "mesh_1km_center_lon": 132.73125}, "geometry": {"type": "Polygon", "coordinates": [[[132.725, 33.86666666666667], [132.73749999999998, 33.86666666666667], [132.73749999999998, 33.875], [132.725, 33.875], [132.725, 33.86666666666667]]]}}, {"type": "Feature", "properties": {"window_end_month": "2026-01", "window_start_month": "2025-02", "mesh_1km": "50326549", "new_restaurant_permits_12m": 1, "active_mesh_rank": 51, "active_mesh_percentile": 20.63, "active_mesh_zscore": -0.7049, "hotspot_class": "other_active", "mesh_1km_center_lat": 33.87083333333334, "mesh_1km_center_lon": 132.74375}, "geometry": {"type": "Polygon", "coordinates": [[[132.7375, 33.86666666666667], [132.75, 33.86666666666667], [132.75, 33.875], [132.7375, 33.875], [132.7375, 33.86666666666667]]]}}, {"type": "Feature", "properties": {"window_end_month": "2026-01", "window_start_month": "2025-02", "mesh_1km": "50326578", "new_restaurant_permits_12m": 1, "active_mesh_rank": 52, "active_mesh_percentile": 19.05, "active_mesh_zscore": -0.7049, "hotspot_class": "other_active", "mesh_1km_center_lat": 33.89583333333333, "mesh_1km_center_lon": 132.73125}, "geometry": {"type": "Polygon", "coordinates": [[[132.725, 33.891666666666666], [132.73749999999998, 33.891666666666666], [132.73749999999998, 33.9], [132.725, 33.9], [132.725, 33.891666666666666]]]}}, {"type": "Feature", "properties": {"window_end_month": "2026-01", "window_start_month": "2025-02", "mesh_1km": "50326579", "new_restaurant_permits_12m": 1, "active_mesh_rank": 53, "active_mesh_percentile": 17.46, "active_mesh_zscore": -0.7049, "hotspot_class": "other_active", "mesh_1km_center_lat": 33.89583333333333, "mesh_1km_center_lon": 132.74375}, "geometry": {"type": "Polygon", "coordinates": [[[132.7375, 33.891666666666666], [132.75, 33.891666666666666], [132.75, 33.9], [132.7375, 33.9], [132.7375, 33.891666666666666]]]}}, {"type": "Feature", "properties": {"window_end_month": "2026-01", "window_start_month": "2025-02", "mesh_1km": "50326588", "new_restaurant_permits_12m": 1, "active_mesh_rank": 54, "active_mesh_percentile": 15.87, "active_mesh_zscore": -0.7049, "hotspot_class": "other_active", "mesh_1km_center_lat": 33.90416666666667, "mesh_1km_center_lon": 132.73125}, "geometry": {"type": "Polygon", "coordinates": [[[132.725, 33.900000000000006], [132.73749999999998, 33.900000000000006], [132.73749999999998, 33.90833333333334], [132.725, 33.90833333333334], [132.725, 33.900000000000006]]]}}, {"type": "Feature", "properties": {"window_end_month": "2026-01", "window_start_month": "2025-02", "mesh_1km": "50326600", "new_restaurant_permits_12m": 1, "active_mesh_rank": 55, "active_mesh_percentile": 14.29, "active_mesh_zscore": -0.7049, "hotspot_class": "other_active", "mesh_1km_center_lat": 33.837500000000006, "mesh_1km_center_lon": 132.75625}, "geometry": {"type": "Polygon", "coordinates": [[[132.75, 33.833333333333336], [132.7625, 33.833333333333336], [132.7625, 33.84166666666667], [132.75, 33.84166666666667], [132.75, 33.833333333333336]]]}}, {"type": "Feature", "properties": {"window_end_month": "2026-01", "window_start_month": "2025-02", "mesh_1km": "50326614", "new_restaurant_permits_12m": 1, "active_mesh_rank": 56, "active_mesh_percentile": 12.7, "active_mesh_zscore": -0.7049, "hotspot_class": "other_active", "mesh_1km_center_lat": 33.84583333333333, "mesh_1km_center_lon": 132.80625}, "geometry": {"type": "Polygon", "coordinates": [[[132.8, 33.84166666666667], [132.8125, 33.84166666666667], [132.8125, 33.85], [132.8, 33.85], [132.8, 33.84166666666667]]]}}, {"type": "Feature", "properties": {"window_end_month": "2026-01", "window_start_month": "2025-02", "mesh_1km": "50326621", "new_restaurant_permits_12m": 1, "active_mesh_rank": 57, "active_mesh_percentile": 11.11, "active_mesh_zscore": -0.7049, "hotspot_class": "other_active", "mesh_1km_center_lat": 33.85416666666667, "mesh_1km_center_lon": 132.76874999999998}, "geometry": {"type": "Polygon", "coordinates": [[[132.7625, 33.85], [132.77499999999998, 33.85], [132.77499999999998, 33.858333333333334], [132.7625, 33.858333333333334], [132.7625, 33.85]]]}}, {"type": "Feature", "properties": {"window_end_month": "2026-01", "window_start_month": "2025-02", "mesh_1km": "50327448", "new_restaurant_permits_12m": 1, "active_mesh_rank": 58, "active_mesh_percentile": 9.52, "active_mesh_zscore": -0.7049, "hotspot_class": "other_active", "mesh_1km_center_lat": 33.954166666666666, "mesh_1km_center_lon": 132.60625}, "geometry": {"type": "Polygon", "coordinates": [[[132.6, 33.95], [132.61249999999998, 33.95], [132.61249999999998, 33.958333333333336], [132.6, 33.958333333333336], [132.6, 33.95]]]}}, {"type": "Feature", "properties": {"window_end_month": "2026-01", "window_start_month": "2025-02", "mesh_1km": "50327540", "new_restaurant_permits_12m": 1, "active_mesh_rank": 59, "active_mesh_percentile": 7.94, "active_mesh_zscore": -0.7049, "hotspot_class": "other_active", "mesh_1km_center_lat": 33.954166666666666, "mesh_1km_center_lon": 132.63125}, "geometry": {"type": "Polygon", "coordinates": [[[132.625, 33.95], [132.6375, 33.95], [132.6375, 33.958333333333336], [132.625, 33.958333333333336], [132.625, 33.95]]]}}, {"type": "Feature", "properties": {"window_end_month": "2026-01", "window_start_month": "2025-02", "mesh_1km": "50327550", "new_restaurant_permits_12m": 1, "active_mesh_rank": 60, "active_mesh_percentile": 6.35, "active_mesh_zscore": -0.7049, "hotspot_class": "other_active", "mesh_1km_center_lat": 33.962500000000006, "mesh_1km_center_lon": 132.63125}, "geometry": {"type": "Polygon", "coordinates": [[[132.625, 33.958333333333336], [132.6375, 33.958333333333336], [132.6375, 33.96666666666667], [132.625, 33.96666666666667], [132.625, 33.958333333333336]]]}}, {"type": "Feature", "properties": {"window_end_month": "2026-01", "window_start_month": "2025-02", "mesh_1km": "50327560", "new_restaurant_permits_12m": 1, "active_mesh_rank": 61, "active_mesh_percentile": 4.76, "active_mesh_zscore": -0.7049, "hotspot_class": "other_active", "mesh_1km_center_lat": 33.97083333333333, "mesh_1km_center_lon": 132.63125}, "geometry": {"type": "Polygon", "coordinates": [[[132.625, 33.96666666666667], [132.6375, 33.96666666666667], [132.6375, 33.975], [132.625, 33.975], [132.625, 33.96666666666667]]]}}, {"type": "Feature", "properties": {"window_end_month": "2026-01", "window_start_month": "2025-02", "mesh_1km": "50327651", "new_restaurant_permits_12m": 1, "active_mesh_rank": 62, "active_mesh_percentile": 3.17, "active_mesh_zscore": -0.7049, "hotspot_class": "other_active", "mesh_1km_center_lat": 33.962500000000006, "mesh_1km_center_lon": 132.76874999999998}, "geometry": {"type": "Polygon", "coordinates": [[[132.7625, 33.958333333333336], [132.77499999999998, 33.958333333333336], [132.77499999999998, 33.96666666666667], [132.7625, 33.96666666666667], [132.7625, 33.958333333333336]]]}}, {"type": "Feature", "properties": {"window_end_month": "2026-01", "window_start_month": "2025-02", "mesh_1km": "50327671", "new_restaurant_permits_12m": 1, "active_mesh_rank": 63, "active_mesh_percentile": 1.59, "active_mesh_zscore": -0.7049, "hotspot_class": "other_active", "mesh_1km_center_lat": 33.97916666666667, "mesh_1km_center_lon": 132.76874999999998}, "geometry": {"type": "Polygon", "coordinates": [[[132.7625, 33.975], [132.77499999999998, 33.975], [132.77499999999998, 33.983333333333334], [132.7625, 33.983333333333334], [132.7625, 33.975]]]}}, {"type": "Feature", "properties": {"window_end_month": "2026-02", "window_start_month": "2025-03", "mesh_1km": "50326622", "new_restaurant_permits_12m": 41, "active_mesh_rank": 1, "active_mesh_percentile": 100.0, "active_mesh_zscore": 6.1108, "hotspot_class": "top_5pct_active", "mesh_1km_center_lat": 33.85416666666667, "mesh_1km_center_lon": 132.78125}, "geometry": {"type": "Polygon", "coordinates": [[[132.775, 33.85], [132.7875, 33.85], [132.7875, 33.858333333333334], [132.775, 33.858333333333334], [132.775, 33.85]]]}}, {"type": "Feature", "properties": {"window_end_month": "2026-02", "window_start_month": "2025-03", "mesh_1km": "50326537", "new_restaurant_permits_12m": 15, "active_mesh_rank": 2, "active_mesh_percentile": 98.36, "active_mesh_zscore": 1.7035, "hotspot_class": "top_5pct_active", "mesh_1km_center_lat": 33.8625, "mesh_1km_center_lon": 132.71875}, "geometry": {"type": "Polygon", "coordinates": [[[132.7125, 33.858333333333334], [132.725, 33.858333333333334], [132.725, 33.86666666666667], [132.7125, 33.86666666666667], [132.7125, 33.858333333333334]]]}}, {"type": "Feature", "properties": {"window_end_month": "2026-02", "window_start_month": "2025-03", "mesh_1km": "50325681", "new_restaurant_permits_12m": 14, "active_mesh_rank": 3, "active_mesh_percentile": 96.72, "active_mesh_zscore": 1.534, "hotspot_class": "top_5pct_active", "mesh_1km_center_lat": 33.82083333333334, "mesh_1km_center_lon": 132.76874999999998}, "geometry": {"type": "Polygon", "coordinates": [[[132.7625, 33.81666666666667], [132.77499999999998, 33.81666666666667], [132.77499999999998, 33.825], [132.7625, 33.825], [132.7625, 33.81666666666667]]]}}, {"type": "Feature", "properties": {"window_end_month": "2026-02", "window_start_month": "2025-03", "mesh_1km": "50325680", "new_restaurant_permits_12m": 12, "active_mesh_rank": 4, "active_mesh_percentile": 95.08, "active_mesh_zscore": 1.1949, "hotspot_class": "top_5pct_active", "mesh_1km_center_lat": 33.82083333333334, "mesh_1km_center_lon": 132.75625}, "geometry": {"type": "Polygon", "coordinates": [[[132.75, 33.81666666666667], [132.7625, 33.81666666666667], [132.7625, 33.825], [132.75, 33.825], [132.75, 33.81666666666667]]]}}, {"type": "Feature", "properties": {"window_end_month": "2026-02", "window_start_month": "2025-03", "mesh_1km": "50325682", "new_restaurant_permits_12m": 12, "active_mesh_rank": 5, "active_mesh_percentile": 93.44, "active_mesh_zscore": 1.1949, "hotspot_class": "top_20pct_active", "mesh_1km_center_lat": 33.82083333333334, "mesh_1km_center_lon": 132.78125}, "geometry": {"type": "Polygon", "coordinates": [[[132.775, 33.81666666666667], [132.7875, 33.81666666666667], [132.7875, 33.825], [132.775, 33.825], [132.775, 33.81666666666667]]]}}, {"type": "Feature", "properties": {"window_end_month": "2026-02", "window_start_month": "2025-03", "mesh_1km": "50325671", "new_restaurant_permits_12m": 10, "active_mesh_rank": 6, "active_mesh_percentile": 91.8, "active_mesh_zscore": 0.8559, "hotspot_class": "top_20pct_active", "mesh_1km_center_lat": 33.8125, "mesh_1km_center_lon": 132.76874999999998}, "geometry": {"type": "Polygon", "coordinates": [[[132.7625, 33.80833333333333], [132.77499999999998, 33.80833333333333], [132.77499999999998, 33.81666666666666], [132.7625, 33.81666666666666], [132.7625, 33.80833333333333]]]}}, {"type": "Feature", "properties": {"window_end_month": "2026-02", "window_start_month": "2025-03", "mesh_1km": "50325693", "new_restaurant_permits_12m": 10, "active_mesh_rank": 7, "active_mesh_percentile": 90.16, "active_mesh_zscore": 0.8559, "hotspot_class": "top_20pct_active", "mesh_1km_center_lat": 33.829166666666666, "mesh_1km_center_lon": 132.79375}, "geometry": {"type": "Polygon", "coordinates": [[[132.7875, 33.825], [132.79999999999998, 33.825], [132.79999999999998, 33.833333333333336], [132.7875, 33.833333333333336], [132.7875, 33.825]]]}}, {"type": "Feature", "properties": {"window_end_month": "2026-02", "window_start_month": "2025-03", "mesh_1km": "50326602", "new_restaurant_permits_12m": 10, "active_mesh_rank": 8, "active_mesh_percentile": 88.52, "active_mesh_zscore": 0.8559, "hotspot_class": "top_20pct_active", "mesh_1km_center_lat": 33.837500000000006, "mesh_1km_center_lon": 132.78125}, "geometry": {"type": "Polygon", "coordinates": [[[132.775, 33.833333333333336], [132.7875, 33.833333333333336], [132.7875, 33.84166666666667], [132.775, 33.84166666666667], [132.775, 33.833333333333336]]]}}, {"type": "Feature", "properties": {"window_end_month": "2026-02", "window_start_month": "2025-03", "mesh_1km": "50326630", "new_restaurant_permits_12m": 10, "active_mesh_rank": 9, "active_mesh_percentile": 86.89, "active_mesh_zscore": 0.8559, "hotspot_class": "top_20pct_active", "mesh_1km_center_lat": 33.8625, "mesh_1km_center_lon": 132.75625}, "geometry": {"type": "Polygon", "coordinates": [[[132.75, 33.858333333333334], [132.7625, 33.858333333333334], [132.7625, 33.86666666666667], [132.75, 33.86666666666667], [132.75, 33.858333333333334]]]}}, {"type": "Feature", "properties": {"window_end_month": "2026-02", "window_start_month": "2025-03", "mesh_1km": "50325597", "new_restaurant_permits_12m": 9, "active_mesh_rank": 10, "active_mesh_percentile": 85.25, "active_mesh_zscore": 0.6864, "hotspot_class": "top_20pct_active", "mesh_1km_center_lat": 33.829166666666666, "mesh_1km_center_lon": 132.71875}, "geometry": {"type": "Polygon", "coordinates": [[[132.7125, 33.825], [132.725, 33.825], [132.725, 33.833333333333336], [132.7125, 33.833333333333336], [132.7125, 33.825]]]}}, {"type": "Feature", "properties": {"window_end_month": "2026-02", "window_start_month": "2025-03", "mesh_1km": "50325599", "new_restaurant_permits_12m": 8, "active_mesh_rank": 11, "active_mesh_percentile": 83.61, "active_mesh_zscore": 0.5169, "hotspot_class": "top_20pct_active", "mesh_1km_center_lat": 33.829166666666666, "mesh_1km_center_lon": 132.74375}, "geometry": {"type": "Polygon", "coordinates": [[[132.7375, 33.825], [132.75, 33.825], [132.75, 33.833333333333336], [132.7375, 33.833333333333336], [132.7375, 33.825]]]}}, {"type": "Feature", "properties": {"window_end_month": "2026-02", "window_start_month": "2025-03", "mesh_1km": "50325691", "new_restaurant_permits_12m": 8, "active_mesh_rank": 12, "active_mesh_percentile": 81.97, "active_mesh_zscore": 0.5169, "hotspot_class": "top_20pct_active", "mesh_1km_center_lat": 33.829166666666666, "mesh_1km_center_lon": 132.76874999999998}, "geometry": {"type": "Polygon", "coordinates": [[[132.7625, 33.825], [132.77499999999998, 33.825], [132.77499999999998, 33.833333333333336], [132.7625, 33.833333333333336], [132.7625, 33.825]]]}}, {"type": "Feature", "properties": {"window_end_month": "2026-02", "window_start_month": "2025-03", "mesh_1km": "50325692", "new_restaurant_permits_12m": 8, "active_mesh_rank": 13, "active_mesh_percentile": 80.33, "active_mesh_zscore": 0.5169, "hotspot_class": "top_20pct_active", "mesh_1km_center_lat": 33.829166666666666, "mesh_1km_center_lon": 132.78125}, "geometry": {"type": "Polygon", "coordinates": [[[132.775, 33.825], [132.7875, 33.825], [132.7875, 33.833333333333336], [132.775, 33.833333333333336], [132.775, 33.825]]]}}, {"type": "Feature", "properties": {"window_end_month": "2026-02", "window_start_month": "2025-03", "mesh_1km": "50326610", "new_restaurant_permits_12m": 8, "active_mesh_rank": 14, "active_mesh_percentile": 78.69, "active_mesh_zscore": 0.5169, "hotspot_class": "other_active", "mesh_1km_center_lat": 33.84583333333333, "mesh_1km_center_lon": 132.75625}, "geometry": {"type": "Polygon", "coordinates": [[[132.75, 33.84166666666667], [132.7625, 33.84166666666667], [132.7625, 33.85], [132.75, 33.85], [132.75, 33.84166666666667]]]}}, {"type": "Feature", "properties": {"window_end_month": "2026-02", "window_start_month": "2025-03", "mesh_1km": "50326620", "new_restaurant_permits_12m": 8, "active_mesh_rank": 15, "active_mesh_percentile": 77.05, "active_mesh_zscore": 0.5169, "hotspot_class": "other_active", "mesh_1km_center_lat": 33.85416666666667, "mesh_1km_center_lon": 132.75625}, "geometry": {"type": "Polygon", "coordinates": [[[132.75, 33.85], [132.7625, 33.85], [132.7625, 33.858333333333334], [132.75, 33.858333333333334], [132.75, 33.85]]]}}, {"type": "Feature", "properties": {"window_end_month": "2026-02", "window_start_month": "2025-03", "mesh_1km": "50325670", "new_restaurant_permits_12m": 6, "active_mesh_rank": 16, "active_mesh_percentile": 75.41, "active_mesh_zscore": 0.1779, "hotspot_class": "other_active", "mesh_1km_center_lat": 33.8125, "mesh_1km_center_lon": 132.75625}, "geometry": {"type": "Polygon", "coordinates": [[[132.75, 33.80833333333333], [132.7625, 33.80833333333333], [132.7625, 33.81666666666666], [132.75, 33.81666666666666], [132.75, 33.80833333333333]]]}}, {"type": "Feature", "properties": {"window_end_month": "2026-02", "window_start_month": "2025-03", "mesh_1km": "50325690", "new_restaurant_permits_12m": 6, "active_mesh_rank": 17, "active_mesh_percentile": 73.77, "active_mesh_zscore": 0.1779, "hotspot_class": "other_active", "mesh_1km_center_lat": 33.829166666666666, "mesh_1km_center_lon": 132.75625}, "geometry": {"type": "Polygon", "coordinates": [[[132.75, 33.825], [132.7625, 33.825], [132.7625, 33.833333333333336], [132.75, 33.833333333333336], [132.75, 33.825]]]}}, {"type": "Feature", "properties": {"window_end_month": "2026-02", "window_start_month": "2025-03", "mesh_1km": "50326527", "new_restaurant_permits_12m": 6, "active_mesh_rank": 18, "active_mesh_percentile": 72.13, "active_mesh_zscore": 0.1779, "hotspot_class": "other_active", "mesh_1km_center_lat": 33.85416666666667, "mesh_1km_center_lon": 132.71875}, "geometry": {"type": "Polygon", "coordinates": [[[132.7125, 33.85], [132.725, 33.85], [132.725, 33.858333333333334], [132.7125, 33.858333333333334], [132.7125, 33.85]]]}}, {"type": "Feature", "properties": {"window_end_month": "2026-02", "window_start_month": "2025-03", "mesh_1km": "50325598", "new_restaurant_permits_12m": 5, "active_mesh_rank": 19, "active_mesh_percentile": 70.49, "active_mesh_zscore": 0.0083, "hotspot_class": "other_active", "mesh_1km_center_lat": 33.829166666666666, "mesh_1km_center_lon": 132.73125}, "geometry": {"type": "Polygon", "coordinates": [[[132.725, 33.825], [132.73749999999998, 33.825], [132.73749999999998, 33.833333333333336], [132.725, 33.833333333333336], [132.725, 33.825]]]}}, {"type": "Feature", "properties": {"window_end_month": "2026-02", "window_start_month": "2025-03", "mesh_1km": "50326509", "new_restaurant_permits_12m": 5, "active_mesh_rank": 20, "active_mesh_percentile": 68.85, "active_mesh_zscore": 0.0083, "hotspot_class": "other_active", "mesh_1km_center_lat": 33.837500000000006, "mesh_1km_center_lon": 132.74375}, "geometry": {"type": "Polygon", "coordinates": [[[132.7375, 33.833333333333336], [132.75, 33.833333333333336], [132.75, 33.84166666666667], [132.7375, 33.84166666666667], [132.7375, 33.833333333333336]]]}}, {"type": "Feature", "properties": {"window_end_month": "2026-02", "window_start_month": "2025-03", "mesh_1km": "50325578", "new_restaurant_permits_12m": 4, "active_mesh_rank": 21, "active_mesh_percentile": 67.21, "active_mesh_zscore": -0.1612, "hotspot_class": "other_active", "mesh_1km_center_lat": 33.8125, "mesh_1km_center_lon": 132.73125}, "geometry": {"type": "Polygon", "coordinates": [[[132.725, 33.80833333333333], [132.73749999999998, 33.80833333333333], [132.73749999999998, 33.81666666666666], [132.725, 33.81666666666666], [132.725, 33.80833333333333]]]}}, {"type": "Feature", "properties": {"window_end_month": "2026-02", "window_start_month": "2025-03", "mesh_1km": "50325663", "new_restaurant_permits_12m": 4, "active_mesh_rank": 22, "active_mesh_percentile": 65.57, "active_mesh_zscore": -0.1612, "hotspot_class": "other_active", "mesh_1km_center_lat": 33.80416666666666, "mesh_1km_center_lon": 132.79375}, "geometry": {"type": "Polygon", "coordinates": [[[132.7875, 33.8], [132.79999999999998, 33.8], [132.79999999999998, 33.80833333333333], [132.7875, 33.80833333333333], [132.7875, 33.8]]]}}, {"type": "Feature", "properties": {"window_end_month": "2026-02", "window_start_month": "2025-03", "mesh_1km": "50325672", "new_restaurant_permits_12m": 4, "active_mesh_rank": 23, "active_mesh_percentile": 63.93, "active_mesh_zscore": -0.1612, "hotspot_class": "other_active", "mesh_1km_center_lat": 33.8125, "mesh_1km_center_lon": 132.78125}, "geometry": {"type": "Polygon", "coordinates": [[[132.775, 33.80833333333333], [132.7875, 33.80833333333333], [132.7875, 33.81666666666666], [132.775, 33.81666666666666], [132.775, 33.80833333333333]]]}}, {"type": "Feature", "properties": {"window_end_month": "2026-02", "window_start_month": "2025-03", "mesh_1km": "50325673", "new_restaurant_permits_12m": 4, "active_mesh_rank": 24, "active_mesh_percentile": 62.3, "active_mesh_zscore": -0.1612, "hotspot_class": "other_active", "mesh_1km_center_lat": 33.8125, "mesh_1km_center_lon": 132.79375}, "geometry": {"type": "Polygon", "coordinates": [[[132.7875, 33.80833333333333], [132.79999999999998, 33.80833333333333], [132.79999999999998, 33.81666666666666], [132.7875, 33.81666666666666], [132.7875, 33.80833333333333]]]}}, {"type": "Feature", "properties": {"window_end_month": "2026-02", "window_start_month": "2025-03", "mesh_1km": "50325674", "new_restaurant_permits_12m": 4, "active_mesh_rank": 25, "active_mesh_percentile": 60.66, "active_mesh_zscore": -0.1612, "hotspot_class": "other_active", "mesh_1km_center_lat": 33.8125, "mesh_1km_center_lon": 132.80625}, "geometry": {"type": "Polygon", "coordinates": [[[132.8, 33.80833333333333], [132.8125, 33.80833333333333], [132.8125, 33.81666666666666], [132.8, 33.81666666666666], [132.8, 33.80833333333333]]]}}, {"type": "Feature", "properties": {"window_end_month": "2026-02", "window_start_month": "2025-03", "mesh_1km": "50326528", "new_restaurant_permits_12m": 4, "active_mesh_rank": 26, "active_mesh_percentile": 59.02, "active_mesh_zscore": -0.1612, "hotspot_class": "other_active", "mesh_1km_center_lat": 33.85416666666667, "mesh_1km_center_lon": 132.73125}, "geometry": {"type": "Polygon", "coordinates": [[[132.725, 33.85], [132.73749999999998, 33.85], [132.73749999999998, 33.858333333333334], [132.725, 33.858333333333334], [132.725, 33.85]]]}}, {"type": "Feature", "properties": {"window_end_month": "2026-02", "window_start_month": "2025-03", "mesh_1km": "50326529", "new_restaurant_permits_12m": 4, "active_mesh_rank": 27, "active_mesh_percentile": 57.38, "active_mesh_zscore": -0.1612, "hotspot_class": "other_active", "mesh_1km_center_lat": 33.85416666666667, "mesh_1km_center_lon": 132.74375}, "geometry": {"type": "Polygon", "coordinates": [[[132.7375, 33.85], [132.75, 33.85], [132.75, 33.858333333333334], [132.7375, 33.858333333333334], [132.7375, 33.85]]]}}, {"type": "Feature", "properties": {"window_end_month": "2026-02", "window_start_month": "2025-03", "mesh_1km": "50326603", "new_restaurant_permits_12m": 4, "active_mesh_rank": 28, "active_mesh_percentile": 55.74, "active_mesh_zscore": -0.1612, "hotspot_class": "other_active", "mesh_1km_center_lat": 33.837500000000006, "mesh_1km_center_lon": 132.79375}, "geometry": {"type": "Polygon", "coordinates": [[[132.7875, 33.833333333333336], [132.79999999999998, 33.833333333333336], [132.79999999999998, 33.84166666666667], [132.7875, 33.84166666666667], [132.7875, 33.833333333333336]]]}}, {"type": "Feature", "properties": {"window_end_month": "2026-02", "window_start_month": "2025-03", "mesh_1km": "50326613", "new_restaurant_permits_12m": 4, "active_mesh_rank": 29, "active_mesh_percentile": 54.1, "active_mesh_zscore": -0.1612, "hotspot_class": "other_active", "mesh_1km_center_lat": 33.84583333333333, "mesh_1km_center_lon": 132.79375}, "geometry": {"type": "Polygon", "coordinates": [[[132.7875, 33.84166666666667], [132.79999999999998, 33.84166666666667], [132.79999999999998, 33.85], [132.7875, 33.85], [132.7875, 33.84166666666667]]]}}, {"type": "Feature", "properties": {"window_end_month": "2026-02", "window_start_month": "2025-03", "mesh_1km": "50326623", "new_restaurant_permits_12m": 4, "active_mesh_rank": 30, "active_mesh_percentile": 52.46, "active_mesh_zscore": -0.1612, "hotspot_class": "other_active", "mesh_1km_center_lat": 33.85416666666667, "mesh_1km_center_lon": 132.79375}, "geometry": {"type": "Polygon", "coordinates": [[[132.7875, 33.85], [132.79999999999998, 33.85], [132.79999999999998, 33.858333333333334], [132.7875, 33.858333333333334], [132.7875, 33.85]]]}}, {"type": "Feature", "properties": {"window_end_month": "2026-02", "window_start_month": "2025-03", "mesh_1km": "50327652", "new_restaurant_permits_12m": 4, "active_mesh_rank": 31, "active_mesh_percentile": 50.82, "active_mesh_zscore": -0.1612, "hotspot_class": "other_active", "mesh_1km_center_lat": 33.962500000000006, "mesh_1km_center_lon": 132.78125}, "geometry": {"type": "Polygon", "coordinates": [[[132.775, 33.958333333333336], [132.7875, 33.958333333333336], [132.7875, 33.96666666666667], [132.775, 33.96666666666667], [132.775, 33.958333333333336]]]}}, {"type": "Feature", "properties": {"window_end_month": "2026-02", "window_start_month": "2025-03", "mesh_1km": "50325579", "new_restaurant_permits_12m": 3, "active_mesh_rank": 32, "active_mesh_percentile": 49.18, "active_mesh_zscore": -0.3307, "hotspot_class": "other_active", "mesh_1km_center_lat": 33.8125, "mesh_1km_center_lon": 132.74375}, "geometry": {"type": "Polygon", "coordinates": [[[132.7375, 33.80833333333333], [132.75, 33.80833333333333], [132.75, 33.81666666666666], [132.7375, 33.81666666666666], [132.7375, 33.80833333333333]]]}}, {"type": "Feature", "properties": {"window_end_month": "2026-02", "window_start_month": "2025-03", "mesh_1km": "50325589", "new_restaurant_permits_12m": 3, "active_mesh_rank": 33, "active_mesh_percentile": 47.54, "active_mesh_zscore": -0.3307, "hotspot_class": "other_active", "mesh_1km_center_lat": 33.82083333333334, "mesh_1km_center_lon": 132.74375}, "geometry": {"type": "Polygon", "coordinates": [[[132.7375, 33.81666666666667], [132.75, 33.81666666666667], [132.75, 33.825], [132.7375, 33.825], [132.7375, 33.81666666666667]]]}}, {"type": "Feature", "properties": {"window_end_month": "2026-02", "window_start_month": "2025-03", "mesh_1km": "50325675", "new_restaurant_permits_12m": 3, "active_mesh_rank": 34, "active_mesh_percentile": 45.9, "active_mesh_zscore": -0.3307, "hotspot_class": "other_active", "mesh_1km_center_lat": 33.8125, "mesh_1km_center_lon": 132.81875}, "geometry": {"type": "Polygon", "coordinates": [[[132.8125, 33.80833333333333], [132.825, 33.80833333333333], [132.825, 33.81666666666666], [132.8125, 33.81666666666666], [132.8125, 33.80833333333333]]]}}, {"type": "Feature", "properties": {"window_end_month": "2026-02", "window_start_month": "2025-03", "mesh_1km": "50326538", "new_restaurant_permits_12m": 3, "active_mesh_rank": 35, "active_mesh_percentile": 44.26, "active_mesh_zscore": -0.3307, "hotspot_class": "other_active", "mesh_1km_center_lat": 33.8625, "mesh_1km_center_lon": 132.73125}, "geometry": {"type": "Polygon", "coordinates": [[[132.725, 33.858333333333334], [132.73749999999998, 33.858333333333334], [132.73749999999998, 33.86666666666667], [132.725, 33.86666666666667], [132.725, 33.858333333333334]]]}}, {"type": "Feature", "properties": {"window_end_month": "2026-02", "window_start_month": "2025-03", "mesh_1km": "50326612", "new_restaurant_permits_12m": 3, "active_mesh_rank": 36, "active_mesh_percentile": 42.62, "active_mesh_zscore": -0.3307, "hotspot_class": "other_active", "mesh_1km_center_lat": 33.84583333333333, "mesh_1km_center_lon": 132.78125}, "geometry": {"type": "Polygon", "coordinates": [[[132.775, 33.84166666666667], [132.7875, 33.84166666666667], [132.7875, 33.85], [132.775, 33.85], [132.775, 33.84166666666667]]]}}, {"type": "Feature", "properties": {"window_end_month": "2026-02", "window_start_month": "2025-03", "mesh_1km": "50326640", "new_restaurant_permits_12m": 3, "active_mesh_rank": 37, "active_mesh_percentile": 40.98, "active_mesh_zscore": -0.3307, "hotspot_class": "other_active", "mesh_1km_center_lat": 33.87083333333334, "mesh_1km_center_lon": 132.75625}, "geometry": {"type": "Polygon", "coordinates": [[[132.75, 33.86666666666667], [132.7625, 33.86666666666667], [132.7625, 33.875], [132.75, 33.875], [132.75, 33.86666666666667]]]}}, {"type": "Feature", "properties": {"window_end_month": "2026-02", "window_start_month": "2025-03", "mesh_1km": "50325661", "new_restaurant_permits_12m": 2, "active_mesh_rank": 38, "active_mesh_percentile": 39.34, "active_mesh_zscore": -0.5002, "hotspot_class": "other_active", "mesh_1km_center_lat": 33.80416666666666, "mesh_1km_center_lon": 132.76874999999998}, "geometry": {"type": "Polygon", "coordinates": [[[132.7625, 33.8], [132.77499999999998, 33.8], [132.77499999999998, 33.80833333333333], [132.7625, 33.80833333333333], [132.7625, 33.8]]]}}, {"type": "Feature", "properties": {"window_end_month": "2026-02", "window_start_month": "2025-03", "mesh_1km": "50326547", "new_restaurant_permits_12m": 2, "active_mesh_rank": 39, "active_mesh_percentile": 37.7, "active_mesh_zscore": -0.5002, "hotspot_class": "other_active", "mesh_1km_center_lat": 33.87083333333334, "mesh_1km_center_lon": 132.71875}, "geometry": {"type": "Polygon", "coordinates": [[[132.7125, 33.86666666666667], [132.725, 33.86666666666667], [132.725, 33.875], [132.7125, 33.875], [132.7125, 33.86666666666667]]]}}, {"type": "Feature", "properties": {"window_end_month": "2026-02", "window_start_month": "2025-03", "mesh_1km": "50326588", "new_restaurant_permits_12m": 2, "active_mesh_rank": 40, "active_mesh_percentile": 36.07, "active_mesh_zscore": -0.5002, "hotspot_class": "other_active", "mesh_1km_center_lat": 33.90416666666667, "mesh_1km_center_lon": 132.73125}, "geometry": {"type": "Polygon", "coordinates": [[[132.725, 33.900000000000006], [132.73749999999998, 33.900000000000006], [132.73749999999998, 33.90833333333334], [132.725, 33.90833333333334], [132.725, 33.900000000000006]]]}}, {"type": "Feature", "properties": {"window_end_month": "2026-02", "window_start_month": "2025-03", "mesh_1km": "50327631", "new_restaurant_permits_12m": 2, "active_mesh_rank": 41, "active_mesh_percentile": 34.43, "active_mesh_zscore": -0.5002, "hotspot_class": "other_active", "mesh_1km_center_lat": 33.94583333333334, "mesh_1km_center_lon": 132.76874999999998}, "geometry": {"type": "Polygon", "coordinates": [[[132.7625, 33.94166666666667], [132.77499999999998, 33.94166666666667], [132.77499999999998, 33.95], [132.7625, 33.95], [132.7625, 33.94166666666667]]]}}, {"type": "Feature", "properties": {"window_end_month": "2026-02", "window_start_month": "2025-03", "mesh_1km": "50327642", "new_restaurant_permits_12m": 2, "active_mesh_rank": 42, "active_mesh_percentile": 32.79, "active_mesh_zscore": -0.5002, "hotspot_class": "other_active", "mesh_1km_center_lat": 33.954166666666666, "mesh_1km_center_lon": 132.78125}, "geometry": {"type": "Polygon", "coordinates": [[[132.775, 33.95], [132.7875, 33.95], [132.7875, 33.958333333333336], [132.775, 33.958333333333336], [132.775, 33.95]]]}}, {"type": "Feature", "properties": {"window_end_month": "2026-02", "window_start_month": "2025-03", "mesh_1km": "50325568", "new_restaurant_permits_12m": 1, "active_mesh_rank": 43, "active_mesh_percentile": 31.15, "active_mesh_zscore": -0.6697, "hotspot_class": "other_active", "mesh_1km_center_lat": 33.80416666666666, "mesh_1km_center_lon": 132.73125}, "geometry": {"type": "Polygon", "coordinates": [[[132.725, 33.8], [132.73749999999998, 33.8], [132.73749999999998, 33.80833333333333], [132.725, 33.80833333333333], [132.725, 33.8]]]}}, {"type": "Feature", "properties": {"window_end_month": "2026-02", "window_start_month": "2025-03", "mesh_1km": "50325585", "new_restaurant_permits_12m": 1, "active_mesh_rank": 44, "active_mesh_percentile": 29.51, "active_mesh_zscore": -0.6697, "hotspot_class": "other_active", "mesh_1km_center_lat": 33.82083333333334, "mesh_1km_center_lon": 132.69375}, "geometry": {"type": "Polygon", "coordinates": [[[132.6875, 33.81666666666667], [132.7, 33.81666666666667], [132.7, 33.825], [132.6875, 33.825], [132.6875, 33.81666666666667]]]}}, {"type": "Feature", "properties": {"window_end_month": "2026-02", "window_start_month": "2025-03", "mesh_1km": "50325587", "new_restaurant_permits_12m": 1, "active_mesh_rank": 45, "active_mesh_percentile": 27.87, "active_mesh_zscore": -0.6697, "hotspot_class": "other_active", "mesh_1km_center_lat": 33.82083333333334, "mesh_1km_center_lon": 132.71875}, "geometry": {"type": "Polygon", "coordinates": [[[132.7125, 33.81666666666667], [132.725, 33.81666666666667], [132.725, 33.825], [132.7125, 33.825], [132.7125, 33.81666666666667]]]}}, {"type": "Feature", "properties": {"window_end_month": "2026-02", "window_start_month": "2025-03", "mesh_1km": "50325596", "new_restaurant_permits_12m": 1, "active_mesh_rank": 46, "active_mesh_percentile": 26.23, "active_mesh_zscore": -0.6697, "hotspot_class": "other_active", "mesh_1km_center_lat": 33.829166666666666, "mesh_1km_center_lon": 132.70624999999998}, "geometry": {"type": "Polygon", "coordinates": [[[132.7, 33.825], [132.71249999999998, 33.825], [132.71249999999998, 33.833333333333336], [132.7, 33.833333333333336], [132.7, 33.825]]]}}, {"type": "Feature", "properties": {"window_end_month": "2026-02", "window_start_month": "2025-03", "mesh_1km": "50325652", "new_restaurant_permits_12m": 1, "active_mesh_rank": 47, "active_mesh_percentile": 24.59, "active_mesh_zscore": -0.6697, "hotspot_class": "other_active", "mesh_1km_center_lat": 33.795833333333334, "mesh_1km_center_lon": 132.78125}, "geometry": {"type": "Polygon", "coordinates": [[[132.775, 33.791666666666664], [132.7875, 33.791666666666664], [132.7875, 33.8], [132.775, 33.8], [132.775, 33.791666666666664]]]}}, {"type": "Feature", "properties": {"window_end_month": "2026-02", "window_start_month": "2025-03", "mesh_1km": "50325662", "new_restaurant_permits_12m": 1, "active_mesh_rank": 48, "active_mesh_percentile": 22.95, "active_mesh_zscore": -0.6697, "hotspot_class": "other_active", "mesh_1km_center_lat": 33.80416666666666, "mesh_1km_center_lon": 132.78125}, "geometry": {"type": "Polygon", "coordinates": [[[132.775, 33.8], [132.7875, 33.8], [132.7875, 33.80833333333333], [132.775, 33.80833333333333], [132.775, 33.8]]]}}, {"type": "Feature", "properties": {"window_end_month": "2026-02", "window_start_month": "2025-03", "mesh_1km": "50326519", "new_restaurant_permits_12m": 1, "active_mesh_rank": 49, "active_mesh_percentile": 21.31, "active_mesh_zscore": -0.6697, "hotspot_class": "other_active", "mesh_1km_center_lat": 33.84583333333333, "mesh_1km_center_lon": 132.74375}, "geometry": {"type": "Polygon", "coordinates": [[[132.7375, 33.84166666666667], [132.75, 33.84166666666667], [132.75, 33.85], [132.7375, 33.85], [132.7375, 33.84166666666667]]]}}, {"type": "Feature", "properties": {"window_end_month": "2026-02", "window_start_month": "2025-03", "mesh_1km": "50326546", "new_restaurant_permits_12m": 1, "active_mesh_rank": 50, "active_mesh_percentile": 19.67, "active_mesh_zscore": -0.6697, "hotspot_class": "other_active", "mesh_1km_center_lat": 33.87083333333334, "mesh_1km_center_lon": 132.70624999999998}, "geometry": {"type": "Polygon", "coordinates": [[[132.7, 33.86666666666667], [132.71249999999998, 33.86666666666667], [132.71249999999998, 33.875], [132.7, 33.875], [132.7, 33.86666666666667]]]}}, {"type": "Feature", "properties": {"window_end_month": "2026-02", "window_start_month": "2025-03", "mesh_1km": "50326548", "new_restaurant_permits_12m": 1, "active_mesh_rank": 51, "active_mesh_percentile": 18.03, "active_mesh_zscore": -0.6697, "hotspot_class": "other_active", "mesh_1km_center_lat": 33.87083333333334, "mesh_1km_center_lon": 132.73125}, "geometry": {"type": "Polygon", "coordinates": [[[132.725, 33.86666666666667], [132.73749999999998, 33.86666666666667], [132.73749999999998, 33.875], [132.725, 33.875], [132.725, 33.86666666666667]]]}}, {"type": "Feature", "properties": {"window_end_month": "2026-02", "window_start_month": "2025-03", "mesh_1km": "50326549", "new_restaurant_permits_12m": 1, "active_mesh_rank": 52, "active_mesh_percentile": 16.39, "active_mesh_zscore": -0.6697, "hotspot_class": "other_active", "mesh_1km_center_lat": 33.87083333333334, "mesh_1km_center_lon": 132.74375}, "geometry": {"type": "Polygon", "coordinates": [[[132.7375, 33.86666666666667], [132.75, 33.86666666666667], [132.75, 33.875], [132.7375, 33.875], [132.7375, 33.86666666666667]]]}}, {"type": "Feature", "properties": {"window_end_month": "2026-02", "window_start_month": "2025-03", "mesh_1km": "50326578", "new_restaurant_permits_12m": 1, "active_mesh_rank": 53, "active_mesh_percentile": 14.75, "active_mesh_zscore": -0.6697, "hotspot_class": "other_active", "mesh_1km_center_lat": 33.89583333333333, "mesh_1km_center_lon": 132.73125}, "geometry": {"type": "Polygon", "coordinates": [[[132.725, 33.891666666666666], [132.73749999999998, 33.891666666666666], [132.73749999999998, 33.9], [132.725, 33.9], [132.725, 33.891666666666666]]]}}, {"type": "Feature", "properties": {"window_end_month": "2026-02", "window_start_month": "2025-03", "mesh_1km": "50326579", "new_restaurant_permits_12m": 1, "active_mesh_rank": 54, "active_mesh_percentile": 13.11, "active_mesh_zscore": -0.6697, "hotspot_class": "other_active", "mesh_1km_center_lat": 33.89583333333333, "mesh_1km_center_lon": 132.74375}, "geometry": {"type": "Polygon", "coordinates": [[[132.7375, 33.891666666666666], [132.75, 33.891666666666666], [132.75, 33.9], [132.7375, 33.9], [132.7375, 33.891666666666666]]]}}, {"type": "Feature", "properties": {"window_end_month": "2026-02", "window_start_month": "2025-03", "mesh_1km": "50326600", "new_restaurant_permits_12m": 1, "active_mesh_rank": 55, "active_mesh_percentile": 11.48, "active_mesh_zscore": -0.6697, "hotspot_class": "other_active", "mesh_1km_center_lat": 33.837500000000006, "mesh_1km_center_lon": 132.75625}, "geometry": {"type": "Polygon", "coordinates": [[[132.75, 33.833333333333336], [132.7625, 33.833333333333336], [132.7625, 33.84166666666667], [132.75, 33.84166666666667], [132.75, 33.833333333333336]]]}}, {"type": "Feature", "properties": {"window_end_month": "2026-02", "window_start_month": "2025-03", "mesh_1km": "50326621", "new_restaurant_permits_12m": 1, "active_mesh_rank": 56, "active_mesh_percentile": 9.84, "active_mesh_zscore": -0.6697, "hotspot_class": "other_active", "mesh_1km_center_lat": 33.85416666666667, "mesh_1km_center_lon": 132.76874999999998}, "geometry": {"type": "Polygon", "coordinates": [[[132.7625, 33.85], [132.77499999999998, 33.85], [132.77499999999998, 33.858333333333334], [132.7625, 33.858333333333334], [132.7625, 33.85]]]}}, {"type": "Feature", "properties": {"window_end_month": "2026-02", "window_start_month": "2025-03", "mesh_1km": "50327448", "new_restaurant_permits_12m": 1, "active_mesh_rank": 57, "active_mesh_percentile": 8.2, "active_mesh_zscore": -0.6697, "hotspot_class": "other_active", "mesh_1km_center_lat": 33.954166666666666, "mesh_1km_center_lon": 132.60625}, "geometry": {"type": "Polygon", "coordinates": [[[132.6, 33.95], [132.61249999999998, 33.95], [132.61249999999998, 33.958333333333336], [132.6, 33.958333333333336], [132.6, 33.95]]]}}, {"type": "Feature", "properties": {"window_end_month": "2026-02", "window_start_month": "2025-03", "mesh_1km": "50327540", "new_restaurant_permits_12m": 1, "active_mesh_rank": 58, "active_mesh_percentile": 6.56, "active_mesh_zscore": -0.6697, "hotspot_class": "other_active", "mesh_1km_center_lat": 33.954166666666666, "mesh_1km_center_lon": 132.63125}, "geometry": {"type": "Polygon", "coordinates": [[[132.625, 33.95], [132.6375, 33.95], [132.6375, 33.958333333333336], [132.625, 33.958333333333336], [132.625, 33.95]]]}}, {"type": "Feature", "properties": {"window_end_month": "2026-02", "window_start_month": "2025-03", "mesh_1km": "50327560", "new_restaurant_permits_12m": 1, "active_mesh_rank": 59, "active_mesh_percentile": 4.92, "active_mesh_zscore": -0.6697, "hotspot_class": "other_active", "mesh_1km_center_lat": 33.97083333333333, "mesh_1km_center_lon": 132.63125}, "geometry": {"type": "Polygon", "coordinates": [[[132.625, 33.96666666666667], [132.6375, 33.96666666666667], [132.6375, 33.975], [132.625, 33.975], [132.625, 33.96666666666667]]]}}, {"type": "Feature", "properties": {"window_end_month": "2026-02", "window_start_month": "2025-03", "mesh_1km": "50327651", "new_restaurant_permits_12m": 1, "active_mesh_rank": 60, "active_mesh_percentile": 3.28, "active_mesh_zscore": -0.6697, "hotspot_class": "other_active", "mesh_1km_center_lat": 33.962500000000006, "mesh_1km_center_lon": 132.76874999999998}, "geometry": {"type": "Polygon", "coordinates": [[[132.7625, 33.958333333333336], [132.77499999999998, 33.958333333333336], [132.77499999999998, 33.96666666666667], [132.7625, 33.96666666666667], [132.7625, 33.958333333333336]]]}}, {"type": "Feature", "properties": {"window_end_month": "2026-02", "window_start_month": "2025-03", "mesh_1km": "50327671", "new_restaurant_permits_12m": 1, "active_mesh_rank": 61, "active_mesh_percentile": 1.64, "active_mesh_zscore": -0.6697, "hotspot_class": "other_active", "mesh_1km_center_lat": 33.97916666666667, "mesh_1km_center_lon": 132.76874999999998}, "geometry": {"type": "Polygon", "coordinates": [[[132.7625, 33.975], [132.77499999999998, 33.975], [132.77499999999998, 33.983333333333334], [132.7625, 33.983333333333334], [132.7625, 33.975]]]}}, {"type": "Feature", "properties": {"window_end_month": "2026-03", "window_start_month": "2025-04", "mesh_1km": "50326622", "new_restaurant_permits_12m": 42, "active_mesh_rank": 1, "active_mesh_percentile": 100.0, "active_mesh_zscore": 6.0726, "hotspot_class": "top_5pct_active", "mesh_1km_center_lat": 33.85416666666667, "mesh_1km_center_lon": 132.78125}, "geometry": {"type": "Polygon", "coordinates": [[[132.775, 33.85], [132.7875, 33.85], [132.7875, 33.858333333333334], [132.775, 33.858333333333334], [132.775, 33.85]]]}}, {"type": "Feature", "properties": {"window_end_month": "2026-03", "window_start_month": "2025-04", "mesh_1km": "50326537", "new_restaurant_permits_12m": 18, "active_mesh_rank": 2, "active_mesh_percentile": 98.39, "active_mesh_zscore": 2.1181, "hotspot_class": "top_5pct_active", "mesh_1km_center_lat": 33.8625, "mesh_1km_center_lon": 132.71875}, "geometry": {"type": "Polygon", "coordinates": [[[132.7125, 33.858333333333334], [132.725, 33.858333333333334], [132.725, 33.86666666666667], [132.7125, 33.86666666666667], [132.7125, 33.858333333333334]]]}}, {"type": "Feature", "properties": {"window_end_month": "2026-03", "window_start_month": "2025-04", "mesh_1km": "50325681", "new_restaurant_permits_12m": 13, "active_mesh_rank": 3, "active_mesh_percentile": 96.77, "active_mesh_zscore": 1.2942, "hotspot_class": "top_5pct_active", "mesh_1km_center_lat": 33.82083333333334, "mesh_1km_center_lon": 132.76874999999998}, "geometry": {"type": "Polygon", "coordinates": [[[132.7625, 33.81666666666667], [132.77499999999998, 33.81666666666667], [132.77499999999998, 33.825], [132.7625, 33.825], [132.7625, 33.81666666666667]]]}}, {"type": "Feature", "properties": {"window_end_month": "2026-03", "window_start_month": "2025-04", "mesh_1km": "50325682", "new_restaurant_permits_12m": 12, "active_mesh_rank": 4, "active_mesh_percentile": 95.16, "active_mesh_zscore": 1.1295, "hotspot_class": "top_5pct_active", "mesh_1km_center_lat": 33.82083333333334, "mesh_1km_center_lon": 132.78125}, "geometry": {"type": "Polygon", "coordinates": [[[132.775, 33.81666666666667], [132.7875, 33.81666666666667], [132.7875, 33.825], [132.775, 33.825], [132.775, 33.81666666666667]]]}}, {"type": "Feature", "properties": {"window_end_month": "2026-03", "window_start_month": "2025-04", "mesh_1km": "50325671", "new_restaurant_permits_12m": 11, "active_mesh_rank": 5, "active_mesh_percentile": 93.55, "active_mesh_zscore": 0.9647, "hotspot_class": "top_20pct_active", "mesh_1km_center_lat": 33.8125, "mesh_1km_center_lon": 132.76874999999998}, "geometry": {"type": "Polygon", "coordinates": [[[132.7625, 33.80833333333333], [132.77499999999998, 33.80833333333333], [132.77499999999998, 33.81666666666666], [132.7625, 33.81666666666666], [132.7625, 33.80833333333333]]]}}, {"type": "Feature", "properties": {"window_end_month": "2026-03", "window_start_month": "2025-04", "mesh_1km": "50325680", "new_restaurant_permits_12m": 11, "active_mesh_rank": 6, "active_mesh_percentile": 91.94, "active_mesh_zscore": 0.9647, "hotspot_class": "top_20pct_active", "mesh_1km_center_lat": 33.82083333333334, "mesh_1km_center_lon": 132.75625}, "geometry": {"type": "Polygon", "coordinates": [[[132.75, 33.81666666666667], [132.7625, 33.81666666666667], [132.7625, 33.825], [132.75, 33.825], [132.75, 33.81666666666667]]]}}, {"type": "Feature", "properties": {"window_end_month": "2026-03", "window_start_month": "2025-04", "mesh_1km": "50325693", "new_restaurant_permits_12m": 11, "active_mesh_rank": 7, "active_mesh_percentile": 90.32, "active_mesh_zscore": 0.9647, "hotspot_class": "top_20pct_active", "mesh_1km_center_lat": 33.829166666666666, "mesh_1km_center_lon": 132.79375}, "geometry": {"type": "Polygon", "coordinates": [[[132.7875, 33.825], [132.79999999999998, 33.825], [132.79999999999998, 33.833333333333336], [132.7875, 33.833333333333336], [132.7875, 33.825]]]}}, {"type": "Feature", "properties": {"window_end_month": "2026-03", "window_start_month": "2025-04", "mesh_1km": "50326610", "new_restaurant_permits_12m": 11, "active_mesh_rank": 8, "active_mesh_percentile": 88.71, "active_mesh_zscore": 0.9647, "hotspot_class": "top_20pct_active", "mesh_1km_center_lat": 33.84583333333333, "mesh_1km_center_lon": 132.75625}, "geometry": {"type": "Polygon", "coordinates": [[[132.75, 33.84166666666667], [132.7625, 33.84166666666667], [132.7625, 33.85], [132.75, 33.85], [132.75, 33.84166666666667]]]}}, {"type": "Feature", "properties": {"window_end_month": "2026-03", "window_start_month": "2025-04", "mesh_1km": "50326630", "new_restaurant_permits_12m": 11, "active_mesh_rank": 9, "active_mesh_percentile": 87.1, "active_mesh_zscore": 0.9647, "hotspot_class": "top_20pct_active", "mesh_1km_center_lat": 33.8625, "mesh_1km_center_lon": 132.75625}, "geometry": {"type": "Polygon", "coordinates": [[[132.75, 33.858333333333334], [132.7625, 33.858333333333334], [132.7625, 33.86666666666667], [132.75, 33.86666666666667], [132.75, 33.858333333333334]]]}}, {"type": "Feature", "properties": {"window_end_month": "2026-03", "window_start_month": "2025-04", "mesh_1km": "50325597", "new_restaurant_permits_12m": 9, "active_mesh_rank": 10, "active_mesh_percentile": 85.48, "active_mesh_zscore": 0.6352, "hotspot_class": "top_20pct_active", "mesh_1km_center_lat": 33.829166666666666, "mesh_1km_center_lon": 132.71875}, "geometry": {"type": "Polygon", "coordinates": [[[132.7125, 33.825], [132.725, 33.825], [132.725, 33.833333333333336], [132.7125, 33.833333333333336], [132.7125, 33.825]]]}}, {"type": "Feature", "properties": {"window_end_month": "2026-03", "window_start_month": "2025-04", "mesh_1km": "50326602", "new_restaurant_permits_12m": 9, "active_mesh_rank": 11, "active_mesh_percentile": 83.87, "active_mesh_zscore": 0.6352, "hotspot_class": "top_20pct_active", "mesh_1km_center_lat": 33.837500000000006, "mesh_1km_center_lon": 132.78125}, "geometry": {"type": "Polygon", "coordinates": [[[132.775, 33.833333333333336], [132.7875, 33.833333333333336], [132.7875, 33.84166666666667], [132.775, 33.84166666666667], [132.775, 33.833333333333336]]]}}, {"type": "Feature", "properties": {"window_end_month": "2026-03", "window_start_month": "2025-04", "mesh_1km": "50325579", "new_restaurant_permits_12m": 8, "active_mesh_rank": 12, "active_mesh_percentile": 82.26, "active_mesh_zscore": 0.4704, "hotspot_class": "top_20pct_active", "mesh_1km_center_lat": 33.8125, "mesh_1km_center_lon": 132.74375}, "geometry": {"type": "Polygon", "coordinates": [[[132.7375, 33.80833333333333], [132.75, 33.80833333333333], [132.75, 33.81666666666666], [132.7375, 33.81666666666666], [132.7375, 33.80833333333333]]]}}, {"type": "Feature", "properties": {"window_end_month": "2026-03", "window_start_month": "2025-04", "mesh_1km": "50325599", "new_restaurant_permits_12m": 8, "active_mesh_rank": 13, "active_mesh_percentile": 80.65, "active_mesh_zscore": 0.4704, "hotspot_class": "top_20pct_active", "mesh_1km_center_lat": 33.829166666666666, "mesh_1km_center_lon": 132.74375}, "geometry": {"type": "Polygon", "coordinates": [[[132.7375, 33.825], [132.75, 33.825], [132.75, 33.833333333333336], [132.7375, 33.833333333333336], [132.7375, 33.825]]]}}, {"type": "Feature", "properties": {"window_end_month": "2026-03", "window_start_month": "2025-04", "mesh_1km": "50325691", "new_restaurant_permits_12m": 8, "active_mesh_rank": 14, "active_mesh_percentile": 79.03, "active_mesh_zscore": 0.4704, "hotspot_class": "other_active", "mesh_1km_center_lat": 33.829166666666666, "mesh_1km_center_lon": 132.76874999999998}, "geometry": {"type": "Polygon", "coordinates": [[[132.7625, 33.825], [132.77499999999998, 33.825], [132.77499999999998, 33.833333333333336], [132.7625, 33.833333333333336], [132.7625, 33.825]]]}}, {"type": "Feature", "properties": {"window_end_month": "2026-03", "window_start_month": "2025-04", "mesh_1km": "50325598", "new_restaurant_permits_12m": 7, "active_mesh_rank": 15, "active_mesh_percentile": 77.42, "active_mesh_zscore": 0.3056, "hotspot_class": "other_active", "mesh_1km_center_lat": 33.829166666666666, "mesh_1km_center_lon": 132.73125}, "geometry": {"type": "Polygon", "coordinates": [[[132.725, 33.825], [132.73749999999998, 33.825], [132.73749999999998, 33.833333333333336], [132.725, 33.833333333333336], [132.725, 33.825]]]}}, {"type": "Feature", "properties": {"window_end_month": "2026-03", "window_start_month": "2025-04", "mesh_1km": "50325670", "new_restaurant_permits_12m": 7, "active_mesh_rank": 16, "active_mesh_percentile": 75.81, "active_mesh_zscore": 0.3056, "hotspot_class": "other_active", "mesh_1km_center_lat": 33.8125, "mesh_1km_center_lon": 132.75625}, "geometry": {"type": "Polygon", "coordinates": [[[132.75, 33.80833333333333], [132.7625, 33.80833333333333], [132.7625, 33.81666666666666], [132.75, 33.81666666666666], [132.75, 33.80833333333333]]]}}, {"type": "Feature", "properties": {"window_end_month": "2026-03", "window_start_month": "2025-04", "mesh_1km": "50325673", "new_restaurant_permits_12m": 7, "active_mesh_rank": 17, "active_mesh_percentile": 74.19, "active_mesh_zscore": 0.3056, "hotspot_class": "other_active", "mesh_1km_center_lat": 33.8125, "mesh_1km_center_lon": 132.79375}, "geometry": {"type": "Polygon", "coordinates": [[[132.7875, 33.80833333333333], [132.79999999999998, 33.80833333333333], [132.79999999999998, 33.81666666666666], [132.7875, 33.81666666666666], [132.7875, 33.80833333333333]]]}}, {"type": "Feature", "properties": {"window_end_month": "2026-03", "window_start_month": "2025-04", "mesh_1km": "50326527", "new_restaurant_permits_12m": 7, "active_mesh_rank": 18, "active_mesh_percentile": 72.58, "active_mesh_zscore": 0.3056, "hotspot_class": "other_active", "mesh_1km_center_lat": 33.85416666666667, "mesh_1km_center_lon": 132.71875}, "geometry": {"type": "Polygon", "coordinates": [[[132.7125, 33.85], [132.725, 33.85], [132.725, 33.858333333333334], [132.7125, 33.858333333333334], [132.7125, 33.85]]]}}, {"type": "Feature", "properties": {"window_end_month": "2026-03", "window_start_month": "2025-04", "mesh_1km": "50325692", "new_restaurant_permits_12m": 6, "active_mesh_rank": 19, "active_mesh_percentile": 70.97, "active_mesh_zscore": 0.1409, "hotspot_class": "other_active", "mesh_1km_center_lat": 33.829166666666666, "mesh_1km_center_lon": 132.78125}, "geometry": {"type": "Polygon", "coordinates": [[[132.775, 33.825], [132.7875, 33.825], [132.7875, 33.833333333333336], [132.775, 33.833333333333336], [132.775, 33.825]]]}}, {"type": "Feature", "properties": {"window_end_month": "2026-03", "window_start_month": "2025-04", "mesh_1km": "50326620", "new_restaurant_permits_12m": 6, "active_mesh_rank": 20, "active_mesh_percentile": 69.35, "active_mesh_zscore": 0.1409, "hotspot_class": "other_active", "mesh_1km_center_lat": 33.85416666666667, "mesh_1km_center_lon": 132.75625}, "geometry": {"type": "Polygon", "coordinates": [[[132.75, 33.85], [132.7625, 33.85], [132.7625, 33.858333333333334], [132.75, 33.858333333333334], [132.75, 33.85]]]}}, {"type": "Feature", "properties": {"window_end_month": "2026-03", "window_start_month": "2025-04", "mesh_1km": "50325672", "new_restaurant_permits_12m": 5, "active_mesh_rank": 21, "active_mesh_percentile": 67.74, "active_mesh_zscore": -0.0239, "hotspot_class": "other_active", "mesh_1km_center_lat": 33.8125, "mesh_1km_center_lon": 132.78125}, "geometry": {"type": "Polygon", "coordinates": [[[132.775, 33.80833333333333], [132.7875, 33.80833333333333], [132.7875, 33.81666666666666], [132.775, 33.81666666666666], [132.775, 33.80833333333333]]]}}, {"type": "Feature", "properties": {"window_end_month": "2026-03", "window_start_month": "2025-04", "mesh_1km": "50325690", "new_restaurant_permits_12m": 5, "active_mesh_rank": 22, "active_mesh_percentile": 66.13, "active_mesh_zscore": -0.0239, "hotspot_class": "other_active", "mesh_1km_center_lat": 33.829166666666666, "mesh_1km_center_lon": 132.75625}, "geometry": {"type": "Polygon", "coordinates": [[[132.75, 33.825], [132.7625, 33.825], [132.7625, 33.833333333333336], [132.75, 33.833333333333336], [132.75, 33.825]]]}}, {"type": "Feature", "properties": {"window_end_month": "2026-03", "window_start_month": "2025-04", "mesh_1km": "50326603", "new_restaurant_permits_12m": 5, "active_mesh_rank": 23, "active_mesh_percentile": 64.52, "active_mesh_zscore": -0.0239, "hotspot_class": "other_active", "mesh_1km_center_lat": 33.837500000000006, "mesh_1km_center_lon": 132.79375}, "geometry": {"type": "Polygon", "coordinates": [[[132.7875, 33.833333333333336], [132.79999999999998, 33.833333333333336], [132.79999999999998, 33.84166666666667], [132.7875, 33.84166666666667], [132.7875, 33.833333333333336]]]}}, {"type": "Feature", "properties": {"window_end_month": "2026-03", "window_start_month": "2025-04", "mesh_1km": "50325578", "new_restaurant_permits_12m": 4, "active_mesh_rank": 24, "active_mesh_percentile": 62.9, "active_mesh_zscore": -0.1887, "hotspot_class": "other_active", "mesh_1km_center_lat": 33.8125, "mesh_1km_center_lon": 132.73125}, "geometry": {"type": "Polygon", "coordinates": [[[132.725, 33.80833333333333], [132.73749999999998, 33.80833333333333], [132.73749999999998, 33.81666666666666], [132.725, 33.81666666666666], [132.725, 33.80833333333333]]]}}, {"type": "Feature", "properties": {"window_end_month": "2026-03", "window_start_month": "2025-04", "mesh_1km": "50325674", "new_restaurant_permits_12m": 4, "active_mesh_rank": 25, "active_mesh_percentile": 61.29, "active_mesh_zscore": -0.1887, "hotspot_class": "other_active", "mesh_1km_center_lat": 33.8125, "mesh_1km_center_lon": 132.80625}, "geometry": {"type": "Polygon", "coordinates": [[[132.8, 33.80833333333333], [132.8125, 33.80833333333333], [132.8125, 33.81666666666666], [132.8, 33.81666666666666], [132.8, 33.80833333333333]]]}}, {"type": "Feature", "properties": {"window_end_month": "2026-03", "window_start_month": "2025-04", "mesh_1km": "50326509", "new_restaurant_permits_12m": 4, "active_mesh_rank": 26, "active_mesh_percentile": 59.68, "active_mesh_zscore": -0.1887, "hotspot_class": "other_active", "mesh_1km_center_lat": 33.837500000000006, "mesh_1km_center_lon": 132.74375}, "geometry": {"type": "Polygon", "coordinates": [[[132.7375, 33.833333333333336], [132.75, 33.833333333333336], [132.75, 33.84166666666667], [132.7375, 33.84166666666667], [132.7375, 33.833333333333336]]]}}, {"type": "Feature", "properties": {"window_end_month": "2026-03", "window_start_month": "2025-04", "mesh_1km": "50326528", "new_restaurant_permits_12m": 4, "active_mesh_rank": 27, "active_mesh_percentile": 58.06, "active_mesh_zscore": -0.1887, "hotspot_class": "other_active", "mesh_1km_center_lat": 33.85416666666667, "mesh_1km_center_lon": 132.73125}, "geometry": {"type": "Polygon", "coordinates": [[[132.725, 33.85], [132.73749999999998, 33.85], [132.73749999999998, 33.858333333333334], [132.725, 33.858333333333334], [132.725, 33.85]]]}}, {"type": "Feature", "properties": {"window_end_month": "2026-03", "window_start_month": "2025-04", "mesh_1km": "50326529", "new_restaurant_permits_12m": 4, "active_mesh_rank": 28, "active_mesh_percentile": 56.45, "active_mesh_zscore": -0.1887, "hotspot_class": "other_active", "mesh_1km_center_lat": 33.85416666666667, "mesh_1km_center_lon": 132.74375}, "geometry": {"type": "Polygon", "coordinates": [[[132.7375, 33.85], [132.75, 33.85], [132.75, 33.858333333333334], [132.7375, 33.858333333333334], [132.7375, 33.85]]]}}, {"type": "Feature", "properties": {"window_end_month": "2026-03", "window_start_month": "2025-04", "mesh_1km": "50326613", "new_restaurant_permits_12m": 4, "active_mesh_rank": 29, "active_mesh_percentile": 54.84, "active_mesh_zscore": -0.1887, "hotspot_class": "other_active", "mesh_1km_center_lat": 33.84583333333333, "mesh_1km_center_lon": 132.79375}, "geometry": {"type": "Polygon", "coordinates": [[[132.7875, 33.84166666666667], [132.79999999999998, 33.84166666666667], [132.79999999999998, 33.85], [132.7875, 33.85], [132.7875, 33.84166666666667]]]}}, {"type": "Feature", "properties": {"window_end_month": "2026-03", "window_start_month": "2025-04", "mesh_1km": "50326623", "new_restaurant_permits_12m": 4, "active_mesh_rank": 30, "active_mesh_percentile": 53.23, "active_mesh_zscore": -0.1887, "hotspot_class": "other_active", "mesh_1km_center_lat": 33.85416666666667, "mesh_1km_center_lon": 132.79375}, "geometry": {"type": "Polygon", "coordinates": [[[132.7875, 33.85], [132.79999999999998, 33.85], [132.79999999999998, 33.858333333333334], [132.7875, 33.858333333333334], [132.7875, 33.85]]]}}, {"type": "Feature", "properties": {"window_end_month": "2026-03", "window_start_month": "2025-04", "mesh_1km": "50325589", "new_restaurant_permits_12m": 3, "active_mesh_rank": 31, "active_mesh_percentile": 51.61, "active_mesh_zscore": -0.3535, "hotspot_class": "other_active", "mesh_1km_center_lat": 33.82083333333334, "mesh_1km_center_lon": 132.74375}, "geometry": {"type": "Polygon", "coordinates": [[[132.7375, 33.81666666666667], [132.75, 33.81666666666667], [132.75, 33.825], [132.7375, 33.825], [132.7375, 33.81666666666667]]]}}, {"type": "Feature", "properties": {"window_end_month": "2026-03", "window_start_month": "2025-04", "mesh_1km": "50325663", "new_restaurant_permits_12m": 3, "active_mesh_rank": 32, "active_mesh_percentile": 50.0, "active_mesh_zscore": -0.3535, "hotspot_class": "other_active", "mesh_1km_center_lat": 33.80416666666666, "mesh_1km_center_lon": 132.79375}, "geometry": {"type": "Polygon", "coordinates": [[[132.7875, 33.8], [132.79999999999998, 33.8], [132.79999999999998, 33.80833333333333], [132.7875, 33.80833333333333], [132.7875, 33.8]]]}}, {"type": "Feature", "properties": {"window_end_month": "2026-03", "window_start_month": "2025-04", "mesh_1km": "50325675", "new_restaurant_permits_12m": 3, "active_mesh_rank": 33, "active_mesh_percentile": 48.39, "active_mesh_zscore": -0.3535, "hotspot_class": "other_active", "mesh_1km_center_lat": 33.8125, "mesh_1km_center_lon": 132.81875}, "geometry": {"type": "Polygon", "coordinates": [[[132.8125, 33.80833333333333], [132.825, 33.80833333333333], [132.825, 33.81666666666666], [132.8125, 33.81666666666666], [132.8125, 33.80833333333333]]]}}, {"type": "Feature", "properties": {"window_end_month": "2026-03", "window_start_month": "2025-04", "mesh_1km": "50326538", "new_restaurant_permits_12m": 3, "active_mesh_rank": 34, "active_mesh_percentile": 46.77, "active_mesh_zscore": -0.3535, "hotspot_class": "other_active", "mesh_1km_center_lat": 33.8625, "mesh_1km_center_lon": 132.73125}, "geometry": {"type": "Polygon", "coordinates": [[[132.725, 33.858333333333334], [132.73749999999998, 33.858333333333334], [132.73749999999998, 33.86666666666667], [132.725, 33.86666666666667], [132.725, 33.858333333333334]]]}}, {"type": "Feature", "properties": {"window_end_month": "2026-03", "window_start_month": "2025-04", "mesh_1km": "50326612", "new_restaurant_permits_12m": 3, "active_mesh_rank": 35, "active_mesh_percentile": 45.16, "active_mesh_zscore": -0.3535, "hotspot_class": "other_active", "mesh_1km_center_lat": 33.84583333333333, "mesh_1km_center_lon": 132.78125}, "geometry": {"type": "Polygon", "coordinates": [[[132.775, 33.84166666666667], [132.7875, 33.84166666666667], [132.7875, 33.85], [132.775, 33.85], [132.775, 33.84166666666667]]]}}, {"type": "Feature", "properties": {"window_end_month": "2026-03", "window_start_month": "2025-04", "mesh_1km": "50327652", "new_restaurant_permits_12m": 3, "active_mesh_rank": 36, "active_mesh_percentile": 43.55, "active_mesh_zscore": -0.3535, "hotspot_class": "other_active", "mesh_1km_center_lat": 33.962500000000006, "mesh_1km_center_lon": 132.78125}, "geometry": {"type": "Polygon", "coordinates": [[[132.775, 33.958333333333336], [132.7875, 33.958333333333336], [132.7875, 33.96666666666667], [132.775, 33.96666666666667], [132.775, 33.958333333333336]]]}}, {"type": "Feature", "properties": {"window_end_month": "2026-03", "window_start_month": "2025-04", "mesh_1km": "50325585", "new_restaurant_permits_12m": 2, "active_mesh_rank": 37, "active_mesh_percentile": 41.94, "active_mesh_zscore": -0.5182, "hotspot_class": "other_active", "mesh_1km_center_lat": 33.82083333333334, "mesh_1km_center_lon": 132.69375}, "geometry": {"type": "Polygon", "coordinates": [[[132.6875, 33.81666666666667], [132.7, 33.81666666666667], [132.7, 33.825], [132.6875, 33.825], [132.6875, 33.81666666666667]]]}}, {"type": "Feature", "properties": {"window_end_month": "2026-03", "window_start_month": "2025-04", "mesh_1km": "50325661", "new_restaurant_permits_12m": 2, "active_mesh_rank": 38, "active_mesh_percentile": 40.32, "active_mesh_zscore": -0.5182, "hotspot_class": "other_active", "mesh_1km_center_lat": 33.80416666666666, "mesh_1km_center_lon": 132.76874999999998}, "geometry": {"type": "Polygon", "coordinates": [[[132.7625, 33.8], [132.77499999999998, 33.8], [132.77499999999998, 33.80833333333333], [132.7625, 33.80833333333333], [132.7625, 33.8]]]}}, {"type": "Feature", "properties": {"window_end_month": "2026-03", "window_start_month": "2025-04", "mesh_1km": "50326547", "new_restaurant_permits_12m": 2, "active_mesh_rank": 39, "active_mesh_percentile": 38.71, "active_mesh_zscore": -0.5182, "hotspot_class": "other_active", "mesh_1km_center_lat": 33.87083333333334, "mesh_1km_center_lon": 132.71875}, "geometry": {"type": "Polygon", "coordinates": [[[132.7125, 33.86666666666667], [132.725, 33.86666666666667], [132.725, 33.875], [132.7125, 33.875], [132.7125, 33.86666666666667]]]}}, {"type": "Feature", "properties": {"window_end_month": "2026-03", "window_start_month": "2025-04", "mesh_1km": "50326588", "new_restaurant_permits_12m": 2, "active_mesh_rank": 40, "active_mesh_percentile": 37.1, "active_mesh_zscore": -0.5182, "hotspot_class": "other_active", "mesh_1km_center_lat": 33.90416666666667, "mesh_1km_center_lon": 132.73125}, "geometry": {"type": "Polygon", "coordinates": [[[132.725, 33.900000000000006], [132.73749999999998, 33.900000000000006], [132.73749999999998, 33.90833333333334], [132.725, 33.90833333333334], [132.725, 33.900000000000006]]]}}, {"type": "Feature", "properties": {"window_end_month": "2026-03", "window_start_month": "2025-04", "mesh_1km": "50326621", "new_restaurant_permits_12m": 2, "active_mesh_rank": 41, "active_mesh_percentile": 35.48, "active_mesh_zscore": -0.5182, "hotspot_class": "other_active", "mesh_1km_center_lat": 33.85416666666667, "mesh_1km_center_lon": 132.76874999999998}, "geometry": {"type": "Polygon", "coordinates": [[[132.7625, 33.85], [132.77499999999998, 33.85], [132.77499999999998, 33.858333333333334], [132.7625, 33.858333333333334], [132.7625, 33.85]]]}}, {"type": "Feature", "properties": {"window_end_month": "2026-03", "window_start_month": "2025-04", "mesh_1km": "50326640", "new_restaurant_permits_12m": 2, "active_mesh_rank": 42, "active_mesh_percentile": 33.87, "active_mesh_zscore": -0.5182, "hotspot_class": "other_active", "mesh_1km_center_lat": 33.87083333333334, "mesh_1km_center_lon": 132.75625}, "geometry": {"type": "Polygon", "coordinates": [[[132.75, 33.86666666666667], [132.7625, 33.86666666666667], [132.7625, 33.875], [132.75, 33.875], [132.75, 33.86666666666667]]]}}, {"type": "Feature", "properties": {"window_end_month": "2026-03", "window_start_month": "2025-04", "mesh_1km": "50327631", "new_restaurant_permits_12m": 2, "active_mesh_rank": 43, "active_mesh_percentile": 32.26, "active_mesh_zscore": -0.5182, "hotspot_class": "other_active", "mesh_1km_center_lat": 33.94583333333334, "mesh_1km_center_lon": 132.76874999999998}, "geometry": {"type": "Polygon", "coordinates": [[[132.7625, 33.94166666666667], [132.77499999999998, 33.94166666666667], [132.77499999999998, 33.95], [132.7625, 33.95], [132.7625, 33.94166666666667]]]}}, {"type": "Feature", "properties": {"window_end_month": "2026-03", "window_start_month": "2025-04", "mesh_1km": "50327642", "new_restaurant_permits_12m": 2, "active_mesh_rank": 44, "active_mesh_percentile": 30.65, "active_mesh_zscore": -0.5182, "hotspot_class": "other_active", "mesh_1km_center_lat": 33.954166666666666, "mesh_1km_center_lon": 132.78125}, "geometry": {"type": "Polygon", "coordinates": [[[132.775, 33.95], [132.7875, 33.95], [132.7875, 33.958333333333336], [132.775, 33.958333333333336], [132.775, 33.95]]]}}, {"type": "Feature", "properties": {"window_end_month": "2026-03", "window_start_month": "2025-04", "mesh_1km": "50327651", "new_restaurant_permits_12m": 2, "active_mesh_rank": 45, "active_mesh_percentile": 29.03, "active_mesh_zscore": -0.5182, "hotspot_class": "other_active", "mesh_1km_center_lat": 33.962500000000006, "mesh_1km_center_lon": 132.76874999999998}, "geometry": {"type": "Polygon", "coordinates": [[[132.7625, 33.958333333333336], [132.77499999999998, 33.958333333333336], [132.77499999999998, 33.96666666666667], [132.7625, 33.96666666666667], [132.7625, 33.958333333333336]]]}}, {"type": "Feature", "properties": {"window_end_month": "2026-03", "window_start_month": "2025-04", "mesh_1km": "50327671", "new_restaurant_permits_12m": 2, "active_mesh_rank": 46, "active_mesh_percentile": 27.42, "active_mesh_zscore": -0.5182, "hotspot_class": "other_active", "mesh_1km_center_lat": 33.97916666666667, "mesh_1km_center_lon": 132.76874999999998}, "geometry": {"type": "Polygon", "coordinates": [[[132.7625, 33.975], [132.77499999999998, 33.975], [132.77499999999998, 33.983333333333334], [132.7625, 33.983333333333334], [132.7625, 33.975]]]}}, {"type": "Feature", "properties": {"window_end_month": "2026-03", "window_start_month": "2025-04", "mesh_1km": "50325568", "new_restaurant_permits_12m": 1, "active_mesh_rank": 47, "active_mesh_percentile": 25.81, "active_mesh_zscore": -0.683, "hotspot_class": "other_active", "mesh_1km_center_lat": 33.80416666666666, "mesh_1km_center_lon": 132.73125}, "geometry": {"type": "Polygon", "coordinates": [[[132.725, 33.8], [132.73749999999998, 33.8], [132.73749999999998, 33.80833333333333], [132.725, 33.80833333333333], [132.725, 33.8]]]}}, {"type": "Feature", "properties": {"window_end_month": "2026-03", "window_start_month": "2025-04", "mesh_1km": "50325587", "new_restaurant_permits_12m": 1, "active_mesh_rank": 48, "active_mesh_percentile": 24.19, "active_mesh_zscore": -0.683, "hotspot_class": "other_active", "mesh_1km_center_lat": 33.82083333333334, "mesh_1km_center_lon": 132.71875}, "geometry": {"type": "Polygon", "coordinates": [[[132.7125, 33.81666666666667], [132.725, 33.81666666666667], [132.725, 33.825], [132.7125, 33.825], [132.7125, 33.81666666666667]]]}}, {"type": "Feature", "properties": {"window_end_month": "2026-03", "window_start_month": "2025-04", "mesh_1km": "50325596", "new_restaurant_permits_12m": 1, "active_mesh_rank": 49, "active_mesh_percentile": 22.58, "active_mesh_zscore": -0.683, "hotspot_class": "other_active", "mesh_1km_center_lat": 33.829166666666666, "mesh_1km_center_lon": 132.70624999999998}, "geometry": {"type": "Polygon", "coordinates": [[[132.7, 33.825], [132.71249999999998, 33.825], [132.71249999999998, 33.833333333333336], [132.7, 33.833333333333336], [132.7, 33.825]]]}}, {"type": "Feature", "properties": {"window_end_month": "2026-03", "window_start_month": "2025-04", "mesh_1km": "50325652", "new_restaurant_permits_12m": 1, "active_mesh_rank": 50, "active_mesh_percentile": 20.97, "active_mesh_zscore": -0.683, "hotspot_class": "other_active", "mesh_1km_center_lat": 33.795833333333334, "mesh_1km_center_lon": 132.78125}, "geometry": {"type": "Polygon", "coordinates": [[[132.775, 33.791666666666664], [132.7875, 33.791666666666664], [132.7875, 33.8], [132.775, 33.8], [132.775, 33.791666666666664]]]}}, {"type": "Feature", "properties": {"window_end_month": "2026-03", "window_start_month": "2025-04", "mesh_1km": "50325662", "new_restaurant_permits_12m": 1, "active_mesh_rank": 51, "active_mesh_percentile": 19.35, "active_mesh_zscore": -0.683, "hotspot_class": "other_active", "mesh_1km_center_lat": 33.80416666666666, "mesh_1km_center_lon": 132.78125}, "geometry": {"type": "Polygon", "coordinates": [[[132.775, 33.8], [132.7875, 33.8], [132.7875, 33.80833333333333], [132.775, 33.80833333333333], [132.775, 33.8]]]}}, {"type": "Feature", "properties": {"window_end_month": "2026-03", "window_start_month": "2025-04", "mesh_1km": "50326519", "new_restaurant_permits_12m": 1, "active_mesh_rank": 52, "active_mesh_percentile": 17.74, "active_mesh_zscore": -0.683, "hotspot_class": "other_active", "mesh_1km_center_lat": 33.84583333333333, "mesh_1km_center_lon": 132.74375}, "geometry": {"type": "Polygon", "coordinates": [[[132.7375, 33.84166666666667], [132.75, 33.84166666666667], [132.75, 33.85], [132.7375, 33.85], [132.7375, 33.84166666666667]]]}}, {"type": "Feature", "properties": {"window_end_month": "2026-03", "window_start_month": "2025-04", "mesh_1km": "50326546", "new_restaurant_permits_12m": 1, "active_mesh_rank": 53, "active_mesh_percentile": 16.13, "active_mesh_zscore": -0.683, "hotspot_class": "other_active", "mesh_1km_center_lat": 33.87083333333334, "mesh_1km_center_lon": 132.70624999999998}, "geometry": {"type": "Polygon", "coordinates": [[[132.7, 33.86666666666667], [132.71249999999998, 33.86666666666667], [132.71249999999998, 33.875], [132.7, 33.875], [132.7, 33.86666666666667]]]}}, {"type": "Feature", "properties": {"window_end_month": "2026-03", "window_start_month": "2025-04", "mesh_1km": "50326578", "new_restaurant_permits_12m": 1, "active_mesh_rank": 54, "active_mesh_percentile": 14.52, "active_mesh_zscore": -0.683, "hotspot_class": "other_active", "mesh_1km_center_lat": 33.89583333333333, "mesh_1km_center_lon": 132.73125}, "geometry": {"type": "Polygon", "coordinates": [[[132.725, 33.891666666666666], [132.73749999999998, 33.891666666666666], [132.73749999999998, 33.9], [132.725, 33.9], [132.725, 33.891666666666666]]]}}, {"type": "Feature", "properties": {"window_end_month": "2026-03", "window_start_month": "2025-04", "mesh_1km": "50326579", "new_restaurant_permits_12m": 1, "active_mesh_rank": 55, "active_mesh_percentile": 12.9, "active_mesh_zscore": -0.683, "hotspot_class": "other_active", "mesh_1km_center_lat": 33.89583333333333, "mesh_1km_center_lon": 132.74375}, "geometry": {"type": "Polygon", "coordinates": [[[132.7375, 33.891666666666666], [132.75, 33.891666666666666], [132.75, 33.9], [132.7375, 33.9], [132.7375, 33.891666666666666]]]}}, {"type": "Feature", "properties": {"window_end_month": "2026-03", "window_start_month": "2025-04", "mesh_1km": "50326600", "new_restaurant_permits_12m": 1, "active_mesh_rank": 56, "active_mesh_percentile": 11.29, "active_mesh_zscore": -0.683, "hotspot_class": "other_active", "mesh_1km_center_lat": 33.837500000000006, "mesh_1km_center_lon": 132.75625}, "geometry": {"type": "Polygon", "coordinates": [[[132.75, 33.833333333333336], [132.7625, 33.833333333333336], [132.7625, 33.84166666666667], [132.75, 33.84166666666667], [132.75, 33.833333333333336]]]}}, {"type": "Feature", "properties": {"window_end_month": "2026-03", "window_start_month": "2025-04", "mesh_1km": "50327448", "new_restaurant_permits_12m": 1, "active_mesh_rank": 57, "active_mesh_percentile": 9.68, "active_mesh_zscore": -0.683, "hotspot_class": "other_active", "mesh_1km_center_lat": 33.954166666666666, "mesh_1km_center_lon": 132.60625}, "geometry": {"type": "Polygon", "coordinates": [[[132.6, 33.95], [132.61249999999998, 33.95], [132.61249999999998, 33.958333333333336], [132.6, 33.958333333333336], [132.6, 33.95]]]}}, {"type": "Feature", "properties": {"window_end_month": "2026-03", "window_start_month": "2025-04", "mesh_1km": "50327540", "new_restaurant_permits_12m": 1, "active_mesh_rank": 58, "active_mesh_percentile": 8.06, "active_mesh_zscore": -0.683, "hotspot_class": "other_active", "mesh_1km_center_lat": 33.954166666666666, "mesh_1km_center_lon": 132.63125}, "geometry": {"type": "Polygon", "coordinates": [[[132.625, 33.95], [132.6375, 33.95], [132.6375, 33.958333333333336], [132.625, 33.958333333333336], [132.625, 33.95]]]}}, {"type": "Feature", "properties": {"window_end_month": "2026-03", "window_start_month": "2025-04", "mesh_1km": "50327560", "new_restaurant_permits_12m": 1, "active_mesh_rank": 59, "active_mesh_percentile": 6.45, "active_mesh_zscore": -0.683, "hotspot_class": "other_active", "mesh_1km_center_lat": 33.97083333333333, "mesh_1km_center_lon": 132.63125}, "geometry": {"type": "Polygon", "coordinates": [[[132.625, 33.96666666666667], [132.6375, 33.96666666666667], [132.6375, 33.975], [132.625, 33.975], [132.625, 33.96666666666667]]]}}, {"type": "Feature", "properties": {"window_end_month": "2026-03", "window_start_month": "2025-04", "mesh_1km": "50327570", "new_restaurant_permits_12m": 1, "active_mesh_rank": 60, "active_mesh_percentile": 4.84, "active_mesh_zscore": -0.683, "hotspot_class": "other_active", "mesh_1km_center_lat": 33.97916666666667, "mesh_1km_center_lon": 132.63125}, "geometry": {"type": "Polygon", "coordinates": [[[132.625, 33.975], [132.6375, 33.975], [132.6375, 33.983333333333334], [132.625, 33.983333333333334], [132.625, 33.975]]]}}, {"type": "Feature", "properties": {"window_end_month": "2026-03", "window_start_month": "2025-04", "mesh_1km": "50327661", "new_restaurant_permits_12m": 1, "active_mesh_rank": 61, "active_mesh_percentile": 3.23, "active_mesh_zscore": -0.683, "hotspot_class": "other_active", "mesh_1km_center_lat": 33.97083333333333, "mesh_1km_center_lon": 132.76874999999998}, "geometry": {"type": "Polygon", "coordinates": [[[132.7625, 33.96666666666667], [132.77499999999998, 33.96666666666667], [132.77499999999998, 33.975], [132.7625, 33.975], [132.7625, 33.96666666666667]]]}}, {"type": "Feature", "properties": {"window_end_month": "2026-03", "window_start_month": "2025-04", "mesh_1km": "50327662", "new_restaurant_permits_12m": 1, "active_mesh_rank": 62, "active_mesh_percentile": 1.61, "active_mesh_zscore": -0.683, "hotspot_class": "other_active", "mesh_1km_center_lat": 33.97083333333333, "mesh_1km_center_lon": 132.78125}, "geometry": {"type": "Polygon", "coordinates": [[[132.775, 33.96666666666667], [132.7875, 33.96666666666667], [132.7875, 33.975], [132.775, 33.975], [132.775, 33.96666666666667]]]}}, {"type": "Feature", "properties": {"window_end_month": "2026-04", "window_start_month": "2025-05", "mesh_1km": "50326622", "new_restaurant_permits_12m": 42, "active_mesh_rank": 1, "active_mesh_percentile": 100.0, "active_mesh_zscore": 5.9932, "hotspot_class": "top_5pct_active", "mesh_1km_center_lat": 33.85416666666667, "mesh_1km_center_lon": 132.78125}, "geometry": {"type": "Polygon", "coordinates": [[[132.775, 33.85], [132.7875, 33.85], [132.7875, 33.858333333333334], [132.775, 33.858333333333334], [132.775, 33.85]]]}}, {"type": "Feature", "properties": {"window_end_month": "2026-04", "window_start_month": "2025-05", "mesh_1km": "50326537", "new_restaurant_permits_12m": 18, "active_mesh_rank": 2, "active_mesh_percentile": 98.36, "active_mesh_zscore": 2.0832, "hotspot_class": "top_5pct_active", "mesh_1km_center_lat": 33.8625, "mesh_1km_center_lon": 132.71875}, "geometry": {"type": "Polygon", "coordinates": [[[132.7125, 33.858333333333334], [132.725, 33.858333333333334], [132.725, 33.86666666666667], [132.7125, 33.86666666666667], [132.7125, 33.858333333333334]]]}}, {"type": "Feature", "properties": {"window_end_month": "2026-04", "window_start_month": "2025-05", "mesh_1km": "50325681", "new_restaurant_permits_12m": 14, "active_mesh_rank": 3, "active_mesh_percentile": 96.72, "active_mesh_zscore": 1.4315, "hotspot_class": "top_5pct_active", "mesh_1km_center_lat": 33.82083333333334, "mesh_1km_center_lon": 132.76874999999998}, "geometry": {"type": "Polygon", "coordinates": [[[132.7625, 33.81666666666667], [132.77499999999998, 33.81666666666667], [132.77499999999998, 33.825], [132.7625, 33.825], [132.7625, 33.81666666666667]]]}}, {"type": "Feature", "properties": {"window_end_month": "2026-04", "window_start_month": "2025-05", "mesh_1km": "50326610", "new_restaurant_permits_12m": 13, "active_mesh_rank": 4, "active_mesh_percentile": 95.08, "active_mesh_zscore": 1.2686, "hotspot_class": "top_5pct_active", "mesh_1km_center_lat": 33.84583333333333, "mesh_1km_center_lon": 132.75625}, "geometry": {"type": "Polygon", "coordinates": [[[132.75, 33.84166666666667], [132.7625, 33.84166666666667], [132.7625, 33.85], [132.75, 33.85], [132.75, 33.84166666666667]]]}}, {"type": "Feature", "properties": {"window_end_month": "2026-04", "window_start_month": "2025-05", "mesh_1km": "50325682", "new_restaurant_permits_12m": 12, "active_mesh_rank": 5, "active_mesh_percentile": 93.44, "active_mesh_zscore": 1.1057, "hotspot_class": "top_20pct_active", "mesh_1km_center_lat": 33.82083333333334, "mesh_1km_center_lon": 132.78125}, "geometry": {"type": "Polygon", "coordinates": [[[132.775, 33.81666666666667], [132.7875, 33.81666666666667], [132.7875, 33.825], [132.775, 33.825], [132.775, 33.81666666666667]]]}}, {"type": "Feature", "properties": {"window_end_month": "2026-04", "window_start_month": "2025-05", "mesh_1km": "50325579", "new_restaurant_permits_12m": 11, "active_mesh_rank": 6, "active_mesh_percentile": 91.8, "active_mesh_zscore": 0.9428, "hotspot_class": "top_20pct_active", "mesh_1km_center_lat": 33.8125, "mesh_1km_center_lon": 132.74375}, "geometry": {"type": "Polygon", "coordinates": [[[132.7375, 33.80833333333333], [132.75, 33.80833333333333], [132.75, 33.81666666666666], [132.7375, 33.81666666666666], [132.7375, 33.80833333333333]]]}}, {"type": "Feature", "properties": {"window_end_month": "2026-04", "window_start_month": "2025-05", "mesh_1km": "50325671", "new_restaurant_permits_12m": 10, "active_mesh_rank": 7, "active_mesh_percentile": 90.16, "active_mesh_zscore": 0.7799, "hotspot_class": "top_20pct_active", "mesh_1km_center_lat": 33.8125, "mesh_1km_center_lon": 132.76874999999998}, "geometry": {"type": "Polygon", "coordinates": [[[132.7625, 33.80833333333333], [132.77499999999998, 33.80833333333333], [132.77499999999998, 33.81666666666666], [132.7625, 33.81666666666666], [132.7625, 33.80833333333333]]]}}, {"type": "Feature", "properties": {"window_end_month": "2026-04", "window_start_month": "2025-05", "mesh_1km": "50325693", "new_restaurant_permits_12m": 10, "active_mesh_rank": 8, "active_mesh_percentile": 88.52, "active_mesh_zscore": 0.7799, "hotspot_class": "top_20pct_active", "mesh_1km_center_lat": 33.829166666666666, "mesh_1km_center_lon": 132.79375}, "geometry": {"type": "Polygon", "coordinates": [[[132.7875, 33.825], [132.79999999999998, 33.825], [132.79999999999998, 33.833333333333336], [132.7875, 33.833333333333336], [132.7875, 33.825]]]}}, {"type": "Feature", "properties": {"window_end_month": "2026-04", "window_start_month": "2025-05", "mesh_1km": "50326630", "new_restaurant_permits_12m": 10, "active_mesh_rank": 9, "active_mesh_percentile": 86.89, "active_mesh_zscore": 0.7799, "hotspot_class": "top_20pct_active", "mesh_1km_center_lat": 33.8625, "mesh_1km_center_lon": 132.75625}, "geometry": {"type": "Polygon", "coordinates": [[[132.75, 33.858333333333334], [132.7625, 33.858333333333334], [132.7625, 33.86666666666667], [132.75, 33.86666666666667], [132.75, 33.858333333333334]]]}}, {"type": "Feature", "properties": {"window_end_month": "2026-04", "window_start_month": "2025-05", "mesh_1km": "50325597", "new_restaurant_permits_12m": 9, "active_mesh_rank": 10, "active_mesh_percentile": 85.25, "active_mesh_zscore": 0.617, "hotspot_class": "top_20pct_active", "mesh_1km_center_lat": 33.829166666666666, "mesh_1km_center_lon": 132.71875}, "geometry": {"type": "Polygon", "coordinates": [[[132.7125, 33.825], [132.725, 33.825], [132.725, 33.833333333333336], [132.7125, 33.833333333333336], [132.7125, 33.825]]]}}, {"type": "Feature", "properties": {"window_end_month": "2026-04", "window_start_month": "2025-05", "mesh_1km": "50325680", "new_restaurant_permits_12m": 9, "active_mesh_rank": 11, "active_mesh_percentile": 83.61, "active_mesh_zscore": 0.617, "hotspot_class": "top_20pct_active", "mesh_1km_center_lat": 33.82083333333334, "mesh_1km_center_lon": 132.75625}, "geometry": {"type": "Polygon", "coordinates": [[[132.75, 33.81666666666667], [132.7625, 33.81666666666667], [132.7625, 33.825], [132.75, 33.825], [132.75, 33.81666666666667]]]}}, {"type": "Feature", "properties": {"window_end_month": "2026-04", "window_start_month": "2025-05", "mesh_1km": "50326602", "new_restaurant_permits_12m": 9, "active_mesh_rank": 12, "active_mesh_percentile": 81.97, "active_mesh_zscore": 0.617, "hotspot_class": "top_20pct_active", "mesh_1km_center_lat": 33.837500000000006, "mesh_1km_center_lon": 132.78125}, "geometry": {"type": "Polygon", "coordinates": [[[132.775, 33.833333333333336], [132.7875, 33.833333333333336], [132.7875, 33.84166666666667], [132.775, 33.84166666666667], [132.775, 33.833333333333336]]]}}, {"type": "Feature", "properties": {"window_end_month": "2026-04", "window_start_month": "2025-05", "mesh_1km": "50325599", "new_restaurant_permits_12m": 8, "active_mesh_rank": 13, "active_mesh_percentile": 80.33, "active_mesh_zscore": 0.454, "hotspot_class": "top_20pct_active", "mesh_1km_center_lat": 33.829166666666666, "mesh_1km_center_lon": 132.74375}, "geometry": {"type": "Polygon", "coordinates": [[[132.7375, 33.825], [132.75, 33.825], [132.75, 33.833333333333336], [132.7375, 33.833333333333336], [132.7375, 33.825]]]}}, {"type": "Feature", "properties": {"window_end_month": "2026-04", "window_start_month": "2025-05", "mesh_1km": "50325691", "new_restaurant_permits_12m": 8, "active_mesh_rank": 14, "active_mesh_percentile": 78.69, "active_mesh_zscore": 0.454, "hotspot_class": "other_active", "mesh_1km_center_lat": 33.829166666666666, "mesh_1km_center_lon": 132.76874999999998}, "geometry": {"type": "Polygon", "coordinates": [[[132.7625, 33.825], [132.77499999999998, 33.825], [132.77499999999998, 33.833333333333336], [132.7625, 33.833333333333336], [132.7625, 33.825]]]}}, {"type": "Feature", "properties": {"window_end_month": "2026-04", "window_start_month": "2025-05", "mesh_1km": "50325598", "new_restaurant_permits_12m": 7, "active_mesh_rank": 15, "active_mesh_percentile": 77.05, "active_mesh_zscore": 0.2911, "hotspot_class": "other_active", "mesh_1km_center_lat": 33.829166666666666, "mesh_1km_center_lon": 132.73125}, "geometry": {"type": "Polygon", "coordinates": [[[132.725, 33.825], [132.73749999999998, 33.825], [132.73749999999998, 33.833333333333336], [132.725, 33.833333333333336], [132.725, 33.825]]]}}, {"type": "Feature", "properties": {"window_end_month": "2026-04", "window_start_month": "2025-05", "mesh_1km": "50325670", "new_restaurant_permits_12m": 7, "active_mesh_rank": 16, "active_mesh_percentile": 75.41, "active_mesh_zscore": 0.2911, "hotspot_class": "other_active", "mesh_1km_center_lat": 33.8125, "mesh_1km_center_lon": 132.75625}, "geometry": {"type": "Polygon", "coordinates": [[[132.75, 33.80833333333333], [132.7625, 33.80833333333333], [132.7625, 33.81666666666666], [132.75, 33.81666666666666], [132.75, 33.80833333333333]]]}}, {"type": "Feature", "properties": {"window_end_month": "2026-04", "window_start_month": "2025-05", "mesh_1km": "50326527", "new_restaurant_permits_12m": 7, "active_mesh_rank": 17, "active_mesh_percentile": 73.77, "active_mesh_zscore": 0.2911, "hotspot_class": "other_active", "mesh_1km_center_lat": 33.85416666666667, "mesh_1km_center_lon": 132.71875}, "geometry": {"type": "Polygon", "coordinates": [[[132.7125, 33.85], [132.725, 33.85], [132.725, 33.858333333333334], [132.7125, 33.858333333333334], [132.7125, 33.85]]]}}, {"type": "Feature", "properties": {"window_end_month": "2026-04", "window_start_month": "2025-05", "mesh_1km": "50325672", "new_restaurant_permits_12m": 6, "active_mesh_rank": 18, "active_mesh_percentile": 72.13, "active_mesh_zscore": 0.1282, "hotspot_class": "other_active", "mesh_1km_center_lat": 33.8125, "mesh_1km_center_lon": 132.78125}, "geometry": {"type": "Polygon", "coordinates": [[[132.775, 33.80833333333333], [132.7875, 33.80833333333333], [132.7875, 33.81666666666666], [132.775, 33.81666666666666], [132.775, 33.80833333333333]]]}}, {"type": "Feature", "properties": {"window_end_month": "2026-04", "window_start_month": "2025-05", "mesh_1km": "50325673", "new_restaurant_permits_12m": 6, "active_mesh_rank": 19, "active_mesh_percentile": 70.49, "active_mesh_zscore": 0.1282, "hotspot_class": "other_active", "mesh_1km_center_lat": 33.8125, "mesh_1km_center_lon": 132.79375}, "geometry": {"type": "Polygon", "coordinates": [[[132.7875, 33.80833333333333], [132.79999999999998, 33.80833333333333], [132.79999999999998, 33.81666666666666], [132.7875, 33.81666666666666], [132.7875, 33.80833333333333]]]}}, {"type": "Feature", "properties": {"window_end_month": "2026-04", "window_start_month": "2025-05", "mesh_1km": "50325692", "new_restaurant_permits_12m": 6, "active_mesh_rank": 20, "active_mesh_percentile": 68.85, "active_mesh_zscore": 0.1282, "hotspot_class": "other_active", "mesh_1km_center_lat": 33.829166666666666, "mesh_1km_center_lon": 132.78125}, "geometry": {"type": "Polygon", "coordinates": [[[132.775, 33.825], [132.7875, 33.825], [132.7875, 33.833333333333336], [132.775, 33.833333333333336], [132.775, 33.825]]]}}, {"type": "Feature", "properties": {"window_end_month": "2026-04", "window_start_month": "2025-05", "mesh_1km": "50325690", "new_restaurant_permits_12m": 5, "active_mesh_rank": 21, "active_mesh_percentile": 67.21, "active_mesh_zscore": -0.0347, "hotspot_class": "other_active", "mesh_1km_center_lat": 33.829166666666666, "mesh_1km_center_lon": 132.75625}, "geometry": {"type": "Polygon", "coordinates": [[[132.75, 33.825], [132.7625, 33.825], [132.7625, 33.833333333333336], [132.75, 33.833333333333336], [132.75, 33.825]]]}}, {"type": "Feature", "properties": {"window_end_month": "2026-04", "window_start_month": "2025-05", "mesh_1km": "50326603", "new_restaurant_permits_12m": 5, "active_mesh_rank": 22, "active_mesh_percentile": 65.57, "active_mesh_zscore": -0.0347, "hotspot_class": "other_active", "mesh_1km_center_lat": 33.837500000000006, "mesh_1km_center_lon": 132.79375}, "geometry": {"type": "Polygon", "coordinates": [[[132.7875, 33.833333333333336], [132.79999999999998, 33.833333333333336], [132.79999999999998, 33.84166666666667], [132.7875, 33.84166666666667], [132.7875, 33.833333333333336]]]}}, {"type": "Feature", "properties": {"window_end_month": "2026-04", "window_start_month": "2025-05", "mesh_1km": "50326613", "new_restaurant_permits_12m": 5, "active_mesh_rank": 23, "active_mesh_percentile": 63.93, "active_mesh_zscore": -0.0347, "hotspot_class": "other_active", "mesh_1km_center_lat": 33.84583333333333, "mesh_1km_center_lon": 132.79375}, "geometry": {"type": "Polygon", "coordinates": [[[132.7875, 33.84166666666667], [132.79999999999998, 33.84166666666667], [132.79999999999998, 33.85], [132.7875, 33.85], [132.7875, 33.84166666666667]]]}}, {"type": "Feature", "properties": {"window_end_month": "2026-04", "window_start_month": "2025-05", "mesh_1km": "50326620", "new_restaurant_permits_12m": 5, "active_mesh_rank": 24, "active_mesh_percentile": 62.3, "active_mesh_zscore": -0.0347, "hotspot_class": "other_active", "mesh_1km_center_lat": 33.85416666666667, "mesh_1km_center_lon": 132.75625}, "geometry": {"type": "Polygon", "coordinates": [[[132.75, 33.85], [132.7625, 33.85], [132.7625, 33.858333333333334], [132.75, 33.858333333333334], [132.75, 33.85]]]}}, {"type": "Feature", "properties": {"window_end_month": "2026-04", "window_start_month": "2025-05", "mesh_1km": "50326623", "new_restaurant_permits_12m": 5, "active_mesh_rank": 25, "active_mesh_percentile": 60.66, "active_mesh_zscore": -0.0347, "hotspot_class": "other_active", "mesh_1km_center_lat": 33.85416666666667, "mesh_1km_center_lon": 132.79375}, "geometry": {"type": "Polygon", "coordinates": [[[132.7875, 33.85], [132.79999999999998, 33.85], [132.79999999999998, 33.858333333333334], [132.7875, 33.858333333333334], [132.7875, 33.85]]]}}, {"type": "Feature", "properties": {"window_end_month": "2026-04", "window_start_month": "2025-05", "mesh_1km": "50325578", "new_restaurant_permits_12m": 4, "active_mesh_rank": 26, "active_mesh_percentile": 59.02, "active_mesh_zscore": -0.1976, "hotspot_class": "other_active", "mesh_1km_center_lat": 33.8125, "mesh_1km_center_lon": 132.73125}, "geometry": {"type": "Polygon", "coordinates": [[[132.725, 33.80833333333333], [132.73749999999998, 33.80833333333333], [132.73749999999998, 33.81666666666666], [132.725, 33.81666666666666], [132.725, 33.80833333333333]]]}}, {"type": "Feature", "properties": {"window_end_month": "2026-04", "window_start_month": "2025-05", "mesh_1km": "50325589", "new_restaurant_permits_12m": 4, "active_mesh_rank": 27, "active_mesh_percentile": 57.38, "active_mesh_zscore": -0.1976, "hotspot_class": "other_active", "mesh_1km_center_lat": 33.82083333333334, "mesh_1km_center_lon": 132.74375}, "geometry": {"type": "Polygon", "coordinates": [[[132.7375, 33.81666666666667], [132.75, 33.81666666666667], [132.75, 33.825], [132.7375, 33.825], [132.7375, 33.81666666666667]]]}}, {"type": "Feature", "properties": {"window_end_month": "2026-04", "window_start_month": "2025-05", "mesh_1km": "50325674", "new_restaurant_permits_12m": 4, "active_mesh_rank": 28, "active_mesh_percentile": 55.74, "active_mesh_zscore": -0.1976, "hotspot_class": "other_active", "mesh_1km_center_lat": 33.8125, "mesh_1km_center_lon": 132.80625}, "geometry": {"type": "Polygon", "coordinates": [[[132.8, 33.80833333333333], [132.8125, 33.80833333333333], [132.8125, 33.81666666666666], [132.8, 33.81666666666666], [132.8, 33.80833333333333]]]}}, {"type": "Feature", "properties": {"window_end_month": "2026-04", "window_start_month": "2025-05", "mesh_1km": "50326509", "new_restaurant_permits_12m": 4, "active_mesh_rank": 29, "active_mesh_percentile": 54.1, "active_mesh_zscore": -0.1976, "hotspot_class": "other_active", "mesh_1km_center_lat": 33.837500000000006, "mesh_1km_center_lon": 132.74375}, "geometry": {"type": "Polygon", "coordinates": [[[132.7375, 33.833333333333336], [132.75, 33.833333333333336], [132.75, 33.84166666666667], [132.7375, 33.84166666666667], [132.7375, 33.833333333333336]]]}}, {"type": "Feature", "properties": {"window_end_month": "2026-04", "window_start_month": "2025-05", "mesh_1km": "50326528", "new_restaurant_permits_12m": 4, "active_mesh_rank": 30, "active_mesh_percentile": 52.46, "active_mesh_zscore": -0.1976, "hotspot_class": "other_active", "mesh_1km_center_lat": 33.85416666666667, "mesh_1km_center_lon": 132.73125}, "geometry": {"type": "Polygon", "coordinates": [[[132.725, 33.85], [132.73749999999998, 33.85], [132.73749999999998, 33.858333333333334], [132.725, 33.858333333333334], [132.725, 33.85]]]}}, {"type": "Feature", "properties": {"window_end_month": "2026-04", "window_start_month": "2025-05", "mesh_1km": "50326529", "new_restaurant_permits_12m": 4, "active_mesh_rank": 31, "active_mesh_percentile": 50.82, "active_mesh_zscore": -0.1976, "hotspot_class": "other_active", "mesh_1km_center_lat": 33.85416666666667, "mesh_1km_center_lon": 132.74375}, "geometry": {"type": "Polygon", "coordinates": [[[132.7375, 33.85], [132.75, 33.85], [132.75, 33.858333333333334], [132.7375, 33.858333333333334], [132.7375, 33.85]]]}}, {"type": "Feature", "properties": {"window_end_month": "2026-04", "window_start_month": "2025-05", "mesh_1km": "50325675", "new_restaurant_permits_12m": 3, "active_mesh_rank": 32, "active_mesh_percentile": 49.18, "active_mesh_zscore": -0.3606, "hotspot_class": "other_active", "mesh_1km_center_lat": 33.8125, "mesh_1km_center_lon": 132.81875}, "geometry": {"type": "Polygon", "coordinates": [[[132.8125, 33.80833333333333], [132.825, 33.80833333333333], [132.825, 33.81666666666666], [132.8125, 33.81666666666666], [132.8125, 33.80833333333333]]]}}, {"type": "Feature", "properties": {"window_end_month": "2026-04", "window_start_month": "2025-05", "mesh_1km": "50326538", "new_restaurant_permits_12m": 3, "active_mesh_rank": 33, "active_mesh_percentile": 47.54, "active_mesh_zscore": -0.3606, "hotspot_class": "other_active", "mesh_1km_center_lat": 33.8625, "mesh_1km_center_lon": 132.73125}, "geometry": {"type": "Polygon", "coordinates": [[[132.725, 33.858333333333334], [132.73749999999998, 33.858333333333334], [132.73749999999998, 33.86666666666667], [132.725, 33.86666666666667], [132.725, 33.858333333333334]]]}}, {"type": "Feature", "properties": {"window_end_month": "2026-04", "window_start_month": "2025-05", "mesh_1km": "50326612", "new_restaurant_permits_12m": 3, "active_mesh_rank": 34, "active_mesh_percentile": 45.9, "active_mesh_zscore": -0.3606, "hotspot_class": "other_active", "mesh_1km_center_lat": 33.84583333333333, "mesh_1km_center_lon": 132.78125}, "geometry": {"type": "Polygon", "coordinates": [[[132.775, 33.84166666666667], [132.7875, 33.84166666666667], [132.7875, 33.85], [132.775, 33.85], [132.775, 33.84166666666667]]]}}, {"type": "Feature", "properties": {"window_end_month": "2026-04", "window_start_month": "2025-05", "mesh_1km": "50327631", "new_restaurant_permits_12m": 3, "active_mesh_rank": 35, "active_mesh_percentile": 44.26, "active_mesh_zscore": -0.3606, "hotspot_class": "other_active", "mesh_1km_center_lat": 33.94583333333334, "mesh_1km_center_lon": 132.76874999999998}, "geometry": {"type": "Polygon", "coordinates": [[[132.7625, 33.94166666666667], [132.77499999999998, 33.94166666666667], [132.77499999999998, 33.95], [132.7625, 33.95], [132.7625, 33.94166666666667]]]}}, {"type": "Feature", "properties": {"window_end_month": "2026-04", "window_start_month": "2025-05", "mesh_1km": "50327652", "new_restaurant_permits_12m": 3, "active_mesh_rank": 36, "active_mesh_percentile": 42.62, "active_mesh_zscore": -0.3606, "hotspot_class": "other_active", "mesh_1km_center_lat": 33.962500000000006, "mesh_1km_center_lon": 132.78125}, "geometry": {"type": "Polygon", "coordinates": [[[132.775, 33.958333333333336], [132.7875, 33.958333333333336], [132.7875, 33.96666666666667], [132.775, 33.96666666666667], [132.775, 33.958333333333336]]]}}, {"type": "Feature", "properties": {"window_end_month": "2026-04", "window_start_month": "2025-05", "mesh_1km": "50325661", "new_restaurant_permits_12m": 2, "active_mesh_rank": 37, "active_mesh_percentile": 40.98, "active_mesh_zscore": -0.5235, "hotspot_class": "other_active", "mesh_1km_center_lat": 33.80416666666666, "mesh_1km_center_lon": 132.76874999999998}, "geometry": {"type": "Polygon", "coordinates": [[[132.7625, 33.8], [132.77499999999998, 33.8], [132.77499999999998, 33.80833333333333], [132.7625, 33.80833333333333], [132.7625, 33.8]]]}}, {"type": "Feature", "properties": {"window_end_month": "2026-04", "window_start_month": "2025-05", "mesh_1km": "50326547", "new_restaurant_permits_12m": 2, "active_mesh_rank": 38, "active_mesh_percentile": 39.34, "active_mesh_zscore": -0.5235, "hotspot_class": "other_active", "mesh_1km_center_lat": 33.87083333333334, "mesh_1km_center_lon": 132.71875}, "geometry": {"type": "Polygon", "coordinates": [[[132.7125, 33.86666666666667], [132.725, 33.86666666666667], [132.725, 33.875], [132.7125, 33.875], [132.7125, 33.86666666666667]]]}}, {"type": "Feature", "properties": {"window_end_month": "2026-04", "window_start_month": "2025-05", "mesh_1km": "50326588", "new_restaurant_permits_12m": 2, "active_mesh_rank": 39, "active_mesh_percentile": 37.7, "active_mesh_zscore": -0.5235, "hotspot_class": "other_active", "mesh_1km_center_lat": 33.90416666666667, "mesh_1km_center_lon": 132.73125}, "geometry": {"type": "Polygon", "coordinates": [[[132.725, 33.900000000000006], [132.73749999999998, 33.900000000000006], [132.73749999999998, 33.90833333333334], [132.725, 33.90833333333334], [132.725, 33.900000000000006]]]}}, {"type": "Feature", "properties": {"window_end_month": "2026-04", "window_start_month": "2025-05", "mesh_1km": "50326640", "new_restaurant_permits_12m": 2, "active_mesh_rank": 40, "active_mesh_percentile": 36.07, "active_mesh_zscore": -0.5235, "hotspot_class": "other_active", "mesh_1km_center_lat": 33.87083333333334, "mesh_1km_center_lon": 132.75625}, "geometry": {"type": "Polygon", "coordinates": [[[132.75, 33.86666666666667], [132.7625, 33.86666666666667], [132.7625, 33.875], [132.75, 33.875], [132.75, 33.86666666666667]]]}}, {"type": "Feature", "properties": {"window_end_month": "2026-04", "window_start_month": "2025-05", "mesh_1km": "50327642", "new_restaurant_permits_12m": 2, "active_mesh_rank": 41, "active_mesh_percentile": 34.43, "active_mesh_zscore": -0.5235, "hotspot_class": "other_active", "mesh_1km_center_lat": 33.954166666666666, "mesh_1km_center_lon": 132.78125}, "geometry": {"type": "Polygon", "coordinates": [[[132.775, 33.95], [132.7875, 33.95], [132.7875, 33.958333333333336], [132.775, 33.958333333333336], [132.775, 33.95]]]}}, {"type": "Feature", "properties": {"window_end_month": "2026-04", "window_start_month": "2025-05", "mesh_1km": "50327651", "new_restaurant_permits_12m": 2, "active_mesh_rank": 42, "active_mesh_percentile": 32.79, "active_mesh_zscore": -0.5235, "hotspot_class": "other_active", "mesh_1km_center_lat": 33.962500000000006, "mesh_1km_center_lon": 132.76874999999998}, "geometry": {"type": "Polygon", "coordinates": [[[132.7625, 33.958333333333336], [132.77499999999998, 33.958333333333336], [132.77499999999998, 33.96666666666667], [132.7625, 33.96666666666667], [132.7625, 33.958333333333336]]]}}, {"type": "Feature", "properties": {"window_end_month": "2026-04", "window_start_month": "2025-05", "mesh_1km": "50327671", "new_restaurant_permits_12m": 2, "active_mesh_rank": 43, "active_mesh_percentile": 31.15, "active_mesh_zscore": -0.5235, "hotspot_class": "other_active", "mesh_1km_center_lat": 33.97916666666667, "mesh_1km_center_lon": 132.76874999999998}, "geometry": {"type": "Polygon", "coordinates": [[[132.7625, 33.975], [132.77499999999998, 33.975], [132.77499999999998, 33.983333333333334], [132.7625, 33.983333333333334], [132.7625, 33.975]]]}}, {"type": "Feature", "properties": {"window_end_month": "2026-04", "window_start_month": "2025-05", "mesh_1km": "50325568", "new_restaurant_permits_12m": 1, "active_mesh_rank": 44, "active_mesh_percentile": 29.51, "active_mesh_zscore": -0.6864, "hotspot_class": "other_active", "mesh_1km_center_lat": 33.80416666666666, "mesh_1km_center_lon": 132.73125}, "geometry": {"type": "Polygon", "coordinates": [[[132.725, 33.8], [132.73749999999998, 33.8], [132.73749999999998, 33.80833333333333], [132.725, 33.80833333333333], [132.725, 33.8]]]}}, {"type": "Feature", "properties": {"window_end_month": "2026-04", "window_start_month": "2025-05", "mesh_1km": "50325585", "new_restaurant_permits_12m": 1, "active_mesh_rank": 45, "active_mesh_percentile": 27.87, "active_mesh_zscore": -0.6864, "hotspot_class": "other_active", "mesh_1km_center_lat": 33.82083333333334, "mesh_1km_center_lon": 132.69375}, "geometry": {"type": "Polygon", "coordinates": [[[132.6875, 33.81666666666667], [132.7, 33.81666666666667], [132.7, 33.825], [132.6875, 33.825], [132.6875, 33.81666666666667]]]}}, {"type": "Feature", "properties": {"window_end_month": "2026-04", "window_start_month": "2025-05", "mesh_1km": "50325587", "new_restaurant_permits_12m": 1, "active_mesh_rank": 46, "active_mesh_percentile": 26.23, "active_mesh_zscore": -0.6864, "hotspot_class": "other_active", "mesh_1km_center_lat": 33.82083333333334, "mesh_1km_center_lon": 132.71875}, "geometry": {"type": "Polygon", "coordinates": [[[132.7125, 33.81666666666667], [132.725, 33.81666666666667], [132.725, 33.825], [132.7125, 33.825], [132.7125, 33.81666666666667]]]}}, {"type": "Feature", "properties": {"window_end_month": "2026-04", "window_start_month": "2025-05", "mesh_1km": "50325596", "new_restaurant_permits_12m": 1, "active_mesh_rank": 47, "active_mesh_percentile": 24.59, "active_mesh_zscore": -0.6864, "hotspot_class": "other_active", "mesh_1km_center_lat": 33.829166666666666, "mesh_1km_center_lon": 132.70624999999998}, "geometry": {"type": "Polygon", "coordinates": [[[132.7, 33.825], [132.71249999999998, 33.825], [132.71249999999998, 33.833333333333336], [132.7, 33.833333333333336], [132.7, 33.825]]]}}, {"type": "Feature", "properties": {"window_end_month": "2026-04", "window_start_month": "2025-05", "mesh_1km": "50325652", "new_restaurant_permits_12m": 1, "active_mesh_rank": 48, "active_mesh_percentile": 22.95, "active_mesh_zscore": -0.6864, "hotspot_class": "other_active", "mesh_1km_center_lat": 33.795833333333334, "mesh_1km_center_lon": 132.78125}, "geometry": {"type": "Polygon", "coordinates": [[[132.775, 33.791666666666664], [132.7875, 33.791666666666664], [132.7875, 33.8], [132.775, 33.8], [132.775, 33.791666666666664]]]}}, {"type": "Feature", "properties": {"window_end_month": "2026-04", "window_start_month": "2025-05", "mesh_1km": "50325662", "new_restaurant_permits_12m": 1, "active_mesh_rank": 49, "active_mesh_percentile": 21.31, "active_mesh_zscore": -0.6864, "hotspot_class": "other_active", "mesh_1km_center_lat": 33.80416666666666, "mesh_1km_center_lon": 132.78125}, "geometry": {"type": "Polygon", "coordinates": [[[132.775, 33.8], [132.7875, 33.8], [132.7875, 33.80833333333333], [132.775, 33.80833333333333], [132.775, 33.8]]]}}, {"type": "Feature", "properties": {"window_end_month": "2026-04", "window_start_month": "2025-05", "mesh_1km": "50325663", "new_restaurant_permits_12m": 1, "active_mesh_rank": 50, "active_mesh_percentile": 19.67, "active_mesh_zscore": -0.6864, "hotspot_class": "other_active", "mesh_1km_center_lat": 33.80416666666666, "mesh_1km_center_lon": 132.79375}, "geometry": {"type": "Polygon", "coordinates": [[[132.7875, 33.8], [132.79999999999998, 33.8], [132.79999999999998, 33.80833333333333], [132.7875, 33.80833333333333], [132.7875, 33.8]]]}}, {"type": "Feature", "properties": {"window_end_month": "2026-04", "window_start_month": "2025-05", "mesh_1km": "50326519", "new_restaurant_permits_12m": 1, "active_mesh_rank": 51, "active_mesh_percentile": 18.03, "active_mesh_zscore": -0.6864, "hotspot_class": "other_active", "mesh_1km_center_lat": 33.84583333333333, "mesh_1km_center_lon": 132.74375}, "geometry": {"type": "Polygon", "coordinates": [[[132.7375, 33.84166666666667], [132.75, 33.84166666666667], [132.75, 33.85], [132.7375, 33.85], [132.7375, 33.84166666666667]]]}}, {"type": "Feature", "properties": {"window_end_month": "2026-04", "window_start_month": "2025-05", "mesh_1km": "50326546", "new_restaurant_permits_12m": 1, "active_mesh_rank": 52, "active_mesh_percentile": 16.39, "active_mesh_zscore": -0.6864, "hotspot_class": "other_active", "mesh_1km_center_lat": 33.87083333333334, "mesh_1km_center_lon": 132.70624999999998}, "geometry": {"type": "Polygon", "coordinates": [[[132.7, 33.86666666666667], [132.71249999999998, 33.86666666666667], [132.71249999999998, 33.875], [132.7, 33.875], [132.7, 33.86666666666667]]]}}, {"type": "Feature", "properties": {"window_end_month": "2026-04", "window_start_month": "2025-05", "mesh_1km": "50326578", "new_restaurant_permits_12m": 1, "active_mesh_rank": 53, "active_mesh_percentile": 14.75, "active_mesh_zscore": -0.6864, "hotspot_class": "other_active", "mesh_1km_center_lat": 33.89583333333333, "mesh_1km_center_lon": 132.73125}, "geometry": {"type": "Polygon", "coordinates": [[[132.725, 33.891666666666666], [132.73749999999998, 33.891666666666666], [132.73749999999998, 33.9], [132.725, 33.9], [132.725, 33.891666666666666]]]}}, {"type": "Feature", "properties": {"window_end_month": "2026-04", "window_start_month": "2025-05", "mesh_1km": "50326600", "new_restaurant_permits_12m": 1, "active_mesh_rank": 54, "active_mesh_percentile": 13.11, "active_mesh_zscore": -0.6864, "hotspot_class": "other_active", "mesh_1km_center_lat": 33.837500000000006, "mesh_1km_center_lon": 132.75625}, "geometry": {"type": "Polygon", "coordinates": [[[132.75, 33.833333333333336], [132.7625, 33.833333333333336], [132.7625, 33.84166666666667], [132.75, 33.84166666666667], [132.75, 33.833333333333336]]]}}, {"type": "Feature", "properties": {"window_end_month": "2026-04", "window_start_month": "2025-05", "mesh_1km": "50326621", "new_restaurant_permits_12m": 1, "active_mesh_rank": 55, "active_mesh_percentile": 11.48, "active_mesh_zscore": -0.6864, "hotspot_class": "other_active", "mesh_1km_center_lat": 33.85416666666667, "mesh_1km_center_lon": 132.76874999999998}, "geometry": {"type": "Polygon", "coordinates": [[[132.7625, 33.85], [132.77499999999998, 33.85], [132.77499999999998, 33.858333333333334], [132.7625, 33.858333333333334], [132.7625, 33.85]]]}}, {"type": "Feature", "properties": {"window_end_month": "2026-04", "window_start_month": "2025-05", "mesh_1km": "50327448", "new_restaurant_permits_12m": 1, "active_mesh_rank": 56, "active_mesh_percentile": 9.84, "active_mesh_zscore": -0.6864, "hotspot_class": "other_active", "mesh_1km_center_lat": 33.954166666666666, "mesh_1km_center_lon": 132.60625}, "geometry": {"type": "Polygon", "coordinates": [[[132.6, 33.95], [132.61249999999998, 33.95], [132.61249999999998, 33.958333333333336], [132.6, 33.958333333333336], [132.6, 33.95]]]}}, {"type": "Feature", "properties": {"window_end_month": "2026-04", "window_start_month": "2025-05", "mesh_1km": "50327540", "new_restaurant_permits_12m": 1, "active_mesh_rank": 57, "active_mesh_percentile": 8.2, "active_mesh_zscore": -0.6864, "hotspot_class": "other_active", "mesh_1km_center_lat": 33.954166666666666, "mesh_1km_center_lon": 132.63125}, "geometry": {"type": "Polygon", "coordinates": [[[132.625, 33.95], [132.6375, 33.95], [132.6375, 33.958333333333336], [132.625, 33.958333333333336], [132.625, 33.95]]]}}, {"type": "Feature", "properties": {"window_end_month": "2026-04", "window_start_month": "2025-05", "mesh_1km": "50327560", "new_restaurant_permits_12m": 1, "active_mesh_rank": 58, "active_mesh_percentile": 6.56, "active_mesh_zscore": -0.6864, "hotspot_class": "other_active", "mesh_1km_center_lat": 33.97083333333333, "mesh_1km_center_lon": 132.63125}, "geometry": {"type": "Polygon", "coordinates": [[[132.625, 33.96666666666667], [132.6375, 33.96666666666667], [132.6375, 33.975], [132.625, 33.975], [132.625, 33.96666666666667]]]}}, {"type": "Feature", "properties": {"window_end_month": "2026-04", "window_start_month": "2025-05", "mesh_1km": "50327570", "new_restaurant_permits_12m": 1, "active_mesh_rank": 59, "active_mesh_percentile": 4.92, "active_mesh_zscore": -0.6864, "hotspot_class": "other_active", "mesh_1km_center_lat": 33.97916666666667, "mesh_1km_center_lon": 132.63125}, "geometry": {"type": "Polygon", "coordinates": [[[132.625, 33.975], [132.6375, 33.975], [132.6375, 33.983333333333334], [132.625, 33.983333333333334], [132.625, 33.975]]]}}, {"type": "Feature", "properties": {"window_end_month": "2026-04", "window_start_month": "2025-05", "mesh_1km": "50327661", "new_restaurant_permits_12m": 1, "active_mesh_rank": 60, "active_mesh_percentile": 3.28, "active_mesh_zscore": -0.6864, "hotspot_class": "other_active", "mesh_1km_center_lat": 33.97083333333333, "mesh_1km_center_lon": 132.76874999999998}, "geometry": {"type": "Polygon", "coordinates": [[[132.7625, 33.96666666666667], [132.77499999999998, 33.96666666666667], [132.77499999999998, 33.975], [132.7625, 33.975], [132.7625, 33.96666666666667]]]}}, {"type": "Feature", "properties": {"window_end_month": "2026-04", "window_start_month": "2025-05", "mesh_1km": "50327662", "new_restaurant_permits_12m": 1, "active_mesh_rank": 61, "active_mesh_percentile": 1.64, "active_mesh_zscore": -0.6864, "hotspot_class": "other_active", "mesh_1km_center_lat": 33.97083333333333, "mesh_1km_center_lon": 132.78125}, "geometry": {"type": "Polygon", "coordinates": [[[132.775, 33.96666666666667], [132.7875, 33.96666666666667], [132.7875, 33.975], [132.775, 33.975], [132.775, 33.96666666666667]]]}}, {"type": "Feature", "properties": {"window_end_month": "2026-05", "window_start_month": "2025-06", "mesh_1km": "50326622", "new_restaurant_permits_12m": 38, "active_mesh_rank": 1, "active_mesh_percentile": 100.0, "active_mesh_zscore": 5.7833, "hotspot_class": "top_5pct_active", "mesh_1km_center_lat": 33.85416666666667, "mesh_1km_center_lon": 132.78125}, "geometry": {"type": "Polygon", "coordinates": [[[132.775, 33.85], [132.7875, 33.85], [132.7875, 33.858333333333334], [132.775, 33.858333333333334], [132.775, 33.85]]]}}, {"type": "Feature", "properties": {"window_end_month": "2026-05", "window_start_month": "2025-06", "mesh_1km": "50326537", "new_restaurant_permits_12m": 17, "active_mesh_rank": 2, "active_mesh_percentile": 98.33, "active_mesh_zscore": 2.1307, "hotspot_class": "top_5pct_active", "mesh_1km_center_lat": 33.8625, "mesh_1km_center_lon": 132.71875}, "geometry": {"type": "Polygon", "coordinates": [[[132.7125, 33.858333333333334], [132.725, 33.858333333333334], [132.725, 33.86666666666667], [132.7125, 33.86666666666667], [132.7125, 33.858333333333334]]]}}, {"type": "Feature", "properties": {"window_end_month": "2026-05", "window_start_month": "2025-06", "mesh_1km": "50325681", "new_restaurant_permits_12m": 14, "active_mesh_rank": 3, "active_mesh_percentile": 96.67, "active_mesh_zscore": 1.6089, "hotspot_class": "top_5pct_active", "mesh_1km_center_lat": 33.82083333333334, "mesh_1km_center_lon": 132.76874999999998}, "geometry": {"type": "Polygon", "coordinates": [[[132.7625, 33.81666666666667], [132.77499999999998, 33.81666666666667], [132.77499999999998, 33.825], [132.7625, 33.825], [132.7625, 33.81666666666667]]]}}, {"type": "Feature", "properties": {"window_end_month": "2026-05", "window_start_month": "2025-06", "mesh_1km": "50325682", "new_restaurant_permits_12m": 12, "active_mesh_rank": 4, "active_mesh_percentile": 95.0, "active_mesh_zscore": 1.261, "hotspot_class": "top_5pct_active", "mesh_1km_center_lat": 33.82083333333334, "mesh_1km_center_lon": 132.78125}, "geometry": {"type": "Polygon", "coordinates": [[[132.775, 33.81666666666667], [132.7875, 33.81666666666667], [132.7875, 33.825], [132.775, 33.825], [132.775, 33.81666666666667]]]}}, {"type": "Feature", "properties": {"window_end_month": "2026-05", "window_start_month": "2025-06", "mesh_1km": "50326610", "new_restaurant_permits_12m": 12, "active_mesh_rank": 5, "active_mesh_percentile": 93.33, "active_mesh_zscore": 1.261, "hotspot_class": "top_20pct_active", "mesh_1km_center_lat": 33.84583333333333, "mesh_1km_center_lon": 132.75625}, "geometry": {"type": "Polygon", "coordinates": [[[132.75, 33.84166666666667], [132.7625, 33.84166666666667], [132.7625, 33.85], [132.75, 33.85], [132.75, 33.84166666666667]]]}}, {"type": "Feature", "properties": {"window_end_month": "2026-05", "window_start_month": "2025-06", "mesh_1km": "50325579", "new_restaurant_permits_12m": 11, "active_mesh_rank": 6, "active_mesh_percentile": 91.67, "active_mesh_zscore": 1.0871, "hotspot_class": "top_20pct_active", "mesh_1km_center_lat": 33.8125, "mesh_1km_center_lon": 132.74375}, "geometry": {"type": "Polygon", "coordinates": [[[132.7375, 33.80833333333333], [132.75, 33.80833333333333], [132.75, 33.81666666666666], [132.7375, 33.81666666666666], [132.7375, 33.80833333333333]]]}}, {"type": "Feature", "properties": {"window_end_month": "2026-05", "window_start_month": "2025-06", "mesh_1km": "50325671", "new_restaurant_permits_12m": 11, "active_mesh_rank": 7, "active_mesh_percentile": 90.0, "active_mesh_zscore": 1.0871, "hotspot_class": "top_20pct_active", "mesh_1km_center_lat": 33.8125, "mesh_1km_center_lon": 132.76874999999998}, "geometry": {"type": "Polygon", "coordinates": [[[132.7625, 33.80833333333333], [132.77499999999998, 33.80833333333333], [132.77499999999998, 33.81666666666666], [132.7625, 33.81666666666666], [132.7625, 33.80833333333333]]]}}, {"type": "Feature", "properties": {"window_end_month": "2026-05", "window_start_month": "2025-06", "mesh_1km": "50325693", "new_restaurant_permits_12m": 11, "active_mesh_rank": 8, "active_mesh_percentile": 88.33, "active_mesh_zscore": 1.0871, "hotspot_class": "top_20pct_active", "mesh_1km_center_lat": 33.829166666666666, "mesh_1km_center_lon": 132.79375}, "geometry": {"type": "Polygon", "coordinates": [[[132.7875, 33.825], [132.79999999999998, 33.825], [132.79999999999998, 33.833333333333336], [132.7875, 33.833333333333336], [132.7875, 33.825]]]}}, {"type": "Feature", "properties": {"window_end_month": "2026-05", "window_start_month": "2025-06", "mesh_1km": "50325680", "new_restaurant_permits_12m": 10, "active_mesh_rank": 9, "active_mesh_percentile": 86.67, "active_mesh_zscore": 0.9132, "hotspot_class": "top_20pct_active", "mesh_1km_center_lat": 33.82083333333334, "mesh_1km_center_lon": 132.75625}, "geometry": {"type": "Polygon", "coordinates": [[[132.75, 33.81666666666667], [132.7625, 33.81666666666667], [132.7625, 33.825], [132.75, 33.825], [132.75, 33.81666666666667]]]}}, {"type": "Feature", "properties": {"window_end_month": "2026-05", "window_start_month": "2025-06", "mesh_1km": "50326602", "new_restaurant_permits_12m": 9, "active_mesh_rank": 10, "active_mesh_percentile": 85.0, "active_mesh_zscore": 0.7392, "hotspot_class": "top_20pct_active", "mesh_1km_center_lat": 33.837500000000006, "mesh_1km_center_lon": 132.78125}, "geometry": {"type": "Polygon", "coordinates": [[[132.775, 33.833333333333336], [132.7875, 33.833333333333336], [132.7875, 33.84166666666667], [132.775, 33.84166666666667], [132.775, 33.833333333333336]]]}}, {"type": "Feature", "properties": {"window_end_month": "2026-05", "window_start_month": "2025-06", "mesh_1km": "50326630", "new_restaurant_permits_12m": 8, "active_mesh_rank": 11, "active_mesh_percentile": 83.33, "active_mesh_zscore": 0.5653, "hotspot_class": "top_20pct_active", "mesh_1km_center_lat": 33.8625, "mesh_1km_center_lon": 132.75625}, "geometry": {"type": "Polygon", "coordinates": [[[132.75, 33.858333333333334], [132.7625, 33.858333333333334], [132.7625, 33.86666666666667], [132.75, 33.86666666666667], [132.75, 33.858333333333334]]]}}, {"type": "Feature", "properties": {"window_end_month": "2026-05", "window_start_month": "2025-06", "mesh_1km": "50325670", "new_restaurant_permits_12m": 7, "active_mesh_rank": 12, "active_mesh_percentile": 81.67, "active_mesh_zscore": 0.3914, "hotspot_class": "top_20pct_active", "mesh_1km_center_lat": 33.8125, "mesh_1km_center_lon": 132.75625}, "geometry": {"type": "Polygon", "coordinates": [[[132.75, 33.80833333333333], [132.7625, 33.80833333333333], [132.7625, 33.81666666666666], [132.75, 33.81666666666666], [132.75, 33.80833333333333]]]}}, {"type": "Feature", "properties": {"window_end_month": "2026-05", "window_start_month": "2025-06", "mesh_1km": "50325691", "new_restaurant_permits_12m": 7, "active_mesh_rank": 13, "active_mesh_percentile": 80.0, "active_mesh_zscore": 0.3914, "hotspot_class": "top_20pct_active", "mesh_1km_center_lat": 33.829166666666666, "mesh_1km_center_lon": 132.76874999999998}, "geometry": {"type": "Polygon", "coordinates": [[[132.7625, 33.825], [132.77499999999998, 33.825], [132.77499999999998, 33.833333333333336], [132.7625, 33.833333333333336], [132.7625, 33.825]]]}}, {"type": "Feature", "properties": {"window_end_month": "2026-05", "window_start_month": "2025-06", "mesh_1km": "50325597", "new_restaurant_permits_12m": 6, "active_mesh_rank": 14, "active_mesh_percentile": 78.33, "active_mesh_zscore": 0.2174, "hotspot_class": "other_active", "mesh_1km_center_lat": 33.829166666666666, "mesh_1km_center_lon": 132.71875}, "geometry": {"type": "Polygon", "coordinates": [[[132.7125, 33.825], [132.725, 33.825], [132.725, 33.833333333333336], [132.7125, 33.833333333333336], [132.7125, 33.825]]]}}, {"type": "Feature", "properties": {"window_end_month": "2026-05", "window_start_month": "2025-06", "mesh_1km": "50325599", "new_restaurant_permits_12m": 6, "active_mesh_rank": 15, "active_mesh_percentile": 76.67, "active_mesh_zscore": 0.2174, "hotspot_class": "other_active", "mesh_1km_center_lat": 33.829166666666666, "mesh_1km_center_lon": 132.74375}, "geometry": {"type": "Polygon", "coordinates": [[[132.7375, 33.825], [132.75, 33.825], [132.75, 33.833333333333336], [132.7375, 33.833333333333336], [132.7375, 33.825]]]}}, {"type": "Feature", "properties": {"window_end_month": "2026-05", "window_start_month": "2025-06", "mesh_1km": "50325598", "new_restaurant_permits_12m": 5, "active_mesh_rank": 16, "active_mesh_percentile": 75.0, "active_mesh_zscore": 0.0435, "hotspot_class": "other_active", "mesh_1km_center_lat": 33.829166666666666, "mesh_1km_center_lon": 132.73125}, "geometry": {"type": "Polygon", "coordinates": [[[132.725, 33.825], [132.73749999999998, 33.825], [132.73749999999998, 33.833333333333336], [132.725, 33.833333333333336], [132.725, 33.825]]]}}, {"type": "Feature", "properties": {"window_end_month": "2026-05", "window_start_month": "2025-06", "mesh_1km": "50325672", "new_restaurant_permits_12m": 5, "active_mesh_rank": 17, "active_mesh_percentile": 73.33, "active_mesh_zscore": 0.0435, "hotspot_class": "other_active", "mesh_1km_center_lat": 33.8125, "mesh_1km_center_lon": 132.78125}, "geometry": {"type": "Polygon", "coordinates": [[[132.775, 33.80833333333333], [132.7875, 33.80833333333333], [132.7875, 33.81666666666666], [132.775, 33.81666666666666], [132.775, 33.80833333333333]]]}}, {"type": "Feature", "properties": {"window_end_month": "2026-05", "window_start_month": "2025-06", "mesh_1km": "50325673", "new_restaurant_permits_12m": 5, "active_mesh_rank": 18, "active_mesh_percentile": 71.67, "active_mesh_zscore": 0.0435, "hotspot_class": "other_active", "mesh_1km_center_lat": 33.8125, "mesh_1km_center_lon": 132.79375}, "geometry": {"type": "Polygon", "coordinates": [[[132.7875, 33.80833333333333], [132.79999999999998, 33.80833333333333], [132.79999999999998, 33.81666666666666], [132.7875, 33.81666666666666], [132.7875, 33.80833333333333]]]}}, {"type": "Feature", "properties": {"window_end_month": "2026-05", "window_start_month": "2025-06", "mesh_1km": "50325690", "new_restaurant_permits_12m": 5, "active_mesh_rank": 19, "active_mesh_percentile": 70.0, "active_mesh_zscore": 0.0435, "hotspot_class": "other_active", "mesh_1km_center_lat": 33.829166666666666, "mesh_1km_center_lon": 132.75625}, "geometry": {"type": "Polygon", "coordinates": [[[132.75, 33.825], [132.7625, 33.825], [132.7625, 33.833333333333336], [132.75, 33.833333333333336], [132.75, 33.825]]]}}, {"type": "Feature", "properties": {"window_end_month": "2026-05", "window_start_month": "2025-06", "mesh_1km": "50325692", "new_restaurant_permits_12m": 5, "active_mesh_rank": 20, "active_mesh_percentile": 68.33, "active_mesh_zscore": 0.0435, "hotspot_class": "other_active", "mesh_1km_center_lat": 33.829166666666666, "mesh_1km_center_lon": 132.78125}, "geometry": {"type": "Polygon", "coordinates": [[[132.775, 33.825], [132.7875, 33.825], [132.7875, 33.833333333333336], [132.775, 33.833333333333336], [132.775, 33.825]]]}}, {"type": "Feature", "properties": {"window_end_month": "2026-05", "window_start_month": "2025-06", "mesh_1km": "50326613", "new_restaurant_permits_12m": 5, "active_mesh_rank": 21, "active_mesh_percentile": 66.67, "active_mesh_zscore": 0.0435, "hotspot_class": "other_active", "mesh_1km_center_lat": 33.84583333333333, "mesh_1km_center_lon": 132.79375}, "geometry": {"type": "Polygon", "coordinates": [[[132.7875, 33.84166666666667], [132.79999999999998, 33.84166666666667], [132.79999999999998, 33.85], [132.7875, 33.85], [132.7875, 33.84166666666667]]]}}, {"type": "Feature", "properties": {"window_end_month": "2026-05", "window_start_month": "2025-06", "mesh_1km": "50325674", "new_restaurant_permits_12m": 4, "active_mesh_rank": 22, "active_mesh_percentile": 65.0, "active_mesh_zscore": -0.1305, "hotspot_class": "other_active", "mesh_1km_center_lat": 33.8125, "mesh_1km_center_lon": 132.80625}, "geometry": {"type": "Polygon", "coordinates": [[[132.8, 33.80833333333333], [132.8125, 33.80833333333333], [132.8125, 33.81666666666666], [132.8, 33.81666666666666], [132.8, 33.80833333333333]]]}}, {"type": "Feature", "properties": {"window_end_month": "2026-05", "window_start_month": "2025-06", "mesh_1km": "50326527", "new_restaurant_permits_12m": 4, "active_mesh_rank": 23, "active_mesh_percentile": 63.33, "active_mesh_zscore": -0.1305, "hotspot_class": "other_active", "mesh_1km_center_lat": 33.85416666666667, "mesh_1km_center_lon": 132.71875}, "geometry": {"type": "Polygon", "coordinates": [[[132.7125, 33.85], [132.725, 33.85], [132.725, 33.858333333333334], [132.7125, 33.858333333333334], [132.7125, 33.85]]]}}, {"type": "Feature", "properties": {"window_end_month": "2026-05", "window_start_month": "2025-06", "mesh_1km": "50326603", "new_restaurant_permits_12m": 4, "active_mesh_rank": 24, "active_mesh_percentile": 61.67, "active_mesh_zscore": -0.1305, "hotspot_class": "other_active", "mesh_1km_center_lat": 33.837500000000006, "mesh_1km_center_lon": 132.79375}, "geometry": {"type": "Polygon", "coordinates": [[[132.7875, 33.833333333333336], [132.79999999999998, 33.833333333333336], [132.79999999999998, 33.84166666666667], [132.7875, 33.84166666666667], [132.7875, 33.833333333333336]]]}}, {"type": "Feature", "properties": {"window_end_month": "2026-05", "window_start_month": "2025-06", "mesh_1km": "50326623", "new_restaurant_permits_12m": 4, "active_mesh_rank": 25, "active_mesh_percentile": 60.0, "active_mesh_zscore": -0.1305, "hotspot_class": "other_active", "mesh_1km_center_lat": 33.85416666666667, "mesh_1km_center_lon": 132.79375}, "geometry": {"type": "Polygon", "coordinates": [[[132.7875, 33.85], [132.79999999999998, 33.85], [132.79999999999998, 33.858333333333334], [132.7875, 33.858333333333334], [132.7875, 33.85]]]}}, {"type": "Feature", "properties": {"window_end_month": "2026-05", "window_start_month": "2025-06", "mesh_1km": "50325578", "new_restaurant_permits_12m": 3, "active_mesh_rank": 26, "active_mesh_percentile": 58.33, "active_mesh_zscore": -0.3044, "hotspot_class": "other_active", "mesh_1km_center_lat": 33.8125, "mesh_1km_center_lon": 132.73125}, "geometry": {"type": "Polygon", "coordinates": [[[132.725, 33.80833333333333], [132.73749999999998, 33.80833333333333], [132.73749999999998, 33.81666666666666], [132.725, 33.81666666666666], [132.725, 33.80833333333333]]]}}, {"type": "Feature", "properties": {"window_end_month": "2026-05", "window_start_month": "2025-06", "mesh_1km": "50325589", "new_restaurant_permits_12m": 3, "active_mesh_rank": 27, "active_mesh_percentile": 56.67, "active_mesh_zscore": -0.3044, "hotspot_class": "other_active", "mesh_1km_center_lat": 33.82083333333334, "mesh_1km_center_lon": 132.74375}, "geometry": {"type": "Polygon", "coordinates": [[[132.7375, 33.81666666666667], [132.75, 33.81666666666667], [132.75, 33.825], [132.7375, 33.825], [132.7375, 33.81666666666667]]]}}, {"type": "Feature", "properties": {"window_end_month": "2026-05", "window_start_month": "2025-06", "mesh_1km": "50325675", "new_restaurant_permits_12m": 3, "active_mesh_rank": 28, "active_mesh_percentile": 55.0, "active_mesh_zscore": -0.3044, "hotspot_class": "other_active", "mesh_1km_center_lat": 33.8125, "mesh_1km_center_lon": 132.81875}, "geometry": {"type": "Polygon", "coordinates": [[[132.8125, 33.80833333333333], [132.825, 33.80833333333333], [132.825, 33.81666666666666], [132.8125, 33.81666666666666], [132.8125, 33.80833333333333]]]}}, {"type": "Feature", "properties": {"window_end_month": "2026-05", "window_start_month": "2025-06", "mesh_1km": "50326528", "new_restaurant_permits_12m": 3, "active_mesh_rank": 29, "active_mesh_percentile": 53.33, "active_mesh_zscore": -0.3044, "hotspot_class": "other_active", "mesh_1km_center_lat": 33.85416666666667, "mesh_1km_center_lon": 132.73125}, "geometry": {"type": "Polygon", "coordinates": [[[132.725, 33.85], [132.73749999999998, 33.85], [132.73749999999998, 33.858333333333334], [132.725, 33.858333333333334], [132.725, 33.85]]]}}, {"type": "Feature", "properties": {"window_end_month": "2026-05", "window_start_month": "2025-06", "mesh_1km": "50326529", "new_restaurant_permits_12m": 3, "active_mesh_rank": 30, "active_mesh_percentile": 51.67, "active_mesh_zscore": -0.3044, "hotspot_class": "other_active", "mesh_1km_center_lat": 33.85416666666667, "mesh_1km_center_lon": 132.74375}, "geometry": {"type": "Polygon", "coordinates": [[[132.7375, 33.85], [132.75, 33.85], [132.75, 33.858333333333334], [132.7375, 33.858333333333334], [132.7375, 33.85]]]}}, {"type": "Feature", "properties": {"window_end_month": "2026-05", "window_start_month": "2025-06", "mesh_1km": "50326588", "new_restaurant_permits_12m": 3, "active_mesh_rank": 31, "active_mesh_percentile": 50.0, "active_mesh_zscore": -0.3044, "hotspot_class": "other_active", "mesh_1km_center_lat": 33.90416666666667, "mesh_1km_center_lon": 132.73125}, "geometry": {"type": "Polygon", "coordinates": [[[132.725, 33.900000000000006], [132.73749999999998, 33.900000000000006], [132.73749999999998, 33.90833333333334], [132.725, 33.90833333333334], [132.725, 33.900000000000006]]]}}, {"type": "Feature", "properties": {"window_end_month": "2026-05", "window_start_month": "2025-06", "mesh_1km": "50326612", "new_restaurant_permits_12m": 3, "active_mesh_rank": 32, "active_mesh_percentile": 48.33, "active_mesh_zscore": -0.3044, "hotspot_class": "other_active", "mesh_1km_center_lat": 33.84583333333333, "mesh_1km_center_lon": 132.78125}, "geometry": {"type": "Polygon", "coordinates": [[[132.775, 33.84166666666667], [132.7875, 33.84166666666667], [132.7875, 33.85], [132.775, 33.85], [132.775, 33.84166666666667]]]}}, {"type": "Feature", "properties": {"window_end_month": "2026-05", "window_start_month": "2025-06", "mesh_1km": "50326620", "new_restaurant_permits_12m": 3, "active_mesh_rank": 33, "active_mesh_percentile": 46.67, "active_mesh_zscore": -0.3044, "hotspot_class": "other_active", "mesh_1km_center_lat": 33.85416666666667, "mesh_1km_center_lon": 132.75625}, "geometry": {"type": "Polygon", "coordinates": [[[132.75, 33.85], [132.7625, 33.85], [132.7625, 33.858333333333334], [132.75, 33.858333333333334], [132.75, 33.85]]]}}, {"type": "Feature", "properties": {"window_end_month": "2026-05", "window_start_month": "2025-06", "mesh_1km": "50327631", "new_restaurant_permits_12m": 3, "active_mesh_rank": 34, "active_mesh_percentile": 45.0, "active_mesh_zscore": -0.3044, "hotspot_class": "other_active", "mesh_1km_center_lat": 33.94583333333334, "mesh_1km_center_lon": 132.76874999999998}, "geometry": {"type": "Polygon", "coordinates": [[[132.7625, 33.94166666666667], [132.77499999999998, 33.94166666666667], [132.77499999999998, 33.95], [132.7625, 33.95], [132.7625, 33.94166666666667]]]}}, {"type": "Feature", "properties": {"window_end_month": "2026-05", "window_start_month": "2025-06", "mesh_1km": "50325661", "new_restaurant_permits_12m": 2, "active_mesh_rank": 35, "active_mesh_percentile": 43.33, "active_mesh_zscore": -0.4783, "hotspot_class": "other_active", "mesh_1km_center_lat": 33.80416666666666, "mesh_1km_center_lon": 132.76874999999998}, "geometry": {"type": "Polygon", "coordinates": [[[132.7625, 33.8], [132.77499999999998, 33.8], [132.77499999999998, 33.80833333333333], [132.7625, 33.80833333333333], [132.7625, 33.8]]]}}, {"type": "Feature", "properties": {"window_end_month": "2026-05", "window_start_month": "2025-06", "mesh_1km": "50326509", "new_restaurant_permits_12m": 2, "active_mesh_rank": 36, "active_mesh_percentile": 41.67, "active_mesh_zscore": -0.4783, "hotspot_class": "other_active", "mesh_1km_center_lat": 33.837500000000006, "mesh_1km_center_lon": 132.74375}, "geometry": {"type": "Polygon", "coordinates": [[[132.7375, 33.833333333333336], [132.75, 33.833333333333336], [132.75, 33.84166666666667], [132.7375, 33.84166666666667], [132.7375, 33.833333333333336]]]}}, {"type": "Feature", "properties": {"window_end_month": "2026-05", "window_start_month": "2025-06", "mesh_1km": "50326640", "new_restaurant_permits_12m": 2, "active_mesh_rank": 37, "active_mesh_percentile": 40.0, "active_mesh_zscore": -0.4783, "hotspot_class": "other_active", "mesh_1km_center_lat": 33.87083333333334, "mesh_1km_center_lon": 132.75625}, "geometry": {"type": "Polygon", "coordinates": [[[132.75, 33.86666666666667], [132.7625, 33.86666666666667], [132.7625, 33.875], [132.75, 33.875], [132.75, 33.86666666666667]]]}}, {"type": "Feature", "properties": {"window_end_month": "2026-05", "window_start_month": "2025-06", "mesh_1km": "50327642", "new_restaurant_permits_12m": 2, "active_mesh_rank": 38, "active_mesh_percentile": 38.33, "active_mesh_zscore": -0.4783, "hotspot_class": "other_active", "mesh_1km_center_lat": 33.954166666666666, "mesh_1km_center_lon": 132.78125}, "geometry": {"type": "Polygon", "coordinates": [[[132.775, 33.95], [132.7875, 33.95], [132.7875, 33.958333333333336], [132.775, 33.958333333333336], [132.775, 33.95]]]}}, {"type": "Feature", "properties": {"window_end_month": "2026-05", "window_start_month": "2025-06", "mesh_1km": "50327651", "new_restaurant_permits_12m": 2, "active_mesh_rank": 39, "active_mesh_percentile": 36.67, "active_mesh_zscore": -0.4783, "hotspot_class": "other_active", "mesh_1km_center_lat": 33.962500000000006, "mesh_1km_center_lon": 132.76874999999998}, "geometry": {"type": "Polygon", "coordinates": [[[132.7625, 33.958333333333336], [132.77499999999998, 33.958333333333336], [132.77499999999998, 33.96666666666667], [132.7625, 33.96666666666667], [132.7625, 33.958333333333336]]]}}, {"type": "Feature", "properties": {"window_end_month": "2026-05", "window_start_month": "2025-06", "mesh_1km": "50327652", "new_restaurant_permits_12m": 2, "active_mesh_rank": 40, "active_mesh_percentile": 35.0, "active_mesh_zscore": -0.4783, "hotspot_class": "other_active", "mesh_1km_center_lat": 33.962500000000006, "mesh_1km_center_lon": 132.78125}, "geometry": {"type": "Polygon", "coordinates": [[[132.775, 33.958333333333336], [132.7875, 33.958333333333336], [132.7875, 33.96666666666667], [132.775, 33.96666666666667], [132.775, 33.958333333333336]]]}}, {"type": "Feature", "properties": {"window_end_month": "2026-05", "window_start_month": "2025-06", "mesh_1km": "50327671", "new_restaurant_permits_12m": 2, "active_mesh_rank": 41, "active_mesh_percentile": 33.33, "active_mesh_zscore": -0.4783, "hotspot_class": "other_active", "mesh_1km_center_lat": 33.97916666666667, "mesh_1km_center_lon": 132.76874999999998}, "geometry": {"type": "Polygon", "coordinates": [[[132.7625, 33.975], [132.77499999999998, 33.975], [132.77499999999998, 33.983333333333334], [132.7625, 33.983333333333334], [132.7625, 33.975]]]}}, {"type": "Feature", "properties": {"window_end_month": "2026-05", "window_start_month": "2025-06", "mesh_1km": "50325568", "new_restaurant_permits_12m": 1, "active_mesh_rank": 42, "active_mesh_percentile": 31.67, "active_mesh_zscore": -0.6523, "hotspot_class": "other_active", "mesh_1km_center_lat": 33.80416666666666, "mesh_1km_center_lon": 132.73125}, "geometry": {"type": "Polygon", "coordinates": [[[132.725, 33.8], [132.73749999999998, 33.8], [132.73749999999998, 33.80833333333333], [132.725, 33.80833333333333], [132.725, 33.8]]]}}, {"type": "Feature", "properties": {"window_end_month": "2026-05", "window_start_month": "2025-06", "mesh_1km": "50325585", "new_restaurant_permits_12m": 1, "active_mesh_rank": 43, "active_mesh_percentile": 30.0, "active_mesh_zscore": -0.6523, "hotspot_class": "other_active", "mesh_1km_center_lat": 33.82083333333334, "mesh_1km_center_lon": 132.69375}, "geometry": {"type": "Polygon", "coordinates": [[[132.6875, 33.81666666666667], [132.7, 33.81666666666667], [132.7, 33.825], [132.6875, 33.825], [132.6875, 33.81666666666667]]]}}, {"type": "Feature", "properties": {"window_end_month": "2026-05", "window_start_month": "2025-06", "mesh_1km": "50325587", "new_restaurant_permits_12m": 1, "active_mesh_rank": 44, "active_mesh_percentile": 28.33, "active_mesh_zscore": -0.6523, "hotspot_class": "other_active", "mesh_1km_center_lat": 33.82083333333334, "mesh_1km_center_lon": 132.71875}, "geometry": {"type": "Polygon", "coordinates": [[[132.7125, 33.81666666666667], [132.725, 33.81666666666667], [132.725, 33.825], [132.7125, 33.825], [132.7125, 33.81666666666667]]]}}, {"type": "Feature", "properties": {"window_end_month": "2026-05", "window_start_month": "2025-06", "mesh_1km": "50325596", "new_restaurant_permits_12m": 1, "active_mesh_rank": 45, "active_mesh_percentile": 26.67, "active_mesh_zscore": -0.6523, "hotspot_class": "other_active", "mesh_1km_center_lat": 33.829166666666666, "mesh_1km_center_lon": 132.70624999999998}, "geometry": {"type": "Polygon", "coordinates": [[[132.7, 33.825], [132.71249999999998, 33.825], [132.71249999999998, 33.833333333333336], [132.7, 33.833333333333336], [132.7, 33.825]]]}}, {"type": "Feature", "properties": {"window_end_month": "2026-05", "window_start_month": "2025-06", "mesh_1km": "50325652", "new_restaurant_permits_12m": 1, "active_mesh_rank": 46, "active_mesh_percentile": 25.0, "active_mesh_zscore": -0.6523, "hotspot_class": "other_active", "mesh_1km_center_lat": 33.795833333333334, "mesh_1km_center_lon": 132.78125}, "geometry": {"type": "Polygon", "coordinates": [[[132.775, 33.791666666666664], [132.7875, 33.791666666666664], [132.7875, 33.8], [132.775, 33.8], [132.775, 33.791666666666664]]]}}, {"type": "Feature", "properties": {"window_end_month": "2026-05", "window_start_month": "2025-06", "mesh_1km": "50325662", "new_restaurant_permits_12m": 1, "active_mesh_rank": 47, "active_mesh_percentile": 23.33, "active_mesh_zscore": -0.6523, "hotspot_class": "other_active", "mesh_1km_center_lat": 33.80416666666666, "mesh_1km_center_lon": 132.78125}, "geometry": {"type": "Polygon", "coordinates": [[[132.775, 33.8], [132.7875, 33.8], [132.7875, 33.80833333333333], [132.775, 33.80833333333333], [132.775, 33.8]]]}}, {"type": "Feature", "properties": {"window_end_month": "2026-05", "window_start_month": "2025-06", "mesh_1km": "50325663", "new_restaurant_permits_12m": 1, "active_mesh_rank": 48, "active_mesh_percentile": 21.67, "active_mesh_zscore": -0.6523, "hotspot_class": "other_active", "mesh_1km_center_lat": 33.80416666666666, "mesh_1km_center_lon": 132.79375}, "geometry": {"type": "Polygon", "coordinates": [[[132.7875, 33.8], [132.79999999999998, 33.8], [132.79999999999998, 33.80833333333333], [132.7875, 33.80833333333333], [132.7875, 33.8]]]}}, {"type": "Feature", "properties": {"window_end_month": "2026-05", "window_start_month": "2025-06", "mesh_1km": "50326538", "new_restaurant_permits_12m": 1, "active_mesh_rank": 49, "active_mesh_percentile": 20.0, "active_mesh_zscore": -0.6523, "hotspot_class": "other_active", "mesh_1km_center_lat": 33.8625, "mesh_1km_center_lon": 132.73125}, "geometry": {"type": "Polygon", "coordinates": [[[132.725, 33.858333333333334], [132.73749999999998, 33.858333333333334], [132.73749999999998, 33.86666666666667], [132.725, 33.86666666666667], [132.725, 33.858333333333334]]]}}, {"type": "Feature", "properties": {"window_end_month": "2026-05", "window_start_month": "2025-06", "mesh_1km": "50326546", "new_restaurant_permits_12m": 1, "active_mesh_rank": 50, "active_mesh_percentile": 18.33, "active_mesh_zscore": -0.6523, "hotspot_class": "other_active", "mesh_1km_center_lat": 33.87083333333334, "mesh_1km_center_lon": 132.70624999999998}, "geometry": {"type": "Polygon", "coordinates": [[[132.7, 33.86666666666667], [132.71249999999998, 33.86666666666667], [132.71249999999998, 33.875], [132.7, 33.875], [132.7, 33.86666666666667]]]}}, {"type": "Feature", "properties": {"window_end_month": "2026-05", "window_start_month": "2025-06", "mesh_1km": "50326547", "new_restaurant_permits_12m": 1, "active_mesh_rank": 51, "active_mesh_percentile": 16.67, "active_mesh_zscore": -0.6523, "hotspot_class": "other_active", "mesh_1km_center_lat": 33.87083333333334, "mesh_1km_center_lon": 132.71875}, "geometry": {"type": "Polygon", "coordinates": [[[132.7125, 33.86666666666667], [132.725, 33.86666666666667], [132.725, 33.875], [132.7125, 33.875], [132.7125, 33.86666666666667]]]}}, {"type": "Feature", "properties": {"window_end_month": "2026-05", "window_start_month": "2025-06", "mesh_1km": "50326578", "new_restaurant_permits_12m": 1, "active_mesh_rank": 52, "active_mesh_percentile": 15.0, "active_mesh_zscore": -0.6523, "hotspot_class": "other_active", "mesh_1km_center_lat": 33.89583333333333, "mesh_1km_center_lon": 132.73125}, "geometry": {"type": "Polygon", "coordinates": [[[132.725, 33.891666666666666], [132.73749999999998, 33.891666666666666], [132.73749999999998, 33.9], [132.725, 33.9], [132.725, 33.891666666666666]]]}}, {"type": "Feature", "properties": {"window_end_month": "2026-05", "window_start_month": "2025-06", "mesh_1km": "50326600", "new_restaurant_permits_12m": 1, "active_mesh_rank": 53, "active_mesh_percentile": 13.33, "active_mesh_zscore": -0.6523, "hotspot_class": "other_active", "mesh_1km_center_lat": 33.837500000000006, "mesh_1km_center_lon": 132.75625}, "geometry": {"type": "Polygon", "coordinates": [[[132.75, 33.833333333333336], [132.7625, 33.833333333333336], [132.7625, 33.84166666666667], [132.75, 33.84166666666667], [132.75, 33.833333333333336]]]}}, {"type": "Feature", "properties": {"window_end_month": "2026-05", "window_start_month": "2025-06", "mesh_1km": "50326621", "new_restaurant_permits_12m": 1, "active_mesh_rank": 54, "active_mesh_percentile": 11.67, "active_mesh_zscore": -0.6523, "hotspot_class": "other_active", "mesh_1km_center_lat": 33.85416666666667, "mesh_1km_center_lon": 132.76874999999998}, "geometry": {"type": "Polygon", "coordinates": [[[132.7625, 33.85], [132.77499999999998, 33.85], [132.77499999999998, 33.858333333333334], [132.7625, 33.858333333333334], [132.7625, 33.85]]]}}, {"type": "Feature", "properties": {"window_end_month": "2026-05", "window_start_month": "2025-06", "mesh_1km": "50327448", "new_restaurant_permits_12m": 1, "active_mesh_rank": 55, "active_mesh_percentile": 10.0, "active_mesh_zscore": -0.6523, "hotspot_class": "other_active", "mesh_1km_center_lat": 33.954166666666666, "mesh_1km_center_lon": 132.60625}, "geometry": {"type": "Polygon", "coordinates": [[[132.6, 33.95], [132.61249999999998, 33.95], [132.61249999999998, 33.958333333333336], [132.6, 33.958333333333336], [132.6, 33.95]]]}}, {"type": "Feature", "properties": {"window_end_month": "2026-05", "window_start_month": "2025-06", "mesh_1km": "50327540", "new_restaurant_permits_12m": 1, "active_mesh_rank": 56, "active_mesh_percentile": 8.33, "active_mesh_zscore": -0.6523, "hotspot_class": "other_active", "mesh_1km_center_lat": 33.954166666666666, "mesh_1km_center_lon": 132.63125}, "geometry": {"type": "Polygon", "coordinates": [[[132.625, 33.95], [132.6375, 33.95], [132.6375, 33.958333333333336], [132.625, 33.958333333333336], [132.625, 33.95]]]}}, {"type": "Feature", "properties": {"window_end_month": "2026-05", "window_start_month": "2025-06", "mesh_1km": "50327560", "new_restaurant_permits_12m": 1, "active_mesh_rank": 57, "active_mesh_percentile": 6.67, "active_mesh_zscore": -0.6523, "hotspot_class": "other_active", "mesh_1km_center_lat": 33.97083333333333, "mesh_1km_center_lon": 132.63125}, "geometry": {"type": "Polygon", "coordinates": [[[132.625, 33.96666666666667], [132.6375, 33.96666666666667], [132.6375, 33.975], [132.625, 33.975], [132.625, 33.96666666666667]]]}}, {"type": "Feature", "properties": {"window_end_month": "2026-05", "window_start_month": "2025-06", "mesh_1km": "50327570", "new_restaurant_permits_12m": 1, "active_mesh_rank": 58, "active_mesh_percentile": 5.0, "active_mesh_zscore": -0.6523, "hotspot_class": "other_active", "mesh_1km_center_lat": 33.97916666666667, "mesh_1km_center_lon": 132.63125}, "geometry": {"type": "Polygon", "coordinates": [[[132.625, 33.975], [132.6375, 33.975], [132.6375, 33.983333333333334], [132.625, 33.983333333333334], [132.625, 33.975]]]}}, {"type": "Feature", "properties": {"window_end_month": "2026-05", "window_start_month": "2025-06", "mesh_1km": "50327661", "new_restaurant_permits_12m": 1, "active_mesh_rank": 59, "active_mesh_percentile": 3.33, "active_mesh_zscore": -0.6523, "hotspot_class": "other_active", "mesh_1km_center_lat": 33.97083333333333, "mesh_1km_center_lon": 132.76874999999998}, "geometry": {"type": "Polygon", "coordinates": [[[132.7625, 33.96666666666667], [132.77499999999998, 33.96666666666667], [132.77499999999998, 33.975], [132.7625, 33.975], [132.7625, 33.96666666666667]]]}}, {"type": "Feature", "properties": {"window_end_month": "2026-05", "window_start_month": "2025-06", "mesh_1km": "50327662", "new_restaurant_permits_12m": 1, "active_mesh_rank": 60, "active_mesh_percentile": 1.67, "active_mesh_zscore": -0.6523, "hotspot_class": "other_active", "mesh_1km_center_lat": 33.97083333333333, "mesh_1km_center_lon": 132.78125}, "geometry": {"type": "Polygon", "coordinates": [[[132.775, 33.96666666666667], [132.7875, 33.96666666666667], [132.7875, 33.975], [132.775, 33.975], [132.775, 33.96666666666667]]]}}, {"type": "Feature", "properties": {"window_end_month": "2026-06", "window_start_month": "2025-07", "mesh_1km": "50326622", "new_restaurant_permits_12m": 37, "active_mesh_rank": 1, "active_mesh_percentile": 100.0, "active_mesh_zscore": 5.8112, "hotspot_class": "top_5pct_active", "mesh_1km_center_lat": 33.85416666666667, "mesh_1km_center_lon": 132.78125}, "geometry": {"type": "Polygon", "coordinates": [[[132.775, 33.85], [132.7875, 33.85], [132.7875, 33.858333333333334], [132.775, 33.858333333333334], [132.775, 33.85]]]}}, {"type": "Feature", "properties": {"window_end_month": "2026-06", "window_start_month": "2025-07", "mesh_1km": "50326537", "new_restaurant_permits_12m": 17, "active_mesh_rank": 2, "active_mesh_percentile": 98.28, "active_mesh_zscore": 2.2294, "hotspot_class": "top_5pct_active", "mesh_1km_center_lat": 33.8625, "mesh_1km_center_lon": 132.71875}, "geometry": {"type": "Polygon", "coordinates": [[[132.7125, 33.858333333333334], [132.725, 33.858333333333334], [132.725, 33.86666666666667], [132.7125, 33.86666666666667], [132.7125, 33.858333333333334]]]}}, {"type": "Feature", "properties": {"window_end_month": "2026-06", "window_start_month": "2025-07", "mesh_1km": "50325681", "new_restaurant_permits_12m": 14, "active_mesh_rank": 3, "active_mesh_percentile": 96.55, "active_mesh_zscore": 1.6921, "hotspot_class": "top_5pct_active", "mesh_1km_center_lat": 33.82083333333334, "mesh_1km_center_lon": 132.76874999999998}, "geometry": {"type": "Polygon", "coordinates": [[[132.7625, 33.81666666666667], [132.77499999999998, 33.81666666666667], [132.77499999999998, 33.825], [132.7625, 33.825], [132.7625, 33.81666666666667]]]}}, {"type": "Feature", "properties": {"window_end_month": "2026-06", "window_start_month": "2025-07", "mesh_1km": "50325579", "new_restaurant_permits_12m": 12, "active_mesh_rank": 4, "active_mesh_percentile": 94.83, "active_mesh_zscore": 1.3339, "hotspot_class": "top_20pct_active", "mesh_1km_center_lat": 33.8125, "mesh_1km_center_lon": 132.74375}, "geometry": {"type": "Polygon", "coordinates": [[[132.7375, 33.80833333333333], [132.75, 33.80833333333333], [132.75, 33.81666666666666], [132.7375, 33.81666666666666], [132.7375, 33.80833333333333]]]}}, {"type": "Feature", "properties": {"window_end_month": "2026-06", "window_start_month": "2025-07", "mesh_1km": "50325693", "new_restaurant_permits_12m": 11, "active_mesh_rank": 5, "active_mesh_percentile": 93.1, "active_mesh_zscore": 1.1548, "hotspot_class": "top_20pct_active", "mesh_1km_center_lat": 33.829166666666666, "mesh_1km_center_lon": 132.79375}, "geometry": {"type": "Polygon", "coordinates": [[[132.7875, 33.825], [132.79999999999998, 33.825], [132.79999999999998, 33.833333333333336], [132.7875, 33.833333333333336], [132.7875, 33.825]]]}}, {"type": "Feature", "properties": {"window_end_month": "2026-06", "window_start_month": "2025-07", "mesh_1km": "50326610", "new_restaurant_permits_12m": 11, "active_mesh_rank": 6, "active_mesh_percentile": 91.38, "active_mesh_zscore": 1.1548, "hotspot_class": "top_20pct_active", "mesh_1km_center_lat": 33.84583333333333, "mesh_1km_center_lon": 132.75625}, "geometry": {"type": "Polygon", "coordinates": [[[132.75, 33.84166666666667], [132.7625, 33.84166666666667], [132.7625, 33.85], [132.75, 33.85], [132.75, 33.84166666666667]]]}}, {"type": "Feature", "properties": {"window_end_month": "2026-06", "window_start_month": "2025-07", "mesh_1km": "50325682", "new_restaurant_permits_12m": 9, "active_mesh_rank": 7, "active_mesh_percentile": 89.66, "active_mesh_zscore": 0.7966, "hotspot_class": "top_20pct_active", "mesh_1km_center_lat": 33.82083333333334, "mesh_1km_center_lon": 132.78125}, "geometry": {"type": "Polygon", "coordinates": [[[132.775, 33.81666666666667], [132.7875, 33.81666666666667], [132.7875, 33.825], [132.775, 33.825], [132.775, 33.81666666666667]]]}}, {"type": "Feature", "properties": {"window_end_month": "2026-06", "window_start_month": "2025-07", "mesh_1km": "50325680", "new_restaurant_permits_12m": 8, "active_mesh_rank": 8, "active_mesh_percentile": 87.93, "active_mesh_zscore": 0.6176, "hotspot_class": "top_20pct_active", "mesh_1km_center_lat": 33.82083333333334, "mesh_1km_center_lon": 132.75625}, "geometry": {"type": "Polygon", "coordinates": [[[132.75, 33.81666666666667], [132.7625, 33.81666666666667], [132.7625, 33.825], [132.75, 33.825], [132.75, 33.81666666666667]]]}}, {"type": "Feature", "properties": {"window_end_month": "2026-06", "window_start_month": "2025-07", "mesh_1km": "50326602", "new_restaurant_permits_12m": 8, "active_mesh_rank": 9, "active_mesh_percentile": 86.21, "active_mesh_zscore": 0.6176, "hotspot_class": "top_20pct_active", "mesh_1km_center_lat": 33.837500000000006, "mesh_1km_center_lon": 132.78125}, "geometry": {"type": "Polygon", "coordinates": [[[132.775, 33.833333333333336], [132.7875, 33.833333333333336], [132.7875, 33.84166666666667], [132.775, 33.84166666666667], [132.775, 33.833333333333336]]]}}, {"type": "Feature", "properties": {"window_end_month": "2026-06", "window_start_month": "2025-07", "mesh_1km": "50325599", "new_restaurant_permits_12m": 7, "active_mesh_rank": 10, "active_mesh_percentile": 84.48, "active_mesh_zscore": 0.4385, "hotspot_class": "top_20pct_active", "mesh_1km_center_lat": 33.829166666666666, "mesh_1km_center_lon": 132.74375}, "geometry": {"type": "Polygon", "coordinates": [[[132.7375, 33.825], [132.75, 33.825], [132.75, 33.833333333333336], [132.7375, 33.833333333333336], [132.7375, 33.825]]]}}, {"type": "Feature", "properties": {"window_end_month": "2026-06", "window_start_month": "2025-07", "mesh_1km": "50325671", "new_restaurant_permits_12m": 7, "active_mesh_rank": 11, "active_mesh_percentile": 82.76, "active_mesh_zscore": 0.4385, "hotspot_class": "top_20pct_active", "mesh_1km_center_lat": 33.8125, "mesh_1km_center_lon": 132.76874999999998}, "geometry": {"type": "Polygon", "coordinates": [[[132.7625, 33.80833333333333], [132.77499999999998, 33.80833333333333], [132.77499999999998, 33.81666666666666], [132.7625, 33.81666666666666], [132.7625, 33.80833333333333]]]}}, {"type": "Feature", "properties": {"window_end_month": "2026-06", "window_start_month": "2025-07", "mesh_1km": "50326630", "new_restaurant_permits_12m": 7, "active_mesh_rank": 12, "active_mesh_percentile": 81.03, "active_mesh_zscore": 0.4385, "hotspot_class": "top_20pct_active", "mesh_1km_center_lat": 33.8625, "mesh_1km_center_lon": 132.75625}, "geometry": {"type": "Polygon", "coordinates": [[[132.75, 33.858333333333334], [132.7625, 33.858333333333334], [132.7625, 33.86666666666667], [132.75, 33.86666666666667], [132.75, 33.858333333333334]]]}}, {"type": "Feature", "properties": {"window_end_month": "2026-06", "window_start_month": "2025-07", "mesh_1km": "50325690", "new_restaurant_permits_12m": 6, "active_mesh_rank": 13, "active_mesh_percentile": 79.31, "active_mesh_zscore": 0.2594, "hotspot_class": "other_active", "mesh_1km_center_lat": 33.829166666666666, "mesh_1km_center_lon": 132.75625}, "geometry": {"type": "Polygon", "coordinates": [[[132.75, 33.825], [132.7625, 33.825], [132.7625, 33.833333333333336], [132.75, 33.833333333333336], [132.75, 33.825]]]}}, {"type": "Feature", "properties": {"window_end_month": "2026-06", "window_start_month": "2025-07", "mesh_1km": "50325691", "new_restaurant_permits_12m": 6, "active_mesh_rank": 14, "active_mesh_percentile": 77.59, "active_mesh_zscore": 0.2594, "hotspot_class": "other_active", "mesh_1km_center_lat": 33.829166666666666, "mesh_1km_center_lon": 132.76874999999998}, "geometry": {"type": "Polygon", "coordinates": [[[132.7625, 33.825], [132.77499999999998, 33.825], [132.77499999999998, 33.833333333333336], [132.7625, 33.833333333333336], [132.7625, 33.825]]]}}, {"type": "Feature", "properties": {"window_end_month": "2026-06", "window_start_month": "2025-07", "mesh_1km": "50325692", "new_restaurant_permits_12m": 6, "active_mesh_rank": 15, "active_mesh_percentile": 75.86, "active_mesh_zscore": 0.2594, "hotspot_class": "other_active", "mesh_1km_center_lat": 33.829166666666666, "mesh_1km_center_lon": 132.78125}, "geometry": {"type": "Polygon", "coordinates": [[[132.775, 33.825], [132.7875, 33.825], [132.7875, 33.833333333333336], [132.775, 33.833333333333336], [132.775, 33.825]]]}}, {"type": "Feature", "properties": {"window_end_month": "2026-06", "window_start_month": "2025-07", "mesh_1km": "50325597", "new_restaurant_permits_12m": 5, "active_mesh_rank": 16, "active_mesh_percentile": 74.14, "active_mesh_zscore": 0.0803, "hotspot_class": "other_active", "mesh_1km_center_lat": 33.829166666666666, "mesh_1km_center_lon": 132.71875}, "geometry": {"type": "Polygon", "coordinates": [[[132.7125, 33.825], [132.725, 33.825], [132.725, 33.833333333333336], [132.7125, 33.833333333333336], [132.7125, 33.825]]]}}, {"type": "Feature", "properties": {"window_end_month": "2026-06", "window_start_month": "2025-07", "mesh_1km": "50325598", "new_restaurant_permits_12m": 5, "active_mesh_rank": 17, "active_mesh_percentile": 72.41, "active_mesh_zscore": 0.0803, "hotspot_class": "other_active", "mesh_1km_center_lat": 33.829166666666666, "mesh_1km_center_lon": 132.73125}, "geometry": {"type": "Polygon", "coordinates": [[[132.725, 33.825], [132.73749999999998, 33.825], [132.73749999999998, 33.833333333333336], [132.725, 33.833333333333336], [132.725, 33.825]]]}}, {"type": "Feature", "properties": {"window_end_month": "2026-06", "window_start_month": "2025-07", "mesh_1km": "50325670", "new_restaurant_permits_12m": 5, "active_mesh_rank": 18, "active_mesh_percentile": 70.69, "active_mesh_zscore": 0.0803, "hotspot_class": "other_active", "mesh_1km_center_lat": 33.8125, "mesh_1km_center_lon": 132.75625}, "geometry": {"type": "Polygon", "coordinates": [[[132.75, 33.80833333333333], [132.7625, 33.80833333333333], [132.7625, 33.81666666666666], [132.75, 33.81666666666666], [132.75, 33.80833333333333]]]}}, {"type": "Feature", "properties": {"window_end_month": "2026-06", "window_start_month": "2025-07", "mesh_1km": "50326613", "new_restaurant_permits_12m": 5, "active_mesh_rank": 19, "active_mesh_percentile": 68.97, "active_mesh_zscore": 0.0803, "hotspot_class": "other_active", "mesh_1km_center_lat": 33.84583333333333, "mesh_1km_center_lon": 132.79375}, "geometry": {"type": "Polygon", "coordinates": [[[132.7875, 33.84166666666667], [132.79999999999998, 33.84166666666667], [132.79999999999998, 33.85], [132.7875, 33.85], [132.7875, 33.84166666666667]]]}}, {"type": "Feature", "properties": {"window_end_month": "2026-06", "window_start_month": "2025-07", "mesh_1km": "50326623", "new_restaurant_permits_12m": 5, "active_mesh_rank": 20, "active_mesh_percentile": 67.24, "active_mesh_zscore": 0.0803, "hotspot_class": "other_active", "mesh_1km_center_lat": 33.85416666666667, "mesh_1km_center_lon": 132.79375}, "geometry": {"type": "Polygon", "coordinates": [[[132.7875, 33.85], [132.79999999999998, 33.85], [132.79999999999998, 33.858333333333334], [132.7875, 33.858333333333334], [132.7875, 33.85]]]}}, {"type": "Feature", "properties": {"window_end_month": "2026-06", "window_start_month": "2025-07", "mesh_1km": "50325672", "new_restaurant_permits_12m": 4, "active_mesh_rank": 21, "active_mesh_percentile": 65.52, "active_mesh_zscore": -0.0988, "hotspot_class": "other_active", "mesh_1km_center_lat": 33.8125, "mesh_1km_center_lon": 132.78125}, "geometry": {"type": "Polygon", "coordinates": [[[132.775, 33.80833333333333], [132.7875, 33.80833333333333], [132.7875, 33.81666666666666], [132.775, 33.81666666666666], [132.775, 33.80833333333333]]]}}, {"type": "Feature", "properties": {"window_end_month": "2026-06", "window_start_month": "2025-07", "mesh_1km": "50325673", "new_restaurant_permits_12m": 4, "active_mesh_rank": 22, "active_mesh_percentile": 63.79, "active_mesh_zscore": -0.0988, "hotspot_class": "other_active", "mesh_1km_center_lat": 33.8125, "mesh_1km_center_lon": 132.79375}, "geometry": {"type": "Polygon", "coordinates": [[[132.7875, 33.80833333333333], [132.79999999999998, 33.80833333333333], [132.79999999999998, 33.81666666666666], [132.7875, 33.81666666666666], [132.7875, 33.80833333333333]]]}}, {"type": "Feature", "properties": {"window_end_month": "2026-06", "window_start_month": "2025-07", "mesh_1km": "50326527", "new_restaurant_permits_12m": 4, "active_mesh_rank": 23, "active_mesh_percentile": 62.07, "active_mesh_zscore": -0.0988, "hotspot_class": "other_active", "mesh_1km_center_lat": 33.85416666666667, "mesh_1km_center_lon": 132.71875}, "geometry": {"type": "Polygon", "coordinates": [[[132.7125, 33.85], [132.725, 33.85], [132.725, 33.858333333333334], [132.7125, 33.858333333333334], [132.7125, 33.85]]]}}, {"type": "Feature", "properties": {"window_end_month": "2026-06", "window_start_month": "2025-07", "mesh_1km": "50326603", "new_restaurant_permits_12m": 4, "active_mesh_rank": 24, "active_mesh_percentile": 60.34, "active_mesh_zscore": -0.0988, "hotspot_class": "other_active", "mesh_1km_center_lat": 33.837500000000006, "mesh_1km_center_lon": 132.79375}, "geometry": {"type": "Polygon", "coordinates": [[[132.7875, 33.833333333333336], [132.79999999999998, 33.833333333333336], [132.79999999999998, 33.84166666666667], [132.7875, 33.84166666666667], [132.7875, 33.833333333333336]]]}}, {"type": "Feature", "properties": {"window_end_month": "2026-06", "window_start_month": "2025-07", "mesh_1km": "50325578", "new_restaurant_permits_12m": 3, "active_mesh_rank": 25, "active_mesh_percentile": 58.62, "active_mesh_zscore": -0.2779, "hotspot_class": "other_active", "mesh_1km_center_lat": 33.8125, "mesh_1km_center_lon": 132.73125}, "geometry": {"type": "Polygon", "coordinates": [[[132.725, 33.80833333333333], [132.73749999999998, 33.80833333333333], [132.73749999999998, 33.81666666666666], [132.725, 33.81666666666666], [132.725, 33.80833333333333]]]}}, {"type": "Feature", "properties": {"window_end_month": "2026-06", "window_start_month": "2025-07", "mesh_1km": "50325674", "new_restaurant_permits_12m": 3, "active_mesh_rank": 26, "active_mesh_percentile": 56.9, "active_mesh_zscore": -0.2779, "hotspot_class": "other_active", "mesh_1km_center_lat": 33.8125, "mesh_1km_center_lon": 132.80625}, "geometry": {"type": "Polygon", "coordinates": [[[132.8, 33.80833333333333], [132.8125, 33.80833333333333], [132.8125, 33.81666666666666], [132.8, 33.81666666666666], [132.8, 33.80833333333333]]]}}, {"type": "Feature", "properties": {"window_end_month": "2026-06", "window_start_month": "2025-07", "mesh_1km": "50325675", "new_restaurant_permits_12m": 3, "active_mesh_rank": 27, "active_mesh_percentile": 55.17, "active_mesh_zscore": -0.2779, "hotspot_class": "other_active", "mesh_1km_center_lat": 33.8125, "mesh_1km_center_lon": 132.81875}, "geometry": {"type": "Polygon", "coordinates": [[[132.8125, 33.80833333333333], [132.825, 33.80833333333333], [132.825, 33.81666666666666], [132.8125, 33.81666666666666], [132.8125, 33.80833333333333]]]}}, {"type": "Feature", "properties": {"window_end_month": "2026-06", "window_start_month": "2025-07", "mesh_1km": "50326529", "new_restaurant_permits_12m": 3, "active_mesh_rank": 28, "active_mesh_percentile": 53.45, "active_mesh_zscore": -0.2779, "hotspot_class": "other_active", "mesh_1km_center_lat": 33.85416666666667, "mesh_1km_center_lon": 132.74375}, "geometry": {"type": "Polygon", "coordinates": [[[132.7375, 33.85], [132.75, 33.85], [132.75, 33.858333333333334], [132.7375, 33.858333333333334], [132.7375, 33.85]]]}}, {"type": "Feature", "properties": {"window_end_month": "2026-06", "window_start_month": "2025-07", "mesh_1km": "50326588", "new_restaurant_permits_12m": 3, "active_mesh_rank": 29, "active_mesh_percentile": 51.72, "active_mesh_zscore": -0.2779, "hotspot_class": "other_active", "mesh_1km_center_lat": 33.90416666666667, "mesh_1km_center_lon": 132.73125}, "geometry": {"type": "Polygon", "coordinates": [[[132.725, 33.900000000000006], [132.73749999999998, 33.900000000000006], [132.73749999999998, 33.90833333333334], [132.725, 33.90833333333334], [132.725, 33.900000000000006]]]}}, {"type": "Feature", "properties": {"window_end_month": "2026-06", "window_start_month": "2025-07", "mesh_1km": "50326612", "new_restaurant_permits_12m": 3, "active_mesh_rank": 30, "active_mesh_percentile": 50.0, "active_mesh_zscore": -0.2779, "hotspot_class": "other_active", "mesh_1km_center_lat": 33.84583333333333, "mesh_1km_center_lon": 132.78125}, "geometry": {"type": "Polygon", "coordinates": [[[132.775, 33.84166666666667], [132.7875, 33.84166666666667], [132.7875, 33.85], [132.775, 33.85], [132.775, 33.84166666666667]]]}}, {"type": "Feature", "properties": {"window_end_month": "2026-06", "window_start_month": "2025-07", "mesh_1km": "50326620", "new_restaurant_permits_12m": 3, "active_mesh_rank": 31, "active_mesh_percentile": 48.28, "active_mesh_zscore": -0.2779, "hotspot_class": "other_active", "mesh_1km_center_lat": 33.85416666666667, "mesh_1km_center_lon": 132.75625}, "geometry": {"type": "Polygon", "coordinates": [[[132.75, 33.85], [132.7625, 33.85], [132.7625, 33.858333333333334], [132.75, 33.858333333333334], [132.75, 33.85]]]}}, {"type": "Feature", "properties": {"window_end_month": "2026-06", "window_start_month": "2025-07", "mesh_1km": "50325589", "new_restaurant_permits_12m": 2, "active_mesh_rank": 32, "active_mesh_percentile": 46.55, "active_mesh_zscore": -0.457, "hotspot_class": "other_active", "mesh_1km_center_lat": 33.82083333333334, "mesh_1km_center_lon": 132.74375}, "geometry": {"type": "Polygon", "coordinates": [[[132.7375, 33.81666666666667], [132.75, 33.81666666666667], [132.75, 33.825], [132.7375, 33.825], [132.7375, 33.81666666666667]]]}}, {"type": "Feature", "properties": {"window_end_month": "2026-06", "window_start_month": "2025-07", "mesh_1km": "50326509", "new_restaurant_permits_12m": 2, "active_mesh_rank": 33, "active_mesh_percentile": 44.83, "active_mesh_zscore": -0.457, "hotspot_class": "other_active", "mesh_1km_center_lat": 33.837500000000006, "mesh_1km_center_lon": 132.74375}, "geometry": {"type": "Polygon", "coordinates": [[[132.7375, 33.833333333333336], [132.75, 33.833333333333336], [132.75, 33.84166666666667], [132.7375, 33.84166666666667], [132.7375, 33.833333333333336]]]}}, {"type": "Feature", "properties": {"window_end_month": "2026-06", "window_start_month": "2025-07", "mesh_1km": "50326528", "new_restaurant_permits_12m": 2, "active_mesh_rank": 34, "active_mesh_percentile": 43.1, "active_mesh_zscore": -0.457, "hotspot_class": "other_active", "mesh_1km_center_lat": 33.85416666666667, "mesh_1km_center_lon": 132.73125}, "geometry": {"type": "Polygon", "coordinates": [[[132.725, 33.85], [132.73749999999998, 33.85], [132.73749999999998, 33.858333333333334], [132.725, 33.858333333333334], [132.725, 33.85]]]}}, {"type": "Feature", "properties": {"window_end_month": "2026-06", "window_start_month": "2025-07", "mesh_1km": "50326640", "new_restaurant_permits_12m": 2, "active_mesh_rank": 35, "active_mesh_percentile": 41.38, "active_mesh_zscore": -0.457, "hotspot_class": "other_active", "mesh_1km_center_lat": 33.87083333333334, "mesh_1km_center_lon": 132.75625}, "geometry": {"type": "Polygon", "coordinates": [[[132.75, 33.86666666666667], [132.7625, 33.86666666666667], [132.7625, 33.875], [132.75, 33.875], [132.75, 33.86666666666667]]]}}, {"type": "Feature", "properties": {"window_end_month": "2026-06", "window_start_month": "2025-07", "mesh_1km": "50327631", "new_restaurant_permits_12m": 2, "active_mesh_rank": 36, "active_mesh_percentile": 39.66, "active_mesh_zscore": -0.457, "hotspot_class": "other_active", "mesh_1km_center_lat": 33.94583333333334, "mesh_1km_center_lon": 132.76874999999998}, "geometry": {"type": "Polygon", "coordinates": [[[132.7625, 33.94166666666667], [132.77499999999998, 33.94166666666667], [132.77499999999998, 33.95], [132.7625, 33.95], [132.7625, 33.94166666666667]]]}}, {"type": "Feature", "properties": {"window_end_month": "2026-06", "window_start_month": "2025-07", "mesh_1km": "50327642", "new_restaurant_permits_12m": 2, "active_mesh_rank": 37, "active_mesh_percentile": 37.93, "active_mesh_zscore": -0.457, "hotspot_class": "other_active", "mesh_1km_center_lat": 33.954166666666666, "mesh_1km_center_lon": 132.78125}, "geometry": {"type": "Polygon", "coordinates": [[[132.775, 33.95], [132.7875, 33.95], [132.7875, 33.958333333333336], [132.775, 33.958333333333336], [132.775, 33.95]]]}}, {"type": "Feature", "properties": {"window_end_month": "2026-06", "window_start_month": "2025-07", "mesh_1km": "50327651", "new_restaurant_permits_12m": 2, "active_mesh_rank": 38, "active_mesh_percentile": 36.21, "active_mesh_zscore": -0.457, "hotspot_class": "other_active", "mesh_1km_center_lat": 33.962500000000006, "mesh_1km_center_lon": 132.76874999999998}, "geometry": {"type": "Polygon", "coordinates": [[[132.7625, 33.958333333333336], [132.77499999999998, 33.958333333333336], [132.77499999999998, 33.96666666666667], [132.7625, 33.96666666666667], [132.7625, 33.958333333333336]]]}}, {"type": "Feature", "properties": {"window_end_month": "2026-06", "window_start_month": "2025-07", "mesh_1km": "50327652", "new_restaurant_permits_12m": 2, "active_mesh_rank": 39, "active_mesh_percentile": 34.48, "active_mesh_zscore": -0.457, "hotspot_class": "other_active", "mesh_1km_center_lat": 33.962500000000006, "mesh_1km_center_lon": 132.78125}, "geometry": {"type": "Polygon", "coordinates": [[[132.775, 33.958333333333336], [132.7875, 33.958333333333336], [132.7875, 33.96666666666667], [132.775, 33.96666666666667], [132.775, 33.958333333333336]]]}}, {"type": "Feature", "properties": {"window_end_month": "2026-06", "window_start_month": "2025-07", "mesh_1km": "50327661", "new_restaurant_permits_12m": 2, "active_mesh_rank": 40, "active_mesh_percentile": 32.76, "active_mesh_zscore": -0.457, "hotspot_class": "other_active", "mesh_1km_center_lat": 33.97083333333333, "mesh_1km_center_lon": 132.76874999999998}, "geometry": {"type": "Polygon", "coordinates": [[[132.7625, 33.96666666666667], [132.77499999999998, 33.96666666666667], [132.77499999999998, 33.975], [132.7625, 33.975], [132.7625, 33.96666666666667]]]}}, {"type": "Feature", "properties": {"window_end_month": "2026-06", "window_start_month": "2025-07", "mesh_1km": "50325585", "new_restaurant_permits_12m": 1, "active_mesh_rank": 41, "active_mesh_percentile": 31.03, "active_mesh_zscore": -0.6361, "hotspot_class": "other_active", "mesh_1km_center_lat": 33.82083333333334, "mesh_1km_center_lon": 132.69375}, "geometry": {"type": "Polygon", "coordinates": [[[132.6875, 33.81666666666667], [132.7, 33.81666666666667], [132.7, 33.825], [132.6875, 33.825], [132.6875, 33.81666666666667]]]}}, {"type": "Feature", "properties": {"window_end_month": "2026-06", "window_start_month": "2025-07", "mesh_1km": "50325587", "new_restaurant_permits_12m": 1, "active_mesh_rank": 42, "active_mesh_percentile": 29.31, "active_mesh_zscore": -0.6361, "hotspot_class": "other_active", "mesh_1km_center_lat": 33.82083333333334, "mesh_1km_center_lon": 132.71875}, "geometry": {"type": "Polygon", "coordinates": [[[132.7125, 33.81666666666667], [132.725, 33.81666666666667], [132.725, 33.825], [132.7125, 33.825], [132.7125, 33.81666666666667]]]}}, {"type": "Feature", "properties": {"window_end_month": "2026-06", "window_start_month": "2025-07", "mesh_1km": "50325596", "new_restaurant_permits_12m": 1, "active_mesh_rank": 43, "active_mesh_percentile": 27.59, "active_mesh_zscore": -0.6361, "hotspot_class": "other_active", "mesh_1km_center_lat": 33.829166666666666, "mesh_1km_center_lon": 132.70624999999998}, "geometry": {"type": "Polygon", "coordinates": [[[132.7, 33.825], [132.71249999999998, 33.825], [132.71249999999998, 33.833333333333336], [132.7, 33.833333333333336], [132.7, 33.825]]]}}, {"type": "Feature", "properties": {"window_end_month": "2026-06", "window_start_month": "2025-07", "mesh_1km": "50325652", "new_restaurant_permits_12m": 1, "active_mesh_rank": 44, "active_mesh_percentile": 25.86, "active_mesh_zscore": -0.6361, "hotspot_class": "other_active", "mesh_1km_center_lat": 33.795833333333334, "mesh_1km_center_lon": 132.78125}, "geometry": {"type": "Polygon", "coordinates": [[[132.775, 33.791666666666664], [132.7875, 33.791666666666664], [132.7875, 33.8], [132.775, 33.8], [132.775, 33.791666666666664]]]}}, {"type": "Feature", "properties": {"window_end_month": "2026-06", "window_start_month": "2025-07", "mesh_1km": "50325661", "new_restaurant_permits_12m": 1, "active_mesh_rank": 45, "active_mesh_percentile": 24.14, "active_mesh_zscore": -0.6361, "hotspot_class": "other_active", "mesh_1km_center_lat": 33.80416666666666, "mesh_1km_center_lon": 132.76874999999998}, "geometry": {"type": "Polygon", "coordinates": [[[132.7625, 33.8], [132.77499999999998, 33.8], [132.77499999999998, 33.80833333333333], [132.7625, 33.80833333333333], [132.7625, 33.8]]]}}, {"type": "Feature", "properties": {"window_end_month": "2026-06", "window_start_month": "2025-07", "mesh_1km": "50325663", "new_restaurant_permits_12m": 1, "active_mesh_rank": 46, "active_mesh_percentile": 22.41, "active_mesh_zscore": -0.6361, "hotspot_class": "other_active", "mesh_1km_center_lat": 33.80416666666666, "mesh_1km_center_lon": 132.79375}, "geometry": {"type": "Polygon", "coordinates": [[[132.7875, 33.8], [132.79999999999998, 33.8], [132.79999999999998, 33.80833333333333], [132.7875, 33.80833333333333], [132.7875, 33.8]]]}}, {"type": "Feature", "properties": {"window_end_month": "2026-06", "window_start_month": "2025-07", "mesh_1km": "50326538", "new_restaurant_permits_12m": 1, "active_mesh_rank": 47, "active_mesh_percentile": 20.69, "active_mesh_zscore": -0.6361, "hotspot_class": "other_active", "mesh_1km_center_lat": 33.8625, "mesh_1km_center_lon": 132.73125}, "geometry": {"type": "Polygon", "coordinates": [[[132.725, 33.858333333333334], [132.73749999999998, 33.858333333333334], [132.73749999999998, 33.86666666666667], [132.725, 33.86666666666667], [132.725, 33.858333333333334]]]}}, {"type": "Feature", "properties": {"window_end_month": "2026-06", "window_start_month": "2025-07", "mesh_1km": "50326546", "new_restaurant_permits_12m": 1, "active_mesh_rank": 48, "active_mesh_percentile": 18.97, "active_mesh_zscore": -0.6361, "hotspot_class": "other_active", "mesh_1km_center_lat": 33.87083333333334, "mesh_1km_center_lon": 132.70624999999998}, "geometry": {"type": "Polygon", "coordinates": [[[132.7, 33.86666666666667], [132.71249999999998, 33.86666666666667], [132.71249999999998, 33.875], [132.7, 33.875], [132.7, 33.86666666666667]]]}}, {"type": "Feature", "properties": {"window_end_month": "2026-06", "window_start_month": "2025-07", "mesh_1km": "50326547", "new_restaurant_permits_12m": 1, "active_mesh_rank": 49, "active_mesh_percentile": 17.24, "active_mesh_zscore": -0.6361, "hotspot_class": "other_active", "mesh_1km_center_lat": 33.87083333333334, "mesh_1km_center_lon": 132.71875}, "geometry": {"type": "Polygon", "coordinates": [[[132.7125, 33.86666666666667], [132.725, 33.86666666666667], [132.725, 33.875], [132.7125, 33.875], [132.7125, 33.86666666666667]]]}}, {"type": "Feature", "properties": {"window_end_month": "2026-06", "window_start_month": "2025-07", "mesh_1km": "50326578", "new_restaurant_permits_12m": 1, "active_mesh_rank": 50, "active_mesh_percentile": 15.52, "active_mesh_zscore": -0.6361, "hotspot_class": "other_active", "mesh_1km_center_lat": 33.89583333333333, "mesh_1km_center_lon": 132.73125}, "geometry": {"type": "Polygon", "coordinates": [[[132.725, 33.891666666666666], [132.73749999999998, 33.891666666666666], [132.73749999999998, 33.9], [132.725, 33.9], [132.725, 33.891666666666666]]]}}, {"type": "Feature", "properties": {"window_end_month": "2026-06", "window_start_month": "2025-07", "mesh_1km": "50326600", "new_restaurant_permits_12m": 1, "active_mesh_rank": 51, "active_mesh_percentile": 13.79, "active_mesh_zscore": -0.6361, "hotspot_class": "other_active", "mesh_1km_center_lat": 33.837500000000006, "mesh_1km_center_lon": 132.75625}, "geometry": {"type": "Polygon", "coordinates": [[[132.75, 33.833333333333336], [132.7625, 33.833333333333336], [132.7625, 33.84166666666667], [132.75, 33.84166666666667], [132.75, 33.833333333333336]]]}}, {"type": "Feature", "properties": {"window_end_month": "2026-06", "window_start_month": "2025-07", "mesh_1km": "50326621", "new_restaurant_permits_12m": 1, "active_mesh_rank": 52, "active_mesh_percentile": 12.07, "active_mesh_zscore": -0.6361, "hotspot_class": "other_active", "mesh_1km_center_lat": 33.85416666666667, "mesh_1km_center_lon": 132.76874999999998}, "geometry": {"type": "Polygon", "coordinates": [[[132.7625, 33.85], [132.77499999999998, 33.85], [132.77499999999998, 33.858333333333334], [132.7625, 33.858333333333334], [132.7625, 33.85]]]}}, {"type": "Feature", "properties": {"window_end_month": "2026-06", "window_start_month": "2025-07", "mesh_1km": "50327448", "new_restaurant_permits_12m": 1, "active_mesh_rank": 53, "active_mesh_percentile": 10.34, "active_mesh_zscore": -0.6361, "hotspot_class": "other_active", "mesh_1km_center_lat": 33.954166666666666, "mesh_1km_center_lon": 132.60625}, "geometry": {"type": "Polygon", "coordinates": [[[132.6, 33.95], [132.61249999999998, 33.95], [132.61249999999998, 33.958333333333336], [132.6, 33.958333333333336], [132.6, 33.95]]]}}, {"type": "Feature", "properties": {"window_end_month": "2026-06", "window_start_month": "2025-07", "mesh_1km": "50327540", "new_restaurant_permits_12m": 1, "active_mesh_rank": 54, "active_mesh_percentile": 8.62, "active_mesh_zscore": -0.6361, "hotspot_class": "other_active", "mesh_1km_center_lat": 33.954166666666666, "mesh_1km_center_lon": 132.63125}, "geometry": {"type": "Polygon", "coordinates": [[[132.625, 33.95], [132.6375, 33.95], [132.6375, 33.958333333333336], [132.625, 33.958333333333336], [132.625, 33.95]]]}}, {"type": "Feature", "properties": {"window_end_month": "2026-06", "window_start_month": "2025-07", "mesh_1km": "50327560", "new_restaurant_permits_12m": 1, "active_mesh_rank": 55, "active_mesh_percentile": 6.9, "active_mesh_zscore": -0.6361, "hotspot_class": "other_active", "mesh_1km_center_lat": 33.97083333333333, "mesh_1km_center_lon": 132.63125}, "geometry": {"type": "Polygon", "coordinates": [[[132.625, 33.96666666666667], [132.6375, 33.96666666666667], [132.6375, 33.975], [132.625, 33.975], [132.625, 33.96666666666667]]]}}, {"type": "Feature", "properties": {"window_end_month": "2026-06", "window_start_month": "2025-07", "mesh_1km": "50327570", "new_restaurant_permits_12m": 1, "active_mesh_rank": 56, "active_mesh_percentile": 5.17, "active_mesh_zscore": -0.6361, "hotspot_class": "other_active", "mesh_1km_center_lat": 33.97916666666667, "mesh_1km_center_lon": 132.63125}, "geometry": {"type": "Polygon", "coordinates": [[[132.625, 33.975], [132.6375, 33.975], [132.6375, 33.983333333333334], [132.625, 33.983333333333334], [132.625, 33.975]]]}}, {"type": "Feature", "properties": {"window_end_month": "2026-06", "window_start_month": "2025-07", "mesh_1km": "50327662", "new_restaurant_permits_12m": 1, "active_mesh_rank": 57, "active_mesh_percentile": 3.45, "active_mesh_zscore": -0.6361, "hotspot_class": "other_active", "mesh_1km_center_lat": 33.97083333333333, "mesh_1km_center_lon": 132.78125}, "geometry": {"type": "Polygon", "coordinates": [[[132.775, 33.96666666666667], [132.7875, 33.96666666666667], [132.7875, 33.975], [132.775, 33.975], [132.775, 33.96666666666667]]]}}, {"type": "Feature", "properties": {"window_end_month": "2026-06", "window_start_month": "2025-07", "mesh_1km": "50327671", "new_restaurant_permits_12m": 1, "active_mesh_rank": 58, "active_mesh_percentile": 1.72, "active_mesh_zscore": -0.6361, "hotspot_class": "other_active", "mesh_1km_center_lat": 33.97916666666667, "mesh_1km_center_lon": 132.76874999999998}, "geometry": {"type": "Polygon", "coordinates": [[[132.7625, 33.975], [132.77499999999998, 33.975], [132.77499999999998, 33.983333333333334], [132.7625, 33.983333333333334], [132.7625, 33.975]]]}}, {"type": "Feature", "properties": {"window_end_month": "2026-07", "window_start_month": "2025-08", "mesh_1km": "50326622", "new_restaurant_permits_12m": 39, "active_mesh_rank": 1, "active_mesh_percentile": 100.0, "active_mesh_zscore": 5.8155, "hotspot_class": "top_5pct_active", "mesh_1km_center_lat": 33.85416666666667, "mesh_1km_center_lon": 132.78125}, "geometry": {"type": "Polygon", "coordinates": [[[132.775, 33.85], [132.7875, 33.85], [132.7875, 33.858333333333334], [132.775, 33.858333333333334], [132.775, 33.85]]]}}, {"type": "Feature", "properties": {"window_end_month": "2026-07", "window_start_month": "2025-08", "mesh_1km": "50326537", "new_restaurant_permits_12m": 18, "active_mesh_rank": 2, "active_mesh_percentile": 98.25, "active_mesh_zscore": 2.2493, "hotspot_class": "top_5pct_active", "mesh_1km_center_lat": 33.8625, "mesh_1km_center_lon": 132.71875}, "geometry": {"type": "Polygon", "coordinates": [[[132.7125, 33.858333333333334], [132.725, 33.858333333333334], [132.725, 33.86666666666667], [132.7125, 33.86666666666667], [132.7125, 33.858333333333334]]]}}, {"type": "Feature", "properties": {"window_end_month": "2026-07", "window_start_month": "2025-08", "mesh_1km": "50325681", "new_restaurant_permits_12m": 14, "active_mesh_rank": 3, "active_mesh_percentile": 96.49, "active_mesh_zscore": 1.5701, "hotspot_class": "top_5pct_active", "mesh_1km_center_lat": 33.82083333333334, "mesh_1km_center_lon": 132.76874999999998}, "geometry": {"type": "Polygon", "coordinates": [[[132.7625, 33.81666666666667], [132.77499999999998, 33.81666666666667], [132.77499999999998, 33.825], [132.7625, 33.825], [132.7625, 33.81666666666667]]]}}, {"type": "Feature", "properties": {"window_end_month": "2026-07", "window_start_month": "2025-08", "mesh_1km": "50325579", "new_restaurant_permits_12m": 13, "active_mesh_rank": 4, "active_mesh_percentile": 94.74, "active_mesh_zscore": 1.4002, "hotspot_class": "top_20pct_active", "mesh_1km_center_lat": 33.8125, "mesh_1km_center_lon": 132.74375}, "geometry": {"type": "Polygon", "coordinates": [[[132.7375, 33.80833333333333], [132.75, 33.80833333333333], [132.75, 33.81666666666666], [132.7375, 33.81666666666666], [132.7375, 33.80833333333333]]]}}, {"type": "Feature", "properties": {"window_end_month": "2026-07", "window_start_month": "2025-08", "mesh_1km": "50325693", "new_restaurant_permits_12m": 11, "active_mesh_rank": 5, "active_mesh_percentile": 92.98, "active_mesh_zscore": 1.0606, "hotspot_class": "top_20pct_active", "mesh_1km_center_lat": 33.829166666666666, "mesh_1km_center_lon": 132.79375}, "geometry": {"type": "Polygon", "coordinates": [[[132.7875, 33.825], [132.79999999999998, 33.825], [132.79999999999998, 33.833333333333336], [132.7875, 33.833333333333336], [132.7875, 33.825]]]}}, {"type": "Feature", "properties": {"window_end_month": "2026-07", "window_start_month": "2025-08", "mesh_1km": "50326610", "new_restaurant_permits_12m": 11, "active_mesh_rank": 6, "active_mesh_percentile": 91.23, "active_mesh_zscore": 1.0606, "hotspot_class": "top_20pct_active", "mesh_1km_center_lat": 33.84583333333333, "mesh_1km_center_lon": 132.75625}, "geometry": {"type": "Polygon", "coordinates": [[[132.75, 33.84166666666667], [132.7625, 33.84166666666667], [132.7625, 33.85], [132.75, 33.85], [132.75, 33.84166666666667]]]}}, {"type": "Feature", "properties": {"window_end_month": "2026-07", "window_start_month": "2025-08", "mesh_1km": "50325682", "new_restaurant_permits_12m": 9, "active_mesh_rank": 7, "active_mesh_percentile": 89.47, "active_mesh_zscore": 0.721, "hotspot_class": "top_20pct_active", "mesh_1km_center_lat": 33.82083333333334, "mesh_1km_center_lon": 132.78125}, "geometry": {"type": "Polygon", "coordinates": [[[132.775, 33.81666666666667], [132.7875, 33.81666666666667], [132.7875, 33.825], [132.775, 33.825], [132.775, 33.81666666666667]]]}}, {"type": "Feature", "properties": {"window_end_month": "2026-07", "window_start_month": "2025-08", "mesh_1km": "50326602", "new_restaurant_permits_12m": 9, "active_mesh_rank": 8, "active_mesh_percentile": 87.72, "active_mesh_zscore": 0.721, "hotspot_class": "top_20pct_active", "mesh_1km_center_lat": 33.837500000000006, "mesh_1km_center_lon": 132.78125}, "geometry": {"type": "Polygon", "coordinates": [[[132.775, 33.833333333333336], [132.7875, 33.833333333333336], [132.7875, 33.84166666666667], [132.775, 33.84166666666667], [132.775, 33.833333333333336]]]}}, {"type": "Feature", "properties": {"window_end_month": "2026-07", "window_start_month": "2025-08", "mesh_1km": "50325671", "new_restaurant_permits_12m": 8, "active_mesh_rank": 9, "active_mesh_percentile": 85.96, "active_mesh_zscore": 0.5512, "hotspot_class": "top_20pct_active", "mesh_1km_center_lat": 33.8125, "mesh_1km_center_lon": 132.76874999999998}, "geometry": {"type": "Polygon", "coordinates": [[[132.7625, 33.80833333333333], [132.77499999999998, 33.80833333333333], [132.77499999999998, 33.81666666666666], [132.7625, 33.81666666666666], [132.7625, 33.80833333333333]]]}}, {"type": "Feature", "properties": {"window_end_month": "2026-07", "window_start_month": "2025-08", "mesh_1km": "50325680", "new_restaurant_permits_12m": 7, "active_mesh_rank": 10, "active_mesh_percentile": 84.21, "active_mesh_zscore": 0.3813, "hotspot_class": "top_20pct_active", "mesh_1km_center_lat": 33.82083333333334, "mesh_1km_center_lon": 132.75625}, "geometry": {"type": "Polygon", "coordinates": [[[132.75, 33.81666666666667], [132.7625, 33.81666666666667], [132.7625, 33.825], [132.75, 33.825], [132.75, 33.81666666666667]]]}}, {"type": "Feature", "properties": {"window_end_month": "2026-07", "window_start_month": "2025-08", "mesh_1km": "50326630", "new_restaurant_permits_12m": 7, "active_mesh_rank": 11, "active_mesh_percentile": 82.46, "active_mesh_zscore": 0.3813, "hotspot_class": "top_20pct_active", "mesh_1km_center_lat": 33.8625, "mesh_1km_center_lon": 132.75625}, "geometry": {"type": "Polygon", "coordinates": [[[132.75, 33.858333333333334], [132.7625, 33.858333333333334], [132.7625, 33.86666666666667], [132.75, 33.86666666666667], [132.75, 33.858333333333334]]]}}, {"type": "Feature", "properties": {"window_end_month": "2026-07", "window_start_month": "2025-08", "mesh_1km": "50325597", "new_restaurant_permits_12m": 6, "active_mesh_rank": 12, "active_mesh_percentile": 80.7, "active_mesh_zscore": 0.2115, "hotspot_class": "top_20pct_active", "mesh_1km_center_lat": 33.829166666666666, "mesh_1km_center_lon": 132.71875}, "geometry": {"type": "Polygon", "coordinates": [[[132.7125, 33.825], [132.725, 33.825], [132.725, 33.833333333333336], [132.7125, 33.833333333333336], [132.7125, 33.825]]]}}, {"type": "Feature", "properties": {"window_end_month": "2026-07", "window_start_month": "2025-08", "mesh_1km": "50325599", "new_restaurant_permits_12m": 6, "active_mesh_rank": 13, "active_mesh_percentile": 78.95, "active_mesh_zscore": 0.2115, "hotspot_class": "other_active", "mesh_1km_center_lat": 33.829166666666666, "mesh_1km_center_lon": 132.74375}, "geometry": {"type": "Polygon", "coordinates": [[[132.7375, 33.825], [132.75, 33.825], [132.75, 33.833333333333336], [132.7375, 33.833333333333336], [132.7375, 33.825]]]}}, {"type": "Feature", "properties": {"window_end_month": "2026-07", "window_start_month": "2025-08", "mesh_1km": "50325670", "new_restaurant_permits_12m": 6, "active_mesh_rank": 14, "active_mesh_percentile": 77.19, "active_mesh_zscore": 0.2115, "hotspot_class": "other_active", "mesh_1km_center_lat": 33.8125, "mesh_1km_center_lon": 132.75625}, "geometry": {"type": "Polygon", "coordinates": [[[132.75, 33.80833333333333], [132.7625, 33.80833333333333], [132.7625, 33.81666666666666], [132.75, 33.81666666666666], [132.75, 33.80833333333333]]]}}, {"type": "Feature", "properties": {"window_end_month": "2026-07", "window_start_month": "2025-08", "mesh_1km": "50325690", "new_restaurant_permits_12m": 6, "active_mesh_rank": 15, "active_mesh_percentile": 75.44, "active_mesh_zscore": 0.2115, "hotspot_class": "other_active", "mesh_1km_center_lat": 33.829166666666666, "mesh_1km_center_lon": 132.75625}, "geometry": {"type": "Polygon", "coordinates": [[[132.75, 33.825], [132.7625, 33.825], [132.7625, 33.833333333333336], [132.75, 33.833333333333336], [132.75, 33.825]]]}}, {"type": "Feature", "properties": {"window_end_month": "2026-07", "window_start_month": "2025-08", "mesh_1km": "50325692", "new_restaurant_permits_12m": 6, "active_mesh_rank": 16, "active_mesh_percentile": 73.68, "active_mesh_zscore": 0.2115, "hotspot_class": "other_active", "mesh_1km_center_lat": 33.829166666666666, "mesh_1km_center_lon": 132.78125}, "geometry": {"type": "Polygon", "coordinates": [[[132.775, 33.825], [132.7875, 33.825], [132.7875, 33.833333333333336], [132.775, 33.833333333333336], [132.775, 33.825]]]}}, {"type": "Feature", "properties": {"window_end_month": "2026-07", "window_start_month": "2025-08", "mesh_1km": "50326613", "new_restaurant_permits_12m": 6, "active_mesh_rank": 17, "active_mesh_percentile": 71.93, "active_mesh_zscore": 0.2115, "hotspot_class": "other_active", "mesh_1km_center_lat": 33.84583333333333, "mesh_1km_center_lon": 132.79375}, "geometry": {"type": "Polygon", "coordinates": [[[132.7875, 33.84166666666667], [132.79999999999998, 33.84166666666667], [132.79999999999998, 33.85], [132.7875, 33.85], [132.7875, 33.84166666666667]]]}}, {"type": "Feature", "properties": {"window_end_month": "2026-07", "window_start_month": "2025-08", "mesh_1km": "50325598", "new_restaurant_permits_12m": 5, "active_mesh_rank": 18, "active_mesh_percentile": 70.18, "active_mesh_zscore": 0.0417, "hotspot_class": "other_active", "mesh_1km_center_lat": 33.829166666666666, "mesh_1km_center_lon": 132.73125}, "geometry": {"type": "Polygon", "coordinates": [[[132.725, 33.825], [132.73749999999998, 33.825], [132.73749999999998, 33.833333333333336], [132.725, 33.833333333333336], [132.725, 33.825]]]}}, {"type": "Feature", "properties": {"window_end_month": "2026-07", "window_start_month": "2025-08", "mesh_1km": "50325672", "new_restaurant_permits_12m": 5, "active_mesh_rank": 19, "active_mesh_percentile": 68.42, "active_mesh_zscore": 0.0417, "hotspot_class": "other_active", "mesh_1km_center_lat": 33.8125, "mesh_1km_center_lon": 132.78125}, "geometry": {"type": "Polygon", "coordinates": [[[132.775, 33.80833333333333], [132.7875, 33.80833333333333], [132.7875, 33.81666666666666], [132.775, 33.81666666666666], [132.775, 33.80833333333333]]]}}, {"type": "Feature", "properties": {"window_end_month": "2026-07", "window_start_month": "2025-08", "mesh_1km": "50325691", "new_restaurant_permits_12m": 5, "active_mesh_rank": 20, "active_mesh_percentile": 66.67, "active_mesh_zscore": 0.0417, "hotspot_class": "other_active", "mesh_1km_center_lat": 33.829166666666666, "mesh_1km_center_lon": 132.76874999999998}, "geometry": {"type": "Polygon", "coordinates": [[[132.7625, 33.825], [132.77499999999998, 33.825], [132.77499999999998, 33.833333333333336], [132.7625, 33.833333333333336], [132.7625, 33.825]]]}}, {"type": "Feature", "properties": {"window_end_month": "2026-07", "window_start_month": "2025-08", "mesh_1km": "50326603", "new_restaurant_permits_12m": 5, "active_mesh_rank": 21, "active_mesh_percentile": 64.91, "active_mesh_zscore": 0.0417, "hotspot_class": "other_active", "mesh_1km_center_lat": 33.837500000000006, "mesh_1km_center_lon": 132.79375}, "geometry": {"type": "Polygon", "coordinates": [[[132.7875, 33.833333333333336], [132.79999999999998, 33.833333333333336], [132.79999999999998, 33.84166666666667], [132.7875, 33.84166666666667], [132.7875, 33.833333333333336]]]}}, {"type": "Feature", "properties": {"window_end_month": "2026-07", "window_start_month": "2025-08", "mesh_1km": "50326623", "new_restaurant_permits_12m": 5, "active_mesh_rank": 22, "active_mesh_percentile": 63.16, "active_mesh_zscore": 0.0417, "hotspot_class": "other_active", "mesh_1km_center_lat": 33.85416666666667, "mesh_1km_center_lon": 132.79375}, "geometry": {"type": "Polygon", "coordinates": [[[132.7875, 33.85], [132.79999999999998, 33.85], [132.79999999999998, 33.858333333333334], [132.7875, 33.858333333333334], [132.7875, 33.85]]]}}, {"type": "Feature", "properties": {"window_end_month": "2026-07", "window_start_month": "2025-08", "mesh_1km": "50325673", "new_restaurant_permits_12m": 4, "active_mesh_rank": 23, "active_mesh_percentile": 61.4, "active_mesh_zscore": -0.1281, "hotspot_class": "other_active", "mesh_1km_center_lat": 33.8125, "mesh_1km_center_lon": 132.79375}, "geometry": {"type": "Polygon", "coordinates": [[[132.7875, 33.80833333333333], [132.79999999999998, 33.80833333333333], [132.79999999999998, 33.81666666666666], [132.7875, 33.81666666666666], [132.7875, 33.80833333333333]]]}}, {"type": "Feature", "properties": {"window_end_month": "2026-07", "window_start_month": "2025-08", "mesh_1km": "50326527", "new_restaurant_permits_12m": 4, "active_mesh_rank": 24, "active_mesh_percentile": 59.65, "active_mesh_zscore": -0.1281, "hotspot_class": "other_active", "mesh_1km_center_lat": 33.85416666666667, "mesh_1km_center_lon": 132.71875}, "geometry": {"type": "Polygon", "coordinates": [[[132.7125, 33.85], [132.725, 33.85], [132.725, 33.858333333333334], [132.7125, 33.858333333333334], [132.7125, 33.85]]]}}, {"type": "Feature", "properties": {"window_end_month": "2026-07", "window_start_month": "2025-08", "mesh_1km": "50325578", "new_restaurant_permits_12m": 3, "active_mesh_rank": 25, "active_mesh_percentile": 57.89, "active_mesh_zscore": -0.2979, "hotspot_class": "other_active", "mesh_1km_center_lat": 33.8125, "mesh_1km_center_lon": 132.73125}, "geometry": {"type": "Polygon", "coordinates": [[[132.725, 33.80833333333333], [132.73749999999998, 33.80833333333333], [132.73749999999998, 33.81666666666666], [132.725, 33.81666666666666], [132.725, 33.80833333333333]]]}}, {"type": "Feature", "properties": {"window_end_month": "2026-07", "window_start_month": "2025-08", "mesh_1km": "50325674", "new_restaurant_permits_12m": 3, "active_mesh_rank": 26, "active_mesh_percentile": 56.14, "active_mesh_zscore": -0.2979, "hotspot_class": "other_active", "mesh_1km_center_lat": 33.8125, "mesh_1km_center_lon": 132.80625}, "geometry": {"type": "Polygon", "coordinates": [[[132.8, 33.80833333333333], [132.8125, 33.80833333333333], [132.8125, 33.81666666666666], [132.8, 33.81666666666666], [132.8, 33.80833333333333]]]}}, {"type": "Feature", "properties": {"window_end_month": "2026-07", "window_start_month": "2025-08", "mesh_1km": "50325675", "new_restaurant_permits_12m": 3, "active_mesh_rank": 27, "active_mesh_percentile": 54.39, "active_mesh_zscore": -0.2979, "hotspot_class": "other_active", "mesh_1km_center_lat": 33.8125, "mesh_1km_center_lon": 132.81875}, "geometry": {"type": "Polygon", "coordinates": [[[132.8125, 33.80833333333333], [132.825, 33.80833333333333], [132.825, 33.81666666666666], [132.8125, 33.81666666666666], [132.8125, 33.80833333333333]]]}}, {"type": "Feature", "properties": {"window_end_month": "2026-07", "window_start_month": "2025-08", "mesh_1km": "50326529", "new_restaurant_permits_12m": 3, "active_mesh_rank": 28, "active_mesh_percentile": 52.63, "active_mesh_zscore": -0.2979, "hotspot_class": "other_active", "mesh_1km_center_lat": 33.85416666666667, "mesh_1km_center_lon": 132.74375}, "geometry": {"type": "Polygon", "coordinates": [[[132.7375, 33.85], [132.75, 33.85], [132.75, 33.858333333333334], [132.7375, 33.858333333333334], [132.7375, 33.85]]]}}, {"type": "Feature", "properties": {"window_end_month": "2026-07", "window_start_month": "2025-08", "mesh_1km": "50326612", "new_restaurant_permits_12m": 3, "active_mesh_rank": 29, "active_mesh_percentile": 50.88, "active_mesh_zscore": -0.2979, "hotspot_class": "other_active", "mesh_1km_center_lat": 33.84583333333333, "mesh_1km_center_lon": 132.78125}, "geometry": {"type": "Polygon", "coordinates": [[[132.775, 33.84166666666667], [132.7875, 33.84166666666667], [132.7875, 33.85], [132.775, 33.85], [132.775, 33.84166666666667]]]}}, {"type": "Feature", "properties": {"window_end_month": "2026-07", "window_start_month": "2025-08", "mesh_1km": "50326620", "new_restaurant_permits_12m": 3, "active_mesh_rank": 30, "active_mesh_percentile": 49.12, "active_mesh_zscore": -0.2979, "hotspot_class": "other_active", "mesh_1km_center_lat": 33.85416666666667, "mesh_1km_center_lon": 132.75625}, "geometry": {"type": "Polygon", "coordinates": [[[132.75, 33.85], [132.7625, 33.85], [132.7625, 33.858333333333334], [132.75, 33.858333333333334], [132.75, 33.85]]]}}, {"type": "Feature", "properties": {"window_end_month": "2026-07", "window_start_month": "2025-08", "mesh_1km": "50326640", "new_restaurant_permits_12m": 3, "active_mesh_rank": 31, "active_mesh_percentile": 47.37, "active_mesh_zscore": -0.2979, "hotspot_class": "other_active", "mesh_1km_center_lat": 33.87083333333334, "mesh_1km_center_lon": 132.75625}, "geometry": {"type": "Polygon", "coordinates": [[[132.75, 33.86666666666667], [132.7625, 33.86666666666667], [132.7625, 33.875], [132.75, 33.875], [132.75, 33.86666666666667]]]}}, {"type": "Feature", "properties": {"window_end_month": "2026-07", "window_start_month": "2025-08", "mesh_1km": "50325589", "new_restaurant_permits_12m": 2, "active_mesh_rank": 32, "active_mesh_percentile": 45.61, "active_mesh_zscore": -0.4677, "hotspot_class": "other_active", "mesh_1km_center_lat": 33.82083333333334, "mesh_1km_center_lon": 132.74375}, "geometry": {"type": "Polygon", "coordinates": [[[132.7375, 33.81666666666667], [132.75, 33.81666666666667], [132.75, 33.825], [132.7375, 33.825], [132.7375, 33.81666666666667]]]}}, {"type": "Feature", "properties": {"window_end_month": "2026-07", "window_start_month": "2025-08", "mesh_1km": "50326509", "new_restaurant_permits_12m": 2, "active_mesh_rank": 33, "active_mesh_percentile": 43.86, "active_mesh_zscore": -0.4677, "hotspot_class": "other_active", "mesh_1km_center_lat": 33.837500000000006, "mesh_1km_center_lon": 132.74375}, "geometry": {"type": "Polygon", "coordinates": [[[132.7375, 33.833333333333336], [132.75, 33.833333333333336], [132.75, 33.84166666666667], [132.7375, 33.84166666666667], [132.7375, 33.833333333333336]]]}}, {"type": "Feature", "properties": {"window_end_month": "2026-07", "window_start_month": "2025-08", "mesh_1km": "50326528", "new_restaurant_permits_12m": 2, "active_mesh_rank": 34, "active_mesh_percentile": 42.11, "active_mesh_zscore": -0.4677, "hotspot_class": "other_active", "mesh_1km_center_lat": 33.85416666666667, "mesh_1km_center_lon": 132.73125}, "geometry": {"type": "Polygon", "coordinates": [[[132.725, 33.85], [132.73749999999998, 33.85], [132.73749999999998, 33.858333333333334], [132.725, 33.858333333333334], [132.725, 33.85]]]}}, {"type": "Feature", "properties": {"window_end_month": "2026-07", "window_start_month": "2025-08", "mesh_1km": "50326588", "new_restaurant_permits_12m": 2, "active_mesh_rank": 35, "active_mesh_percentile": 40.35, "active_mesh_zscore": -0.4677, "hotspot_class": "other_active", "mesh_1km_center_lat": 33.90416666666667, "mesh_1km_center_lon": 132.73125}, "geometry": {"type": "Polygon", "coordinates": [[[132.725, 33.900000000000006], [132.73749999999998, 33.900000000000006], [132.73749999999998, 33.90833333333334], [132.725, 33.90833333333334], [132.725, 33.900000000000006]]]}}, {"type": "Feature", "properties": {"window_end_month": "2026-07", "window_start_month": "2025-08", "mesh_1km": "50327631", "new_restaurant_permits_12m": 2, "active_mesh_rank": 36, "active_mesh_percentile": 38.6, "active_mesh_zscore": -0.4677, "hotspot_class": "other_active", "mesh_1km_center_lat": 33.94583333333334, "mesh_1km_center_lon": 132.76874999999998}, "geometry": {"type": "Polygon", "coordinates": [[[132.7625, 33.94166666666667], [132.77499999999998, 33.94166666666667], [132.77499999999998, 33.95], [132.7625, 33.95], [132.7625, 33.94166666666667]]]}}, {"type": "Feature", "properties": {"window_end_month": "2026-07", "window_start_month": "2025-08", "mesh_1km": "50327642", "new_restaurant_permits_12m": 2, "active_mesh_rank": 37, "active_mesh_percentile": 36.84, "active_mesh_zscore": -0.4677, "hotspot_class": "other_active", "mesh_1km_center_lat": 33.954166666666666, "mesh_1km_center_lon": 132.78125}, "geometry": {"type": "Polygon", "coordinates": [[[132.775, 33.95], [132.7875, 33.95], [132.7875, 33.958333333333336], [132.775, 33.958333333333336], [132.775, 33.95]]]}}, {"type": "Feature", "properties": {"window_end_month": "2026-07", "window_start_month": "2025-08", "mesh_1km": "50327651", "new_restaurant_permits_12m": 2, "active_mesh_rank": 38, "active_mesh_percentile": 35.09, "active_mesh_zscore": -0.4677, "hotspot_class": "other_active", "mesh_1km_center_lat": 33.962500000000006, "mesh_1km_center_lon": 132.76874999999998}, "geometry": {"type": "Polygon", "coordinates": [[[132.7625, 33.958333333333336], [132.77499999999998, 33.958333333333336], [132.77499999999998, 33.96666666666667], [132.7625, 33.96666666666667], [132.7625, 33.958333333333336]]]}}, {"type": "Feature", "properties": {"window_end_month": "2026-07", "window_start_month": "2025-08", "mesh_1km": "50327652", "new_restaurant_permits_12m": 2, "active_mesh_rank": 39, "active_mesh_percentile": 33.33, "active_mesh_zscore": -0.4677, "hotspot_class": "other_active", "mesh_1km_center_lat": 33.962500000000006, "mesh_1km_center_lon": 132.78125}, "geometry": {"type": "Polygon", "coordinates": [[[132.775, 33.958333333333336], [132.7875, 33.958333333333336], [132.7875, 33.96666666666667], [132.775, 33.96666666666667], [132.775, 33.958333333333336]]]}}, {"type": "Feature", "properties": {"window_end_month": "2026-07", "window_start_month": "2025-08", "mesh_1km": "50327661", "new_restaurant_permits_12m": 2, "active_mesh_rank": 40, "active_mesh_percentile": 31.58, "active_mesh_zscore": -0.4677, "hotspot_class": "other_active", "mesh_1km_center_lat": 33.97083333333333, "mesh_1km_center_lon": 132.76874999999998}, "geometry": {"type": "Polygon", "coordinates": [[[132.7625, 33.96666666666667], [132.77499999999998, 33.96666666666667], [132.77499999999998, 33.975], [132.7625, 33.975], [132.7625, 33.96666666666667]]]}}, {"type": "Feature", "properties": {"window_end_month": "2026-07", "window_start_month": "2025-08", "mesh_1km": "50325585", "new_restaurant_permits_12m": 1, "active_mesh_rank": 41, "active_mesh_percentile": 29.82, "active_mesh_zscore": -0.6376, "hotspot_class": "other_active", "mesh_1km_center_lat": 33.82083333333334, "mesh_1km_center_lon": 132.69375}, "geometry": {"type": "Polygon", "coordinates": [[[132.6875, 33.81666666666667], [132.7, 33.81666666666667], [132.7, 33.825], [132.6875, 33.825], [132.6875, 33.81666666666667]]]}}, {"type": "Feature", "properties": {"window_end_month": "2026-07", "window_start_month": "2025-08", "mesh_1km": "50325587", "new_restaurant_permits_12m": 1, "active_mesh_rank": 42, "active_mesh_percentile": 28.07, "active_mesh_zscore": -0.6376, "hotspot_class": "other_active", "mesh_1km_center_lat": 33.82083333333334, "mesh_1km_center_lon": 132.71875}, "geometry": {"type": "Polygon", "coordinates": [[[132.7125, 33.81666666666667], [132.725, 33.81666666666667], [132.725, 33.825], [132.7125, 33.825], [132.7125, 33.81666666666667]]]}}, {"type": "Feature", "properties": {"window_end_month": "2026-07", "window_start_month": "2025-08", "mesh_1km": "50325596", "new_restaurant_permits_12m": 1, "active_mesh_rank": 43, "active_mesh_percentile": 26.32, "active_mesh_zscore": -0.6376, "hotspot_class": "other_active", "mesh_1km_center_lat": 33.829166666666666, "mesh_1km_center_lon": 132.70624999999998}, "geometry": {"type": "Polygon", "coordinates": [[[132.7, 33.825], [132.71249999999998, 33.825], [132.71249999999998, 33.833333333333336], [132.7, 33.833333333333336], [132.7, 33.825]]]}}, {"type": "Feature", "properties": {"window_end_month": "2026-07", "window_start_month": "2025-08", "mesh_1km": "50325652", "new_restaurant_permits_12m": 1, "active_mesh_rank": 44, "active_mesh_percentile": 24.56, "active_mesh_zscore": -0.6376, "hotspot_class": "other_active", "mesh_1km_center_lat": 33.795833333333334, "mesh_1km_center_lon": 132.78125}, "geometry": {"type": "Polygon", "coordinates": [[[132.775, 33.791666666666664], [132.7875, 33.791666666666664], [132.7875, 33.8], [132.775, 33.8], [132.775, 33.791666666666664]]]}}, {"type": "Feature", "properties": {"window_end_month": "2026-07", "window_start_month": "2025-08", "mesh_1km": "50325661", "new_restaurant_permits_12m": 1, "active_mesh_rank": 45, "active_mesh_percentile": 22.81, "active_mesh_zscore": -0.6376, "hotspot_class": "other_active", "mesh_1km_center_lat": 33.80416666666666, "mesh_1km_center_lon": 132.76874999999998}, "geometry": {"type": "Polygon", "coordinates": [[[132.7625, 33.8], [132.77499999999998, 33.8], [132.77499999999998, 33.80833333333333], [132.7625, 33.80833333333333], [132.7625, 33.8]]]}}, {"type": "Feature", "properties": {"window_end_month": "2026-07", "window_start_month": "2025-08", "mesh_1km": "50325663", "new_restaurant_permits_12m": 1, "active_mesh_rank": 46, "active_mesh_percentile": 21.05, "active_mesh_zscore": -0.6376, "hotspot_class": "other_active", "mesh_1km_center_lat": 33.80416666666666, "mesh_1km_center_lon": 132.79375}, "geometry": {"type": "Polygon", "coordinates": [[[132.7875, 33.8], [132.79999999999998, 33.8], [132.79999999999998, 33.80833333333333], [132.7875, 33.80833333333333], [132.7875, 33.8]]]}}, {"type": "Feature", "properties": {"window_end_month": "2026-07", "window_start_month": "2025-08", "mesh_1km": "50326538", "new_restaurant_permits_12m": 1, "active_mesh_rank": 47, "active_mesh_percentile": 19.3, "active_mesh_zscore": -0.6376, "hotspot_class": "other_active", "mesh_1km_center_lat": 33.8625, "mesh_1km_center_lon": 132.73125}, "geometry": {"type": "Polygon", "coordinates": [[[132.725, 33.858333333333334], [132.73749999999998, 33.858333333333334], [132.73749999999998, 33.86666666666667], [132.725, 33.86666666666667], [132.725, 33.858333333333334]]]}}, {"type": "Feature", "properties": {"window_end_month": "2026-07", "window_start_month": "2025-08", "mesh_1km": "50326546", "new_restaurant_permits_12m": 1, "active_mesh_rank": 48, "active_mesh_percentile": 17.54, "active_mesh_zscore": -0.6376, "hotspot_class": "other_active", "mesh_1km_center_lat": 33.87083333333334, "mesh_1km_center_lon": 132.70624999999998}, "geometry": {"type": "Polygon", "coordinates": [[[132.7, 33.86666666666667], [132.71249999999998, 33.86666666666667], [132.71249999999998, 33.875], [132.7, 33.875], [132.7, 33.86666666666667]]]}}, {"type": "Feature", "properties": {"window_end_month": "2026-07", "window_start_month": "2025-08", "mesh_1km": "50326569", "new_restaurant_permits_12m": 1, "active_mesh_rank": 49, "active_mesh_percentile": 15.79, "active_mesh_zscore": -0.6376, "hotspot_class": "other_active", "mesh_1km_center_lat": 33.8875, "mesh_1km_center_lon": 132.74375}, "geometry": {"type": "Polygon", "coordinates": [[[132.7375, 33.88333333333333], [132.75, 33.88333333333333], [132.75, 33.891666666666666], [132.7375, 33.891666666666666], [132.7375, 33.88333333333333]]]}}, {"type": "Feature", "properties": {"window_end_month": "2026-07", "window_start_month": "2025-08", "mesh_1km": "50326578", "new_restaurant_permits_12m": 1, "active_mesh_rank": 50, "active_mesh_percentile": 14.04, "active_mesh_zscore": -0.6376, "hotspot_class": "other_active", "mesh_1km_center_lat": 33.89583333333333, "mesh_1km_center_lon": 132.73125}, "geometry": {"type": "Polygon", "coordinates": [[[132.725, 33.891666666666666], [132.73749999999998, 33.891666666666666], [132.73749999999998, 33.9], [132.725, 33.9], [132.725, 33.891666666666666]]]}}, {"type": "Feature", "properties": {"window_end_month": "2026-07", "window_start_month": "2025-08", "mesh_1km": "50326621", "new_restaurant_permits_12m": 1, "active_mesh_rank": 51, "active_mesh_percentile": 12.28, "active_mesh_zscore": -0.6376, "hotspot_class": "other_active", "mesh_1km_center_lat": 33.85416666666667, "mesh_1km_center_lon": 132.76874999999998}, "geometry": {"type": "Polygon", "coordinates": [[[132.7625, 33.85], [132.77499999999998, 33.85], [132.77499999999998, 33.858333333333334], [132.7625, 33.858333333333334], [132.7625, 33.85]]]}}, {"type": "Feature", "properties": {"window_end_month": "2026-07", "window_start_month": "2025-08", "mesh_1km": "50327540", "new_restaurant_permits_12m": 1, "active_mesh_rank": 52, "active_mesh_percentile": 10.53, "active_mesh_zscore": -0.6376, "hotspot_class": "other_active", "mesh_1km_center_lat": 33.954166666666666, "mesh_1km_center_lon": 132.63125}, "geometry": {"type": "Polygon", "coordinates": [[[132.625, 33.95], [132.6375, 33.95], [132.6375, 33.958333333333336], [132.625, 33.958333333333336], [132.625, 33.95]]]}}, {"type": "Feature", "properties": {"window_end_month": "2026-07", "window_start_month": "2025-08", "mesh_1km": "50327560", "new_restaurant_permits_12m": 1, "active_mesh_rank": 53, "active_mesh_percentile": 8.77, "active_mesh_zscore": -0.6376, "hotspot_class": "other_active", "mesh_1km_center_lat": 33.97083333333333, "mesh_1km_center_lon": 132.63125}, "geometry": {"type": "Polygon", "coordinates": [[[132.625, 33.96666666666667], [132.6375, 33.96666666666667], [132.6375, 33.975], [132.625, 33.975], [132.625, 33.96666666666667]]]}}, {"type": "Feature", "properties": {"window_end_month": "2026-07", "window_start_month": "2025-08", "mesh_1km": "50327570", "new_restaurant_permits_12m": 1, "active_mesh_rank": 54, "active_mesh_percentile": 7.02, "active_mesh_zscore": -0.6376, "hotspot_class": "other_active", "mesh_1km_center_lat": 33.97916666666667, "mesh_1km_center_lon": 132.63125}, "geometry": {"type": "Polygon", "coordinates": [[[132.625, 33.975], [132.6375, 33.975], [132.6375, 33.983333333333334], [132.625, 33.983333333333334], [132.625, 33.975]]]}}, {"type": "Feature", "properties": {"window_end_month": "2026-07", "window_start_month": "2025-08", "mesh_1km": "50327621", "new_restaurant_permits_12m": 1, "active_mesh_rank": 55, "active_mesh_percentile": 5.26, "active_mesh_zscore": -0.6376, "hotspot_class": "other_active", "mesh_1km_center_lat": 33.9375, "mesh_1km_center_lon": 132.76874999999998}, "geometry": {"type": "Polygon", "coordinates": [[[132.7625, 33.93333333333334], [132.77499999999998, 33.93333333333334], [132.77499999999998, 33.94166666666667], [132.7625, 33.94166666666667], [132.7625, 33.93333333333334]]]}}, {"type": "Feature", "properties": {"window_end_month": "2026-07", "window_start_month": "2025-08", "mesh_1km": "50327662", "new_restaurant_permits_12m": 1, "active_mesh_rank": 56, "active_mesh_percentile": 3.51, "active_mesh_zscore": -0.6376, "hotspot_class": "other_active", "mesh_1km_center_lat": 33.97083333333333, "mesh_1km_center_lon": 132.78125}, "geometry": {"type": "Polygon", "coordinates": [[[132.775, 33.96666666666667], [132.7875, 33.96666666666667], [132.7875, 33.975], [132.775, 33.975], [132.775, 33.96666666666667]]]}}, {"type": "Feature", "properties": {"window_end_month": "2026-07", "window_start_month": "2025-08", "mesh_1km": "50327671", "new_restaurant_permits_12m": 1, "active_mesh_rank": 57, "active_mesh_percentile": 1.75, "active_mesh_zscore": -0.6376, "hotspot_class": "other_active", "mesh_1km_center_lat": 33.97916666666667, "mesh_1km_center_lon": 132.76874999999998}, "geometry": {"type": "Polygon", "coordinates": [[[132.7625, 33.975], [132.77499999999998, 33.975], [132.77499999999998, 33.983333333333334], [132.7625, 33.983333333333334], [132.7625, 33.975]]]}}]}