{"type": "FeatureCollection", "features": [{"type": "Feature", "properties": {"window_end_month": "2025-08", "window_start_month": "2024-09", "mesh_500m": "503266222", "new_restaurant_permits_12m": 37, "active_mesh_rank": 1, "active_mesh_percentile": 100.0, "active_mesh_zscore": 9.8721, "hotspot_class": "top_5pct_active", "mesh_500m_center_lat": 33.85208333333334, "mesh_500m_center_lon": 132.784375}, "geometry": {"type": "Polygon", "coordinates": [[[132.78125, 33.85], [132.7875, 33.85], [132.7875, 33.85416666666667], [132.78125, 33.85416666666667], [132.78125, 33.85]]]}}, {"type": "Feature", "properties": {"window_end_month": "2025-08", "window_start_month": "2024-09", "mesh_500m": "503265373", "new_restaurant_permits_12m": 9, "active_mesh_rank": 2, "active_mesh_percentile": 99.24, "active_mesh_zscore": 1.8246, "hotspot_class": "top_5pct_active", "mesh_500m_center_lat": 33.86458333333334, "mesh_500m_center_lon": 132.715625}, "geometry": {"type": "Polygon", "coordinates": [[[132.7125, 33.862500000000004], [132.71875, 33.862500000000004], [132.71875, 33.866666666666674], [132.7125, 33.866666666666674], [132.7125, 33.862500000000004]]]}}, {"type": "Feature", "properties": {"window_end_month": "2025-08", "window_start_month": "2024-09", "mesh_500m": "503256814", "new_restaurant_permits_12m": 8, "active_mesh_rank": 3, "active_mesh_percentile": 98.48, "active_mesh_zscore": 1.5372, "hotspot_class": "top_5pct_active", "mesh_500m_center_lat": 33.82291666666667, "mesh_500m_center_lon": 132.77187499999997}, "geometry": {"type": "Polygon", "coordinates": [[[132.76874999999998, 33.82083333333334], [132.77499999999998, 33.82083333333334], [132.77499999999998, 33.82500000000001], [132.76874999999998, 33.82500000000001], [132.76874999999998, 33.82083333333334]]]}}, {"type": "Feature", "properties": {"window_end_month": "2025-08", "window_start_month": "2024-09", "mesh_500m": "503256923", "new_restaurant_permits_12m": 8, "active_mesh_rank": 4, "active_mesh_percentile": 97.73, "active_mesh_zscore": 1.5372, "hotspot_class": "top_5pct_active", "mesh_500m_center_lat": 33.83125000000001, "mesh_500m_center_lon": 132.778125}, "geometry": {"type": "Polygon", "coordinates": [[[132.775, 33.82916666666667], [132.78125, 33.82916666666667], [132.78125, 33.83333333333334], [132.775, 33.83333333333334], [132.775, 33.82916666666667]]]}}, {"type": "Feature", "properties": {"window_end_month": "2025-08", "window_start_month": "2024-09", "mesh_500m": "503255992", "new_restaurant_permits_12m": 7, "active_mesh_rank": 5, "active_mesh_percentile": 96.97, "active_mesh_zscore": 1.2498, "hotspot_class": "top_5pct_active", "mesh_500m_center_lat": 33.827083333333334, "mesh_500m_center_lon": 132.746875}, "geometry": {"type": "Polygon", "coordinates": [[[132.74375, 33.825], [132.75, 33.825], [132.75, 33.82916666666667], [132.74375, 33.82916666666667], [132.74375, 33.825]]]}}, {"type": "Feature", "properties": {"window_end_month": "2025-08", "window_start_month": "2024-09", "mesh_500m": "503256823", "new_restaurant_permits_12m": 7, "active_mesh_rank": 6, "active_mesh_percentile": 96.21, "active_mesh_zscore": 1.2498, "hotspot_class": "top_5pct_active", "mesh_500m_center_lat": 33.82291666666667, "mesh_500m_center_lon": 132.778125}, "geometry": {"type": "Polygon", "coordinates": [[[132.775, 33.82083333333334], [132.78125, 33.82083333333334], [132.78125, 33.82500000000001], [132.775, 33.82500000000001], [132.775, 33.82083333333334]]]}}, {"type": "Feature", "properties": {"window_end_month": "2025-08", "window_start_month": "2024-09", "mesh_500m": "503255971", "new_restaurant_permits_12m": 6, "active_mesh_rank": 7, "active_mesh_percentile": 95.45, "active_mesh_zscore": 0.9624, "hotspot_class": "top_5pct_active", "mesh_500m_center_lat": 33.827083333333334, "mesh_500m_center_lon": 132.715625}, "geometry": {"type": "Polygon", "coordinates": [[[132.7125, 33.825], [132.71875, 33.825], [132.71875, 33.82916666666667], [132.7125, 33.82916666666667], [132.7125, 33.825]]]}}, {"type": "Feature", "properties": {"window_end_month": "2025-08", "window_start_month": "2024-09", "mesh_500m": "503256711", "new_restaurant_permits_12m": 6, "active_mesh_rank": 8, "active_mesh_percentile": 94.7, "active_mesh_zscore": 0.9624, "hotspot_class": "top_20pct_active", "mesh_500m_center_lat": 33.81041666666667, "mesh_500m_center_lon": 132.765625}, "geometry": {"type": "Polygon", "coordinates": [[[132.7625, 33.80833333333333], [132.76874999999998, 33.80833333333333], [132.76874999999998, 33.8125], [132.7625, 33.8125], [132.7625, 33.80833333333333]]]}}, {"type": "Feature", "properties": {"window_end_month": "2025-08", "window_start_month": "2024-09", "mesh_500m": "503256712", "new_restaurant_permits_12m": 6, "active_mesh_rank": 9, "active_mesh_percentile": 93.94, "active_mesh_zscore": 0.9624, "hotspot_class": "top_20pct_active", "mesh_500m_center_lat": 33.81041666666667, "mesh_500m_center_lon": 132.77187499999997}, "geometry": {"type": "Polygon", "coordinates": [[[132.76874999999998, 33.80833333333333], [132.77499999999998, 33.80833333333333], [132.77499999999998, 33.8125], [132.76874999999998, 33.8125], [132.76874999999998, 33.80833333333333]]]}}, {"type": "Feature", "properties": {"window_end_month": "2025-08", "window_start_month": "2024-09", "mesh_500m": "503256721", "new_restaurant_permits_12m": 6, "active_mesh_rank": 10, "active_mesh_percentile": 93.18, "active_mesh_zscore": 0.9624, "hotspot_class": "top_20pct_active", "mesh_500m_center_lat": 33.81041666666667, "mesh_500m_center_lon": 132.778125}, "geometry": {"type": "Polygon", "coordinates": [[[132.775, 33.80833333333333], [132.78125, 33.80833333333333], [132.78125, 33.8125], [132.775, 33.8125], [132.775, 33.80833333333333]]]}}, {"type": "Feature", "properties": {"window_end_month": "2025-08", "window_start_month": "2024-09", "mesh_500m": "503266101", "new_restaurant_permits_12m": 6, "active_mesh_rank": 11, "active_mesh_percentile": 92.42, "active_mesh_zscore": 0.9624, "hotspot_class": "top_20pct_active", "mesh_500m_center_lat": 33.84375, "mesh_500m_center_lon": 132.753125}, "geometry": {"type": "Polygon", "coordinates": [[[132.75, 33.84166666666667], [132.75625, 33.84166666666667], [132.75625, 33.84583333333334], [132.75, 33.84583333333334], [132.75, 33.84166666666667]]]}}, {"type": "Feature", "properties": {"window_end_month": "2025-08", "window_start_month": "2024-09", "mesh_500m": "503256732", "new_restaurant_permits_12m": 5, "active_mesh_rank": 12, "active_mesh_percentile": 91.67, "active_mesh_zscore": 0.675, "hotspot_class": "top_20pct_active", "mesh_500m_center_lat": 33.81041666666667, "mesh_500m_center_lon": 132.796875}, "geometry": {"type": "Polygon", "coordinates": [[[132.79375, 33.80833333333333], [132.79999999999998, 33.80833333333333], [132.79999999999998, 33.8125], [132.79375, 33.8125], [132.79375, 33.80833333333333]]]}}, {"type": "Feature", "properties": {"window_end_month": "2025-08", "window_start_month": "2024-09", "mesh_500m": "503265381", "new_restaurant_permits_12m": 5, "active_mesh_rank": 13, "active_mesh_percentile": 90.91, "active_mesh_zscore": 0.675, "hotspot_class": "top_20pct_active", "mesh_500m_center_lat": 33.860416666666666, "mesh_500m_center_lon": 132.72812499999998}, "geometry": {"type": "Polygon", "coordinates": [[[132.725, 33.858333333333334], [132.73125, 33.858333333333334], [132.73125, 33.862500000000004], [132.725, 33.862500000000004], [132.725, 33.858333333333334]]]}}, {"type": "Feature", "properties": {"window_end_month": "2025-08", "window_start_month": "2024-09", "mesh_500m": "503266022", "new_restaurant_permits_12m": 5, "active_mesh_rank": 14, "active_mesh_percentile": 90.15, "active_mesh_zscore": 0.675, "hotspot_class": "top_20pct_active", "mesh_500m_center_lat": 33.835416666666674, "mesh_500m_center_lon": 132.784375}, "geometry": {"type": "Polygon", "coordinates": [[[132.78125, 33.833333333333336], [132.7875, 33.833333333333336], [132.7875, 33.837500000000006], [132.78125, 33.837500000000006], [132.78125, 33.833333333333336]]]}}, {"type": "Feature", "properties": {"window_end_month": "2025-08", "window_start_month": "2024-09", "mesh_500m": "503266024", "new_restaurant_permits_12m": 5, "active_mesh_rank": 15, "active_mesh_percentile": 89.39, "active_mesh_zscore": 0.675, "hotspot_class": "top_20pct_active", "mesh_500m_center_lat": 33.83958333333334, "mesh_500m_center_lon": 132.784375}, "geometry": {"type": "Polygon", "coordinates": [[[132.78125, 33.837500000000006], [132.7875, 33.837500000000006], [132.7875, 33.841666666666676], [132.78125, 33.841666666666676], [132.78125, 33.837500000000006]]]}}, {"type": "Feature", "properties": {"window_end_month": "2025-08", "window_start_month": "2024-09", "mesh_500m": "503266203", "new_restaurant_permits_12m": 5, "active_mesh_rank": 16, "active_mesh_percentile": 88.64, "active_mesh_zscore": 0.675, "hotspot_class": "top_20pct_active", "mesh_500m_center_lat": 33.85625, "mesh_500m_center_lon": 132.753125}, "geometry": {"type": "Polygon", "coordinates": [[[132.75, 33.85416666666667], [132.75625, 33.85416666666667], [132.75625, 33.85833333333334], [132.75, 33.85833333333334], [132.75, 33.85416666666667]]]}}, {"type": "Feature", "properties": {"window_end_month": "2025-08", "window_start_month": "2024-09", "mesh_500m": "503255782", "new_restaurant_permits_12m": 4, "active_mesh_rank": 17, "active_mesh_percentile": 87.88, "active_mesh_zscore": 0.3876, "hotspot_class": "top_20pct_active", "mesh_500m_center_lat": 33.81041666666667, "mesh_500m_center_lon": 132.734375}, "geometry": {"type": "Polygon", "coordinates": [[[132.73125, 33.80833333333333], [132.73749999999998, 33.80833333333333], [132.73749999999998, 33.8125], [132.73125, 33.8125], [132.73125, 33.80833333333333]]]}}, {"type": "Feature", "properties": {"window_end_month": "2025-08", "window_start_month": "2024-09", "mesh_500m": "503256702", "new_restaurant_permits_12m": 4, "active_mesh_rank": 18, "active_mesh_percentile": 87.12, "active_mesh_zscore": 0.3876, "hotspot_class": "top_20pct_active", "mesh_500m_center_lat": 33.81041666666667, "mesh_500m_center_lon": 132.75937499999998}, "geometry": {"type": "Polygon", "coordinates": [[[132.75625, 33.80833333333333], [132.7625, 33.80833333333333], [132.7625, 33.8125], [132.75625, 33.8125], [132.75625, 33.80833333333333]]]}}, {"type": "Feature", "properties": {"window_end_month": "2025-08", "window_start_month": "2024-09", "mesh_500m": "503256704", "new_restaurant_permits_12m": 4, "active_mesh_rank": 19, "active_mesh_percentile": 86.36, "active_mesh_zscore": 0.3876, "hotspot_class": "top_20pct_active", "mesh_500m_center_lat": 33.81458333333333, "mesh_500m_center_lon": 132.75937499999998}, "geometry": {"type": "Polygon", "coordinates": [[[132.75625, 33.8125], [132.7625, 33.8125], [132.7625, 33.81666666666667], [132.75625, 33.81666666666667], [132.75625, 33.8125]]]}}, {"type": "Feature", "properties": {"window_end_month": "2025-08", "window_start_month": "2024-09", "mesh_500m": "503256803", "new_restaurant_permits_12m": 4, "active_mesh_rank": 20, "active_mesh_percentile": 85.61, "active_mesh_zscore": 0.3876, "hotspot_class": "top_20pct_active", "mesh_500m_center_lat": 33.82291666666667, "mesh_500m_center_lon": 132.753125}, "geometry": {"type": "Polygon", "coordinates": [[[132.75, 33.82083333333334], [132.75625, 33.82083333333334], [132.75625, 33.82500000000001], [132.75, 33.82500000000001], [132.75, 33.82083333333334]]]}}, {"type": "Feature", "properties": {"window_end_month": "2025-08", "window_start_month": "2024-09", "mesh_500m": "503256902", "new_restaurant_permits_12m": 4, "active_mesh_rank": 21, "active_mesh_percentile": 84.85, "active_mesh_zscore": 0.3876, "hotspot_class": "top_20pct_active", "mesh_500m_center_lat": 33.827083333333334, "mesh_500m_center_lon": 132.75937499999998}, "geometry": {"type": "Polygon", "coordinates": [[[132.75625, 33.825], [132.7625, 33.825], [132.7625, 33.82916666666667], [132.75625, 33.82916666666667], [132.75625, 33.825]]]}}, {"type": "Feature", "properties": {"window_end_month": "2025-08", "window_start_month": "2024-09", "mesh_500m": "503256904", "new_restaurant_permits_12m": 4, "active_mesh_rank": 22, "active_mesh_percentile": 84.09, "active_mesh_zscore": 0.3876, "hotspot_class": "top_20pct_active", "mesh_500m_center_lat": 33.83125000000001, "mesh_500m_center_lon": 132.75937499999998}, "geometry": {"type": "Polygon", "coordinates": [[[132.75625, 33.82916666666667], [132.7625, 33.82916666666667], [132.7625, 33.83333333333334], [132.75625, 33.83333333333334], [132.75625, 33.82916666666667]]]}}, {"type": "Feature", "properties": {"window_end_month": "2025-08", "window_start_month": "2024-09", "mesh_500m": "503256924", "new_restaurant_permits_12m": 4, "active_mesh_rank": 23, "active_mesh_percentile": 83.33, "active_mesh_zscore": 0.3876, "hotspot_class": "top_20pct_active", "mesh_500m_center_lat": 33.83125000000001, "mesh_500m_center_lon": 132.784375}, "geometry": {"type": "Polygon", "coordinates": [[[132.78125, 33.82916666666667], [132.7875, 33.82916666666667], [132.7875, 33.83333333333334], [132.78125, 33.83333333333334], [132.78125, 33.82916666666667]]]}}, {"type": "Feature", "properties": {"window_end_month": "2025-08", "window_start_month": "2024-09", "mesh_500m": "503265273", "new_restaurant_permits_12m": 4, "active_mesh_rank": 24, "active_mesh_percentile": 82.58, "active_mesh_zscore": 0.3876, "hotspot_class": "top_20pct_active", "mesh_500m_center_lat": 33.85625, "mesh_500m_center_lon": 132.715625}, "geometry": {"type": "Polygon", "coordinates": [[[132.7125, 33.85416666666667], [132.71875, 33.85416666666667], [132.71875, 33.85833333333334], [132.7125, 33.85833333333334], [132.7125, 33.85416666666667]]]}}, {"type": "Feature", "properties": {"window_end_month": "2025-08", "window_start_month": "2024-09", "mesh_500m": "503265283", "new_restaurant_permits_12m": 4, "active_mesh_rank": 25, "active_mesh_percentile": 81.82, "active_mesh_zscore": 0.3876, "hotspot_class": "top_20pct_active", "mesh_500m_center_lat": 33.85625, "mesh_500m_center_lon": 132.72812499999998}, "geometry": {"type": "Polygon", "coordinates": [[[132.725, 33.85416666666667], [132.73125, 33.85416666666667], [132.73125, 33.85833333333334], [132.725, 33.85833333333334], [132.725, 33.85416666666667]]]}}, {"type": "Feature", "properties": {"window_end_month": "2025-08", "window_start_month": "2024-09", "mesh_500m": "503265292", "new_restaurant_permits_12m": 4, "active_mesh_rank": 26, "active_mesh_percentile": 81.06, "active_mesh_zscore": 0.3876, "hotspot_class": "top_20pct_active", "mesh_500m_center_lat": 33.85208333333334, "mesh_500m_center_lon": 132.746875}, "geometry": {"type": "Polygon", "coordinates": [[[132.74375, 33.85], [132.75, 33.85], [132.75, 33.85416666666667], [132.74375, 33.85416666666667], [132.74375, 33.85]]]}}, {"type": "Feature", "properties": {"window_end_month": "2025-08", "window_start_month": "2024-09", "mesh_500m": "503265372", "new_restaurant_permits_12m": 4, "active_mesh_rank": 27, "active_mesh_percentile": 80.3, "active_mesh_zscore": 0.3876, "hotspot_class": "top_20pct_active", "mesh_500m_center_lat": 33.860416666666666, "mesh_500m_center_lon": 132.721875}, "geometry": {"type": "Polygon", "coordinates": [[[132.71875, 33.858333333333334], [132.725, 33.858333333333334], [132.725, 33.862500000000004], [132.71875, 33.862500000000004], [132.71875, 33.858333333333334]]]}}, {"type": "Feature", "properties": {"window_end_month": "2025-08", "window_start_month": "2024-09", "mesh_500m": "503266231", "new_restaurant_permits_12m": 4, "active_mesh_rank": 28, "active_mesh_percentile": 79.55, "active_mesh_zscore": 0.3876, "hotspot_class": "other_active", "mesh_500m_center_lat": 33.85208333333334, "mesh_500m_center_lon": 132.79062499999998}, "geometry": {"type": "Polygon", "coordinates": [[[132.7875, 33.85], [132.79375, 33.85], [132.79375, 33.85416666666667], [132.7875, 33.85416666666667], [132.7875, 33.85]]]}}, {"type": "Feature", "properties": {"window_end_month": "2025-08", "window_start_month": "2024-09", "mesh_500m": "503266303", "new_restaurant_permits_12m": 4, "active_mesh_rank": 29, "active_mesh_percentile": 78.79, "active_mesh_zscore": 0.3876, "hotspot_class": "other_active", "mesh_500m_center_lat": 33.86458333333334, "mesh_500m_center_lon": 132.753125}, "geometry": {"type": "Polygon", "coordinates": [[[132.75, 33.862500000000004], [132.75625, 33.862500000000004], [132.75625, 33.866666666666674], [132.75, 33.866666666666674], [132.75, 33.862500000000004]]]}}, {"type": "Feature", "properties": {"window_end_month": "2025-08", "window_start_month": "2024-09", "mesh_500m": "503266401", "new_restaurant_permits_12m": 4, "active_mesh_rank": 30, "active_mesh_percentile": 78.03, "active_mesh_zscore": 0.3876, "hotspot_class": "other_active", "mesh_500m_center_lat": 33.868750000000006, "mesh_500m_center_lon": 132.753125}, "geometry": {"type": "Polygon", "coordinates": [[[132.75, 33.86666666666667], [132.75625, 33.86666666666667], [132.75625, 33.87083333333334], [132.75, 33.87083333333334], [132.75, 33.86666666666667]]]}}, {"type": "Feature", "properties": {"window_end_month": "2025-08", "window_start_month": "2024-09", "mesh_500m": "503276521", "new_restaurant_permits_12m": 4, "active_mesh_rank": 31, "active_mesh_percentile": 77.27, "active_mesh_zscore": 0.3876, "hotspot_class": "other_active", "mesh_500m_center_lat": 33.960416666666674, "mesh_500m_center_lon": 132.778125}, "geometry": {"type": "Polygon", "coordinates": [[[132.775, 33.958333333333336], [132.78125, 33.958333333333336], [132.78125, 33.962500000000006], [132.775, 33.962500000000006], [132.775, 33.958333333333336]]]}}, {"type": "Feature", "properties": {"window_end_month": "2025-08", "window_start_month": "2024-09", "mesh_500m": "503255683", "new_restaurant_permits_12m": 3, "active_mesh_rank": 32, "active_mesh_percentile": 76.52, "active_mesh_zscore": 0.1002, "hotspot_class": "other_active", "mesh_500m_center_lat": 33.806250000000006, "mesh_500m_center_lon": 132.72812499999998}, "geometry": {"type": "Polygon", "coordinates": [[[132.725, 33.80416666666667], [132.73125, 33.80416666666667], [132.73125, 33.80833333333334], [132.725, 33.80833333333334], [132.725, 33.80416666666667]]]}}, {"type": "Feature", "properties": {"window_end_month": "2025-08", "window_start_month": "2024-09", "mesh_500m": "503255982", "new_restaurant_permits_12m": 3, "active_mesh_rank": 33, "active_mesh_percentile": 75.76, "active_mesh_zscore": 0.1002, "hotspot_class": "other_active", "mesh_500m_center_lat": 33.827083333333334, "mesh_500m_center_lon": 132.734375}, "geometry": {"type": "Polygon", "coordinates": [[[132.73125, 33.825], [132.73749999999998, 33.825], [132.73749999999998, 33.82916666666667], [132.73125, 33.82916666666667], [132.73125, 33.825]]]}}, {"type": "Feature", "properties": {"window_end_month": "2025-08", "window_start_month": "2024-09", "mesh_500m": "503256634", "new_restaurant_permits_12m": 3, "active_mesh_rank": 34, "active_mesh_percentile": 75.0, "active_mesh_zscore": 0.1002, "hotspot_class": "other_active", "mesh_500m_center_lat": 33.806250000000006, "mesh_500m_center_lon": 132.796875}, "geometry": {"type": "Polygon", "coordinates": [[[132.79375, 33.80416666666667], [132.79999999999998, 33.80416666666667], [132.79999999999998, 33.80833333333334], [132.79375, 33.80833333333334], [132.79375, 33.80416666666667]]]}}, {"type": "Feature", "properties": {"window_end_month": "2025-08", "window_start_month": "2024-09", "mesh_500m": "503256802", "new_restaurant_permits_12m": 3, "active_mesh_rank": 35, "active_mesh_percentile": 74.24, "active_mesh_zscore": 0.1002, "hotspot_class": "other_active", "mesh_500m_center_lat": 33.81875000000001, "mesh_500m_center_lon": 132.75937499999998}, "geometry": {"type": "Polygon", "coordinates": [[[132.75625, 33.81666666666667], [132.7625, 33.81666666666667], [132.7625, 33.82083333333334], [132.75625, 33.82083333333334], [132.75625, 33.81666666666667]]]}}, {"type": "Feature", "properties": {"window_end_month": "2025-08", "window_start_month": "2024-09", "mesh_500m": "503256911", "new_restaurant_permits_12m": 3, "active_mesh_rank": 36, "active_mesh_percentile": 73.48, "active_mesh_zscore": 0.1002, "hotspot_class": "other_active", "mesh_500m_center_lat": 33.827083333333334, "mesh_500m_center_lon": 132.765625}, "geometry": {"type": "Polygon", "coordinates": [[[132.7625, 33.825], [132.76874999999998, 33.825], [132.76874999999998, 33.82916666666667], [132.7625, 33.82916666666667], [132.7625, 33.825]]]}}, {"type": "Feature", "properties": {"window_end_month": "2025-08", "window_start_month": "2024-09", "mesh_500m": "503256914", "new_restaurant_permits_12m": 3, "active_mesh_rank": 37, "active_mesh_percentile": 72.73, "active_mesh_zscore": 0.1002, "hotspot_class": "other_active", "mesh_500m_center_lat": 33.83125000000001, "mesh_500m_center_lon": 132.77187499999997}, "geometry": {"type": "Polygon", "coordinates": [[[132.76874999999998, 33.82916666666667], [132.77499999999998, 33.82916666666667], [132.77499999999998, 33.83333333333334], [132.76874999999998, 33.83333333333334], [132.76874999999998, 33.82916666666667]]]}}, {"type": "Feature", "properties": {"window_end_month": "2025-08", "window_start_month": "2024-09", "mesh_500m": "503256931", "new_restaurant_permits_12m": 3, "active_mesh_rank": 38, "active_mesh_percentile": 71.97, "active_mesh_zscore": 0.1002, "hotspot_class": "other_active", "mesh_500m_center_lat": 33.827083333333334, "mesh_500m_center_lon": 132.79062499999998}, "geometry": {"type": "Polygon", "coordinates": [[[132.7875, 33.825], [132.79375, 33.825], [132.79375, 33.82916666666667], [132.7875, 33.82916666666667], [132.7875, 33.825]]]}}, {"type": "Feature", "properties": {"window_end_month": "2025-08", "window_start_month": "2024-09", "mesh_500m": "503265094", "new_restaurant_permits_12m": 3, "active_mesh_rank": 39, "active_mesh_percentile": 71.21, "active_mesh_zscore": 0.1002, "hotspot_class": "other_active", "mesh_500m_center_lat": 33.83958333333334, "mesh_500m_center_lon": 132.746875}, "geometry": {"type": "Polygon", "coordinates": [[[132.74375, 33.837500000000006], [132.75, 33.837500000000006], [132.75, 33.841666666666676], [132.74375, 33.841666666666676], [132.74375, 33.837500000000006]]]}}, {"type": "Feature", "properties": {"window_end_month": "2025-08", "window_start_month": "2024-09", "mesh_500m": "503265383", "new_restaurant_permits_12m": 3, "active_mesh_rank": 40, "active_mesh_percentile": 70.45, "active_mesh_zscore": 0.1002, "hotspot_class": "other_active", "mesh_500m_center_lat": 33.86458333333334, "mesh_500m_center_lon": 132.72812499999998}, "geometry": {"type": "Polygon", "coordinates": [[[132.725, 33.862500000000004], [132.73125, 33.862500000000004], [132.73125, 33.866666666666674], [132.725, 33.866666666666674], [132.725, 33.862500000000004]]]}}, {"type": "Feature", "properties": {"window_end_month": "2025-08", "window_start_month": "2024-09", "mesh_500m": "503266134", "new_restaurant_permits_12m": 3, "active_mesh_rank": 41, "active_mesh_percentile": 69.7, "active_mesh_zscore": 0.1002, "hotspot_class": "other_active", "mesh_500m_center_lat": 33.84791666666668, "mesh_500m_center_lon": 132.796875}, "geometry": {"type": "Polygon", "coordinates": [[[132.79375, 33.84583333333334], [132.79999999999998, 33.84583333333334], [132.79999999999998, 33.85000000000001], [132.79375, 33.85000000000001], [132.79375, 33.84583333333334]]]}}, {"type": "Feature", "properties": {"window_end_month": "2025-08", "window_start_month": "2024-09", "mesh_500m": "503266212", "new_restaurant_permits_12m": 3, "active_mesh_rank": 42, "active_mesh_percentile": 68.94, "active_mesh_zscore": 0.1002, "hotspot_class": "other_active", "mesh_500m_center_lat": 33.85208333333334, "mesh_500m_center_lon": 132.77187499999997}, "geometry": {"type": "Polygon", "coordinates": [[[132.76874999999998, 33.85], [132.77499999999998, 33.85], [132.77499999999998, 33.85416666666667], [132.76874999999998, 33.85416666666667], [132.76874999999998, 33.85]]]}}, {"type": "Feature", "properties": {"window_end_month": "2025-08", "window_start_month": "2024-09", "mesh_500m": "503266221", "new_restaurant_permits_12m": 3, "active_mesh_rank": 43, "active_mesh_percentile": 68.18, "active_mesh_zscore": 0.1002, "hotspot_class": "other_active", "mesh_500m_center_lat": 33.85208333333334, "mesh_500m_center_lon": 132.778125}, "geometry": {"type": "Polygon", "coordinates": [[[132.775, 33.85], [132.78125, 33.85], [132.78125, 33.85416666666667], [132.775, 33.85416666666667], [132.775, 33.85]]]}}, {"type": "Feature", "properties": {"window_end_month": "2025-08", "window_start_month": "2024-09", "mesh_500m": "503266223", "new_restaurant_permits_12m": 3, "active_mesh_rank": 44, "active_mesh_percentile": 67.42, "active_mesh_zscore": 0.1002, "hotspot_class": "other_active", "mesh_500m_center_lat": 33.85625, "mesh_500m_center_lon": 132.778125}, "geometry": {"type": "Polygon", "coordinates": [[[132.775, 33.85416666666667], [132.78125, 33.85416666666667], [132.78125, 33.85833333333334], [132.775, 33.85833333333334], [132.775, 33.85416666666667]]]}}, {"type": "Feature", "properties": {"window_end_month": "2025-08", "window_start_month": "2024-09", "mesh_500m": "503266301", "new_restaurant_permits_12m": 3, "active_mesh_rank": 45, "active_mesh_percentile": 66.67, "active_mesh_zscore": 0.1002, "hotspot_class": "other_active", "mesh_500m_center_lat": 33.860416666666666, "mesh_500m_center_lon": 132.753125}, "geometry": {"type": "Polygon", "coordinates": [[[132.75, 33.858333333333334], [132.75625, 33.858333333333334], [132.75625, 33.862500000000004], [132.75, 33.862500000000004], [132.75, 33.858333333333334]]]}}, {"type": "Feature", "properties": {"window_end_month": "2025-08", "window_start_month": "2024-09", "mesh_500m": "503276314", "new_restaurant_permits_12m": 3, "active_mesh_rank": 46, "active_mesh_percentile": 65.91, "active_mesh_zscore": 0.1002, "hotspot_class": "other_active", "mesh_500m_center_lat": 33.94791666666667, "mesh_500m_center_lon": 132.77187499999997}, "geometry": {"type": "Polygon", "coordinates": [[[132.76874999999998, 33.94583333333334], [132.77499999999998, 33.94583333333334], [132.77499999999998, 33.95000000000001], [132.76874999999998, 33.95000000000001], [132.76874999999998, 33.94583333333334]]]}}, {"type": "Feature", "properties": {"window_end_month": "2025-08", "window_start_month": "2024-09", "mesh_500m": "503255892", "new_restaurant_permits_12m": 2, "active_mesh_rank": 47, "active_mesh_percentile": 65.15, "active_mesh_zscore": -0.1873, "hotspot_class": "other_active", "mesh_500m_center_lat": 33.81875000000001, "mesh_500m_center_lon": 132.746875}, "geometry": {"type": "Polygon", "coordinates": [[[132.74375, 33.81666666666667], [132.75, 33.81666666666667], [132.75, 33.82083333333334], [132.74375, 33.82083333333334], [132.74375, 33.81666666666667]]]}}, {"type": "Feature", "properties": {"window_end_month": "2025-08", "window_start_month": "2024-09", "mesh_500m": "503255893", "new_restaurant_permits_12m": 2, "active_mesh_rank": 48, "active_mesh_percentile": 64.39, "active_mesh_zscore": -0.1873, "hotspot_class": "other_active", "mesh_500m_center_lat": 33.82291666666667, "mesh_500m_center_lon": 132.74062500000002}, "geometry": {"type": "Polygon", "coordinates": [[[132.7375, 33.82083333333334], [132.74375, 33.82083333333334], [132.74375, 33.82500000000001], [132.7375, 33.82500000000001], [132.7375, 33.82083333333334]]]}}, {"type": "Feature", "properties": {"window_end_month": "2025-08", "window_start_month": "2024-09", "mesh_500m": "503255972", "new_restaurant_permits_12m": 2, "active_mesh_rank": 49, "active_mesh_percentile": 63.64, "active_mesh_zscore": -0.1873, "hotspot_class": "other_active", "mesh_500m_center_lat": 33.827083333333334, "mesh_500m_center_lon": 132.721875}, "geometry": {"type": "Polygon", "coordinates": [[[132.71875, 33.825], [132.725, 33.825], [132.725, 33.82916666666667], [132.71875, 33.82916666666667], [132.71875, 33.825]]]}}, {"type": "Feature", "properties": {"window_end_month": "2025-08", "window_start_month": "2024-09", "mesh_500m": "503255983", "new_restaurant_permits_12m": 2, "active_mesh_rank": 50, "active_mesh_percentile": 62.88, "active_mesh_zscore": -0.1873, "hotspot_class": "other_active", "mesh_500m_center_lat": 33.83125000000001, "mesh_500m_center_lon": 132.72812499999998}, "geometry": {"type": "Polygon", "coordinates": [[[132.725, 33.82916666666667], [132.73125, 33.82916666666667], [132.73125, 33.83333333333334], [132.725, 33.83333333333334], [132.725, 33.82916666666667]]]}}, {"type": "Feature", "properties": {"window_end_month": "2025-08", "window_start_month": "2024-09", "mesh_500m": "503255994", "new_restaurant_permits_12m": 2, "active_mesh_rank": 51, "active_mesh_percentile": 62.12, "active_mesh_zscore": -0.1873, "hotspot_class": "other_active", "mesh_500m_center_lat": 33.83125000000001, "mesh_500m_center_lon": 132.746875}, "geometry": {"type": "Polygon", "coordinates": [[[132.74375, 33.82916666666667], [132.75, 33.82916666666667], [132.75, 33.83333333333334], [132.74375, 33.83333333333334], [132.74375, 33.82916666666667]]]}}, {"type": "Feature", "properties": {"window_end_month": "2025-08", "window_start_month": "2024-09", "mesh_500m": "503256714", "new_restaurant_permits_12m": 2, "active_mesh_rank": 52, "active_mesh_percentile": 61.36, "active_mesh_zscore": -0.1873, "hotspot_class": "other_active", "mesh_500m_center_lat": 33.81458333333333, "mesh_500m_center_lon": 132.77187499999997}, "geometry": {"type": "Polygon", "coordinates": [[[132.76874999999998, 33.8125], [132.77499999999998, 33.8125], [132.77499999999998, 33.81666666666667], [132.76874999999998, 33.81666666666667], [132.76874999999998, 33.8125]]]}}, {"type": "Feature", "properties": {"window_end_month": "2025-08", "window_start_month": "2024-09", "mesh_500m": "503256723", "new_restaurant_permits_12m": 2, "active_mesh_rank": 53, "active_mesh_percentile": 60.61, "active_mesh_zscore": -0.1873, "hotspot_class": "other_active", "mesh_500m_center_lat": 33.81458333333333, "mesh_500m_center_lon": 132.778125}, "geometry": {"type": "Polygon", "coordinates": [[[132.775, 33.8125], [132.78125, 33.8125], [132.78125, 33.81666666666667], [132.775, 33.81666666666667], [132.775, 33.8125]]]}}, {"type": "Feature", "properties": {"window_end_month": "2025-08", "window_start_month": "2024-09", "mesh_500m": "503256731", "new_restaurant_permits_12m": 2, "active_mesh_rank": 54, "active_mesh_percentile": 59.85, "active_mesh_zscore": -0.1873, "hotspot_class": "other_active", "mesh_500m_center_lat": 33.81041666666667, "mesh_500m_center_lon": 132.79062499999998}, "geometry": {"type": "Polygon", "coordinates": [[[132.7875, 33.80833333333333], [132.79375, 33.80833333333333], [132.79375, 33.8125], [132.7875, 33.8125], [132.7875, 33.80833333333333]]]}}, {"type": "Feature", "properties": {"window_end_month": "2025-08", "window_start_month": "2024-09", "mesh_500m": "503256741", "new_restaurant_permits_12m": 2, "active_mesh_rank": 55, "active_mesh_percentile": 59.09, "active_mesh_zscore": -0.1873, "hotspot_class": "other_active", "mesh_500m_center_lat": 33.81041666666667, "mesh_500m_center_lon": 132.80312500000002}, "geometry": {"type": "Polygon", "coordinates": [[[132.8, 33.80833333333333], [132.80625, 33.80833333333333], [132.80625, 33.8125], [132.8, 33.8125], [132.8, 33.80833333333333]]]}}, {"type": "Feature", "properties": {"window_end_month": "2025-08", "window_start_month": "2024-09", "mesh_500m": "503256804", "new_restaurant_permits_12m": 2, "active_mesh_rank": 56, "active_mesh_percentile": 58.33, "active_mesh_zscore": -0.1873, "hotspot_class": "other_active", "mesh_500m_center_lat": 33.82291666666667, "mesh_500m_center_lon": 132.75937499999998}, "geometry": {"type": "Polygon", "coordinates": [[[132.75625, 33.82083333333334], [132.7625, 33.82083333333334], [132.7625, 33.82500000000001], [132.75625, 33.82500000000001], [132.75625, 33.82083333333334]]]}}, {"type": "Feature", "properties": {"window_end_month": "2025-08", "window_start_month": "2024-09", "mesh_500m": "503256811", "new_restaurant_permits_12m": 2, "active_mesh_rank": 57, "active_mesh_percentile": 57.58, "active_mesh_zscore": -0.1873, "hotspot_class": "other_active", "mesh_500m_center_lat": 33.81875000000001, "mesh_500m_center_lon": 132.765625}, "geometry": {"type": "Polygon", "coordinates": [[[132.7625, 33.81666666666667], [132.76874999999998, 33.81666666666667], [132.76874999999998, 33.82083333333334], [132.7625, 33.82083333333334], [132.7625, 33.81666666666667]]]}}, {"type": "Feature", "properties": {"window_end_month": "2025-08", "window_start_month": "2024-09", "mesh_500m": "503256821", "new_restaurant_permits_12m": 2, "active_mesh_rank": 58, "active_mesh_percentile": 56.82, "active_mesh_zscore": -0.1873, "hotspot_class": "other_active", "mesh_500m_center_lat": 33.81875000000001, "mesh_500m_center_lon": 132.778125}, "geometry": {"type": "Polygon", "coordinates": [[[132.775, 33.81666666666667], [132.78125, 33.81666666666667], [132.78125, 33.82083333333334], [132.775, 33.82083333333334], [132.775, 33.81666666666667]]]}}, {"type": "Feature", "properties": {"window_end_month": "2025-08", "window_start_month": "2024-09", "mesh_500m": "503256903", "new_restaurant_permits_12m": 2, "active_mesh_rank": 59, "active_mesh_percentile": 56.06, "active_mesh_zscore": -0.1873, "hotspot_class": "other_active", "mesh_500m_center_lat": 33.83125000000001, "mesh_500m_center_lon": 132.753125}, "geometry": {"type": "Polygon", "coordinates": [[[132.75, 33.82916666666667], [132.75625, 33.82916666666667], [132.75625, 33.83333333333334], [132.75, 33.83333333333334], [132.75, 33.82916666666667]]]}}, {"type": "Feature", "properties": {"window_end_month": "2025-08", "window_start_month": "2024-09", "mesh_500m": "503256912", "new_restaurant_permits_12m": 2, "active_mesh_rank": 60, "active_mesh_percentile": 55.3, "active_mesh_zscore": -0.1873, "hotspot_class": "other_active", "mesh_500m_center_lat": 33.827083333333334, "mesh_500m_center_lon": 132.77187499999997}, "geometry": {"type": "Polygon", "coordinates": [[[132.76874999999998, 33.825], [132.77499999999998, 33.825], [132.77499999999998, 33.82916666666667], [132.76874999999998, 33.82916666666667], [132.76874999999998, 33.825]]]}}, {"type": "Feature", "properties": {"window_end_month": "2025-08", "window_start_month": "2024-09", "mesh_500m": "503256913", "new_restaurant_permits_12m": 2, "active_mesh_rank": 61, "active_mesh_percentile": 54.55, "active_mesh_zscore": -0.1873, "hotspot_class": "other_active", "mesh_500m_center_lat": 33.83125000000001, "mesh_500m_center_lon": 132.765625}, "geometry": {"type": "Polygon", "coordinates": [[[132.7625, 33.82916666666667], [132.76874999999998, 33.82916666666667], [132.76874999999998, 33.83333333333334], [132.7625, 33.83333333333334], [132.7625, 33.82916666666667]]]}}, {"type": "Feature", "properties": {"window_end_month": "2025-08", "window_start_month": "2024-09", "mesh_500m": "503256933", "new_restaurant_permits_12m": 2, "active_mesh_rank": 62, "active_mesh_percentile": 53.79, "active_mesh_zscore": -0.1873, "hotspot_class": "other_active", "mesh_500m_center_lat": 33.83125000000001, "mesh_500m_center_lon": 132.79062499999998}, "geometry": {"type": "Polygon", "coordinates": [[[132.7875, 33.82916666666667], [132.79375, 33.82916666666667], [132.79375, 33.83333333333334], [132.7875, 33.83333333333334], [132.7875, 33.82916666666667]]]}}, {"type": "Feature", "properties": {"window_end_month": "2025-08", "window_start_month": "2024-09", "mesh_500m": "503265092", "new_restaurant_permits_12m": 2, "active_mesh_rank": 63, "active_mesh_percentile": 53.03, "active_mesh_zscore": -0.1873, "hotspot_class": "other_active", "mesh_500m_center_lat": 33.835416666666674, "mesh_500m_center_lon": 132.746875}, "geometry": {"type": "Polygon", "coordinates": [[[132.74375, 33.833333333333336], [132.75, 33.833333333333336], [132.75, 33.837500000000006], [132.74375, 33.837500000000006], [132.74375, 33.833333333333336]]]}}, {"type": "Feature", "properties": {"window_end_month": "2025-08", "window_start_month": "2024-09", "mesh_500m": "503265194", "new_restaurant_permits_12m": 2, "active_mesh_rank": 64, "active_mesh_percentile": 52.27, "active_mesh_zscore": -0.1873, "hotspot_class": "other_active", "mesh_500m_center_lat": 33.84791666666668, "mesh_500m_center_lon": 132.746875}, "geometry": {"type": "Polygon", "coordinates": [[[132.74375, 33.84583333333334], [132.75, 33.84583333333334], [132.75, 33.85000000000001], [132.74375, 33.85000000000001], [132.74375, 33.84583333333334]]]}}, {"type": "Feature", "properties": {"window_end_month": "2025-08", "window_start_month": "2024-09", "mesh_500m": "503265274", "new_restaurant_permits_12m": 2, "active_mesh_rank": 65, "active_mesh_percentile": 51.52, "active_mesh_zscore": -0.1873, "hotspot_class": "other_active", "mesh_500m_center_lat": 33.85625, "mesh_500m_center_lon": 132.721875}, "geometry": {"type": "Polygon", "coordinates": [[[132.71875, 33.85416666666667], [132.725, 33.85416666666667], [132.725, 33.85833333333334], [132.71875, 33.85833333333334], [132.71875, 33.85416666666667]]]}}, {"type": "Feature", "properties": {"window_end_month": "2025-08", "window_start_month": "2024-09", "mesh_500m": "503265371", "new_restaurant_permits_12m": 2, "active_mesh_rank": 66, "active_mesh_percentile": 50.76, "active_mesh_zscore": -0.1873, "hotspot_class": "other_active", "mesh_500m_center_lat": 33.860416666666666, "mesh_500m_center_lon": 132.715625}, "geometry": {"type": "Polygon", "coordinates": [[[132.7125, 33.858333333333334], [132.71875, 33.858333333333334], [132.71875, 33.862500000000004], [132.7125, 33.862500000000004], [132.7125, 33.858333333333334]]]}}, {"type": "Feature", "properties": {"window_end_month": "2025-08", "window_start_month": "2024-09", "mesh_500m": "503265374", "new_restaurant_permits_12m": 2, "active_mesh_rank": 67, "active_mesh_percentile": 50.0, "active_mesh_zscore": -0.1873, "hotspot_class": "other_active", "mesh_500m_center_lat": 33.86458333333334, "mesh_500m_center_lon": 132.721875}, "geometry": {"type": "Polygon", "coordinates": [[[132.71875, 33.862500000000004], [132.725, 33.862500000000004], [132.725, 33.866666666666674], [132.71875, 33.866666666666674], [132.71875, 33.862500000000004]]]}}, {"type": "Feature", "properties": {"window_end_month": "2025-08", "window_start_month": "2024-09", "mesh_500m": "503265791", "new_restaurant_permits_12m": 2, "active_mesh_rank": 68, "active_mesh_percentile": 49.24, "active_mesh_zscore": -0.1873, "hotspot_class": "other_active", "mesh_500m_center_lat": 33.89375, "mesh_500m_center_lon": 132.74062500000002}, "geometry": {"type": "Polygon", "coordinates": [[[132.7375, 33.891666666666666], [132.74375, 33.891666666666666], [132.74375, 33.895833333333336], [132.7375, 33.895833333333336], [132.7375, 33.891666666666666]]]}}, {"type": "Feature", "properties": {"window_end_month": "2025-08", "window_start_month": "2024-09", "mesh_500m": "503266021", "new_restaurant_permits_12m": 2, "active_mesh_rank": 69, "active_mesh_percentile": 48.48, "active_mesh_zscore": -0.1873, "hotspot_class": "other_active", "mesh_500m_center_lat": 33.835416666666674, "mesh_500m_center_lon": 132.778125}, "geometry": {"type": "Polygon", "coordinates": [[[132.775, 33.833333333333336], [132.78125, 33.833333333333336], [132.78125, 33.837500000000006], [132.775, 33.837500000000006], [132.775, 33.833333333333336]]]}}, {"type": "Feature", "properties": {"window_end_month": "2025-08", "window_start_month": "2024-09", "mesh_500m": "503266031", "new_restaurant_permits_12m": 2, "active_mesh_rank": 70, "active_mesh_percentile": 47.73, "active_mesh_zscore": -0.1873, "hotspot_class": "other_active", "mesh_500m_center_lat": 33.835416666666674, "mesh_500m_center_lon": 132.79062499999998}, "geometry": {"type": "Polygon", "coordinates": [[[132.7875, 33.833333333333336], [132.79375, 33.833333333333336], [132.79375, 33.837500000000006], [132.7875, 33.837500000000006], [132.7875, 33.833333333333336]]]}}, {"type": "Feature", "properties": {"window_end_month": "2025-08", "window_start_month": "2024-09", "mesh_500m": "503266124", "new_restaurant_permits_12m": 2, "active_mesh_rank": 71, "active_mesh_percentile": 46.97, "active_mesh_zscore": -0.1873, "hotspot_class": "other_active", "mesh_500m_center_lat": 33.84791666666668, "mesh_500m_center_lon": 132.784375}, "geometry": {"type": "Polygon", "coordinates": [[[132.78125, 33.84583333333334], [132.7875, 33.84583333333334], [132.7875, 33.85000000000001], [132.78125, 33.85000000000001], [132.78125, 33.84583333333334]]]}}, {"type": "Feature", "properties": {"window_end_month": "2025-08", "window_start_month": "2024-09", "mesh_500m": "503266224", "new_restaurant_permits_12m": 2, "active_mesh_rank": 72, "active_mesh_percentile": 46.21, "active_mesh_zscore": -0.1873, "hotspot_class": "other_active", "mesh_500m_center_lat": 33.85625, "mesh_500m_center_lon": 132.784375}, "geometry": {"type": "Polygon", "coordinates": [[[132.78125, 33.85416666666667], [132.7875, 33.85416666666667], [132.7875, 33.85833333333334], [132.78125, 33.85833333333334], [132.78125, 33.85416666666667]]]}}, {"type": "Feature", "properties": {"window_end_month": "2025-08", "window_start_month": "2024-09", "mesh_500m": "503266302", "new_restaurant_permits_12m": 2, "active_mesh_rank": 73, "active_mesh_percentile": 45.45, "active_mesh_zscore": -0.1873, "hotspot_class": "other_active", "mesh_500m_center_lat": 33.860416666666666, "mesh_500m_center_lon": 132.75937499999998}, "geometry": {"type": "Polygon", "coordinates": [[[132.75625, 33.858333333333334], [132.7625, 33.858333333333334], [132.7625, 33.862500000000004], [132.75625, 33.862500000000004], [132.75625, 33.858333333333334]]]}}, {"type": "Feature", "properties": {"window_end_month": "2025-08", "window_start_month": "2024-09", "mesh_500m": "503276412", "new_restaurant_permits_12m": 2, "active_mesh_rank": 74, "active_mesh_percentile": 44.7, "active_mesh_zscore": -0.1873, "hotspot_class": "other_active", "mesh_500m_center_lat": 33.952083333333334, "mesh_500m_center_lon": 132.77187499999997}, "geometry": {"type": "Polygon", "coordinates": [[[132.76874999999998, 33.95], [132.77499999999998, 33.95], [132.77499999999998, 33.95416666666667], [132.76874999999998, 33.95416666666667], [132.76874999999998, 33.95]]]}}, {"type": "Feature", "properties": {"window_end_month": "2025-08", "window_start_month": "2024-09", "mesh_500m": "503255793", "new_restaurant_permits_12m": 1, "active_mesh_rank": 75, "active_mesh_percentile": 43.94, "active_mesh_zscore": -0.4747, "hotspot_class": "other_active", "mesh_500m_center_lat": 33.81458333333333, "mesh_500m_center_lon": 132.74062500000002}, "geometry": {"type": "Polygon", "coordinates": [[[132.7375, 33.8125], [132.74375, 33.8125], [132.74375, 33.81666666666667], [132.7375, 33.81666666666667], [132.7375, 33.8125]]]}}, {"type": "Feature", "properties": {"window_end_month": "2025-08", "window_start_month": "2024-09", "mesh_500m": "503255794", "new_restaurant_permits_12m": 1, "active_mesh_rank": 76, "active_mesh_percentile": 43.18, "active_mesh_zscore": -0.4747, "hotspot_class": "other_active", "mesh_500m_center_lat": 33.81458333333333, "mesh_500m_center_lon": 132.746875}, "geometry": {"type": "Polygon", "coordinates": [[[132.74375, 33.8125], [132.75, 33.8125], [132.75, 33.81666666666667], [132.74375, 33.81666666666667], [132.74375, 33.8125]]]}}, {"type": "Feature", "properties": {"window_end_month": "2025-08", "window_start_month": "2024-09", "mesh_500m": "503255854", "new_restaurant_permits_12m": 1, "active_mesh_rank": 77, "active_mesh_percentile": 42.42, "active_mesh_zscore": -0.4747, "hotspot_class": "other_active", "mesh_500m_center_lat": 33.82291666666667, "mesh_500m_center_lon": 132.69687499999998}, "geometry": {"type": "Polygon", "coordinates": [[[132.69375, 33.82083333333334], [132.7, 33.82083333333334], [132.7, 33.82500000000001], [132.69375, 33.82500000000001], [132.69375, 33.82083333333334]]]}}, {"type": "Feature", "properties": {"window_end_month": "2025-08", "window_start_month": "2024-09", "mesh_500m": "503255873", "new_restaurant_permits_12m": 1, "active_mesh_rank": 78, "active_mesh_percentile": 41.67, "active_mesh_zscore": -0.4747, "hotspot_class": "other_active", "mesh_500m_center_lat": 33.82291666666667, "mesh_500m_center_lon": 132.715625}, "geometry": {"type": "Polygon", "coordinates": [[[132.7125, 33.82083333333334], [132.71875, 33.82083333333334], [132.71875, 33.82500000000001], [132.7125, 33.82500000000001], [132.7125, 33.82083333333334]]]}}, {"type": "Feature", "properties": {"window_end_month": "2025-08", "window_start_month": "2024-09", "mesh_500m": "503255894", "new_restaurant_permits_12m": 1, "active_mesh_rank": 79, "active_mesh_percentile": 40.91, "active_mesh_zscore": -0.4747, "hotspot_class": "other_active", "mesh_500m_center_lat": 33.82291666666667, "mesh_500m_center_lon": 132.746875}, "geometry": {"type": "Polygon", "coordinates": [[[132.74375, 33.82083333333334], [132.75, 33.82083333333334], [132.75, 33.82500000000001], [132.74375, 33.82500000000001], [132.74375, 33.82083333333334]]]}}, {"type": "Feature", "properties": {"window_end_month": "2025-08", "window_start_month": "2024-09", "mesh_500m": "503255964", "new_restaurant_permits_12m": 1, "active_mesh_rank": 80, "active_mesh_percentile": 40.15, "active_mesh_zscore": -0.4747, "hotspot_class": "other_active", "mesh_500m_center_lat": 33.83125000000001, "mesh_500m_center_lon": 132.70937499999997}, "geometry": {"type": "Polygon", "coordinates": [[[132.70624999999998, 33.82916666666667], [132.71249999999998, 33.82916666666667], [132.71249999999998, 33.83333333333334], [132.70624999999998, 33.83333333333334], [132.70624999999998, 33.82916666666667]]]}}, {"type": "Feature", "properties": {"window_end_month": "2025-08", "window_start_month": "2024-09", "mesh_500m": "503255974", "new_restaurant_permits_12m": 1, "active_mesh_rank": 81, "active_mesh_percentile": 39.39, "active_mesh_zscore": -0.4747, "hotspot_class": "other_active", "mesh_500m_center_lat": 33.83125000000001, "mesh_500m_center_lon": 132.721875}, "geometry": {"type": "Polygon", "coordinates": [[[132.71875, 33.82916666666667], [132.725, 33.82916666666667], [132.725, 33.83333333333334], [132.71875, 33.83333333333334], [132.71875, 33.82916666666667]]]}}, {"type": "Feature", "properties": {"window_end_month": "2025-08", "window_start_month": "2024-09", "mesh_500m": "503255981", "new_restaurant_permits_12m": 1, "active_mesh_rank": 82, "active_mesh_percentile": 38.64, "active_mesh_zscore": -0.4747, "hotspot_class": "other_active", "mesh_500m_center_lat": 33.827083333333334, "mesh_500m_center_lon": 132.72812499999998}, "geometry": {"type": "Polygon", "coordinates": [[[132.725, 33.825], [132.73125, 33.825], [132.73125, 33.82916666666667], [132.725, 33.82916666666667], [132.725, 33.825]]]}}, {"type": "Feature", "properties": {"window_end_month": "2025-08", "window_start_month": "2024-09", "mesh_500m": "503255991", "new_restaurant_permits_12m": 1, "active_mesh_rank": 83, "active_mesh_percentile": 37.88, "active_mesh_zscore": -0.4747, "hotspot_class": "other_active", "mesh_500m_center_lat": 33.827083333333334, "mesh_500m_center_lon": 132.74062500000002}, "geometry": {"type": "Polygon", "coordinates": [[[132.7375, 33.825], [132.74375, 33.825], [132.74375, 33.82916666666667], [132.7375, 33.82916666666667], [132.7375, 33.825]]]}}, {"type": "Feature", "properties": {"window_end_month": "2025-08", "window_start_month": "2024-09", "mesh_500m": "503256514", "new_restaurant_permits_12m": 1, "active_mesh_rank": 84, "active_mesh_percentile": 37.12, "active_mesh_zscore": -0.4747, "hotspot_class": "other_active", "mesh_500m_center_lat": 33.797916666666666, "mesh_500m_center_lon": 132.77187499999997}, "geometry": {"type": "Polygon", "coordinates": [[[132.76874999999998, 33.795833333333334], [132.77499999999998, 33.795833333333334], [132.77499999999998, 33.800000000000004], [132.76874999999998, 33.800000000000004], [132.76874999999998, 33.795833333333334]]]}}, {"type": "Feature", "properties": {"window_end_month": "2025-08", "window_start_month": "2024-09", "mesh_500m": "503256524", "new_restaurant_permits_12m": 1, "active_mesh_rank": 85, "active_mesh_percentile": 36.36, "active_mesh_zscore": -0.4747, "hotspot_class": "other_active", "mesh_500m_center_lat": 33.797916666666666, "mesh_500m_center_lon": 132.784375}, "geometry": {"type": "Polygon", "coordinates": [[[132.78125, 33.795833333333334], [132.7875, 33.795833333333334], [132.7875, 33.800000000000004], [132.78125, 33.800000000000004], [132.78125, 33.795833333333334]]]}}, {"type": "Feature", "properties": {"window_end_month": "2025-08", "window_start_month": "2024-09", "mesh_500m": "503256613", "new_restaurant_permits_12m": 1, "active_mesh_rank": 86, "active_mesh_percentile": 35.61, "active_mesh_zscore": -0.4747, "hotspot_class": "other_active", "mesh_500m_center_lat": 33.806250000000006, "mesh_500m_center_lon": 132.765625}, "geometry": {"type": "Polygon", "coordinates": [[[132.7625, 33.80416666666667], [132.76874999999998, 33.80416666666667], [132.76874999999998, 33.80833333333334], [132.7625, 33.80833333333334], [132.7625, 33.80416666666667]]]}}, {"type": "Feature", "properties": {"window_end_month": "2025-08", "window_start_month": "2024-09", "mesh_500m": "503256622", "new_restaurant_permits_12m": 1, "active_mesh_rank": 87, "active_mesh_percentile": 34.85, "active_mesh_zscore": -0.4747, "hotspot_class": "other_active", "mesh_500m_center_lat": 33.80208333333333, "mesh_500m_center_lon": 132.784375}, "geometry": {"type": "Polygon", "coordinates": [[[132.78125, 33.8], [132.7875, 33.8], [132.7875, 33.80416666666667], [132.78125, 33.80416666666667], [132.78125, 33.8]]]}}, {"type": "Feature", "properties": {"window_end_month": "2025-08", "window_start_month": "2024-09", "mesh_500m": "503256624", "new_restaurant_permits_12m": 1, "active_mesh_rank": 88, "active_mesh_percentile": 34.09, "active_mesh_zscore": -0.4747, "hotspot_class": "other_active", "mesh_500m_center_lat": 33.806250000000006, "mesh_500m_center_lon": 132.784375}, "geometry": {"type": "Polygon", "coordinates": [[[132.78125, 33.80416666666667], [132.7875, 33.80416666666667], [132.7875, 33.80833333333334], [132.78125, 33.80833333333334], [132.78125, 33.80416666666667]]]}}, {"type": "Feature", "properties": {"window_end_month": "2025-08", "window_start_month": "2024-09", "mesh_500m": "503256631", "new_restaurant_permits_12m": 1, "active_mesh_rank": 89, "active_mesh_percentile": 33.33, "active_mesh_zscore": -0.4747, "hotspot_class": "other_active", "mesh_500m_center_lat": 33.80208333333333, "mesh_500m_center_lon": 132.79062499999998}, "geometry": {"type": "Polygon", "coordinates": [[[132.7875, 33.8], [132.79375, 33.8], [132.79375, 33.80416666666667], [132.7875, 33.80416666666667], [132.7875, 33.8]]]}}, {"type": "Feature", "properties": {"window_end_month": "2025-08", "window_start_month": "2024-09", "mesh_500m": "503256703", "new_restaurant_permits_12m": 1, "active_mesh_rank": 90, "active_mesh_percentile": 32.58, "active_mesh_zscore": -0.4747, "hotspot_class": "other_active", "mesh_500m_center_lat": 33.81458333333333, "mesh_500m_center_lon": 132.753125}, "geometry": {"type": "Polygon", "coordinates": [[[132.75, 33.8125], [132.75625, 33.8125], [132.75625, 33.81666666666667], [132.75, 33.81666666666667], [132.75, 33.8125]]]}}, {"type": "Feature", "properties": {"window_end_month": "2025-08", "window_start_month": "2024-09", "mesh_500m": "503256713", "new_restaurant_permits_12m": 1, "active_mesh_rank": 91, "active_mesh_percentile": 31.82, "active_mesh_zscore": -0.4747, "hotspot_class": "other_active", "mesh_500m_center_lat": 33.81458333333333, "mesh_500m_center_lon": 132.765625}, "geometry": {"type": "Polygon", "coordinates": [[[132.7625, 33.8125], [132.76874999999998, 33.8125], [132.76874999999998, 33.81666666666667], [132.7625, 33.81666666666667], [132.7625, 33.8125]]]}}, {"type": "Feature", "properties": {"window_end_month": "2025-08", "window_start_month": "2024-09", "mesh_500m": "503256722", "new_restaurant_permits_12m": 1, "active_mesh_rank": 92, "active_mesh_percentile": 31.06, "active_mesh_zscore": -0.4747, "hotspot_class": "other_active", "mesh_500m_center_lat": 33.81041666666667, "mesh_500m_center_lon": 132.784375}, "geometry": {"type": "Polygon", "coordinates": [[[132.78125, 33.80833333333333], [132.7875, 33.80833333333333], [132.7875, 33.8125], [132.78125, 33.8125], [132.78125, 33.80833333333333]]]}}, {"type": "Feature", "properties": {"window_end_month": "2025-08", "window_start_month": "2024-09", "mesh_500m": "503256724", "new_restaurant_permits_12m": 1, "active_mesh_rank": 93, "active_mesh_percentile": 30.3, "active_mesh_zscore": -0.4747, "hotspot_class": "other_active", "mesh_500m_center_lat": 33.81458333333333, "mesh_500m_center_lon": 132.784375}, "geometry": {"type": "Polygon", "coordinates": [[[132.78125, 33.8125], [132.7875, 33.8125], [132.7875, 33.81666666666667], [132.78125, 33.81666666666667], [132.78125, 33.8125]]]}}, {"type": "Feature", "properties": {"window_end_month": "2025-08", "window_start_month": "2024-09", "mesh_500m": "503256751", "new_restaurant_permits_12m": 1, "active_mesh_rank": 94, "active_mesh_percentile": 29.55, "active_mesh_zscore": -0.4747, "hotspot_class": "other_active", "mesh_500m_center_lat": 33.81041666666667, "mesh_500m_center_lon": 132.815625}, "geometry": {"type": "Polygon", "coordinates": [[[132.8125, 33.80833333333333], [132.81875, 33.80833333333333], [132.81875, 33.8125], [132.8125, 33.8125], [132.8125, 33.80833333333333]]]}}, {"type": "Feature", "properties": {"window_end_month": "2025-08", "window_start_month": "2024-09", "mesh_500m": "503256752", "new_restaurant_permits_12m": 1, "active_mesh_rank": 95, "active_mesh_percentile": 28.79, "active_mesh_zscore": -0.4747, "hotspot_class": "other_active", "mesh_500m_center_lat": 33.81041666666667, "mesh_500m_center_lon": 132.82187499999998}, "geometry": {"type": "Polygon", "coordinates": [[[132.81875, 33.80833333333333], [132.825, 33.80833333333333], [132.825, 33.8125], [132.81875, 33.8125], [132.81875, 33.80833333333333]]]}}, {"type": "Feature", "properties": {"window_end_month": "2025-08", "window_start_month": "2024-09", "mesh_500m": "503256801", "new_restaurant_permits_12m": 1, "active_mesh_rank": 96, "active_mesh_percentile": 28.03, "active_mesh_zscore": -0.4747, "hotspot_class": "other_active", "mesh_500m_center_lat": 33.81875000000001, "mesh_500m_center_lon": 132.753125}, "geometry": {"type": "Polygon", "coordinates": [[[132.75, 33.81666666666667], [132.75625, 33.81666666666667], [132.75625, 33.82083333333334], [132.75, 33.82083333333334], [132.75, 33.81666666666667]]]}}, {"type": "Feature", "properties": {"window_end_month": "2025-08", "window_start_month": "2024-09", "mesh_500m": "503256812", "new_restaurant_permits_12m": 1, "active_mesh_rank": 97, "active_mesh_percentile": 27.27, "active_mesh_zscore": -0.4747, "hotspot_class": "other_active", "mesh_500m_center_lat": 33.81875000000001, "mesh_500m_center_lon": 132.77187499999997}, "geometry": {"type": "Polygon", "coordinates": [[[132.76874999999998, 33.81666666666667], [132.77499999999998, 33.81666666666667], [132.77499999999998, 33.82083333333334], [132.76874999999998, 33.82083333333334], [132.76874999999998, 33.81666666666667]]]}}, {"type": "Feature", "properties": {"window_end_month": "2025-08", "window_start_month": "2024-09", "mesh_500m": "503256813", "new_restaurant_permits_12m": 1, "active_mesh_rank": 98, "active_mesh_percentile": 26.52, "active_mesh_zscore": -0.4747, "hotspot_class": "other_active", "mesh_500m_center_lat": 33.82291666666667, "mesh_500m_center_lon": 132.765625}, "geometry": {"type": "Polygon", "coordinates": [[[132.7625, 33.82083333333334], [132.76874999999998, 33.82083333333334], [132.76874999999998, 33.82500000000001], [132.7625, 33.82500000000001], [132.7625, 33.82083333333334]]]}}, {"type": "Feature", "properties": {"window_end_month": "2025-08", "window_start_month": "2024-09", "mesh_500m": "503256822", "new_restaurant_permits_12m": 1, "active_mesh_rank": 99, "active_mesh_percentile": 25.76, "active_mesh_zscore": -0.4747, "hotspot_class": "other_active", "mesh_500m_center_lat": 33.81875000000001, "mesh_500m_center_lon": 132.784375}, "geometry": {"type": "Polygon", "coordinates": [[[132.78125, 33.81666666666667], [132.7875, 33.81666666666667], [132.7875, 33.82083333333334], [132.78125, 33.82083333333334], [132.78125, 33.81666666666667]]]}}, {"type": "Feature", "properties": {"window_end_month": "2025-08", "window_start_month": "2024-09", "mesh_500m": "503256934", "new_restaurant_permits_12m": 1, "active_mesh_rank": 100, "active_mesh_percentile": 25.0, "active_mesh_zscore": -0.4747, "hotspot_class": "other_active", "mesh_500m_center_lat": 33.83125000000001, "mesh_500m_center_lon": 132.796875}, "geometry": {"type": "Polygon", "coordinates": [[[132.79375, 33.82916666666667], [132.79999999999998, 33.82916666666667], [132.79999999999998, 33.83333333333334], [132.79375, 33.83333333333334], [132.79375, 33.82916666666667]]]}}, {"type": "Feature", "properties": {"window_end_month": "2025-08", "window_start_month": "2024-09", "mesh_500m": "503256941", "new_restaurant_permits_12m": 1, "active_mesh_rank": 101, "active_mesh_percentile": 24.24, "active_mesh_zscore": -0.4747, "hotspot_class": "other_active", "mesh_500m_center_lat": 33.827083333333334, "mesh_500m_center_lon": 132.80312500000002}, "geometry": {"type": "Polygon", "coordinates": [[[132.8, 33.825], [132.80625, 33.825], [132.80625, 33.82916666666667], [132.8, 33.82916666666667], [132.8, 33.825]]]}}, {"type": "Feature", "properties": {"window_end_month": "2025-08", "window_start_month": "2024-09", "mesh_500m": "503265091", "new_restaurant_permits_12m": 1, "active_mesh_rank": 102, "active_mesh_percentile": 23.48, "active_mesh_zscore": -0.4747, "hotspot_class": "other_active", "mesh_500m_center_lat": 33.835416666666674, "mesh_500m_center_lon": 132.74062500000002}, "geometry": {"type": "Polygon", "coordinates": [[[132.7375, 33.833333333333336], [132.74375, 33.833333333333336], [132.74375, 33.837500000000006], [132.7375, 33.837500000000006], [132.7375, 33.833333333333336]]]}}, {"type": "Feature", "properties": {"window_end_month": "2025-08", "window_start_month": "2024-09", "mesh_500m": "503265093", "new_restaurant_permits_12m": 1, "active_mesh_rank": 103, "active_mesh_percentile": 22.73, "active_mesh_zscore": -0.4747, "hotspot_class": "other_active", "mesh_500m_center_lat": 33.83958333333334, "mesh_500m_center_lon": 132.74062500000002}, "geometry": {"type": "Polygon", "coordinates": [[[132.7375, 33.837500000000006], [132.74375, 33.837500000000006], [132.74375, 33.841666666666676], [132.7375, 33.841666666666676], [132.7375, 33.837500000000006]]]}}, {"type": "Feature", "properties": {"window_end_month": "2025-08", "window_start_month": "2024-09", "mesh_500m": "503265294", "new_restaurant_permits_12m": 1, "active_mesh_rank": 104, "active_mesh_percentile": 21.97, "active_mesh_zscore": -0.4747, "hotspot_class": "other_active", "mesh_500m_center_lat": 33.85625, "mesh_500m_center_lon": 132.746875}, "geometry": {"type": "Polygon", "coordinates": [[[132.74375, 33.85416666666667], [132.75, 33.85416666666667], [132.75, 33.85833333333334], [132.74375, 33.85833333333334], [132.74375, 33.85416666666667]]]}}, {"type": "Feature", "properties": {"window_end_month": "2025-08", "window_start_month": "2024-09", "mesh_500m": "503265362", "new_restaurant_permits_12m": 1, "active_mesh_rank": 105, "active_mesh_percentile": 21.21, "active_mesh_zscore": -0.4747, "hotspot_class": "other_active", "mesh_500m_center_lat": 33.860416666666666, "mesh_500m_center_lon": 132.70937499999997}, "geometry": {"type": "Polygon", "coordinates": [[[132.70624999999998, 33.858333333333334], [132.71249999999998, 33.858333333333334], [132.71249999999998, 33.862500000000004], [132.70624999999998, 33.862500000000004], [132.70624999999998, 33.858333333333334]]]}}, {"type": "Feature", "properties": {"window_end_month": "2025-08", "window_start_month": "2024-09", "mesh_500m": "503265364", "new_restaurant_permits_12m": 1, "active_mesh_rank": 106, "active_mesh_percentile": 20.45, "active_mesh_zscore": -0.4747, "hotspot_class": "other_active", "mesh_500m_center_lat": 33.86458333333334, "mesh_500m_center_lon": 132.70937499999997}, "geometry": {"type": "Polygon", "coordinates": [[[132.70624999999998, 33.862500000000004], [132.71249999999998, 33.862500000000004], [132.71249999999998, 33.866666666666674], [132.70624999999998, 33.866666666666674], [132.70624999999998, 33.862500000000004]]]}}, {"type": "Feature", "properties": {"window_end_month": "2025-08", "window_start_month": "2024-09", "mesh_500m": "503265471", "new_restaurant_permits_12m": 1, "active_mesh_rank": 107, "active_mesh_percentile": 19.7, "active_mesh_zscore": -0.4747, "hotspot_class": "other_active", "mesh_500m_center_lat": 33.868750000000006, "mesh_500m_center_lon": 132.715625}, "geometry": {"type": "Polygon", "coordinates": [[[132.7125, 33.86666666666667], [132.71875, 33.86666666666667], [132.71875, 33.87083333333334], [132.7125, 33.87083333333334], [132.7125, 33.86666666666667]]]}}, {"type": "Feature", "properties": {"window_end_month": "2025-08", "window_start_month": "2024-09", "mesh_500m": "503265472", "new_restaurant_permits_12m": 1, "active_mesh_rank": 108, "active_mesh_percentile": 18.94, "active_mesh_zscore": -0.4747, "hotspot_class": "other_active", "mesh_500m_center_lat": 33.868750000000006, "mesh_500m_center_lon": 132.721875}, "geometry": {"type": "Polygon", "coordinates": [[[132.71875, 33.86666666666667], [132.725, 33.86666666666667], [132.725, 33.87083333333334], [132.71875, 33.87083333333334], [132.71875, 33.86666666666667]]]}}, {"type": "Feature", "properties": {"window_end_month": "2025-08", "window_start_month": "2024-09", "mesh_500m": "503265474", "new_restaurant_permits_12m": 1, "active_mesh_rank": 109, "active_mesh_percentile": 18.18, "active_mesh_zscore": -0.4747, "hotspot_class": "other_active", "mesh_500m_center_lat": 33.87291666666667, "mesh_500m_center_lon": 132.721875}, "geometry": {"type": "Polygon", "coordinates": [[[132.71875, 33.87083333333334], [132.725, 33.87083333333334], [132.725, 33.87500000000001], [132.71875, 33.87500000000001], [132.71875, 33.87083333333334]]]}}, {"type": "Feature", "properties": {"window_end_month": "2025-08", "window_start_month": "2024-09", "mesh_500m": "503265481", "new_restaurant_permits_12m": 1, "active_mesh_rank": 110, "active_mesh_percentile": 17.42, "active_mesh_zscore": -0.4747, "hotspot_class": "other_active", "mesh_500m_center_lat": 33.868750000000006, "mesh_500m_center_lon": 132.72812499999998}, "geometry": {"type": "Polygon", "coordinates": [[[132.725, 33.86666666666667], [132.73125, 33.86666666666667], [132.73125, 33.87083333333334], [132.725, 33.87083333333334], [132.725, 33.86666666666667]]]}}, {"type": "Feature", "properties": {"window_end_month": "2025-08", "window_start_month": "2024-09", "mesh_500m": "503265492", "new_restaurant_permits_12m": 1, "active_mesh_rank": 111, "active_mesh_percentile": 16.67, "active_mesh_zscore": -0.4747, "hotspot_class": "other_active", "mesh_500m_center_lat": 33.868750000000006, "mesh_500m_center_lon": 132.746875}, "geometry": {"type": "Polygon", "coordinates": [[[132.74375, 33.86666666666667], [132.75, 33.86666666666667], [132.75, 33.87083333333334], [132.74375, 33.87083333333334], [132.74375, 33.86666666666667]]]}}, {"type": "Feature", "properties": {"window_end_month": "2025-08", "window_start_month": "2024-09", "mesh_500m": "503265661", "new_restaurant_permits_12m": 1, "active_mesh_rank": 112, "active_mesh_percentile": 15.91, "active_mesh_zscore": -0.4747, "hotspot_class": "other_active", "mesh_500m_center_lat": 33.88541666666667, "mesh_500m_center_lon": 132.703125}, "geometry": {"type": "Polygon", "coordinates": [[[132.7, 33.88333333333333], [132.70624999999998, 33.88333333333333], [132.70624999999998, 33.8875], [132.7, 33.8875], [132.7, 33.88333333333333]]]}}, {"type": "Feature", "properties": {"window_end_month": "2025-08", "window_start_month": "2024-09", "mesh_500m": "503265783", "new_restaurant_permits_12m": 1, "active_mesh_rank": 113, "active_mesh_percentile": 15.15, "active_mesh_zscore": -0.4747, "hotspot_class": "other_active", "mesh_500m_center_lat": 33.897916666666674, "mesh_500m_center_lon": 132.72812499999998}, "geometry": {"type": "Polygon", "coordinates": [[[132.725, 33.895833333333336], [132.73125, 33.895833333333336], [132.73125, 33.900000000000006], [132.725, 33.900000000000006], [132.725, 33.895833333333336]]]}}, {"type": "Feature", "properties": {"window_end_month": "2025-08", "window_start_month": "2024-09", "mesh_500m": "503265792", "new_restaurant_permits_12m": 1, "active_mesh_rank": 114, "active_mesh_percentile": 14.39, "active_mesh_zscore": -0.4747, "hotspot_class": "other_active", "mesh_500m_center_lat": 33.89375, "mesh_500m_center_lon": 132.746875}, "geometry": {"type": "Polygon", "coordinates": [[[132.74375, 33.891666666666666], [132.75, 33.891666666666666], [132.75, 33.895833333333336], [132.74375, 33.895833333333336], [132.74375, 33.891666666666666]]]}}, {"type": "Feature", "properties": {"window_end_month": "2025-08", "window_start_month": "2024-09", "mesh_500m": "503265882", "new_restaurant_permits_12m": 1, "active_mesh_rank": 115, "active_mesh_percentile": 13.64, "active_mesh_zscore": -0.4747, "hotspot_class": "other_active", "mesh_500m_center_lat": 33.90208333333334, "mesh_500m_center_lon": 132.734375}, "geometry": {"type": "Polygon", "coordinates": [[[132.73125, 33.900000000000006], [132.73749999999998, 33.900000000000006], [132.73749999999998, 33.904166666666676], [132.73125, 33.904166666666676], [132.73125, 33.900000000000006]]]}}, {"type": "Feature", "properties": {"window_end_month": "2025-08", "window_start_month": "2024-09", "mesh_500m": "503266001", "new_restaurant_permits_12m": 1, "active_mesh_rank": 116, "active_mesh_percentile": 12.88, "active_mesh_zscore": -0.4747, "hotspot_class": "other_active", "mesh_500m_center_lat": 33.835416666666674, "mesh_500m_center_lon": 132.753125}, "geometry": {"type": "Polygon", "coordinates": [[[132.75, 33.833333333333336], [132.75625, 33.833333333333336], [132.75625, 33.837500000000006], [132.75, 33.837500000000006], [132.75, 33.833333333333336]]]}}, {"type": "Feature", "properties": {"window_end_month": "2025-08", "window_start_month": "2024-09", "mesh_500m": "503266033", "new_restaurant_permits_12m": 1, "active_mesh_rank": 117, "active_mesh_percentile": 12.12, "active_mesh_zscore": -0.4747, "hotspot_class": "other_active", "mesh_500m_center_lat": 33.83958333333334, "mesh_500m_center_lon": 132.79062499999998}, "geometry": {"type": "Polygon", "coordinates": [[[132.7875, 33.837500000000006], [132.79375, 33.837500000000006], [132.79375, 33.841666666666676], [132.7875, 33.841666666666676], [132.7875, 33.837500000000006]]]}}, {"type": "Feature", "properties": {"window_end_month": "2025-08", "window_start_month": "2024-09", "mesh_500m": "503266122", "new_restaurant_permits_12m": 1, "active_mesh_rank": 118, "active_mesh_percentile": 11.36, "active_mesh_zscore": -0.4747, "hotspot_class": "other_active", "mesh_500m_center_lat": 33.84375, "mesh_500m_center_lon": 132.784375}, "geometry": {"type": "Polygon", "coordinates": [[[132.78125, 33.84166666666667], [132.7875, 33.84166666666667], [132.7875, 33.84583333333334], [132.78125, 33.84583333333334], [132.78125, 33.84166666666667]]]}}, {"type": "Feature", "properties": {"window_end_month": "2025-08", "window_start_month": "2024-09", "mesh_500m": "503266123", "new_restaurant_permits_12m": 1, "active_mesh_rank": 119, "active_mesh_percentile": 10.61, "active_mesh_zscore": -0.4747, "hotspot_class": "other_active", "mesh_500m_center_lat": 33.84791666666668, "mesh_500m_center_lon": 132.778125}, "geometry": {"type": "Polygon", "coordinates": [[[132.775, 33.84583333333334], [132.78125, 33.84583333333334], [132.78125, 33.85000000000001], [132.775, 33.85000000000001], [132.775, 33.84583333333334]]]}}, {"type": "Feature", "properties": {"window_end_month": "2025-08", "window_start_month": "2024-09", "mesh_500m": "503266133", "new_restaurant_permits_12m": 1, "active_mesh_rank": 120, "active_mesh_percentile": 9.85, "active_mesh_zscore": -0.4747, "hotspot_class": "other_active", "mesh_500m_center_lat": 33.84791666666668, "mesh_500m_center_lon": 132.79062499999998}, "geometry": {"type": "Polygon", "coordinates": [[[132.7875, 33.84583333333334], [132.79375, 33.84583333333334], [132.79375, 33.85000000000001], [132.7875, 33.85000000000001], [132.7875, 33.84583333333334]]]}}, {"type": "Feature", "properties": {"window_end_month": "2025-08", "window_start_month": "2024-09", "mesh_500m": "503266143", "new_restaurant_permits_12m": 1, "active_mesh_rank": 121, "active_mesh_percentile": 9.09, "active_mesh_zscore": -0.4747, "hotspot_class": "other_active", "mesh_500m_center_lat": 33.84791666666668, "mesh_500m_center_lon": 132.80312500000002}, "geometry": {"type": "Polygon", "coordinates": [[[132.8, 33.84583333333334], [132.80625, 33.84583333333334], [132.80625, 33.85000000000001], [132.8, 33.85000000000001], [132.8, 33.84583333333334]]]}}, {"type": "Feature", "properties": {"window_end_month": "2025-08", "window_start_month": "2024-09", "mesh_500m": "503266201", "new_restaurant_permits_12m": 1, "active_mesh_rank": 122, "active_mesh_percentile": 8.33, "active_mesh_zscore": -0.4747, "hotspot_class": "other_active", "mesh_500m_center_lat": 33.85208333333334, "mesh_500m_center_lon": 132.753125}, "geometry": {"type": "Polygon", "coordinates": [[[132.75, 33.85], [132.75625, 33.85], [132.75625, 33.85416666666667], [132.75, 33.85416666666667], [132.75, 33.85]]]}}, {"type": "Feature", "properties": {"window_end_month": "2025-08", "window_start_month": "2024-09", "mesh_500m": "503266304", "new_restaurant_permits_12m": 1, "active_mesh_rank": 123, "active_mesh_percentile": 7.58, "active_mesh_zscore": -0.4747, "hotspot_class": "other_active", "mesh_500m_center_lat": 33.86458333333334, "mesh_500m_center_lon": 132.75937499999998}, "geometry": {"type": "Polygon", "coordinates": [[[132.75625, 33.862500000000004], [132.7625, 33.862500000000004], [132.7625, 33.866666666666674], [132.75625, 33.866666666666674], [132.75625, 33.862500000000004]]]}}, {"type": "Feature", "properties": {"window_end_month": "2025-08", "window_start_month": "2024-09", "mesh_500m": "503266402", "new_restaurant_permits_12m": 1, "active_mesh_rank": 124, "active_mesh_percentile": 6.82, "active_mesh_zscore": -0.4747, "hotspot_class": "other_active", "mesh_500m_center_lat": 33.868750000000006, "mesh_500m_center_lon": 132.75937499999998}, "geometry": {"type": "Polygon", "coordinates": [[[132.75625, 33.86666666666667], [132.7625, 33.86666666666667], [132.7625, 33.87083333333334], [132.75625, 33.87083333333334], [132.75625, 33.86666666666667]]]}}, {"type": "Feature", "properties": {"window_end_month": "2025-08", "window_start_month": "2024-09", "mesh_500m": "503266403", "new_restaurant_permits_12m": 1, "active_mesh_rank": 125, "active_mesh_percentile": 6.06, "active_mesh_zscore": -0.4747, "hotspot_class": "other_active", "mesh_500m_center_lat": 33.87291666666667, "mesh_500m_center_lon": 132.753125}, "geometry": {"type": "Polygon", "coordinates": [[[132.75, 33.87083333333334], [132.75625, 33.87083333333334], [132.75625, 33.87500000000001], [132.75, 33.87500000000001], [132.75, 33.87083333333334]]]}}, {"type": "Feature", "properties": {"window_end_month": "2025-08", "window_start_month": "2024-09", "mesh_500m": "503274482", "new_restaurant_permits_12m": 1, "active_mesh_rank": 126, "active_mesh_percentile": 5.3, "active_mesh_zscore": -0.4747, "hotspot_class": "other_active", "mesh_500m_center_lat": 33.952083333333334, "mesh_500m_center_lon": 132.609375}, "geometry": {"type": "Polygon", "coordinates": [[[132.60625, 33.95], [132.61249999999998, 33.95], [132.61249999999998, 33.95416666666667], [132.60625, 33.95416666666667], [132.60625, 33.95]]]}}, {"type": "Feature", "properties": {"window_end_month": "2025-08", "window_start_month": "2024-09", "mesh_500m": "503275501", "new_restaurant_permits_12m": 1, "active_mesh_rank": 127, "active_mesh_percentile": 4.55, "active_mesh_zscore": -0.4747, "hotspot_class": "other_active", "mesh_500m_center_lat": 33.960416666666674, "mesh_500m_center_lon": 132.628125}, "geometry": {"type": "Polygon", "coordinates": [[[132.625, 33.958333333333336], [132.63125, 33.958333333333336], [132.63125, 33.962500000000006], [132.625, 33.962500000000006], [132.625, 33.958333333333336]]]}}, {"type": "Feature", "properties": {"window_end_month": "2025-08", "window_start_month": "2024-09", "mesh_500m": "503275701", "new_restaurant_permits_12m": 1, "active_mesh_rank": 128, "active_mesh_percentile": 3.79, "active_mesh_zscore": -0.4747, "hotspot_class": "other_active", "mesh_500m_center_lat": 33.97708333333334, "mesh_500m_center_lon": 132.628125}, "geometry": {"type": "Polygon", "coordinates": [[[132.625, 33.975], [132.63125, 33.975], [132.63125, 33.97916666666667], [132.625, 33.97916666666667], [132.625, 33.975]]]}}, {"type": "Feature", "properties": {"window_end_month": "2025-08", "window_start_month": "2024-09", "mesh_500m": "503276421", "new_restaurant_permits_12m": 1, "active_mesh_rank": 129, "active_mesh_percentile": 3.03, "active_mesh_zscore": -0.4747, "hotspot_class": "other_active", "mesh_500m_center_lat": 33.952083333333334, "mesh_500m_center_lon": 132.778125}, "geometry": {"type": "Polygon", "coordinates": [[[132.775, 33.95], [132.78125, 33.95], [132.78125, 33.95416666666667], [132.775, 33.95416666666667], [132.775, 33.95]]]}}, {"type": "Feature", "properties": {"window_end_month": "2025-08", "window_start_month": "2024-09", "mesh_500m": "503276512", "new_restaurant_permits_12m": 1, "active_mesh_rank": 130, "active_mesh_percentile": 2.27, "active_mesh_zscore": -0.4747, "hotspot_class": "other_active", "mesh_500m_center_lat": 33.960416666666674, "mesh_500m_center_lon": 132.77187499999997}, "geometry": {"type": "Polygon", "coordinates": [[[132.76874999999998, 33.958333333333336], [132.77499999999998, 33.958333333333336], [132.77499999999998, 33.962500000000006], [132.76874999999998, 33.962500000000006], [132.76874999999998, 33.958333333333336]]]}}, {"type": "Feature", "properties": {"window_end_month": "2025-08", "window_start_month": "2024-09", "mesh_500m": "503276631", "new_restaurant_permits_12m": 1, "active_mesh_rank": 131, "active_mesh_percentile": 1.52, "active_mesh_zscore": -0.4747, "hotspot_class": "other_active", "mesh_500m_center_lat": 33.96875, "mesh_500m_center_lon": 132.79062499999998}, "geometry": {"type": "Polygon", "coordinates": [[[132.7875, 33.96666666666667], [132.79375, 33.96666666666667], [132.79375, 33.97083333333334], [132.7875, 33.97083333333334], [132.7875, 33.96666666666667]]]}}, {"type": "Feature", "properties": {"window_end_month": "2025-08", "window_start_month": "2024-09", "mesh_500m": "503276712", "new_restaurant_permits_12m": 1, "active_mesh_rank": 132, "active_mesh_percentile": 0.76, "active_mesh_zscore": -0.4747, "hotspot_class": "other_active", "mesh_500m_center_lat": 33.97708333333334, "mesh_500m_center_lon": 132.77187499999997}, "geometry": {"type": "Polygon", "coordinates": [[[132.76874999999998, 33.975], [132.77499999999998, 33.975], [132.77499999999998, 33.97916666666667], [132.76874999999998, 33.97916666666667], [132.76874999999998, 33.975]]]}}, {"type": "Feature", "properties": {"window_end_month": "2025-09", "window_start_month": "2024-10", "mesh_500m": "503266222", "new_restaurant_permits_12m": 24, "active_mesh_rank": 1, "active_mesh_percentile": 100.0, "active_mesh_zscore": 8.3774, "hotspot_class": "top_5pct_active", "mesh_500m_center_lat": 33.85208333333334, "mesh_500m_center_lon": 132.784375}, "geometry": {"type": "Polygon", "coordinates": [[[132.78125, 33.85], [132.7875, 33.85], [132.7875, 33.85416666666667], [132.78125, 33.85416666666667], [132.78125, 33.85]]]}}, {"type": "Feature", "properties": {"window_end_month": "2025-09", "window_start_month": "2024-10", "mesh_500m": "503256823", "new_restaurant_permits_12m": 9, "active_mesh_rank": 2, "active_mesh_percentile": 99.25, "active_mesh_zscore": 2.563, "hotspot_class": "top_5pct_active", "mesh_500m_center_lat": 33.82291666666667, "mesh_500m_center_lon": 132.778125}, "geometry": {"type": "Polygon", "coordinates": [[[132.775, 33.82083333333334], [132.78125, 33.82083333333334], [132.78125, 33.82500000000001], [132.775, 33.82500000000001], [132.775, 33.82083333333334]]]}}, {"type": "Feature", "properties": {"window_end_month": "2025-09", "window_start_month": "2024-10", "mesh_500m": "503265373", "new_restaurant_permits_12m": 9, "active_mesh_rank": 3, "active_mesh_percentile": 98.51, "active_mesh_zscore": 2.563, "hotspot_class": "top_5pct_active", "mesh_500m_center_lat": 33.86458333333334, "mesh_500m_center_lon": 132.715625}, "geometry": {"type": "Polygon", "coordinates": [[[132.7125, 33.862500000000004], [132.71875, 33.862500000000004], [132.71875, 33.866666666666674], [132.7125, 33.866666666666674], [132.7125, 33.862500000000004]]]}}, {"type": "Feature", "properties": {"window_end_month": "2025-09", "window_start_month": "2024-10", "mesh_500m": "503256814", "new_restaurant_permits_12m": 8, "active_mesh_rank": 4, "active_mesh_percentile": 97.76, "active_mesh_zscore": 2.1753, "hotspot_class": "top_5pct_active", "mesh_500m_center_lat": 33.82291666666667, "mesh_500m_center_lon": 132.77187499999997}, "geometry": {"type": "Polygon", "coordinates": [[[132.76874999999998, 33.82083333333334], [132.77499999999998, 33.82083333333334], [132.77499999999998, 33.82500000000001], [132.76874999999998, 33.82500000000001], [132.76874999999998, 33.82083333333334]]]}}, {"type": "Feature", "properties": {"window_end_month": "2025-09", "window_start_month": "2024-10", "mesh_500m": "503255992", "new_restaurant_permits_12m": 7, "active_mesh_rank": 5, "active_mesh_percentile": 97.01, "active_mesh_zscore": 1.7877, "hotspot_class": "top_5pct_active", "mesh_500m_center_lat": 33.827083333333334, "mesh_500m_center_lon": 132.746875}, "geometry": {"type": "Polygon", "coordinates": [[[132.74375, 33.825], [132.75, 33.825], [132.75, 33.82916666666667], [132.74375, 33.82916666666667], [132.74375, 33.825]]]}}, {"type": "Feature", "properties": {"window_end_month": "2025-09", "window_start_month": "2024-10", "mesh_500m": "503256923", "new_restaurant_permits_12m": 7, "active_mesh_rank": 6, "active_mesh_percentile": 96.27, "active_mesh_zscore": 1.7877, "hotspot_class": "top_5pct_active", "mesh_500m_center_lat": 33.83125000000001, "mesh_500m_center_lon": 132.778125}, "geometry": {"type": "Polygon", "coordinates": [[[132.775, 33.82916666666667], [132.78125, 33.82916666666667], [132.78125, 33.83333333333334], [132.775, 33.83333333333334], [132.775, 33.82916666666667]]]}}, {"type": "Feature", "properties": {"window_end_month": "2025-09", "window_start_month": "2024-10", "mesh_500m": "503255971", "new_restaurant_permits_12m": 6, "active_mesh_rank": 7, "active_mesh_percentile": 95.52, "active_mesh_zscore": 1.4001, "hotspot_class": "top_5pct_active", "mesh_500m_center_lat": 33.827083333333334, "mesh_500m_center_lon": 132.715625}, "geometry": {"type": "Polygon", "coordinates": [[[132.7125, 33.825], [132.71875, 33.825], [132.71875, 33.82916666666667], [132.7125, 33.82916666666667], [132.7125, 33.825]]]}}, {"type": "Feature", "properties": {"window_end_month": "2025-09", "window_start_month": "2024-10", "mesh_500m": "503256711", "new_restaurant_permits_12m": 6, "active_mesh_rank": 8, "active_mesh_percentile": 94.78, "active_mesh_zscore": 1.4001, "hotspot_class": "top_20pct_active", "mesh_500m_center_lat": 33.81041666666667, "mesh_500m_center_lon": 132.765625}, "geometry": {"type": "Polygon", "coordinates": [[[132.7625, 33.80833333333333], [132.76874999999998, 33.80833333333333], [132.76874999999998, 33.8125], [132.7625, 33.8125], [132.7625, 33.80833333333333]]]}}, {"type": "Feature", "properties": {"window_end_month": "2025-09", "window_start_month": "2024-10", "mesh_500m": "503256712", "new_restaurant_permits_12m": 6, "active_mesh_rank": 9, "active_mesh_percentile": 94.03, "active_mesh_zscore": 1.4001, "hotspot_class": "top_20pct_active", "mesh_500m_center_lat": 33.81041666666667, "mesh_500m_center_lon": 132.77187499999997}, "geometry": {"type": "Polygon", "coordinates": [[[132.76874999999998, 33.80833333333333], [132.77499999999998, 33.80833333333333], [132.77499999999998, 33.8125], [132.76874999999998, 33.8125], [132.76874999999998, 33.80833333333333]]]}}, {"type": "Feature", "properties": {"window_end_month": "2025-09", "window_start_month": "2024-10", "mesh_500m": "503256803", "new_restaurant_permits_12m": 6, "active_mesh_rank": 10, "active_mesh_percentile": 93.28, "active_mesh_zscore": 1.4001, "hotspot_class": "top_20pct_active", "mesh_500m_center_lat": 33.82291666666667, "mesh_500m_center_lon": 132.753125}, "geometry": {"type": "Polygon", "coordinates": [[[132.75, 33.82083333333334], [132.75625, 33.82083333333334], [132.75625, 33.82500000000001], [132.75, 33.82500000000001], [132.75, 33.82083333333334]]]}}, {"type": "Feature", "properties": {"window_end_month": "2025-09", "window_start_month": "2024-10", "mesh_500m": "503266101", "new_restaurant_permits_12m": 6, "active_mesh_rank": 11, "active_mesh_percentile": 92.54, "active_mesh_zscore": 1.4001, "hotspot_class": "top_20pct_active", "mesh_500m_center_lat": 33.84375, "mesh_500m_center_lon": 132.753125}, "geometry": {"type": "Polygon", "coordinates": [[[132.75, 33.84166666666667], [132.75625, 33.84166666666667], [132.75625, 33.84583333333334], [132.75, 33.84583333333334], [132.75, 33.84166666666667]]]}}, {"type": "Feature", "properties": {"window_end_month": "2025-09", "window_start_month": "2024-10", "mesh_500m": "503256721", "new_restaurant_permits_12m": 5, "active_mesh_rank": 12, "active_mesh_percentile": 91.79, "active_mesh_zscore": 1.0125, "hotspot_class": "top_20pct_active", "mesh_500m_center_lat": 33.81041666666667, "mesh_500m_center_lon": 132.778125}, "geometry": {"type": "Polygon", "coordinates": [[[132.775, 33.80833333333333], [132.78125, 33.80833333333333], [132.78125, 33.8125], [132.775, 33.8125], [132.775, 33.80833333333333]]]}}, {"type": "Feature", "properties": {"window_end_month": "2025-09", "window_start_month": "2024-10", "mesh_500m": "503256732", "new_restaurant_permits_12m": 5, "active_mesh_rank": 13, "active_mesh_percentile": 91.04, "active_mesh_zscore": 1.0125, "hotspot_class": "top_20pct_active", "mesh_500m_center_lat": 33.81041666666667, "mesh_500m_center_lon": 132.796875}, "geometry": {"type": "Polygon", "coordinates": [[[132.79375, 33.80833333333333], [132.79999999999998, 33.80833333333333], [132.79999999999998, 33.8125], [132.79375, 33.8125], [132.79375, 33.80833333333333]]]}}, {"type": "Feature", "properties": {"window_end_month": "2025-09", "window_start_month": "2024-10", "mesh_500m": "503265372", "new_restaurant_permits_12m": 5, "active_mesh_rank": 14, "active_mesh_percentile": 90.3, "active_mesh_zscore": 1.0125, "hotspot_class": "top_20pct_active", "mesh_500m_center_lat": 33.860416666666666, "mesh_500m_center_lon": 132.721875}, "geometry": {"type": "Polygon", "coordinates": [[[132.71875, 33.858333333333334], [132.725, 33.858333333333334], [132.725, 33.862500000000004], [132.71875, 33.862500000000004], [132.71875, 33.858333333333334]]]}}, {"type": "Feature", "properties": {"window_end_month": "2025-09", "window_start_month": "2024-10", "mesh_500m": "503266022", "new_restaurant_permits_12m": 5, "active_mesh_rank": 15, "active_mesh_percentile": 89.55, "active_mesh_zscore": 1.0125, "hotspot_class": "top_20pct_active", "mesh_500m_center_lat": 33.835416666666674, "mesh_500m_center_lon": 132.784375}, "geometry": {"type": "Polygon", "coordinates": [[[132.78125, 33.833333333333336], [132.7875, 33.833333333333336], [132.7875, 33.837500000000006], [132.78125, 33.837500000000006], [132.78125, 33.833333333333336]]]}}, {"type": "Feature", "properties": {"window_end_month": "2025-09", "window_start_month": "2024-10", "mesh_500m": "503266024", "new_restaurant_permits_12m": 5, "active_mesh_rank": 16, "active_mesh_percentile": 88.81, "active_mesh_zscore": 1.0125, "hotspot_class": "top_20pct_active", "mesh_500m_center_lat": 33.83958333333334, "mesh_500m_center_lon": 132.784375}, "geometry": {"type": "Polygon", "coordinates": [[[132.78125, 33.837500000000006], [132.7875, 33.837500000000006], [132.7875, 33.841666666666676], [132.78125, 33.841666666666676], [132.78125, 33.837500000000006]]]}}, {"type": "Feature", "properties": {"window_end_month": "2025-09", "window_start_month": "2024-10", "mesh_500m": "503255782", "new_restaurant_permits_12m": 4, "active_mesh_rank": 17, "active_mesh_percentile": 88.06, "active_mesh_zscore": 0.6248, "hotspot_class": "top_20pct_active", "mesh_500m_center_lat": 33.81041666666667, "mesh_500m_center_lon": 132.734375}, "geometry": {"type": "Polygon", "coordinates": [[[132.73125, 33.80833333333333], [132.73749999999998, 33.80833333333333], [132.73749999999998, 33.8125], [132.73125, 33.8125], [132.73125, 33.80833333333333]]]}}, {"type": "Feature", "properties": {"window_end_month": "2025-09", "window_start_month": "2024-10", "mesh_500m": "503256904", "new_restaurant_permits_12m": 4, "active_mesh_rank": 18, "active_mesh_percentile": 87.31, "active_mesh_zscore": 0.6248, "hotspot_class": "top_20pct_active", "mesh_500m_center_lat": 33.83125000000001, "mesh_500m_center_lon": 132.75937499999998}, "geometry": {"type": "Polygon", "coordinates": [[[132.75625, 33.82916666666667], [132.7625, 33.82916666666667], [132.7625, 33.83333333333334], [132.75625, 33.83333333333334], [132.75625, 33.82916666666667]]]}}, {"type": "Feature", "properties": {"window_end_month": "2025-09", "window_start_month": "2024-10", "mesh_500m": "503256924", "new_restaurant_permits_12m": 4, "active_mesh_rank": 19, "active_mesh_percentile": 86.57, "active_mesh_zscore": 0.6248, "hotspot_class": "top_20pct_active", "mesh_500m_center_lat": 33.83125000000001, "mesh_500m_center_lon": 132.784375}, "geometry": {"type": "Polygon", "coordinates": [[[132.78125, 33.82916666666667], [132.7875, 33.82916666666667], [132.7875, 33.83333333333334], [132.78125, 33.83333333333334], [132.78125, 33.82916666666667]]]}}, {"type": "Feature", "properties": {"window_end_month": "2025-09", "window_start_month": "2024-10", "mesh_500m": "503256931", "new_restaurant_permits_12m": 4, "active_mesh_rank": 20, "active_mesh_percentile": 85.82, "active_mesh_zscore": 0.6248, "hotspot_class": "top_20pct_active", "mesh_500m_center_lat": 33.827083333333334, "mesh_500m_center_lon": 132.79062499999998}, "geometry": {"type": "Polygon", "coordinates": [[[132.7875, 33.825], [132.79375, 33.825], [132.79375, 33.82916666666667], [132.7875, 33.82916666666667], [132.7875, 33.825]]]}}, {"type": "Feature", "properties": {"window_end_month": "2025-09", "window_start_month": "2024-10", "mesh_500m": "503265283", "new_restaurant_permits_12m": 4, "active_mesh_rank": 21, "active_mesh_percentile": 85.07, "active_mesh_zscore": 0.6248, "hotspot_class": "top_20pct_active", "mesh_500m_center_lat": 33.85625, "mesh_500m_center_lon": 132.72812499999998}, "geometry": {"type": "Polygon", "coordinates": [[[132.725, 33.85416666666667], [132.73125, 33.85416666666667], [132.73125, 33.85833333333334], [132.725, 33.85833333333334], [132.725, 33.85416666666667]]]}}, {"type": "Feature", "properties": {"window_end_month": "2025-09", "window_start_month": "2024-10", "mesh_500m": "503265381", "new_restaurant_permits_12m": 4, "active_mesh_rank": 22, "active_mesh_percentile": 84.33, "active_mesh_zscore": 0.6248, "hotspot_class": "top_20pct_active", "mesh_500m_center_lat": 33.860416666666666, "mesh_500m_center_lon": 132.72812499999998}, "geometry": {"type": "Polygon", "coordinates": [[[132.725, 33.858333333333334], [132.73125, 33.858333333333334], [132.73125, 33.862500000000004], [132.725, 33.862500000000004], [132.725, 33.858333333333334]]]}}, {"type": "Feature", "properties": {"window_end_month": "2025-09", "window_start_month": "2024-10", "mesh_500m": "503266203", "new_restaurant_permits_12m": 4, "active_mesh_rank": 23, "active_mesh_percentile": 83.58, "active_mesh_zscore": 0.6248, "hotspot_class": "top_20pct_active", "mesh_500m_center_lat": 33.85625, "mesh_500m_center_lon": 132.753125}, "geometry": {"type": "Polygon", "coordinates": [[[132.75, 33.85416666666667], [132.75625, 33.85416666666667], [132.75625, 33.85833333333334], [132.75, 33.85833333333334], [132.75, 33.85416666666667]]]}}, {"type": "Feature", "properties": {"window_end_month": "2025-09", "window_start_month": "2024-10", "mesh_500m": "503266231", "new_restaurant_permits_12m": 4, "active_mesh_rank": 24, "active_mesh_percentile": 82.84, "active_mesh_zscore": 0.6248, "hotspot_class": "top_20pct_active", "mesh_500m_center_lat": 33.85208333333334, "mesh_500m_center_lon": 132.79062499999998}, "geometry": {"type": "Polygon", "coordinates": [[[132.7875, 33.85], [132.79375, 33.85], [132.79375, 33.85416666666667], [132.7875, 33.85416666666667], [132.7875, 33.85]]]}}, {"type": "Feature", "properties": {"window_end_month": "2025-09", "window_start_month": "2024-10", "mesh_500m": "503266301", "new_restaurant_permits_12m": 4, "active_mesh_rank": 25, "active_mesh_percentile": 82.09, "active_mesh_zscore": 0.6248, "hotspot_class": "top_20pct_active", "mesh_500m_center_lat": 33.860416666666666, "mesh_500m_center_lon": 132.753125}, "geometry": {"type": "Polygon", "coordinates": [[[132.75, 33.858333333333334], [132.75625, 33.858333333333334], [132.75625, 33.862500000000004], [132.75, 33.862500000000004], [132.75, 33.858333333333334]]]}}, {"type": "Feature", "properties": {"window_end_month": "2025-09", "window_start_month": "2024-10", "mesh_500m": "503276521", "new_restaurant_permits_12m": 4, "active_mesh_rank": 26, "active_mesh_percentile": 81.34, "active_mesh_zscore": 0.6248, "hotspot_class": "top_20pct_active", "mesh_500m_center_lat": 33.960416666666674, "mesh_500m_center_lon": 132.778125}, "geometry": {"type": "Polygon", "coordinates": [[[132.775, 33.958333333333336], [132.78125, 33.958333333333336], [132.78125, 33.962500000000006], [132.775, 33.962500000000006], [132.775, 33.958333333333336]]]}}, {"type": "Feature", "properties": {"window_end_month": "2025-09", "window_start_month": "2024-10", "mesh_500m": "503256634", "new_restaurant_permits_12m": 3, "active_mesh_rank": 27, "active_mesh_percentile": 80.6, "active_mesh_zscore": 0.2372, "hotspot_class": "top_20pct_active", "mesh_500m_center_lat": 33.806250000000006, "mesh_500m_center_lon": 132.796875}, "geometry": {"type": "Polygon", "coordinates": [[[132.79375, 33.80416666666667], [132.79999999999998, 33.80416666666667], [132.79999999999998, 33.80833333333334], [132.79375, 33.80833333333334], [132.79375, 33.80416666666667]]]}}, {"type": "Feature", "properties": {"window_end_month": "2025-09", "window_start_month": "2024-10", "mesh_500m": "503256802", "new_restaurant_permits_12m": 3, "active_mesh_rank": 28, "active_mesh_percentile": 79.85, "active_mesh_zscore": 0.2372, "hotspot_class": "other_active", "mesh_500m_center_lat": 33.81875000000001, "mesh_500m_center_lon": 132.75937499999998}, "geometry": {"type": "Polygon", "coordinates": [[[132.75625, 33.81666666666667], [132.7625, 33.81666666666667], [132.7625, 33.82083333333334], [132.75625, 33.82083333333334], [132.75625, 33.81666666666667]]]}}, {"type": "Feature", "properties": {"window_end_month": "2025-09", "window_start_month": "2024-10", "mesh_500m": "503256914", "new_restaurant_permits_12m": 3, "active_mesh_rank": 29, "active_mesh_percentile": 79.1, "active_mesh_zscore": 0.2372, "hotspot_class": "other_active", "mesh_500m_center_lat": 33.83125000000001, "mesh_500m_center_lon": 132.77187499999997}, "geometry": {"type": "Polygon", "coordinates": [[[132.76874999999998, 33.82916666666667], [132.77499999999998, 33.82916666666667], [132.77499999999998, 33.83333333333334], [132.76874999999998, 33.83333333333334], [132.76874999999998, 33.82916666666667]]]}}, {"type": "Feature", "properties": {"window_end_month": "2025-09", "window_start_month": "2024-10", "mesh_500m": "503265094", "new_restaurant_permits_12m": 3, "active_mesh_rank": 30, "active_mesh_percentile": 78.36, "active_mesh_zscore": 0.2372, "hotspot_class": "other_active", "mesh_500m_center_lat": 33.83958333333334, "mesh_500m_center_lon": 132.746875}, "geometry": {"type": "Polygon", "coordinates": [[[132.74375, 33.837500000000006], [132.75, 33.837500000000006], [132.75, 33.841666666666676], [132.74375, 33.841666666666676], [132.74375, 33.837500000000006]]]}}, {"type": "Feature", "properties": {"window_end_month": "2025-09", "window_start_month": "2024-10", "mesh_500m": "503265273", "new_restaurant_permits_12m": 3, "active_mesh_rank": 31, "active_mesh_percentile": 77.61, "active_mesh_zscore": 0.2372, "hotspot_class": "other_active", "mesh_500m_center_lat": 33.85625, "mesh_500m_center_lon": 132.715625}, "geometry": {"type": "Polygon", "coordinates": [[[132.7125, 33.85416666666667], [132.71875, 33.85416666666667], [132.71875, 33.85833333333334], [132.7125, 33.85833333333334], [132.7125, 33.85416666666667]]]}}, {"type": "Feature", "properties": {"window_end_month": "2025-09", "window_start_month": "2024-10", "mesh_500m": "503265292", "new_restaurant_permits_12m": 3, "active_mesh_rank": 32, "active_mesh_percentile": 76.87, "active_mesh_zscore": 0.2372, "hotspot_class": "other_active", "mesh_500m_center_lat": 33.85208333333334, "mesh_500m_center_lon": 132.746875}, "geometry": {"type": "Polygon", "coordinates": [[[132.74375, 33.85], [132.75, 33.85], [132.75, 33.85416666666667], [132.74375, 33.85416666666667], [132.74375, 33.85]]]}}, {"type": "Feature", "properties": {"window_end_month": "2025-09", "window_start_month": "2024-10", "mesh_500m": "503265383", "new_restaurant_permits_12m": 3, "active_mesh_rank": 33, "active_mesh_percentile": 76.12, "active_mesh_zscore": 0.2372, "hotspot_class": "other_active", "mesh_500m_center_lat": 33.86458333333334, "mesh_500m_center_lon": 132.72812499999998}, "geometry": {"type": "Polygon", "coordinates": [[[132.725, 33.862500000000004], [132.73125, 33.862500000000004], [132.73125, 33.866666666666674], [132.725, 33.866666666666674], [132.725, 33.862500000000004]]]}}, {"type": "Feature", "properties": {"window_end_month": "2025-09", "window_start_month": "2024-10", "mesh_500m": "503266221", "new_restaurant_permits_12m": 3, "active_mesh_rank": 34, "active_mesh_percentile": 75.37, "active_mesh_zscore": 0.2372, "hotspot_class": "other_active", "mesh_500m_center_lat": 33.85208333333334, "mesh_500m_center_lon": 132.778125}, "geometry": {"type": "Polygon", "coordinates": [[[132.775, 33.85], [132.78125, 33.85], [132.78125, 33.85416666666667], [132.775, 33.85416666666667], [132.775, 33.85]]]}}, {"type": "Feature", "properties": {"window_end_month": "2025-09", "window_start_month": "2024-10", "mesh_500m": "503266223", "new_restaurant_permits_12m": 3, "active_mesh_rank": 35, "active_mesh_percentile": 74.63, "active_mesh_zscore": 0.2372, "hotspot_class": "other_active", "mesh_500m_center_lat": 33.85625, "mesh_500m_center_lon": 132.778125}, "geometry": {"type": "Polygon", "coordinates": [[[132.775, 33.85416666666667], [132.78125, 33.85416666666667], [132.78125, 33.85833333333334], [132.775, 33.85833333333334], [132.775, 33.85416666666667]]]}}, {"type": "Feature", "properties": {"window_end_month": "2025-09", "window_start_month": "2024-10", "mesh_500m": "503266303", "new_restaurant_permits_12m": 3, "active_mesh_rank": 36, "active_mesh_percentile": 73.88, "active_mesh_zscore": 0.2372, "hotspot_class": "other_active", "mesh_500m_center_lat": 33.86458333333334, "mesh_500m_center_lon": 132.753125}, "geometry": {"type": "Polygon", "coordinates": [[[132.75, 33.862500000000004], [132.75625, 33.862500000000004], [132.75625, 33.866666666666674], [132.75, 33.866666666666674], [132.75, 33.862500000000004]]]}}, {"type": "Feature", "properties": {"window_end_month": "2025-09", "window_start_month": "2024-10", "mesh_500m": "503266401", "new_restaurant_permits_12m": 3, "active_mesh_rank": 37, "active_mesh_percentile": 73.13, "active_mesh_zscore": 0.2372, "hotspot_class": "other_active", "mesh_500m_center_lat": 33.868750000000006, "mesh_500m_center_lon": 132.753125}, "geometry": {"type": "Polygon", "coordinates": [[[132.75, 33.86666666666667], [132.75625, 33.86666666666667], [132.75625, 33.87083333333334], [132.75, 33.87083333333334], [132.75, 33.86666666666667]]]}}, {"type": "Feature", "properties": {"window_end_month": "2025-09", "window_start_month": "2024-10", "mesh_500m": "503276314", "new_restaurant_permits_12m": 3, "active_mesh_rank": 38, "active_mesh_percentile": 72.39, "active_mesh_zscore": 0.2372, "hotspot_class": "other_active", "mesh_500m_center_lat": 33.94791666666667, "mesh_500m_center_lon": 132.77187499999997}, "geometry": {"type": "Polygon", "coordinates": [[[132.76874999999998, 33.94583333333334], [132.77499999999998, 33.94583333333334], [132.77499999999998, 33.95000000000001], [132.76874999999998, 33.95000000000001], [132.76874999999998, 33.94583333333334]]]}}, {"type": "Feature", "properties": {"window_end_month": "2025-09", "window_start_month": "2024-10", "mesh_500m": "503255683", "new_restaurant_permits_12m": 2, "active_mesh_rank": 39, "active_mesh_percentile": 71.64, "active_mesh_zscore": -0.1504, "hotspot_class": "other_active", "mesh_500m_center_lat": 33.806250000000006, "mesh_500m_center_lon": 132.72812499999998}, "geometry": {"type": "Polygon", "coordinates": [[[132.725, 33.80416666666667], [132.73125, 33.80416666666667], [132.73125, 33.80833333333334], [132.725, 33.80833333333334], [132.725, 33.80416666666667]]]}}, {"type": "Feature", "properties": {"window_end_month": "2025-09", "window_start_month": "2024-10", "mesh_500m": "503255794", "new_restaurant_permits_12m": 2, "active_mesh_rank": 40, "active_mesh_percentile": 70.9, "active_mesh_zscore": -0.1504, "hotspot_class": "other_active", "mesh_500m_center_lat": 33.81458333333333, "mesh_500m_center_lon": 132.746875}, "geometry": {"type": "Polygon", "coordinates": [[[132.74375, 33.8125], [132.75, 33.8125], [132.75, 33.81666666666667], [132.74375, 33.81666666666667], [132.74375, 33.8125]]]}}, {"type": "Feature", "properties": {"window_end_month": "2025-09", "window_start_month": "2024-10", "mesh_500m": "503255892", "new_restaurant_permits_12m": 2, "active_mesh_rank": 41, "active_mesh_percentile": 70.15, "active_mesh_zscore": -0.1504, "hotspot_class": "other_active", "mesh_500m_center_lat": 33.81875000000001, "mesh_500m_center_lon": 132.746875}, "geometry": {"type": "Polygon", "coordinates": [[[132.74375, 33.81666666666667], [132.75, 33.81666666666667], [132.75, 33.82083333333334], [132.74375, 33.82083333333334], [132.74375, 33.81666666666667]]]}}, {"type": "Feature", "properties": {"window_end_month": "2025-09", "window_start_month": "2024-10", "mesh_500m": "503255893", "new_restaurant_permits_12m": 2, "active_mesh_rank": 42, "active_mesh_percentile": 69.4, "active_mesh_zscore": -0.1504, "hotspot_class": "other_active", "mesh_500m_center_lat": 33.82291666666667, "mesh_500m_center_lon": 132.74062500000002}, "geometry": {"type": "Polygon", "coordinates": [[[132.7375, 33.82083333333334], [132.74375, 33.82083333333334], [132.74375, 33.82500000000001], [132.7375, 33.82500000000001], [132.7375, 33.82083333333334]]]}}, {"type": "Feature", "properties": {"window_end_month": "2025-09", "window_start_month": "2024-10", "mesh_500m": "503255972", "new_restaurant_permits_12m": 2, "active_mesh_rank": 43, "active_mesh_percentile": 68.66, "active_mesh_zscore": -0.1504, "hotspot_class": "other_active", "mesh_500m_center_lat": 33.827083333333334, "mesh_500m_center_lon": 132.721875}, "geometry": {"type": "Polygon", "coordinates": [[[132.71875, 33.825], [132.725, 33.825], [132.725, 33.82916666666667], [132.71875, 33.82916666666667], [132.71875, 33.825]]]}}, {"type": "Feature", "properties": {"window_end_month": "2025-09", "window_start_month": "2024-10", "mesh_500m": "503255982", "new_restaurant_permits_12m": 2, "active_mesh_rank": 44, "active_mesh_percentile": 67.91, "active_mesh_zscore": -0.1504, "hotspot_class": "other_active", "mesh_500m_center_lat": 33.827083333333334, "mesh_500m_center_lon": 132.734375}, "geometry": {"type": "Polygon", "coordinates": [[[132.73125, 33.825], [132.73749999999998, 33.825], [132.73749999999998, 33.82916666666667], [132.73125, 33.82916666666667], [132.73125, 33.825]]]}}, {"type": "Feature", "properties": {"window_end_month": "2025-09", "window_start_month": "2024-10", "mesh_500m": "503255983", "new_restaurant_permits_12m": 2, "active_mesh_rank": 45, "active_mesh_percentile": 67.16, "active_mesh_zscore": -0.1504, "hotspot_class": "other_active", "mesh_500m_center_lat": 33.83125000000001, "mesh_500m_center_lon": 132.72812499999998}, "geometry": {"type": "Polygon", "coordinates": [[[132.725, 33.82916666666667], [132.73125, 33.82916666666667], [132.73125, 33.83333333333334], [132.725, 33.83333333333334], [132.725, 33.82916666666667]]]}}, {"type": "Feature", "properties": {"window_end_month": "2025-09", "window_start_month": "2024-10", "mesh_500m": "503255994", "new_restaurant_permits_12m": 2, "active_mesh_rank": 46, "active_mesh_percentile": 66.42, "active_mesh_zscore": -0.1504, "hotspot_class": "other_active", "mesh_500m_center_lat": 33.83125000000001, "mesh_500m_center_lon": 132.746875}, "geometry": {"type": "Polygon", "coordinates": [[[132.74375, 33.82916666666667], [132.75, 33.82916666666667], [132.75, 33.83333333333334], [132.74375, 33.83333333333334], [132.74375, 33.82916666666667]]]}}, {"type": "Feature", "properties": {"window_end_month": "2025-09", "window_start_month": "2024-10", "mesh_500m": "503256702", "new_restaurant_permits_12m": 2, "active_mesh_rank": 47, "active_mesh_percentile": 65.67, "active_mesh_zscore": -0.1504, "hotspot_class": "other_active", "mesh_500m_center_lat": 33.81041666666667, "mesh_500m_center_lon": 132.75937499999998}, "geometry": {"type": "Polygon", "coordinates": [[[132.75625, 33.80833333333333], [132.7625, 33.80833333333333], [132.7625, 33.8125], [132.75625, 33.8125], [132.75625, 33.80833333333333]]]}}, {"type": "Feature", "properties": {"window_end_month": "2025-09", "window_start_month": "2024-10", "mesh_500m": "503256704", "new_restaurant_permits_12m": 2, "active_mesh_rank": 48, "active_mesh_percentile": 64.93, "active_mesh_zscore": -0.1504, "hotspot_class": "other_active", "mesh_500m_center_lat": 33.81458333333333, "mesh_500m_center_lon": 132.75937499999998}, "geometry": {"type": "Polygon", "coordinates": [[[132.75625, 33.8125], [132.7625, 33.8125], [132.7625, 33.81666666666667], [132.75625, 33.81666666666667], [132.75625, 33.8125]]]}}, {"type": "Feature", "properties": {"window_end_month": "2025-09", "window_start_month": "2024-10", "mesh_500m": "503256714", "new_restaurant_permits_12m": 2, "active_mesh_rank": 49, "active_mesh_percentile": 64.18, "active_mesh_zscore": -0.1504, "hotspot_class": "other_active", "mesh_500m_center_lat": 33.81458333333333, "mesh_500m_center_lon": 132.77187499999997}, "geometry": {"type": "Polygon", "coordinates": [[[132.76874999999998, 33.8125], [132.77499999999998, 33.8125], [132.77499999999998, 33.81666666666667], [132.76874999999998, 33.81666666666667], [132.76874999999998, 33.8125]]]}}, {"type": "Feature", "properties": {"window_end_month": "2025-09", "window_start_month": "2024-10", "mesh_500m": "503256741", "new_restaurant_permits_12m": 2, "active_mesh_rank": 50, "active_mesh_percentile": 63.43, "active_mesh_zscore": -0.1504, "hotspot_class": "other_active", "mesh_500m_center_lat": 33.81041666666667, "mesh_500m_center_lon": 132.80312500000002}, "geometry": {"type": "Polygon", "coordinates": [[[132.8, 33.80833333333333], [132.80625, 33.80833333333333], [132.80625, 33.8125], [132.8, 33.8125], [132.8, 33.80833333333333]]]}}, {"type": "Feature", "properties": {"window_end_month": "2025-09", "window_start_month": "2024-10", "mesh_500m": "503256804", "new_restaurant_permits_12m": 2, "active_mesh_rank": 51, "active_mesh_percentile": 62.69, "active_mesh_zscore": -0.1504, "hotspot_class": "other_active", "mesh_500m_center_lat": 33.82291666666667, "mesh_500m_center_lon": 132.75937499999998}, "geometry": {"type": "Polygon", "coordinates": [[[132.75625, 33.82083333333334], [132.7625, 33.82083333333334], [132.7625, 33.82500000000001], [132.75625, 33.82500000000001], [132.75625, 33.82083333333334]]]}}, {"type": "Feature", "properties": {"window_end_month": "2025-09", "window_start_month": "2024-10", "mesh_500m": "503256811", "new_restaurant_permits_12m": 2, "active_mesh_rank": 52, "active_mesh_percentile": 61.94, "active_mesh_zscore": -0.1504, "hotspot_class": "other_active", "mesh_500m_center_lat": 33.81875000000001, "mesh_500m_center_lon": 132.765625}, "geometry": {"type": "Polygon", "coordinates": [[[132.7625, 33.81666666666667], [132.76874999999998, 33.81666666666667], [132.76874999999998, 33.82083333333334], [132.7625, 33.82083333333334], [132.7625, 33.81666666666667]]]}}, {"type": "Feature", "properties": {"window_end_month": "2025-09", "window_start_month": "2024-10", "mesh_500m": "503256902", "new_restaurant_permits_12m": 2, "active_mesh_rank": 53, "active_mesh_percentile": 61.19, "active_mesh_zscore": -0.1504, "hotspot_class": "other_active", "mesh_500m_center_lat": 33.827083333333334, "mesh_500m_center_lon": 132.75937499999998}, "geometry": {"type": "Polygon", "coordinates": [[[132.75625, 33.825], [132.7625, 33.825], [132.7625, 33.82916666666667], [132.75625, 33.82916666666667], [132.75625, 33.825]]]}}, {"type": "Feature", "properties": {"window_end_month": "2025-09", "window_start_month": "2024-10", "mesh_500m": "503256911", "new_restaurant_permits_12m": 2, "active_mesh_rank": 54, "active_mesh_percentile": 60.45, "active_mesh_zscore": -0.1504, "hotspot_class": "other_active", "mesh_500m_center_lat": 33.827083333333334, "mesh_500m_center_lon": 132.765625}, "geometry": {"type": "Polygon", "coordinates": [[[132.7625, 33.825], [132.76874999999998, 33.825], [132.76874999999998, 33.82916666666667], [132.7625, 33.82916666666667], [132.7625, 33.825]]]}}, {"type": "Feature", "properties": {"window_end_month": "2025-09", "window_start_month": "2024-10", "mesh_500m": "503256933", "new_restaurant_permits_12m": 2, "active_mesh_rank": 55, "active_mesh_percentile": 59.7, "active_mesh_zscore": -0.1504, "hotspot_class": "other_active", "mesh_500m_center_lat": 33.83125000000001, "mesh_500m_center_lon": 132.79062499999998}, "geometry": {"type": "Polygon", "coordinates": [[[132.7875, 33.82916666666667], [132.79375, 33.82916666666667], [132.79375, 33.83333333333334], [132.7875, 33.83333333333334], [132.7875, 33.82916666666667]]]}}, {"type": "Feature", "properties": {"window_end_month": "2025-09", "window_start_month": "2024-10", "mesh_500m": "503256934", "new_restaurant_permits_12m": 2, "active_mesh_rank": 56, "active_mesh_percentile": 58.96, "active_mesh_zscore": -0.1504, "hotspot_class": "other_active", "mesh_500m_center_lat": 33.83125000000001, "mesh_500m_center_lon": 132.796875}, "geometry": {"type": "Polygon", "coordinates": [[[132.79375, 33.82916666666667], [132.79999999999998, 33.82916666666667], [132.79999999999998, 33.83333333333334], [132.79375, 33.83333333333334], [132.79375, 33.82916666666667]]]}}, {"type": "Feature", "properties": {"window_end_month": "2025-09", "window_start_month": "2024-10", "mesh_500m": "503265092", "new_restaurant_permits_12m": 2, "active_mesh_rank": 57, "active_mesh_percentile": 58.21, "active_mesh_zscore": -0.1504, "hotspot_class": "other_active", "mesh_500m_center_lat": 33.835416666666674, "mesh_500m_center_lon": 132.746875}, "geometry": {"type": "Polygon", "coordinates": [[[132.74375, 33.833333333333336], [132.75, 33.833333333333336], [132.75, 33.837500000000006], [132.74375, 33.837500000000006], [132.74375, 33.833333333333336]]]}}, {"type": "Feature", "properties": {"window_end_month": "2025-09", "window_start_month": "2024-10", "mesh_500m": "503265274", "new_restaurant_permits_12m": 2, "active_mesh_rank": 58, "active_mesh_percentile": 57.46, "active_mesh_zscore": -0.1504, "hotspot_class": "other_active", "mesh_500m_center_lat": 33.85625, "mesh_500m_center_lon": 132.721875}, "geometry": {"type": "Polygon", "coordinates": [[[132.71875, 33.85416666666667], [132.725, 33.85416666666667], [132.725, 33.85833333333334], [132.71875, 33.85833333333334], [132.71875, 33.85416666666667]]]}}, {"type": "Feature", "properties": {"window_end_month": "2025-09", "window_start_month": "2024-10", "mesh_500m": "503265791", "new_restaurant_permits_12m": 2, "active_mesh_rank": 59, "active_mesh_percentile": 56.72, "active_mesh_zscore": -0.1504, "hotspot_class": "other_active", "mesh_500m_center_lat": 33.89375, "mesh_500m_center_lon": 132.74062500000002}, "geometry": {"type": "Polygon", "coordinates": [[[132.7375, 33.891666666666666], [132.74375, 33.891666666666666], [132.74375, 33.895833333333336], [132.7375, 33.895833333333336], [132.7375, 33.891666666666666]]]}}, {"type": "Feature", "properties": {"window_end_month": "2025-09", "window_start_month": "2024-10", "mesh_500m": "503266021", "new_restaurant_permits_12m": 2, "active_mesh_rank": 60, "active_mesh_percentile": 55.97, "active_mesh_zscore": -0.1504, "hotspot_class": "other_active", "mesh_500m_center_lat": 33.835416666666674, "mesh_500m_center_lon": 132.778125}, "geometry": {"type": "Polygon", "coordinates": [[[132.775, 33.833333333333336], [132.78125, 33.833333333333336], [132.78125, 33.837500000000006], [132.775, 33.837500000000006], [132.775, 33.833333333333336]]]}}, {"type": "Feature", "properties": {"window_end_month": "2025-09", "window_start_month": "2024-10", "mesh_500m": "503266033", "new_restaurant_permits_12m": 2, "active_mesh_rank": 61, "active_mesh_percentile": 55.22, "active_mesh_zscore": -0.1504, "hotspot_class": "other_active", "mesh_500m_center_lat": 33.83958333333334, "mesh_500m_center_lon": 132.79062499999998}, "geometry": {"type": "Polygon", "coordinates": [[[132.7875, 33.837500000000006], [132.79375, 33.837500000000006], [132.79375, 33.841666666666676], [132.7875, 33.841666666666676], [132.7875, 33.837500000000006]]]}}, {"type": "Feature", "properties": {"window_end_month": "2025-09", "window_start_month": "2024-10", "mesh_500m": "503266124", "new_restaurant_permits_12m": 2, "active_mesh_rank": 62, "active_mesh_percentile": 54.48, "active_mesh_zscore": -0.1504, "hotspot_class": "other_active", "mesh_500m_center_lat": 33.84791666666668, "mesh_500m_center_lon": 132.784375}, "geometry": {"type": "Polygon", "coordinates": [[[132.78125, 33.84583333333334], [132.7875, 33.84583333333334], [132.7875, 33.85000000000001], [132.78125, 33.85000000000001], [132.78125, 33.84583333333334]]]}}, {"type": "Feature", "properties": {"window_end_month": "2025-09", "window_start_month": "2024-10", "mesh_500m": "503266134", "new_restaurant_permits_12m": 2, "active_mesh_rank": 63, "active_mesh_percentile": 53.73, "active_mesh_zscore": -0.1504, "hotspot_class": "other_active", "mesh_500m_center_lat": 33.84791666666668, "mesh_500m_center_lon": 132.796875}, "geometry": {"type": "Polygon", "coordinates": [[[132.79375, 33.84583333333334], [132.79999999999998, 33.84583333333334], [132.79999999999998, 33.85000000000001], [132.79375, 33.85000000000001], [132.79375, 33.84583333333334]]]}}, {"type": "Feature", "properties": {"window_end_month": "2025-09", "window_start_month": "2024-10", "mesh_500m": "503266212", "new_restaurant_permits_12m": 2, "active_mesh_rank": 64, "active_mesh_percentile": 52.99, "active_mesh_zscore": -0.1504, "hotspot_class": "other_active", "mesh_500m_center_lat": 33.85208333333334, "mesh_500m_center_lon": 132.77187499999997}, "geometry": {"type": "Polygon", "coordinates": [[[132.76874999999998, 33.85], [132.77499999999998, 33.85], [132.77499999999998, 33.85416666666667], [132.76874999999998, 33.85416666666667], [132.76874999999998, 33.85]]]}}, {"type": "Feature", "properties": {"window_end_month": "2025-09", "window_start_month": "2024-10", "mesh_500m": "503266224", "new_restaurant_permits_12m": 2, "active_mesh_rank": 65, "active_mesh_percentile": 52.24, "active_mesh_zscore": -0.1504, "hotspot_class": "other_active", "mesh_500m_center_lat": 33.85625, "mesh_500m_center_lon": 132.784375}, "geometry": {"type": "Polygon", "coordinates": [[[132.78125, 33.85416666666667], [132.7875, 33.85416666666667], [132.7875, 33.85833333333334], [132.78125, 33.85833333333334], [132.78125, 33.85416666666667]]]}}, {"type": "Feature", "properties": {"window_end_month": "2025-09", "window_start_month": "2024-10", "mesh_500m": "503266302", "new_restaurant_permits_12m": 2, "active_mesh_rank": 66, "active_mesh_percentile": 51.49, "active_mesh_zscore": -0.1504, "hotspot_class": "other_active", "mesh_500m_center_lat": 33.860416666666666, "mesh_500m_center_lon": 132.75937499999998}, "geometry": {"type": "Polygon", "coordinates": [[[132.75625, 33.858333333333334], [132.7625, 33.858333333333334], [132.7625, 33.862500000000004], [132.75625, 33.862500000000004], [132.75625, 33.858333333333334]]]}}, {"type": "Feature", "properties": {"window_end_month": "2025-09", "window_start_month": "2024-10", "mesh_500m": "503276512", "new_restaurant_permits_12m": 2, "active_mesh_rank": 67, "active_mesh_percentile": 50.75, "active_mesh_zscore": -0.1504, "hotspot_class": "other_active", "mesh_500m_center_lat": 33.960416666666674, "mesh_500m_center_lon": 132.77187499999997}, "geometry": {"type": "Polygon", "coordinates": [[[132.76874999999998, 33.958333333333336], [132.77499999999998, 33.958333333333336], [132.77499999999998, 33.962500000000006], [132.76874999999998, 33.962500000000006], [132.76874999999998, 33.958333333333336]]]}}, {"type": "Feature", "properties": {"window_end_month": "2025-09", "window_start_month": "2024-10", "mesh_500m": "503255792", "new_restaurant_permits_12m": 1, "active_mesh_rank": 68, "active_mesh_percentile": 50.0, "active_mesh_zscore": -0.538, "hotspot_class": "other_active", "mesh_500m_center_lat": 33.81041666666667, "mesh_500m_center_lon": 132.746875}, "geometry": {"type": "Polygon", "coordinates": [[[132.74375, 33.80833333333333], [132.75, 33.80833333333333], [132.75, 33.8125], [132.74375, 33.8125], [132.74375, 33.80833333333333]]]}}, {"type": "Feature", "properties": {"window_end_month": "2025-09", "window_start_month": "2024-10", "mesh_500m": "503255793", "new_restaurant_permits_12m": 1, "active_mesh_rank": 69, "active_mesh_percentile": 49.25, "active_mesh_zscore": -0.538, "hotspot_class": "other_active", "mesh_500m_center_lat": 33.81458333333333, "mesh_500m_center_lon": 132.74062500000002}, "geometry": {"type": "Polygon", "coordinates": [[[132.7375, 33.8125], [132.74375, 33.8125], [132.74375, 33.81666666666667], [132.7375, 33.81666666666667], [132.7375, 33.8125]]]}}, {"type": "Feature", "properties": {"window_end_month": "2025-09", "window_start_month": "2024-10", "mesh_500m": "503255854", "new_restaurant_permits_12m": 1, "active_mesh_rank": 70, "active_mesh_percentile": 48.51, "active_mesh_zscore": -0.538, "hotspot_class": "other_active", "mesh_500m_center_lat": 33.82291666666667, "mesh_500m_center_lon": 132.69687499999998}, "geometry": {"type": "Polygon", "coordinates": [[[132.69375, 33.82083333333334], [132.7, 33.82083333333334], [132.7, 33.82500000000001], [132.69375, 33.82500000000001], [132.69375, 33.82083333333334]]]}}, {"type": "Feature", "properties": {"window_end_month": "2025-09", "window_start_month": "2024-10", "mesh_500m": "503255873", "new_restaurant_permits_12m": 1, "active_mesh_rank": 71, "active_mesh_percentile": 47.76, "active_mesh_zscore": -0.538, "hotspot_class": "other_active", "mesh_500m_center_lat": 33.82291666666667, "mesh_500m_center_lon": 132.715625}, "geometry": {"type": "Polygon", "coordinates": [[[132.7125, 33.82083333333334], [132.71875, 33.82083333333334], [132.71875, 33.82500000000001], [132.7125, 33.82500000000001], [132.7125, 33.82083333333334]]]}}, {"type": "Feature", "properties": {"window_end_month": "2025-09", "window_start_month": "2024-10", "mesh_500m": "503255894", "new_restaurant_permits_12m": 1, "active_mesh_rank": 72, "active_mesh_percentile": 47.01, "active_mesh_zscore": -0.538, "hotspot_class": "other_active", "mesh_500m_center_lat": 33.82291666666667, "mesh_500m_center_lon": 132.746875}, "geometry": {"type": "Polygon", "coordinates": [[[132.74375, 33.82083333333334], [132.75, 33.82083333333334], [132.75, 33.82500000000001], [132.74375, 33.82500000000001], [132.74375, 33.82083333333334]]]}}, {"type": "Feature", "properties": {"window_end_month": "2025-09", "window_start_month": "2024-10", "mesh_500m": "503255964", "new_restaurant_permits_12m": 1, "active_mesh_rank": 73, "active_mesh_percentile": 46.27, "active_mesh_zscore": -0.538, "hotspot_class": "other_active", "mesh_500m_center_lat": 33.83125000000001, "mesh_500m_center_lon": 132.70937499999997}, "geometry": {"type": "Polygon", "coordinates": [[[132.70624999999998, 33.82916666666667], [132.71249999999998, 33.82916666666667], [132.71249999999998, 33.83333333333334], [132.70624999999998, 33.83333333333334], [132.70624999999998, 33.82916666666667]]]}}, {"type": "Feature", "properties": {"window_end_month": "2025-09", "window_start_month": "2024-10", "mesh_500m": "503255974", "new_restaurant_permits_12m": 1, "active_mesh_rank": 74, "active_mesh_percentile": 45.52, "active_mesh_zscore": -0.538, "hotspot_class": "other_active", "mesh_500m_center_lat": 33.83125000000001, "mesh_500m_center_lon": 132.721875}, "geometry": {"type": "Polygon", "coordinates": [[[132.71875, 33.82916666666667], [132.725, 33.82916666666667], [132.725, 33.83333333333334], [132.71875, 33.83333333333334], [132.71875, 33.82916666666667]]]}}, {"type": "Feature", "properties": {"window_end_month": "2025-09", "window_start_month": "2024-10", "mesh_500m": "503255981", "new_restaurant_permits_12m": 1, "active_mesh_rank": 75, "active_mesh_percentile": 44.78, "active_mesh_zscore": -0.538, "hotspot_class": "other_active", "mesh_500m_center_lat": 33.827083333333334, "mesh_500m_center_lon": 132.72812499999998}, "geometry": {"type": "Polygon", "coordinates": [[[132.725, 33.825], [132.73125, 33.825], [132.73125, 33.82916666666667], [132.725, 33.82916666666667], [132.725, 33.825]]]}}, {"type": "Feature", "properties": {"window_end_month": "2025-09", "window_start_month": "2024-10", "mesh_500m": "503255991", "new_restaurant_permits_12m": 1, "active_mesh_rank": 76, "active_mesh_percentile": 44.03, "active_mesh_zscore": -0.538, "hotspot_class": "other_active", "mesh_500m_center_lat": 33.827083333333334, "mesh_500m_center_lon": 132.74062500000002}, "geometry": {"type": "Polygon", "coordinates": [[[132.7375, 33.825], [132.74375, 33.825], [132.74375, 33.82916666666667], [132.7375, 33.82916666666667], [132.7375, 33.825]]]}}, {"type": "Feature", "properties": {"window_end_month": "2025-09", "window_start_month": "2024-10", "mesh_500m": "503256514", "new_restaurant_permits_12m": 1, "active_mesh_rank": 77, "active_mesh_percentile": 43.28, "active_mesh_zscore": -0.538, "hotspot_class": "other_active", "mesh_500m_center_lat": 33.797916666666666, "mesh_500m_center_lon": 132.77187499999997}, "geometry": {"type": "Polygon", "coordinates": [[[132.76874999999998, 33.795833333333334], [132.77499999999998, 33.795833333333334], [132.77499999999998, 33.800000000000004], [132.76874999999998, 33.800000000000004], [132.76874999999998, 33.795833333333334]]]}}, {"type": "Feature", "properties": {"window_end_month": "2025-09", "window_start_month": "2024-10", "mesh_500m": "503256524", "new_restaurant_permits_12m": 1, "active_mesh_rank": 78, "active_mesh_percentile": 42.54, "active_mesh_zscore": -0.538, "hotspot_class": "other_active", "mesh_500m_center_lat": 33.797916666666666, "mesh_500m_center_lon": 132.784375}, "geometry": {"type": "Polygon", "coordinates": [[[132.78125, 33.795833333333334], [132.7875, 33.795833333333334], [132.7875, 33.800000000000004], [132.78125, 33.800000000000004], [132.78125, 33.795833333333334]]]}}, {"type": "Feature", "properties": {"window_end_month": "2025-09", "window_start_month": "2024-10", "mesh_500m": "503256613", "new_restaurant_permits_12m": 1, "active_mesh_rank": 79, "active_mesh_percentile": 41.79, "active_mesh_zscore": -0.538, "hotspot_class": "other_active", "mesh_500m_center_lat": 33.806250000000006, "mesh_500m_center_lon": 132.765625}, "geometry": {"type": "Polygon", "coordinates": [[[132.7625, 33.80416666666667], [132.76874999999998, 33.80416666666667], [132.76874999999998, 33.80833333333334], [132.7625, 33.80833333333334], [132.7625, 33.80416666666667]]]}}, {"type": "Feature", "properties": {"window_end_month": "2025-09", "window_start_month": "2024-10", "mesh_500m": "503256622", "new_restaurant_permits_12m": 1, "active_mesh_rank": 80, "active_mesh_percentile": 41.04, "active_mesh_zscore": -0.538, "hotspot_class": "other_active", "mesh_500m_center_lat": 33.80208333333333, "mesh_500m_center_lon": 132.784375}, "geometry": {"type": "Polygon", "coordinates": [[[132.78125, 33.8], [132.7875, 33.8], [132.7875, 33.80416666666667], [132.78125, 33.80416666666667], [132.78125, 33.8]]]}}, {"type": "Feature", "properties": {"window_end_month": "2025-09", "window_start_month": "2024-10", "mesh_500m": "503256624", "new_restaurant_permits_12m": 1, "active_mesh_rank": 81, "active_mesh_percentile": 40.3, "active_mesh_zscore": -0.538, "hotspot_class": "other_active", "mesh_500m_center_lat": 33.806250000000006, "mesh_500m_center_lon": 132.784375}, "geometry": {"type": "Polygon", "coordinates": [[[132.78125, 33.80416666666667], [132.7875, 33.80416666666667], [132.7875, 33.80833333333334], [132.78125, 33.80833333333334], [132.78125, 33.80416666666667]]]}}, {"type": "Feature", "properties": {"window_end_month": "2025-09", "window_start_month": "2024-10", "mesh_500m": "503256631", "new_restaurant_permits_12m": 1, "active_mesh_rank": 82, "active_mesh_percentile": 39.55, "active_mesh_zscore": -0.538, "hotspot_class": "other_active", "mesh_500m_center_lat": 33.80208333333333, "mesh_500m_center_lon": 132.79062499999998}, "geometry": {"type": "Polygon", "coordinates": [[[132.7875, 33.8], [132.79375, 33.8], [132.79375, 33.80416666666667], [132.7875, 33.80416666666667], [132.7875, 33.8]]]}}, {"type": "Feature", "properties": {"window_end_month": "2025-09", "window_start_month": "2024-10", "mesh_500m": "503256633", "new_restaurant_permits_12m": 1, "active_mesh_rank": 83, "active_mesh_percentile": 38.81, "active_mesh_zscore": -0.538, "hotspot_class": "other_active", "mesh_500m_center_lat": 33.806250000000006, "mesh_500m_center_lon": 132.79062499999998}, "geometry": {"type": "Polygon", "coordinates": [[[132.7875, 33.80416666666667], [132.79375, 33.80416666666667], [132.79375, 33.80833333333334], [132.7875, 33.80833333333334], [132.7875, 33.80416666666667]]]}}, {"type": "Feature", "properties": {"window_end_month": "2025-09", "window_start_month": "2024-10", "mesh_500m": "503256703", "new_restaurant_permits_12m": 1, "active_mesh_rank": 84, "active_mesh_percentile": 38.06, "active_mesh_zscore": -0.538, "hotspot_class": "other_active", "mesh_500m_center_lat": 33.81458333333333, "mesh_500m_center_lon": 132.753125}, "geometry": {"type": "Polygon", "coordinates": [[[132.75, 33.8125], [132.75625, 33.8125], [132.75625, 33.81666666666667], [132.75, 33.81666666666667], [132.75, 33.8125]]]}}, {"type": "Feature", "properties": {"window_end_month": "2025-09", "window_start_month": "2024-10", "mesh_500m": "503256713", "new_restaurant_permits_12m": 1, "active_mesh_rank": 85, "active_mesh_percentile": 37.31, "active_mesh_zscore": -0.538, "hotspot_class": "other_active", "mesh_500m_center_lat": 33.81458333333333, "mesh_500m_center_lon": 132.765625}, "geometry": {"type": "Polygon", "coordinates": [[[132.7625, 33.8125], [132.76874999999998, 33.8125], [132.76874999999998, 33.81666666666667], [132.7625, 33.81666666666667], [132.7625, 33.8125]]]}}, {"type": "Feature", "properties": {"window_end_month": "2025-09", "window_start_month": "2024-10", "mesh_500m": "503256722", "new_restaurant_permits_12m": 1, "active_mesh_rank": 86, "active_mesh_percentile": 36.57, "active_mesh_zscore": -0.538, "hotspot_class": "other_active", "mesh_500m_center_lat": 33.81041666666667, "mesh_500m_center_lon": 132.784375}, "geometry": {"type": "Polygon", "coordinates": [[[132.78125, 33.80833333333333], [132.7875, 33.80833333333333], [132.7875, 33.8125], [132.78125, 33.8125], [132.78125, 33.80833333333333]]]}}, {"type": "Feature", "properties": {"window_end_month": "2025-09", "window_start_month": "2024-10", "mesh_500m": "503256724", "new_restaurant_permits_12m": 1, "active_mesh_rank": 87, "active_mesh_percentile": 35.82, "active_mesh_zscore": -0.538, "hotspot_class": "other_active", "mesh_500m_center_lat": 33.81458333333333, "mesh_500m_center_lon": 132.784375}, "geometry": {"type": "Polygon", "coordinates": [[[132.78125, 33.8125], [132.7875, 33.8125], [132.7875, 33.81666666666667], [132.78125, 33.81666666666667], [132.78125, 33.8125]]]}}, {"type": "Feature", "properties": {"window_end_month": "2025-09", "window_start_month": "2024-10", "mesh_500m": "503256731", "new_restaurant_permits_12m": 1, "active_mesh_rank": 88, "active_mesh_percentile": 35.07, "active_mesh_zscore": -0.538, "hotspot_class": "other_active", "mesh_500m_center_lat": 33.81041666666667, "mesh_500m_center_lon": 132.79062499999998}, "geometry": {"type": "Polygon", "coordinates": [[[132.7875, 33.80833333333333], [132.79375, 33.80833333333333], [132.79375, 33.8125], [132.7875, 33.8125], [132.7875, 33.80833333333333]]]}}, {"type": "Feature", "properties": {"window_end_month": "2025-09", "window_start_month": "2024-10", "mesh_500m": "503256744", "new_restaurant_permits_12m": 1, "active_mesh_rank": 89, "active_mesh_percentile": 34.33, "active_mesh_zscore": -0.538, "hotspot_class": "other_active", "mesh_500m_center_lat": 33.81458333333333, "mesh_500m_center_lon": 132.809375}, "geometry": {"type": "Polygon", "coordinates": [[[132.80625, 33.8125], [132.8125, 33.8125], [132.8125, 33.81666666666667], [132.80625, 33.81666666666667], [132.80625, 33.8125]]]}}, {"type": "Feature", "properties": {"window_end_month": "2025-09", "window_start_month": "2024-10", "mesh_500m": "503256751", "new_restaurant_permits_12m": 1, "active_mesh_rank": 90, "active_mesh_percentile": 33.58, "active_mesh_zscore": -0.538, "hotspot_class": "other_active", "mesh_500m_center_lat": 33.81041666666667, "mesh_500m_center_lon": 132.815625}, "geometry": {"type": "Polygon", "coordinates": [[[132.8125, 33.80833333333333], [132.81875, 33.80833333333333], [132.81875, 33.8125], [132.8125, 33.8125], [132.8125, 33.80833333333333]]]}}, {"type": "Feature", "properties": {"window_end_month": "2025-09", "window_start_month": "2024-10", "mesh_500m": "503256752", "new_restaurant_permits_12m": 1, "active_mesh_rank": 91, "active_mesh_percentile": 32.84, "active_mesh_zscore": -0.538, "hotspot_class": "other_active", "mesh_500m_center_lat": 33.81041666666667, "mesh_500m_center_lon": 132.82187499999998}, "geometry": {"type": "Polygon", "coordinates": [[[132.81875, 33.80833333333333], [132.825, 33.80833333333333], [132.825, 33.8125], [132.81875, 33.8125], [132.81875, 33.80833333333333]]]}}, {"type": "Feature", "properties": {"window_end_month": "2025-09", "window_start_month": "2024-10", "mesh_500m": "503256801", "new_restaurant_permits_12m": 1, "active_mesh_rank": 92, "active_mesh_percentile": 32.09, "active_mesh_zscore": -0.538, "hotspot_class": "other_active", "mesh_500m_center_lat": 33.81875000000001, "mesh_500m_center_lon": 132.753125}, "geometry": {"type": "Polygon", "coordinates": [[[132.75, 33.81666666666667], [132.75625, 33.81666666666667], [132.75625, 33.82083333333334], [132.75, 33.82083333333334], [132.75, 33.81666666666667]]]}}, {"type": "Feature", "properties": {"window_end_month": "2025-09", "window_start_month": "2024-10", "mesh_500m": "503256812", "new_restaurant_permits_12m": 1, "active_mesh_rank": 93, "active_mesh_percentile": 31.34, "active_mesh_zscore": -0.538, "hotspot_class": "other_active", "mesh_500m_center_lat": 33.81875000000001, "mesh_500m_center_lon": 132.77187499999997}, "geometry": {"type": "Polygon", "coordinates": [[[132.76874999999998, 33.81666666666667], [132.77499999999998, 33.81666666666667], [132.77499999999998, 33.82083333333334], [132.76874999999998, 33.82083333333334], [132.76874999999998, 33.81666666666667]]]}}, {"type": "Feature", "properties": {"window_end_month": "2025-09", "window_start_month": "2024-10", "mesh_500m": "503256821", "new_restaurant_permits_12m": 1, "active_mesh_rank": 94, "active_mesh_percentile": 30.6, "active_mesh_zscore": -0.538, "hotspot_class": "other_active", "mesh_500m_center_lat": 33.81875000000001, "mesh_500m_center_lon": 132.778125}, "geometry": {"type": "Polygon", "coordinates": [[[132.775, 33.81666666666667], [132.78125, 33.81666666666667], [132.78125, 33.82083333333334], [132.775, 33.82083333333334], [132.775, 33.81666666666667]]]}}, {"type": "Feature", "properties": {"window_end_month": "2025-09", "window_start_month": "2024-10", "mesh_500m": "503256822", "new_restaurant_permits_12m": 1, "active_mesh_rank": 95, "active_mesh_percentile": 29.85, "active_mesh_zscore": -0.538, "hotspot_class": "other_active", "mesh_500m_center_lat": 33.81875000000001, "mesh_500m_center_lon": 132.784375}, "geometry": {"type": "Polygon", "coordinates": [[[132.78125, 33.81666666666667], [132.7875, 33.81666666666667], [132.7875, 33.82083333333334], [132.78125, 33.82083333333334], [132.78125, 33.81666666666667]]]}}, {"type": "Feature", "properties": {"window_end_month": "2025-09", "window_start_month": "2024-10", "mesh_500m": "503256903", "new_restaurant_permits_12m": 1, "active_mesh_rank": 96, "active_mesh_percentile": 29.1, "active_mesh_zscore": -0.538, "hotspot_class": "other_active", "mesh_500m_center_lat": 33.83125000000001, "mesh_500m_center_lon": 132.753125}, "geometry": {"type": "Polygon", "coordinates": [[[132.75, 33.82916666666667], [132.75625, 33.82916666666667], [132.75625, 33.83333333333334], [132.75, 33.83333333333334], [132.75, 33.82916666666667]]]}}, {"type": "Feature", "properties": {"window_end_month": "2025-09", "window_start_month": "2024-10", "mesh_500m": "503256912", "new_restaurant_permits_12m": 1, "active_mesh_rank": 97, "active_mesh_percentile": 28.36, "active_mesh_zscore": -0.538, "hotspot_class": "other_active", "mesh_500m_center_lat": 33.827083333333334, "mesh_500m_center_lon": 132.77187499999997}, "geometry": {"type": "Polygon", "coordinates": [[[132.76874999999998, 33.825], [132.77499999999998, 33.825], [132.77499999999998, 33.82916666666667], [132.76874999999998, 33.82916666666667], [132.76874999999998, 33.825]]]}}, {"type": "Feature", "properties": {"window_end_month": "2025-09", "window_start_month": "2024-10", "mesh_500m": "503256913", "new_restaurant_permits_12m": 1, "active_mesh_rank": 98, "active_mesh_percentile": 27.61, "active_mesh_zscore": -0.538, "hotspot_class": "other_active", "mesh_500m_center_lat": 33.83125000000001, "mesh_500m_center_lon": 132.765625}, "geometry": {"type": "Polygon", "coordinates": [[[132.7625, 33.82916666666667], [132.76874999999998, 33.82916666666667], [132.76874999999998, 33.83333333333334], [132.7625, 33.83333333333334], [132.7625, 33.82916666666667]]]}}, {"type": "Feature", "properties": {"window_end_month": "2025-09", "window_start_month": "2024-10", "mesh_500m": "503256941", "new_restaurant_permits_12m": 1, "active_mesh_rank": 99, "active_mesh_percentile": 26.87, "active_mesh_zscore": -0.538, "hotspot_class": "other_active", "mesh_500m_center_lat": 33.827083333333334, "mesh_500m_center_lon": 132.80312500000002}, "geometry": {"type": "Polygon", "coordinates": [[[132.8, 33.825], [132.80625, 33.825], [132.80625, 33.82916666666667], [132.8, 33.82916666666667], [132.8, 33.825]]]}}, {"type": "Feature", "properties": {"window_end_month": "2025-09", "window_start_month": "2024-10", "mesh_500m": "503265091", "new_restaurant_permits_12m": 1, "active_mesh_rank": 100, "active_mesh_percentile": 26.12, "active_mesh_zscore": -0.538, "hotspot_class": "other_active", "mesh_500m_center_lat": 33.835416666666674, "mesh_500m_center_lon": 132.74062500000002}, "geometry": {"type": "Polygon", "coordinates": [[[132.7375, 33.833333333333336], [132.74375, 33.833333333333336], [132.74375, 33.837500000000006], [132.7375, 33.837500000000006], [132.7375, 33.833333333333336]]]}}, {"type": "Feature", "properties": {"window_end_month": "2025-09", "window_start_month": "2024-10", "mesh_500m": "503265093", "new_restaurant_permits_12m": 1, "active_mesh_rank": 101, "active_mesh_percentile": 25.37, "active_mesh_zscore": -0.538, "hotspot_class": "other_active", "mesh_500m_center_lat": 33.83958333333334, "mesh_500m_center_lon": 132.74062500000002}, "geometry": {"type": "Polygon", "coordinates": [[[132.7375, 33.837500000000006], [132.74375, 33.837500000000006], [132.74375, 33.841666666666676], [132.7375, 33.841666666666676], [132.7375, 33.837500000000006]]]}}, {"type": "Feature", "properties": {"window_end_month": "2025-09", "window_start_month": "2024-10", "mesh_500m": "503265194", "new_restaurant_permits_12m": 1, "active_mesh_rank": 102, "active_mesh_percentile": 24.63, "active_mesh_zscore": -0.538, "hotspot_class": "other_active", "mesh_500m_center_lat": 33.84791666666668, "mesh_500m_center_lon": 132.746875}, "geometry": {"type": "Polygon", "coordinates": [[[132.74375, 33.84583333333334], [132.75, 33.84583333333334], [132.75, 33.85000000000001], [132.74375, 33.85000000000001], [132.74375, 33.84583333333334]]]}}, {"type": "Feature", "properties": {"window_end_month": "2025-09", "window_start_month": "2024-10", "mesh_500m": "503265294", "new_restaurant_permits_12m": 1, "active_mesh_rank": 103, "active_mesh_percentile": 23.88, "active_mesh_zscore": -0.538, "hotspot_class": "other_active", "mesh_500m_center_lat": 33.85625, "mesh_500m_center_lon": 132.746875}, "geometry": {"type": "Polygon", "coordinates": [[[132.74375, 33.85416666666667], [132.75, 33.85416666666667], [132.75, 33.85833333333334], [132.74375, 33.85833333333334], [132.74375, 33.85416666666667]]]}}, {"type": "Feature", "properties": {"window_end_month": "2025-09", "window_start_month": "2024-10", "mesh_500m": "503265362", "new_restaurant_permits_12m": 1, "active_mesh_rank": 104, "active_mesh_percentile": 23.13, "active_mesh_zscore": -0.538, "hotspot_class": "other_active", "mesh_500m_center_lat": 33.860416666666666, "mesh_500m_center_lon": 132.70937499999997}, "geometry": {"type": "Polygon", "coordinates": [[[132.70624999999998, 33.858333333333334], [132.71249999999998, 33.858333333333334], [132.71249999999998, 33.862500000000004], [132.70624999999998, 33.862500000000004], [132.70624999999998, 33.858333333333334]]]}}, {"type": "Feature", "properties": {"window_end_month": "2025-09", "window_start_month": "2024-10", "mesh_500m": "503265364", "new_restaurant_permits_12m": 1, "active_mesh_rank": 105, "active_mesh_percentile": 22.39, "active_mesh_zscore": -0.538, "hotspot_class": "other_active", "mesh_500m_center_lat": 33.86458333333334, "mesh_500m_center_lon": 132.70937499999997}, "geometry": {"type": "Polygon", "coordinates": [[[132.70624999999998, 33.862500000000004], [132.71249999999998, 33.862500000000004], [132.71249999999998, 33.866666666666674], [132.70624999999998, 33.866666666666674], [132.70624999999998, 33.862500000000004]]]}}, {"type": "Feature", "properties": {"window_end_month": "2025-09", "window_start_month": "2024-10", "mesh_500m": "503265371", "new_restaurant_permits_12m": 1, "active_mesh_rank": 106, "active_mesh_percentile": 21.64, "active_mesh_zscore": -0.538, "hotspot_class": "other_active", "mesh_500m_center_lat": 33.860416666666666, "mesh_500m_center_lon": 132.715625}, "geometry": {"type": "Polygon", "coordinates": [[[132.7125, 33.858333333333334], [132.71875, 33.858333333333334], [132.71875, 33.862500000000004], [132.7125, 33.862500000000004], [132.7125, 33.858333333333334]]]}}, {"type": "Feature", "properties": {"window_end_month": "2025-09", "window_start_month": "2024-10", "mesh_500m": "503265374", "new_restaurant_permits_12m": 1, "active_mesh_rank": 107, "active_mesh_percentile": 20.9, "active_mesh_zscore": -0.538, "hotspot_class": "other_active", "mesh_500m_center_lat": 33.86458333333334, "mesh_500m_center_lon": 132.721875}, "geometry": {"type": "Polygon", "coordinates": [[[132.71875, 33.862500000000004], [132.725, 33.862500000000004], [132.725, 33.866666666666674], [132.71875, 33.866666666666674], [132.71875, 33.862500000000004]]]}}, {"type": "Feature", "properties": {"window_end_month": "2025-09", "window_start_month": "2024-10", "mesh_500m": "503265462", "new_restaurant_permits_12m": 1, "active_mesh_rank": 108, "active_mesh_percentile": 20.15, "active_mesh_zscore": -0.538, "hotspot_class": "other_active", "mesh_500m_center_lat": 33.868750000000006, "mesh_500m_center_lon": 132.70937499999997}, "geometry": {"type": "Polygon", "coordinates": [[[132.70624999999998, 33.86666666666667], [132.71249999999998, 33.86666666666667], [132.71249999999998, 33.87083333333334], [132.70624999999998, 33.87083333333334], [132.70624999999998, 33.86666666666667]]]}}, {"type": "Feature", "properties": {"window_end_month": "2025-09", "window_start_month": "2024-10", "mesh_500m": "503265471", "new_restaurant_permits_12m": 1, "active_mesh_rank": 109, "active_mesh_percentile": 19.4, "active_mesh_zscore": -0.538, "hotspot_class": "other_active", "mesh_500m_center_lat": 33.868750000000006, "mesh_500m_center_lon": 132.715625}, "geometry": {"type": "Polygon", "coordinates": [[[132.7125, 33.86666666666667], [132.71875, 33.86666666666667], [132.71875, 33.87083333333334], [132.7125, 33.87083333333334], [132.7125, 33.86666666666667]]]}}, {"type": "Feature", "properties": {"window_end_month": "2025-09", "window_start_month": "2024-10", "mesh_500m": "503265472", "new_restaurant_permits_12m": 1, "active_mesh_rank": 110, "active_mesh_percentile": 18.66, "active_mesh_zscore": -0.538, "hotspot_class": "other_active", "mesh_500m_center_lat": 33.868750000000006, "mesh_500m_center_lon": 132.721875}, "geometry": {"type": "Polygon", "coordinates": [[[132.71875, 33.86666666666667], [132.725, 33.86666666666667], [132.725, 33.87083333333334], [132.71875, 33.87083333333334], [132.71875, 33.86666666666667]]]}}, {"type": "Feature", "properties": {"window_end_month": "2025-09", "window_start_month": "2024-10", "mesh_500m": "503265474", "new_restaurant_permits_12m": 1, "active_mesh_rank": 111, "active_mesh_percentile": 17.91, "active_mesh_zscore": -0.538, "hotspot_class": "other_active", "mesh_500m_center_lat": 33.87291666666667, "mesh_500m_center_lon": 132.721875}, "geometry": {"type": "Polygon", "coordinates": [[[132.71875, 33.87083333333334], [132.725, 33.87083333333334], [132.725, 33.87500000000001], [132.71875, 33.87500000000001], [132.71875, 33.87083333333334]]]}}, {"type": "Feature", "properties": {"window_end_month": "2025-09", "window_start_month": "2024-10", "mesh_500m": "503265481", "new_restaurant_permits_12m": 1, "active_mesh_rank": 112, "active_mesh_percentile": 17.16, "active_mesh_zscore": -0.538, "hotspot_class": "other_active", "mesh_500m_center_lat": 33.868750000000006, "mesh_500m_center_lon": 132.72812499999998}, "geometry": {"type": "Polygon", "coordinates": [[[132.725, 33.86666666666667], [132.73125, 33.86666666666667], [132.73125, 33.87083333333334], [132.725, 33.87083333333334], [132.725, 33.86666666666667]]]}}, {"type": "Feature", "properties": {"window_end_month": "2025-09", "window_start_month": "2024-10", "mesh_500m": "503265492", "new_restaurant_permits_12m": 1, "active_mesh_rank": 113, "active_mesh_percentile": 16.42, "active_mesh_zscore": -0.538, "hotspot_class": "other_active", "mesh_500m_center_lat": 33.868750000000006, "mesh_500m_center_lon": 132.746875}, "geometry": {"type": "Polygon", "coordinates": [[[132.74375, 33.86666666666667], [132.75, 33.86666666666667], [132.75, 33.87083333333334], [132.74375, 33.87083333333334], [132.74375, 33.86666666666667]]]}}, {"type": "Feature", "properties": {"window_end_month": "2025-09", "window_start_month": "2024-10", "mesh_500m": "503265661", "new_restaurant_permits_12m": 1, "active_mesh_rank": 114, "active_mesh_percentile": 15.67, "active_mesh_zscore": -0.538, "hotspot_class": "other_active", "mesh_500m_center_lat": 33.88541666666667, "mesh_500m_center_lon": 132.703125}, "geometry": {"type": "Polygon", "coordinates": [[[132.7, 33.88333333333333], [132.70624999999998, 33.88333333333333], [132.70624999999998, 33.8875], [132.7, 33.8875], [132.7, 33.88333333333333]]]}}, {"type": "Feature", "properties": {"window_end_month": "2025-09", "window_start_month": "2024-10", "mesh_500m": "503265783", "new_restaurant_permits_12m": 1, "active_mesh_rank": 115, "active_mesh_percentile": 14.93, "active_mesh_zscore": -0.538, "hotspot_class": "other_active", "mesh_500m_center_lat": 33.897916666666674, "mesh_500m_center_lon": 132.72812499999998}, "geometry": {"type": "Polygon", "coordinates": [[[132.725, 33.895833333333336], [132.73125, 33.895833333333336], [132.73125, 33.900000000000006], [132.725, 33.900000000000006], [132.725, 33.895833333333336]]]}}, {"type": "Feature", "properties": {"window_end_month": "2025-09", "window_start_month": "2024-10", "mesh_500m": "503265792", "new_restaurant_permits_12m": 1, "active_mesh_rank": 116, "active_mesh_percentile": 14.18, "active_mesh_zscore": -0.538, "hotspot_class": "other_active", "mesh_500m_center_lat": 33.89375, "mesh_500m_center_lon": 132.746875}, "geometry": {"type": "Polygon", "coordinates": [[[132.74375, 33.891666666666666], [132.75, 33.891666666666666], [132.75, 33.895833333333336], [132.74375, 33.895833333333336], [132.74375, 33.891666666666666]]]}}, {"type": "Feature", "properties": {"window_end_month": "2025-09", "window_start_month": "2024-10", "mesh_500m": "503265882", "new_restaurant_permits_12m": 1, "active_mesh_rank": 117, "active_mesh_percentile": 13.43, "active_mesh_zscore": -0.538, "hotspot_class": "other_active", "mesh_500m_center_lat": 33.90208333333334, "mesh_500m_center_lon": 132.734375}, "geometry": {"type": "Polygon", "coordinates": [[[132.73125, 33.900000000000006], [132.73749999999998, 33.900000000000006], [132.73749999999998, 33.904166666666676], [132.73125, 33.904166666666676], [132.73125, 33.900000000000006]]]}}, {"type": "Feature", "properties": {"window_end_month": "2025-09", "window_start_month": "2024-10", "mesh_500m": "503266001", "new_restaurant_permits_12m": 1, "active_mesh_rank": 118, "active_mesh_percentile": 12.69, "active_mesh_zscore": -0.538, "hotspot_class": "other_active", "mesh_500m_center_lat": 33.835416666666674, "mesh_500m_center_lon": 132.753125}, "geometry": {"type": "Polygon", "coordinates": [[[132.75, 33.833333333333336], [132.75625, 33.833333333333336], [132.75625, 33.837500000000006], [132.75, 33.837500000000006], [132.75, 33.833333333333336]]]}}, {"type": "Feature", "properties": {"window_end_month": "2025-09", "window_start_month": "2024-10", "mesh_500m": "503266031", "new_restaurant_permits_12m": 1, "active_mesh_rank": 119, "active_mesh_percentile": 11.94, "active_mesh_zscore": -0.538, "hotspot_class": "other_active", "mesh_500m_center_lat": 33.835416666666674, "mesh_500m_center_lon": 132.79062499999998}, "geometry": {"type": "Polygon", "coordinates": [[[132.7875, 33.833333333333336], [132.79375, 33.833333333333336], [132.79375, 33.837500000000006], [132.7875, 33.837500000000006], [132.7875, 33.833333333333336]]]}}, {"type": "Feature", "properties": {"window_end_month": "2025-09", "window_start_month": "2024-10", "mesh_500m": "503266122", "new_restaurant_permits_12m": 1, "active_mesh_rank": 120, "active_mesh_percentile": 11.19, "active_mesh_zscore": -0.538, "hotspot_class": "other_active", "mesh_500m_center_lat": 33.84375, "mesh_500m_center_lon": 132.784375}, "geometry": {"type": "Polygon", "coordinates": [[[132.78125, 33.84166666666667], [132.7875, 33.84166666666667], [132.7875, 33.84583333333334], [132.78125, 33.84583333333334], [132.78125, 33.84166666666667]]]}}, {"type": "Feature", "properties": {"window_end_month": "2025-09", "window_start_month": "2024-10", "mesh_500m": "503266132", "new_restaurant_permits_12m": 1, "active_mesh_rank": 121, "active_mesh_percentile": 10.45, "active_mesh_zscore": -0.538, "hotspot_class": "other_active", "mesh_500m_center_lat": 33.84375, "mesh_500m_center_lon": 132.796875}, "geometry": {"type": "Polygon", "coordinates": [[[132.79375, 33.84166666666667], [132.79999999999998, 33.84166666666667], [132.79999999999998, 33.84583333333334], [132.79375, 33.84583333333334], [132.79375, 33.84166666666667]]]}}, {"type": "Feature", "properties": {"window_end_month": "2025-09", "window_start_month": "2024-10", "mesh_500m": "503266133", "new_restaurant_permits_12m": 1, "active_mesh_rank": 122, "active_mesh_percentile": 9.7, "active_mesh_zscore": -0.538, "hotspot_class": "other_active", "mesh_500m_center_lat": 33.84791666666668, "mesh_500m_center_lon": 132.79062499999998}, "geometry": {"type": "Polygon", "coordinates": [[[132.7875, 33.84583333333334], [132.79375, 33.84583333333334], [132.79375, 33.85000000000001], [132.7875, 33.85000000000001], [132.7875, 33.84583333333334]]]}}, {"type": "Feature", "properties": {"window_end_month": "2025-09", "window_start_month": "2024-10", "mesh_500m": "503266143", "new_restaurant_permits_12m": 1, "active_mesh_rank": 123, "active_mesh_percentile": 8.96, "active_mesh_zscore": -0.538, "hotspot_class": "other_active", "mesh_500m_center_lat": 33.84791666666668, "mesh_500m_center_lon": 132.80312500000002}, "geometry": {"type": "Polygon", "coordinates": [[[132.8, 33.84583333333334], [132.80625, 33.84583333333334], [132.80625, 33.85000000000001], [132.8, 33.85000000000001], [132.8, 33.84583333333334]]]}}, {"type": "Feature", "properties": {"window_end_month": "2025-09", "window_start_month": "2024-10", "mesh_500m": "503266201", "new_restaurant_permits_12m": 1, "active_mesh_rank": 124, "active_mesh_percentile": 8.21, "active_mesh_zscore": -0.538, "hotspot_class": "other_active", "mesh_500m_center_lat": 33.85208333333334, "mesh_500m_center_lon": 132.753125}, "geometry": {"type": "Polygon", "coordinates": [[[132.75, 33.85], [132.75625, 33.85], [132.75625, 33.85416666666667], [132.75, 33.85416666666667], [132.75, 33.85]]]}}, {"type": "Feature", "properties": {"window_end_month": "2025-09", "window_start_month": "2024-10", "mesh_500m": "503266304", "new_restaurant_permits_12m": 1, "active_mesh_rank": 125, "active_mesh_percentile": 7.46, "active_mesh_zscore": -0.538, "hotspot_class": "other_active", "mesh_500m_center_lat": 33.86458333333334, "mesh_500m_center_lon": 132.75937499999998}, "geometry": {"type": "Polygon", "coordinates": [[[132.75625, 33.862500000000004], [132.7625, 33.862500000000004], [132.7625, 33.866666666666674], [132.75625, 33.866666666666674], [132.75625, 33.862500000000004]]]}}, {"type": "Feature", "properties": {"window_end_month": "2025-09", "window_start_month": "2024-10", "mesh_500m": "503266403", "new_restaurant_permits_12m": 1, "active_mesh_rank": 126, "active_mesh_percentile": 6.72, "active_mesh_zscore": -0.538, "hotspot_class": "other_active", "mesh_500m_center_lat": 33.87291666666667, "mesh_500m_center_lon": 132.753125}, "geometry": {"type": "Polygon", "coordinates": [[[132.75, 33.87083333333334], [132.75625, 33.87083333333334], [132.75625, 33.87500000000001], [132.75, 33.87500000000001], [132.75, 33.87083333333334]]]}}, {"type": "Feature", "properties": {"window_end_month": "2025-09", "window_start_month": "2024-10", "mesh_500m": "503274482", "new_restaurant_permits_12m": 1, "active_mesh_rank": 127, "active_mesh_percentile": 5.97, "active_mesh_zscore": -0.538, "hotspot_class": "other_active", "mesh_500m_center_lat": 33.952083333333334, "mesh_500m_center_lon": 132.609375}, "geometry": {"type": "Polygon", "coordinates": [[[132.60625, 33.95], [132.61249999999998, 33.95], [132.61249999999998, 33.95416666666667], [132.60625, 33.95416666666667], [132.60625, 33.95]]]}}, {"type": "Feature", "properties": {"window_end_month": "2025-09", "window_start_month": "2024-10", "mesh_500m": "503275403", "new_restaurant_permits_12m": 1, "active_mesh_rank": 128, "active_mesh_percentile": 5.22, "active_mesh_zscore": -0.538, "hotspot_class": "other_active", "mesh_500m_center_lat": 33.95625000000001, "mesh_500m_center_lon": 132.628125}, "geometry": {"type": "Polygon", "coordinates": [[[132.625, 33.95416666666667], [132.63125, 33.95416666666667], [132.63125, 33.95833333333334], [132.625, 33.95833333333334], [132.625, 33.95416666666667]]]}}, {"type": "Feature", "properties": {"window_end_month": "2025-09", "window_start_month": "2024-10", "mesh_500m": "503275501", "new_restaurant_permits_12m": 1, "active_mesh_rank": 129, "active_mesh_percentile": 4.48, "active_mesh_zscore": -0.538, "hotspot_class": "other_active", "mesh_500m_center_lat": 33.960416666666674, "mesh_500m_center_lon": 132.628125}, "geometry": {"type": "Polygon", "coordinates": [[[132.625, 33.958333333333336], [132.63125, 33.958333333333336], [132.63125, 33.962500000000006], [132.625, 33.962500000000006], [132.625, 33.958333333333336]]]}}, {"type": "Feature", "properties": {"window_end_month": "2025-09", "window_start_month": "2024-10", "mesh_500m": "503275701", "new_restaurant_permits_12m": 1, "active_mesh_rank": 130, "active_mesh_percentile": 3.73, "active_mesh_zscore": -0.538, "hotspot_class": "other_active", "mesh_500m_center_lat": 33.97708333333334, "mesh_500m_center_lon": 132.628125}, "geometry": {"type": "Polygon", "coordinates": [[[132.625, 33.975], [132.63125, 33.975], [132.63125, 33.97916666666667], [132.625, 33.97916666666667], [132.625, 33.975]]]}}, {"type": "Feature", "properties": {"window_end_month": "2025-09", "window_start_month": "2024-10", "mesh_500m": "503276412", "new_restaurant_permits_12m": 1, "active_mesh_rank": 131, "active_mesh_percentile": 2.99, "active_mesh_zscore": -0.538, "hotspot_class": "other_active", "mesh_500m_center_lat": 33.952083333333334, "mesh_500m_center_lon": 132.77187499999997}, "geometry": {"type": "Polygon", "coordinates": [[[132.76874999999998, 33.95], [132.77499999999998, 33.95], [132.77499999999998, 33.95416666666667], [132.76874999999998, 33.95416666666667], [132.76874999999998, 33.95]]]}}, {"type": "Feature", "properties": {"window_end_month": "2025-09", "window_start_month": "2024-10", "mesh_500m": "503276421", "new_restaurant_permits_12m": 1, "active_mesh_rank": 132, "active_mesh_percentile": 2.24, "active_mesh_zscore": -0.538, "hotspot_class": "other_active", "mesh_500m_center_lat": 33.952083333333334, "mesh_500m_center_lon": 132.778125}, "geometry": {"type": "Polygon", "coordinates": [[[132.775, 33.95], [132.78125, 33.95], [132.78125, 33.95416666666667], [132.775, 33.95416666666667], [132.775, 33.95]]]}}, {"type": "Feature", "properties": {"window_end_month": "2025-09", "window_start_month": "2024-10", "mesh_500m": "503276522", "new_restaurant_permits_12m": 1, "active_mesh_rank": 133, "active_mesh_percentile": 1.49, "active_mesh_zscore": -0.538, "hotspot_class": "other_active", "mesh_500m_center_lat": 33.960416666666674, "mesh_500m_center_lon": 132.784375}, "geometry": {"type": "Polygon", "coordinates": [[[132.78125, 33.958333333333336], [132.7875, 33.958333333333336], [132.7875, 33.962500000000006], [132.78125, 33.962500000000006], [132.78125, 33.958333333333336]]]}}, {"type": "Feature", "properties": {"window_end_month": "2025-09", "window_start_month": "2024-10", "mesh_500m": "503276712", "new_restaurant_permits_12m": 1, "active_mesh_rank": 134, "active_mesh_percentile": 0.75, "active_mesh_zscore": -0.538, "hotspot_class": "other_active", "mesh_500m_center_lat": 33.97708333333334, "mesh_500m_center_lon": 132.77187499999997}, "geometry": {"type": "Polygon", "coordinates": [[[132.76874999999998, 33.975], [132.77499999999998, 33.975], [132.77499999999998, 33.97916666666667], [132.76874999999998, 33.97916666666667], [132.76874999999998, 33.975]]]}}, {"type": "Feature", "properties": {"window_end_month": "2025-10", "window_start_month": "2024-11", "mesh_500m": "503266222", "new_restaurant_permits_12m": 26, "active_mesh_rank": 1, "active_mesh_percentile": 100.0, "active_mesh_zscore": 8.8054, "hotspot_class": "top_5pct_active", "mesh_500m_center_lat": 33.85208333333334, "mesh_500m_center_lon": 132.784375}, "geometry": {"type": "Polygon", "coordinates": [[[132.78125, 33.85], [132.7875, 33.85], [132.7875, 33.85416666666667], [132.78125, 33.85416666666667], [132.78125, 33.85]]]}}, {"type": "Feature", "properties": {"window_end_month": "2025-10", "window_start_month": "2024-11", "mesh_500m": "503256823", "new_restaurant_permits_12m": 9, "active_mesh_rank": 2, "active_mesh_percentile": 99.24, "active_mesh_zscore": 2.456, "hotspot_class": "top_5pct_active", "mesh_500m_center_lat": 33.82291666666667, "mesh_500m_center_lon": 132.778125}, "geometry": {"type": "Polygon", "coordinates": [[[132.775, 33.82083333333334], [132.78125, 33.82083333333334], [132.78125, 33.82500000000001], [132.775, 33.82500000000001], [132.775, 33.82083333333334]]]}}, {"type": "Feature", "properties": {"window_end_month": "2025-10", "window_start_month": "2024-11", "mesh_500m": "503256814", "new_restaurant_permits_12m": 8, "active_mesh_rank": 3, "active_mesh_percentile": 98.48, "active_mesh_zscore": 2.0825, "hotspot_class": "top_5pct_active", "mesh_500m_center_lat": 33.82291666666667, "mesh_500m_center_lon": 132.77187499999997}, "geometry": {"type": "Polygon", "coordinates": [[[132.76874999999998, 33.82083333333334], [132.77499999999998, 33.82083333333334], [132.77499999999998, 33.82500000000001], [132.76874999999998, 33.82500000000001], [132.76874999999998, 33.82083333333334]]]}}, {"type": "Feature", "properties": {"window_end_month": "2025-10", "window_start_month": "2024-11", "mesh_500m": "503265373", "new_restaurant_permits_12m": 8, "active_mesh_rank": 4, "active_mesh_percentile": 97.73, "active_mesh_zscore": 2.0825, "hotspot_class": "top_5pct_active", "mesh_500m_center_lat": 33.86458333333334, "mesh_500m_center_lon": 132.715625}, "geometry": {"type": "Polygon", "coordinates": [[[132.7125, 33.862500000000004], [132.71875, 33.862500000000004], [132.71875, 33.866666666666674], [132.7125, 33.866666666666674], [132.7125, 33.862500000000004]]]}}, {"type": "Feature", "properties": {"window_end_month": "2025-10", "window_start_month": "2024-11", "mesh_500m": "503256923", "new_restaurant_permits_12m": 7, "active_mesh_rank": 5, "active_mesh_percentile": 96.97, "active_mesh_zscore": 1.709, "hotspot_class": "top_5pct_active", "mesh_500m_center_lat": 33.83125000000001, "mesh_500m_center_lon": 132.778125}, "geometry": {"type": "Polygon", "coordinates": [[[132.775, 33.82916666666667], [132.78125, 33.82916666666667], [132.78125, 33.83333333333334], [132.775, 33.83333333333334], [132.775, 33.82916666666667]]]}}, {"type": "Feature", "properties": {"window_end_month": "2025-10", "window_start_month": "2024-11", "mesh_500m": "503255971", "new_restaurant_permits_12m": 6, "active_mesh_rank": 6, "active_mesh_percentile": 96.21, "active_mesh_zscore": 1.3355, "hotspot_class": "top_5pct_active", "mesh_500m_center_lat": 33.827083333333334, "mesh_500m_center_lon": 132.715625}, "geometry": {"type": "Polygon", "coordinates": [[[132.7125, 33.825], [132.71875, 33.825], [132.71875, 33.82916666666667], [132.7125, 33.82916666666667], [132.7125, 33.825]]]}}, {"type": "Feature", "properties": {"window_end_month": "2025-10", "window_start_month": "2024-11", "mesh_500m": "503255992", "new_restaurant_permits_12m": 6, "active_mesh_rank": 7, "active_mesh_percentile": 95.45, "active_mesh_zscore": 1.3355, "hotspot_class": "top_5pct_active", "mesh_500m_center_lat": 33.827083333333334, "mesh_500m_center_lon": 132.746875}, "geometry": {"type": "Polygon", "coordinates": [[[132.74375, 33.825], [132.75, 33.825], [132.75, 33.82916666666667], [132.74375, 33.82916666666667], [132.74375, 33.825]]]}}, {"type": "Feature", "properties": {"window_end_month": "2025-10", "window_start_month": "2024-11", "mesh_500m": "503256711", "new_restaurant_permits_12m": 6, "active_mesh_rank": 8, "active_mesh_percentile": 94.7, "active_mesh_zscore": 1.3355, "hotspot_class": "top_20pct_active", "mesh_500m_center_lat": 33.81041666666667, "mesh_500m_center_lon": 132.765625}, "geometry": {"type": "Polygon", "coordinates": [[[132.7625, 33.80833333333333], [132.76874999999998, 33.80833333333333], [132.76874999999998, 33.8125], [132.7625, 33.8125], [132.7625, 33.80833333333333]]]}}, {"type": "Feature", "properties": {"window_end_month": "2025-10", "window_start_month": "2024-11", "mesh_500m": "503256712", "new_restaurant_permits_12m": 6, "active_mesh_rank": 9, "active_mesh_percentile": 93.94, "active_mesh_zscore": 1.3355, "hotspot_class": "top_20pct_active", "mesh_500m_center_lat": 33.81041666666667, "mesh_500m_center_lon": 132.77187499999997}, "geometry": {"type": "Polygon", "coordinates": [[[132.76874999999998, 33.80833333333333], [132.77499999999998, 33.80833333333333], [132.77499999999998, 33.8125], [132.76874999999998, 33.8125], [132.76874999999998, 33.80833333333333]]]}}, {"type": "Feature", "properties": {"window_end_month": "2025-10", "window_start_month": "2024-11", "mesh_500m": "503256803", "new_restaurant_permits_12m": 6, "active_mesh_rank": 10, "active_mesh_percentile": 93.18, "active_mesh_zscore": 1.3355, "hotspot_class": "top_20pct_active", "mesh_500m_center_lat": 33.82291666666667, "mesh_500m_center_lon": 132.753125}, "geometry": {"type": "Polygon", "coordinates": [[[132.75, 33.82083333333334], [132.75625, 33.82083333333334], [132.75625, 33.82500000000001], [132.75, 33.82500000000001], [132.75, 33.82083333333334]]]}}, {"type": "Feature", "properties": {"window_end_month": "2025-10", "window_start_month": "2024-11", "mesh_500m": "503256732", "new_restaurant_permits_12m": 5, "active_mesh_rank": 11, "active_mesh_percentile": 92.42, "active_mesh_zscore": 0.962, "hotspot_class": "top_20pct_active", "mesh_500m_center_lat": 33.81041666666667, "mesh_500m_center_lon": 132.796875}, "geometry": {"type": "Polygon", "coordinates": [[[132.79375, 33.80833333333333], [132.79999999999998, 33.80833333333333], [132.79999999999998, 33.8125], [132.79375, 33.8125], [132.79375, 33.80833333333333]]]}}, {"type": "Feature", "properties": {"window_end_month": "2025-10", "window_start_month": "2024-11", "mesh_500m": "503265372", "new_restaurant_permits_12m": 5, "active_mesh_rank": 12, "active_mesh_percentile": 91.67, "active_mesh_zscore": 0.962, "hotspot_class": "top_20pct_active", "mesh_500m_center_lat": 33.860416666666666, "mesh_500m_center_lon": 132.721875}, "geometry": {"type": "Polygon", "coordinates": [[[132.71875, 33.858333333333334], [132.725, 33.858333333333334], [132.725, 33.862500000000004], [132.71875, 33.862500000000004], [132.71875, 33.858333333333334]]]}}, {"type": "Feature", "properties": {"window_end_month": "2025-10", "window_start_month": "2024-11", "mesh_500m": "503266022", "new_restaurant_permits_12m": 5, "active_mesh_rank": 13, "active_mesh_percentile": 90.91, "active_mesh_zscore": 0.962, "hotspot_class": "top_20pct_active", "mesh_500m_center_lat": 33.835416666666674, "mesh_500m_center_lon": 132.784375}, "geometry": {"type": "Polygon", "coordinates": [[[132.78125, 33.833333333333336], [132.7875, 33.833333333333336], [132.7875, 33.837500000000006], [132.78125, 33.837500000000006], [132.78125, 33.833333333333336]]]}}, {"type": "Feature", "properties": {"window_end_month": "2025-10", "window_start_month": "2024-11", "mesh_500m": "503266024", "new_restaurant_permits_12m": 5, "active_mesh_rank": 14, "active_mesh_percentile": 90.15, "active_mesh_zscore": 0.962, "hotspot_class": "top_20pct_active", "mesh_500m_center_lat": 33.83958333333334, "mesh_500m_center_lon": 132.784375}, "geometry": {"type": "Polygon", "coordinates": [[[132.78125, 33.837500000000006], [132.7875, 33.837500000000006], [132.7875, 33.841666666666676], [132.78125, 33.841666666666676], [132.78125, 33.837500000000006]]]}}, {"type": "Feature", "properties": {"window_end_month": "2025-10", "window_start_month": "2024-11", "mesh_500m": "503266101", "new_restaurant_permits_12m": 5, "active_mesh_rank": 15, "active_mesh_percentile": 89.39, "active_mesh_zscore": 0.962, "hotspot_class": "top_20pct_active", "mesh_500m_center_lat": 33.84375, "mesh_500m_center_lon": 132.753125}, "geometry": {"type": "Polygon", "coordinates": [[[132.75, 33.84166666666667], [132.75625, 33.84166666666667], [132.75625, 33.84583333333334], [132.75, 33.84583333333334], [132.75, 33.84166666666667]]]}}, {"type": "Feature", "properties": {"window_end_month": "2025-10", "window_start_month": "2024-11", "mesh_500m": "503266231", "new_restaurant_permits_12m": 5, "active_mesh_rank": 16, "active_mesh_percentile": 88.64, "active_mesh_zscore": 0.962, "hotspot_class": "top_20pct_active", "mesh_500m_center_lat": 33.85208333333334, "mesh_500m_center_lon": 132.79062499999998}, "geometry": {"type": "Polygon", "coordinates": [[[132.7875, 33.85], [132.79375, 33.85], [132.79375, 33.85416666666667], [132.7875, 33.85416666666667], [132.7875, 33.85]]]}}, {"type": "Feature", "properties": {"window_end_month": "2025-10", "window_start_month": "2024-11", "mesh_500m": "503255782", "new_restaurant_permits_12m": 4, "active_mesh_rank": 17, "active_mesh_percentile": 87.88, "active_mesh_zscore": 0.5885, "hotspot_class": "top_20pct_active", "mesh_500m_center_lat": 33.81041666666667, "mesh_500m_center_lon": 132.734375}, "geometry": {"type": "Polygon", "coordinates": [[[132.73125, 33.80833333333333], [132.73749999999998, 33.80833333333333], [132.73749999999998, 33.8125], [132.73125, 33.8125], [132.73125, 33.80833333333333]]]}}, {"type": "Feature", "properties": {"window_end_month": "2025-10", "window_start_month": "2024-11", "mesh_500m": "503256721", "new_restaurant_permits_12m": 4, "active_mesh_rank": 18, "active_mesh_percentile": 87.12, "active_mesh_zscore": 0.5885, "hotspot_class": "top_20pct_active", "mesh_500m_center_lat": 33.81041666666667, "mesh_500m_center_lon": 132.778125}, "geometry": {"type": "Polygon", "coordinates": [[[132.775, 33.80833333333333], [132.78125, 33.80833333333333], [132.78125, 33.8125], [132.775, 33.8125], [132.775, 33.80833333333333]]]}}, {"type": "Feature", "properties": {"window_end_month": "2025-10", "window_start_month": "2024-11", "mesh_500m": "503256904", "new_restaurant_permits_12m": 4, "active_mesh_rank": 19, "active_mesh_percentile": 86.36, "active_mesh_zscore": 0.5885, "hotspot_class": "top_20pct_active", "mesh_500m_center_lat": 33.83125000000001, "mesh_500m_center_lon": 132.75937499999998}, "geometry": {"type": "Polygon", "coordinates": [[[132.75625, 33.82916666666667], [132.7625, 33.82916666666667], [132.7625, 33.83333333333334], [132.75625, 33.83333333333334], [132.75625, 33.82916666666667]]]}}, {"type": "Feature", "properties": {"window_end_month": "2025-10", "window_start_month": "2024-11", "mesh_500m": "503256924", "new_restaurant_permits_12m": 4, "active_mesh_rank": 20, "active_mesh_percentile": 85.61, "active_mesh_zscore": 0.5885, "hotspot_class": "top_20pct_active", "mesh_500m_center_lat": 33.83125000000001, "mesh_500m_center_lon": 132.784375}, "geometry": {"type": "Polygon", "coordinates": [[[132.78125, 33.82916666666667], [132.7875, 33.82916666666667], [132.7875, 33.83333333333334], [132.78125, 33.83333333333334], [132.78125, 33.82916666666667]]]}}, {"type": "Feature", "properties": {"window_end_month": "2025-10", "window_start_month": "2024-11", "mesh_500m": "503256931", "new_restaurant_permits_12m": 4, "active_mesh_rank": 21, "active_mesh_percentile": 84.85, "active_mesh_zscore": 0.5885, "hotspot_class": "top_20pct_active", "mesh_500m_center_lat": 33.827083333333334, "mesh_500m_center_lon": 132.79062499999998}, "geometry": {"type": "Polygon", "coordinates": [[[132.7875, 33.825], [132.79375, 33.825], [132.79375, 33.82916666666667], [132.7875, 33.82916666666667], [132.7875, 33.825]]]}}, {"type": "Feature", "properties": {"window_end_month": "2025-10", "window_start_month": "2024-11", "mesh_500m": "503265283", "new_restaurant_permits_12m": 4, "active_mesh_rank": 22, "active_mesh_percentile": 84.09, "active_mesh_zscore": 0.5885, "hotspot_class": "top_20pct_active", "mesh_500m_center_lat": 33.85625, "mesh_500m_center_lon": 132.72812499999998}, "geometry": {"type": "Polygon", "coordinates": [[[132.725, 33.85416666666667], [132.73125, 33.85416666666667], [132.73125, 33.85833333333334], [132.725, 33.85833333333334], [132.725, 33.85416666666667]]]}}, {"type": "Feature", "properties": {"window_end_month": "2025-10", "window_start_month": "2024-11", "mesh_500m": "503265381", "new_restaurant_permits_12m": 4, "active_mesh_rank": 23, "active_mesh_percentile": 83.33, "active_mesh_zscore": 0.5885, "hotspot_class": "top_20pct_active", "mesh_500m_center_lat": 33.860416666666666, "mesh_500m_center_lon": 132.72812499999998}, "geometry": {"type": "Polygon", "coordinates": [[[132.725, 33.858333333333334], [132.73125, 33.858333333333334], [132.73125, 33.862500000000004], [132.725, 33.862500000000004], [132.725, 33.858333333333334]]]}}, {"type": "Feature", "properties": {"window_end_month": "2025-10", "window_start_month": "2024-11", "mesh_500m": "503266203", "new_restaurant_permits_12m": 4, "active_mesh_rank": 24, "active_mesh_percentile": 82.58, "active_mesh_zscore": 0.5885, "hotspot_class": "top_20pct_active", "mesh_500m_center_lat": 33.85625, "mesh_500m_center_lon": 132.753125}, "geometry": {"type": "Polygon", "coordinates": [[[132.75, 33.85416666666667], [132.75625, 33.85416666666667], [132.75625, 33.85833333333334], [132.75, 33.85833333333334], [132.75, 33.85416666666667]]]}}, {"type": "Feature", "properties": {"window_end_month": "2025-10", "window_start_month": "2024-11", "mesh_500m": "503266301", "new_restaurant_permits_12m": 4, "active_mesh_rank": 25, "active_mesh_percentile": 81.82, "active_mesh_zscore": 0.5885, "hotspot_class": "top_20pct_active", "mesh_500m_center_lat": 33.860416666666666, "mesh_500m_center_lon": 132.753125}, "geometry": {"type": "Polygon", "coordinates": [[[132.75, 33.858333333333334], [132.75625, 33.858333333333334], [132.75625, 33.862500000000004], [132.75, 33.862500000000004], [132.75, 33.858333333333334]]]}}, {"type": "Feature", "properties": {"window_end_month": "2025-10", "window_start_month": "2024-11", "mesh_500m": "503276521", "new_restaurant_permits_12m": 4, "active_mesh_rank": 26, "active_mesh_percentile": 81.06, "active_mesh_zscore": 0.5885, "hotspot_class": "top_20pct_active", "mesh_500m_center_lat": 33.960416666666674, "mesh_500m_center_lon": 132.778125}, "geometry": {"type": "Polygon", "coordinates": [[[132.775, 33.958333333333336], [132.78125, 33.958333333333336], [132.78125, 33.962500000000006], [132.775, 33.962500000000006], [132.775, 33.958333333333336]]]}}, {"type": "Feature", "properties": {"window_end_month": "2025-10", "window_start_month": "2024-11", "mesh_500m": "503256634", "new_restaurant_permits_12m": 3, "active_mesh_rank": 27, "active_mesh_percentile": 80.3, "active_mesh_zscore": 0.215, "hotspot_class": "top_20pct_active", "mesh_500m_center_lat": 33.806250000000006, "mesh_500m_center_lon": 132.796875}, "geometry": {"type": "Polygon", "coordinates": [[[132.79375, 33.80416666666667], [132.79999999999998, 33.80416666666667], [132.79999999999998, 33.80833333333334], [132.79375, 33.80833333333334], [132.79375, 33.80416666666667]]]}}, {"type": "Feature", "properties": {"window_end_month": "2025-10", "window_start_month": "2024-11", "mesh_500m": "503256802", "new_restaurant_permits_12m": 3, "active_mesh_rank": 28, "active_mesh_percentile": 79.55, "active_mesh_zscore": 0.215, "hotspot_class": "other_active", "mesh_500m_center_lat": 33.81875000000001, "mesh_500m_center_lon": 132.75937499999998}, "geometry": {"type": "Polygon", "coordinates": [[[132.75625, 33.81666666666667], [132.7625, 33.81666666666667], [132.7625, 33.82083333333334], [132.75625, 33.82083333333334], [132.75625, 33.81666666666667]]]}}, {"type": "Feature", "properties": {"window_end_month": "2025-10", "window_start_month": "2024-11", "mesh_500m": "503256914", "new_restaurant_permits_12m": 3, "active_mesh_rank": 29, "active_mesh_percentile": 78.79, "active_mesh_zscore": 0.215, "hotspot_class": "other_active", "mesh_500m_center_lat": 33.83125000000001, "mesh_500m_center_lon": 132.77187499999997}, "geometry": {"type": "Polygon", "coordinates": [[[132.76874999999998, 33.82916666666667], [132.77499999999998, 33.82916666666667], [132.77499999999998, 33.83333333333334], [132.76874999999998, 33.83333333333334], [132.76874999999998, 33.82916666666667]]]}}, {"type": "Feature", "properties": {"window_end_month": "2025-10", "window_start_month": "2024-11", "mesh_500m": "503256934", "new_restaurant_permits_12m": 3, "active_mesh_rank": 30, "active_mesh_percentile": 78.03, "active_mesh_zscore": 0.215, "hotspot_class": "other_active", "mesh_500m_center_lat": 33.83125000000001, "mesh_500m_center_lon": 132.796875}, "geometry": {"type": "Polygon", "coordinates": [[[132.79375, 33.82916666666667], [132.79999999999998, 33.82916666666667], [132.79999999999998, 33.83333333333334], [132.79375, 33.83333333333334], [132.79375, 33.82916666666667]]]}}, {"type": "Feature", "properties": {"window_end_month": "2025-10", "window_start_month": "2024-11", "mesh_500m": "503265273", "new_restaurant_permits_12m": 3, "active_mesh_rank": 31, "active_mesh_percentile": 77.27, "active_mesh_zscore": 0.215, "hotspot_class": "other_active", "mesh_500m_center_lat": 33.85625, "mesh_500m_center_lon": 132.715625}, "geometry": {"type": "Polygon", "coordinates": [[[132.7125, 33.85416666666667], [132.71875, 33.85416666666667], [132.71875, 33.85833333333334], [132.7125, 33.85833333333334], [132.7125, 33.85416666666667]]]}}, {"type": "Feature", "properties": {"window_end_month": "2025-10", "window_start_month": "2024-11", "mesh_500m": "503265292", "new_restaurant_permits_12m": 3, "active_mesh_rank": 32, "active_mesh_percentile": 76.52, "active_mesh_zscore": 0.215, "hotspot_class": "other_active", "mesh_500m_center_lat": 33.85208333333334, "mesh_500m_center_lon": 132.746875}, "geometry": {"type": "Polygon", "coordinates": [[[132.74375, 33.85], [132.75, 33.85], [132.75, 33.85416666666667], [132.74375, 33.85416666666667], [132.74375, 33.85]]]}}, {"type": "Feature", "properties": {"window_end_month": "2025-10", "window_start_month": "2024-11", "mesh_500m": "503265371", "new_restaurant_permits_12m": 3, "active_mesh_rank": 33, "active_mesh_percentile": 75.76, "active_mesh_zscore": 0.215, "hotspot_class": "other_active", "mesh_500m_center_lat": 33.860416666666666, "mesh_500m_center_lon": 132.715625}, "geometry": {"type": "Polygon", "coordinates": [[[132.7125, 33.858333333333334], [132.71875, 33.858333333333334], [132.71875, 33.862500000000004], [132.7125, 33.862500000000004], [132.7125, 33.858333333333334]]]}}, {"type": "Feature", "properties": {"window_end_month": "2025-10", "window_start_month": "2024-11", "mesh_500m": "503265383", "new_restaurant_permits_12m": 3, "active_mesh_rank": 34, "active_mesh_percentile": 75.0, "active_mesh_zscore": 0.215, "hotspot_class": "other_active", "mesh_500m_center_lat": 33.86458333333334, "mesh_500m_center_lon": 132.72812499999998}, "geometry": {"type": "Polygon", "coordinates": [[[132.725, 33.862500000000004], [132.73125, 33.862500000000004], [132.73125, 33.866666666666674], [132.725, 33.866666666666674], [132.725, 33.862500000000004]]]}}, {"type": "Feature", "properties": {"window_end_month": "2025-10", "window_start_month": "2024-11", "mesh_500m": "503266221", "new_restaurant_permits_12m": 3, "active_mesh_rank": 35, "active_mesh_percentile": 74.24, "active_mesh_zscore": 0.215, "hotspot_class": "other_active", "mesh_500m_center_lat": 33.85208333333334, "mesh_500m_center_lon": 132.778125}, "geometry": {"type": "Polygon", "coordinates": [[[132.775, 33.85], [132.78125, 33.85], [132.78125, 33.85416666666667], [132.775, 33.85416666666667], [132.775, 33.85]]]}}, {"type": "Feature", "properties": {"window_end_month": "2025-10", "window_start_month": "2024-11", "mesh_500m": "503266223", "new_restaurant_permits_12m": 3, "active_mesh_rank": 36, "active_mesh_percentile": 73.48, "active_mesh_zscore": 0.215, "hotspot_class": "other_active", "mesh_500m_center_lat": 33.85625, "mesh_500m_center_lon": 132.778125}, "geometry": {"type": "Polygon", "coordinates": [[[132.775, 33.85416666666667], [132.78125, 33.85416666666667], [132.78125, 33.85833333333334], [132.775, 33.85833333333334], [132.775, 33.85416666666667]]]}}, {"type": "Feature", "properties": {"window_end_month": "2025-10", "window_start_month": "2024-11", "mesh_500m": "503266303", "new_restaurant_permits_12m": 3, "active_mesh_rank": 37, "active_mesh_percentile": 72.73, "active_mesh_zscore": 0.215, "hotspot_class": "other_active", "mesh_500m_center_lat": 33.86458333333334, "mesh_500m_center_lon": 132.753125}, "geometry": {"type": "Polygon", "coordinates": [[[132.75, 33.862500000000004], [132.75625, 33.862500000000004], [132.75625, 33.866666666666674], [132.75, 33.866666666666674], [132.75, 33.862500000000004]]]}}, {"type": "Feature", "properties": {"window_end_month": "2025-10", "window_start_month": "2024-11", "mesh_500m": "503266401", "new_restaurant_permits_12m": 3, "active_mesh_rank": 38, "active_mesh_percentile": 71.97, "active_mesh_zscore": 0.215, "hotspot_class": "other_active", "mesh_500m_center_lat": 33.868750000000006, "mesh_500m_center_lon": 132.753125}, "geometry": {"type": "Polygon", "coordinates": [[[132.75, 33.86666666666667], [132.75625, 33.86666666666667], [132.75625, 33.87083333333334], [132.75, 33.87083333333334], [132.75, 33.86666666666667]]]}}, {"type": "Feature", "properties": {"window_end_month": "2025-10", "window_start_month": "2024-11", "mesh_500m": "503255683", "new_restaurant_permits_12m": 2, "active_mesh_rank": 39, "active_mesh_percentile": 71.21, "active_mesh_zscore": -0.1585, "hotspot_class": "other_active", "mesh_500m_center_lat": 33.806250000000006, "mesh_500m_center_lon": 132.72812499999998}, "geometry": {"type": "Polygon", "coordinates": [[[132.725, 33.80416666666667], [132.73125, 33.80416666666667], [132.73125, 33.80833333333334], [132.725, 33.80833333333334], [132.725, 33.80416666666667]]]}}, {"type": "Feature", "properties": {"window_end_month": "2025-10", "window_start_month": "2024-11", "mesh_500m": "503255794", "new_restaurant_permits_12m": 2, "active_mesh_rank": 40, "active_mesh_percentile": 70.45, "active_mesh_zscore": -0.1585, "hotspot_class": "other_active", "mesh_500m_center_lat": 33.81458333333333, "mesh_500m_center_lon": 132.746875}, "geometry": {"type": "Polygon", "coordinates": [[[132.74375, 33.8125], [132.75, 33.8125], [132.75, 33.81666666666667], [132.74375, 33.81666666666667], [132.74375, 33.8125]]]}}, {"type": "Feature", "properties": {"window_end_month": "2025-10", "window_start_month": "2024-11", "mesh_500m": "503255892", "new_restaurant_permits_12m": 2, "active_mesh_rank": 41, "active_mesh_percentile": 69.7, "active_mesh_zscore": -0.1585, "hotspot_class": "other_active", "mesh_500m_center_lat": 33.81875000000001, "mesh_500m_center_lon": 132.746875}, "geometry": {"type": "Polygon", "coordinates": [[[132.74375, 33.81666666666667], [132.75, 33.81666666666667], [132.75, 33.82083333333334], [132.74375, 33.82083333333334], [132.74375, 33.81666666666667]]]}}, {"type": "Feature", "properties": {"window_end_month": "2025-10", "window_start_month": "2024-11", "mesh_500m": "503255893", "new_restaurant_permits_12m": 2, "active_mesh_rank": 42, "active_mesh_percentile": 68.94, "active_mesh_zscore": -0.1585, "hotspot_class": "other_active", "mesh_500m_center_lat": 33.82291666666667, "mesh_500m_center_lon": 132.74062500000002}, "geometry": {"type": "Polygon", "coordinates": [[[132.7375, 33.82083333333334], [132.74375, 33.82083333333334], [132.74375, 33.82500000000001], [132.7375, 33.82500000000001], [132.7375, 33.82083333333334]]]}}, {"type": "Feature", "properties": {"window_end_month": "2025-10", "window_start_month": "2024-11", "mesh_500m": "503255972", "new_restaurant_permits_12m": 2, "active_mesh_rank": 43, "active_mesh_percentile": 68.18, "active_mesh_zscore": -0.1585, "hotspot_class": "other_active", "mesh_500m_center_lat": 33.827083333333334, "mesh_500m_center_lon": 132.721875}, "geometry": {"type": "Polygon", "coordinates": [[[132.71875, 33.825], [132.725, 33.825], [132.725, 33.82916666666667], [132.71875, 33.82916666666667], [132.71875, 33.825]]]}}, {"type": "Feature", "properties": {"window_end_month": "2025-10", "window_start_month": "2024-11", "mesh_500m": "503255981", "new_restaurant_permits_12m": 2, "active_mesh_rank": 44, "active_mesh_percentile": 67.42, "active_mesh_zscore": -0.1585, "hotspot_class": "other_active", "mesh_500m_center_lat": 33.827083333333334, "mesh_500m_center_lon": 132.72812499999998}, "geometry": {"type": "Polygon", "coordinates": [[[132.725, 33.825], [132.73125, 33.825], [132.73125, 33.82916666666667], [132.725, 33.82916666666667], [132.725, 33.825]]]}}, {"type": "Feature", "properties": {"window_end_month": "2025-10", "window_start_month": "2024-11", "mesh_500m": "503255982", "new_restaurant_permits_12m": 2, "active_mesh_rank": 45, "active_mesh_percentile": 66.67, "active_mesh_zscore": -0.1585, "hotspot_class": "other_active", "mesh_500m_center_lat": 33.827083333333334, "mesh_500m_center_lon": 132.734375}, "geometry": {"type": "Polygon", "coordinates": [[[132.73125, 33.825], [132.73749999999998, 33.825], [132.73749999999998, 33.82916666666667], [132.73125, 33.82916666666667], [132.73125, 33.825]]]}}, {"type": "Feature", "properties": {"window_end_month": "2025-10", "window_start_month": "2024-11", "mesh_500m": "503255983", "new_restaurant_permits_12m": 2, "active_mesh_rank": 46, "active_mesh_percentile": 65.91, "active_mesh_zscore": -0.1585, "hotspot_class": "other_active", "mesh_500m_center_lat": 33.83125000000001, "mesh_500m_center_lon": 132.72812499999998}, "geometry": {"type": "Polygon", "coordinates": [[[132.725, 33.82916666666667], [132.73125, 33.82916666666667], [132.73125, 33.83333333333334], [132.725, 33.83333333333334], [132.725, 33.82916666666667]]]}}, {"type": "Feature", "properties": {"window_end_month": "2025-10", "window_start_month": "2024-11", "mesh_500m": "503255994", "new_restaurant_permits_12m": 2, "active_mesh_rank": 47, "active_mesh_percentile": 65.15, "active_mesh_zscore": -0.1585, "hotspot_class": "other_active", "mesh_500m_center_lat": 33.83125000000001, "mesh_500m_center_lon": 132.746875}, "geometry": {"type": "Polygon", "coordinates": [[[132.74375, 33.82916666666667], [132.75, 33.82916666666667], [132.75, 33.83333333333334], [132.74375, 33.83333333333334], [132.74375, 33.82916666666667]]]}}, {"type": "Feature", "properties": {"window_end_month": "2025-10", "window_start_month": "2024-11", "mesh_500m": "503256702", "new_restaurant_permits_12m": 2, "active_mesh_rank": 48, "active_mesh_percentile": 64.39, "active_mesh_zscore": -0.1585, "hotspot_class": "other_active", "mesh_500m_center_lat": 33.81041666666667, "mesh_500m_center_lon": 132.75937499999998}, "geometry": {"type": "Polygon", "coordinates": [[[132.75625, 33.80833333333333], [132.7625, 33.80833333333333], [132.7625, 33.8125], [132.75625, 33.8125], [132.75625, 33.80833333333333]]]}}, {"type": "Feature", "properties": {"window_end_month": "2025-10", "window_start_month": "2024-11", "mesh_500m": "503256704", "new_restaurant_permits_12m": 2, "active_mesh_rank": 49, "active_mesh_percentile": 63.64, "active_mesh_zscore": -0.1585, "hotspot_class": "other_active", "mesh_500m_center_lat": 33.81458333333333, "mesh_500m_center_lon": 132.75937499999998}, "geometry": {"type": "Polygon", "coordinates": [[[132.75625, 33.8125], [132.7625, 33.8125], [132.7625, 33.81666666666667], [132.75625, 33.81666666666667], [132.75625, 33.8125]]]}}, {"type": "Feature", "properties": {"window_end_month": "2025-10", "window_start_month": "2024-11", "mesh_500m": "503256714", "new_restaurant_permits_12m": 2, "active_mesh_rank": 50, "active_mesh_percentile": 62.88, "active_mesh_zscore": -0.1585, "hotspot_class": "other_active", "mesh_500m_center_lat": 33.81458333333333, "mesh_500m_center_lon": 132.77187499999997}, "geometry": {"type": "Polygon", "coordinates": [[[132.76874999999998, 33.8125], [132.77499999999998, 33.8125], [132.77499999999998, 33.81666666666667], [132.76874999999998, 33.81666666666667], [132.76874999999998, 33.8125]]]}}, {"type": "Feature", "properties": {"window_end_month": "2025-10", "window_start_month": "2024-11", "mesh_500m": "503256741", "new_restaurant_permits_12m": 2, "active_mesh_rank": 51, "active_mesh_percentile": 62.12, "active_mesh_zscore": -0.1585, "hotspot_class": "other_active", "mesh_500m_center_lat": 33.81041666666667, "mesh_500m_center_lon": 132.80312500000002}, "geometry": {"type": "Polygon", "coordinates": [[[132.8, 33.80833333333333], [132.80625, 33.80833333333333], [132.80625, 33.8125], [132.8, 33.8125], [132.8, 33.80833333333333]]]}}, {"type": "Feature", "properties": {"window_end_month": "2025-10", "window_start_month": "2024-11", "mesh_500m": "503256804", "new_restaurant_permits_12m": 2, "active_mesh_rank": 52, "active_mesh_percentile": 61.36, "active_mesh_zscore": -0.1585, "hotspot_class": "other_active", "mesh_500m_center_lat": 33.82291666666667, "mesh_500m_center_lon": 132.75937499999998}, "geometry": {"type": "Polygon", "coordinates": [[[132.75625, 33.82083333333334], [132.7625, 33.82083333333334], [132.7625, 33.82500000000001], [132.75625, 33.82500000000001], [132.75625, 33.82083333333334]]]}}, {"type": "Feature", "properties": {"window_end_month": "2025-10", "window_start_month": "2024-11", "mesh_500m": "503256811", "new_restaurant_permits_12m": 2, "active_mesh_rank": 53, "active_mesh_percentile": 60.61, "active_mesh_zscore": -0.1585, "hotspot_class": "other_active", "mesh_500m_center_lat": 33.81875000000001, "mesh_500m_center_lon": 132.765625}, "geometry": {"type": "Polygon", "coordinates": [[[132.7625, 33.81666666666667], [132.76874999999998, 33.81666666666667], [132.76874999999998, 33.82083333333334], [132.7625, 33.82083333333334], [132.7625, 33.81666666666667]]]}}, {"type": "Feature", "properties": {"window_end_month": "2025-10", "window_start_month": "2024-11", "mesh_500m": "503256902", "new_restaurant_permits_12m": 2, "active_mesh_rank": 54, "active_mesh_percentile": 59.85, "active_mesh_zscore": -0.1585, "hotspot_class": "other_active", "mesh_500m_center_lat": 33.827083333333334, "mesh_500m_center_lon": 132.75937499999998}, "geometry": {"type": "Polygon", "coordinates": [[[132.75625, 33.825], [132.7625, 33.825], [132.7625, 33.82916666666667], [132.75625, 33.82916666666667], [132.75625, 33.825]]]}}, {"type": "Feature", "properties": {"window_end_month": "2025-10", "window_start_month": "2024-11", "mesh_500m": "503256911", "new_restaurant_permits_12m": 2, "active_mesh_rank": 55, "active_mesh_percentile": 59.09, "active_mesh_zscore": -0.1585, "hotspot_class": "other_active", "mesh_500m_center_lat": 33.827083333333334, "mesh_500m_center_lon": 132.765625}, "geometry": {"type": "Polygon", "coordinates": [[[132.7625, 33.825], [132.76874999999998, 33.825], [132.76874999999998, 33.82916666666667], [132.7625, 33.82916666666667], [132.7625, 33.825]]]}}, {"type": "Feature", "properties": {"window_end_month": "2025-10", "window_start_month": "2024-11", "mesh_500m": "503256933", "new_restaurant_permits_12m": 2, "active_mesh_rank": 56, "active_mesh_percentile": 58.33, "active_mesh_zscore": -0.1585, "hotspot_class": "other_active", "mesh_500m_center_lat": 33.83125000000001, "mesh_500m_center_lon": 132.79062499999998}, "geometry": {"type": "Polygon", "coordinates": [[[132.7875, 33.82916666666667], [132.79375, 33.82916666666667], [132.79375, 33.83333333333334], [132.7875, 33.83333333333334], [132.7875, 33.82916666666667]]]}}, {"type": "Feature", "properties": {"window_end_month": "2025-10", "window_start_month": "2024-11", "mesh_500m": "503265092", "new_restaurant_permits_12m": 2, "active_mesh_rank": 57, "active_mesh_percentile": 57.58, "active_mesh_zscore": -0.1585, "hotspot_class": "other_active", "mesh_500m_center_lat": 33.835416666666674, "mesh_500m_center_lon": 132.746875}, "geometry": {"type": "Polygon", "coordinates": [[[132.74375, 33.833333333333336], [132.75, 33.833333333333336], [132.75, 33.837500000000006], [132.74375, 33.837500000000006], [132.74375, 33.833333333333336]]]}}, {"type": "Feature", "properties": {"window_end_month": "2025-10", "window_start_month": "2024-11", "mesh_500m": "503265094", "new_restaurant_permits_12m": 2, "active_mesh_rank": 58, "active_mesh_percentile": 56.82, "active_mesh_zscore": -0.1585, "hotspot_class": "other_active", "mesh_500m_center_lat": 33.83958333333334, "mesh_500m_center_lon": 132.746875}, "geometry": {"type": "Polygon", "coordinates": [[[132.74375, 33.837500000000006], [132.75, 33.837500000000006], [132.75, 33.841666666666676], [132.74375, 33.841666666666676], [132.74375, 33.837500000000006]]]}}, {"type": "Feature", "properties": {"window_end_month": "2025-10", "window_start_month": "2024-11", "mesh_500m": "503265274", "new_restaurant_permits_12m": 2, "active_mesh_rank": 59, "active_mesh_percentile": 56.06, "active_mesh_zscore": -0.1585, "hotspot_class": "other_active", "mesh_500m_center_lat": 33.85625, "mesh_500m_center_lon": 132.721875}, "geometry": {"type": "Polygon", "coordinates": [[[132.71875, 33.85416666666667], [132.725, 33.85416666666667], [132.725, 33.85833333333334], [132.71875, 33.85833333333334], [132.71875, 33.85416666666667]]]}}, {"type": "Feature", "properties": {"window_end_month": "2025-10", "window_start_month": "2024-11", "mesh_500m": "503265783", "new_restaurant_permits_12m": 2, "active_mesh_rank": 60, "active_mesh_percentile": 55.3, "active_mesh_zscore": -0.1585, "hotspot_class": "other_active", "mesh_500m_center_lat": 33.897916666666674, "mesh_500m_center_lon": 132.72812499999998}, "geometry": {"type": "Polygon", "coordinates": [[[132.725, 33.895833333333336], [132.73125, 33.895833333333336], [132.73125, 33.900000000000006], [132.725, 33.900000000000006], [132.725, 33.895833333333336]]]}}, {"type": "Feature", "properties": {"window_end_month": "2025-10", "window_start_month": "2024-11", "mesh_500m": "503265791", "new_restaurant_permits_12m": 2, "active_mesh_rank": 61, "active_mesh_percentile": 54.55, "active_mesh_zscore": -0.1585, "hotspot_class": "other_active", "mesh_500m_center_lat": 33.89375, "mesh_500m_center_lon": 132.74062500000002}, "geometry": {"type": "Polygon", "coordinates": [[[132.7375, 33.891666666666666], [132.74375, 33.891666666666666], [132.74375, 33.895833333333336], [132.7375, 33.895833333333336], [132.7375, 33.891666666666666]]]}}, {"type": "Feature", "properties": {"window_end_month": "2025-10", "window_start_month": "2024-11", "mesh_500m": "503266021", "new_restaurant_permits_12m": 2, "active_mesh_rank": 62, "active_mesh_percentile": 53.79, "active_mesh_zscore": -0.1585, "hotspot_class": "other_active", "mesh_500m_center_lat": 33.835416666666674, "mesh_500m_center_lon": 132.778125}, "geometry": {"type": "Polygon", "coordinates": [[[132.775, 33.833333333333336], [132.78125, 33.833333333333336], [132.78125, 33.837500000000006], [132.775, 33.837500000000006], [132.775, 33.833333333333336]]]}}, {"type": "Feature", "properties": {"window_end_month": "2025-10", "window_start_month": "2024-11", "mesh_500m": "503266033", "new_restaurant_permits_12m": 2, "active_mesh_rank": 63, "active_mesh_percentile": 53.03, "active_mesh_zscore": -0.1585, "hotspot_class": "other_active", "mesh_500m_center_lat": 33.83958333333334, "mesh_500m_center_lon": 132.79062499999998}, "geometry": {"type": "Polygon", "coordinates": [[[132.7875, 33.837500000000006], [132.79375, 33.837500000000006], [132.79375, 33.841666666666676], [132.7875, 33.841666666666676], [132.7875, 33.837500000000006]]]}}, {"type": "Feature", "properties": {"window_end_month": "2025-10", "window_start_month": "2024-11", "mesh_500m": "503266124", "new_restaurant_permits_12m": 2, "active_mesh_rank": 64, "active_mesh_percentile": 52.27, "active_mesh_zscore": -0.1585, "hotspot_class": "other_active", "mesh_500m_center_lat": 33.84791666666668, "mesh_500m_center_lon": 132.784375}, "geometry": {"type": "Polygon", "coordinates": [[[132.78125, 33.84583333333334], [132.7875, 33.84583333333334], [132.7875, 33.85000000000001], [132.78125, 33.85000000000001], [132.78125, 33.84583333333334]]]}}, {"type": "Feature", "properties": {"window_end_month": "2025-10", "window_start_month": "2024-11", "mesh_500m": "503266134", "new_restaurant_permits_12m": 2, "active_mesh_rank": 65, "active_mesh_percentile": 51.52, "active_mesh_zscore": -0.1585, "hotspot_class": "other_active", "mesh_500m_center_lat": 33.84791666666668, "mesh_500m_center_lon": 132.796875}, "geometry": {"type": "Polygon", "coordinates": [[[132.79375, 33.84583333333334], [132.79999999999998, 33.84583333333334], [132.79999999999998, 33.85000000000001], [132.79375, 33.85000000000001], [132.79375, 33.84583333333334]]]}}, {"type": "Feature", "properties": {"window_end_month": "2025-10", "window_start_month": "2024-11", "mesh_500m": "503266212", "new_restaurant_permits_12m": 2, "active_mesh_rank": 66, "active_mesh_percentile": 50.76, "active_mesh_zscore": -0.1585, "hotspot_class": "other_active", "mesh_500m_center_lat": 33.85208333333334, "mesh_500m_center_lon": 132.77187499999997}, "geometry": {"type": "Polygon", "coordinates": [[[132.76874999999998, 33.85], [132.77499999999998, 33.85], [132.77499999999998, 33.85416666666667], [132.76874999999998, 33.85416666666667], [132.76874999999998, 33.85]]]}}, {"type": "Feature", "properties": {"window_end_month": "2025-10", "window_start_month": "2024-11", "mesh_500m": "503266224", "new_restaurant_permits_12m": 2, "active_mesh_rank": 67, "active_mesh_percentile": 50.0, "active_mesh_zscore": -0.1585, "hotspot_class": "other_active", "mesh_500m_center_lat": 33.85625, "mesh_500m_center_lon": 132.784375}, "geometry": {"type": "Polygon", "coordinates": [[[132.78125, 33.85416666666667], [132.7875, 33.85416666666667], [132.7875, 33.85833333333334], [132.78125, 33.85833333333334], [132.78125, 33.85416666666667]]]}}, {"type": "Feature", "properties": {"window_end_month": "2025-10", "window_start_month": "2024-11", "mesh_500m": "503276314", "new_restaurant_permits_12m": 2, "active_mesh_rank": 68, "active_mesh_percentile": 49.24, "active_mesh_zscore": -0.1585, "hotspot_class": "other_active", "mesh_500m_center_lat": 33.94791666666667, "mesh_500m_center_lon": 132.77187499999997}, "geometry": {"type": "Polygon", "coordinates": [[[132.76874999999998, 33.94583333333334], [132.77499999999998, 33.94583333333334], [132.77499999999998, 33.95000000000001], [132.76874999999998, 33.95000000000001], [132.76874999999998, 33.94583333333334]]]}}, {"type": "Feature", "properties": {"window_end_month": "2025-10", "window_start_month": "2024-11", "mesh_500m": "503276421", "new_restaurant_permits_12m": 2, "active_mesh_rank": 69, "active_mesh_percentile": 48.48, "active_mesh_zscore": -0.1585, "hotspot_class": "other_active", "mesh_500m_center_lat": 33.952083333333334, "mesh_500m_center_lon": 132.778125}, "geometry": {"type": "Polygon", "coordinates": [[[132.775, 33.95], [132.78125, 33.95], [132.78125, 33.95416666666667], [132.775, 33.95416666666667], [132.775, 33.95]]]}}, {"type": "Feature", "properties": {"window_end_month": "2025-10", "window_start_month": "2024-11", "mesh_500m": "503276512", "new_restaurant_permits_12m": 2, "active_mesh_rank": 70, "active_mesh_percentile": 47.73, "active_mesh_zscore": -0.1585, "hotspot_class": "other_active", "mesh_500m_center_lat": 33.960416666666674, "mesh_500m_center_lon": 132.77187499999997}, "geometry": {"type": "Polygon", "coordinates": [[[132.76874999999998, 33.958333333333336], [132.77499999999998, 33.958333333333336], [132.77499999999998, 33.962500000000006], [132.76874999999998, 33.962500000000006], [132.76874999999998, 33.958333333333336]]]}}, {"type": "Feature", "properties": {"window_end_month": "2025-10", "window_start_month": "2024-11", "mesh_500m": "503255792", "new_restaurant_permits_12m": 1, "active_mesh_rank": 71, "active_mesh_percentile": 46.97, "active_mesh_zscore": -0.5319, "hotspot_class": "other_active", "mesh_500m_center_lat": 33.81041666666667, "mesh_500m_center_lon": 132.746875}, "geometry": {"type": "Polygon", "coordinates": [[[132.74375, 33.80833333333333], [132.75, 33.80833333333333], [132.75, 33.8125], [132.74375, 33.8125], [132.74375, 33.80833333333333]]]}}, {"type": "Feature", "properties": {"window_end_month": "2025-10", "window_start_month": "2024-11", "mesh_500m": "503255793", "new_restaurant_permits_12m": 1, "active_mesh_rank": 72, "active_mesh_percentile": 46.21, "active_mesh_zscore": -0.5319, "hotspot_class": "other_active", "mesh_500m_center_lat": 33.81458333333333, "mesh_500m_center_lon": 132.74062500000002}, "geometry": {"type": "Polygon", "coordinates": [[[132.7375, 33.8125], [132.74375, 33.8125], [132.74375, 33.81666666666667], [132.7375, 33.81666666666667], [132.7375, 33.8125]]]}}, {"type": "Feature", "properties": {"window_end_month": "2025-10", "window_start_month": "2024-11", "mesh_500m": "503255854", "new_restaurant_permits_12m": 1, "active_mesh_rank": 73, "active_mesh_percentile": 45.45, "active_mesh_zscore": -0.5319, "hotspot_class": "other_active", "mesh_500m_center_lat": 33.82291666666667, "mesh_500m_center_lon": 132.69687499999998}, "geometry": {"type": "Polygon", "coordinates": [[[132.69375, 33.82083333333334], [132.7, 33.82083333333334], [132.7, 33.82500000000001], [132.69375, 33.82500000000001], [132.69375, 33.82083333333334]]]}}, {"type": "Feature", "properties": {"window_end_month": "2025-10", "window_start_month": "2024-11", "mesh_500m": "503255873", "new_restaurant_permits_12m": 1, "active_mesh_rank": 74, "active_mesh_percentile": 44.7, "active_mesh_zscore": -0.5319, "hotspot_class": "other_active", "mesh_500m_center_lat": 33.82291666666667, "mesh_500m_center_lon": 132.715625}, "geometry": {"type": "Polygon", "coordinates": [[[132.7125, 33.82083333333334], [132.71875, 33.82083333333334], [132.71875, 33.82500000000001], [132.7125, 33.82500000000001], [132.7125, 33.82083333333334]]]}}, {"type": "Feature", "properties": {"window_end_month": "2025-10", "window_start_month": "2024-11", "mesh_500m": "503255894", "new_restaurant_permits_12m": 1, "active_mesh_rank": 75, "active_mesh_percentile": 43.94, "active_mesh_zscore": -0.5319, "hotspot_class": "other_active", "mesh_500m_center_lat": 33.82291666666667, "mesh_500m_center_lon": 132.746875}, "geometry": {"type": "Polygon", "coordinates": [[[132.74375, 33.82083333333334], [132.75, 33.82083333333334], [132.75, 33.82500000000001], [132.74375, 33.82500000000001], [132.74375, 33.82083333333334]]]}}, {"type": "Feature", "properties": {"window_end_month": "2025-10", "window_start_month": "2024-11", "mesh_500m": "503255964", "new_restaurant_permits_12m": 1, "active_mesh_rank": 76, "active_mesh_percentile": 43.18, "active_mesh_zscore": -0.5319, "hotspot_class": "other_active", "mesh_500m_center_lat": 33.83125000000001, "mesh_500m_center_lon": 132.70937499999997}, "geometry": {"type": "Polygon", "coordinates": [[[132.70624999999998, 33.82916666666667], [132.71249999999998, 33.82916666666667], [132.71249999999998, 33.83333333333334], [132.70624999999998, 33.83333333333334], [132.70624999999998, 33.82916666666667]]]}}, {"type": "Feature", "properties": {"window_end_month": "2025-10", "window_start_month": "2024-11", "mesh_500m": "503255974", "new_restaurant_permits_12m": 1, "active_mesh_rank": 77, "active_mesh_percentile": 42.42, "active_mesh_zscore": -0.5319, "hotspot_class": "other_active", "mesh_500m_center_lat": 33.83125000000001, "mesh_500m_center_lon": 132.721875}, "geometry": {"type": "Polygon", "coordinates": [[[132.71875, 33.82916666666667], [132.725, 33.82916666666667], [132.725, 33.83333333333334], [132.71875, 33.83333333333334], [132.71875, 33.82916666666667]]]}}, {"type": "Feature", "properties": {"window_end_month": "2025-10", "window_start_month": "2024-11", "mesh_500m": "503255991", "new_restaurant_permits_12m": 1, "active_mesh_rank": 78, "active_mesh_percentile": 41.67, "active_mesh_zscore": -0.5319, "hotspot_class": "other_active", "mesh_500m_center_lat": 33.827083333333334, "mesh_500m_center_lon": 132.74062500000002}, "geometry": {"type": "Polygon", "coordinates": [[[132.7375, 33.825], [132.74375, 33.825], [132.74375, 33.82916666666667], [132.7375, 33.82916666666667], [132.7375, 33.825]]]}}, {"type": "Feature", "properties": {"window_end_month": "2025-10", "window_start_month": "2024-11", "mesh_500m": "503256514", "new_restaurant_permits_12m": 1, "active_mesh_rank": 79, "active_mesh_percentile": 40.91, "active_mesh_zscore": -0.5319, "hotspot_class": "other_active", "mesh_500m_center_lat": 33.797916666666666, "mesh_500m_center_lon": 132.77187499999997}, "geometry": {"type": "Polygon", "coordinates": [[[132.76874999999998, 33.795833333333334], [132.77499999999998, 33.795833333333334], [132.77499999999998, 33.800000000000004], [132.76874999999998, 33.800000000000004], [132.76874999999998, 33.795833333333334]]]}}, {"type": "Feature", "properties": {"window_end_month": "2025-10", "window_start_month": "2024-11", "mesh_500m": "503256524", "new_restaurant_permits_12m": 1, "active_mesh_rank": 80, "active_mesh_percentile": 40.15, "active_mesh_zscore": -0.5319, "hotspot_class": "other_active", "mesh_500m_center_lat": 33.797916666666666, "mesh_500m_center_lon": 132.784375}, "geometry": {"type": "Polygon", "coordinates": [[[132.78125, 33.795833333333334], [132.7875, 33.795833333333334], [132.7875, 33.800000000000004], [132.78125, 33.800000000000004], [132.78125, 33.795833333333334]]]}}, {"type": "Feature", "properties": {"window_end_month": "2025-10", "window_start_month": "2024-11", "mesh_500m": "503256613", "new_restaurant_permits_12m": 1, "active_mesh_rank": 81, "active_mesh_percentile": 39.39, "active_mesh_zscore": -0.5319, "hotspot_class": "other_active", "mesh_500m_center_lat": 33.806250000000006, "mesh_500m_center_lon": 132.765625}, "geometry": {"type": "Polygon", "coordinates": [[[132.7625, 33.80416666666667], [132.76874999999998, 33.80416666666667], [132.76874999999998, 33.80833333333334], [132.7625, 33.80833333333334], [132.7625, 33.80416666666667]]]}}, {"type": "Feature", "properties": {"window_end_month": "2025-10", "window_start_month": "2024-11", "mesh_500m": "503256622", "new_restaurant_permits_12m": 1, "active_mesh_rank": 82, "active_mesh_percentile": 38.64, "active_mesh_zscore": -0.5319, "hotspot_class": "other_active", "mesh_500m_center_lat": 33.80208333333333, "mesh_500m_center_lon": 132.784375}, "geometry": {"type": "Polygon", "coordinates": [[[132.78125, 33.8], [132.7875, 33.8], [132.7875, 33.80416666666667], [132.78125, 33.80416666666667], [132.78125, 33.8]]]}}, {"type": "Feature", "properties": {"window_end_month": "2025-10", "window_start_month": "2024-11", "mesh_500m": "503256624", "new_restaurant_permits_12m": 1, "active_mesh_rank": 83, "active_mesh_percentile": 37.88, "active_mesh_zscore": -0.5319, "hotspot_class": "other_active", "mesh_500m_center_lat": 33.806250000000006, "mesh_500m_center_lon": 132.784375}, "geometry": {"type": "Polygon", "coordinates": [[[132.78125, 33.80416666666667], [132.7875, 33.80416666666667], [132.7875, 33.80833333333334], [132.78125, 33.80833333333334], [132.78125, 33.80416666666667]]]}}, {"type": "Feature", "properties": {"window_end_month": "2025-10", "window_start_month": "2024-11", "mesh_500m": "503256631", "new_restaurant_permits_12m": 1, "active_mesh_rank": 84, "active_mesh_percentile": 37.12, "active_mesh_zscore": -0.5319, "hotspot_class": "other_active", "mesh_500m_center_lat": 33.80208333333333, "mesh_500m_center_lon": 132.79062499999998}, "geometry": {"type": "Polygon", "coordinates": [[[132.7875, 33.8], [132.79375, 33.8], [132.79375, 33.80416666666667], [132.7875, 33.80416666666667], [132.7875, 33.8]]]}}, {"type": "Feature", "properties": {"window_end_month": "2025-10", "window_start_month": "2024-11", "mesh_500m": "503256633", "new_restaurant_permits_12m": 1, "active_mesh_rank": 85, "active_mesh_percentile": 36.36, "active_mesh_zscore": -0.5319, "hotspot_class": "other_active", "mesh_500m_center_lat": 33.806250000000006, "mesh_500m_center_lon": 132.79062499999998}, "geometry": {"type": "Polygon", "coordinates": [[[132.7875, 33.80416666666667], [132.79375, 33.80416666666667], [132.79375, 33.80833333333334], [132.7875, 33.80833333333334], [132.7875, 33.80416666666667]]]}}, {"type": "Feature", "properties": {"window_end_month": "2025-10", "window_start_month": "2024-11", "mesh_500m": "503256703", "new_restaurant_permits_12m": 1, "active_mesh_rank": 86, "active_mesh_percentile": 35.61, "active_mesh_zscore": -0.5319, "hotspot_class": "other_active", "mesh_500m_center_lat": 33.81458333333333, "mesh_500m_center_lon": 132.753125}, "geometry": {"type": "Polygon", "coordinates": [[[132.75, 33.8125], [132.75625, 33.8125], [132.75625, 33.81666666666667], [132.75, 33.81666666666667], [132.75, 33.8125]]]}}, {"type": "Feature", "properties": {"window_end_month": "2025-10", "window_start_month": "2024-11", "mesh_500m": "503256713", "new_restaurant_permits_12m": 1, "active_mesh_rank": 87, "active_mesh_percentile": 34.85, "active_mesh_zscore": -0.5319, "hotspot_class": "other_active", "mesh_500m_center_lat": 33.81458333333333, "mesh_500m_center_lon": 132.765625}, "geometry": {"type": "Polygon", "coordinates": [[[132.7625, 33.8125], [132.76874999999998, 33.8125], [132.76874999999998, 33.81666666666667], [132.7625, 33.81666666666667], [132.7625, 33.8125]]]}}, {"type": "Feature", "properties": {"window_end_month": "2025-10", "window_start_month": "2024-11", "mesh_500m": "503256722", "new_restaurant_permits_12m": 1, "active_mesh_rank": 88, "active_mesh_percentile": 34.09, "active_mesh_zscore": -0.5319, "hotspot_class": "other_active", "mesh_500m_center_lat": 33.81041666666667, "mesh_500m_center_lon": 132.784375}, "geometry": {"type": "Polygon", "coordinates": [[[132.78125, 33.80833333333333], [132.7875, 33.80833333333333], [132.7875, 33.8125], [132.78125, 33.8125], [132.78125, 33.80833333333333]]]}}, {"type": "Feature", "properties": {"window_end_month": "2025-10", "window_start_month": "2024-11", "mesh_500m": "503256724", "new_restaurant_permits_12m": 1, "active_mesh_rank": 89, "active_mesh_percentile": 33.33, "active_mesh_zscore": -0.5319, "hotspot_class": "other_active", "mesh_500m_center_lat": 33.81458333333333, "mesh_500m_center_lon": 132.784375}, "geometry": {"type": "Polygon", "coordinates": [[[132.78125, 33.8125], [132.7875, 33.8125], [132.7875, 33.81666666666667], [132.78125, 33.81666666666667], [132.78125, 33.8125]]]}}, {"type": "Feature", "properties": {"window_end_month": "2025-10", "window_start_month": "2024-11", "mesh_500m": "503256731", "new_restaurant_permits_12m": 1, "active_mesh_rank": 90, "active_mesh_percentile": 32.58, "active_mesh_zscore": -0.5319, "hotspot_class": "other_active", "mesh_500m_center_lat": 33.81041666666667, "mesh_500m_center_lon": 132.79062499999998}, "geometry": {"type": "Polygon", "coordinates": [[[132.7875, 33.80833333333333], [132.79375, 33.80833333333333], [132.79375, 33.8125], [132.7875, 33.8125], [132.7875, 33.80833333333333]]]}}, {"type": "Feature", "properties": {"window_end_month": "2025-10", "window_start_month": "2024-11", "mesh_500m": "503256744", "new_restaurant_permits_12m": 1, "active_mesh_rank": 91, "active_mesh_percentile": 31.82, "active_mesh_zscore": -0.5319, "hotspot_class": "other_active", "mesh_500m_center_lat": 33.81458333333333, "mesh_500m_center_lon": 132.809375}, "geometry": {"type": "Polygon", "coordinates": [[[132.80625, 33.8125], [132.8125, 33.8125], [132.8125, 33.81666666666667], [132.80625, 33.81666666666667], [132.80625, 33.8125]]]}}, {"type": "Feature", "properties": {"window_end_month": "2025-10", "window_start_month": "2024-11", "mesh_500m": "503256751", "new_restaurant_permits_12m": 1, "active_mesh_rank": 92, "active_mesh_percentile": 31.06, "active_mesh_zscore": -0.5319, "hotspot_class": "other_active", "mesh_500m_center_lat": 33.81041666666667, "mesh_500m_center_lon": 132.815625}, "geometry": {"type": "Polygon", "coordinates": [[[132.8125, 33.80833333333333], [132.81875, 33.80833333333333], [132.81875, 33.8125], [132.8125, 33.8125], [132.8125, 33.80833333333333]]]}}, {"type": "Feature", "properties": {"window_end_month": "2025-10", "window_start_month": "2024-11", "mesh_500m": "503256752", "new_restaurant_permits_12m": 1, "active_mesh_rank": 93, "active_mesh_percentile": 30.3, "active_mesh_zscore": -0.5319, "hotspot_class": "other_active", "mesh_500m_center_lat": 33.81041666666667, "mesh_500m_center_lon": 132.82187499999998}, "geometry": {"type": "Polygon", "coordinates": [[[132.81875, 33.80833333333333], [132.825, 33.80833333333333], [132.825, 33.8125], [132.81875, 33.8125], [132.81875, 33.80833333333333]]]}}, {"type": "Feature", "properties": {"window_end_month": "2025-10", "window_start_month": "2024-11", "mesh_500m": "503256801", "new_restaurant_permits_12m": 1, "active_mesh_rank": 94, "active_mesh_percentile": 29.55, "active_mesh_zscore": -0.5319, "hotspot_class": "other_active", "mesh_500m_center_lat": 33.81875000000001, "mesh_500m_center_lon": 132.753125}, "geometry": {"type": "Polygon", "coordinates": [[[132.75, 33.81666666666667], [132.75625, 33.81666666666667], [132.75625, 33.82083333333334], [132.75, 33.82083333333334], [132.75, 33.81666666666667]]]}}, {"type": "Feature", "properties": {"window_end_month": "2025-10", "window_start_month": "2024-11", "mesh_500m": "503256821", "new_restaurant_permits_12m": 1, "active_mesh_rank": 95, "active_mesh_percentile": 28.79, "active_mesh_zscore": -0.5319, "hotspot_class": "other_active", "mesh_500m_center_lat": 33.81875000000001, "mesh_500m_center_lon": 132.778125}, "geometry": {"type": "Polygon", "coordinates": [[[132.775, 33.81666666666667], [132.78125, 33.81666666666667], [132.78125, 33.82083333333334], [132.775, 33.82083333333334], [132.775, 33.81666666666667]]]}}, {"type": "Feature", "properties": {"window_end_month": "2025-10", "window_start_month": "2024-11", "mesh_500m": "503256822", "new_restaurant_permits_12m": 1, "active_mesh_rank": 96, "active_mesh_percentile": 28.03, "active_mesh_zscore": -0.5319, "hotspot_class": "other_active", "mesh_500m_center_lat": 33.81875000000001, "mesh_500m_center_lon": 132.784375}, "geometry": {"type": "Polygon", "coordinates": [[[132.78125, 33.81666666666667], [132.7875, 33.81666666666667], [132.7875, 33.82083333333334], [132.78125, 33.82083333333334], [132.78125, 33.81666666666667]]]}}, {"type": "Feature", "properties": {"window_end_month": "2025-10", "window_start_month": "2024-11", "mesh_500m": "503256903", "new_restaurant_permits_12m": 1, "active_mesh_rank": 97, "active_mesh_percentile": 27.27, "active_mesh_zscore": -0.5319, "hotspot_class": "other_active", "mesh_500m_center_lat": 33.83125000000001, "mesh_500m_center_lon": 132.753125}, "geometry": {"type": "Polygon", "coordinates": [[[132.75, 33.82916666666667], [132.75625, 33.82916666666667], [132.75625, 33.83333333333334], [132.75, 33.83333333333334], [132.75, 33.82916666666667]]]}}, {"type": "Feature", "properties": {"window_end_month": "2025-10", "window_start_month": "2024-11", "mesh_500m": "503256912", "new_restaurant_permits_12m": 1, "active_mesh_rank": 98, "active_mesh_percentile": 26.52, "active_mesh_zscore": -0.5319, "hotspot_class": "other_active", "mesh_500m_center_lat": 33.827083333333334, "mesh_500m_center_lon": 132.77187499999997}, "geometry": {"type": "Polygon", "coordinates": [[[132.76874999999998, 33.825], [132.77499999999998, 33.825], [132.77499999999998, 33.82916666666667], [132.76874999999998, 33.82916666666667], [132.76874999999998, 33.825]]]}}, {"type": "Feature", "properties": {"window_end_month": "2025-10", "window_start_month": "2024-11", "mesh_500m": "503256913", "new_restaurant_permits_12m": 1, "active_mesh_rank": 99, "active_mesh_percentile": 25.76, "active_mesh_zscore": -0.5319, "hotspot_class": "other_active", "mesh_500m_center_lat": 33.83125000000001, "mesh_500m_center_lon": 132.765625}, "geometry": {"type": "Polygon", "coordinates": [[[132.7625, 33.82916666666667], [132.76874999999998, 33.82916666666667], [132.76874999999998, 33.83333333333334], [132.7625, 33.83333333333334], [132.7625, 33.82916666666667]]]}}, {"type": "Feature", "properties": {"window_end_month": "2025-10", "window_start_month": "2024-11", "mesh_500m": "503256941", "new_restaurant_permits_12m": 1, "active_mesh_rank": 100, "active_mesh_percentile": 25.0, "active_mesh_zscore": -0.5319, "hotspot_class": "other_active", "mesh_500m_center_lat": 33.827083333333334, "mesh_500m_center_lon": 132.80312500000002}, "geometry": {"type": "Polygon", "coordinates": [[[132.8, 33.825], [132.80625, 33.825], [132.80625, 33.82916666666667], [132.8, 33.82916666666667], [132.8, 33.825]]]}}, {"type": "Feature", "properties": {"window_end_month": "2025-10", "window_start_month": "2024-11", "mesh_500m": "503265091", "new_restaurant_permits_12m": 1, "active_mesh_rank": 101, "active_mesh_percentile": 24.24, "active_mesh_zscore": -0.5319, "hotspot_class": "other_active", "mesh_500m_center_lat": 33.835416666666674, "mesh_500m_center_lon": 132.74062500000002}, "geometry": {"type": "Polygon", "coordinates": [[[132.7375, 33.833333333333336], [132.74375, 33.833333333333336], [132.74375, 33.837500000000006], [132.7375, 33.837500000000006], [132.7375, 33.833333333333336]]]}}, {"type": "Feature", "properties": {"window_end_month": "2025-10", "window_start_month": "2024-11", "mesh_500m": "503265093", "new_restaurant_permits_12m": 1, "active_mesh_rank": 102, "active_mesh_percentile": 23.48, "active_mesh_zscore": -0.5319, "hotspot_class": "other_active", "mesh_500m_center_lat": 33.83958333333334, "mesh_500m_center_lon": 132.74062500000002}, "geometry": {"type": "Polygon", "coordinates": [[[132.7375, 33.837500000000006], [132.74375, 33.837500000000006], [132.74375, 33.841666666666676], [132.7375, 33.841666666666676], [132.7375, 33.837500000000006]]]}}, {"type": "Feature", "properties": {"window_end_month": "2025-10", "window_start_month": "2024-11", "mesh_500m": "503265194", "new_restaurant_permits_12m": 1, "active_mesh_rank": 103, "active_mesh_percentile": 22.73, "active_mesh_zscore": -0.5319, "hotspot_class": "other_active", "mesh_500m_center_lat": 33.84791666666668, "mesh_500m_center_lon": 132.746875}, "geometry": {"type": "Polygon", "coordinates": [[[132.74375, 33.84583333333334], [132.75, 33.84583333333334], [132.75, 33.85000000000001], [132.74375, 33.85000000000001], [132.74375, 33.84583333333334]]]}}, {"type": "Feature", "properties": {"window_end_month": "2025-10", "window_start_month": "2024-11", "mesh_500m": "503265294", "new_restaurant_permits_12m": 1, "active_mesh_rank": 104, "active_mesh_percentile": 21.97, "active_mesh_zscore": -0.5319, "hotspot_class": "other_active", "mesh_500m_center_lat": 33.85625, "mesh_500m_center_lon": 132.746875}, "geometry": {"type": "Polygon", "coordinates": [[[132.74375, 33.85416666666667], [132.75, 33.85416666666667], [132.75, 33.85833333333334], [132.74375, 33.85833333333334], [132.74375, 33.85416666666667]]]}}, {"type": "Feature", "properties": {"window_end_month": "2025-10", "window_start_month": "2024-11", "mesh_500m": "503265362", "new_restaurant_permits_12m": 1, "active_mesh_rank": 105, "active_mesh_percentile": 21.21, "active_mesh_zscore": -0.5319, "hotspot_class": "other_active", "mesh_500m_center_lat": 33.860416666666666, "mesh_500m_center_lon": 132.70937499999997}, "geometry": {"type": "Polygon", "coordinates": [[[132.70624999999998, 33.858333333333334], [132.71249999999998, 33.858333333333334], [132.71249999999998, 33.862500000000004], [132.70624999999998, 33.862500000000004], [132.70624999999998, 33.858333333333334]]]}}, {"type": "Feature", "properties": {"window_end_month": "2025-10", "window_start_month": "2024-11", "mesh_500m": "503265364", "new_restaurant_permits_12m": 1, "active_mesh_rank": 106, "active_mesh_percentile": 20.45, "active_mesh_zscore": -0.5319, "hotspot_class": "other_active", "mesh_500m_center_lat": 33.86458333333334, "mesh_500m_center_lon": 132.70937499999997}, "geometry": {"type": "Polygon", "coordinates": [[[132.70624999999998, 33.862500000000004], [132.71249999999998, 33.862500000000004], [132.71249999999998, 33.866666666666674], [132.70624999999998, 33.866666666666674], [132.70624999999998, 33.862500000000004]]]}}, {"type": "Feature", "properties": {"window_end_month": "2025-10", "window_start_month": "2024-11", "mesh_500m": "503265462", "new_restaurant_permits_12m": 1, "active_mesh_rank": 107, "active_mesh_percentile": 19.7, "active_mesh_zscore": -0.5319, "hotspot_class": "other_active", "mesh_500m_center_lat": 33.868750000000006, "mesh_500m_center_lon": 132.70937499999997}, "geometry": {"type": "Polygon", "coordinates": [[[132.70624999999998, 33.86666666666667], [132.71249999999998, 33.86666666666667], [132.71249999999998, 33.87083333333334], [132.70624999999998, 33.87083333333334], [132.70624999999998, 33.86666666666667]]]}}, {"type": "Feature", "properties": {"window_end_month": "2025-10", "window_start_month": "2024-11", "mesh_500m": "503265471", "new_restaurant_permits_12m": 1, "active_mesh_rank": 108, "active_mesh_percentile": 18.94, "active_mesh_zscore": -0.5319, "hotspot_class": "other_active", "mesh_500m_center_lat": 33.868750000000006, "mesh_500m_center_lon": 132.715625}, "geometry": {"type": "Polygon", "coordinates": [[[132.7125, 33.86666666666667], [132.71875, 33.86666666666667], [132.71875, 33.87083333333334], [132.7125, 33.87083333333334], [132.7125, 33.86666666666667]]]}}, {"type": "Feature", "properties": {"window_end_month": "2025-10", "window_start_month": "2024-11", "mesh_500m": "503265472", "new_restaurant_permits_12m": 1, "active_mesh_rank": 109, "active_mesh_percentile": 18.18, "active_mesh_zscore": -0.5319, "hotspot_class": "other_active", "mesh_500m_center_lat": 33.868750000000006, "mesh_500m_center_lon": 132.721875}, "geometry": {"type": "Polygon", "coordinates": [[[132.71875, 33.86666666666667], [132.725, 33.86666666666667], [132.725, 33.87083333333334], [132.71875, 33.87083333333334], [132.71875, 33.86666666666667]]]}}, {"type": "Feature", "properties": {"window_end_month": "2025-10", "window_start_month": "2024-11", "mesh_500m": "503265474", "new_restaurant_permits_12m": 1, "active_mesh_rank": 110, "active_mesh_percentile": 17.42, "active_mesh_zscore": -0.5319, "hotspot_class": "other_active", "mesh_500m_center_lat": 33.87291666666667, "mesh_500m_center_lon": 132.721875}, "geometry": {"type": "Polygon", "coordinates": [[[132.71875, 33.87083333333334], [132.725, 33.87083333333334], [132.725, 33.87500000000001], [132.71875, 33.87500000000001], [132.71875, 33.87083333333334]]]}}, {"type": "Feature", "properties": {"window_end_month": "2025-10", "window_start_month": "2024-11", "mesh_500m": "503265481", "new_restaurant_permits_12m": 1, "active_mesh_rank": 111, "active_mesh_percentile": 16.67, "active_mesh_zscore": -0.5319, "hotspot_class": "other_active", "mesh_500m_center_lat": 33.868750000000006, "mesh_500m_center_lon": 132.72812499999998}, "geometry": {"type": "Polygon", "coordinates": [[[132.725, 33.86666666666667], [132.73125, 33.86666666666667], [132.73125, 33.87083333333334], [132.725, 33.87083333333334], [132.725, 33.86666666666667]]]}}, {"type": "Feature", "properties": {"window_end_month": "2025-10", "window_start_month": "2024-11", "mesh_500m": "503265492", "new_restaurant_permits_12m": 1, "active_mesh_rank": 112, "active_mesh_percentile": 15.91, "active_mesh_zscore": -0.5319, "hotspot_class": "other_active", "mesh_500m_center_lat": 33.868750000000006, "mesh_500m_center_lon": 132.746875}, "geometry": {"type": "Polygon", "coordinates": [[[132.74375, 33.86666666666667], [132.75, 33.86666666666667], [132.75, 33.87083333333334], [132.74375, 33.87083333333334], [132.74375, 33.86666666666667]]]}}, {"type": "Feature", "properties": {"window_end_month": "2025-10", "window_start_month": "2024-11", "mesh_500m": "503265661", "new_restaurant_permits_12m": 1, "active_mesh_rank": 113, "active_mesh_percentile": 15.15, "active_mesh_zscore": -0.5319, "hotspot_class": "other_active", "mesh_500m_center_lat": 33.88541666666667, "mesh_500m_center_lon": 132.703125}, "geometry": {"type": "Polygon", "coordinates": [[[132.7, 33.88333333333333], [132.70624999999998, 33.88333333333333], [132.70624999999998, 33.8875], [132.7, 33.8875], [132.7, 33.88333333333333]]]}}, {"type": "Feature", "properties": {"window_end_month": "2025-10", "window_start_month": "2024-11", "mesh_500m": "503265792", "new_restaurant_permits_12m": 1, "active_mesh_rank": 114, "active_mesh_percentile": 14.39, "active_mesh_zscore": -0.5319, "hotspot_class": "other_active", "mesh_500m_center_lat": 33.89375, "mesh_500m_center_lon": 132.746875}, "geometry": {"type": "Polygon", "coordinates": [[[132.74375, 33.891666666666666], [132.75, 33.891666666666666], [132.75, 33.895833333333336], [132.74375, 33.895833333333336], [132.74375, 33.891666666666666]]]}}, {"type": "Feature", "properties": {"window_end_month": "2025-10", "window_start_month": "2024-11", "mesh_500m": "503265882", "new_restaurant_permits_12m": 1, "active_mesh_rank": 115, "active_mesh_percentile": 13.64, "active_mesh_zscore": -0.5319, "hotspot_class": "other_active", "mesh_500m_center_lat": 33.90208333333334, "mesh_500m_center_lon": 132.734375}, "geometry": {"type": "Polygon", "coordinates": [[[132.73125, 33.900000000000006], [132.73749999999998, 33.900000000000006], [132.73749999999998, 33.904166666666676], [132.73125, 33.904166666666676], [132.73125, 33.900000000000006]]]}}, {"type": "Feature", "properties": {"window_end_month": "2025-10", "window_start_month": "2024-11", "mesh_500m": "503266001", "new_restaurant_permits_12m": 1, "active_mesh_rank": 116, "active_mesh_percentile": 12.88, "active_mesh_zscore": -0.5319, "hotspot_class": "other_active", "mesh_500m_center_lat": 33.835416666666674, "mesh_500m_center_lon": 132.753125}, "geometry": {"type": "Polygon", "coordinates": [[[132.75, 33.833333333333336], [132.75625, 33.833333333333336], [132.75625, 33.837500000000006], [132.75, 33.837500000000006], [132.75, 33.833333333333336]]]}}, {"type": "Feature", "properties": {"window_end_month": "2025-10", "window_start_month": "2024-11", "mesh_500m": "503266031", "new_restaurant_permits_12m": 1, "active_mesh_rank": 117, "active_mesh_percentile": 12.12, "active_mesh_zscore": -0.5319, "hotspot_class": "other_active", "mesh_500m_center_lat": 33.835416666666674, "mesh_500m_center_lon": 132.79062499999998}, "geometry": {"type": "Polygon", "coordinates": [[[132.7875, 33.833333333333336], [132.79375, 33.833333333333336], [132.79375, 33.837500000000006], [132.7875, 33.837500000000006], [132.7875, 33.833333333333336]]]}}, {"type": "Feature", "properties": {"window_end_month": "2025-10", "window_start_month": "2024-11", "mesh_500m": "503266122", "new_restaurant_permits_12m": 1, "active_mesh_rank": 118, "active_mesh_percentile": 11.36, "active_mesh_zscore": -0.5319, "hotspot_class": "other_active", "mesh_500m_center_lat": 33.84375, "mesh_500m_center_lon": 132.784375}, "geometry": {"type": "Polygon", "coordinates": [[[132.78125, 33.84166666666667], [132.7875, 33.84166666666667], [132.7875, 33.84583333333334], [132.78125, 33.84583333333334], [132.78125, 33.84166666666667]]]}}, {"type": "Feature", "properties": {"window_end_month": "2025-10", "window_start_month": "2024-11", "mesh_500m": "503266132", "new_restaurant_permits_12m": 1, "active_mesh_rank": 119, "active_mesh_percentile": 10.61, "active_mesh_zscore": -0.5319, "hotspot_class": "other_active", "mesh_500m_center_lat": 33.84375, "mesh_500m_center_lon": 132.796875}, "geometry": {"type": "Polygon", "coordinates": [[[132.79375, 33.84166666666667], [132.79999999999998, 33.84166666666667], [132.79999999999998, 33.84583333333334], [132.79375, 33.84583333333334], [132.79375, 33.84166666666667]]]}}, {"type": "Feature", "properties": {"window_end_month": "2025-10", "window_start_month": "2024-11", "mesh_500m": "503266133", "new_restaurant_permits_12m": 1, "active_mesh_rank": 120, "active_mesh_percentile": 9.85, "active_mesh_zscore": -0.5319, "hotspot_class": "other_active", "mesh_500m_center_lat": 33.84791666666668, "mesh_500m_center_lon": 132.79062499999998}, "geometry": {"type": "Polygon", "coordinates": [[[132.7875, 33.84583333333334], [132.79375, 33.84583333333334], [132.79375, 33.85000000000001], [132.7875, 33.85000000000001], [132.7875, 33.84583333333334]]]}}, {"type": "Feature", "properties": {"window_end_month": "2025-10", "window_start_month": "2024-11", "mesh_500m": "503266143", "new_restaurant_permits_12m": 1, "active_mesh_rank": 121, "active_mesh_percentile": 9.09, "active_mesh_zscore": -0.5319, "hotspot_class": "other_active", "mesh_500m_center_lat": 33.84791666666668, "mesh_500m_center_lon": 132.80312500000002}, "geometry": {"type": "Polygon", "coordinates": [[[132.8, 33.84583333333334], [132.80625, 33.84583333333334], [132.80625, 33.85000000000001], [132.8, 33.85000000000001], [132.8, 33.84583333333334]]]}}, {"type": "Feature", "properties": {"window_end_month": "2025-10", "window_start_month": "2024-11", "mesh_500m": "503266201", "new_restaurant_permits_12m": 1, "active_mesh_rank": 122, "active_mesh_percentile": 8.33, "active_mesh_zscore": -0.5319, "hotspot_class": "other_active", "mesh_500m_center_lat": 33.85208333333334, "mesh_500m_center_lon": 132.753125}, "geometry": {"type": "Polygon", "coordinates": [[[132.75, 33.85], [132.75625, 33.85], [132.75625, 33.85416666666667], [132.75, 33.85416666666667], [132.75, 33.85]]]}}, {"type": "Feature", "properties": {"window_end_month": "2025-10", "window_start_month": "2024-11", "mesh_500m": "503266302", "new_restaurant_permits_12m": 1, "active_mesh_rank": 123, "active_mesh_percentile": 7.58, "active_mesh_zscore": -0.5319, "hotspot_class": "other_active", "mesh_500m_center_lat": 33.860416666666666, "mesh_500m_center_lon": 132.75937499999998}, "geometry": {"type": "Polygon", "coordinates": [[[132.75625, 33.858333333333334], [132.7625, 33.858333333333334], [132.7625, 33.862500000000004], [132.75625, 33.862500000000004], [132.75625, 33.858333333333334]]]}}, {"type": "Feature", "properties": {"window_end_month": "2025-10", "window_start_month": "2024-11", "mesh_500m": "503266304", "new_restaurant_permits_12m": 1, "active_mesh_rank": 124, "active_mesh_percentile": 6.82, "active_mesh_zscore": -0.5319, "hotspot_class": "other_active", "mesh_500m_center_lat": 33.86458333333334, "mesh_500m_center_lon": 132.75937499999998}, "geometry": {"type": "Polygon", "coordinates": [[[132.75625, 33.862500000000004], [132.7625, 33.862500000000004], [132.7625, 33.866666666666674], [132.75625, 33.866666666666674], [132.75625, 33.862500000000004]]]}}, {"type": "Feature", "properties": {"window_end_month": "2025-10", "window_start_month": "2024-11", "mesh_500m": "503266403", "new_restaurant_permits_12m": 1, "active_mesh_rank": 125, "active_mesh_percentile": 6.06, "active_mesh_zscore": -0.5319, "hotspot_class": "other_active", "mesh_500m_center_lat": 33.87291666666667, "mesh_500m_center_lon": 132.753125}, "geometry": {"type": "Polygon", "coordinates": [[[132.75, 33.87083333333334], [132.75625, 33.87083333333334], [132.75625, 33.87500000000001], [132.75, 33.87500000000001], [132.75, 33.87083333333334]]]}}, {"type": "Feature", "properties": {"window_end_month": "2025-10", "window_start_month": "2024-11", "mesh_500m": "503274482", "new_restaurant_permits_12m": 1, "active_mesh_rank": 126, "active_mesh_percentile": 5.3, "active_mesh_zscore": -0.5319, "hotspot_class": "other_active", "mesh_500m_center_lat": 33.952083333333334, "mesh_500m_center_lon": 132.609375}, "geometry": {"type": "Polygon", "coordinates": [[[132.60625, 33.95], [132.61249999999998, 33.95], [132.61249999999998, 33.95416666666667], [132.60625, 33.95416666666667], [132.60625, 33.95]]]}}, {"type": "Feature", "properties": {"window_end_month": "2025-10", "window_start_month": "2024-11", "mesh_500m": "503275403", "new_restaurant_permits_12m": 1, "active_mesh_rank": 127, "active_mesh_percentile": 4.55, "active_mesh_zscore": -0.5319, "hotspot_class": "other_active", "mesh_500m_center_lat": 33.95625000000001, "mesh_500m_center_lon": 132.628125}, "geometry": {"type": "Polygon", "coordinates": [[[132.625, 33.95416666666667], [132.63125, 33.95416666666667], [132.63125, 33.95833333333334], [132.625, 33.95833333333334], [132.625, 33.95416666666667]]]}}, {"type": "Feature", "properties": {"window_end_month": "2025-10", "window_start_month": "2024-11", "mesh_500m": "503275501", "new_restaurant_permits_12m": 1, "active_mesh_rank": 128, "active_mesh_percentile": 3.79, "active_mesh_zscore": -0.5319, "hotspot_class": "other_active", "mesh_500m_center_lat": 33.960416666666674, "mesh_500m_center_lon": 132.628125}, "geometry": {"type": "Polygon", "coordinates": [[[132.625, 33.958333333333336], [132.63125, 33.958333333333336], [132.63125, 33.962500000000006], [132.625, 33.962500000000006], [132.625, 33.958333333333336]]]}}, {"type": "Feature", "properties": {"window_end_month": "2025-10", "window_start_month": "2024-11", "mesh_500m": "503275701", "new_restaurant_permits_12m": 1, "active_mesh_rank": 129, "active_mesh_percentile": 3.03, "active_mesh_zscore": -0.5319, "hotspot_class": "other_active", "mesh_500m_center_lat": 33.97708333333334, "mesh_500m_center_lon": 132.628125}, "geometry": {"type": "Polygon", "coordinates": [[[132.625, 33.975], [132.63125, 33.975], [132.63125, 33.97916666666667], [132.625, 33.97916666666667], [132.625, 33.975]]]}}, {"type": "Feature", "properties": {"window_end_month": "2025-10", "window_start_month": "2024-11", "mesh_500m": "503276412", "new_restaurant_permits_12m": 1, "active_mesh_rank": 130, "active_mesh_percentile": 2.27, "active_mesh_zscore": -0.5319, "hotspot_class": "other_active", "mesh_500m_center_lat": 33.952083333333334, "mesh_500m_center_lon": 132.77187499999997}, "geometry": {"type": "Polygon", "coordinates": [[[132.76874999999998, 33.95], [132.77499999999998, 33.95], [132.77499999999998, 33.95416666666667], [132.76874999999998, 33.95416666666667], [132.76874999999998, 33.95]]]}}, {"type": "Feature", "properties": {"window_end_month": "2025-10", "window_start_month": "2024-11", "mesh_500m": "503276522", "new_restaurant_permits_12m": 1, "active_mesh_rank": 131, "active_mesh_percentile": 1.52, "active_mesh_zscore": -0.5319, "hotspot_class": "other_active", "mesh_500m_center_lat": 33.960416666666674, "mesh_500m_center_lon": 132.784375}, "geometry": {"type": "Polygon", "coordinates": [[[132.78125, 33.958333333333336], [132.7875, 33.958333333333336], [132.7875, 33.962500000000006], [132.78125, 33.962500000000006], [132.78125, 33.958333333333336]]]}}, {"type": "Feature", "properties": {"window_end_month": "2025-10", "window_start_month": "2024-11", "mesh_500m": "503276712", "new_restaurant_permits_12m": 1, "active_mesh_rank": 132, "active_mesh_percentile": 0.76, "active_mesh_zscore": -0.5319, "hotspot_class": "other_active", "mesh_500m_center_lat": 33.97708333333334, "mesh_500m_center_lon": 132.77187499999997}, "geometry": {"type": "Polygon", "coordinates": [[[132.76874999999998, 33.975], [132.77499999999998, 33.975], [132.77499999999998, 33.97916666666667], [132.76874999999998, 33.97916666666667], [132.76874999999998, 33.975]]]}}, {"type": "Feature", "properties": {"window_end_month": "2025-11", "window_start_month": "2024-12", "mesh_500m": "503266222", "new_restaurant_permits_12m": 32, "active_mesh_rank": 1, "active_mesh_percentile": 100.0, "active_mesh_zscore": 9.6231, "hotspot_class": "top_5pct_active", "mesh_500m_center_lat": 33.85208333333334, "mesh_500m_center_lon": 132.784375}, "geometry": {"type": "Polygon", "coordinates": [[[132.78125, 33.85], [132.7875, 33.85], [132.7875, 33.85416666666667], [132.78125, 33.85416666666667], [132.78125, 33.85]]]}}, {"type": "Feature", "properties": {"window_end_month": "2025-11", "window_start_month": "2024-12", "mesh_500m": "503256823", "new_restaurant_permits_12m": 9, "active_mesh_rank": 2, "active_mesh_percentile": 99.23, "active_mesh_zscore": 2.1612, "hotspot_class": "top_5pct_active", "mesh_500m_center_lat": 33.82291666666667, "mesh_500m_center_lon": 132.778125}, "geometry": {"type": "Polygon", "coordinates": [[[132.775, 33.82083333333334], [132.78125, 33.82083333333334], [132.78125, 33.82500000000001], [132.775, 33.82500000000001], [132.775, 33.82083333333334]]]}}, {"type": "Feature", "properties": {"window_end_month": "2025-11", "window_start_month": "2024-12", "mesh_500m": "503256814", "new_restaurant_permits_12m": 8, "active_mesh_rank": 3, "active_mesh_percentile": 98.46, "active_mesh_zscore": 1.8368, "hotspot_class": "top_5pct_active", "mesh_500m_center_lat": 33.82291666666667, "mesh_500m_center_lon": 132.77187499999997}, "geometry": {"type": "Polygon", "coordinates": [[[132.76874999999998, 33.82083333333334], [132.77499999999998, 33.82083333333334], [132.77499999999998, 33.82500000000001], [132.76874999999998, 33.82500000000001], [132.76874999999998, 33.82083333333334]]]}}, {"type": "Feature", "properties": {"window_end_month": "2025-11", "window_start_month": "2024-12", "mesh_500m": "503265373", "new_restaurant_permits_12m": 7, "active_mesh_rank": 4, "active_mesh_percentile": 97.69, "active_mesh_zscore": 1.5123, "hotspot_class": "top_5pct_active", "mesh_500m_center_lat": 33.86458333333334, "mesh_500m_center_lon": 132.715625}, "geometry": {"type": "Polygon", "coordinates": [[[132.7125, 33.862500000000004], [132.71875, 33.862500000000004], [132.71875, 33.866666666666674], [132.7125, 33.866666666666674], [132.7125, 33.862500000000004]]]}}, {"type": "Feature", "properties": {"window_end_month": "2025-11", "window_start_month": "2024-12", "mesh_500m": "503255971", "new_restaurant_permits_12m": 6, "active_mesh_rank": 5, "active_mesh_percentile": 96.92, "active_mesh_zscore": 1.1879, "hotspot_class": "top_5pct_active", "mesh_500m_center_lat": 33.827083333333334, "mesh_500m_center_lon": 132.715625}, "geometry": {"type": "Polygon", "coordinates": [[[132.7125, 33.825], [132.71875, 33.825], [132.71875, 33.82916666666667], [132.7125, 33.82916666666667], [132.7125, 33.825]]]}}, {"type": "Feature", "properties": {"window_end_month": "2025-11", "window_start_month": "2024-12", "mesh_500m": "503256712", "new_restaurant_permits_12m": 6, "active_mesh_rank": 6, "active_mesh_percentile": 96.15, "active_mesh_zscore": 1.1879, "hotspot_class": "top_5pct_active", "mesh_500m_center_lat": 33.81041666666667, "mesh_500m_center_lon": 132.77187499999997}, "geometry": {"type": "Polygon", "coordinates": [[[132.76874999999998, 33.80833333333333], [132.77499999999998, 33.80833333333333], [132.77499999999998, 33.8125], [132.76874999999998, 33.8125], [132.76874999999998, 33.80833333333333]]]}}, {"type": "Feature", "properties": {"window_end_month": "2025-11", "window_start_month": "2024-12", "mesh_500m": "503256803", "new_restaurant_permits_12m": 6, "active_mesh_rank": 7, "active_mesh_percentile": 95.38, "active_mesh_zscore": 1.1879, "hotspot_class": "top_5pct_active", "mesh_500m_center_lat": 33.82291666666667, "mesh_500m_center_lon": 132.753125}, "geometry": {"type": "Polygon", "coordinates": [[[132.75, 33.82083333333334], [132.75625, 33.82083333333334], [132.75625, 33.82500000000001], [132.75, 33.82500000000001], [132.75, 33.82083333333334]]]}}, {"type": "Feature", "properties": {"window_end_month": "2025-11", "window_start_month": "2024-12", "mesh_500m": "503256923", "new_restaurant_permits_12m": 6, "active_mesh_rank": 8, "active_mesh_percentile": 94.62, "active_mesh_zscore": 1.1879, "hotspot_class": "top_20pct_active", "mesh_500m_center_lat": 33.83125000000001, "mesh_500m_center_lon": 132.778125}, "geometry": {"type": "Polygon", "coordinates": [[[132.775, 33.82916666666667], [132.78125, 33.82916666666667], [132.78125, 33.83333333333334], [132.775, 33.83333333333334], [132.775, 33.82916666666667]]]}}, {"type": "Feature", "properties": {"window_end_month": "2025-11", "window_start_month": "2024-12", "mesh_500m": "503256732", "new_restaurant_permits_12m": 5, "active_mesh_rank": 9, "active_mesh_percentile": 93.85, "active_mesh_zscore": 0.8635, "hotspot_class": "top_20pct_active", "mesh_500m_center_lat": 33.81041666666667, "mesh_500m_center_lon": 132.796875}, "geometry": {"type": "Polygon", "coordinates": [[[132.79375, 33.80833333333333], [132.79999999999998, 33.80833333333333], [132.79999999999998, 33.8125], [132.79375, 33.8125], [132.79375, 33.80833333333333]]]}}, {"type": "Feature", "properties": {"window_end_month": "2025-11", "window_start_month": "2024-12", "mesh_500m": "503265372", "new_restaurant_permits_12m": 5, "active_mesh_rank": 10, "active_mesh_percentile": 93.08, "active_mesh_zscore": 0.8635, "hotspot_class": "top_20pct_active", "mesh_500m_center_lat": 33.860416666666666, "mesh_500m_center_lon": 132.721875}, "geometry": {"type": "Polygon", "coordinates": [[[132.71875, 33.858333333333334], [132.725, 33.858333333333334], [132.725, 33.862500000000004], [132.71875, 33.862500000000004], [132.71875, 33.858333333333334]]]}}, {"type": "Feature", "properties": {"window_end_month": "2025-11", "window_start_month": "2024-12", "mesh_500m": "503266022", "new_restaurant_permits_12m": 5, "active_mesh_rank": 11, "active_mesh_percentile": 92.31, "active_mesh_zscore": 0.8635, "hotspot_class": "top_20pct_active", "mesh_500m_center_lat": 33.835416666666674, "mesh_500m_center_lon": 132.784375}, "geometry": {"type": "Polygon", "coordinates": [[[132.78125, 33.833333333333336], [132.7875, 33.833333333333336], [132.7875, 33.837500000000006], [132.78125, 33.837500000000006], [132.78125, 33.833333333333336]]]}}, {"type": "Feature", "properties": {"window_end_month": "2025-11", "window_start_month": "2024-12", "mesh_500m": "503266101", "new_restaurant_permits_12m": 5, "active_mesh_rank": 12, "active_mesh_percentile": 91.54, "active_mesh_zscore": 0.8635, "hotspot_class": "top_20pct_active", "mesh_500m_center_lat": 33.84375, "mesh_500m_center_lon": 132.753125}, "geometry": {"type": "Polygon", "coordinates": [[[132.75, 33.84166666666667], [132.75625, 33.84166666666667], [132.75625, 33.84583333333334], [132.75, 33.84583333333334], [132.75, 33.84166666666667]]]}}, {"type": "Feature", "properties": {"window_end_month": "2025-11", "window_start_month": "2024-12", "mesh_500m": "503266203", "new_restaurant_permits_12m": 5, "active_mesh_rank": 13, "active_mesh_percentile": 90.77, "active_mesh_zscore": 0.8635, "hotspot_class": "top_20pct_active", "mesh_500m_center_lat": 33.85625, "mesh_500m_center_lon": 132.753125}, "geometry": {"type": "Polygon", "coordinates": [[[132.75, 33.85416666666667], [132.75625, 33.85416666666667], [132.75625, 33.85833333333334], [132.75, 33.85833333333334], [132.75, 33.85416666666667]]]}}, {"type": "Feature", "properties": {"window_end_month": "2025-11", "window_start_month": "2024-12", "mesh_500m": "503266231", "new_restaurant_permits_12m": 5, "active_mesh_rank": 14, "active_mesh_percentile": 90.0, "active_mesh_zscore": 0.8635, "hotspot_class": "top_20pct_active", "mesh_500m_center_lat": 33.85208333333334, "mesh_500m_center_lon": 132.79062499999998}, "geometry": {"type": "Polygon", "coordinates": [[[132.7875, 33.85], [132.79375, 33.85], [132.79375, 33.85416666666667], [132.7875, 33.85416666666667], [132.7875, 33.85]]]}}, {"type": "Feature", "properties": {"window_end_month": "2025-11", "window_start_month": "2024-12", "mesh_500m": "503266301", "new_restaurant_permits_12m": 5, "active_mesh_rank": 15, "active_mesh_percentile": 89.23, "active_mesh_zscore": 0.8635, "hotspot_class": "top_20pct_active", "mesh_500m_center_lat": 33.860416666666666, "mesh_500m_center_lon": 132.753125}, "geometry": {"type": "Polygon", "coordinates": [[[132.75, 33.858333333333334], [132.75625, 33.858333333333334], [132.75625, 33.862500000000004], [132.75, 33.862500000000004], [132.75, 33.858333333333334]]]}}, {"type": "Feature", "properties": {"window_end_month": "2025-11", "window_start_month": "2024-12", "mesh_500m": "503255992", "new_restaurant_permits_12m": 4, "active_mesh_rank": 16, "active_mesh_percentile": 88.46, "active_mesh_zscore": 0.5391, "hotspot_class": "top_20pct_active", "mesh_500m_center_lat": 33.827083333333334, "mesh_500m_center_lon": 132.746875}, "geometry": {"type": "Polygon", "coordinates": [[[132.74375, 33.825], [132.75, 33.825], [132.75, 33.82916666666667], [132.74375, 33.82916666666667], [132.74375, 33.825]]]}}, {"type": "Feature", "properties": {"window_end_month": "2025-11", "window_start_month": "2024-12", "mesh_500m": "503256711", "new_restaurant_permits_12m": 4, "active_mesh_rank": 17, "active_mesh_percentile": 87.69, "active_mesh_zscore": 0.5391, "hotspot_class": "top_20pct_active", "mesh_500m_center_lat": 33.81041666666667, "mesh_500m_center_lon": 132.765625}, "geometry": {"type": "Polygon", "coordinates": [[[132.7625, 33.80833333333333], [132.76874999999998, 33.80833333333333], [132.76874999999998, 33.8125], [132.7625, 33.8125], [132.7625, 33.80833333333333]]]}}, {"type": "Feature", "properties": {"window_end_month": "2025-11", "window_start_month": "2024-12", "mesh_500m": "503256721", "new_restaurant_permits_12m": 4, "active_mesh_rank": 18, "active_mesh_percentile": 86.92, "active_mesh_zscore": 0.5391, "hotspot_class": "top_20pct_active", "mesh_500m_center_lat": 33.81041666666667, "mesh_500m_center_lon": 132.778125}, "geometry": {"type": "Polygon", "coordinates": [[[132.775, 33.80833333333333], [132.78125, 33.80833333333333], [132.78125, 33.8125], [132.775, 33.8125], [132.775, 33.80833333333333]]]}}, {"type": "Feature", "properties": {"window_end_month": "2025-11", "window_start_month": "2024-12", "mesh_500m": "503256902", "new_restaurant_permits_12m": 4, "active_mesh_rank": 19, "active_mesh_percentile": 86.15, "active_mesh_zscore": 0.5391, "hotspot_class": "top_20pct_active", "mesh_500m_center_lat": 33.827083333333334, "mesh_500m_center_lon": 132.75937499999998}, "geometry": {"type": "Polygon", "coordinates": [[[132.75625, 33.825], [132.7625, 33.825], [132.7625, 33.82916666666667], [132.75625, 33.82916666666667], [132.75625, 33.825]]]}}, {"type": "Feature", "properties": {"window_end_month": "2025-11", "window_start_month": "2024-12", "mesh_500m": "503256931", "new_restaurant_permits_12m": 4, "active_mesh_rank": 20, "active_mesh_percentile": 85.38, "active_mesh_zscore": 0.5391, "hotspot_class": "top_20pct_active", "mesh_500m_center_lat": 33.827083333333334, "mesh_500m_center_lon": 132.79062499999998}, "geometry": {"type": "Polygon", "coordinates": [[[132.7875, 33.825], [132.79375, 33.825], [132.79375, 33.82916666666667], [132.7875, 33.82916666666667], [132.7875, 33.825]]]}}, {"type": "Feature", "properties": {"window_end_month": "2025-11", "window_start_month": "2024-12", "mesh_500m": "503256934", "new_restaurant_permits_12m": 4, "active_mesh_rank": 21, "active_mesh_percentile": 84.62, "active_mesh_zscore": 0.5391, "hotspot_class": "top_20pct_active", "mesh_500m_center_lat": 33.83125000000001, "mesh_500m_center_lon": 132.796875}, "geometry": {"type": "Polygon", "coordinates": [[[132.79375, 33.82916666666667], [132.79999999999998, 33.82916666666667], [132.79999999999998, 33.83333333333334], [132.79375, 33.83333333333334], [132.79375, 33.82916666666667]]]}}, {"type": "Feature", "properties": {"window_end_month": "2025-11", "window_start_month": "2024-12", "mesh_500m": "503265381", "new_restaurant_permits_12m": 4, "active_mesh_rank": 22, "active_mesh_percentile": 83.85, "active_mesh_zscore": 0.5391, "hotspot_class": "top_20pct_active", "mesh_500m_center_lat": 33.860416666666666, "mesh_500m_center_lon": 132.72812499999998}, "geometry": {"type": "Polygon", "coordinates": [[[132.725, 33.858333333333334], [132.73125, 33.858333333333334], [132.73125, 33.862500000000004], [132.725, 33.862500000000004], [132.725, 33.858333333333334]]]}}, {"type": "Feature", "properties": {"window_end_month": "2025-11", "window_start_month": "2024-12", "mesh_500m": "503266024", "new_restaurant_permits_12m": 4, "active_mesh_rank": 23, "active_mesh_percentile": 83.08, "active_mesh_zscore": 0.5391, "hotspot_class": "top_20pct_active", "mesh_500m_center_lat": 33.83958333333334, "mesh_500m_center_lon": 132.784375}, "geometry": {"type": "Polygon", "coordinates": [[[132.78125, 33.837500000000006], [132.7875, 33.837500000000006], [132.7875, 33.841666666666676], [132.78125, 33.841666666666676], [132.78125, 33.837500000000006]]]}}, {"type": "Feature", "properties": {"window_end_month": "2025-11", "window_start_month": "2024-12", "mesh_500m": "503255782", "new_restaurant_permits_12m": 3, "active_mesh_rank": 24, "active_mesh_percentile": 82.31, "active_mesh_zscore": 0.2146, "hotspot_class": "top_20pct_active", "mesh_500m_center_lat": 33.81041666666667, "mesh_500m_center_lon": 132.734375}, "geometry": {"type": "Polygon", "coordinates": [[[132.73125, 33.80833333333333], [132.73749999999998, 33.80833333333333], [132.73749999999998, 33.8125], [132.73125, 33.8125], [132.73125, 33.80833333333333]]]}}, {"type": "Feature", "properties": {"window_end_month": "2025-11", "window_start_month": "2024-12", "mesh_500m": "503256634", "new_restaurant_permits_12m": 3, "active_mesh_rank": 25, "active_mesh_percentile": 81.54, "active_mesh_zscore": 0.2146, "hotspot_class": "top_20pct_active", "mesh_500m_center_lat": 33.806250000000006, "mesh_500m_center_lon": 132.796875}, "geometry": {"type": "Polygon", "coordinates": [[[132.79375, 33.80416666666667], [132.79999999999998, 33.80416666666667], [132.79999999999998, 33.80833333333334], [132.79375, 33.80833333333334], [132.79375, 33.80416666666667]]]}}, {"type": "Feature", "properties": {"window_end_month": "2025-11", "window_start_month": "2024-12", "mesh_500m": "503256704", "new_restaurant_permits_12m": 3, "active_mesh_rank": 26, "active_mesh_percentile": 80.77, "active_mesh_zscore": 0.2146, "hotspot_class": "top_20pct_active", "mesh_500m_center_lat": 33.81458333333333, "mesh_500m_center_lon": 132.75937499999998}, "geometry": {"type": "Polygon", "coordinates": [[[132.75625, 33.8125], [132.7625, 33.8125], [132.7625, 33.81666666666667], [132.75625, 33.81666666666667], [132.75625, 33.8125]]]}}, {"type": "Feature", "properties": {"window_end_month": "2025-11", "window_start_month": "2024-12", "mesh_500m": "503256914", "new_restaurant_permits_12m": 3, "active_mesh_rank": 27, "active_mesh_percentile": 80.0, "active_mesh_zscore": 0.2146, "hotspot_class": "top_20pct_active", "mesh_500m_center_lat": 33.83125000000001, "mesh_500m_center_lon": 132.77187499999997}, "geometry": {"type": "Polygon", "coordinates": [[[132.76874999999998, 33.82916666666667], [132.77499999999998, 33.82916666666667], [132.77499999999998, 33.83333333333334], [132.76874999999998, 33.83333333333334], [132.76874999999998, 33.82916666666667]]]}}, {"type": "Feature", "properties": {"window_end_month": "2025-11", "window_start_month": "2024-12", "mesh_500m": "503265283", "new_restaurant_permits_12m": 3, "active_mesh_rank": 28, "active_mesh_percentile": 79.23, "active_mesh_zscore": 0.2146, "hotspot_class": "other_active", "mesh_500m_center_lat": 33.85625, "mesh_500m_center_lon": 132.72812499999998}, "geometry": {"type": "Polygon", "coordinates": [[[132.725, 33.85416666666667], [132.73125, 33.85416666666667], [132.73125, 33.85833333333334], [132.725, 33.85833333333334], [132.725, 33.85416666666667]]]}}, {"type": "Feature", "properties": {"window_end_month": "2025-11", "window_start_month": "2024-12", "mesh_500m": "503265292", "new_restaurant_permits_12m": 3, "active_mesh_rank": 29, "active_mesh_percentile": 78.46, "active_mesh_zscore": 0.2146, "hotspot_class": "other_active", "mesh_500m_center_lat": 33.85208333333334, "mesh_500m_center_lon": 132.746875}, "geometry": {"type": "Polygon", "coordinates": [[[132.74375, 33.85], [132.75, 33.85], [132.75, 33.85416666666667], [132.74375, 33.85416666666667], [132.74375, 33.85]]]}}, {"type": "Feature", "properties": {"window_end_month": "2025-11", "window_start_month": "2024-12", "mesh_500m": "503265371", "new_restaurant_permits_12m": 3, "active_mesh_rank": 30, "active_mesh_percentile": 77.69, "active_mesh_zscore": 0.2146, "hotspot_class": "other_active", "mesh_500m_center_lat": 33.860416666666666, "mesh_500m_center_lon": 132.715625}, "geometry": {"type": "Polygon", "coordinates": [[[132.7125, 33.858333333333334], [132.71875, 33.858333333333334], [132.71875, 33.862500000000004], [132.7125, 33.862500000000004], [132.7125, 33.858333333333334]]]}}, {"type": "Feature", "properties": {"window_end_month": "2025-11", "window_start_month": "2024-12", "mesh_500m": "503266221", "new_restaurant_permits_12m": 3, "active_mesh_rank": 31, "active_mesh_percentile": 76.92, "active_mesh_zscore": 0.2146, "hotspot_class": "other_active", "mesh_500m_center_lat": 33.85208333333334, "mesh_500m_center_lon": 132.778125}, "geometry": {"type": "Polygon", "coordinates": [[[132.775, 33.85], [132.78125, 33.85], [132.78125, 33.85416666666667], [132.775, 33.85416666666667], [132.775, 33.85]]]}}, {"type": "Feature", "properties": {"window_end_month": "2025-11", "window_start_month": "2024-12", "mesh_500m": "503266223", "new_restaurant_permits_12m": 3, "active_mesh_rank": 32, "active_mesh_percentile": 76.15, "active_mesh_zscore": 0.2146, "hotspot_class": "other_active", "mesh_500m_center_lat": 33.85625, "mesh_500m_center_lon": 132.778125}, "geometry": {"type": "Polygon", "coordinates": [[[132.775, 33.85416666666667], [132.78125, 33.85416666666667], [132.78125, 33.85833333333334], [132.775, 33.85833333333334], [132.775, 33.85416666666667]]]}}, {"type": "Feature", "properties": {"window_end_month": "2025-11", "window_start_month": "2024-12", "mesh_500m": "503266303", "new_restaurant_permits_12m": 3, "active_mesh_rank": 33, "active_mesh_percentile": 75.38, "active_mesh_zscore": 0.2146, "hotspot_class": "other_active", "mesh_500m_center_lat": 33.86458333333334, "mesh_500m_center_lon": 132.753125}, "geometry": {"type": "Polygon", "coordinates": [[[132.75, 33.862500000000004], [132.75625, 33.862500000000004], [132.75625, 33.866666666666674], [132.75, 33.866666666666674], [132.75, 33.862500000000004]]]}}, {"type": "Feature", "properties": {"window_end_month": "2025-11", "window_start_month": "2024-12", "mesh_500m": "503266401", "new_restaurant_permits_12m": 3, "active_mesh_rank": 34, "active_mesh_percentile": 74.62, "active_mesh_zscore": 0.2146, "hotspot_class": "other_active", "mesh_500m_center_lat": 33.868750000000006, "mesh_500m_center_lon": 132.753125}, "geometry": {"type": "Polygon", "coordinates": [[[132.75, 33.86666666666667], [132.75625, 33.86666666666667], [132.75625, 33.87083333333334], [132.75, 33.87083333333334], [132.75, 33.86666666666667]]]}}, {"type": "Feature", "properties": {"window_end_month": "2025-11", "window_start_month": "2024-12", "mesh_500m": "503276521", "new_restaurant_permits_12m": 3, "active_mesh_rank": 35, "active_mesh_percentile": 73.85, "active_mesh_zscore": 0.2146, "hotspot_class": "other_active", "mesh_500m_center_lat": 33.960416666666674, "mesh_500m_center_lon": 132.778125}, "geometry": {"type": "Polygon", "coordinates": [[[132.775, 33.958333333333336], [132.78125, 33.958333333333336], [132.78125, 33.962500000000006], [132.775, 33.962500000000006], [132.775, 33.958333333333336]]]}}, {"type": "Feature", "properties": {"window_end_month": "2025-11", "window_start_month": "2024-12", "mesh_500m": "503255683", "new_restaurant_permits_12m": 2, "active_mesh_rank": 36, "active_mesh_percentile": 73.08, "active_mesh_zscore": -0.1098, "hotspot_class": "other_active", "mesh_500m_center_lat": 33.806250000000006, "mesh_500m_center_lon": 132.72812499999998}, "geometry": {"type": "Polygon", "coordinates": [[[132.725, 33.80416666666667], [132.73125, 33.80416666666667], [132.73125, 33.80833333333334], [132.725, 33.80833333333334], [132.725, 33.80416666666667]]]}}, {"type": "Feature", "properties": {"window_end_month": "2025-11", "window_start_month": "2024-12", "mesh_500m": "503255982", "new_restaurant_permits_12m": 2, "active_mesh_rank": 37, "active_mesh_percentile": 72.31, "active_mesh_zscore": -0.1098, "hotspot_class": "other_active", "mesh_500m_center_lat": 33.827083333333334, "mesh_500m_center_lon": 132.734375}, "geometry": {"type": "Polygon", "coordinates": [[[132.73125, 33.825], [132.73749999999998, 33.825], [132.73749999999998, 33.82916666666667], [132.73125, 33.82916666666667], [132.73125, 33.825]]]}}, {"type": "Feature", "properties": {"window_end_month": "2025-11", "window_start_month": "2024-12", "mesh_500m": "503255983", "new_restaurant_permits_12m": 2, "active_mesh_rank": 38, "active_mesh_percentile": 71.54, "active_mesh_zscore": -0.1098, "hotspot_class": "other_active", "mesh_500m_center_lat": 33.83125000000001, "mesh_500m_center_lon": 132.72812499999998}, "geometry": {"type": "Polygon", "coordinates": [[[132.725, 33.82916666666667], [132.73125, 33.82916666666667], [132.73125, 33.83333333333334], [132.725, 33.83333333333334], [132.725, 33.82916666666667]]]}}, {"type": "Feature", "properties": {"window_end_month": "2025-11", "window_start_month": "2024-12", "mesh_500m": "503256702", "new_restaurant_permits_12m": 2, "active_mesh_rank": 39, "active_mesh_percentile": 70.77, "active_mesh_zscore": -0.1098, "hotspot_class": "other_active", "mesh_500m_center_lat": 33.81041666666667, "mesh_500m_center_lon": 132.75937499999998}, "geometry": {"type": "Polygon", "coordinates": [[[132.75625, 33.80833333333333], [132.7625, 33.80833333333333], [132.7625, 33.8125], [132.75625, 33.8125], [132.75625, 33.80833333333333]]]}}, {"type": "Feature", "properties": {"window_end_month": "2025-11", "window_start_month": "2024-12", "mesh_500m": "503256714", "new_restaurant_permits_12m": 2, "active_mesh_rank": 40, "active_mesh_percentile": 70.0, "active_mesh_zscore": -0.1098, "hotspot_class": "other_active", "mesh_500m_center_lat": 33.81458333333333, "mesh_500m_center_lon": 132.77187499999997}, "geometry": {"type": "Polygon", "coordinates": [[[132.76874999999998, 33.8125], [132.77499999999998, 33.8125], [132.77499999999998, 33.81666666666667], [132.76874999999998, 33.81666666666667], [132.76874999999998, 33.8125]]]}}, {"type": "Feature", "properties": {"window_end_month": "2025-11", "window_start_month": "2024-12", "mesh_500m": "503256741", "new_restaurant_permits_12m": 2, "active_mesh_rank": 41, "active_mesh_percentile": 69.23, "active_mesh_zscore": -0.1098, "hotspot_class": "other_active", "mesh_500m_center_lat": 33.81041666666667, "mesh_500m_center_lon": 132.80312500000002}, "geometry": {"type": "Polygon", "coordinates": [[[132.8, 33.80833333333333], [132.80625, 33.80833333333333], [132.80625, 33.8125], [132.8, 33.8125], [132.8, 33.80833333333333]]]}}, {"type": "Feature", "properties": {"window_end_month": "2025-11", "window_start_month": "2024-12", "mesh_500m": "503256802", "new_restaurant_permits_12m": 2, "active_mesh_rank": 42, "active_mesh_percentile": 68.46, "active_mesh_zscore": -0.1098, "hotspot_class": "other_active", "mesh_500m_center_lat": 33.81875000000001, "mesh_500m_center_lon": 132.75937499999998}, "geometry": {"type": "Polygon", "coordinates": [[[132.75625, 33.81666666666667], [132.7625, 33.81666666666667], [132.7625, 33.82083333333334], [132.75625, 33.82083333333334], [132.75625, 33.81666666666667]]]}}, {"type": "Feature", "properties": {"window_end_month": "2025-11", "window_start_month": "2024-12", "mesh_500m": "503256804", "new_restaurant_permits_12m": 2, "active_mesh_rank": 43, "active_mesh_percentile": 67.69, "active_mesh_zscore": -0.1098, "hotspot_class": "other_active", "mesh_500m_center_lat": 33.82291666666667, "mesh_500m_center_lon": 132.75937499999998}, "geometry": {"type": "Polygon", "coordinates": [[[132.75625, 33.82083333333334], [132.7625, 33.82083333333334], [132.7625, 33.82500000000001], [132.75625, 33.82500000000001], [132.75625, 33.82083333333334]]]}}, {"type": "Feature", "properties": {"window_end_month": "2025-11", "window_start_month": "2024-12", "mesh_500m": "503256811", "new_restaurant_permits_12m": 2, "active_mesh_rank": 44, "active_mesh_percentile": 66.92, "active_mesh_zscore": -0.1098, "hotspot_class": "other_active", "mesh_500m_center_lat": 33.81875000000001, "mesh_500m_center_lon": 132.765625}, "geometry": {"type": "Polygon", "coordinates": [[[132.7625, 33.81666666666667], [132.76874999999998, 33.81666666666667], [132.76874999999998, 33.82083333333334], [132.7625, 33.82083333333334], [132.7625, 33.81666666666667]]]}}, {"type": "Feature", "properties": {"window_end_month": "2025-11", "window_start_month": "2024-12", "mesh_500m": "503256911", "new_restaurant_permits_12m": 2, "active_mesh_rank": 45, "active_mesh_percentile": 66.15, "active_mesh_zscore": -0.1098, "hotspot_class": "other_active", "mesh_500m_center_lat": 33.827083333333334, "mesh_500m_center_lon": 132.765625}, "geometry": {"type": "Polygon", "coordinates": [[[132.7625, 33.825], [132.76874999999998, 33.825], [132.76874999999998, 33.82916666666667], [132.7625, 33.82916666666667], [132.7625, 33.825]]]}}, {"type": "Feature", "properties": {"window_end_month": "2025-11", "window_start_month": "2024-12", "mesh_500m": "503256924", "new_restaurant_permits_12m": 2, "active_mesh_rank": 46, "active_mesh_percentile": 65.38, "active_mesh_zscore": -0.1098, "hotspot_class": "other_active", "mesh_500m_center_lat": 33.83125000000001, "mesh_500m_center_lon": 132.784375}, "geometry": {"type": "Polygon", "coordinates": [[[132.78125, 33.82916666666667], [132.7875, 33.82916666666667], [132.7875, 33.83333333333334], [132.78125, 33.83333333333334], [132.78125, 33.82916666666667]]]}}, {"type": "Feature", "properties": {"window_end_month": "2025-11", "window_start_month": "2024-12", "mesh_500m": "503256933", "new_restaurant_permits_12m": 2, "active_mesh_rank": 47, "active_mesh_percentile": 64.62, "active_mesh_zscore": -0.1098, "hotspot_class": "other_active", "mesh_500m_center_lat": 33.83125000000001, "mesh_500m_center_lon": 132.79062499999998}, "geometry": {"type": "Polygon", "coordinates": [[[132.7875, 33.82916666666667], [132.79375, 33.82916666666667], [132.79375, 33.83333333333334], [132.7875, 33.83333333333334], [132.7875, 33.82916666666667]]]}}, {"type": "Feature", "properties": {"window_end_month": "2025-11", "window_start_month": "2024-12", "mesh_500m": "503265092", "new_restaurant_permits_12m": 2, "active_mesh_rank": 48, "active_mesh_percentile": 63.85, "active_mesh_zscore": -0.1098, "hotspot_class": "other_active", "mesh_500m_center_lat": 33.835416666666674, "mesh_500m_center_lon": 132.746875}, "geometry": {"type": "Polygon", "coordinates": [[[132.74375, 33.833333333333336], [132.75, 33.833333333333336], [132.75, 33.837500000000006], [132.74375, 33.837500000000006], [132.74375, 33.833333333333336]]]}}, {"type": "Feature", "properties": {"window_end_month": "2025-11", "window_start_month": "2024-12", "mesh_500m": "503265094", "new_restaurant_permits_12m": 2, "active_mesh_rank": 49, "active_mesh_percentile": 63.08, "active_mesh_zscore": -0.1098, "hotspot_class": "other_active", "mesh_500m_center_lat": 33.83958333333334, "mesh_500m_center_lon": 132.746875}, "geometry": {"type": "Polygon", "coordinates": [[[132.74375, 33.837500000000006], [132.75, 33.837500000000006], [132.75, 33.841666666666676], [132.74375, 33.841666666666676], [132.74375, 33.837500000000006]]]}}, {"type": "Feature", "properties": {"window_end_month": "2025-11", "window_start_month": "2024-12", "mesh_500m": "503265273", "new_restaurant_permits_12m": 2, "active_mesh_rank": 50, "active_mesh_percentile": 62.31, "active_mesh_zscore": -0.1098, "hotspot_class": "other_active", "mesh_500m_center_lat": 33.85625, "mesh_500m_center_lon": 132.715625}, "geometry": {"type": "Polygon", "coordinates": [[[132.7125, 33.85416666666667], [132.71875, 33.85416666666667], [132.71875, 33.85833333333334], [132.7125, 33.85833333333334], [132.7125, 33.85416666666667]]]}}, {"type": "Feature", "properties": {"window_end_month": "2025-11", "window_start_month": "2024-12", "mesh_500m": "503265274", "new_restaurant_permits_12m": 2, "active_mesh_rank": 51, "active_mesh_percentile": 61.54, "active_mesh_zscore": -0.1098, "hotspot_class": "other_active", "mesh_500m_center_lat": 33.85625, "mesh_500m_center_lon": 132.721875}, "geometry": {"type": "Polygon", "coordinates": [[[132.71875, 33.85416666666667], [132.725, 33.85416666666667], [132.725, 33.85833333333334], [132.71875, 33.85833333333334], [132.71875, 33.85416666666667]]]}}, {"type": "Feature", "properties": {"window_end_month": "2025-11", "window_start_month": "2024-12", "mesh_500m": "503265383", "new_restaurant_permits_12m": 2, "active_mesh_rank": 52, "active_mesh_percentile": 60.77, "active_mesh_zscore": -0.1098, "hotspot_class": "other_active", "mesh_500m_center_lat": 33.86458333333334, "mesh_500m_center_lon": 132.72812499999998}, "geometry": {"type": "Polygon", "coordinates": [[[132.725, 33.862500000000004], [132.73125, 33.862500000000004], [132.73125, 33.866666666666674], [132.725, 33.866666666666674], [132.725, 33.862500000000004]]]}}, {"type": "Feature", "properties": {"window_end_month": "2025-11", "window_start_month": "2024-12", "mesh_500m": "503265783", "new_restaurant_permits_12m": 2, "active_mesh_rank": 53, "active_mesh_percentile": 60.0, "active_mesh_zscore": -0.1098, "hotspot_class": "other_active", "mesh_500m_center_lat": 33.897916666666674, "mesh_500m_center_lon": 132.72812499999998}, "geometry": {"type": "Polygon", "coordinates": [[[132.725, 33.895833333333336], [132.73125, 33.895833333333336], [132.73125, 33.900000000000006], [132.725, 33.900000000000006], [132.725, 33.895833333333336]]]}}, {"type": "Feature", "properties": {"window_end_month": "2025-11", "window_start_month": "2024-12", "mesh_500m": "503266021", "new_restaurant_permits_12m": 2, "active_mesh_rank": 54, "active_mesh_percentile": 59.23, "active_mesh_zscore": -0.1098, "hotspot_class": "other_active", "mesh_500m_center_lat": 33.835416666666674, "mesh_500m_center_lon": 132.778125}, "geometry": {"type": "Polygon", "coordinates": [[[132.775, 33.833333333333336], [132.78125, 33.833333333333336], [132.78125, 33.837500000000006], [132.775, 33.837500000000006], [132.775, 33.833333333333336]]]}}, {"type": "Feature", "properties": {"window_end_month": "2025-11", "window_start_month": "2024-12", "mesh_500m": "503266033", "new_restaurant_permits_12m": 2, "active_mesh_rank": 55, "active_mesh_percentile": 58.46, "active_mesh_zscore": -0.1098, "hotspot_class": "other_active", "mesh_500m_center_lat": 33.83958333333334, "mesh_500m_center_lon": 132.79062499999998}, "geometry": {"type": "Polygon", "coordinates": [[[132.7875, 33.837500000000006], [132.79375, 33.837500000000006], [132.79375, 33.841666666666676], [132.7875, 33.841666666666676], [132.7875, 33.837500000000006]]]}}, {"type": "Feature", "properties": {"window_end_month": "2025-11", "window_start_month": "2024-12", "mesh_500m": "503266103", "new_restaurant_permits_12m": 2, "active_mesh_rank": 56, "active_mesh_percentile": 57.69, "active_mesh_zscore": -0.1098, "hotspot_class": "other_active", "mesh_500m_center_lat": 33.84791666666668, "mesh_500m_center_lon": 132.753125}, "geometry": {"type": "Polygon", "coordinates": [[[132.75, 33.84583333333334], [132.75625, 33.84583333333334], [132.75625, 33.85000000000001], [132.75, 33.85000000000001], [132.75, 33.84583333333334]]]}}, {"type": "Feature", "properties": {"window_end_month": "2025-11", "window_start_month": "2024-12", "mesh_500m": "503266124", "new_restaurant_permits_12m": 2, "active_mesh_rank": 57, "active_mesh_percentile": 56.92, "active_mesh_zscore": -0.1098, "hotspot_class": "other_active", "mesh_500m_center_lat": 33.84791666666668, "mesh_500m_center_lon": 132.784375}, "geometry": {"type": "Polygon", "coordinates": [[[132.78125, 33.84583333333334], [132.7875, 33.84583333333334], [132.7875, 33.85000000000001], [132.78125, 33.85000000000001], [132.78125, 33.84583333333334]]]}}, {"type": "Feature", "properties": {"window_end_month": "2025-11", "window_start_month": "2024-12", "mesh_500m": "503266212", "new_restaurant_permits_12m": 2, "active_mesh_rank": 58, "active_mesh_percentile": 56.15, "active_mesh_zscore": -0.1098, "hotspot_class": "other_active", "mesh_500m_center_lat": 33.85208333333334, "mesh_500m_center_lon": 132.77187499999997}, "geometry": {"type": "Polygon", "coordinates": [[[132.76874999999998, 33.85], [132.77499999999998, 33.85], [132.77499999999998, 33.85416666666667], [132.76874999999998, 33.85416666666667], [132.76874999999998, 33.85]]]}}, {"type": "Feature", "properties": {"window_end_month": "2025-11", "window_start_month": "2024-12", "mesh_500m": "503266224", "new_restaurant_permits_12m": 2, "active_mesh_rank": 59, "active_mesh_percentile": 55.38, "active_mesh_zscore": -0.1098, "hotspot_class": "other_active", "mesh_500m_center_lat": 33.85625, "mesh_500m_center_lon": 132.784375}, "geometry": {"type": "Polygon", "coordinates": [[[132.78125, 33.85416666666667], [132.7875, 33.85416666666667], [132.7875, 33.85833333333334], [132.78125, 33.85833333333334], [132.78125, 33.85416666666667]]]}}, {"type": "Feature", "properties": {"window_end_month": "2025-11", "window_start_month": "2024-12", "mesh_500m": "503276314", "new_restaurant_permits_12m": 2, "active_mesh_rank": 60, "active_mesh_percentile": 54.62, "active_mesh_zscore": -0.1098, "hotspot_class": "other_active", "mesh_500m_center_lat": 33.94791666666667, "mesh_500m_center_lon": 132.77187499999997}, "geometry": {"type": "Polygon", "coordinates": [[[132.76874999999998, 33.94583333333334], [132.77499999999998, 33.94583333333334], [132.77499999999998, 33.95000000000001], [132.76874999999998, 33.95000000000001], [132.76874999999998, 33.94583333333334]]]}}, {"type": "Feature", "properties": {"window_end_month": "2025-11", "window_start_month": "2024-12", "mesh_500m": "503276421", "new_restaurant_permits_12m": 2, "active_mesh_rank": 61, "active_mesh_percentile": 53.85, "active_mesh_zscore": -0.1098, "hotspot_class": "other_active", "mesh_500m_center_lat": 33.952083333333334, "mesh_500m_center_lon": 132.778125}, "geometry": {"type": "Polygon", "coordinates": [[[132.775, 33.95], [132.78125, 33.95], [132.78125, 33.95416666666667], [132.775, 33.95416666666667], [132.775, 33.95]]]}}, {"type": "Feature", "properties": {"window_end_month": "2025-11", "window_start_month": "2024-12", "mesh_500m": "503255792", "new_restaurant_permits_12m": 1, "active_mesh_rank": 62, "active_mesh_percentile": 53.08, "active_mesh_zscore": -0.4342, "hotspot_class": "other_active", "mesh_500m_center_lat": 33.81041666666667, "mesh_500m_center_lon": 132.746875}, "geometry": {"type": "Polygon", "coordinates": [[[132.74375, 33.80833333333333], [132.75, 33.80833333333333], [132.75, 33.8125], [132.74375, 33.8125], [132.74375, 33.80833333333333]]]}}, {"type": "Feature", "properties": {"window_end_month": "2025-11", "window_start_month": "2024-12", "mesh_500m": "503255793", "new_restaurant_permits_12m": 1, "active_mesh_rank": 63, "active_mesh_percentile": 52.31, "active_mesh_zscore": -0.4342, "hotspot_class": "other_active", "mesh_500m_center_lat": 33.81458333333333, "mesh_500m_center_lon": 132.74062500000002}, "geometry": {"type": "Polygon", "coordinates": [[[132.7375, 33.8125], [132.74375, 33.8125], [132.74375, 33.81666666666667], [132.7375, 33.81666666666667], [132.7375, 33.8125]]]}}, {"type": "Feature", "properties": {"window_end_month": "2025-11", "window_start_month": "2024-12", "mesh_500m": "503255794", "new_restaurant_permits_12m": 1, "active_mesh_rank": 64, "active_mesh_percentile": 51.54, "active_mesh_zscore": -0.4342, "hotspot_class": "other_active", "mesh_500m_center_lat": 33.81458333333333, "mesh_500m_center_lon": 132.746875}, "geometry": {"type": "Polygon", "coordinates": [[[132.74375, 33.8125], [132.75, 33.8125], [132.75, 33.81666666666667], [132.74375, 33.81666666666667], [132.74375, 33.8125]]]}}, {"type": "Feature", "properties": {"window_end_month": "2025-11", "window_start_month": "2024-12", "mesh_500m": "503255854", "new_restaurant_permits_12m": 1, "active_mesh_rank": 65, "active_mesh_percentile": 50.77, "active_mesh_zscore": -0.4342, "hotspot_class": "other_active", "mesh_500m_center_lat": 33.82291666666667, "mesh_500m_center_lon": 132.69687499999998}, "geometry": {"type": "Polygon", "coordinates": [[[132.69375, 33.82083333333334], [132.7, 33.82083333333334], [132.7, 33.82500000000001], [132.69375, 33.82500000000001], [132.69375, 33.82083333333334]]]}}, {"type": "Feature", "properties": {"window_end_month": "2025-11", "window_start_month": "2024-12", "mesh_500m": "503255873", "new_restaurant_permits_12m": 1, "active_mesh_rank": 66, "active_mesh_percentile": 50.0, "active_mesh_zscore": -0.4342, "hotspot_class": "other_active", "mesh_500m_center_lat": 33.82291666666667, "mesh_500m_center_lon": 132.715625}, "geometry": {"type": "Polygon", "coordinates": [[[132.7125, 33.82083333333334], [132.71875, 33.82083333333334], [132.71875, 33.82500000000001], [132.7125, 33.82500000000001], [132.7125, 33.82083333333334]]]}}, {"type": "Feature", "properties": {"window_end_month": "2025-11", "window_start_month": "2024-12", "mesh_500m": "503255892", "new_restaurant_permits_12m": 1, "active_mesh_rank": 67, "active_mesh_percentile": 49.23, "active_mesh_zscore": -0.4342, "hotspot_class": "other_active", "mesh_500m_center_lat": 33.81875000000001, "mesh_500m_center_lon": 132.746875}, "geometry": {"type": "Polygon", "coordinates": [[[132.74375, 33.81666666666667], [132.75, 33.81666666666667], [132.75, 33.82083333333334], [132.74375, 33.82083333333334], [132.74375, 33.81666666666667]]]}}, {"type": "Feature", "properties": {"window_end_month": "2025-11", "window_start_month": "2024-12", "mesh_500m": "503255893", "new_restaurant_permits_12m": 1, "active_mesh_rank": 68, "active_mesh_percentile": 48.46, "active_mesh_zscore": -0.4342, "hotspot_class": "other_active", "mesh_500m_center_lat": 33.82291666666667, "mesh_500m_center_lon": 132.74062500000002}, "geometry": {"type": "Polygon", "coordinates": [[[132.7375, 33.82083333333334], [132.74375, 33.82083333333334], [132.74375, 33.82500000000001], [132.7375, 33.82500000000001], [132.7375, 33.82083333333334]]]}}, {"type": "Feature", "properties": {"window_end_month": "2025-11", "window_start_month": "2024-12", "mesh_500m": "503255894", "new_restaurant_permits_12m": 1, "active_mesh_rank": 69, "active_mesh_percentile": 47.69, "active_mesh_zscore": -0.4342, "hotspot_class": "other_active", "mesh_500m_center_lat": 33.82291666666667, "mesh_500m_center_lon": 132.746875}, "geometry": {"type": "Polygon", "coordinates": [[[132.74375, 33.82083333333334], [132.75, 33.82083333333334], [132.75, 33.82500000000001], [132.74375, 33.82500000000001], [132.74375, 33.82083333333334]]]}}, {"type": "Feature", "properties": {"window_end_month": "2025-11", "window_start_month": "2024-12", "mesh_500m": "503255964", "new_restaurant_permits_12m": 1, "active_mesh_rank": 70, "active_mesh_percentile": 46.92, "active_mesh_zscore": -0.4342, "hotspot_class": "other_active", "mesh_500m_center_lat": 33.83125000000001, "mesh_500m_center_lon": 132.70937499999997}, "geometry": {"type": "Polygon", "coordinates": [[[132.70624999999998, 33.82916666666667], [132.71249999999998, 33.82916666666667], [132.71249999999998, 33.83333333333334], [132.70624999999998, 33.83333333333334], [132.70624999999998, 33.82916666666667]]]}}, {"type": "Feature", "properties": {"window_end_month": "2025-11", "window_start_month": "2024-12", "mesh_500m": "503255972", "new_restaurant_permits_12m": 1, "active_mesh_rank": 71, "active_mesh_percentile": 46.15, "active_mesh_zscore": -0.4342, "hotspot_class": "other_active", "mesh_500m_center_lat": 33.827083333333334, "mesh_500m_center_lon": 132.721875}, "geometry": {"type": "Polygon", "coordinates": [[[132.71875, 33.825], [132.725, 33.825], [132.725, 33.82916666666667], [132.71875, 33.82916666666667], [132.71875, 33.825]]]}}, {"type": "Feature", "properties": {"window_end_month": "2025-11", "window_start_month": "2024-12", "mesh_500m": "503255974", "new_restaurant_permits_12m": 1, "active_mesh_rank": 72, "active_mesh_percentile": 45.38, "active_mesh_zscore": -0.4342, "hotspot_class": "other_active", "mesh_500m_center_lat": 33.83125000000001, "mesh_500m_center_lon": 132.721875}, "geometry": {"type": "Polygon", "coordinates": [[[132.71875, 33.82916666666667], [132.725, 33.82916666666667], [132.725, 33.83333333333334], [132.71875, 33.83333333333334], [132.71875, 33.82916666666667]]]}}, {"type": "Feature", "properties": {"window_end_month": "2025-11", "window_start_month": "2024-12", "mesh_500m": "503255981", "new_restaurant_permits_12m": 1, "active_mesh_rank": 73, "active_mesh_percentile": 44.62, "active_mesh_zscore": -0.4342, "hotspot_class": "other_active", "mesh_500m_center_lat": 33.827083333333334, "mesh_500m_center_lon": 132.72812499999998}, "geometry": {"type": "Polygon", "coordinates": [[[132.725, 33.825], [132.73125, 33.825], [132.73125, 33.82916666666667], [132.725, 33.82916666666667], [132.725, 33.825]]]}}, {"type": "Feature", "properties": {"window_end_month": "2025-11", "window_start_month": "2024-12", "mesh_500m": "503255991", "new_restaurant_permits_12m": 1, "active_mesh_rank": 74, "active_mesh_percentile": 43.85, "active_mesh_zscore": -0.4342, "hotspot_class": "other_active", "mesh_500m_center_lat": 33.827083333333334, "mesh_500m_center_lon": 132.74062500000002}, "geometry": {"type": "Polygon", "coordinates": [[[132.7375, 33.825], [132.74375, 33.825], [132.74375, 33.82916666666667], [132.7375, 33.82916666666667], [132.7375, 33.825]]]}}, {"type": "Feature", "properties": {"window_end_month": "2025-11", "window_start_month": "2024-12", "mesh_500m": "503255994", "new_restaurant_permits_12m": 1, "active_mesh_rank": 75, "active_mesh_percentile": 43.08, "active_mesh_zscore": -0.4342, "hotspot_class": "other_active", "mesh_500m_center_lat": 33.83125000000001, "mesh_500m_center_lon": 132.746875}, "geometry": {"type": "Polygon", "coordinates": [[[132.74375, 33.82916666666667], [132.75, 33.82916666666667], [132.75, 33.83333333333334], [132.74375, 33.83333333333334], [132.74375, 33.82916666666667]]]}}, {"type": "Feature", "properties": {"window_end_month": "2025-11", "window_start_month": "2024-12", "mesh_500m": "503256514", "new_restaurant_permits_12m": 1, "active_mesh_rank": 76, "active_mesh_percentile": 42.31, "active_mesh_zscore": -0.4342, "hotspot_class": "other_active", "mesh_500m_center_lat": 33.797916666666666, "mesh_500m_center_lon": 132.77187499999997}, "geometry": {"type": "Polygon", "coordinates": [[[132.76874999999998, 33.795833333333334], [132.77499999999998, 33.795833333333334], [132.77499999999998, 33.800000000000004], [132.76874999999998, 33.800000000000004], [132.76874999999998, 33.795833333333334]]]}}, {"type": "Feature", "properties": {"window_end_month": "2025-11", "window_start_month": "2024-12", "mesh_500m": "503256524", "new_restaurant_permits_12m": 1, "active_mesh_rank": 77, "active_mesh_percentile": 41.54, "active_mesh_zscore": -0.4342, "hotspot_class": "other_active", "mesh_500m_center_lat": 33.797916666666666, "mesh_500m_center_lon": 132.784375}, "geometry": {"type": "Polygon", "coordinates": [[[132.78125, 33.795833333333334], [132.7875, 33.795833333333334], [132.7875, 33.800000000000004], [132.78125, 33.800000000000004], [132.78125, 33.795833333333334]]]}}, {"type": "Feature", "properties": {"window_end_month": "2025-11", "window_start_month": "2024-12", "mesh_500m": "503256613", "new_restaurant_permits_12m": 1, "active_mesh_rank": 78, "active_mesh_percentile": 40.77, "active_mesh_zscore": -0.4342, "hotspot_class": "other_active", "mesh_500m_center_lat": 33.806250000000006, "mesh_500m_center_lon": 132.765625}, "geometry": {"type": "Polygon", "coordinates": [[[132.7625, 33.80416666666667], [132.76874999999998, 33.80416666666667], [132.76874999999998, 33.80833333333334], [132.7625, 33.80833333333334], [132.7625, 33.80416666666667]]]}}, {"type": "Feature", "properties": {"window_end_month": "2025-11", "window_start_month": "2024-12", "mesh_500m": "503256624", "new_restaurant_permits_12m": 1, "active_mesh_rank": 79, "active_mesh_percentile": 40.0, "active_mesh_zscore": -0.4342, "hotspot_class": "other_active", "mesh_500m_center_lat": 33.806250000000006, "mesh_500m_center_lon": 132.784375}, "geometry": {"type": "Polygon", "coordinates": [[[132.78125, 33.80416666666667], [132.7875, 33.80416666666667], [132.7875, 33.80833333333334], [132.78125, 33.80833333333334], [132.78125, 33.80416666666667]]]}}, {"type": "Feature", "properties": {"window_end_month": "2025-11", "window_start_month": "2024-12", "mesh_500m": "503256633", "new_restaurant_permits_12m": 1, "active_mesh_rank": 80, "active_mesh_percentile": 39.23, "active_mesh_zscore": -0.4342, "hotspot_class": "other_active", "mesh_500m_center_lat": 33.806250000000006, "mesh_500m_center_lon": 132.79062499999998}, "geometry": {"type": "Polygon", "coordinates": [[[132.7875, 33.80416666666667], [132.79375, 33.80416666666667], [132.79375, 33.80833333333334], [132.7875, 33.80833333333334], [132.7875, 33.80416666666667]]]}}, {"type": "Feature", "properties": {"window_end_month": "2025-11", "window_start_month": "2024-12", "mesh_500m": "503256703", "new_restaurant_permits_12m": 1, "active_mesh_rank": 81, "active_mesh_percentile": 38.46, "active_mesh_zscore": -0.4342, "hotspot_class": "other_active", "mesh_500m_center_lat": 33.81458333333333, "mesh_500m_center_lon": 132.753125}, "geometry": {"type": "Polygon", "coordinates": [[[132.75, 33.8125], [132.75625, 33.8125], [132.75625, 33.81666666666667], [132.75, 33.81666666666667], [132.75, 33.8125]]]}}, {"type": "Feature", "properties": {"window_end_month": "2025-11", "window_start_month": "2024-12", "mesh_500m": "503256713", "new_restaurant_permits_12m": 1, "active_mesh_rank": 82, "active_mesh_percentile": 37.69, "active_mesh_zscore": -0.4342, "hotspot_class": "other_active", "mesh_500m_center_lat": 33.81458333333333, "mesh_500m_center_lon": 132.765625}, "geometry": {"type": "Polygon", "coordinates": [[[132.7625, 33.8125], [132.76874999999998, 33.8125], [132.76874999999998, 33.81666666666667], [132.7625, 33.81666666666667], [132.7625, 33.8125]]]}}, {"type": "Feature", "properties": {"window_end_month": "2025-11", "window_start_month": "2024-12", "mesh_500m": "503256724", "new_restaurant_permits_12m": 1, "active_mesh_rank": 83, "active_mesh_percentile": 36.92, "active_mesh_zscore": -0.4342, "hotspot_class": "other_active", "mesh_500m_center_lat": 33.81458333333333, "mesh_500m_center_lon": 132.784375}, "geometry": {"type": "Polygon", "coordinates": [[[132.78125, 33.8125], [132.7875, 33.8125], [132.7875, 33.81666666666667], [132.78125, 33.81666666666667], [132.78125, 33.8125]]]}}, {"type": "Feature", "properties": {"window_end_month": "2025-11", "window_start_month": "2024-12", "mesh_500m": "503256731", "new_restaurant_permits_12m": 1, "active_mesh_rank": 84, "active_mesh_percentile": 36.15, "active_mesh_zscore": -0.4342, "hotspot_class": "other_active", "mesh_500m_center_lat": 33.81041666666667, "mesh_500m_center_lon": 132.79062499999998}, "geometry": {"type": "Polygon", "coordinates": [[[132.7875, 33.80833333333333], [132.79375, 33.80833333333333], [132.79375, 33.8125], [132.7875, 33.8125], [132.7875, 33.80833333333333]]]}}, {"type": "Feature", "properties": {"window_end_month": "2025-11", "window_start_month": "2024-12", "mesh_500m": "503256744", "new_restaurant_permits_12m": 1, "active_mesh_rank": 85, "active_mesh_percentile": 35.38, "active_mesh_zscore": -0.4342, "hotspot_class": "other_active", "mesh_500m_center_lat": 33.81458333333333, "mesh_500m_center_lon": 132.809375}, "geometry": {"type": "Polygon", "coordinates": [[[132.80625, 33.8125], [132.8125, 33.8125], [132.8125, 33.81666666666667], [132.80625, 33.81666666666667], [132.80625, 33.8125]]]}}, {"type": "Feature", "properties": {"window_end_month": "2025-11", "window_start_month": "2024-12", "mesh_500m": "503256751", "new_restaurant_permits_12m": 1, "active_mesh_rank": 86, "active_mesh_percentile": 34.62, "active_mesh_zscore": -0.4342, "hotspot_class": "other_active", "mesh_500m_center_lat": 33.81041666666667, "mesh_500m_center_lon": 132.815625}, "geometry": {"type": "Polygon", "coordinates": [[[132.8125, 33.80833333333333], [132.81875, 33.80833333333333], [132.81875, 33.8125], [132.8125, 33.8125], [132.8125, 33.80833333333333]]]}}, {"type": "Feature", "properties": {"window_end_month": "2025-11", "window_start_month": "2024-12", "mesh_500m": "503256752", "new_restaurant_permits_12m": 1, "active_mesh_rank": 87, "active_mesh_percentile": 33.85, "active_mesh_zscore": -0.4342, "hotspot_class": "other_active", "mesh_500m_center_lat": 33.81041666666667, "mesh_500m_center_lon": 132.82187499999998}, "geometry": {"type": "Polygon", "coordinates": [[[132.81875, 33.80833333333333], [132.825, 33.80833333333333], [132.825, 33.8125], [132.81875, 33.8125], [132.81875, 33.80833333333333]]]}}, {"type": "Feature", "properties": {"window_end_month": "2025-11", "window_start_month": "2024-12", "mesh_500m": "503256753", "new_restaurant_permits_12m": 1, "active_mesh_rank": 88, "active_mesh_percentile": 33.08, "active_mesh_zscore": -0.4342, "hotspot_class": "other_active", "mesh_500m_center_lat": 33.81458333333333, "mesh_500m_center_lon": 132.815625}, "geometry": {"type": "Polygon", "coordinates": [[[132.8125, 33.8125], [132.81875, 33.8125], [132.81875, 33.81666666666667], [132.8125, 33.81666666666667], [132.8125, 33.8125]]]}}, {"type": "Feature", "properties": {"window_end_month": "2025-11", "window_start_month": "2024-12", "mesh_500m": "503256801", "new_restaurant_permits_12m": 1, "active_mesh_rank": 89, "active_mesh_percentile": 32.31, "active_mesh_zscore": -0.4342, "hotspot_class": "other_active", "mesh_500m_center_lat": 33.81875000000001, "mesh_500m_center_lon": 132.753125}, "geometry": {"type": "Polygon", "coordinates": [[[132.75, 33.81666666666667], [132.75625, 33.81666666666667], [132.75625, 33.82083333333334], [132.75, 33.82083333333334], [132.75, 33.81666666666667]]]}}, {"type": "Feature", "properties": {"window_end_month": "2025-11", "window_start_month": "2024-12", "mesh_500m": "503256821", "new_restaurant_permits_12m": 1, "active_mesh_rank": 90, "active_mesh_percentile": 31.54, "active_mesh_zscore": -0.4342, "hotspot_class": "other_active", "mesh_500m_center_lat": 33.81875000000001, "mesh_500m_center_lon": 132.778125}, "geometry": {"type": "Polygon", "coordinates": [[[132.775, 33.81666666666667], [132.78125, 33.81666666666667], [132.78125, 33.82083333333334], [132.775, 33.82083333333334], [132.775, 33.81666666666667]]]}}, {"type": "Feature", "properties": {"window_end_month": "2025-11", "window_start_month": "2024-12", "mesh_500m": "503256822", "new_restaurant_permits_12m": 1, "active_mesh_rank": 91, "active_mesh_percentile": 30.77, "active_mesh_zscore": -0.4342, "hotspot_class": "other_active", "mesh_500m_center_lat": 33.81875000000001, "mesh_500m_center_lon": 132.784375}, "geometry": {"type": "Polygon", "coordinates": [[[132.78125, 33.81666666666667], [132.7875, 33.81666666666667], [132.7875, 33.82083333333334], [132.78125, 33.82083333333334], [132.78125, 33.81666666666667]]]}}, {"type": "Feature", "properties": {"window_end_month": "2025-11", "window_start_month": "2024-12", "mesh_500m": "503256903", "new_restaurant_permits_12m": 1, "active_mesh_rank": 92, "active_mesh_percentile": 30.0, "active_mesh_zscore": -0.4342, "hotspot_class": "other_active", "mesh_500m_center_lat": 33.83125000000001, "mesh_500m_center_lon": 132.753125}, "geometry": {"type": "Polygon", "coordinates": [[[132.75, 33.82916666666667], [132.75625, 33.82916666666667], [132.75625, 33.83333333333334], [132.75, 33.83333333333334], [132.75, 33.82916666666667]]]}}, {"type": "Feature", "properties": {"window_end_month": "2025-11", "window_start_month": "2024-12", "mesh_500m": "503256904", "new_restaurant_permits_12m": 1, "active_mesh_rank": 93, "active_mesh_percentile": 29.23, "active_mesh_zscore": -0.4342, "hotspot_class": "other_active", "mesh_500m_center_lat": 33.83125000000001, "mesh_500m_center_lon": 132.75937499999998}, "geometry": {"type": "Polygon", "coordinates": [[[132.75625, 33.82916666666667], [132.7625, 33.82916666666667], [132.7625, 33.83333333333334], [132.75625, 33.83333333333334], [132.75625, 33.82916666666667]]]}}, {"type": "Feature", "properties": {"window_end_month": "2025-11", "window_start_month": "2024-12", "mesh_500m": "503256912", "new_restaurant_permits_12m": 1, "active_mesh_rank": 94, "active_mesh_percentile": 28.46, "active_mesh_zscore": -0.4342, "hotspot_class": "other_active", "mesh_500m_center_lat": 33.827083333333334, "mesh_500m_center_lon": 132.77187499999997}, "geometry": {"type": "Polygon", "coordinates": [[[132.76874999999998, 33.825], [132.77499999999998, 33.825], [132.77499999999998, 33.82916666666667], [132.76874999999998, 33.82916666666667], [132.76874999999998, 33.825]]]}}, {"type": "Feature", "properties": {"window_end_month": "2025-11", "window_start_month": "2024-12", "mesh_500m": "503256913", "new_restaurant_permits_12m": 1, "active_mesh_rank": 95, "active_mesh_percentile": 27.69, "active_mesh_zscore": -0.4342, "hotspot_class": "other_active", "mesh_500m_center_lat": 33.83125000000001, "mesh_500m_center_lon": 132.765625}, "geometry": {"type": "Polygon", "coordinates": [[[132.7625, 33.82916666666667], [132.76874999999998, 33.82916666666667], [132.76874999999998, 33.83333333333334], [132.7625, 33.83333333333334], [132.7625, 33.82916666666667]]]}}, {"type": "Feature", "properties": {"window_end_month": "2025-11", "window_start_month": "2024-12", "mesh_500m": "503256922", "new_restaurant_permits_12m": 1, "active_mesh_rank": 96, "active_mesh_percentile": 26.92, "active_mesh_zscore": -0.4342, "hotspot_class": "other_active", "mesh_500m_center_lat": 33.827083333333334, "mesh_500m_center_lon": 132.784375}, "geometry": {"type": "Polygon", "coordinates": [[[132.78125, 33.825], [132.7875, 33.825], [132.7875, 33.82916666666667], [132.78125, 33.82916666666667], [132.78125, 33.825]]]}}, {"type": "Feature", "properties": {"window_end_month": "2025-11", "window_start_month": "2024-12", "mesh_500m": "503265091", "new_restaurant_permits_12m": 1, "active_mesh_rank": 97, "active_mesh_percentile": 26.15, "active_mesh_zscore": -0.4342, "hotspot_class": "other_active", "mesh_500m_center_lat": 33.835416666666674, "mesh_500m_center_lon": 132.74062500000002}, "geometry": {"type": "Polygon", "coordinates": [[[132.7375, 33.833333333333336], [132.74375, 33.833333333333336], [132.74375, 33.837500000000006], [132.7375, 33.837500000000006], [132.7375, 33.833333333333336]]]}}, {"type": "Feature", "properties": {"window_end_month": "2025-11", "window_start_month": "2024-12", "mesh_500m": "503265093", "new_restaurant_permits_12m": 1, "active_mesh_rank": 98, "active_mesh_percentile": 25.38, "active_mesh_zscore": -0.4342, "hotspot_class": "other_active", "mesh_500m_center_lat": 33.83958333333334, "mesh_500m_center_lon": 132.74062500000002}, "geometry": {"type": "Polygon", "coordinates": [[[132.7375, 33.837500000000006], [132.74375, 33.837500000000006], [132.74375, 33.841666666666676], [132.7375, 33.841666666666676], [132.7375, 33.837500000000006]]]}}, {"type": "Feature", "properties": {"window_end_month": "2025-11", "window_start_month": "2024-12", "mesh_500m": "503265194", "new_restaurant_permits_12m": 1, "active_mesh_rank": 99, "active_mesh_percentile": 24.62, "active_mesh_zscore": -0.4342, "hotspot_class": "other_active", "mesh_500m_center_lat": 33.84791666666668, "mesh_500m_center_lon": 132.746875}, "geometry": {"type": "Polygon", "coordinates": [[[132.74375, 33.84583333333334], [132.75, 33.84583333333334], [132.75, 33.85000000000001], [132.74375, 33.85000000000001], [132.74375, 33.84583333333334]]]}}, {"type": "Feature", "properties": {"window_end_month": "2025-11", "window_start_month": "2024-12", "mesh_500m": "503265294", "new_restaurant_permits_12m": 1, "active_mesh_rank": 100, "active_mesh_percentile": 23.85, "active_mesh_zscore": -0.4342, "hotspot_class": "other_active", "mesh_500m_center_lat": 33.85625, "mesh_500m_center_lon": 132.746875}, "geometry": {"type": "Polygon", "coordinates": [[[132.74375, 33.85416666666667], [132.75, 33.85416666666667], [132.75, 33.85833333333334], [132.74375, 33.85833333333334], [132.74375, 33.85416666666667]]]}}, {"type": "Feature", "properties": {"window_end_month": "2025-11", "window_start_month": "2024-12", "mesh_500m": "503265364", "new_restaurant_permits_12m": 1, "active_mesh_rank": 101, "active_mesh_percentile": 23.08, "active_mesh_zscore": -0.4342, "hotspot_class": "other_active", "mesh_500m_center_lat": 33.86458333333334, "mesh_500m_center_lon": 132.70937499999997}, "geometry": {"type": "Polygon", "coordinates": [[[132.70624999999998, 33.862500000000004], [132.71249999999998, 33.862500000000004], [132.71249999999998, 33.866666666666674], [132.70624999999998, 33.866666666666674], [132.70624999999998, 33.862500000000004]]]}}, {"type": "Feature", "properties": {"window_end_month": "2025-11", "window_start_month": "2024-12", "mesh_500m": "503265462", "new_restaurant_permits_12m": 1, "active_mesh_rank": 102, "active_mesh_percentile": 22.31, "active_mesh_zscore": -0.4342, "hotspot_class": "other_active", "mesh_500m_center_lat": 33.868750000000006, "mesh_500m_center_lon": 132.70937499999997}, "geometry": {"type": "Polygon", "coordinates": [[[132.70624999999998, 33.86666666666667], [132.71249999999998, 33.86666666666667], [132.71249999999998, 33.87083333333334], [132.70624999999998, 33.87083333333334], [132.70624999999998, 33.86666666666667]]]}}, {"type": "Feature", "properties": {"window_end_month": "2025-11", "window_start_month": "2024-12", "mesh_500m": "503265471", "new_restaurant_permits_12m": 1, "active_mesh_rank": 103, "active_mesh_percentile": 21.54, "active_mesh_zscore": -0.4342, "hotspot_class": "other_active", "mesh_500m_center_lat": 33.868750000000006, "mesh_500m_center_lon": 132.715625}, "geometry": {"type": "Polygon", "coordinates": [[[132.7125, 33.86666666666667], [132.71875, 33.86666666666667], [132.71875, 33.87083333333334], [132.7125, 33.87083333333334], [132.7125, 33.86666666666667]]]}}, {"type": "Feature", "properties": {"window_end_month": "2025-11", "window_start_month": "2024-12", "mesh_500m": "503265472", "new_restaurant_permits_12m": 1, "active_mesh_rank": 104, "active_mesh_percentile": 20.77, "active_mesh_zscore": -0.4342, "hotspot_class": "other_active", "mesh_500m_center_lat": 33.868750000000006, "mesh_500m_center_lon": 132.721875}, "geometry": {"type": "Polygon", "coordinates": [[[132.71875, 33.86666666666667], [132.725, 33.86666666666667], [132.725, 33.87083333333334], [132.71875, 33.87083333333334], [132.71875, 33.86666666666667]]]}}, {"type": "Feature", "properties": {"window_end_month": "2025-11", "window_start_month": "2024-12", "mesh_500m": "503265474", "new_restaurant_permits_12m": 1, "active_mesh_rank": 105, "active_mesh_percentile": 20.0, "active_mesh_zscore": -0.4342, "hotspot_class": "other_active", "mesh_500m_center_lat": 33.87291666666667, "mesh_500m_center_lon": 132.721875}, "geometry": {"type": "Polygon", "coordinates": [[[132.71875, 33.87083333333334], [132.725, 33.87083333333334], [132.725, 33.87500000000001], [132.71875, 33.87500000000001], [132.71875, 33.87083333333334]]]}}, {"type": "Feature", "properties": {"window_end_month": "2025-11", "window_start_month": "2024-12", "mesh_500m": "503265481", "new_restaurant_permits_12m": 1, "active_mesh_rank": 106, "active_mesh_percentile": 19.23, "active_mesh_zscore": -0.4342, "hotspot_class": "other_active", "mesh_500m_center_lat": 33.868750000000006, "mesh_500m_center_lon": 132.72812499999998}, "geometry": {"type": "Polygon", "coordinates": [[[132.725, 33.86666666666667], [132.73125, 33.86666666666667], [132.73125, 33.87083333333334], [132.725, 33.87083333333334], [132.725, 33.86666666666667]]]}}, {"type": "Feature", "properties": {"window_end_month": "2025-11", "window_start_month": "2024-12", "mesh_500m": "503265492", "new_restaurant_permits_12m": 1, "active_mesh_rank": 107, "active_mesh_percentile": 18.46, "active_mesh_zscore": -0.4342, "hotspot_class": "other_active", "mesh_500m_center_lat": 33.868750000000006, "mesh_500m_center_lon": 132.746875}, "geometry": {"type": "Polygon", "coordinates": [[[132.74375, 33.86666666666667], [132.75, 33.86666666666667], [132.75, 33.87083333333334], [132.74375, 33.87083333333334], [132.74375, 33.86666666666667]]]}}, {"type": "Feature", "properties": {"window_end_month": "2025-11", "window_start_month": "2024-12", "mesh_500m": "503265661", "new_restaurant_permits_12m": 1, "active_mesh_rank": 108, "active_mesh_percentile": 17.69, "active_mesh_zscore": -0.4342, "hotspot_class": "other_active", "mesh_500m_center_lat": 33.88541666666667, "mesh_500m_center_lon": 132.703125}, "geometry": {"type": "Polygon", "coordinates": [[[132.7, 33.88333333333333], [132.70624999999998, 33.88333333333333], [132.70624999999998, 33.8875], [132.7, 33.8875], [132.7, 33.88333333333333]]]}}, {"type": "Feature", "properties": {"window_end_month": "2025-11", "window_start_month": "2024-12", "mesh_500m": "503265791", "new_restaurant_permits_12m": 1, "active_mesh_rank": 109, "active_mesh_percentile": 16.92, "active_mesh_zscore": -0.4342, "hotspot_class": "other_active", "mesh_500m_center_lat": 33.89375, "mesh_500m_center_lon": 132.74062500000002}, "geometry": {"type": "Polygon", "coordinates": [[[132.7375, 33.891666666666666], [132.74375, 33.891666666666666], [132.74375, 33.895833333333336], [132.7375, 33.895833333333336], [132.7375, 33.891666666666666]]]}}, {"type": "Feature", "properties": {"window_end_month": "2025-11", "window_start_month": "2024-12", "mesh_500m": "503265792", "new_restaurant_permits_12m": 1, "active_mesh_rank": 110, "active_mesh_percentile": 16.15, "active_mesh_zscore": -0.4342, "hotspot_class": "other_active", "mesh_500m_center_lat": 33.89375, "mesh_500m_center_lon": 132.746875}, "geometry": {"type": "Polygon", "coordinates": [[[132.74375, 33.891666666666666], [132.75, 33.891666666666666], [132.75, 33.895833333333336], [132.74375, 33.895833333333336], [132.74375, 33.891666666666666]]]}}, {"type": "Feature", "properties": {"window_end_month": "2025-11", "window_start_month": "2024-12", "mesh_500m": "503265882", "new_restaurant_permits_12m": 1, "active_mesh_rank": 111, "active_mesh_percentile": 15.38, "active_mesh_zscore": -0.4342, "hotspot_class": "other_active", "mesh_500m_center_lat": 33.90208333333334, "mesh_500m_center_lon": 132.734375}, "geometry": {"type": "Polygon", "coordinates": [[[132.73125, 33.900000000000006], [132.73749999999998, 33.900000000000006], [132.73749999999998, 33.904166666666676], [132.73125, 33.904166666666676], [132.73125, 33.900000000000006]]]}}, {"type": "Feature", "properties": {"window_end_month": "2025-11", "window_start_month": "2024-12", "mesh_500m": "503266001", "new_restaurant_permits_12m": 1, "active_mesh_rank": 112, "active_mesh_percentile": 14.62, "active_mesh_zscore": -0.4342, "hotspot_class": "other_active", "mesh_500m_center_lat": 33.835416666666674, "mesh_500m_center_lon": 132.753125}, "geometry": {"type": "Polygon", "coordinates": [[[132.75, 33.833333333333336], [132.75625, 33.833333333333336], [132.75625, 33.837500000000006], [132.75, 33.837500000000006], [132.75, 33.833333333333336]]]}}, {"type": "Feature", "properties": {"window_end_month": "2025-11", "window_start_month": "2024-12", "mesh_500m": "503266023", "new_restaurant_permits_12m": 1, "active_mesh_rank": 113, "active_mesh_percentile": 13.85, "active_mesh_zscore": -0.4342, "hotspot_class": "other_active", "mesh_500m_center_lat": 33.83958333333334, "mesh_500m_center_lon": 132.778125}, "geometry": {"type": "Polygon", "coordinates": [[[132.775, 33.837500000000006], [132.78125, 33.837500000000006], [132.78125, 33.841666666666676], [132.775, 33.841666666666676], [132.775, 33.837500000000006]]]}}, {"type": "Feature", "properties": {"window_end_month": "2025-11", "window_start_month": "2024-12", "mesh_500m": "503266031", "new_restaurant_permits_12m": 1, "active_mesh_rank": 114, "active_mesh_percentile": 13.08, "active_mesh_zscore": -0.4342, "hotspot_class": "other_active", "mesh_500m_center_lat": 33.835416666666674, "mesh_500m_center_lon": 132.79062499999998}, "geometry": {"type": "Polygon", "coordinates": [[[132.7875, 33.833333333333336], [132.79375, 33.833333333333336], [132.79375, 33.837500000000006], [132.7875, 33.837500000000006], [132.7875, 33.833333333333336]]]}}, {"type": "Feature", "properties": {"window_end_month": "2025-11", "window_start_month": "2024-12", "mesh_500m": "503266122", "new_restaurant_permits_12m": 1, "active_mesh_rank": 115, "active_mesh_percentile": 12.31, "active_mesh_zscore": -0.4342, "hotspot_class": "other_active", "mesh_500m_center_lat": 33.84375, "mesh_500m_center_lon": 132.784375}, "geometry": {"type": "Polygon", "coordinates": [[[132.78125, 33.84166666666667], [132.7875, 33.84166666666667], [132.7875, 33.84583333333334], [132.78125, 33.84583333333334], [132.78125, 33.84166666666667]]]}}, {"type": "Feature", "properties": {"window_end_month": "2025-11", "window_start_month": "2024-12", "mesh_500m": "503266132", "new_restaurant_permits_12m": 1, "active_mesh_rank": 116, "active_mesh_percentile": 11.54, "active_mesh_zscore": -0.4342, "hotspot_class": "other_active", "mesh_500m_center_lat": 33.84375, "mesh_500m_center_lon": 132.796875}, "geometry": {"type": "Polygon", "coordinates": [[[132.79375, 33.84166666666667], [132.79999999999998, 33.84166666666667], [132.79999999999998, 33.84583333333334], [132.79375, 33.84583333333334], [132.79375, 33.84166666666667]]]}}, {"type": "Feature", "properties": {"window_end_month": "2025-11", "window_start_month": "2024-12", "mesh_500m": "503266133", "new_restaurant_permits_12m": 1, "active_mesh_rank": 117, "active_mesh_percentile": 10.77, "active_mesh_zscore": -0.4342, "hotspot_class": "other_active", "mesh_500m_center_lat": 33.84791666666668, "mesh_500m_center_lon": 132.79062499999998}, "geometry": {"type": "Polygon", "coordinates": [[[132.7875, 33.84583333333334], [132.79375, 33.84583333333334], [132.79375, 33.85000000000001], [132.7875, 33.85000000000001], [132.7875, 33.84583333333334]]]}}, {"type": "Feature", "properties": {"window_end_month": "2025-11", "window_start_month": "2024-12", "mesh_500m": "503266134", "new_restaurant_permits_12m": 1, "active_mesh_rank": 118, "active_mesh_percentile": 10.0, "active_mesh_zscore": -0.4342, "hotspot_class": "other_active", "mesh_500m_center_lat": 33.84791666666668, "mesh_500m_center_lon": 132.796875}, "geometry": {"type": "Polygon", "coordinates": [[[132.79375, 33.84583333333334], [132.79999999999998, 33.84583333333334], [132.79999999999998, 33.85000000000001], [132.79375, 33.85000000000001], [132.79375, 33.84583333333334]]]}}, {"type": "Feature", "properties": {"window_end_month": "2025-11", "window_start_month": "2024-12", "mesh_500m": "503266143", "new_restaurant_permits_12m": 1, "active_mesh_rank": 119, "active_mesh_percentile": 9.23, "active_mesh_zscore": -0.4342, "hotspot_class": "other_active", "mesh_500m_center_lat": 33.84791666666668, "mesh_500m_center_lon": 132.80312500000002}, "geometry": {"type": "Polygon", "coordinates": [[[132.8, 33.84583333333334], [132.80625, 33.84583333333334], [132.80625, 33.85000000000001], [132.8, 33.85000000000001], [132.8, 33.84583333333334]]]}}, {"type": "Feature", "properties": {"window_end_month": "2025-11", "window_start_month": "2024-12", "mesh_500m": "503266201", "new_restaurant_permits_12m": 1, "active_mesh_rank": 120, "active_mesh_percentile": 8.46, "active_mesh_zscore": -0.4342, "hotspot_class": "other_active", "mesh_500m_center_lat": 33.85208333333334, "mesh_500m_center_lon": 132.753125}, "geometry": {"type": "Polygon", "coordinates": [[[132.75, 33.85], [132.75625, 33.85], [132.75625, 33.85416666666667], [132.75, 33.85416666666667], [132.75, 33.85]]]}}, {"type": "Feature", "properties": {"window_end_month": "2025-11", "window_start_month": "2024-12", "mesh_500m": "503266302", "new_restaurant_permits_12m": 1, "active_mesh_rank": 121, "active_mesh_percentile": 7.69, "active_mesh_zscore": -0.4342, "hotspot_class": "other_active", "mesh_500m_center_lat": 33.860416666666666, "mesh_500m_center_lon": 132.75937499999998}, "geometry": {"type": "Polygon", "coordinates": [[[132.75625, 33.858333333333334], [132.7625, 33.858333333333334], [132.7625, 33.862500000000004], [132.75625, 33.862500000000004], [132.75625, 33.858333333333334]]]}}, {"type": "Feature", "properties": {"window_end_month": "2025-11", "window_start_month": "2024-12", "mesh_500m": "503266304", "new_restaurant_permits_12m": 1, "active_mesh_rank": 122, "active_mesh_percentile": 6.92, "active_mesh_zscore": -0.4342, "hotspot_class": "other_active", "mesh_500m_center_lat": 33.86458333333334, "mesh_500m_center_lon": 132.75937499999998}, "geometry": {"type": "Polygon", "coordinates": [[[132.75625, 33.862500000000004], [132.7625, 33.862500000000004], [132.7625, 33.866666666666674], [132.75625, 33.866666666666674], [132.75625, 33.862500000000004]]]}}, {"type": "Feature", "properties": {"window_end_month": "2025-11", "window_start_month": "2024-12", "mesh_500m": "503266403", "new_restaurant_permits_12m": 1, "active_mesh_rank": 123, "active_mesh_percentile": 6.15, "active_mesh_zscore": -0.4342, "hotspot_class": "other_active", "mesh_500m_center_lat": 33.87291666666667, "mesh_500m_center_lon": 132.753125}, "geometry": {"type": "Polygon", "coordinates": [[[132.75, 33.87083333333334], [132.75625, 33.87083333333334], [132.75625, 33.87500000000001], [132.75, 33.87500000000001], [132.75, 33.87083333333334]]]}}, {"type": "Feature", "properties": {"window_end_month": "2025-11", "window_start_month": "2024-12", "mesh_500m": "503274482", "new_restaurant_permits_12m": 1, "active_mesh_rank": 124, "active_mesh_percentile": 5.38, "active_mesh_zscore": -0.4342, "hotspot_class": "other_active", "mesh_500m_center_lat": 33.952083333333334, "mesh_500m_center_lon": 132.609375}, "geometry": {"type": "Polygon", "coordinates": [[[132.60625, 33.95], [132.61249999999998, 33.95], [132.61249999999998, 33.95416666666667], [132.60625, 33.95416666666667], [132.60625, 33.95]]]}}, {"type": "Feature", "properties": {"window_end_month": "2025-11", "window_start_month": "2024-12", "mesh_500m": "503275403", "new_restaurant_permits_12m": 1, "active_mesh_rank": 125, "active_mesh_percentile": 4.62, "active_mesh_zscore": -0.4342, "hotspot_class": "other_active", "mesh_500m_center_lat": 33.95625000000001, "mesh_500m_center_lon": 132.628125}, "geometry": {"type": "Polygon", "coordinates": [[[132.625, 33.95416666666667], [132.63125, 33.95416666666667], [132.63125, 33.95833333333334], [132.625, 33.95833333333334], [132.625, 33.95416666666667]]]}}, {"type": "Feature", "properties": {"window_end_month": "2025-11", "window_start_month": "2024-12", "mesh_500m": "503275501", "new_restaurant_permits_12m": 1, "active_mesh_rank": 126, "active_mesh_percentile": 3.85, "active_mesh_zscore": -0.4342, "hotspot_class": "other_active", "mesh_500m_center_lat": 33.960416666666674, "mesh_500m_center_lon": 132.628125}, "geometry": {"type": "Polygon", "coordinates": [[[132.625, 33.958333333333336], [132.63125, 33.958333333333336], [132.63125, 33.962500000000006], [132.625, 33.962500000000006], [132.625, 33.958333333333336]]]}}, {"type": "Feature", "properties": {"window_end_month": "2025-11", "window_start_month": "2024-12", "mesh_500m": "503275603", "new_restaurant_permits_12m": 1, "active_mesh_rank": 127, "active_mesh_percentile": 3.08, "active_mesh_zscore": -0.4342, "hotspot_class": "other_active", "mesh_500m_center_lat": 33.97291666666668, "mesh_500m_center_lon": 132.628125}, "geometry": {"type": "Polygon", "coordinates": [[[132.625, 33.97083333333334], [132.63125, 33.97083333333334], [132.63125, 33.97500000000001], [132.625, 33.97500000000001], [132.625, 33.97083333333334]]]}}, {"type": "Feature", "properties": {"window_end_month": "2025-11", "window_start_month": "2024-12", "mesh_500m": "503276512", "new_restaurant_permits_12m": 1, "active_mesh_rank": 128, "active_mesh_percentile": 2.31, "active_mesh_zscore": -0.4342, "hotspot_class": "other_active", "mesh_500m_center_lat": 33.960416666666674, "mesh_500m_center_lon": 132.77187499999997}, "geometry": {"type": "Polygon", "coordinates": [[[132.76874999999998, 33.958333333333336], [132.77499999999998, 33.958333333333336], [132.77499999999998, 33.962500000000006], [132.76874999999998, 33.962500000000006], [132.76874999999998, 33.958333333333336]]]}}, {"type": "Feature", "properties": {"window_end_month": "2025-11", "window_start_month": "2024-12", "mesh_500m": "503276522", "new_restaurant_permits_12m": 1, "active_mesh_rank": 129, "active_mesh_percentile": 1.54, "active_mesh_zscore": -0.4342, "hotspot_class": "other_active", "mesh_500m_center_lat": 33.960416666666674, "mesh_500m_center_lon": 132.784375}, "geometry": {"type": "Polygon", "coordinates": [[[132.78125, 33.958333333333336], [132.7875, 33.958333333333336], [132.7875, 33.962500000000006], [132.78125, 33.962500000000006], [132.78125, 33.958333333333336]]]}}, {"type": "Feature", "properties": {"window_end_month": "2025-11", "window_start_month": "2024-12", "mesh_500m": "503276712", "new_restaurant_permits_12m": 1, "active_mesh_rank": 130, "active_mesh_percentile": 0.77, "active_mesh_zscore": -0.4342, "hotspot_class": "other_active", "mesh_500m_center_lat": 33.97708333333334, "mesh_500m_center_lon": 132.77187499999997}, "geometry": {"type": "Polygon", "coordinates": [[[132.76874999999998, 33.975], [132.77499999999998, 33.975], [132.77499999999998, 33.97916666666667], [132.76874999999998, 33.97916666666667], [132.76874999999998, 33.975]]]}}, {"type": "Feature", "properties": {"window_end_month": "2025-12", "window_start_month": "2025-01", "mesh_500m": "503266222", "new_restaurant_permits_12m": 30, "active_mesh_rank": 1, "active_mesh_percentile": 100.0, "active_mesh_zscore": 9.4257, "hotspot_class": "top_5pct_active", "mesh_500m_center_lat": 33.85208333333334, "mesh_500m_center_lon": 132.784375}, "geometry": {"type": "Polygon", "coordinates": [[[132.78125, 33.85], [132.7875, 33.85], [132.7875, 33.85416666666667], [132.78125, 33.85416666666667], [132.78125, 33.85]]]}}, {"type": "Feature", "properties": {"window_end_month": "2025-12", "window_start_month": "2025-01", "mesh_500m": "503256814", "new_restaurant_permits_12m": 11, "active_mesh_rank": 2, "active_mesh_percentile": 99.22, "active_mesh_zscore": 2.9689, "hotspot_class": "top_5pct_active", "mesh_500m_center_lat": 33.82291666666667, "mesh_500m_center_lon": 132.77187499999997}, "geometry": {"type": "Polygon", "coordinates": [[[132.76874999999998, 33.82083333333334], [132.77499999999998, 33.82083333333334], [132.77499999999998, 33.82500000000001], [132.76874999999998, 33.82500000000001], [132.76874999999998, 33.82083333333334]]]}}, {"type": "Feature", "properties": {"window_end_month": "2025-12", "window_start_month": "2025-01", "mesh_500m": "503256823", "new_restaurant_permits_12m": 9, "active_mesh_rank": 3, "active_mesh_percentile": 98.45, "active_mesh_zscore": 2.2892, "hotspot_class": "top_5pct_active", "mesh_500m_center_lat": 33.82291666666667, "mesh_500m_center_lon": 132.778125}, "geometry": {"type": "Polygon", "coordinates": [[[132.775, 33.82083333333334], [132.78125, 33.82083333333334], [132.78125, 33.82500000000001], [132.775, 33.82500000000001], [132.775, 33.82083333333334]]]}}, {"type": "Feature", "properties": {"window_end_month": "2025-12", "window_start_month": "2025-01", "mesh_500m": "503265373", "new_restaurant_permits_12m": 7, "active_mesh_rank": 4, "active_mesh_percentile": 97.67, "active_mesh_zscore": 1.6096, "hotspot_class": "top_5pct_active", "mesh_500m_center_lat": 33.86458333333334, "mesh_500m_center_lon": 132.715625}, "geometry": {"type": "Polygon", "coordinates": [[[132.7125, 33.862500000000004], [132.71875, 33.862500000000004], [132.71875, 33.866666666666674], [132.7125, 33.866666666666674], [132.7125, 33.862500000000004]]]}}, {"type": "Feature", "properties": {"window_end_month": "2025-12", "window_start_month": "2025-01", "mesh_500m": "503255971", "new_restaurant_permits_12m": 5, "active_mesh_rank": 5, "active_mesh_percentile": 96.9, "active_mesh_zscore": 0.9299, "hotspot_class": "top_5pct_active", "mesh_500m_center_lat": 33.827083333333334, "mesh_500m_center_lon": 132.715625}, "geometry": {"type": "Polygon", "coordinates": [[[132.7125, 33.825], [132.71875, 33.825], [132.71875, 33.82916666666667], [132.7125, 33.82916666666667], [132.7125, 33.825]]]}}, {"type": "Feature", "properties": {"window_end_month": "2025-12", "window_start_month": "2025-01", "mesh_500m": "503256712", "new_restaurant_permits_12m": 5, "active_mesh_rank": 6, "active_mesh_percentile": 96.12, "active_mesh_zscore": 0.9299, "hotspot_class": "top_5pct_active", "mesh_500m_center_lat": 33.81041666666667, "mesh_500m_center_lon": 132.77187499999997}, "geometry": {"type": "Polygon", "coordinates": [[[132.76874999999998, 33.80833333333333], [132.77499999999998, 33.80833333333333], [132.77499999999998, 33.8125], [132.76874999999998, 33.8125], [132.76874999999998, 33.80833333333333]]]}}, {"type": "Feature", "properties": {"window_end_month": "2025-12", "window_start_month": "2025-01", "mesh_500m": "503256803", "new_restaurant_permits_12m": 5, "active_mesh_rank": 7, "active_mesh_percentile": 95.35, "active_mesh_zscore": 0.9299, "hotspot_class": "top_5pct_active", "mesh_500m_center_lat": 33.82291666666667, "mesh_500m_center_lon": 132.753125}, "geometry": {"type": "Polygon", "coordinates": [[[132.75, 33.82083333333334], [132.75625, 33.82083333333334], [132.75625, 33.82500000000001], [132.75, 33.82500000000001], [132.75, 33.82083333333334]]]}}, {"type": "Feature", "properties": {"window_end_month": "2025-12", "window_start_month": "2025-01", "mesh_500m": "503256934", "new_restaurant_permits_12m": 5, "active_mesh_rank": 8, "active_mesh_percentile": 94.57, "active_mesh_zscore": 0.9299, "hotspot_class": "top_20pct_active", "mesh_500m_center_lat": 33.83125000000001, "mesh_500m_center_lon": 132.796875}, "geometry": {"type": "Polygon", "coordinates": [[[132.79375, 33.82916666666667], [132.79999999999998, 33.82916666666667], [132.79999999999998, 33.83333333333334], [132.79375, 33.83333333333334], [132.79375, 33.82916666666667]]]}}, {"type": "Feature", "properties": {"window_end_month": "2025-12", "window_start_month": "2025-01", "mesh_500m": "503265372", "new_restaurant_permits_12m": 5, "active_mesh_rank": 9, "active_mesh_percentile": 93.8, "active_mesh_zscore": 0.9299, "hotspot_class": "top_20pct_active", "mesh_500m_center_lat": 33.860416666666666, "mesh_500m_center_lon": 132.721875}, "geometry": {"type": "Polygon", "coordinates": [[[132.71875, 33.858333333333334], [132.725, 33.858333333333334], [132.725, 33.862500000000004], [132.71875, 33.862500000000004], [132.71875, 33.858333333333334]]]}}, {"type": "Feature", "properties": {"window_end_month": "2025-12", "window_start_month": "2025-01", "mesh_500m": "503266101", "new_restaurant_permits_12m": 5, "active_mesh_rank": 10, "active_mesh_percentile": 93.02, "active_mesh_zscore": 0.9299, "hotspot_class": "top_20pct_active", "mesh_500m_center_lat": 33.84375, "mesh_500m_center_lon": 132.753125}, "geometry": {"type": "Polygon", "coordinates": [[[132.75, 33.84166666666667], [132.75625, 33.84166666666667], [132.75625, 33.84583333333334], [132.75, 33.84583333333334], [132.75, 33.84166666666667]]]}}, {"type": "Feature", "properties": {"window_end_month": "2025-12", "window_start_month": "2025-01", "mesh_500m": "503266203", "new_restaurant_permits_12m": 5, "active_mesh_rank": 11, "active_mesh_percentile": 92.25, "active_mesh_zscore": 0.9299, "hotspot_class": "top_20pct_active", "mesh_500m_center_lat": 33.85625, "mesh_500m_center_lon": 132.753125}, "geometry": {"type": "Polygon", "coordinates": [[[132.75, 33.85416666666667], [132.75625, 33.85416666666667], [132.75625, 33.85833333333334], [132.75, 33.85833333333334], [132.75, 33.85416666666667]]]}}, {"type": "Feature", "properties": {"window_end_month": "2025-12", "window_start_month": "2025-01", "mesh_500m": "503266231", "new_restaurant_permits_12m": 5, "active_mesh_rank": 12, "active_mesh_percentile": 91.47, "active_mesh_zscore": 0.9299, "hotspot_class": "top_20pct_active", "mesh_500m_center_lat": 33.85208333333334, "mesh_500m_center_lon": 132.79062499999998}, "geometry": {"type": "Polygon", "coordinates": [[[132.7875, 33.85], [132.79375, 33.85], [132.79375, 33.85416666666667], [132.7875, 33.85416666666667], [132.7875, 33.85]]]}}, {"type": "Feature", "properties": {"window_end_month": "2025-12", "window_start_month": "2025-01", "mesh_500m": "503255992", "new_restaurant_permits_12m": 4, "active_mesh_rank": 13, "active_mesh_percentile": 90.7, "active_mesh_zscore": 0.5901, "hotspot_class": "top_20pct_active", "mesh_500m_center_lat": 33.827083333333334, "mesh_500m_center_lon": 132.746875}, "geometry": {"type": "Polygon", "coordinates": [[[132.74375, 33.825], [132.75, 33.825], [132.75, 33.82916666666667], [132.74375, 33.82916666666667], [132.74375, 33.825]]]}}, {"type": "Feature", "properties": {"window_end_month": "2025-12", "window_start_month": "2025-01", "mesh_500m": "503256711", "new_restaurant_permits_12m": 4, "active_mesh_rank": 14, "active_mesh_percentile": 89.92, "active_mesh_zscore": 0.5901, "hotspot_class": "top_20pct_active", "mesh_500m_center_lat": 33.81041666666667, "mesh_500m_center_lon": 132.765625}, "geometry": {"type": "Polygon", "coordinates": [[[132.7625, 33.80833333333333], [132.76874999999998, 33.80833333333333], [132.76874999999998, 33.8125], [132.7625, 33.8125], [132.7625, 33.80833333333333]]]}}, {"type": "Feature", "properties": {"window_end_month": "2025-12", "window_start_month": "2025-01", "mesh_500m": "503256732", "new_restaurant_permits_12m": 4, "active_mesh_rank": 15, "active_mesh_percentile": 89.15, "active_mesh_zscore": 0.5901, "hotspot_class": "top_20pct_active", "mesh_500m_center_lat": 33.81041666666667, "mesh_500m_center_lon": 132.796875}, "geometry": {"type": "Polygon", "coordinates": [[[132.79375, 33.80833333333333], [132.79999999999998, 33.80833333333333], [132.79999999999998, 33.8125], [132.79375, 33.8125], [132.79375, 33.80833333333333]]]}}, {"type": "Feature", "properties": {"window_end_month": "2025-12", "window_start_month": "2025-01", "mesh_500m": "503256902", "new_restaurant_permits_12m": 4, "active_mesh_rank": 16, "active_mesh_percentile": 88.37, "active_mesh_zscore": 0.5901, "hotspot_class": "top_20pct_active", "mesh_500m_center_lat": 33.827083333333334, "mesh_500m_center_lon": 132.75937499999998}, "geometry": {"type": "Polygon", "coordinates": [[[132.75625, 33.825], [132.7625, 33.825], [132.7625, 33.82916666666667], [132.75625, 33.82916666666667], [132.75625, 33.825]]]}}, {"type": "Feature", "properties": {"window_end_month": "2025-12", "window_start_month": "2025-01", "mesh_500m": "503256914", "new_restaurant_permits_12m": 4, "active_mesh_rank": 17, "active_mesh_percentile": 87.6, "active_mesh_zscore": 0.5901, "hotspot_class": "top_20pct_active", "mesh_500m_center_lat": 33.83125000000001, "mesh_500m_center_lon": 132.77187499999997}, "geometry": {"type": "Polygon", "coordinates": [[[132.76874999999998, 33.82916666666667], [132.77499999999998, 33.82916666666667], [132.77499999999998, 33.83333333333334], [132.76874999999998, 33.83333333333334], [132.76874999999998, 33.82916666666667]]]}}, {"type": "Feature", "properties": {"window_end_month": "2025-12", "window_start_month": "2025-01", "mesh_500m": "503256923", "new_restaurant_permits_12m": 4, "active_mesh_rank": 18, "active_mesh_percentile": 86.82, "active_mesh_zscore": 0.5901, "hotspot_class": "top_20pct_active", "mesh_500m_center_lat": 33.83125000000001, "mesh_500m_center_lon": 132.778125}, "geometry": {"type": "Polygon", "coordinates": [[[132.775, 33.82916666666667], [132.78125, 33.82916666666667], [132.78125, 33.83333333333334], [132.775, 33.83333333333334], [132.775, 33.82916666666667]]]}}, {"type": "Feature", "properties": {"window_end_month": "2025-12", "window_start_month": "2025-01", "mesh_500m": "503256931", "new_restaurant_permits_12m": 4, "active_mesh_rank": 19, "active_mesh_percentile": 86.05, "active_mesh_zscore": 0.5901, "hotspot_class": "top_20pct_active", "mesh_500m_center_lat": 33.827083333333334, "mesh_500m_center_lon": 132.79062499999998}, "geometry": {"type": "Polygon", "coordinates": [[[132.7875, 33.825], [132.79375, 33.825], [132.79375, 33.82916666666667], [132.7875, 33.82916666666667], [132.7875, 33.825]]]}}, {"type": "Feature", "properties": {"window_end_month": "2025-12", "window_start_month": "2025-01", "mesh_500m": "503266022", "new_restaurant_permits_12m": 4, "active_mesh_rank": 20, "active_mesh_percentile": 85.27, "active_mesh_zscore": 0.5901, "hotspot_class": "top_20pct_active", "mesh_500m_center_lat": 33.835416666666674, "mesh_500m_center_lon": 132.784375}, "geometry": {"type": "Polygon", "coordinates": [[[132.78125, 33.833333333333336], [132.7875, 33.833333333333336], [132.7875, 33.837500000000006], [132.78125, 33.837500000000006], [132.78125, 33.833333333333336]]]}}, {"type": "Feature", "properties": {"window_end_month": "2025-12", "window_start_month": "2025-01", "mesh_500m": "503255782", "new_restaurant_permits_12m": 3, "active_mesh_rank": 21, "active_mesh_percentile": 84.5, "active_mesh_zscore": 0.2503, "hotspot_class": "top_20pct_active", "mesh_500m_center_lat": 33.81041666666667, "mesh_500m_center_lon": 132.734375}, "geometry": {"type": "Polygon", "coordinates": [[[132.73125, 33.80833333333333], [132.73749999999998, 33.80833333333333], [132.73749999999998, 33.8125], [132.73125, 33.8125], [132.73125, 33.80833333333333]]]}}, {"type": "Feature", "properties": {"window_end_month": "2025-12", "window_start_month": "2025-01", "mesh_500m": "503256634", "new_restaurant_permits_12m": 3, "active_mesh_rank": 22, "active_mesh_percentile": 83.72, "active_mesh_zscore": 0.2503, "hotspot_class": "top_20pct_active", "mesh_500m_center_lat": 33.806250000000006, "mesh_500m_center_lon": 132.796875}, "geometry": {"type": "Polygon", "coordinates": [[[132.79375, 33.80416666666667], [132.79999999999998, 33.80416666666667], [132.79999999999998, 33.80833333333334], [132.79375, 33.80833333333334], [132.79375, 33.80416666666667]]]}}, {"type": "Feature", "properties": {"window_end_month": "2025-12", "window_start_month": "2025-01", "mesh_500m": "503256702", "new_restaurant_permits_12m": 3, "active_mesh_rank": 23, "active_mesh_percentile": 82.95, "active_mesh_zscore": 0.2503, "hotspot_class": "top_20pct_active", "mesh_500m_center_lat": 33.81041666666667, "mesh_500m_center_lon": 132.75937499999998}, "geometry": {"type": "Polygon", "coordinates": [[[132.75625, 33.80833333333333], [132.7625, 33.80833333333333], [132.7625, 33.8125], [132.75625, 33.8125], [132.75625, 33.80833333333333]]]}}, {"type": "Feature", "properties": {"window_end_month": "2025-12", "window_start_month": "2025-01", "mesh_500m": "503256704", "new_restaurant_permits_12m": 3, "active_mesh_rank": 24, "active_mesh_percentile": 82.17, "active_mesh_zscore": 0.2503, "hotspot_class": "top_20pct_active", "mesh_500m_center_lat": 33.81458333333333, "mesh_500m_center_lon": 132.75937499999998}, "geometry": {"type": "Polygon", "coordinates": [[[132.75625, 33.8125], [132.7625, 33.8125], [132.7625, 33.81666666666667], [132.75625, 33.81666666666667], [132.75625, 33.8125]]]}}, {"type": "Feature", "properties": {"window_end_month": "2025-12", "window_start_month": "2025-01", "mesh_500m": "503256721", "new_restaurant_permits_12m": 3, "active_mesh_rank": 25, "active_mesh_percentile": 81.4, "active_mesh_zscore": 0.2503, "hotspot_class": "top_20pct_active", "mesh_500m_center_lat": 33.81041666666667, "mesh_500m_center_lon": 132.778125}, "geometry": {"type": "Polygon", "coordinates": [[[132.775, 33.80833333333333], [132.78125, 33.80833333333333], [132.78125, 33.8125], [132.775, 33.8125], [132.775, 33.80833333333333]]]}}, {"type": "Feature", "properties": {"window_end_month": "2025-12", "window_start_month": "2025-01", "mesh_500m": "503256741", "new_restaurant_permits_12m": 3, "active_mesh_rank": 26, "active_mesh_percentile": 80.62, "active_mesh_zscore": 0.2503, "hotspot_class": "top_20pct_active", "mesh_500m_center_lat": 33.81041666666667, "mesh_500m_center_lon": 132.80312500000002}, "geometry": {"type": "Polygon", "coordinates": [[[132.8, 33.80833333333333], [132.80625, 33.80833333333333], [132.80625, 33.8125], [132.8, 33.8125], [132.8, 33.80833333333333]]]}}, {"type": "Feature", "properties": {"window_end_month": "2025-12", "window_start_month": "2025-01", "mesh_500m": "503256821", "new_restaurant_permits_12m": 3, "active_mesh_rank": 27, "active_mesh_percentile": 79.84, "active_mesh_zscore": 0.2503, "hotspot_class": "other_active", "mesh_500m_center_lat": 33.81875000000001, "mesh_500m_center_lon": 132.778125}, "geometry": {"type": "Polygon", "coordinates": [[[132.775, 33.81666666666667], [132.78125, 33.81666666666667], [132.78125, 33.82083333333334], [132.775, 33.82083333333334], [132.775, 33.81666666666667]]]}}, {"type": "Feature", "properties": {"window_end_month": "2025-12", "window_start_month": "2025-01", "mesh_500m": "503256924", "new_restaurant_permits_12m": 3, "active_mesh_rank": 28, "active_mesh_percentile": 79.07, "active_mesh_zscore": 0.2503, "hotspot_class": "other_active", "mesh_500m_center_lat": 33.83125000000001, "mesh_500m_center_lon": 132.784375}, "geometry": {"type": "Polygon", "coordinates": [[[132.78125, 33.82916666666667], [132.7875, 33.82916666666667], [132.7875, 33.83333333333334], [132.78125, 33.83333333333334], [132.78125, 33.82916666666667]]]}}, {"type": "Feature", "properties": {"window_end_month": "2025-12", "window_start_month": "2025-01", "mesh_500m": "503265283", "new_restaurant_permits_12m": 3, "active_mesh_rank": 29, "active_mesh_percentile": 78.29, "active_mesh_zscore": 0.2503, "hotspot_class": "other_active", "mesh_500m_center_lat": 33.85625, "mesh_500m_center_lon": 132.72812499999998}, "geometry": {"type": "Polygon", "coordinates": [[[132.725, 33.85416666666667], [132.73125, 33.85416666666667], [132.73125, 33.85833333333334], [132.725, 33.85833333333334], [132.725, 33.85416666666667]]]}}, {"type": "Feature", "properties": {"window_end_month": "2025-12", "window_start_month": "2025-01", "mesh_500m": "503265371", "new_restaurant_permits_12m": 3, "active_mesh_rank": 30, "active_mesh_percentile": 77.52, "active_mesh_zscore": 0.2503, "hotspot_class": "other_active", "mesh_500m_center_lat": 33.860416666666666, "mesh_500m_center_lon": 132.715625}, "geometry": {"type": "Polygon", "coordinates": [[[132.7125, 33.858333333333334], [132.71875, 33.858333333333334], [132.71875, 33.862500000000004], [132.7125, 33.862500000000004], [132.7125, 33.858333333333334]]]}}, {"type": "Feature", "properties": {"window_end_month": "2025-12", "window_start_month": "2025-01", "mesh_500m": "503265381", "new_restaurant_permits_12m": 3, "active_mesh_rank": 31, "active_mesh_percentile": 76.74, "active_mesh_zscore": 0.2503, "hotspot_class": "other_active", "mesh_500m_center_lat": 33.860416666666666, "mesh_500m_center_lon": 132.72812499999998}, "geometry": {"type": "Polygon", "coordinates": [[[132.725, 33.858333333333334], [132.73125, 33.858333333333334], [132.73125, 33.862500000000004], [132.725, 33.862500000000004], [132.725, 33.858333333333334]]]}}, {"type": "Feature", "properties": {"window_end_month": "2025-12", "window_start_month": "2025-01", "mesh_500m": "503266024", "new_restaurant_permits_12m": 3, "active_mesh_rank": 32, "active_mesh_percentile": 75.97, "active_mesh_zscore": 0.2503, "hotspot_class": "other_active", "mesh_500m_center_lat": 33.83958333333334, "mesh_500m_center_lon": 132.784375}, "geometry": {"type": "Polygon", "coordinates": [[[132.78125, 33.837500000000006], [132.7875, 33.837500000000006], [132.7875, 33.841666666666676], [132.78125, 33.841666666666676], [132.78125, 33.837500000000006]]]}}, {"type": "Feature", "properties": {"window_end_month": "2025-12", "window_start_month": "2025-01", "mesh_500m": "503266303", "new_restaurant_permits_12m": 3, "active_mesh_rank": 33, "active_mesh_percentile": 75.19, "active_mesh_zscore": 0.2503, "hotspot_class": "other_active", "mesh_500m_center_lat": 33.86458333333334, "mesh_500m_center_lon": 132.753125}, "geometry": {"type": "Polygon", "coordinates": [[[132.75, 33.862500000000004], [132.75625, 33.862500000000004], [132.75625, 33.866666666666674], [132.75, 33.866666666666674], [132.75, 33.862500000000004]]]}}, {"type": "Feature", "properties": {"window_end_month": "2025-12", "window_start_month": "2025-01", "mesh_500m": "503276521", "new_restaurant_permits_12m": 3, "active_mesh_rank": 34, "active_mesh_percentile": 74.42, "active_mesh_zscore": 0.2503, "hotspot_class": "other_active", "mesh_500m_center_lat": 33.960416666666674, "mesh_500m_center_lon": 132.778125}, "geometry": {"type": "Polygon", "coordinates": [[[132.775, 33.958333333333336], [132.78125, 33.958333333333336], [132.78125, 33.962500000000006], [132.775, 33.962500000000006], [132.775, 33.958333333333336]]]}}, {"type": "Feature", "properties": {"window_end_month": "2025-12", "window_start_month": "2025-01", "mesh_500m": "503255683", "new_restaurant_permits_12m": 2, "active_mesh_rank": 35, "active_mesh_percentile": 73.64, "active_mesh_zscore": -0.0896, "hotspot_class": "other_active", "mesh_500m_center_lat": 33.806250000000006, "mesh_500m_center_lon": 132.72812499999998}, "geometry": {"type": "Polygon", "coordinates": [[[132.725, 33.80416666666667], [132.73125, 33.80416666666667], [132.73125, 33.80833333333334], [132.725, 33.80833333333334], [132.725, 33.80416666666667]]]}}, {"type": "Feature", "properties": {"window_end_month": "2025-12", "window_start_month": "2025-01", "mesh_500m": "503255982", "new_restaurant_permits_12m": 2, "active_mesh_rank": 36, "active_mesh_percentile": 72.87, "active_mesh_zscore": -0.0896, "hotspot_class": "other_active", "mesh_500m_center_lat": 33.827083333333334, "mesh_500m_center_lon": 132.734375}, "geometry": {"type": "Polygon", "coordinates": [[[132.73125, 33.825], [132.73749999999998, 33.825], [132.73749999999998, 33.82916666666667], [132.73125, 33.82916666666667], [132.73125, 33.825]]]}}, {"type": "Feature", "properties": {"window_end_month": "2025-12", "window_start_month": "2025-01", "mesh_500m": "503255983", "new_restaurant_permits_12m": 2, "active_mesh_rank": 37, "active_mesh_percentile": 72.09, "active_mesh_zscore": -0.0896, "hotspot_class": "other_active", "mesh_500m_center_lat": 33.83125000000001, "mesh_500m_center_lon": 132.72812499999998}, "geometry": {"type": "Polygon", "coordinates": [[[132.725, 33.82916666666667], [132.73125, 33.82916666666667], [132.73125, 33.83333333333334], [132.725, 33.83333333333334], [132.725, 33.82916666666667]]]}}, {"type": "Feature", "properties": {"window_end_month": "2025-12", "window_start_month": "2025-01", "mesh_500m": "503256801", "new_restaurant_permits_12m": 2, "active_mesh_rank": 38, "active_mesh_percentile": 71.32, "active_mesh_zscore": -0.0896, "hotspot_class": "other_active", "mesh_500m_center_lat": 33.81875000000001, "mesh_500m_center_lon": 132.753125}, "geometry": {"type": "Polygon", "coordinates": [[[132.75, 33.81666666666667], [132.75625, 33.81666666666667], [132.75625, 33.82083333333334], [132.75, 33.82083333333334], [132.75, 33.81666666666667]]]}}, {"type": "Feature", "properties": {"window_end_month": "2025-12", "window_start_month": "2025-01", "mesh_500m": "503256802", "new_restaurant_permits_12m": 2, "active_mesh_rank": 39, "active_mesh_percentile": 70.54, "active_mesh_zscore": -0.0896, "hotspot_class": "other_active", "mesh_500m_center_lat": 33.81875000000001, "mesh_500m_center_lon": 132.75937499999998}, "geometry": {"type": "Polygon", "coordinates": [[[132.75625, 33.81666666666667], [132.7625, 33.81666666666667], [132.7625, 33.82083333333334], [132.75625, 33.82083333333334], [132.75625, 33.81666666666667]]]}}, {"type": "Feature", "properties": {"window_end_month": "2025-12", "window_start_month": "2025-01", "mesh_500m": "503256804", "new_restaurant_permits_12m": 2, "active_mesh_rank": 40, "active_mesh_percentile": 69.77, "active_mesh_zscore": -0.0896, "hotspot_class": "other_active", "mesh_500m_center_lat": 33.82291666666667, "mesh_500m_center_lon": 132.75937499999998}, "geometry": {"type": "Polygon", "coordinates": [[[132.75625, 33.82083333333334], [132.7625, 33.82083333333334], [132.7625, 33.82500000000001], [132.75625, 33.82500000000001], [132.75625, 33.82083333333334]]]}}, {"type": "Feature", "properties": {"window_end_month": "2025-12", "window_start_month": "2025-01", "mesh_500m": "503256811", "new_restaurant_permits_12m": 2, "active_mesh_rank": 41, "active_mesh_percentile": 68.99, "active_mesh_zscore": -0.0896, "hotspot_class": "other_active", "mesh_500m_center_lat": 33.81875000000001, "mesh_500m_center_lon": 132.765625}, "geometry": {"type": "Polygon", "coordinates": [[[132.7625, 33.81666666666667], [132.76874999999998, 33.81666666666667], [132.76874999999998, 33.82083333333334], [132.7625, 33.82083333333334], [132.7625, 33.81666666666667]]]}}, {"type": "Feature", "properties": {"window_end_month": "2025-12", "window_start_month": "2025-01", "mesh_500m": "503256911", "new_restaurant_permits_12m": 2, "active_mesh_rank": 42, "active_mesh_percentile": 68.22, "active_mesh_zscore": -0.0896, "hotspot_class": "other_active", "mesh_500m_center_lat": 33.827083333333334, "mesh_500m_center_lon": 132.765625}, "geometry": {"type": "Polygon", "coordinates": [[[132.7625, 33.825], [132.76874999999998, 33.825], [132.76874999999998, 33.82916666666667], [132.7625, 33.82916666666667], [132.7625, 33.825]]]}}, {"type": "Feature", "properties": {"window_end_month": "2025-12", "window_start_month": "2025-01", "mesh_500m": "503256912", "new_restaurant_permits_12m": 2, "active_mesh_rank": 43, "active_mesh_percentile": 67.44, "active_mesh_zscore": -0.0896, "hotspot_class": "other_active", "mesh_500m_center_lat": 33.827083333333334, "mesh_500m_center_lon": 132.77187499999997}, "geometry": {"type": "Polygon", "coordinates": [[[132.76874999999998, 33.825], [132.77499999999998, 33.825], [132.77499999999998, 33.82916666666667], [132.76874999999998, 33.82916666666667], [132.76874999999998, 33.825]]]}}, {"type": "Feature", "properties": {"window_end_month": "2025-12", "window_start_month": "2025-01", "mesh_500m": "503256933", "new_restaurant_permits_12m": 2, "active_mesh_rank": 44, "active_mesh_percentile": 66.67, "active_mesh_zscore": -0.0896, "hotspot_class": "other_active", "mesh_500m_center_lat": 33.83125000000001, "mesh_500m_center_lon": 132.79062499999998}, "geometry": {"type": "Polygon", "coordinates": [[[132.7875, 33.82916666666667], [132.79375, 33.82916666666667], [132.79375, 33.83333333333334], [132.7875, 33.83333333333334], [132.7875, 33.82916666666667]]]}}, {"type": "Feature", "properties": {"window_end_month": "2025-12", "window_start_month": "2025-01", "mesh_500m": "503265092", "new_restaurant_permits_12m": 2, "active_mesh_rank": 45, "active_mesh_percentile": 65.89, "active_mesh_zscore": -0.0896, "hotspot_class": "other_active", "mesh_500m_center_lat": 33.835416666666674, "mesh_500m_center_lon": 132.746875}, "geometry": {"type": "Polygon", "coordinates": [[[132.74375, 33.833333333333336], [132.75, 33.833333333333336], [132.75, 33.837500000000006], [132.74375, 33.837500000000006], [132.74375, 33.833333333333336]]]}}, {"type": "Feature", "properties": {"window_end_month": "2025-12", "window_start_month": "2025-01", "mesh_500m": "503265273", "new_restaurant_permits_12m": 2, "active_mesh_rank": 46, "active_mesh_percentile": 65.12, "active_mesh_zscore": -0.0896, "hotspot_class": "other_active", "mesh_500m_center_lat": 33.85625, "mesh_500m_center_lon": 132.715625}, "geometry": {"type": "Polygon", "coordinates": [[[132.7125, 33.85416666666667], [132.71875, 33.85416666666667], [132.71875, 33.85833333333334], [132.7125, 33.85833333333334], [132.7125, 33.85416666666667]]]}}, {"type": "Feature", "properties": {"window_end_month": "2025-12", "window_start_month": "2025-01", "mesh_500m": "503265274", "new_restaurant_permits_12m": 2, "active_mesh_rank": 47, "active_mesh_percentile": 64.34, "active_mesh_zscore": -0.0896, "hotspot_class": "other_active", "mesh_500m_center_lat": 33.85625, "mesh_500m_center_lon": 132.721875}, "geometry": {"type": "Polygon", "coordinates": [[[132.71875, 33.85416666666667], [132.725, 33.85416666666667], [132.725, 33.85833333333334], [132.71875, 33.85833333333334], [132.71875, 33.85416666666667]]]}}, {"type": "Feature", "properties": {"window_end_month": "2025-12", "window_start_month": "2025-01", "mesh_500m": "503265292", "new_restaurant_permits_12m": 2, "active_mesh_rank": 48, "active_mesh_percentile": 63.57, "active_mesh_zscore": -0.0896, "hotspot_class": "other_active", "mesh_500m_center_lat": 33.85208333333334, "mesh_500m_center_lon": 132.746875}, "geometry": {"type": "Polygon", "coordinates": [[[132.74375, 33.85], [132.75, 33.85], [132.75, 33.85416666666667], [132.74375, 33.85416666666667], [132.74375, 33.85]]]}}, {"type": "Feature", "properties": {"window_end_month": "2025-12", "window_start_month": "2025-01", "mesh_500m": "503265383", "new_restaurant_permits_12m": 2, "active_mesh_rank": 49, "active_mesh_percentile": 62.79, "active_mesh_zscore": -0.0896, "hotspot_class": "other_active", "mesh_500m_center_lat": 33.86458333333334, "mesh_500m_center_lon": 132.72812499999998}, "geometry": {"type": "Polygon", "coordinates": [[[132.725, 33.862500000000004], [132.73125, 33.862500000000004], [132.73125, 33.866666666666674], [132.725, 33.866666666666674], [132.725, 33.862500000000004]]]}}, {"type": "Feature", "properties": {"window_end_month": "2025-12", "window_start_month": "2025-01", "mesh_500m": "503266021", "new_restaurant_permits_12m": 2, "active_mesh_rank": 50, "active_mesh_percentile": 62.02, "active_mesh_zscore": -0.0896, "hotspot_class": "other_active", "mesh_500m_center_lat": 33.835416666666674, "mesh_500m_center_lon": 132.778125}, "geometry": {"type": "Polygon", "coordinates": [[[132.775, 33.833333333333336], [132.78125, 33.833333333333336], [132.78125, 33.837500000000006], [132.775, 33.837500000000006], [132.775, 33.833333333333336]]]}}, {"type": "Feature", "properties": {"window_end_month": "2025-12", "window_start_month": "2025-01", "mesh_500m": "503266031", "new_restaurant_permits_12m": 2, "active_mesh_rank": 51, "active_mesh_percentile": 61.24, "active_mesh_zscore": -0.0896, "hotspot_class": "other_active", "mesh_500m_center_lat": 33.835416666666674, "mesh_500m_center_lon": 132.79062499999998}, "geometry": {"type": "Polygon", "coordinates": [[[132.7875, 33.833333333333336], [132.79375, 33.833333333333336], [132.79375, 33.837500000000006], [132.7875, 33.837500000000006], [132.7875, 33.833333333333336]]]}}, {"type": "Feature", "properties": {"window_end_month": "2025-12", "window_start_month": "2025-01", "mesh_500m": "503266033", "new_restaurant_permits_12m": 2, "active_mesh_rank": 52, "active_mesh_percentile": 60.47, "active_mesh_zscore": -0.0896, "hotspot_class": "other_active", "mesh_500m_center_lat": 33.83958333333334, "mesh_500m_center_lon": 132.79062499999998}, "geometry": {"type": "Polygon", "coordinates": [[[132.7875, 33.837500000000006], [132.79375, 33.837500000000006], [132.79375, 33.841666666666676], [132.7875, 33.841666666666676], [132.7875, 33.837500000000006]]]}}, {"type": "Feature", "properties": {"window_end_month": "2025-12", "window_start_month": "2025-01", "mesh_500m": "503266103", "new_restaurant_permits_12m": 2, "active_mesh_rank": 53, "active_mesh_percentile": 59.69, "active_mesh_zscore": -0.0896, "hotspot_class": "other_active", "mesh_500m_center_lat": 33.84791666666668, "mesh_500m_center_lon": 132.753125}, "geometry": {"type": "Polygon", "coordinates": [[[132.75, 33.84583333333334], [132.75625, 33.84583333333334], [132.75625, 33.85000000000001], [132.75, 33.85000000000001], [132.75, 33.84583333333334]]]}}, {"type": "Feature", "properties": {"window_end_month": "2025-12", "window_start_month": "2025-01", "mesh_500m": "503266212", "new_restaurant_permits_12m": 2, "active_mesh_rank": 54, "active_mesh_percentile": 58.91, "active_mesh_zscore": -0.0896, "hotspot_class": "other_active", "mesh_500m_center_lat": 33.85208333333334, "mesh_500m_center_lon": 132.77187499999997}, "geometry": {"type": "Polygon", "coordinates": [[[132.76874999999998, 33.85], [132.77499999999998, 33.85], [132.77499999999998, 33.85416666666667], [132.76874999999998, 33.85416666666667], [132.76874999999998, 33.85]]]}}, {"type": "Feature", "properties": {"window_end_month": "2025-12", "window_start_month": "2025-01", "mesh_500m": "503266221", "new_restaurant_permits_12m": 2, "active_mesh_rank": 55, "active_mesh_percentile": 58.14, "active_mesh_zscore": -0.0896, "hotspot_class": "other_active", "mesh_500m_center_lat": 33.85208333333334, "mesh_500m_center_lon": 132.778125}, "geometry": {"type": "Polygon", "coordinates": [[[132.775, 33.85], [132.78125, 33.85], [132.78125, 33.85416666666667], [132.775, 33.85416666666667], [132.775, 33.85]]]}}, {"type": "Feature", "properties": {"window_end_month": "2025-12", "window_start_month": "2025-01", "mesh_500m": "503266223", "new_restaurant_permits_12m": 2, "active_mesh_rank": 56, "active_mesh_percentile": 57.36, "active_mesh_zscore": -0.0896, "hotspot_class": "other_active", "mesh_500m_center_lat": 33.85625, "mesh_500m_center_lon": 132.778125}, "geometry": {"type": "Polygon", "coordinates": [[[132.775, 33.85416666666667], [132.78125, 33.85416666666667], [132.78125, 33.85833333333334], [132.775, 33.85833333333334], [132.775, 33.85416666666667]]]}}, {"type": "Feature", "properties": {"window_end_month": "2025-12", "window_start_month": "2025-01", "mesh_500m": "503266301", "new_restaurant_permits_12m": 2, "active_mesh_rank": 57, "active_mesh_percentile": 56.59, "active_mesh_zscore": -0.0896, "hotspot_class": "other_active", "mesh_500m_center_lat": 33.860416666666666, "mesh_500m_center_lon": 132.753125}, "geometry": {"type": "Polygon", "coordinates": [[[132.75, 33.858333333333334], [132.75625, 33.858333333333334], [132.75625, 33.862500000000004], [132.75, 33.862500000000004], [132.75, 33.858333333333334]]]}}, {"type": "Feature", "properties": {"window_end_month": "2025-12", "window_start_month": "2025-01", "mesh_500m": "503266403", "new_restaurant_permits_12m": 2, "active_mesh_rank": 58, "active_mesh_percentile": 55.81, "active_mesh_zscore": -0.0896, "hotspot_class": "other_active", "mesh_500m_center_lat": 33.87291666666667, "mesh_500m_center_lon": 132.753125}, "geometry": {"type": "Polygon", "coordinates": [[[132.75, 33.87083333333334], [132.75625, 33.87083333333334], [132.75625, 33.87500000000001], [132.75, 33.87500000000001], [132.75, 33.87083333333334]]]}}, {"type": "Feature", "properties": {"window_end_month": "2025-12", "window_start_month": "2025-01", "mesh_500m": "503276314", "new_restaurant_permits_12m": 2, "active_mesh_rank": 59, "active_mesh_percentile": 55.04, "active_mesh_zscore": -0.0896, "hotspot_class": "other_active", "mesh_500m_center_lat": 33.94791666666667, "mesh_500m_center_lon": 132.77187499999997}, "geometry": {"type": "Polygon", "coordinates": [[[132.76874999999998, 33.94583333333334], [132.77499999999998, 33.94583333333334], [132.77499999999998, 33.95000000000001], [132.76874999999998, 33.95000000000001], [132.76874999999998, 33.94583333333334]]]}}, {"type": "Feature", "properties": {"window_end_month": "2025-12", "window_start_month": "2025-01", "mesh_500m": "503276421", "new_restaurant_permits_12m": 2, "active_mesh_rank": 60, "active_mesh_percentile": 54.26, "active_mesh_zscore": -0.0896, "hotspot_class": "other_active", "mesh_500m_center_lat": 33.952083333333334, "mesh_500m_center_lon": 132.778125}, "geometry": {"type": "Polygon", "coordinates": [[[132.775, 33.95], [132.78125, 33.95], [132.78125, 33.95416666666667], [132.775, 33.95416666666667], [132.775, 33.95]]]}}, {"type": "Feature", "properties": {"window_end_month": "2025-12", "window_start_month": "2025-01", "mesh_500m": "503255783", "new_restaurant_permits_12m": 1, "active_mesh_rank": 61, "active_mesh_percentile": 53.49, "active_mesh_zscore": -0.4294, "hotspot_class": "other_active", "mesh_500m_center_lat": 33.81458333333333, "mesh_500m_center_lon": 132.72812499999998}, "geometry": {"type": "Polygon", "coordinates": [[[132.725, 33.8125], [132.73125, 33.8125], [132.73125, 33.81666666666667], [132.725, 33.81666666666667], [132.725, 33.8125]]]}}, {"type": "Feature", "properties": {"window_end_month": "2025-12", "window_start_month": "2025-01", "mesh_500m": "503255792", "new_restaurant_permits_12m": 1, "active_mesh_rank": 62, "active_mesh_percentile": 52.71, "active_mesh_zscore": -0.4294, "hotspot_class": "other_active", "mesh_500m_center_lat": 33.81041666666667, "mesh_500m_center_lon": 132.746875}, "geometry": {"type": "Polygon", "coordinates": [[[132.74375, 33.80833333333333], [132.75, 33.80833333333333], [132.75, 33.8125], [132.74375, 33.8125], [132.74375, 33.80833333333333]]]}}, {"type": "Feature", "properties": {"window_end_month": "2025-12", "window_start_month": "2025-01", "mesh_500m": "503255793", "new_restaurant_permits_12m": 1, "active_mesh_rank": 63, "active_mesh_percentile": 51.94, "active_mesh_zscore": -0.4294, "hotspot_class": "other_active", "mesh_500m_center_lat": 33.81458333333333, "mesh_500m_center_lon": 132.74062500000002}, "geometry": {"type": "Polygon", "coordinates": [[[132.7375, 33.8125], [132.74375, 33.8125], [132.74375, 33.81666666666667], [132.7375, 33.81666666666667], [132.7375, 33.8125]]]}}, {"type": "Feature", "properties": {"window_end_month": "2025-12", "window_start_month": "2025-01", "mesh_500m": "503255794", "new_restaurant_permits_12m": 1, "active_mesh_rank": 64, "active_mesh_percentile": 51.16, "active_mesh_zscore": -0.4294, "hotspot_class": "other_active", "mesh_500m_center_lat": 33.81458333333333, "mesh_500m_center_lon": 132.746875}, "geometry": {"type": "Polygon", "coordinates": [[[132.74375, 33.8125], [132.75, 33.8125], [132.75, 33.81666666666667], [132.74375, 33.81666666666667], [132.74375, 33.8125]]]}}, {"type": "Feature", "properties": {"window_end_month": "2025-12", "window_start_month": "2025-01", "mesh_500m": "503255854", "new_restaurant_permits_12m": 1, "active_mesh_rank": 65, "active_mesh_percentile": 50.39, "active_mesh_zscore": -0.4294, "hotspot_class": "other_active", "mesh_500m_center_lat": 33.82291666666667, "mesh_500m_center_lon": 132.69687499999998}, "geometry": {"type": "Polygon", "coordinates": [[[132.69375, 33.82083333333334], [132.7, 33.82083333333334], [132.7, 33.82500000000001], [132.69375, 33.82500000000001], [132.69375, 33.82083333333334]]]}}, {"type": "Feature", "properties": {"window_end_month": "2025-12", "window_start_month": "2025-01", "mesh_500m": "503255873", "new_restaurant_permits_12m": 1, "active_mesh_rank": 66, "active_mesh_percentile": 49.61, "active_mesh_zscore": -0.4294, "hotspot_class": "other_active", "mesh_500m_center_lat": 33.82291666666667, "mesh_500m_center_lon": 132.715625}, "geometry": {"type": "Polygon", "coordinates": [[[132.7125, 33.82083333333334], [132.71875, 33.82083333333334], [132.71875, 33.82500000000001], [132.7125, 33.82500000000001], [132.7125, 33.82083333333334]]]}}, {"type": "Feature", "properties": {"window_end_month": "2025-12", "window_start_month": "2025-01", "mesh_500m": "503255892", "new_restaurant_permits_12m": 1, "active_mesh_rank": 67, "active_mesh_percentile": 48.84, "active_mesh_zscore": -0.4294, "hotspot_class": "other_active", "mesh_500m_center_lat": 33.81875000000001, "mesh_500m_center_lon": 132.746875}, "geometry": {"type": "Polygon", "coordinates": [[[132.74375, 33.81666666666667], [132.75, 33.81666666666667], [132.75, 33.82083333333334], [132.74375, 33.82083333333334], [132.74375, 33.81666666666667]]]}}, {"type": "Feature", "properties": {"window_end_month": "2025-12", "window_start_month": "2025-01", "mesh_500m": "503255893", "new_restaurant_permits_12m": 1, "active_mesh_rank": 68, "active_mesh_percentile": 48.06, "active_mesh_zscore": -0.4294, "hotspot_class": "other_active", "mesh_500m_center_lat": 33.82291666666667, "mesh_500m_center_lon": 132.74062500000002}, "geometry": {"type": "Polygon", "coordinates": [[[132.7375, 33.82083333333334], [132.74375, 33.82083333333334], [132.74375, 33.82500000000001], [132.7375, 33.82500000000001], [132.7375, 33.82083333333334]]]}}, {"type": "Feature", "properties": {"window_end_month": "2025-12", "window_start_month": "2025-01", "mesh_500m": "503255894", "new_restaurant_permits_12m": 1, "active_mesh_rank": 69, "active_mesh_percentile": 47.29, "active_mesh_zscore": -0.4294, "hotspot_class": "other_active", "mesh_500m_center_lat": 33.82291666666667, "mesh_500m_center_lon": 132.746875}, "geometry": {"type": "Polygon", "coordinates": [[[132.74375, 33.82083333333334], [132.75, 33.82083333333334], [132.75, 33.82500000000001], [132.74375, 33.82500000000001], [132.74375, 33.82083333333334]]]}}, {"type": "Feature", "properties": {"window_end_month": "2025-12", "window_start_month": "2025-01", "mesh_500m": "503255964", "new_restaurant_permits_12m": 1, "active_mesh_rank": 70, "active_mesh_percentile": 46.51, "active_mesh_zscore": -0.4294, "hotspot_class": "other_active", "mesh_500m_center_lat": 33.83125000000001, "mesh_500m_center_lon": 132.70937499999997}, "geometry": {"type": "Polygon", "coordinates": [[[132.70624999999998, 33.82916666666667], [132.71249999999998, 33.82916666666667], [132.71249999999998, 33.83333333333334], [132.70624999999998, 33.83333333333334], [132.70624999999998, 33.82916666666667]]]}}, {"type": "Feature", "properties": {"window_end_month": "2025-12", "window_start_month": "2025-01", "mesh_500m": "503255972", "new_restaurant_permits_12m": 1, "active_mesh_rank": 71, "active_mesh_percentile": 45.74, "active_mesh_zscore": -0.4294, "hotspot_class": "other_active", "mesh_500m_center_lat": 33.827083333333334, "mesh_500m_center_lon": 132.721875}, "geometry": {"type": "Polygon", "coordinates": [[[132.71875, 33.825], [132.725, 33.825], [132.725, 33.82916666666667], [132.71875, 33.82916666666667], [132.71875, 33.825]]]}}, {"type": "Feature", "properties": {"window_end_month": "2025-12", "window_start_month": "2025-01", "mesh_500m": "503255974", "new_restaurant_permits_12m": 1, "active_mesh_rank": 72, "active_mesh_percentile": 44.96, "active_mesh_zscore": -0.4294, "hotspot_class": "other_active", "mesh_500m_center_lat": 33.83125000000001, "mesh_500m_center_lon": 132.721875}, "geometry": {"type": "Polygon", "coordinates": [[[132.71875, 33.82916666666667], [132.725, 33.82916666666667], [132.725, 33.83333333333334], [132.71875, 33.83333333333334], [132.71875, 33.82916666666667]]]}}, {"type": "Feature", "properties": {"window_end_month": "2025-12", "window_start_month": "2025-01", "mesh_500m": "503255981", "new_restaurant_permits_12m": 1, "active_mesh_rank": 73, "active_mesh_percentile": 44.19, "active_mesh_zscore": -0.4294, "hotspot_class": "other_active", "mesh_500m_center_lat": 33.827083333333334, "mesh_500m_center_lon": 132.72812499999998}, "geometry": {"type": "Polygon", "coordinates": [[[132.725, 33.825], [132.73125, 33.825], [132.73125, 33.82916666666667], [132.725, 33.82916666666667], [132.725, 33.825]]]}}, {"type": "Feature", "properties": {"window_end_month": "2025-12", "window_start_month": "2025-01", "mesh_500m": "503255991", "new_restaurant_permits_12m": 1, "active_mesh_rank": 74, "active_mesh_percentile": 43.41, "active_mesh_zscore": -0.4294, "hotspot_class": "other_active", "mesh_500m_center_lat": 33.827083333333334, "mesh_500m_center_lon": 132.74062500000002}, "geometry": {"type": "Polygon", "coordinates": [[[132.7375, 33.825], [132.74375, 33.825], [132.74375, 33.82916666666667], [132.7375, 33.82916666666667], [132.7375, 33.825]]]}}, {"type": "Feature", "properties": {"window_end_month": "2025-12", "window_start_month": "2025-01", "mesh_500m": "503255994", "new_restaurant_permits_12m": 1, "active_mesh_rank": 75, "active_mesh_percentile": 42.64, "active_mesh_zscore": -0.4294, "hotspot_class": "other_active", "mesh_500m_center_lat": 33.83125000000001, "mesh_500m_center_lon": 132.746875}, "geometry": {"type": "Polygon", "coordinates": [[[132.74375, 33.82916666666667], [132.75, 33.82916666666667], [132.75, 33.83333333333334], [132.74375, 33.83333333333334], [132.74375, 33.82916666666667]]]}}, {"type": "Feature", "properties": {"window_end_month": "2025-12", "window_start_month": "2025-01", "mesh_500m": "503256524", "new_restaurant_permits_12m": 1, "active_mesh_rank": 76, "active_mesh_percentile": 41.86, "active_mesh_zscore": -0.4294, "hotspot_class": "other_active", "mesh_500m_center_lat": 33.797916666666666, "mesh_500m_center_lon": 132.784375}, "geometry": {"type": "Polygon", "coordinates": [[[132.78125, 33.795833333333334], [132.7875, 33.795833333333334], [132.7875, 33.800000000000004], [132.78125, 33.800000000000004], [132.78125, 33.795833333333334]]]}}, {"type": "Feature", "properties": {"window_end_month": "2025-12", "window_start_month": "2025-01", "mesh_500m": "503256613", "new_restaurant_permits_12m": 1, "active_mesh_rank": 77, "active_mesh_percentile": 41.09, "active_mesh_zscore": -0.4294, "hotspot_class": "other_active", "mesh_500m_center_lat": 33.806250000000006, "mesh_500m_center_lon": 132.765625}, "geometry": {"type": "Polygon", "coordinates": [[[132.7625, 33.80416666666667], [132.76874999999998, 33.80416666666667], [132.76874999999998, 33.80833333333334], [132.7625, 33.80833333333334], [132.7625, 33.80416666666667]]]}}, {"type": "Feature", "properties": {"window_end_month": "2025-12", "window_start_month": "2025-01", "mesh_500m": "503256624", "new_restaurant_permits_12m": 1, "active_mesh_rank": 78, "active_mesh_percentile": 40.31, "active_mesh_zscore": -0.4294, "hotspot_class": "other_active", "mesh_500m_center_lat": 33.806250000000006, "mesh_500m_center_lon": 132.784375}, "geometry": {"type": "Polygon", "coordinates": [[[132.78125, 33.80416666666667], [132.7875, 33.80416666666667], [132.7875, 33.80833333333334], [132.78125, 33.80833333333334], [132.78125, 33.80416666666667]]]}}, {"type": "Feature", "properties": {"window_end_month": "2025-12", "window_start_month": "2025-01", "mesh_500m": "503256633", "new_restaurant_permits_12m": 1, "active_mesh_rank": 79, "active_mesh_percentile": 39.53, "active_mesh_zscore": -0.4294, "hotspot_class": "other_active", "mesh_500m_center_lat": 33.806250000000006, "mesh_500m_center_lon": 132.79062499999998}, "geometry": {"type": "Polygon", "coordinates": [[[132.7875, 33.80416666666667], [132.79375, 33.80416666666667], [132.79375, 33.80833333333334], [132.7875, 33.80833333333334], [132.7875, 33.80416666666667]]]}}, {"type": "Feature", "properties": {"window_end_month": "2025-12", "window_start_month": "2025-01", "mesh_500m": "503256703", "new_restaurant_permits_12m": 1, "active_mesh_rank": 80, "active_mesh_percentile": 38.76, "active_mesh_zscore": -0.4294, "hotspot_class": "other_active", "mesh_500m_center_lat": 33.81458333333333, "mesh_500m_center_lon": 132.753125}, "geometry": {"type": "Polygon", "coordinates": [[[132.75, 33.8125], [132.75625, 33.8125], [132.75625, 33.81666666666667], [132.75, 33.81666666666667], [132.75, 33.8125]]]}}, {"type": "Feature", "properties": {"window_end_month": "2025-12", "window_start_month": "2025-01", "mesh_500m": "503256713", "new_restaurant_permits_12m": 1, "active_mesh_rank": 81, "active_mesh_percentile": 37.98, "active_mesh_zscore": -0.4294, "hotspot_class": "other_active", "mesh_500m_center_lat": 33.81458333333333, "mesh_500m_center_lon": 132.765625}, "geometry": {"type": "Polygon", "coordinates": [[[132.7625, 33.8125], [132.76874999999998, 33.8125], [132.76874999999998, 33.81666666666667], [132.7625, 33.81666666666667], [132.7625, 33.8125]]]}}, {"type": "Feature", "properties": {"window_end_month": "2025-12", "window_start_month": "2025-01", "mesh_500m": "503256724", "new_restaurant_permits_12m": 1, "active_mesh_rank": 82, "active_mesh_percentile": 37.21, "active_mesh_zscore": -0.4294, "hotspot_class": "other_active", "mesh_500m_center_lat": 33.81458333333333, "mesh_500m_center_lon": 132.784375}, "geometry": {"type": "Polygon", "coordinates": [[[132.78125, 33.8125], [132.7875, 33.8125], [132.7875, 33.81666666666667], [132.78125, 33.81666666666667], [132.78125, 33.8125]]]}}, {"type": "Feature", "properties": {"window_end_month": "2025-12", "window_start_month": "2025-01", "mesh_500m": "503256731", "new_restaurant_permits_12m": 1, "active_mesh_rank": 83, "active_mesh_percentile": 36.43, "active_mesh_zscore": -0.4294, "hotspot_class": "other_active", "mesh_500m_center_lat": 33.81041666666667, "mesh_500m_center_lon": 132.79062499999998}, "geometry": {"type": "Polygon", "coordinates": [[[132.7875, 33.80833333333333], [132.79375, 33.80833333333333], [132.79375, 33.8125], [132.7875, 33.8125], [132.7875, 33.80833333333333]]]}}, {"type": "Feature", "properties": {"window_end_month": "2025-12", "window_start_month": "2025-01", "mesh_500m": "503256744", "new_restaurant_permits_12m": 1, "active_mesh_rank": 84, "active_mesh_percentile": 35.66, "active_mesh_zscore": -0.4294, "hotspot_class": "other_active", "mesh_500m_center_lat": 33.81458333333333, "mesh_500m_center_lon": 132.809375}, "geometry": {"type": "Polygon", "coordinates": [[[132.80625, 33.8125], [132.8125, 33.8125], [132.8125, 33.81666666666667], [132.80625, 33.81666666666667], [132.80625, 33.8125]]]}}, {"type": "Feature", "properties": {"window_end_month": "2025-12", "window_start_month": "2025-01", "mesh_500m": "503256751", "new_restaurant_permits_12m": 1, "active_mesh_rank": 85, "active_mesh_percentile": 34.88, "active_mesh_zscore": -0.4294, "hotspot_class": "other_active", "mesh_500m_center_lat": 33.81041666666667, "mesh_500m_center_lon": 132.815625}, "geometry": {"type": "Polygon", "coordinates": [[[132.8125, 33.80833333333333], [132.81875, 33.80833333333333], [132.81875, 33.8125], [132.8125, 33.8125], [132.8125, 33.80833333333333]]]}}, {"type": "Feature", "properties": {"window_end_month": "2025-12", "window_start_month": "2025-01", "mesh_500m": "503256752", "new_restaurant_permits_12m": 1, "active_mesh_rank": 86, "active_mesh_percentile": 34.11, "active_mesh_zscore": -0.4294, "hotspot_class": "other_active", "mesh_500m_center_lat": 33.81041666666667, "mesh_500m_center_lon": 132.82187499999998}, "geometry": {"type": "Polygon", "coordinates": [[[132.81875, 33.80833333333333], [132.825, 33.80833333333333], [132.825, 33.8125], [132.81875, 33.8125], [132.81875, 33.80833333333333]]]}}, {"type": "Feature", "properties": {"window_end_month": "2025-12", "window_start_month": "2025-01", "mesh_500m": "503256753", "new_restaurant_permits_12m": 1, "active_mesh_rank": 87, "active_mesh_percentile": 33.33, "active_mesh_zscore": -0.4294, "hotspot_class": "other_active", "mesh_500m_center_lat": 33.81458333333333, "mesh_500m_center_lon": 132.815625}, "geometry": {"type": "Polygon", "coordinates": [[[132.8125, 33.8125], [132.81875, 33.8125], [132.81875, 33.81666666666667], [132.8125, 33.81666666666667], [132.8125, 33.8125]]]}}, {"type": "Feature", "properties": {"window_end_month": "2025-12", "window_start_month": "2025-01", "mesh_500m": "503256812", "new_restaurant_permits_12m": 1, "active_mesh_rank": 88, "active_mesh_percentile": 32.56, "active_mesh_zscore": -0.4294, "hotspot_class": "other_active", "mesh_500m_center_lat": 33.81875000000001, "mesh_500m_center_lon": 132.77187499999997}, "geometry": {"type": "Polygon", "coordinates": [[[132.76874999999998, 33.81666666666667], [132.77499999999998, 33.81666666666667], [132.77499999999998, 33.82083333333334], [132.76874999999998, 33.82083333333334], [132.76874999999998, 33.81666666666667]]]}}, {"type": "Feature", "properties": {"window_end_month": "2025-12", "window_start_month": "2025-01", "mesh_500m": "503256822", "new_restaurant_permits_12m": 1, "active_mesh_rank": 89, "active_mesh_percentile": 31.78, "active_mesh_zscore": -0.4294, "hotspot_class": "other_active", "mesh_500m_center_lat": 33.81875000000001, "mesh_500m_center_lon": 132.784375}, "geometry": {"type": "Polygon", "coordinates": [[[132.78125, 33.81666666666667], [132.7875, 33.81666666666667], [132.7875, 33.82083333333334], [132.78125, 33.82083333333334], [132.78125, 33.81666666666667]]]}}, {"type": "Feature", "properties": {"window_end_month": "2025-12", "window_start_month": "2025-01", "mesh_500m": "503256903", "new_restaurant_permits_12m": 1, "active_mesh_rank": 90, "active_mesh_percentile": 31.01, "active_mesh_zscore": -0.4294, "hotspot_class": "other_active", "mesh_500m_center_lat": 33.83125000000001, "mesh_500m_center_lon": 132.753125}, "geometry": {"type": "Polygon", "coordinates": [[[132.75, 33.82916666666667], [132.75625, 33.82916666666667], [132.75625, 33.83333333333334], [132.75, 33.83333333333334], [132.75, 33.82916666666667]]]}}, {"type": "Feature", "properties": {"window_end_month": "2025-12", "window_start_month": "2025-01", "mesh_500m": "503256904", "new_restaurant_permits_12m": 1, "active_mesh_rank": 91, "active_mesh_percentile": 30.23, "active_mesh_zscore": -0.4294, "hotspot_class": "other_active", "mesh_500m_center_lat": 33.83125000000001, "mesh_500m_center_lon": 132.75937499999998}, "geometry": {"type": "Polygon", "coordinates": [[[132.75625, 33.82916666666667], [132.7625, 33.82916666666667], [132.7625, 33.83333333333334], [132.75625, 33.83333333333334], [132.75625, 33.82916666666667]]]}}, {"type": "Feature", "properties": {"window_end_month": "2025-12", "window_start_month": "2025-01", "mesh_500m": "503256913", "new_restaurant_permits_12m": 1, "active_mesh_rank": 92, "active_mesh_percentile": 29.46, "active_mesh_zscore": -0.4294, "hotspot_class": "other_active", "mesh_500m_center_lat": 33.83125000000001, "mesh_500m_center_lon": 132.765625}, "geometry": {"type": "Polygon", "coordinates": [[[132.7625, 33.82916666666667], [132.76874999999998, 33.82916666666667], [132.76874999999998, 33.83333333333334], [132.7625, 33.83333333333334], [132.7625, 33.82916666666667]]]}}, {"type": "Feature", "properties": {"window_end_month": "2025-12", "window_start_month": "2025-01", "mesh_500m": "503256922", "new_restaurant_permits_12m": 1, "active_mesh_rank": 93, "active_mesh_percentile": 28.68, "active_mesh_zscore": -0.4294, "hotspot_class": "other_active", "mesh_500m_center_lat": 33.827083333333334, "mesh_500m_center_lon": 132.784375}, "geometry": {"type": "Polygon", "coordinates": [[[132.78125, 33.825], [132.7875, 33.825], [132.7875, 33.82916666666667], [132.78125, 33.82916666666667], [132.78125, 33.825]]]}}, {"type": "Feature", "properties": {"window_end_month": "2025-12", "window_start_month": "2025-01", "mesh_500m": "503265091", "new_restaurant_permits_12m": 1, "active_mesh_rank": 94, "active_mesh_percentile": 27.91, "active_mesh_zscore": -0.4294, "hotspot_class": "other_active", "mesh_500m_center_lat": 33.835416666666674, "mesh_500m_center_lon": 132.74062500000002}, "geometry": {"type": "Polygon", "coordinates": [[[132.7375, 33.833333333333336], [132.74375, 33.833333333333336], [132.74375, 33.837500000000006], [132.7375, 33.837500000000006], [132.7375, 33.833333333333336]]]}}, {"type": "Feature", "properties": {"window_end_month": "2025-12", "window_start_month": "2025-01", "mesh_500m": "503265093", "new_restaurant_permits_12m": 1, "active_mesh_rank": 95, "active_mesh_percentile": 27.13, "active_mesh_zscore": -0.4294, "hotspot_class": "other_active", "mesh_500m_center_lat": 33.83958333333334, "mesh_500m_center_lon": 132.74062500000002}, "geometry": {"type": "Polygon", "coordinates": [[[132.7375, 33.837500000000006], [132.74375, 33.837500000000006], [132.74375, 33.841666666666676], [132.7375, 33.841666666666676], [132.7375, 33.837500000000006]]]}}, {"type": "Feature", "properties": {"window_end_month": "2025-12", "window_start_month": "2025-01", "mesh_500m": "503265094", "new_restaurant_permits_12m": 1, "active_mesh_rank": 96, "active_mesh_percentile": 26.36, "active_mesh_zscore": -0.4294, "hotspot_class": "other_active", "mesh_500m_center_lat": 33.83958333333334, "mesh_500m_center_lon": 132.746875}, "geometry": {"type": "Polygon", "coordinates": [[[132.74375, 33.837500000000006], [132.75, 33.837500000000006], [132.75, 33.841666666666676], [132.74375, 33.841666666666676], [132.74375, 33.837500000000006]]]}}, {"type": "Feature", "properties": {"window_end_month": "2025-12", "window_start_month": "2025-01", "mesh_500m": "503265194", "new_restaurant_permits_12m": 1, "active_mesh_rank": 97, "active_mesh_percentile": 25.58, "active_mesh_zscore": -0.4294, "hotspot_class": "other_active", "mesh_500m_center_lat": 33.84791666666668, "mesh_500m_center_lon": 132.746875}, "geometry": {"type": "Polygon", "coordinates": [[[132.74375, 33.84583333333334], [132.75, 33.84583333333334], [132.75, 33.85000000000001], [132.74375, 33.85000000000001], [132.74375, 33.84583333333334]]]}}, {"type": "Feature", "properties": {"window_end_month": "2025-12", "window_start_month": "2025-01", "mesh_500m": "503265272", "new_restaurant_permits_12m": 1, "active_mesh_rank": 98, "active_mesh_percentile": 24.81, "active_mesh_zscore": -0.4294, "hotspot_class": "other_active", "mesh_500m_center_lat": 33.85208333333334, "mesh_500m_center_lon": 132.721875}, "geometry": {"type": "Polygon", "coordinates": [[[132.71875, 33.85], [132.725, 33.85], [132.725, 33.85416666666667], [132.71875, 33.85416666666667], [132.71875, 33.85]]]}}, {"type": "Feature", "properties": {"window_end_month": "2025-12", "window_start_month": "2025-01", "mesh_500m": "503265284", "new_restaurant_permits_12m": 1, "active_mesh_rank": 99, "active_mesh_percentile": 24.03, "active_mesh_zscore": -0.4294, "hotspot_class": "other_active", "mesh_500m_center_lat": 33.85625, "mesh_500m_center_lon": 132.734375}, "geometry": {"type": "Polygon", "coordinates": [[[132.73125, 33.85416666666667], [132.73749999999998, 33.85416666666667], [132.73749999999998, 33.85833333333334], [132.73125, 33.85833333333334], [132.73125, 33.85416666666667]]]}}, {"type": "Feature", "properties": {"window_end_month": "2025-12", "window_start_month": "2025-01", "mesh_500m": "503265294", "new_restaurant_permits_12m": 1, "active_mesh_rank": 100, "active_mesh_percentile": 23.26, "active_mesh_zscore": -0.4294, "hotspot_class": "other_active", "mesh_500m_center_lat": 33.85625, "mesh_500m_center_lon": 132.746875}, "geometry": {"type": "Polygon", "coordinates": [[[132.74375, 33.85416666666667], [132.75, 33.85416666666667], [132.75, 33.85833333333334], [132.74375, 33.85833333333334], [132.74375, 33.85416666666667]]]}}, {"type": "Feature", "properties": {"window_end_month": "2025-12", "window_start_month": "2025-01", "mesh_500m": "503265364", "new_restaurant_permits_12m": 1, "active_mesh_rank": 101, "active_mesh_percentile": 22.48, "active_mesh_zscore": -0.4294, "hotspot_class": "other_active", "mesh_500m_center_lat": 33.86458333333334, "mesh_500m_center_lon": 132.70937499999997}, "geometry": {"type": "Polygon", "coordinates": [[[132.70624999999998, 33.862500000000004], [132.71249999999998, 33.862500000000004], [132.71249999999998, 33.866666666666674], [132.70624999999998, 33.866666666666674], [132.70624999999998, 33.862500000000004]]]}}, {"type": "Feature", "properties": {"window_end_month": "2025-12", "window_start_month": "2025-01", "mesh_500m": "503265462", "new_restaurant_permits_12m": 1, "active_mesh_rank": 102, "active_mesh_percentile": 21.71, "active_mesh_zscore": -0.4294, "hotspot_class": "other_active", "mesh_500m_center_lat": 33.868750000000006, "mesh_500m_center_lon": 132.70937499999997}, "geometry": {"type": "Polygon", "coordinates": [[[132.70624999999998, 33.86666666666667], [132.71249999999998, 33.86666666666667], [132.71249999999998, 33.87083333333334], [132.70624999999998, 33.87083333333334], [132.70624999999998, 33.86666666666667]]]}}, {"type": "Feature", "properties": {"window_end_month": "2025-12", "window_start_month": "2025-01", "mesh_500m": "503265471", "new_restaurant_permits_12m": 1, "active_mesh_rank": 103, "active_mesh_percentile": 20.93, "active_mesh_zscore": -0.4294, "hotspot_class": "other_active", "mesh_500m_center_lat": 33.868750000000006, "mesh_500m_center_lon": 132.715625}, "geometry": {"type": "Polygon", "coordinates": [[[132.7125, 33.86666666666667], [132.71875, 33.86666666666667], [132.71875, 33.87083333333334], [132.7125, 33.87083333333334], [132.7125, 33.86666666666667]]]}}, {"type": "Feature", "properties": {"window_end_month": "2025-12", "window_start_month": "2025-01", "mesh_500m": "503265472", "new_restaurant_permits_12m": 1, "active_mesh_rank": 104, "active_mesh_percentile": 20.16, "active_mesh_zscore": -0.4294, "hotspot_class": "other_active", "mesh_500m_center_lat": 33.868750000000006, "mesh_500m_center_lon": 132.721875}, "geometry": {"type": "Polygon", "coordinates": [[[132.71875, 33.86666666666667], [132.725, 33.86666666666667], [132.725, 33.87083333333334], [132.71875, 33.87083333333334], [132.71875, 33.86666666666667]]]}}, {"type": "Feature", "properties": {"window_end_month": "2025-12", "window_start_month": "2025-01", "mesh_500m": "503265481", "new_restaurant_permits_12m": 1, "active_mesh_rank": 105, "active_mesh_percentile": 19.38, "active_mesh_zscore": -0.4294, "hotspot_class": "other_active", "mesh_500m_center_lat": 33.868750000000006, "mesh_500m_center_lon": 132.72812499999998}, "geometry": {"type": "Polygon", "coordinates": [[[132.725, 33.86666666666667], [132.73125, 33.86666666666667], [132.73125, 33.87083333333334], [132.725, 33.87083333333334], [132.725, 33.86666666666667]]]}}, {"type": "Feature", "properties": {"window_end_month": "2025-12", "window_start_month": "2025-01", "mesh_500m": "503265492", "new_restaurant_permits_12m": 1, "active_mesh_rank": 106, "active_mesh_percentile": 18.6, "active_mesh_zscore": -0.4294, "hotspot_class": "other_active", "mesh_500m_center_lat": 33.868750000000006, "mesh_500m_center_lon": 132.746875}, "geometry": {"type": "Polygon", "coordinates": [[[132.74375, 33.86666666666667], [132.75, 33.86666666666667], [132.75, 33.87083333333334], [132.74375, 33.87083333333334], [132.74375, 33.86666666666667]]]}}, {"type": "Feature", "properties": {"window_end_month": "2025-12", "window_start_month": "2025-01", "mesh_500m": "503265783", "new_restaurant_permits_12m": 1, "active_mesh_rank": 107, "active_mesh_percentile": 17.83, "active_mesh_zscore": -0.4294, "hotspot_class": "other_active", "mesh_500m_center_lat": 33.897916666666674, "mesh_500m_center_lon": 132.72812499999998}, "geometry": {"type": "Polygon", "coordinates": [[[132.725, 33.895833333333336], [132.73125, 33.895833333333336], [132.73125, 33.900000000000006], [132.725, 33.900000000000006], [132.725, 33.895833333333336]]]}}, {"type": "Feature", "properties": {"window_end_month": "2025-12", "window_start_month": "2025-01", "mesh_500m": "503265791", "new_restaurant_permits_12m": 1, "active_mesh_rank": 108, "active_mesh_percentile": 17.05, "active_mesh_zscore": -0.4294, "hotspot_class": "other_active", "mesh_500m_center_lat": 33.89375, "mesh_500m_center_lon": 132.74062500000002}, "geometry": {"type": "Polygon", "coordinates": [[[132.7375, 33.891666666666666], [132.74375, 33.891666666666666], [132.74375, 33.895833333333336], [132.7375, 33.895833333333336], [132.7375, 33.891666666666666]]]}}, {"type": "Feature", "properties": {"window_end_month": "2025-12", "window_start_month": "2025-01", "mesh_500m": "503265792", "new_restaurant_permits_12m": 1, "active_mesh_rank": 109, "active_mesh_percentile": 16.28, "active_mesh_zscore": -0.4294, "hotspot_class": "other_active", "mesh_500m_center_lat": 33.89375, "mesh_500m_center_lon": 132.746875}, "geometry": {"type": "Polygon", "coordinates": [[[132.74375, 33.891666666666666], [132.75, 33.891666666666666], [132.75, 33.895833333333336], [132.74375, 33.895833333333336], [132.74375, 33.891666666666666]]]}}, {"type": "Feature", "properties": {"window_end_month": "2025-12", "window_start_month": "2025-01", "mesh_500m": "503265882", "new_restaurant_permits_12m": 1, "active_mesh_rank": 110, "active_mesh_percentile": 15.5, "active_mesh_zscore": -0.4294, "hotspot_class": "other_active", "mesh_500m_center_lat": 33.90208333333334, "mesh_500m_center_lon": 132.734375}, "geometry": {"type": "Polygon", "coordinates": [[[132.73125, 33.900000000000006], [132.73749999999998, 33.900000000000006], [132.73749999999998, 33.904166666666676], [132.73125, 33.904166666666676], [132.73125, 33.900000000000006]]]}}, {"type": "Feature", "properties": {"window_end_month": "2025-12", "window_start_month": "2025-01", "mesh_500m": "503266001", "new_restaurant_permits_12m": 1, "active_mesh_rank": 111, "active_mesh_percentile": 14.73, "active_mesh_zscore": -0.4294, "hotspot_class": "other_active", "mesh_500m_center_lat": 33.835416666666674, "mesh_500m_center_lon": 132.753125}, "geometry": {"type": "Polygon", "coordinates": [[[132.75, 33.833333333333336], [132.75625, 33.833333333333336], [132.75625, 33.837500000000006], [132.75, 33.837500000000006], [132.75, 33.833333333333336]]]}}, {"type": "Feature", "properties": {"window_end_month": "2025-12", "window_start_month": "2025-01", "mesh_500m": "503266023", "new_restaurant_permits_12m": 1, "active_mesh_rank": 112, "active_mesh_percentile": 13.95, "active_mesh_zscore": -0.4294, "hotspot_class": "other_active", "mesh_500m_center_lat": 33.83958333333334, "mesh_500m_center_lon": 132.778125}, "geometry": {"type": "Polygon", "coordinates": [[[132.775, 33.837500000000006], [132.78125, 33.837500000000006], [132.78125, 33.841666666666676], [132.775, 33.841666666666676], [132.775, 33.837500000000006]]]}}, {"type": "Feature", "properties": {"window_end_month": "2025-12", "window_start_month": "2025-01", "mesh_500m": "503266122", "new_restaurant_permits_12m": 1, "active_mesh_rank": 113, "active_mesh_percentile": 13.18, "active_mesh_zscore": -0.4294, "hotspot_class": "other_active", "mesh_500m_center_lat": 33.84375, "mesh_500m_center_lon": 132.784375}, "geometry": {"type": "Polygon", "coordinates": [[[132.78125, 33.84166666666667], [132.7875, 33.84166666666667], [132.7875, 33.84583333333334], [132.78125, 33.84583333333334], [132.78125, 33.84166666666667]]]}}, {"type": "Feature", "properties": {"window_end_month": "2025-12", "window_start_month": "2025-01", "mesh_500m": "503266124", "new_restaurant_permits_12m": 1, "active_mesh_rank": 114, "active_mesh_percentile": 12.4, "active_mesh_zscore": -0.4294, "hotspot_class": "other_active", "mesh_500m_center_lat": 33.84791666666668, "mesh_500m_center_lon": 132.784375}, "geometry": {"type": "Polygon", "coordinates": [[[132.78125, 33.84583333333334], [132.7875, 33.84583333333334], [132.7875, 33.85000000000001], [132.78125, 33.85000000000001], [132.78125, 33.84583333333334]]]}}, {"type": "Feature", "properties": {"window_end_month": "2025-12", "window_start_month": "2025-01", "mesh_500m": "503266132", "new_restaurant_permits_12m": 1, "active_mesh_rank": 115, "active_mesh_percentile": 11.63, "active_mesh_zscore": -0.4294, "hotspot_class": "other_active", "mesh_500m_center_lat": 33.84375, "mesh_500m_center_lon": 132.796875}, "geometry": {"type": "Polygon", "coordinates": [[[132.79375, 33.84166666666667], [132.79999999999998, 33.84166666666667], [132.79999999999998, 33.84583333333334], [132.79375, 33.84583333333334], [132.79375, 33.84166666666667]]]}}, {"type": "Feature", "properties": {"window_end_month": "2025-12", "window_start_month": "2025-01", "mesh_500m": "503266133", "new_restaurant_permits_12m": 1, "active_mesh_rank": 116, "active_mesh_percentile": 10.85, "active_mesh_zscore": -0.4294, "hotspot_class": "other_active", "mesh_500m_center_lat": 33.84791666666668, "mesh_500m_center_lon": 132.79062499999998}, "geometry": {"type": "Polygon", "coordinates": [[[132.7875, 33.84583333333334], [132.79375, 33.84583333333334], [132.79375, 33.85000000000001], [132.7875, 33.85000000000001], [132.7875, 33.84583333333334]]]}}, {"type": "Feature", "properties": {"window_end_month": "2025-12", "window_start_month": "2025-01", "mesh_500m": "503266143", "new_restaurant_permits_12m": 1, "active_mesh_rank": 117, "active_mesh_percentile": 10.08, "active_mesh_zscore": -0.4294, "hotspot_class": "other_active", "mesh_500m_center_lat": 33.84791666666668, "mesh_500m_center_lon": 132.80312500000002}, "geometry": {"type": "Polygon", "coordinates": [[[132.8, 33.84583333333334], [132.80625, 33.84583333333334], [132.80625, 33.85000000000001], [132.8, 33.85000000000001], [132.8, 33.84583333333334]]]}}, {"type": "Feature", "properties": {"window_end_month": "2025-12", "window_start_month": "2025-01", "mesh_500m": "503266201", "new_restaurant_permits_12m": 1, "active_mesh_rank": 118, "active_mesh_percentile": 9.3, "active_mesh_zscore": -0.4294, "hotspot_class": "other_active", "mesh_500m_center_lat": 33.85208333333334, "mesh_500m_center_lon": 132.753125}, "geometry": {"type": "Polygon", "coordinates": [[[132.75, 33.85], [132.75625, 33.85], [132.75625, 33.85416666666667], [132.75, 33.85416666666667], [132.75, 33.85]]]}}, {"type": "Feature", "properties": {"window_end_month": "2025-12", "window_start_month": "2025-01", "mesh_500m": "503266224", "new_restaurant_permits_12m": 1, "active_mesh_rank": 119, "active_mesh_percentile": 8.53, "active_mesh_zscore": -0.4294, "hotspot_class": "other_active", "mesh_500m_center_lat": 33.85625, "mesh_500m_center_lon": 132.784375}, "geometry": {"type": "Polygon", "coordinates": [[[132.78125, 33.85416666666667], [132.7875, 33.85416666666667], [132.7875, 33.85833333333334], [132.78125, 33.85833333333334], [132.78125, 33.85416666666667]]]}}, {"type": "Feature", "properties": {"window_end_month": "2025-12", "window_start_month": "2025-01", "mesh_500m": "503266302", "new_restaurant_permits_12m": 1, "active_mesh_rank": 120, "active_mesh_percentile": 7.75, "active_mesh_zscore": -0.4294, "hotspot_class": "other_active", "mesh_500m_center_lat": 33.860416666666666, "mesh_500m_center_lon": 132.75937499999998}, "geometry": {"type": "Polygon", "coordinates": [[[132.75625, 33.858333333333334], [132.7625, 33.858333333333334], [132.7625, 33.862500000000004], [132.75625, 33.862500000000004], [132.75625, 33.858333333333334]]]}}, {"type": "Feature", "properties": {"window_end_month": "2025-12", "window_start_month": "2025-01", "mesh_500m": "503266304", "new_restaurant_permits_12m": 1, "active_mesh_rank": 121, "active_mesh_percentile": 6.98, "active_mesh_zscore": -0.4294, "hotspot_class": "other_active", "mesh_500m_center_lat": 33.86458333333334, "mesh_500m_center_lon": 132.75937499999998}, "geometry": {"type": "Polygon", "coordinates": [[[132.75625, 33.862500000000004], [132.7625, 33.862500000000004], [132.7625, 33.866666666666674], [132.75625, 33.866666666666674], [132.75625, 33.862500000000004]]]}}, {"type": "Feature", "properties": {"window_end_month": "2025-12", "window_start_month": "2025-01", "mesh_500m": "503266401", "new_restaurant_permits_12m": 1, "active_mesh_rank": 122, "active_mesh_percentile": 6.2, "active_mesh_zscore": -0.4294, "hotspot_class": "other_active", "mesh_500m_center_lat": 33.868750000000006, "mesh_500m_center_lon": 132.753125}, "geometry": {"type": "Polygon", "coordinates": [[[132.75, 33.86666666666667], [132.75625, 33.86666666666667], [132.75625, 33.87083333333334], [132.75, 33.87083333333334], [132.75, 33.86666666666667]]]}}, {"type": "Feature", "properties": {"window_end_month": "2025-12", "window_start_month": "2025-01", "mesh_500m": "503274482", "new_restaurant_permits_12m": 1, "active_mesh_rank": 123, "active_mesh_percentile": 5.43, "active_mesh_zscore": -0.4294, "hotspot_class": "other_active", "mesh_500m_center_lat": 33.952083333333334, "mesh_500m_center_lon": 132.609375}, "geometry": {"type": "Polygon", "coordinates": [[[132.60625, 33.95], [132.61249999999998, 33.95], [132.61249999999998, 33.95416666666667], [132.60625, 33.95416666666667], [132.60625, 33.95]]]}}, {"type": "Feature", "properties": {"window_end_month": "2025-12", "window_start_month": "2025-01", "mesh_500m": "503275403", "new_restaurant_permits_12m": 1, "active_mesh_rank": 124, "active_mesh_percentile": 4.65, "active_mesh_zscore": -0.4294, "hotspot_class": "other_active", "mesh_500m_center_lat": 33.95625000000001, "mesh_500m_center_lon": 132.628125}, "geometry": {"type": "Polygon", "coordinates": [[[132.625, 33.95416666666667], [132.63125, 33.95416666666667], [132.63125, 33.95833333333334], [132.625, 33.95833333333334], [132.625, 33.95416666666667]]]}}, {"type": "Feature", "properties": {"window_end_month": "2025-12", "window_start_month": "2025-01", "mesh_500m": "503275501", "new_restaurant_permits_12m": 1, "active_mesh_rank": 125, "active_mesh_percentile": 3.88, "active_mesh_zscore": -0.4294, "hotspot_class": "other_active", "mesh_500m_center_lat": 33.960416666666674, "mesh_500m_center_lon": 132.628125}, "geometry": {"type": "Polygon", "coordinates": [[[132.625, 33.958333333333336], [132.63125, 33.958333333333336], [132.63125, 33.962500000000006], [132.625, 33.962500000000006], [132.625, 33.958333333333336]]]}}, {"type": "Feature", "properties": {"window_end_month": "2025-12", "window_start_month": "2025-01", "mesh_500m": "503275603", "new_restaurant_permits_12m": 1, "active_mesh_rank": 126, "active_mesh_percentile": 3.1, "active_mesh_zscore": -0.4294, "hotspot_class": "other_active", "mesh_500m_center_lat": 33.97291666666668, "mesh_500m_center_lon": 132.628125}, "geometry": {"type": "Polygon", "coordinates": [[[132.625, 33.97083333333334], [132.63125, 33.97083333333334], [132.63125, 33.97500000000001], [132.625, 33.97500000000001], [132.625, 33.97083333333334]]]}}, {"type": "Feature", "properties": {"window_end_month": "2025-12", "window_start_month": "2025-01", "mesh_500m": "503276512", "new_restaurant_permits_12m": 1, "active_mesh_rank": 127, "active_mesh_percentile": 2.33, "active_mesh_zscore": -0.4294, "hotspot_class": "other_active", "mesh_500m_center_lat": 33.960416666666674, "mesh_500m_center_lon": 132.77187499999997}, "geometry": {"type": "Polygon", "coordinates": [[[132.76874999999998, 33.958333333333336], [132.77499999999998, 33.958333333333336], [132.77499999999998, 33.962500000000006], [132.76874999999998, 33.962500000000006], [132.76874999999998, 33.958333333333336]]]}}, {"type": "Feature", "properties": {"window_end_month": "2025-12", "window_start_month": "2025-01", "mesh_500m": "503276522", "new_restaurant_permits_12m": 1, "active_mesh_rank": 128, "active_mesh_percentile": 1.55, "active_mesh_zscore": -0.4294, "hotspot_class": "other_active", "mesh_500m_center_lat": 33.960416666666674, "mesh_500m_center_lon": 132.784375}, "geometry": {"type": "Polygon", "coordinates": [[[132.78125, 33.958333333333336], [132.7875, 33.958333333333336], [132.7875, 33.962500000000006], [132.78125, 33.962500000000006], [132.78125, 33.958333333333336]]]}}, {"type": "Feature", "properties": {"window_end_month": "2025-12", "window_start_month": "2025-01", "mesh_500m": "503276712", "new_restaurant_permits_12m": 1, "active_mesh_rank": 129, "active_mesh_percentile": 0.78, "active_mesh_zscore": -0.4294, "hotspot_class": "other_active", "mesh_500m_center_lat": 33.97708333333334, "mesh_500m_center_lon": 132.77187499999997}, "geometry": {"type": "Polygon", "coordinates": [[[132.76874999999998, 33.975], [132.77499999999998, 33.975], [132.77499999999998, 33.97916666666667], [132.76874999999998, 33.97916666666667], [132.76874999999998, 33.975]]]}}, {"type": "Feature", "properties": {"window_end_month": "2026-01", "window_start_month": "2025-02", "mesh_500m": "503266222", "new_restaurant_permits_12m": 28, "active_mesh_rank": 1, "active_mesh_percentile": 100.0, "active_mesh_zscore": 9.1851, "hotspot_class": "top_5pct_active", "mesh_500m_center_lat": 33.85208333333334, "mesh_500m_center_lon": 132.784375}, "geometry": {"type": "Polygon", "coordinates": [[[132.78125, 33.85], [132.7875, 33.85], [132.7875, 33.85416666666667], [132.78125, 33.85416666666667], [132.78125, 33.85]]]}}, {"type": "Feature", "properties": {"window_end_month": "2026-01", "window_start_month": "2025-02", "mesh_500m": "503256814", "new_restaurant_permits_12m": 10, "active_mesh_rank": 2, "active_mesh_percentile": 99.22, "active_mesh_zscore": 2.7644, "hotspot_class": "top_5pct_active", "mesh_500m_center_lat": 33.82291666666667, "mesh_500m_center_lon": 132.77187499999997}, "geometry": {"type": "Polygon", "coordinates": [[[132.76874999999998, 33.82083333333334], [132.77499999999998, 33.82083333333334], [132.77499999999998, 33.82500000000001], [132.76874999999998, 33.82500000000001], [132.76874999999998, 33.82083333333334]]]}}, {"type": "Feature", "properties": {"window_end_month": "2026-01", "window_start_month": "2025-02", "mesh_500m": "503265373", "new_restaurant_permits_12m": 9, "active_mesh_rank": 3, "active_mesh_percentile": 98.44, "active_mesh_zscore": 2.4077, "hotspot_class": "top_5pct_active", "mesh_500m_center_lat": 33.86458333333334, "mesh_500m_center_lon": 132.715625}, "geometry": {"type": "Polygon", "coordinates": [[[132.7125, 33.862500000000004], [132.71875, 33.862500000000004], [132.71875, 33.866666666666674], [132.7125, 33.866666666666674], [132.7125, 33.862500000000004]]]}}, {"type": "Feature", "properties": {"window_end_month": "2026-01", "window_start_month": "2025-02", "mesh_500m": "503256823", "new_restaurant_permits_12m": 8, "active_mesh_rank": 4, "active_mesh_percentile": 97.66, "active_mesh_zscore": 2.051, "hotspot_class": "top_5pct_active", "mesh_500m_center_lat": 33.82291666666667, "mesh_500m_center_lon": 132.778125}, "geometry": {"type": "Polygon", "coordinates": [[[132.775, 33.82083333333334], [132.78125, 33.82083333333334], [132.78125, 33.82500000000001], [132.775, 33.82500000000001], [132.775, 33.82083333333334]]]}}, {"type": "Feature", "properties": {"window_end_month": "2026-01", "window_start_month": "2025-02", "mesh_500m": "503255971", "new_restaurant_permits_12m": 5, "active_mesh_rank": 5, "active_mesh_percentile": 96.88, "active_mesh_zscore": 0.9809, "hotspot_class": "top_5pct_active", "mesh_500m_center_lat": 33.827083333333334, "mesh_500m_center_lon": 132.715625}, "geometry": {"type": "Polygon", "coordinates": [[[132.7125, 33.825], [132.71875, 33.825], [132.71875, 33.82916666666667], [132.7125, 33.82916666666667], [132.7125, 33.825]]]}}, {"type": "Feature", "properties": {"window_end_month": "2026-01", "window_start_month": "2025-02", "mesh_500m": "503256712", "new_restaurant_permits_12m": 5, "active_mesh_rank": 6, "active_mesh_percentile": 96.09, "active_mesh_zscore": 0.9809, "hotspot_class": "top_5pct_active", "mesh_500m_center_lat": 33.81041666666667, "mesh_500m_center_lon": 132.77187499999997}, "geometry": {"type": "Polygon", "coordinates": [[[132.76874999999998, 33.80833333333333], [132.77499999999998, 33.80833333333333], [132.77499999999998, 33.8125], [132.76874999999998, 33.8125], [132.76874999999998, 33.80833333333333]]]}}, {"type": "Feature", "properties": {"window_end_month": "2026-01", "window_start_month": "2025-02", "mesh_500m": "503256803", "new_restaurant_permits_12m": 5, "active_mesh_rank": 7, "active_mesh_percentile": 95.31, "active_mesh_zscore": 0.9809, "hotspot_class": "top_5pct_active", "mesh_500m_center_lat": 33.82291666666667, "mesh_500m_center_lon": 132.753125}, "geometry": {"type": "Polygon", "coordinates": [[[132.75, 33.82083333333334], [132.75625, 33.82083333333334], [132.75625, 33.82500000000001], [132.75, 33.82500000000001], [132.75, 33.82083333333334]]]}}, {"type": "Feature", "properties": {"window_end_month": "2026-01", "window_start_month": "2025-02", "mesh_500m": "503256934", "new_restaurant_permits_12m": 5, "active_mesh_rank": 8, "active_mesh_percentile": 94.53, "active_mesh_zscore": 0.9809, "hotspot_class": "top_20pct_active", "mesh_500m_center_lat": 33.83125000000001, "mesh_500m_center_lon": 132.796875}, "geometry": {"type": "Polygon", "coordinates": [[[132.79375, 33.82916666666667], [132.79999999999998, 33.82916666666667], [132.79999999999998, 33.83333333333334], [132.79375, 33.83333333333334], [132.79375, 33.82916666666667]]]}}, {"type": "Feature", "properties": {"window_end_month": "2026-01", "window_start_month": "2025-02", "mesh_500m": "503265372", "new_restaurant_permits_12m": 5, "active_mesh_rank": 9, "active_mesh_percentile": 93.75, "active_mesh_zscore": 0.9809, "hotspot_class": "top_20pct_active", "mesh_500m_center_lat": 33.860416666666666, "mesh_500m_center_lon": 132.721875}, "geometry": {"type": "Polygon", "coordinates": [[[132.71875, 33.858333333333334], [132.725, 33.858333333333334], [132.725, 33.862500000000004], [132.71875, 33.862500000000004], [132.71875, 33.858333333333334]]]}}, {"type": "Feature", "properties": {"window_end_month": "2026-01", "window_start_month": "2025-02", "mesh_500m": "503266101", "new_restaurant_permits_12m": 5, "active_mesh_rank": 10, "active_mesh_percentile": 92.97, "active_mesh_zscore": 0.9809, "hotspot_class": "top_20pct_active", "mesh_500m_center_lat": 33.84375, "mesh_500m_center_lon": 132.753125}, "geometry": {"type": "Polygon", "coordinates": [[[132.75, 33.84166666666667], [132.75625, 33.84166666666667], [132.75625, 33.84583333333334], [132.75, 33.84583333333334], [132.75, 33.84166666666667]]]}}, {"type": "Feature", "properties": {"window_end_month": "2026-01", "window_start_month": "2025-02", "mesh_500m": "503266203", "new_restaurant_permits_12m": 5, "active_mesh_rank": 11, "active_mesh_percentile": 92.19, "active_mesh_zscore": 0.9809, "hotspot_class": "top_20pct_active", "mesh_500m_center_lat": 33.85625, "mesh_500m_center_lon": 132.753125}, "geometry": {"type": "Polygon", "coordinates": [[[132.75, 33.85416666666667], [132.75625, 33.85416666666667], [132.75625, 33.85833333333334], [132.75, 33.85833333333334], [132.75, 33.85416666666667]]]}}, {"type": "Feature", "properties": {"window_end_month": "2026-01", "window_start_month": "2025-02", "mesh_500m": "503266231", "new_restaurant_permits_12m": 5, "active_mesh_rank": 12, "active_mesh_percentile": 91.41, "active_mesh_zscore": 0.9809, "hotspot_class": "top_20pct_active", "mesh_500m_center_lat": 33.85208333333334, "mesh_500m_center_lon": 132.79062499999998}, "geometry": {"type": "Polygon", "coordinates": [[[132.7875, 33.85], [132.79375, 33.85], [132.79375, 33.85416666666667], [132.7875, 33.85416666666667], [132.7875, 33.85]]]}}, {"type": "Feature", "properties": {"window_end_month": "2026-01", "window_start_month": "2025-02", "mesh_500m": "503255992", "new_restaurant_permits_12m": 4, "active_mesh_rank": 13, "active_mesh_percentile": 90.62, "active_mesh_zscore": 0.6242, "hotspot_class": "top_20pct_active", "mesh_500m_center_lat": 33.827083333333334, "mesh_500m_center_lon": 132.746875}, "geometry": {"type": "Polygon", "coordinates": [[[132.74375, 33.825], [132.75, 33.825], [132.75, 33.82916666666667], [132.74375, 33.82916666666667], [132.74375, 33.825]]]}}, {"type": "Feature", "properties": {"window_end_month": "2026-01", "window_start_month": "2025-02", "mesh_500m": "503256702", "new_restaurant_permits_12m": 4, "active_mesh_rank": 14, "active_mesh_percentile": 89.84, "active_mesh_zscore": 0.6242, "hotspot_class": "top_20pct_active", "mesh_500m_center_lat": 33.81041666666667, "mesh_500m_center_lon": 132.75937499999998}, "geometry": {"type": "Polygon", "coordinates": [[[132.75625, 33.80833333333333], [132.7625, 33.80833333333333], [132.7625, 33.8125], [132.75625, 33.8125], [132.75625, 33.80833333333333]]]}}, {"type": "Feature", "properties": {"window_end_month": "2026-01", "window_start_month": "2025-02", "mesh_500m": "503256711", "new_restaurant_permits_12m": 4, "active_mesh_rank": 15, "active_mesh_percentile": 89.06, "active_mesh_zscore": 0.6242, "hotspot_class": "top_20pct_active", "mesh_500m_center_lat": 33.81041666666667, "mesh_500m_center_lon": 132.765625}, "geometry": {"type": "Polygon", "coordinates": [[[132.7625, 33.80833333333333], [132.76874999999998, 33.80833333333333], [132.76874999999998, 33.8125], [132.7625, 33.8125], [132.7625, 33.80833333333333]]]}}, {"type": "Feature", "properties": {"window_end_month": "2026-01", "window_start_month": "2025-02", "mesh_500m": "503256732", "new_restaurant_permits_12m": 4, "active_mesh_rank": 16, "active_mesh_percentile": 88.28, "active_mesh_zscore": 0.6242, "hotspot_class": "top_20pct_active", "mesh_500m_center_lat": 33.81041666666667, "mesh_500m_center_lon": 132.796875}, "geometry": {"type": "Polygon", "coordinates": [[[132.79375, 33.80833333333333], [132.79999999999998, 33.80833333333333], [132.79999999999998, 33.8125], [132.79375, 33.8125], [132.79375, 33.80833333333333]]]}}, {"type": "Feature", "properties": {"window_end_month": "2026-01", "window_start_month": "2025-02", "mesh_500m": "503256902", "new_restaurant_permits_12m": 4, "active_mesh_rank": 17, "active_mesh_percentile": 87.5, "active_mesh_zscore": 0.6242, "hotspot_class": "top_20pct_active", "mesh_500m_center_lat": 33.827083333333334, "mesh_500m_center_lon": 132.75937499999998}, "geometry": {"type": "Polygon", "coordinates": [[[132.75625, 33.825], [132.7625, 33.825], [132.7625, 33.82916666666667], [132.75625, 33.82916666666667], [132.75625, 33.825]]]}}, {"type": "Feature", "properties": {"window_end_month": "2026-01", "window_start_month": "2025-02", "mesh_500m": "503256914", "new_restaurant_permits_12m": 4, "active_mesh_rank": 18, "active_mesh_percentile": 86.72, "active_mesh_zscore": 0.6242, "hotspot_class": "top_20pct_active", "mesh_500m_center_lat": 33.83125000000001, "mesh_500m_center_lon": 132.77187499999997}, "geometry": {"type": "Polygon", "coordinates": [[[132.76874999999998, 33.82916666666667], [132.77499999999998, 33.82916666666667], [132.77499999999998, 33.83333333333334], [132.76874999999998, 33.83333333333334], [132.76874999999998, 33.82916666666667]]]}}, {"type": "Feature", "properties": {"window_end_month": "2026-01", "window_start_month": "2025-02", "mesh_500m": "503256923", "new_restaurant_permits_12m": 4, "active_mesh_rank": 19, "active_mesh_percentile": 85.94, "active_mesh_zscore": 0.6242, "hotspot_class": "top_20pct_active", "mesh_500m_center_lat": 33.83125000000001, "mesh_500m_center_lon": 132.778125}, "geometry": {"type": "Polygon", "coordinates": [[[132.775, 33.82916666666667], [132.78125, 33.82916666666667], [132.78125, 33.83333333333334], [132.775, 33.83333333333334], [132.775, 33.82916666666667]]]}}, {"type": "Feature", "properties": {"window_end_month": "2026-01", "window_start_month": "2025-02", "mesh_500m": "503256931", "new_restaurant_permits_12m": 4, "active_mesh_rank": 20, "active_mesh_percentile": 85.16, "active_mesh_zscore": 0.6242, "hotspot_class": "top_20pct_active", "mesh_500m_center_lat": 33.827083333333334, "mesh_500m_center_lon": 132.79062499999998}, "geometry": {"type": "Polygon", "coordinates": [[[132.7875, 33.825], [132.79375, 33.825], [132.79375, 33.82916666666667], [132.7875, 33.82916666666667], [132.7875, 33.825]]]}}, {"type": "Feature", "properties": {"window_end_month": "2026-01", "window_start_month": "2025-02", "mesh_500m": "503266022", "new_restaurant_permits_12m": 4, "active_mesh_rank": 21, "active_mesh_percentile": 84.38, "active_mesh_zscore": 0.6242, "hotspot_class": "top_20pct_active", "mesh_500m_center_lat": 33.835416666666674, "mesh_500m_center_lon": 132.784375}, "geometry": {"type": "Polygon", "coordinates": [[[132.78125, 33.833333333333336], [132.7875, 33.833333333333336], [132.7875, 33.837500000000006], [132.78125, 33.837500000000006], [132.78125, 33.833333333333336]]]}}, {"type": "Feature", "properties": {"window_end_month": "2026-01", "window_start_month": "2025-02", "mesh_500m": "503255782", "new_restaurant_permits_12m": 3, "active_mesh_rank": 22, "active_mesh_percentile": 83.59, "active_mesh_zscore": 0.2675, "hotspot_class": "top_20pct_active", "mesh_500m_center_lat": 33.81041666666667, "mesh_500m_center_lon": 132.734375}, "geometry": {"type": "Polygon", "coordinates": [[[132.73125, 33.80833333333333], [132.73749999999998, 33.80833333333333], [132.73749999999998, 33.8125], [132.73125, 33.8125], [132.73125, 33.80833333333333]]]}}, {"type": "Feature", "properties": {"window_end_month": "2026-01", "window_start_month": "2025-02", "mesh_500m": "503256634", "new_restaurant_permits_12m": 3, "active_mesh_rank": 23, "active_mesh_percentile": 82.81, "active_mesh_zscore": 0.2675, "hotspot_class": "top_20pct_active", "mesh_500m_center_lat": 33.806250000000006, "mesh_500m_center_lon": 132.796875}, "geometry": {"type": "Polygon", "coordinates": [[[132.79375, 33.80416666666667], [132.79999999999998, 33.80416666666667], [132.79999999999998, 33.80833333333334], [132.79375, 33.80833333333334], [132.79375, 33.80416666666667]]]}}, {"type": "Feature", "properties": {"window_end_month": "2026-01", "window_start_month": "2025-02", "mesh_500m": "503256721", "new_restaurant_permits_12m": 3, "active_mesh_rank": 24, "active_mesh_percentile": 82.03, "active_mesh_zscore": 0.2675, "hotspot_class": "top_20pct_active", "mesh_500m_center_lat": 33.81041666666667, "mesh_500m_center_lon": 132.778125}, "geometry": {"type": "Polygon", "coordinates": [[[132.775, 33.80833333333333], [132.78125, 33.80833333333333], [132.78125, 33.8125], [132.775, 33.8125], [132.775, 33.80833333333333]]]}}, {"type": "Feature", "properties": {"window_end_month": "2026-01", "window_start_month": "2025-02", "mesh_500m": "503256741", "new_restaurant_permits_12m": 3, "active_mesh_rank": 25, "active_mesh_percentile": 81.25, "active_mesh_zscore": 0.2675, "hotspot_class": "top_20pct_active", "mesh_500m_center_lat": 33.81041666666667, "mesh_500m_center_lon": 132.80312500000002}, "geometry": {"type": "Polygon", "coordinates": [[[132.8, 33.80833333333333], [132.80625, 33.80833333333333], [132.80625, 33.8125], [132.8, 33.8125], [132.8, 33.80833333333333]]]}}, {"type": "Feature", "properties": {"window_end_month": "2026-01", "window_start_month": "2025-02", "mesh_500m": "503256821", "new_restaurant_permits_12m": 3, "active_mesh_rank": 26, "active_mesh_percentile": 80.47, "active_mesh_zscore": 0.2675, "hotspot_class": "top_20pct_active", "mesh_500m_center_lat": 33.81875000000001, "mesh_500m_center_lon": 132.778125}, "geometry": {"type": "Polygon", "coordinates": [[[132.775, 33.81666666666667], [132.78125, 33.81666666666667], [132.78125, 33.82083333333334], [132.775, 33.82083333333334], [132.775, 33.81666666666667]]]}}, {"type": "Feature", "properties": {"window_end_month": "2026-01", "window_start_month": "2025-02", "mesh_500m": "503256924", "new_restaurant_permits_12m": 3, "active_mesh_rank": 27, "active_mesh_percentile": 79.69, "active_mesh_zscore": 0.2675, "hotspot_class": "other_active", "mesh_500m_center_lat": 33.83125000000001, "mesh_500m_center_lon": 132.784375}, "geometry": {"type": "Polygon", "coordinates": [[[132.78125, 33.82916666666667], [132.7875, 33.82916666666667], [132.7875, 33.83333333333334], [132.78125, 33.83333333333334], [132.78125, 33.82916666666667]]]}}, {"type": "Feature", "properties": {"window_end_month": "2026-01", "window_start_month": "2025-02", "mesh_500m": "503265283", "new_restaurant_permits_12m": 3, "active_mesh_rank": 28, "active_mesh_percentile": 78.91, "active_mesh_zscore": 0.2675, "hotspot_class": "other_active", "mesh_500m_center_lat": 33.85625, "mesh_500m_center_lon": 132.72812499999998}, "geometry": {"type": "Polygon", "coordinates": [[[132.725, 33.85416666666667], [132.73125, 33.85416666666667], [132.73125, 33.85833333333334], [132.725, 33.85833333333334], [132.725, 33.85416666666667]]]}}, {"type": "Feature", "properties": {"window_end_month": "2026-01", "window_start_month": "2025-02", "mesh_500m": "503265371", "new_restaurant_permits_12m": 3, "active_mesh_rank": 29, "active_mesh_percentile": 78.12, "active_mesh_zscore": 0.2675, "hotspot_class": "other_active", "mesh_500m_center_lat": 33.860416666666666, "mesh_500m_center_lon": 132.715625}, "geometry": {"type": "Polygon", "coordinates": [[[132.7125, 33.858333333333334], [132.71875, 33.858333333333334], [132.71875, 33.862500000000004], [132.7125, 33.862500000000004], [132.7125, 33.858333333333334]]]}}, {"type": "Feature", "properties": {"window_end_month": "2026-01", "window_start_month": "2025-02", "mesh_500m": "503265381", "new_restaurant_permits_12m": 3, "active_mesh_rank": 30, "active_mesh_percentile": 77.34, "active_mesh_zscore": 0.2675, "hotspot_class": "other_active", "mesh_500m_center_lat": 33.860416666666666, "mesh_500m_center_lon": 132.72812499999998}, "geometry": {"type": "Polygon", "coordinates": [[[132.725, 33.858333333333334], [132.73125, 33.858333333333334], [132.73125, 33.862500000000004], [132.725, 33.862500000000004], [132.725, 33.858333333333334]]]}}, {"type": "Feature", "properties": {"window_end_month": "2026-01", "window_start_month": "2025-02", "mesh_500m": "503266024", "new_restaurant_permits_12m": 3, "active_mesh_rank": 31, "active_mesh_percentile": 76.56, "active_mesh_zscore": 0.2675, "hotspot_class": "other_active", "mesh_500m_center_lat": 33.83958333333334, "mesh_500m_center_lon": 132.784375}, "geometry": {"type": "Polygon", "coordinates": [[[132.78125, 33.837500000000006], [132.7875, 33.837500000000006], [132.7875, 33.841666666666676], [132.78125, 33.841666666666676], [132.78125, 33.837500000000006]]]}}, {"type": "Feature", "properties": {"window_end_month": "2026-01", "window_start_month": "2025-02", "mesh_500m": "503266303", "new_restaurant_permits_12m": 3, "active_mesh_rank": 32, "active_mesh_percentile": 75.78, "active_mesh_zscore": 0.2675, "hotspot_class": "other_active", "mesh_500m_center_lat": 33.86458333333334, "mesh_500m_center_lon": 132.753125}, "geometry": {"type": "Polygon", "coordinates": [[[132.75, 33.862500000000004], [132.75625, 33.862500000000004], [132.75625, 33.866666666666674], [132.75, 33.866666666666674], [132.75, 33.862500000000004]]]}}, {"type": "Feature", "properties": {"window_end_month": "2026-01", "window_start_month": "2025-02", "mesh_500m": "503276521", "new_restaurant_permits_12m": 3, "active_mesh_rank": 33, "active_mesh_percentile": 75.0, "active_mesh_zscore": 0.2675, "hotspot_class": "other_active", "mesh_500m_center_lat": 33.960416666666674, "mesh_500m_center_lon": 132.778125}, "geometry": {"type": "Polygon", "coordinates": [[[132.775, 33.958333333333336], [132.78125, 33.958333333333336], [132.78125, 33.962500000000006], [132.775, 33.962500000000006], [132.775, 33.958333333333336]]]}}, {"type": "Feature", "properties": {"window_end_month": "2026-01", "window_start_month": "2025-02", "mesh_500m": "503255683", "new_restaurant_permits_12m": 2, "active_mesh_rank": 34, "active_mesh_percentile": 74.22, "active_mesh_zscore": -0.0892, "hotspot_class": "other_active", "mesh_500m_center_lat": 33.806250000000006, "mesh_500m_center_lon": 132.72812499999998}, "geometry": {"type": "Polygon", "coordinates": [[[132.725, 33.80416666666667], [132.73125, 33.80416666666667], [132.73125, 33.80833333333334], [132.725, 33.80833333333334], [132.725, 33.80416666666667]]]}}, {"type": "Feature", "properties": {"window_end_month": "2026-01", "window_start_month": "2025-02", "mesh_500m": "503255982", "new_restaurant_permits_12m": 2, "active_mesh_rank": 35, "active_mesh_percentile": 73.44, "active_mesh_zscore": -0.0892, "hotspot_class": "other_active", "mesh_500m_center_lat": 33.827083333333334, "mesh_500m_center_lon": 132.734375}, "geometry": {"type": "Polygon", "coordinates": [[[132.73125, 33.825], [132.73749999999998, 33.825], [132.73749999999998, 33.82916666666667], [132.73125, 33.82916666666667], [132.73125, 33.825]]]}}, {"type": "Feature", "properties": {"window_end_month": "2026-01", "window_start_month": "2025-02", "mesh_500m": "503255983", "new_restaurant_permits_12m": 2, "active_mesh_rank": 36, "active_mesh_percentile": 72.66, "active_mesh_zscore": -0.0892, "hotspot_class": "other_active", "mesh_500m_center_lat": 33.83125000000001, "mesh_500m_center_lon": 132.72812499999998}, "geometry": {"type": "Polygon", "coordinates": [[[132.725, 33.82916666666667], [132.73125, 33.82916666666667], [132.73125, 33.83333333333334], [132.725, 33.83333333333334], [132.725, 33.82916666666667]]]}}, {"type": "Feature", "properties": {"window_end_month": "2026-01", "window_start_month": "2025-02", "mesh_500m": "503255991", "new_restaurant_permits_12m": 2, "active_mesh_rank": 37, "active_mesh_percentile": 71.88, "active_mesh_zscore": -0.0892, "hotspot_class": "other_active", "mesh_500m_center_lat": 33.827083333333334, "mesh_500m_center_lon": 132.74062500000002}, "geometry": {"type": "Polygon", "coordinates": [[[132.7375, 33.825], [132.74375, 33.825], [132.74375, 33.82916666666667], [132.7375, 33.82916666666667], [132.7375, 33.825]]]}}, {"type": "Feature", "properties": {"window_end_month": "2026-01", "window_start_month": "2025-02", "mesh_500m": "503256704", "new_restaurant_permits_12m": 2, "active_mesh_rank": 38, "active_mesh_percentile": 71.09, "active_mesh_zscore": -0.0892, "hotspot_class": "other_active", "mesh_500m_center_lat": 33.81458333333333, "mesh_500m_center_lon": 132.75937499999998}, "geometry": {"type": "Polygon", "coordinates": [[[132.75625, 33.8125], [132.7625, 33.8125], [132.7625, 33.81666666666667], [132.75625, 33.81666666666667], [132.75625, 33.8125]]]}}, {"type": "Feature", "properties": {"window_end_month": "2026-01", "window_start_month": "2025-02", "mesh_500m": "503256801", "new_restaurant_permits_12m": 2, "active_mesh_rank": 39, "active_mesh_percentile": 70.31, "active_mesh_zscore": -0.0892, "hotspot_class": "other_active", "mesh_500m_center_lat": 33.81875000000001, "mesh_500m_center_lon": 132.753125}, "geometry": {"type": "Polygon", "coordinates": [[[132.75, 33.81666666666667], [132.75625, 33.81666666666667], [132.75625, 33.82083333333334], [132.75, 33.82083333333334], [132.75, 33.81666666666667]]]}}, {"type": "Feature", "properties": {"window_end_month": "2026-01", "window_start_month": "2025-02", "mesh_500m": "503256802", "new_restaurant_permits_12m": 2, "active_mesh_rank": 40, "active_mesh_percentile": 69.53, "active_mesh_zscore": -0.0892, "hotspot_class": "other_active", "mesh_500m_center_lat": 33.81875000000001, "mesh_500m_center_lon": 132.75937499999998}, "geometry": {"type": "Polygon", "coordinates": [[[132.75625, 33.81666666666667], [132.7625, 33.81666666666667], [132.7625, 33.82083333333334], [132.75625, 33.82083333333334], [132.75625, 33.81666666666667]]]}}, {"type": "Feature", "properties": {"window_end_month": "2026-01", "window_start_month": "2025-02", "mesh_500m": "503256804", "new_restaurant_permits_12m": 2, "active_mesh_rank": 41, "active_mesh_percentile": 68.75, "active_mesh_zscore": -0.0892, "hotspot_class": "other_active", "mesh_500m_center_lat": 33.82291666666667, "mesh_500m_center_lon": 132.75937499999998}, "geometry": {"type": "Polygon", "coordinates": [[[132.75625, 33.82083333333334], [132.7625, 33.82083333333334], [132.7625, 33.82500000000001], [132.75625, 33.82500000000001], [132.75625, 33.82083333333334]]]}}, {"type": "Feature", "properties": {"window_end_month": "2026-01", "window_start_month": "2025-02", "mesh_500m": "503256811", "new_restaurant_permits_12m": 2, "active_mesh_rank": 42, "active_mesh_percentile": 67.97, "active_mesh_zscore": -0.0892, "hotspot_class": "other_active", "mesh_500m_center_lat": 33.81875000000001, "mesh_500m_center_lon": 132.765625}, "geometry": {"type": "Polygon", "coordinates": [[[132.7625, 33.81666666666667], [132.76874999999998, 33.81666666666667], [132.76874999999998, 33.82083333333334], [132.7625, 33.82083333333334], [132.7625, 33.81666666666667]]]}}, {"type": "Feature", "properties": {"window_end_month": "2026-01", "window_start_month": "2025-02", "mesh_500m": "503256912", "new_restaurant_permits_12m": 2, "active_mesh_rank": 43, "active_mesh_percentile": 67.19, "active_mesh_zscore": -0.0892, "hotspot_class": "other_active", "mesh_500m_center_lat": 33.827083333333334, "mesh_500m_center_lon": 132.77187499999997}, "geometry": {"type": "Polygon", "coordinates": [[[132.76874999999998, 33.825], [132.77499999999998, 33.825], [132.77499999999998, 33.82916666666667], [132.76874999999998, 33.82916666666667], [132.76874999999998, 33.825]]]}}, {"type": "Feature", "properties": {"window_end_month": "2026-01", "window_start_month": "2025-02", "mesh_500m": "503256933", "new_restaurant_permits_12m": 2, "active_mesh_rank": 44, "active_mesh_percentile": 66.41, "active_mesh_zscore": -0.0892, "hotspot_class": "other_active", "mesh_500m_center_lat": 33.83125000000001, "mesh_500m_center_lon": 132.79062499999998}, "geometry": {"type": "Polygon", "coordinates": [[[132.7875, 33.82916666666667], [132.79375, 33.82916666666667], [132.79375, 33.83333333333334], [132.7875, 33.83333333333334], [132.7875, 33.82916666666667]]]}}, {"type": "Feature", "properties": {"window_end_month": "2026-01", "window_start_month": "2025-02", "mesh_500m": "503265092", "new_restaurant_permits_12m": 2, "active_mesh_rank": 45, "active_mesh_percentile": 65.62, "active_mesh_zscore": -0.0892, "hotspot_class": "other_active", "mesh_500m_center_lat": 33.835416666666674, "mesh_500m_center_lon": 132.746875}, "geometry": {"type": "Polygon", "coordinates": [[[132.74375, 33.833333333333336], [132.75, 33.833333333333336], [132.75, 33.837500000000006], [132.74375, 33.837500000000006], [132.74375, 33.833333333333336]]]}}, {"type": "Feature", "properties": {"window_end_month": "2026-01", "window_start_month": "2025-02", "mesh_500m": "503265273", "new_restaurant_permits_12m": 2, "active_mesh_rank": 46, "active_mesh_percentile": 64.84, "active_mesh_zscore": -0.0892, "hotspot_class": "other_active", "mesh_500m_center_lat": 33.85625, "mesh_500m_center_lon": 132.715625}, "geometry": {"type": "Polygon", "coordinates": [[[132.7125, 33.85416666666667], [132.71875, 33.85416666666667], [132.71875, 33.85833333333334], [132.7125, 33.85833333333334], [132.7125, 33.85416666666667]]]}}, {"type": "Feature", "properties": {"window_end_month": "2026-01", "window_start_month": "2025-02", "mesh_500m": "503265274", "new_restaurant_permits_12m": 2, "active_mesh_rank": 47, "active_mesh_percentile": 64.06, "active_mesh_zscore": -0.0892, "hotspot_class": "other_active", "mesh_500m_center_lat": 33.85625, "mesh_500m_center_lon": 132.721875}, "geometry": {"type": "Polygon", "coordinates": [[[132.71875, 33.85416666666667], [132.725, 33.85416666666667], [132.725, 33.85833333333334], [132.71875, 33.85833333333334], [132.71875, 33.85416666666667]]]}}, {"type": "Feature", "properties": {"window_end_month": "2026-01", "window_start_month": "2025-02", "mesh_500m": "503265292", "new_restaurant_permits_12m": 2, "active_mesh_rank": 48, "active_mesh_percentile": 63.28, "active_mesh_zscore": -0.0892, "hotspot_class": "other_active", "mesh_500m_center_lat": 33.85208333333334, "mesh_500m_center_lon": 132.746875}, "geometry": {"type": "Polygon", "coordinates": [[[132.74375, 33.85], [132.75, 33.85], [132.75, 33.85416666666667], [132.74375, 33.85416666666667], [132.74375, 33.85]]]}}, {"type": "Feature", "properties": {"window_end_month": "2026-01", "window_start_month": "2025-02", "mesh_500m": "503265383", "new_restaurant_permits_12m": 2, "active_mesh_rank": 49, "active_mesh_percentile": 62.5, "active_mesh_zscore": -0.0892, "hotspot_class": "other_active", "mesh_500m_center_lat": 33.86458333333334, "mesh_500m_center_lon": 132.72812499999998}, "geometry": {"type": "Polygon", "coordinates": [[[132.725, 33.862500000000004], [132.73125, 33.862500000000004], [132.73125, 33.866666666666674], [132.725, 33.866666666666674], [132.725, 33.862500000000004]]]}}, {"type": "Feature", "properties": {"window_end_month": "2026-01", "window_start_month": "2025-02", "mesh_500m": "503266021", "new_restaurant_permits_12m": 2, "active_mesh_rank": 50, "active_mesh_percentile": 61.72, "active_mesh_zscore": -0.0892, "hotspot_class": "other_active", "mesh_500m_center_lat": 33.835416666666674, "mesh_500m_center_lon": 132.778125}, "geometry": {"type": "Polygon", "coordinates": [[[132.775, 33.833333333333336], [132.78125, 33.833333333333336], [132.78125, 33.837500000000006], [132.775, 33.837500000000006], [132.775, 33.833333333333336]]]}}, {"type": "Feature", "properties": {"window_end_month": "2026-01", "window_start_month": "2025-02", "mesh_500m": "503266031", "new_restaurant_permits_12m": 2, "active_mesh_rank": 51, "active_mesh_percentile": 60.94, "active_mesh_zscore": -0.0892, "hotspot_class": "other_active", "mesh_500m_center_lat": 33.835416666666674, "mesh_500m_center_lon": 132.79062499999998}, "geometry": {"type": "Polygon", "coordinates": [[[132.7875, 33.833333333333336], [132.79375, 33.833333333333336], [132.79375, 33.837500000000006], [132.7875, 33.837500000000006], [132.7875, 33.833333333333336]]]}}, {"type": "Feature", "properties": {"window_end_month": "2026-01", "window_start_month": "2025-02", "mesh_500m": "503266033", "new_restaurant_permits_12m": 2, "active_mesh_rank": 52, "active_mesh_percentile": 60.16, "active_mesh_zscore": -0.0892, "hotspot_class": "other_active", "mesh_500m_center_lat": 33.83958333333334, "mesh_500m_center_lon": 132.79062499999998}, "geometry": {"type": "Polygon", "coordinates": [[[132.7875, 33.837500000000006], [132.79375, 33.837500000000006], [132.79375, 33.841666666666676], [132.7875, 33.841666666666676], [132.7875, 33.837500000000006]]]}}, {"type": "Feature", "properties": {"window_end_month": "2026-01", "window_start_month": "2025-02", "mesh_500m": "503266103", "new_restaurant_permits_12m": 2, "active_mesh_rank": 53, "active_mesh_percentile": 59.38, "active_mesh_zscore": -0.0892, "hotspot_class": "other_active", "mesh_500m_center_lat": 33.84791666666668, "mesh_500m_center_lon": 132.753125}, "geometry": {"type": "Polygon", "coordinates": [[[132.75, 33.84583333333334], [132.75625, 33.84583333333334], [132.75625, 33.85000000000001], [132.75, 33.85000000000001], [132.75, 33.84583333333334]]]}}, {"type": "Feature", "properties": {"window_end_month": "2026-01", "window_start_month": "2025-02", "mesh_500m": "503266221", "new_restaurant_permits_12m": 2, "active_mesh_rank": 54, "active_mesh_percentile": 58.59, "active_mesh_zscore": -0.0892, "hotspot_class": "other_active", "mesh_500m_center_lat": 33.85208333333334, "mesh_500m_center_lon": 132.778125}, "geometry": {"type": "Polygon", "coordinates": [[[132.775, 33.85], [132.78125, 33.85], [132.78125, 33.85416666666667], [132.775, 33.85416666666667], [132.775, 33.85]]]}}, {"type": "Feature", "properties": {"window_end_month": "2026-01", "window_start_month": "2025-02", "mesh_500m": "503266223", "new_restaurant_permits_12m": 2, "active_mesh_rank": 55, "active_mesh_percentile": 57.81, "active_mesh_zscore": -0.0892, "hotspot_class": "other_active", "mesh_500m_center_lat": 33.85625, "mesh_500m_center_lon": 132.778125}, "geometry": {"type": "Polygon", "coordinates": [[[132.775, 33.85416666666667], [132.78125, 33.85416666666667], [132.78125, 33.85833333333334], [132.775, 33.85833333333334], [132.775, 33.85416666666667]]]}}, {"type": "Feature", "properties": {"window_end_month": "2026-01", "window_start_month": "2025-02", "mesh_500m": "503266301", "new_restaurant_permits_12m": 2, "active_mesh_rank": 56, "active_mesh_percentile": 57.03, "active_mesh_zscore": -0.0892, "hotspot_class": "other_active", "mesh_500m_center_lat": 33.860416666666666, "mesh_500m_center_lon": 132.753125}, "geometry": {"type": "Polygon", "coordinates": [[[132.75, 33.858333333333334], [132.75625, 33.858333333333334], [132.75625, 33.862500000000004], [132.75, 33.862500000000004], [132.75, 33.858333333333334]]]}}, {"type": "Feature", "properties": {"window_end_month": "2026-01", "window_start_month": "2025-02", "mesh_500m": "503266403", "new_restaurant_permits_12m": 2, "active_mesh_rank": 57, "active_mesh_percentile": 56.25, "active_mesh_zscore": -0.0892, "hotspot_class": "other_active", "mesh_500m_center_lat": 33.87291666666667, "mesh_500m_center_lon": 132.753125}, "geometry": {"type": "Polygon", "coordinates": [[[132.75, 33.87083333333334], [132.75625, 33.87083333333334], [132.75625, 33.87500000000001], [132.75, 33.87500000000001], [132.75, 33.87083333333334]]]}}, {"type": "Feature", "properties": {"window_end_month": "2026-01", "window_start_month": "2025-02", "mesh_500m": "503276314", "new_restaurant_permits_12m": 2, "active_mesh_rank": 58, "active_mesh_percentile": 55.47, "active_mesh_zscore": -0.0892, "hotspot_class": "other_active", "mesh_500m_center_lat": 33.94791666666667, "mesh_500m_center_lon": 132.77187499999997}, "geometry": {"type": "Polygon", "coordinates": [[[132.76874999999998, 33.94583333333334], [132.77499999999998, 33.94583333333334], [132.77499999999998, 33.95000000000001], [132.76874999999998, 33.95000000000001], [132.76874999999998, 33.94583333333334]]]}}, {"type": "Feature", "properties": {"window_end_month": "2026-01", "window_start_month": "2025-02", "mesh_500m": "503276421", "new_restaurant_permits_12m": 2, "active_mesh_rank": 59, "active_mesh_percentile": 54.69, "active_mesh_zscore": -0.0892, "hotspot_class": "other_active", "mesh_500m_center_lat": 33.952083333333334, "mesh_500m_center_lon": 132.778125}, "geometry": {"type": "Polygon", "coordinates": [[[132.775, 33.95], [132.78125, 33.95], [132.78125, 33.95416666666667], [132.775, 33.95416666666667], [132.775, 33.95]]]}}, {"type": "Feature", "properties": {"window_end_month": "2026-01", "window_start_month": "2025-02", "mesh_500m": "503255783", "new_restaurant_permits_12m": 1, "active_mesh_rank": 60, "active_mesh_percentile": 53.91, "active_mesh_zscore": -0.4459, "hotspot_class": "other_active", "mesh_500m_center_lat": 33.81458333333333, "mesh_500m_center_lon": 132.72812499999998}, "geometry": {"type": "Polygon", "coordinates": [[[132.725, 33.8125], [132.73125, 33.8125], [132.73125, 33.81666666666667], [132.725, 33.81666666666667], [132.725, 33.8125]]]}}, {"type": "Feature", "properties": {"window_end_month": "2026-01", "window_start_month": "2025-02", "mesh_500m": "503255792", "new_restaurant_permits_12m": 1, "active_mesh_rank": 61, "active_mesh_percentile": 53.12, "active_mesh_zscore": -0.4459, "hotspot_class": "other_active", "mesh_500m_center_lat": 33.81041666666667, "mesh_500m_center_lon": 132.746875}, "geometry": {"type": "Polygon", "coordinates": [[[132.74375, 33.80833333333333], [132.75, 33.80833333333333], [132.75, 33.8125], [132.74375, 33.8125], [132.74375, 33.80833333333333]]]}}, {"type": "Feature", "properties": {"window_end_month": "2026-01", "window_start_month": "2025-02", "mesh_500m": "503255793", "new_restaurant_permits_12m": 1, "active_mesh_rank": 62, "active_mesh_percentile": 52.34, "active_mesh_zscore": -0.4459, "hotspot_class": "other_active", "mesh_500m_center_lat": 33.81458333333333, "mesh_500m_center_lon": 132.74062500000002}, "geometry": {"type": "Polygon", "coordinates": [[[132.7375, 33.8125], [132.74375, 33.8125], [132.74375, 33.81666666666667], [132.7375, 33.81666666666667], [132.7375, 33.8125]]]}}, {"type": "Feature", "properties": {"window_end_month": "2026-01", "window_start_month": "2025-02", "mesh_500m": "503255794", "new_restaurant_permits_12m": 1, "active_mesh_rank": 63, "active_mesh_percentile": 51.56, "active_mesh_zscore": -0.4459, "hotspot_class": "other_active", "mesh_500m_center_lat": 33.81458333333333, "mesh_500m_center_lon": 132.746875}, "geometry": {"type": "Polygon", "coordinates": [[[132.74375, 33.8125], [132.75, 33.8125], [132.75, 33.81666666666667], [132.74375, 33.81666666666667], [132.74375, 33.8125]]]}}, {"type": "Feature", "properties": {"window_end_month": "2026-01", "window_start_month": "2025-02", "mesh_500m": "503255854", "new_restaurant_permits_12m": 1, "active_mesh_rank": 64, "active_mesh_percentile": 50.78, "active_mesh_zscore": -0.4459, "hotspot_class": "other_active", "mesh_500m_center_lat": 33.82291666666667, "mesh_500m_center_lon": 132.69687499999998}, "geometry": {"type": "Polygon", "coordinates": [[[132.69375, 33.82083333333334], [132.7, 33.82083333333334], [132.7, 33.82500000000001], [132.69375, 33.82500000000001], [132.69375, 33.82083333333334]]]}}, {"type": "Feature", "properties": {"window_end_month": "2026-01", "window_start_month": "2025-02", "mesh_500m": "503255873", "new_restaurant_permits_12m": 1, "active_mesh_rank": 65, "active_mesh_percentile": 50.0, "active_mesh_zscore": -0.4459, "hotspot_class": "other_active", "mesh_500m_center_lat": 33.82291666666667, "mesh_500m_center_lon": 132.715625}, "geometry": {"type": "Polygon", "coordinates": [[[132.7125, 33.82083333333334], [132.71875, 33.82083333333334], [132.71875, 33.82500000000001], [132.7125, 33.82500000000001], [132.7125, 33.82083333333334]]]}}, {"type": "Feature", "properties": {"window_end_month": "2026-01", "window_start_month": "2025-02", "mesh_500m": "503255892", "new_restaurant_permits_12m": 1, "active_mesh_rank": 66, "active_mesh_percentile": 49.22, "active_mesh_zscore": -0.4459, "hotspot_class": "other_active", "mesh_500m_center_lat": 33.81875000000001, "mesh_500m_center_lon": 132.746875}, "geometry": {"type": "Polygon", "coordinates": [[[132.74375, 33.81666666666667], [132.75, 33.81666666666667], [132.75, 33.82083333333334], [132.74375, 33.82083333333334], [132.74375, 33.81666666666667]]]}}, {"type": "Feature", "properties": {"window_end_month": "2026-01", "window_start_month": "2025-02", "mesh_500m": "503255893", "new_restaurant_permits_12m": 1, "active_mesh_rank": 67, "active_mesh_percentile": 48.44, "active_mesh_zscore": -0.4459, "hotspot_class": "other_active", "mesh_500m_center_lat": 33.82291666666667, "mesh_500m_center_lon": 132.74062500000002}, "geometry": {"type": "Polygon", "coordinates": [[[132.7375, 33.82083333333334], [132.74375, 33.82083333333334], [132.74375, 33.82500000000001], [132.7375, 33.82500000000001], [132.7375, 33.82083333333334]]]}}, {"type": "Feature", "properties": {"window_end_month": "2026-01", "window_start_month": "2025-02", "mesh_500m": "503255894", "new_restaurant_permits_12m": 1, "active_mesh_rank": 68, "active_mesh_percentile": 47.66, "active_mesh_zscore": -0.4459, "hotspot_class": "other_active", "mesh_500m_center_lat": 33.82291666666667, "mesh_500m_center_lon": 132.746875}, "geometry": {"type": "Polygon", "coordinates": [[[132.74375, 33.82083333333334], [132.75, 33.82083333333334], [132.75, 33.82500000000001], [132.74375, 33.82500000000001], [132.74375, 33.82083333333334]]]}}, {"type": "Feature", "properties": {"window_end_month": "2026-01", "window_start_month": "2025-02", "mesh_500m": "503255964", "new_restaurant_permits_12m": 1, "active_mesh_rank": 69, "active_mesh_percentile": 46.88, "active_mesh_zscore": -0.4459, "hotspot_class": "other_active", "mesh_500m_center_lat": 33.83125000000001, "mesh_500m_center_lon": 132.70937499999997}, "geometry": {"type": "Polygon", "coordinates": [[[132.70624999999998, 33.82916666666667], [132.71249999999998, 33.82916666666667], [132.71249999999998, 33.83333333333334], [132.70624999999998, 33.83333333333334], [132.70624999999998, 33.82916666666667]]]}}, {"type": "Feature", "properties": {"window_end_month": "2026-01", "window_start_month": "2025-02", "mesh_500m": "503255972", "new_restaurant_permits_12m": 1, "active_mesh_rank": 70, "active_mesh_percentile": 46.09, "active_mesh_zscore": -0.4459, "hotspot_class": "other_active", "mesh_500m_center_lat": 33.827083333333334, "mesh_500m_center_lon": 132.721875}, "geometry": {"type": "Polygon", "coordinates": [[[132.71875, 33.825], [132.725, 33.825], [132.725, 33.82916666666667], [132.71875, 33.82916666666667], [132.71875, 33.825]]]}}, {"type": "Feature", "properties": {"window_end_month": "2026-01", "window_start_month": "2025-02", "mesh_500m": "503255974", "new_restaurant_permits_12m": 1, "active_mesh_rank": 71, "active_mesh_percentile": 45.31, "active_mesh_zscore": -0.4459, "hotspot_class": "other_active", "mesh_500m_center_lat": 33.83125000000001, "mesh_500m_center_lon": 132.721875}, "geometry": {"type": "Polygon", "coordinates": [[[132.71875, 33.82916666666667], [132.725, 33.82916666666667], [132.725, 33.83333333333334], [132.71875, 33.83333333333334], [132.71875, 33.82916666666667]]]}}, {"type": "Feature", "properties": {"window_end_month": "2026-01", "window_start_month": "2025-02", "mesh_500m": "503255981", "new_restaurant_permits_12m": 1, "active_mesh_rank": 72, "active_mesh_percentile": 44.53, "active_mesh_zscore": -0.4459, "hotspot_class": "other_active", "mesh_500m_center_lat": 33.827083333333334, "mesh_500m_center_lon": 132.72812499999998}, "geometry": {"type": "Polygon", "coordinates": [[[132.725, 33.825], [132.73125, 33.825], [132.73125, 33.82916666666667], [132.725, 33.82916666666667], [132.725, 33.825]]]}}, {"type": "Feature", "properties": {"window_end_month": "2026-01", "window_start_month": "2025-02", "mesh_500m": "503255994", "new_restaurant_permits_12m": 1, "active_mesh_rank": 73, "active_mesh_percentile": 43.75, "active_mesh_zscore": -0.4459, "hotspot_class": "other_active", "mesh_500m_center_lat": 33.83125000000001, "mesh_500m_center_lon": 132.746875}, "geometry": {"type": "Polygon", "coordinates": [[[132.74375, 33.82916666666667], [132.75, 33.82916666666667], [132.75, 33.83333333333334], [132.74375, 33.83333333333334], [132.74375, 33.82916666666667]]]}}, {"type": "Feature", "properties": {"window_end_month": "2026-01", "window_start_month": "2025-02", "mesh_500m": "503256524", "new_restaurant_permits_12m": 1, "active_mesh_rank": 74, "active_mesh_percentile": 42.97, "active_mesh_zscore": -0.4459, "hotspot_class": "other_active", "mesh_500m_center_lat": 33.797916666666666, "mesh_500m_center_lon": 132.784375}, "geometry": {"type": "Polygon", "coordinates": [[[132.78125, 33.795833333333334], [132.7875, 33.795833333333334], [132.7875, 33.800000000000004], [132.78125, 33.800000000000004], [132.78125, 33.795833333333334]]]}}, {"type": "Feature", "properties": {"window_end_month": "2026-01", "window_start_month": "2025-02", "mesh_500m": "503256611", "new_restaurant_permits_12m": 1, "active_mesh_rank": 75, "active_mesh_percentile": 42.19, "active_mesh_zscore": -0.4459, "hotspot_class": "other_active", "mesh_500m_center_lat": 33.80208333333333, "mesh_500m_center_lon": 132.765625}, "geometry": {"type": "Polygon", "coordinates": [[[132.7625, 33.8], [132.76874999999998, 33.8], [132.76874999999998, 33.80416666666667], [132.7625, 33.80416666666667], [132.7625, 33.8]]]}}, {"type": "Feature", "properties": {"window_end_month": "2026-01", "window_start_month": "2025-02", "mesh_500m": "503256613", "new_restaurant_permits_12m": 1, "active_mesh_rank": 76, "active_mesh_percentile": 41.41, "active_mesh_zscore": -0.4459, "hotspot_class": "other_active", "mesh_500m_center_lat": 33.806250000000006, "mesh_500m_center_lon": 132.765625}, "geometry": {"type": "Polygon", "coordinates": [[[132.7625, 33.80416666666667], [132.76874999999998, 33.80416666666667], [132.76874999999998, 33.80833333333334], [132.7625, 33.80833333333334], [132.7625, 33.80416666666667]]]}}, {"type": "Feature", "properties": {"window_end_month": "2026-01", "window_start_month": "2025-02", "mesh_500m": "503256624", "new_restaurant_permits_12m": 1, "active_mesh_rank": 77, "active_mesh_percentile": 40.62, "active_mesh_zscore": -0.4459, "hotspot_class": "other_active", "mesh_500m_center_lat": 33.806250000000006, "mesh_500m_center_lon": 132.784375}, "geometry": {"type": "Polygon", "coordinates": [[[132.78125, 33.80416666666667], [132.7875, 33.80416666666667], [132.7875, 33.80833333333334], [132.78125, 33.80833333333334], [132.78125, 33.80416666666667]]]}}, {"type": "Feature", "properties": {"window_end_month": "2026-01", "window_start_month": "2025-02", "mesh_500m": "503256633", "new_restaurant_permits_12m": 1, "active_mesh_rank": 78, "active_mesh_percentile": 39.84, "active_mesh_zscore": -0.4459, "hotspot_class": "other_active", "mesh_500m_center_lat": 33.806250000000006, "mesh_500m_center_lon": 132.79062499999998}, "geometry": {"type": "Polygon", "coordinates": [[[132.7875, 33.80416666666667], [132.79375, 33.80416666666667], [132.79375, 33.80833333333334], [132.7875, 33.80833333333334], [132.7875, 33.80416666666667]]]}}, {"type": "Feature", "properties": {"window_end_month": "2026-01", "window_start_month": "2025-02", "mesh_500m": "503256703", "new_restaurant_permits_12m": 1, "active_mesh_rank": 79, "active_mesh_percentile": 39.06, "active_mesh_zscore": -0.4459, "hotspot_class": "other_active", "mesh_500m_center_lat": 33.81458333333333, "mesh_500m_center_lon": 132.753125}, "geometry": {"type": "Polygon", "coordinates": [[[132.75, 33.8125], [132.75625, 33.8125], [132.75625, 33.81666666666667], [132.75, 33.81666666666667], [132.75, 33.8125]]]}}, {"type": "Feature", "properties": {"window_end_month": "2026-01", "window_start_month": "2025-02", "mesh_500m": "503256713", "new_restaurant_permits_12m": 1, "active_mesh_rank": 80, "active_mesh_percentile": 38.28, "active_mesh_zscore": -0.4459, "hotspot_class": "other_active", "mesh_500m_center_lat": 33.81458333333333, "mesh_500m_center_lon": 132.765625}, "geometry": {"type": "Polygon", "coordinates": [[[132.7625, 33.8125], [132.76874999999998, 33.8125], [132.76874999999998, 33.81666666666667], [132.7625, 33.81666666666667], [132.7625, 33.8125]]]}}, {"type": "Feature", "properties": {"window_end_month": "2026-01", "window_start_month": "2025-02", "mesh_500m": "503256724", "new_restaurant_permits_12m": 1, "active_mesh_rank": 81, "active_mesh_percentile": 37.5, "active_mesh_zscore": -0.4459, "hotspot_class": "other_active", "mesh_500m_center_lat": 33.81458333333333, "mesh_500m_center_lon": 132.784375}, "geometry": {"type": "Polygon", "coordinates": [[[132.78125, 33.8125], [132.7875, 33.8125], [132.7875, 33.81666666666667], [132.78125, 33.81666666666667], [132.78125, 33.8125]]]}}, {"type": "Feature", "properties": {"window_end_month": "2026-01", "window_start_month": "2025-02", "mesh_500m": "503256731", "new_restaurant_permits_12m": 1, "active_mesh_rank": 82, "active_mesh_percentile": 36.72, "active_mesh_zscore": -0.4459, "hotspot_class": "other_active", "mesh_500m_center_lat": 33.81041666666667, "mesh_500m_center_lon": 132.79062499999998}, "geometry": {"type": "Polygon", "coordinates": [[[132.7875, 33.80833333333333], [132.79375, 33.80833333333333], [132.79375, 33.8125], [132.7875, 33.8125], [132.7875, 33.80833333333333]]]}}, {"type": "Feature", "properties": {"window_end_month": "2026-01", "window_start_month": "2025-02", "mesh_500m": "503256744", "new_restaurant_permits_12m": 1, "active_mesh_rank": 83, "active_mesh_percentile": 35.94, "active_mesh_zscore": -0.4459, "hotspot_class": "other_active", "mesh_500m_center_lat": 33.81458333333333, "mesh_500m_center_lon": 132.809375}, "geometry": {"type": "Polygon", "coordinates": [[[132.80625, 33.8125], [132.8125, 33.8125], [132.8125, 33.81666666666667], [132.80625, 33.81666666666667], [132.80625, 33.8125]]]}}, {"type": "Feature", "properties": {"window_end_month": "2026-01", "window_start_month": "2025-02", "mesh_500m": "503256751", "new_restaurant_permits_12m": 1, "active_mesh_rank": 84, "active_mesh_percentile": 35.16, "active_mesh_zscore": -0.4459, "hotspot_class": "other_active", "mesh_500m_center_lat": 33.81041666666667, "mesh_500m_center_lon": 132.815625}, "geometry": {"type": "Polygon", "coordinates": [[[132.8125, 33.80833333333333], [132.81875, 33.80833333333333], [132.81875, 33.8125], [132.8125, 33.8125], [132.8125, 33.80833333333333]]]}}, {"type": "Feature", "properties": {"window_end_month": "2026-01", "window_start_month": "2025-02", "mesh_500m": "503256752", "new_restaurant_permits_12m": 1, "active_mesh_rank": 85, "active_mesh_percentile": 34.38, "active_mesh_zscore": -0.4459, "hotspot_class": "other_active", "mesh_500m_center_lat": 33.81041666666667, "mesh_500m_center_lon": 132.82187499999998}, "geometry": {"type": "Polygon", "coordinates": [[[132.81875, 33.80833333333333], [132.825, 33.80833333333333], [132.825, 33.8125], [132.81875, 33.8125], [132.81875, 33.80833333333333]]]}}, {"type": "Feature", "properties": {"window_end_month": "2026-01", "window_start_month": "2025-02", "mesh_500m": "503256753", "new_restaurant_permits_12m": 1, "active_mesh_rank": 86, "active_mesh_percentile": 33.59, "active_mesh_zscore": -0.4459, "hotspot_class": "other_active", "mesh_500m_center_lat": 33.81458333333333, "mesh_500m_center_lon": 132.815625}, "geometry": {"type": "Polygon", "coordinates": [[[132.8125, 33.8125], [132.81875, 33.8125], [132.81875, 33.81666666666667], [132.8125, 33.81666666666667], [132.8125, 33.8125]]]}}, {"type": "Feature", "properties": {"window_end_month": "2026-01", "window_start_month": "2025-02", "mesh_500m": "503256812", "new_restaurant_permits_12m": 1, "active_mesh_rank": 87, "active_mesh_percentile": 32.81, "active_mesh_zscore": -0.4459, "hotspot_class": "other_active", "mesh_500m_center_lat": 33.81875000000001, "mesh_500m_center_lon": 132.77187499999997}, "geometry": {"type": "Polygon", "coordinates": [[[132.76874999999998, 33.81666666666667], [132.77499999999998, 33.81666666666667], [132.77499999999998, 33.82083333333334], [132.76874999999998, 33.82083333333334], [132.76874999999998, 33.81666666666667]]]}}, {"type": "Feature", "properties": {"window_end_month": "2026-01", "window_start_month": "2025-02", "mesh_500m": "503256822", "new_restaurant_permits_12m": 1, "active_mesh_rank": 88, "active_mesh_percentile": 32.03, "active_mesh_zscore": -0.4459, "hotspot_class": "other_active", "mesh_500m_center_lat": 33.81875000000001, "mesh_500m_center_lon": 132.784375}, "geometry": {"type": "Polygon", "coordinates": [[[132.78125, 33.81666666666667], [132.7875, 33.81666666666667], [132.7875, 33.82083333333334], [132.78125, 33.82083333333334], [132.78125, 33.81666666666667]]]}}, {"type": "Feature", "properties": {"window_end_month": "2026-01", "window_start_month": "2025-02", "mesh_500m": "503256903", "new_restaurant_permits_12m": 1, "active_mesh_rank": 89, "active_mesh_percentile": 31.25, "active_mesh_zscore": -0.4459, "hotspot_class": "other_active", "mesh_500m_center_lat": 33.83125000000001, "mesh_500m_center_lon": 132.753125}, "geometry": {"type": "Polygon", "coordinates": [[[132.75, 33.82916666666667], [132.75625, 33.82916666666667], [132.75625, 33.83333333333334], [132.75, 33.83333333333334], [132.75, 33.82916666666667]]]}}, {"type": "Feature", "properties": {"window_end_month": "2026-01", "window_start_month": "2025-02", "mesh_500m": "503256904", "new_restaurant_permits_12m": 1, "active_mesh_rank": 90, "active_mesh_percentile": 30.47, "active_mesh_zscore": -0.4459, "hotspot_class": "other_active", "mesh_500m_center_lat": 33.83125000000001, "mesh_500m_center_lon": 132.75937499999998}, "geometry": {"type": "Polygon", "coordinates": [[[132.75625, 33.82916666666667], [132.7625, 33.82916666666667], [132.7625, 33.83333333333334], [132.75625, 33.83333333333334], [132.75625, 33.82916666666667]]]}}, {"type": "Feature", "properties": {"window_end_month": "2026-01", "window_start_month": "2025-02", "mesh_500m": "503256911", "new_restaurant_permits_12m": 1, "active_mesh_rank": 91, "active_mesh_percentile": 29.69, "active_mesh_zscore": -0.4459, "hotspot_class": "other_active", "mesh_500m_center_lat": 33.827083333333334, "mesh_500m_center_lon": 132.765625}, "geometry": {"type": "Polygon", "coordinates": [[[132.7625, 33.825], [132.76874999999998, 33.825], [132.76874999999998, 33.82916666666667], [132.7625, 33.82916666666667], [132.7625, 33.825]]]}}, {"type": "Feature", "properties": {"window_end_month": "2026-01", "window_start_month": "2025-02", "mesh_500m": "503256913", "new_restaurant_permits_12m": 1, "active_mesh_rank": 92, "active_mesh_percentile": 28.91, "active_mesh_zscore": -0.4459, "hotspot_class": "other_active", "mesh_500m_center_lat": 33.83125000000001, "mesh_500m_center_lon": 132.765625}, "geometry": {"type": "Polygon", "coordinates": [[[132.7625, 33.82916666666667], [132.76874999999998, 33.82916666666667], [132.76874999999998, 33.83333333333334], [132.7625, 33.83333333333334], [132.7625, 33.82916666666667]]]}}, {"type": "Feature", "properties": {"window_end_month": "2026-01", "window_start_month": "2025-02", "mesh_500m": "503256922", "new_restaurant_permits_12m": 1, "active_mesh_rank": 93, "active_mesh_percentile": 28.12, "active_mesh_zscore": -0.4459, "hotspot_class": "other_active", "mesh_500m_center_lat": 33.827083333333334, "mesh_500m_center_lon": 132.784375}, "geometry": {"type": "Polygon", "coordinates": [[[132.78125, 33.825], [132.7875, 33.825], [132.7875, 33.82916666666667], [132.78125, 33.82916666666667], [132.78125, 33.825]]]}}, {"type": "Feature", "properties": {"window_end_month": "2026-01", "window_start_month": "2025-02", "mesh_500m": "503265091", "new_restaurant_permits_12m": 1, "active_mesh_rank": 94, "active_mesh_percentile": 27.34, "active_mesh_zscore": -0.4459, "hotspot_class": "other_active", "mesh_500m_center_lat": 33.835416666666674, "mesh_500m_center_lon": 132.74062500000002}, "geometry": {"type": "Polygon", "coordinates": [[[132.7375, 33.833333333333336], [132.74375, 33.833333333333336], [132.74375, 33.837500000000006], [132.7375, 33.837500000000006], [132.7375, 33.833333333333336]]]}}, {"type": "Feature", "properties": {"window_end_month": "2026-01", "window_start_month": "2025-02", "mesh_500m": "503265093", "new_restaurant_permits_12m": 1, "active_mesh_rank": 95, "active_mesh_percentile": 26.56, "active_mesh_zscore": -0.4459, "hotspot_class": "other_active", "mesh_500m_center_lat": 33.83958333333334, "mesh_500m_center_lon": 132.74062500000002}, "geometry": {"type": "Polygon", "coordinates": [[[132.7375, 33.837500000000006], [132.74375, 33.837500000000006], [132.74375, 33.841666666666676], [132.7375, 33.841666666666676], [132.7375, 33.837500000000006]]]}}, {"type": "Feature", "properties": {"window_end_month": "2026-01", "window_start_month": "2025-02", "mesh_500m": "503265094", "new_restaurant_permits_12m": 1, "active_mesh_rank": 96, "active_mesh_percentile": 25.78, "active_mesh_zscore": -0.4459, "hotspot_class": "other_active", "mesh_500m_center_lat": 33.83958333333334, "mesh_500m_center_lon": 132.746875}, "geometry": {"type": "Polygon", "coordinates": [[[132.74375, 33.837500000000006], [132.75, 33.837500000000006], [132.75, 33.841666666666676], [132.74375, 33.841666666666676], [132.74375, 33.837500000000006]]]}}, {"type": "Feature", "properties": {"window_end_month": "2026-01", "window_start_month": "2025-02", "mesh_500m": "503265194", "new_restaurant_permits_12m": 1, "active_mesh_rank": 97, "active_mesh_percentile": 25.0, "active_mesh_zscore": -0.4459, "hotspot_class": "other_active", "mesh_500m_center_lat": 33.84791666666668, "mesh_500m_center_lon": 132.746875}, "geometry": {"type": "Polygon", "coordinates": [[[132.74375, 33.84583333333334], [132.75, 33.84583333333334], [132.75, 33.85000000000001], [132.74375, 33.85000000000001], [132.74375, 33.84583333333334]]]}}, {"type": "Feature", "properties": {"window_end_month": "2026-01", "window_start_month": "2025-02", "mesh_500m": "503265272", "new_restaurant_permits_12m": 1, "active_mesh_rank": 98, "active_mesh_percentile": 24.22, "active_mesh_zscore": -0.4459, "hotspot_class": "other_active", "mesh_500m_center_lat": 33.85208333333334, "mesh_500m_center_lon": 132.721875}, "geometry": {"type": "Polygon", "coordinates": [[[132.71875, 33.85], [132.725, 33.85], [132.725, 33.85416666666667], [132.71875, 33.85416666666667], [132.71875, 33.85]]]}}, {"type": "Feature", "properties": {"window_end_month": "2026-01", "window_start_month": "2025-02", "mesh_500m": "503265284", "new_restaurant_permits_12m": 1, "active_mesh_rank": 99, "active_mesh_percentile": 23.44, "active_mesh_zscore": -0.4459, "hotspot_class": "other_active", "mesh_500m_center_lat": 33.85625, "mesh_500m_center_lon": 132.734375}, "geometry": {"type": "Polygon", "coordinates": [[[132.73125, 33.85416666666667], [132.73749999999998, 33.85416666666667], [132.73749999999998, 33.85833333333334], [132.73125, 33.85833333333334], [132.73125, 33.85416666666667]]]}}, {"type": "Feature", "properties": {"window_end_month": "2026-01", "window_start_month": "2025-02", "mesh_500m": "503265294", "new_restaurant_permits_12m": 1, "active_mesh_rank": 100, "active_mesh_percentile": 22.66, "active_mesh_zscore": -0.4459, "hotspot_class": "other_active", "mesh_500m_center_lat": 33.85625, "mesh_500m_center_lon": 132.746875}, "geometry": {"type": "Polygon", "coordinates": [[[132.74375, 33.85416666666667], [132.75, 33.85416666666667], [132.75, 33.85833333333334], [132.74375, 33.85833333333334], [132.74375, 33.85416666666667]]]}}, {"type": "Feature", "properties": {"window_end_month": "2026-01", "window_start_month": "2025-02", "mesh_500m": "503265462", "new_restaurant_permits_12m": 1, "active_mesh_rank": 101, "active_mesh_percentile": 21.88, "active_mesh_zscore": -0.4459, "hotspot_class": "other_active", "mesh_500m_center_lat": 33.868750000000006, "mesh_500m_center_lon": 132.70937499999997}, "geometry": {"type": "Polygon", "coordinates": [[[132.70624999999998, 33.86666666666667], [132.71249999999998, 33.86666666666667], [132.71249999999998, 33.87083333333334], [132.70624999999998, 33.87083333333334], [132.70624999999998, 33.86666666666667]]]}}, {"type": "Feature", "properties": {"window_end_month": "2026-01", "window_start_month": "2025-02", "mesh_500m": "503265471", "new_restaurant_permits_12m": 1, "active_mesh_rank": 102, "active_mesh_percentile": 21.09, "active_mesh_zscore": -0.4459, "hotspot_class": "other_active", "mesh_500m_center_lat": 33.868750000000006, "mesh_500m_center_lon": 132.715625}, "geometry": {"type": "Polygon", "coordinates": [[[132.7125, 33.86666666666667], [132.71875, 33.86666666666667], [132.71875, 33.87083333333334], [132.7125, 33.87083333333334], [132.7125, 33.86666666666667]]]}}, {"type": "Feature", "properties": {"window_end_month": "2026-01", "window_start_month": "2025-02", "mesh_500m": "503265472", "new_restaurant_permits_12m": 1, "active_mesh_rank": 103, "active_mesh_percentile": 20.31, "active_mesh_zscore": -0.4459, "hotspot_class": "other_active", "mesh_500m_center_lat": 33.868750000000006, "mesh_500m_center_lon": 132.721875}, "geometry": {"type": "Polygon", "coordinates": [[[132.71875, 33.86666666666667], [132.725, 33.86666666666667], [132.725, 33.87083333333334], [132.71875, 33.87083333333334], [132.71875, 33.86666666666667]]]}}, {"type": "Feature", "properties": {"window_end_month": "2026-01", "window_start_month": "2025-02", "mesh_500m": "503265481", "new_restaurant_permits_12m": 1, "active_mesh_rank": 104, "active_mesh_percentile": 19.53, "active_mesh_zscore": -0.4459, "hotspot_class": "other_active", "mesh_500m_center_lat": 33.868750000000006, "mesh_500m_center_lon": 132.72812499999998}, "geometry": {"type": "Polygon", "coordinates": [[[132.725, 33.86666666666667], [132.73125, 33.86666666666667], [132.73125, 33.87083333333334], [132.725, 33.87083333333334], [132.725, 33.86666666666667]]]}}, {"type": "Feature", "properties": {"window_end_month": "2026-01", "window_start_month": "2025-02", "mesh_500m": "503265492", "new_restaurant_permits_12m": 1, "active_mesh_rank": 105, "active_mesh_percentile": 18.75, "active_mesh_zscore": -0.4459, "hotspot_class": "other_active", "mesh_500m_center_lat": 33.868750000000006, "mesh_500m_center_lon": 132.746875}, "geometry": {"type": "Polygon", "coordinates": [[[132.74375, 33.86666666666667], [132.75, 33.86666666666667], [132.75, 33.87083333333334], [132.74375, 33.87083333333334], [132.74375, 33.86666666666667]]]}}, {"type": "Feature", "properties": {"window_end_month": "2026-01", "window_start_month": "2025-02", "mesh_500m": "503265783", "new_restaurant_permits_12m": 1, "active_mesh_rank": 106, "active_mesh_percentile": 17.97, "active_mesh_zscore": -0.4459, "hotspot_class": "other_active", "mesh_500m_center_lat": 33.897916666666674, "mesh_500m_center_lon": 132.72812499999998}, "geometry": {"type": "Polygon", "coordinates": [[[132.725, 33.895833333333336], [132.73125, 33.895833333333336], [132.73125, 33.900000000000006], [132.725, 33.900000000000006], [132.725, 33.895833333333336]]]}}, {"type": "Feature", "properties": {"window_end_month": "2026-01", "window_start_month": "2025-02", "mesh_500m": "503265792", "new_restaurant_permits_12m": 1, "active_mesh_rank": 107, "active_mesh_percentile": 17.19, "active_mesh_zscore": -0.4459, "hotspot_class": "other_active", "mesh_500m_center_lat": 33.89375, "mesh_500m_center_lon": 132.746875}, "geometry": {"type": "Polygon", "coordinates": [[[132.74375, 33.891666666666666], [132.75, 33.891666666666666], [132.75, 33.895833333333336], [132.74375, 33.895833333333336], [132.74375, 33.891666666666666]]]}}, {"type": "Feature", "properties": {"window_end_month": "2026-01", "window_start_month": "2025-02", "mesh_500m": "503265882", "new_restaurant_permits_12m": 1, "active_mesh_rank": 108, "active_mesh_percentile": 16.41, "active_mesh_zscore": -0.4459, "hotspot_class": "other_active", "mesh_500m_center_lat": 33.90208333333334, "mesh_500m_center_lon": 132.734375}, "geometry": {"type": "Polygon", "coordinates": [[[132.73125, 33.900000000000006], [132.73749999999998, 33.900000000000006], [132.73749999999998, 33.904166666666676], [132.73125, 33.904166666666676], [132.73125, 33.900000000000006]]]}}, {"type": "Feature", "properties": {"window_end_month": "2026-01", "window_start_month": "2025-02", "mesh_500m": "503266001", "new_restaurant_permits_12m": 1, "active_mesh_rank": 109, "active_mesh_percentile": 15.62, "active_mesh_zscore": -0.4459, "hotspot_class": "other_active", "mesh_500m_center_lat": 33.835416666666674, "mesh_500m_center_lon": 132.753125}, "geometry": {"type": "Polygon", "coordinates": [[[132.75, 33.833333333333336], [132.75625, 33.833333333333336], [132.75625, 33.837500000000006], [132.75, 33.837500000000006], [132.75, 33.833333333333336]]]}}, {"type": "Feature", "properties": {"window_end_month": "2026-01", "window_start_month": "2025-02", "mesh_500m": "503266023", "new_restaurant_permits_12m": 1, "active_mesh_rank": 110, "active_mesh_percentile": 14.84, "active_mesh_zscore": -0.4459, "hotspot_class": "other_active", "mesh_500m_center_lat": 33.83958333333334, "mesh_500m_center_lon": 132.778125}, "geometry": {"type": "Polygon", "coordinates": [[[132.775, 33.837500000000006], [132.78125, 33.837500000000006], [132.78125, 33.841666666666676], [132.775, 33.841666666666676], [132.775, 33.837500000000006]]]}}, {"type": "Feature", "properties": {"window_end_month": "2026-01", "window_start_month": "2025-02", "mesh_500m": "503266122", "new_restaurant_permits_12m": 1, "active_mesh_rank": 111, "active_mesh_percentile": 14.06, "active_mesh_zscore": -0.4459, "hotspot_class": "other_active", "mesh_500m_center_lat": 33.84375, "mesh_500m_center_lon": 132.784375}, "geometry": {"type": "Polygon", "coordinates": [[[132.78125, 33.84166666666667], [132.7875, 33.84166666666667], [132.7875, 33.84583333333334], [132.78125, 33.84583333333334], [132.78125, 33.84166666666667]]]}}, {"type": "Feature", "properties": {"window_end_month": "2026-01", "window_start_month": "2025-02", "mesh_500m": "503266124", "new_restaurant_permits_12m": 1, "active_mesh_rank": 112, "active_mesh_percentile": 13.28, "active_mesh_zscore": -0.4459, "hotspot_class": "other_active", "mesh_500m_center_lat": 33.84791666666668, "mesh_500m_center_lon": 132.784375}, "geometry": {"type": "Polygon", "coordinates": [[[132.78125, 33.84583333333334], [132.7875, 33.84583333333334], [132.7875, 33.85000000000001], [132.78125, 33.85000000000001], [132.78125, 33.84583333333334]]]}}, {"type": "Feature", "properties": {"window_end_month": "2026-01", "window_start_month": "2025-02", "mesh_500m": "503266132", "new_restaurant_permits_12m": 1, "active_mesh_rank": 113, "active_mesh_percentile": 12.5, "active_mesh_zscore": -0.4459, "hotspot_class": "other_active", "mesh_500m_center_lat": 33.84375, "mesh_500m_center_lon": 132.796875}, "geometry": {"type": "Polygon", "coordinates": [[[132.79375, 33.84166666666667], [132.79999999999998, 33.84166666666667], [132.79999999999998, 33.84583333333334], [132.79375, 33.84583333333334], [132.79375, 33.84166666666667]]]}}, {"type": "Feature", "properties": {"window_end_month": "2026-01", "window_start_month": "2025-02", "mesh_500m": "503266133", "new_restaurant_permits_12m": 1, "active_mesh_rank": 114, "active_mesh_percentile": 11.72, "active_mesh_zscore": -0.4459, "hotspot_class": "other_active", "mesh_500m_center_lat": 33.84791666666668, "mesh_500m_center_lon": 132.79062499999998}, "geometry": {"type": "Polygon", "coordinates": [[[132.7875, 33.84583333333334], [132.79375, 33.84583333333334], [132.79375, 33.85000000000001], [132.7875, 33.85000000000001], [132.7875, 33.84583333333334]]]}}, {"type": "Feature", "properties": {"window_end_month": "2026-01", "window_start_month": "2025-02", "mesh_500m": "503266143", "new_restaurant_permits_12m": 1, "active_mesh_rank": 115, "active_mesh_percentile": 10.94, "active_mesh_zscore": -0.4459, "hotspot_class": "other_active", "mesh_500m_center_lat": 33.84791666666668, "mesh_500m_center_lon": 132.80312500000002}, "geometry": {"type": "Polygon", "coordinates": [[[132.8, 33.84583333333334], [132.80625, 33.84583333333334], [132.80625, 33.85000000000001], [132.8, 33.85000000000001], [132.8, 33.84583333333334]]]}}, {"type": "Feature", "properties": {"window_end_month": "2026-01", "window_start_month": "2025-02", "mesh_500m": "503266201", "new_restaurant_permits_12m": 1, "active_mesh_rank": 116, "active_mesh_percentile": 10.16, "active_mesh_zscore": -0.4459, "hotspot_class": "other_active", "mesh_500m_center_lat": 33.85208333333334, "mesh_500m_center_lon": 132.753125}, "geometry": {"type": "Polygon", "coordinates": [[[132.75, 33.85], [132.75625, 33.85], [132.75625, 33.85416666666667], [132.75, 33.85416666666667], [132.75, 33.85]]]}}, {"type": "Feature", "properties": {"window_end_month": "2026-01", "window_start_month": "2025-02", "mesh_500m": "503266212", "new_restaurant_permits_12m": 1, "active_mesh_rank": 117, "active_mesh_percentile": 9.38, "active_mesh_zscore": -0.4459, "hotspot_class": "other_active", "mesh_500m_center_lat": 33.85208333333334, "mesh_500m_center_lon": 132.77187499999997}, "geometry": {"type": "Polygon", "coordinates": [[[132.76874999999998, 33.85], [132.77499999999998, 33.85], [132.77499999999998, 33.85416666666667], [132.76874999999998, 33.85416666666667], [132.76874999999998, 33.85]]]}}, {"type": "Feature", "properties": {"window_end_month": "2026-01", "window_start_month": "2025-02", "mesh_500m": "503266224", "new_restaurant_permits_12m": 1, "active_mesh_rank": 118, "active_mesh_percentile": 8.59, "active_mesh_zscore": -0.4459, "hotspot_class": "other_active", "mesh_500m_center_lat": 33.85625, "mesh_500m_center_lon": 132.784375}, "geometry": {"type": "Polygon", "coordinates": [[[132.78125, 33.85416666666667], [132.7875, 33.85416666666667], [132.7875, 33.85833333333334], [132.78125, 33.85833333333334], [132.78125, 33.85416666666667]]]}}, {"type": "Feature", "properties": {"window_end_month": "2026-01", "window_start_month": "2025-02", "mesh_500m": "503266302", "new_restaurant_permits_12m": 1, "active_mesh_rank": 119, "active_mesh_percentile": 7.81, "active_mesh_zscore": -0.4459, "hotspot_class": "other_active", "mesh_500m_center_lat": 33.860416666666666, "mesh_500m_center_lon": 132.75937499999998}, "geometry": {"type": "Polygon", "coordinates": [[[132.75625, 33.858333333333334], [132.7625, 33.858333333333334], [132.7625, 33.862500000000004], [132.75625, 33.862500000000004], [132.75625, 33.858333333333334]]]}}, {"type": "Feature", "properties": {"window_end_month": "2026-01", "window_start_month": "2025-02", "mesh_500m": "503266304", "new_restaurant_permits_12m": 1, "active_mesh_rank": 120, "active_mesh_percentile": 7.03, "active_mesh_zscore": -0.4459, "hotspot_class": "other_active", "mesh_500m_center_lat": 33.86458333333334, "mesh_500m_center_lon": 132.75937499999998}, "geometry": {"type": "Polygon", "coordinates": [[[132.75625, 33.862500000000004], [132.7625, 33.862500000000004], [132.7625, 33.866666666666674], [132.75625, 33.866666666666674], [132.75625, 33.862500000000004]]]}}, {"type": "Feature", "properties": {"window_end_month": "2026-01", "window_start_month": "2025-02", "mesh_500m": "503266401", "new_restaurant_permits_12m": 1, "active_mesh_rank": 121, "active_mesh_percentile": 6.25, "active_mesh_zscore": -0.4459, "hotspot_class": "other_active", "mesh_500m_center_lat": 33.868750000000006, "mesh_500m_center_lon": 132.753125}, "geometry": {"type": "Polygon", "coordinates": [[[132.75, 33.86666666666667], [132.75625, 33.86666666666667], [132.75625, 33.87083333333334], [132.75, 33.87083333333334], [132.75, 33.86666666666667]]]}}, {"type": "Feature", "properties": {"window_end_month": "2026-01", "window_start_month": "2025-02", "mesh_500m": "503274482", "new_restaurant_permits_12m": 1, "active_mesh_rank": 122, "active_mesh_percentile": 5.47, "active_mesh_zscore": -0.4459, "hotspot_class": "other_active", "mesh_500m_center_lat": 33.952083333333334, "mesh_500m_center_lon": 132.609375}, "geometry": {"type": "Polygon", "coordinates": [[[132.60625, 33.95], [132.61249999999998, 33.95], [132.61249999999998, 33.95416666666667], [132.60625, 33.95416666666667], [132.60625, 33.95]]]}}, {"type": "Feature", "properties": {"window_end_month": "2026-01", "window_start_month": "2025-02", "mesh_500m": "503275403", "new_restaurant_permits_12m": 1, "active_mesh_rank": 123, "active_mesh_percentile": 4.69, "active_mesh_zscore": -0.4459, "hotspot_class": "other_active", "mesh_500m_center_lat": 33.95625000000001, "mesh_500m_center_lon": 132.628125}, "geometry": {"type": "Polygon", "coordinates": [[[132.625, 33.95416666666667], [132.63125, 33.95416666666667], [132.63125, 33.95833333333334], [132.625, 33.95833333333334], [132.625, 33.95416666666667]]]}}, {"type": "Feature", "properties": {"window_end_month": "2026-01", "window_start_month": "2025-02", "mesh_500m": "503275501", "new_restaurant_permits_12m": 1, "active_mesh_rank": 124, "active_mesh_percentile": 3.91, "active_mesh_zscore": -0.4459, "hotspot_class": "other_active", "mesh_500m_center_lat": 33.960416666666674, "mesh_500m_center_lon": 132.628125}, "geometry": {"type": "Polygon", "coordinates": [[[132.625, 33.958333333333336], [132.63125, 33.958333333333336], [132.63125, 33.962500000000006], [132.625, 33.962500000000006], [132.625, 33.958333333333336]]]}}, {"type": "Feature", "properties": {"window_end_month": "2026-01", "window_start_month": "2025-02", "mesh_500m": "503275603", "new_restaurant_permits_12m": 1, "active_mesh_rank": 125, "active_mesh_percentile": 3.12, "active_mesh_zscore": -0.4459, "hotspot_class": "other_active", "mesh_500m_center_lat": 33.97291666666668, "mesh_500m_center_lon": 132.628125}, "geometry": {"type": "Polygon", "coordinates": [[[132.625, 33.97083333333334], [132.63125, 33.97083333333334], [132.63125, 33.97500000000001], [132.625, 33.97500000000001], [132.625, 33.97083333333334]]]}}, {"type": "Feature", "properties": {"window_end_month": "2026-01", "window_start_month": "2025-02", "mesh_500m": "503276512", "new_restaurant_permits_12m": 1, "active_mesh_rank": 126, "active_mesh_percentile": 2.34, "active_mesh_zscore": -0.4459, "hotspot_class": "other_active", "mesh_500m_center_lat": 33.960416666666674, "mesh_500m_center_lon": 132.77187499999997}, "geometry": {"type": "Polygon", "coordinates": [[[132.76874999999998, 33.958333333333336], [132.77499999999998, 33.958333333333336], [132.77499999999998, 33.962500000000006], [132.76874999999998, 33.962500000000006], [132.76874999999998, 33.958333333333336]]]}}, {"type": "Feature", "properties": {"window_end_month": "2026-01", "window_start_month": "2025-02", "mesh_500m": "503276522", "new_restaurant_permits_12m": 1, "active_mesh_rank": 127, "active_mesh_percentile": 1.56, "active_mesh_zscore": -0.4459, "hotspot_class": "other_active", "mesh_500m_center_lat": 33.960416666666674, "mesh_500m_center_lon": 132.784375}, "geometry": {"type": "Polygon", "coordinates": [[[132.78125, 33.958333333333336], [132.7875, 33.958333333333336], [132.7875, 33.962500000000006], [132.78125, 33.962500000000006], [132.78125, 33.958333333333336]]]}}, {"type": "Feature", "properties": {"window_end_month": "2026-01", "window_start_month": "2025-02", "mesh_500m": "503276712", "new_restaurant_permits_12m": 1, "active_mesh_rank": 128, "active_mesh_percentile": 0.78, "active_mesh_zscore": -0.4459, "hotspot_class": "other_active", "mesh_500m_center_lat": 33.97708333333334, "mesh_500m_center_lon": 132.77187499999997}, "geometry": {"type": "Polygon", "coordinates": [[[132.76874999999998, 33.975], [132.77499999999998, 33.975], [132.77499999999998, 33.97916666666667], [132.76874999999998, 33.97916666666667], [132.76874999999998, 33.975]]]}}, {"type": "Feature", "properties": {"window_end_month": "2026-02", "window_start_month": "2025-03", "mesh_500m": "503266222", "new_restaurant_permits_12m": 35, "active_mesh_rank": 1, "active_mesh_percentile": 100.0, "active_mesh_zscore": 9.5008, "hotspot_class": "top_5pct_active", "mesh_500m_center_lat": 33.85208333333334, "mesh_500m_center_lon": 132.784375}, "geometry": {"type": "Polygon", "coordinates": [[[132.78125, 33.85], [132.7875, 33.85], [132.7875, 33.85416666666667], [132.78125, 33.85416666666667], [132.78125, 33.85]]]}}, {"type": "Feature", "properties": {"window_end_month": "2026-02", "window_start_month": "2025-03", "mesh_500m": "503256814", "new_restaurant_permits_12m": 10, "active_mesh_rank": 2, "active_mesh_percentile": 99.17, "active_mesh_zscore": 2.1934, "hotspot_class": "top_5pct_active", "mesh_500m_center_lat": 33.82291666666667, "mesh_500m_center_lon": 132.77187499999997}, "geometry": {"type": "Polygon", "coordinates": [[[132.76874999999998, 33.82083333333334], [132.77499999999998, 33.82083333333334], [132.77499999999998, 33.82500000000001], [132.76874999999998, 33.82500000000001], [132.76874999999998, 33.82083333333334]]]}}, {"type": "Feature", "properties": {"window_end_month": "2026-02", "window_start_month": "2025-03", "mesh_500m": "503265373", "new_restaurant_permits_12m": 10, "active_mesh_rank": 3, "active_mesh_percentile": 98.35, "active_mesh_zscore": 2.1934, "hotspot_class": "top_5pct_active", "mesh_500m_center_lat": 33.86458333333334, "mesh_500m_center_lon": 132.715625}, "geometry": {"type": "Polygon", "coordinates": [[[132.7125, 33.862500000000004], [132.71875, 33.862500000000004], [132.71875, 33.866666666666674], [132.7125, 33.866666666666674], [132.7125, 33.862500000000004]]]}}, {"type": "Feature", "properties": {"window_end_month": "2026-02", "window_start_month": "2025-03", "mesh_500m": "503256823", "new_restaurant_permits_12m": 8, "active_mesh_rank": 4, "active_mesh_percentile": 97.52, "active_mesh_zscore": 1.6088, "hotspot_class": "top_5pct_active", "mesh_500m_center_lat": 33.82291666666667, "mesh_500m_center_lon": 132.778125}, "geometry": {"type": "Polygon", "coordinates": [[[132.775, 33.82083333333334], [132.78125, 33.82083333333334], [132.78125, 33.82500000000001], [132.775, 33.82500000000001], [132.775, 33.82083333333334]]]}}, {"type": "Feature", "properties": {"window_end_month": "2026-02", "window_start_month": "2025-03", "mesh_500m": "503256712", "new_restaurant_permits_12m": 6, "active_mesh_rank": 5, "active_mesh_percentile": 96.69, "active_mesh_zscore": 1.0242, "hotspot_class": "top_5pct_active", "mesh_500m_center_lat": 33.81041666666667, "mesh_500m_center_lon": 132.77187499999997}, "geometry": {"type": "Polygon", "coordinates": [[[132.76874999999998, 33.80833333333333], [132.77499999999998, 33.80833333333333], [132.77499999999998, 33.8125], [132.76874999999998, 33.8125], [132.76874999999998, 33.80833333333333]]]}}, {"type": "Feature", "properties": {"window_end_month": "2026-02", "window_start_month": "2025-03", "mesh_500m": "503256934", "new_restaurant_permits_12m": 6, "active_mesh_rank": 6, "active_mesh_percentile": 95.87, "active_mesh_zscore": 1.0242, "hotspot_class": "top_5pct_active", "mesh_500m_center_lat": 33.83125000000001, "mesh_500m_center_lon": 132.796875}, "geometry": {"type": "Polygon", "coordinates": [[[132.79375, 33.82916666666667], [132.79999999999998, 33.82916666666667], [132.79999999999998, 33.83333333333334], [132.79375, 33.83333333333334], [132.79375, 33.82916666666667]]]}}, {"type": "Feature", "properties": {"window_end_month": "2026-02", "window_start_month": "2025-03", "mesh_500m": "503255971", "new_restaurant_permits_12m": 5, "active_mesh_rank": 7, "active_mesh_percentile": 95.04, "active_mesh_zscore": 0.7319, "hotspot_class": "top_5pct_active", "mesh_500m_center_lat": 33.827083333333334, "mesh_500m_center_lon": 132.715625}, "geometry": {"type": "Polygon", "coordinates": [[[132.7125, 33.825], [132.71875, 33.825], [132.71875, 33.82916666666667], [132.7125, 33.82916666666667], [132.7125, 33.825]]]}}, {"type": "Feature", "properties": {"window_end_month": "2026-02", "window_start_month": "2025-03", "mesh_500m": "503255992", "new_restaurant_permits_12m": 5, "active_mesh_rank": 8, "active_mesh_percentile": 94.21, "active_mesh_zscore": 0.7319, "hotspot_class": "top_20pct_active", "mesh_500m_center_lat": 33.827083333333334, "mesh_500m_center_lon": 132.746875}, "geometry": {"type": "Polygon", "coordinates": [[[132.74375, 33.825], [132.75, 33.825], [132.75, 33.82916666666667], [132.74375, 33.82916666666667], [132.74375, 33.825]]]}}, {"type": "Feature", "properties": {"window_end_month": "2026-02", "window_start_month": "2025-03", "mesh_500m": "503256803", "new_restaurant_permits_12m": 5, "active_mesh_rank": 9, "active_mesh_percentile": 93.39, "active_mesh_zscore": 0.7319, "hotspot_class": "top_20pct_active", "mesh_500m_center_lat": 33.82291666666667, "mesh_500m_center_lon": 132.753125}, "geometry": {"type": "Polygon", "coordinates": [[[132.75, 33.82083333333334], [132.75625, 33.82083333333334], [132.75625, 33.82500000000001], [132.75, 33.82500000000001], [132.75, 33.82083333333334]]]}}, {"type": "Feature", "properties": {"window_end_month": "2026-02", "window_start_month": "2025-03", "mesh_500m": "503256902", "new_restaurant_permits_12m": 5, "active_mesh_rank": 10, "active_mesh_percentile": 92.56, "active_mesh_zscore": 0.7319, "hotspot_class": "top_20pct_active", "mesh_500m_center_lat": 33.827083333333334, "mesh_500m_center_lon": 132.75937499999998}, "geometry": {"type": "Polygon", "coordinates": [[[132.75625, 33.825], [132.7625, 33.825], [132.7625, 33.82916666666667], [132.75625, 33.82916666666667], [132.75625, 33.825]]]}}, {"type": "Feature", "properties": {"window_end_month": "2026-02", "window_start_month": "2025-03", "mesh_500m": "503266101", "new_restaurant_permits_12m": 5, "active_mesh_rank": 11, "active_mesh_percentile": 91.74, "active_mesh_zscore": 0.7319, "hotspot_class": "top_20pct_active", "mesh_500m_center_lat": 33.84375, "mesh_500m_center_lon": 132.753125}, "geometry": {"type": "Polygon", "coordinates": [[[132.75, 33.84166666666667], [132.75625, 33.84166666666667], [132.75625, 33.84583333333334], [132.75, 33.84583333333334], [132.75, 33.84166666666667]]]}}, {"type": "Feature", "properties": {"window_end_month": "2026-02", "window_start_month": "2025-03", "mesh_500m": "503266203", "new_restaurant_permits_12m": 5, "active_mesh_rank": 12, "active_mesh_percentile": 90.91, "active_mesh_zscore": 0.7319, "hotspot_class": "top_20pct_active", "mesh_500m_center_lat": 33.85625, "mesh_500m_center_lon": 132.753125}, "geometry": {"type": "Polygon", "coordinates": [[[132.75, 33.85416666666667], [132.75625, 33.85416666666667], [132.75625, 33.85833333333334], [132.75, 33.85833333333334], [132.75, 33.85416666666667]]]}}, {"type": "Feature", "properties": {"window_end_month": "2026-02", "window_start_month": "2025-03", "mesh_500m": "503256702", "new_restaurant_permits_12m": 4, "active_mesh_rank": 13, "active_mesh_percentile": 90.08, "active_mesh_zscore": 0.4397, "hotspot_class": "top_20pct_active", "mesh_500m_center_lat": 33.81041666666667, "mesh_500m_center_lon": 132.75937499999998}, "geometry": {"type": "Polygon", "coordinates": [[[132.75625, 33.80833333333333], [132.7625, 33.80833333333333], [132.7625, 33.8125], [132.75625, 33.8125], [132.75625, 33.80833333333333]]]}}, {"type": "Feature", "properties": {"window_end_month": "2026-02", "window_start_month": "2025-03", "mesh_500m": "503256711", "new_restaurant_permits_12m": 4, "active_mesh_rank": 14, "active_mesh_percentile": 89.26, "active_mesh_zscore": 0.4397, "hotspot_class": "top_20pct_active", "mesh_500m_center_lat": 33.81041666666667, "mesh_500m_center_lon": 132.765625}, "geometry": {"type": "Polygon", "coordinates": [[[132.7625, 33.80833333333333], [132.76874999999998, 33.80833333333333], [132.76874999999998, 33.8125], [132.7625, 33.8125], [132.7625, 33.80833333333333]]]}}, {"type": "Feature", "properties": {"window_end_month": "2026-02", "window_start_month": "2025-03", "mesh_500m": "503256914", "new_restaurant_permits_12m": 4, "active_mesh_rank": 15, "active_mesh_percentile": 88.43, "active_mesh_zscore": 0.4397, "hotspot_class": "top_20pct_active", "mesh_500m_center_lat": 33.83125000000001, "mesh_500m_center_lon": 132.77187499999997}, "geometry": {"type": "Polygon", "coordinates": [[[132.76874999999998, 33.82916666666667], [132.77499999999998, 33.82916666666667], [132.77499999999998, 33.83333333333334], [132.76874999999998, 33.83333333333334], [132.76874999999998, 33.82916666666667]]]}}, {"type": "Feature", "properties": {"window_end_month": "2026-02", "window_start_month": "2025-03", "mesh_500m": "503256923", "new_restaurant_permits_12m": 4, "active_mesh_rank": 16, "active_mesh_percentile": 87.6, "active_mesh_zscore": 0.4397, "hotspot_class": "top_20pct_active", "mesh_500m_center_lat": 33.83125000000001, "mesh_500m_center_lon": 132.778125}, "geometry": {"type": "Polygon", "coordinates": [[[132.775, 33.82916666666667], [132.78125, 33.82916666666667], [132.78125, 33.83333333333334], [132.775, 33.83333333333334], [132.775, 33.82916666666667]]]}}, {"type": "Feature", "properties": {"window_end_month": "2026-02", "window_start_month": "2025-03", "mesh_500m": "503266022", "new_restaurant_permits_12m": 4, "active_mesh_rank": 17, "active_mesh_percentile": 86.78, "active_mesh_zscore": 0.4397, "hotspot_class": "top_20pct_active", "mesh_500m_center_lat": 33.835416666666674, "mesh_500m_center_lon": 132.784375}, "geometry": {"type": "Polygon", "coordinates": [[[132.78125, 33.833333333333336], [132.7875, 33.833333333333336], [132.7875, 33.837500000000006], [132.78125, 33.837500000000006], [132.78125, 33.833333333333336]]]}}, {"type": "Feature", "properties": {"window_end_month": "2026-02", "window_start_month": "2025-03", "mesh_500m": "503266231", "new_restaurant_permits_12m": 4, "active_mesh_rank": 18, "active_mesh_percentile": 85.95, "active_mesh_zscore": 0.4397, "hotspot_class": "top_20pct_active", "mesh_500m_center_lat": 33.85208333333334, "mesh_500m_center_lon": 132.79062499999998}, "geometry": {"type": "Polygon", "coordinates": [[[132.7875, 33.85], [132.79375, 33.85], [132.79375, 33.85416666666667], [132.7875, 33.85416666666667], [132.7875, 33.85]]]}}, {"type": "Feature", "properties": {"window_end_month": "2026-02", "window_start_month": "2025-03", "mesh_500m": "503266303", "new_restaurant_permits_12m": 4, "active_mesh_rank": 19, "active_mesh_percentile": 85.12, "active_mesh_zscore": 0.4397, "hotspot_class": "top_20pct_active", "mesh_500m_center_lat": 33.86458333333334, "mesh_500m_center_lon": 132.753125}, "geometry": {"type": "Polygon", "coordinates": [[[132.75, 33.862500000000004], [132.75625, 33.862500000000004], [132.75625, 33.866666666666674], [132.75, 33.866666666666674], [132.75, 33.862500000000004]]]}}, {"type": "Feature", "properties": {"window_end_month": "2026-02", "window_start_month": "2025-03", "mesh_500m": "503255782", "new_restaurant_permits_12m": 3, "active_mesh_rank": 20, "active_mesh_percentile": 84.3, "active_mesh_zscore": 0.1474, "hotspot_class": "top_20pct_active", "mesh_500m_center_lat": 33.81041666666667, "mesh_500m_center_lon": 132.734375}, "geometry": {"type": "Polygon", "coordinates": [[[132.73125, 33.80833333333333], [132.73749999999998, 33.80833333333333], [132.73749999999998, 33.8125], [132.73125, 33.8125], [132.73125, 33.80833333333333]]]}}, {"type": "Feature", "properties": {"window_end_month": "2026-02", "window_start_month": "2025-03", "mesh_500m": "503255983", "new_restaurant_permits_12m": 3, "active_mesh_rank": 21, "active_mesh_percentile": 83.47, "active_mesh_zscore": 0.1474, "hotspot_class": "top_20pct_active", "mesh_500m_center_lat": 33.83125000000001, "mesh_500m_center_lon": 132.72812499999998}, "geometry": {"type": "Polygon", "coordinates": [[[132.725, 33.82916666666667], [132.73125, 33.82916666666667], [132.73125, 33.83333333333334], [132.725, 33.83333333333334], [132.725, 33.82916666666667]]]}}, {"type": "Feature", "properties": {"window_end_month": "2026-02", "window_start_month": "2025-03", "mesh_500m": "503256634", "new_restaurant_permits_12m": 3, "active_mesh_rank": 22, "active_mesh_percentile": 82.64, "active_mesh_zscore": 0.1474, "hotspot_class": "top_20pct_active", "mesh_500m_center_lat": 33.806250000000006, "mesh_500m_center_lon": 132.796875}, "geometry": {"type": "Polygon", "coordinates": [[[132.79375, 33.80416666666667], [132.79999999999998, 33.80416666666667], [132.79999999999998, 33.80833333333334], [132.79375, 33.80833333333334], [132.79375, 33.80416666666667]]]}}, {"type": "Feature", "properties": {"window_end_month": "2026-02", "window_start_month": "2025-03", "mesh_500m": "503256721", "new_restaurant_permits_12m": 3, "active_mesh_rank": 23, "active_mesh_percentile": 81.82, "active_mesh_zscore": 0.1474, "hotspot_class": "top_20pct_active", "mesh_500m_center_lat": 33.81041666666667, "mesh_500m_center_lon": 132.778125}, "geometry": {"type": "Polygon", "coordinates": [[[132.775, 33.80833333333333], [132.78125, 33.80833333333333], [132.78125, 33.8125], [132.775, 33.8125], [132.775, 33.80833333333333]]]}}, {"type": "Feature", "properties": {"window_end_month": "2026-02", "window_start_month": "2025-03", "mesh_500m": "503256741", "new_restaurant_permits_12m": 3, "active_mesh_rank": 24, "active_mesh_percentile": 80.99, "active_mesh_zscore": 0.1474, "hotspot_class": "top_20pct_active", "mesh_500m_center_lat": 33.81041666666667, "mesh_500m_center_lon": 132.80312500000002}, "geometry": {"type": "Polygon", "coordinates": [[[132.8, 33.80833333333333], [132.80625, 33.80833333333333], [132.80625, 33.8125], [132.8, 33.8125], [132.8, 33.80833333333333]]]}}, {"type": "Feature", "properties": {"window_end_month": "2026-02", "window_start_month": "2025-03", "mesh_500m": "503256801", "new_restaurant_permits_12m": 3, "active_mesh_rank": 25, "active_mesh_percentile": 80.17, "active_mesh_zscore": 0.1474, "hotspot_class": "top_20pct_active", "mesh_500m_center_lat": 33.81875000000001, "mesh_500m_center_lon": 132.753125}, "geometry": {"type": "Polygon", "coordinates": [[[132.75, 33.81666666666667], [132.75625, 33.81666666666667], [132.75625, 33.82083333333334], [132.75, 33.82083333333334], [132.75, 33.81666666666667]]]}}, {"type": "Feature", "properties": {"window_end_month": "2026-02", "window_start_month": "2025-03", "mesh_500m": "503256811", "new_restaurant_permits_12m": 3, "active_mesh_rank": 26, "active_mesh_percentile": 79.34, "active_mesh_zscore": 0.1474, "hotspot_class": "other_active", "mesh_500m_center_lat": 33.81875000000001, "mesh_500m_center_lon": 132.765625}, "geometry": {"type": "Polygon", "coordinates": [[[132.7625, 33.81666666666667], [132.76874999999998, 33.81666666666667], [132.76874999999998, 33.82083333333334], [132.7625, 33.82083333333334], [132.7625, 33.81666666666667]]]}}, {"type": "Feature", "properties": {"window_end_month": "2026-02", "window_start_month": "2025-03", "mesh_500m": "503256821", "new_restaurant_permits_12m": 3, "active_mesh_rank": 27, "active_mesh_percentile": 78.51, "active_mesh_zscore": 0.1474, "hotspot_class": "other_active", "mesh_500m_center_lat": 33.81875000000001, "mesh_500m_center_lon": 132.778125}, "geometry": {"type": "Polygon", "coordinates": [[[132.775, 33.81666666666667], [132.78125, 33.81666666666667], [132.78125, 33.82083333333334], [132.775, 33.82083333333334], [132.775, 33.81666666666667]]]}}, {"type": "Feature", "properties": {"window_end_month": "2026-02", "window_start_month": "2025-03", "mesh_500m": "503256912", "new_restaurant_permits_12m": 3, "active_mesh_rank": 28, "active_mesh_percentile": 77.69, "active_mesh_zscore": 0.1474, "hotspot_class": "other_active", "mesh_500m_center_lat": 33.827083333333334, "mesh_500m_center_lon": 132.77187499999997}, "geometry": {"type": "Polygon", "coordinates": [[[132.76874999999998, 33.825], [132.77499999999998, 33.825], [132.77499999999998, 33.82916666666667], [132.76874999999998, 33.82916666666667], [132.76874999999998, 33.825]]]}}, {"type": "Feature", "properties": {"window_end_month": "2026-02", "window_start_month": "2025-03", "mesh_500m": "503256924", "new_restaurant_permits_12m": 3, "active_mesh_rank": 29, "active_mesh_percentile": 76.86, "active_mesh_zscore": 0.1474, "hotspot_class": "other_active", "mesh_500m_center_lat": 33.83125000000001, "mesh_500m_center_lon": 132.784375}, "geometry": {"type": "Polygon", "coordinates": [[[132.78125, 33.82916666666667], [132.7875, 33.82916666666667], [132.7875, 33.83333333333334], [132.78125, 33.83333333333334], [132.78125, 33.82916666666667]]]}}, {"type": "Feature", "properties": {"window_end_month": "2026-02", "window_start_month": "2025-03", "mesh_500m": "503265092", "new_restaurant_permits_12m": 3, "active_mesh_rank": 30, "active_mesh_percentile": 76.03, "active_mesh_zscore": 0.1474, "hotspot_class": "other_active", "mesh_500m_center_lat": 33.835416666666674, "mesh_500m_center_lon": 132.746875}, "geometry": {"type": "Polygon", "coordinates": [[[132.74375, 33.833333333333336], [132.75, 33.833333333333336], [132.75, 33.837500000000006], [132.74375, 33.837500000000006], [132.74375, 33.833333333333336]]]}}, {"type": "Feature", "properties": {"window_end_month": "2026-02", "window_start_month": "2025-03", "mesh_500m": "503265273", "new_restaurant_permits_12m": 3, "active_mesh_rank": 31, "active_mesh_percentile": 75.21, "active_mesh_zscore": 0.1474, "hotspot_class": "other_active", "mesh_500m_center_lat": 33.85625, "mesh_500m_center_lon": 132.715625}, "geometry": {"type": "Polygon", "coordinates": [[[132.7125, 33.85416666666667], [132.71875, 33.85416666666667], [132.71875, 33.85833333333334], [132.7125, 33.85833333333334], [132.7125, 33.85416666666667]]]}}, {"type": "Feature", "properties": {"window_end_month": "2026-02", "window_start_month": "2025-03", "mesh_500m": "503265283", "new_restaurant_permits_12m": 3, "active_mesh_rank": 32, "active_mesh_percentile": 74.38, "active_mesh_zscore": 0.1474, "hotspot_class": "other_active", "mesh_500m_center_lat": 33.85625, "mesh_500m_center_lon": 132.72812499999998}, "geometry": {"type": "Polygon", "coordinates": [[[132.725, 33.85416666666667], [132.73125, 33.85416666666667], [132.73125, 33.85833333333334], [132.725, 33.85833333333334], [132.725, 33.85416666666667]]]}}, {"type": "Feature", "properties": {"window_end_month": "2026-02", "window_start_month": "2025-03", "mesh_500m": "503265372", "new_restaurant_permits_12m": 3, "active_mesh_rank": 33, "active_mesh_percentile": 73.55, "active_mesh_zscore": 0.1474, "hotspot_class": "other_active", "mesh_500m_center_lat": 33.860416666666666, "mesh_500m_center_lon": 132.721875}, "geometry": {"type": "Polygon", "coordinates": [[[132.71875, 33.858333333333334], [132.725, 33.858333333333334], [132.725, 33.862500000000004], [132.71875, 33.862500000000004], [132.71875, 33.858333333333334]]]}}, {"type": "Feature", "properties": {"window_end_month": "2026-02", "window_start_month": "2025-03", "mesh_500m": "503265381", "new_restaurant_permits_12m": 3, "active_mesh_rank": 34, "active_mesh_percentile": 72.73, "active_mesh_zscore": 0.1474, "hotspot_class": "other_active", "mesh_500m_center_lat": 33.860416666666666, "mesh_500m_center_lon": 132.72812499999998}, "geometry": {"type": "Polygon", "coordinates": [[[132.725, 33.858333333333334], [132.73125, 33.858333333333334], [132.73125, 33.862500000000004], [132.725, 33.862500000000004], [132.725, 33.858333333333334]]]}}, {"type": "Feature", "properties": {"window_end_month": "2026-02", "window_start_month": "2025-03", "mesh_500m": "503266024", "new_restaurant_permits_12m": 3, "active_mesh_rank": 35, "active_mesh_percentile": 71.9, "active_mesh_zscore": 0.1474, "hotspot_class": "other_active", "mesh_500m_center_lat": 33.83958333333334, "mesh_500m_center_lon": 132.784375}, "geometry": {"type": "Polygon", "coordinates": [[[132.78125, 33.837500000000006], [132.7875, 33.837500000000006], [132.7875, 33.841666666666676], [132.78125, 33.841666666666676], [132.78125, 33.837500000000006]]]}}, {"type": "Feature", "properties": {"window_end_month": "2026-02", "window_start_month": "2025-03", "mesh_500m": "503266103", "new_restaurant_permits_12m": 3, "active_mesh_rank": 36, "active_mesh_percentile": 71.07, "active_mesh_zscore": 0.1474, "hotspot_class": "other_active", "mesh_500m_center_lat": 33.84791666666668, "mesh_500m_center_lon": 132.753125}, "geometry": {"type": "Polygon", "coordinates": [[[132.75, 33.84583333333334], [132.75625, 33.84583333333334], [132.75625, 33.85000000000001], [132.75, 33.85000000000001], [132.75, 33.84583333333334]]]}}, {"type": "Feature", "properties": {"window_end_month": "2026-02", "window_start_month": "2025-03", "mesh_500m": "503266124", "new_restaurant_permits_12m": 3, "active_mesh_rank": 37, "active_mesh_percentile": 70.25, "active_mesh_zscore": 0.1474, "hotspot_class": "other_active", "mesh_500m_center_lat": 33.84791666666668, "mesh_500m_center_lon": 132.784375}, "geometry": {"type": "Polygon", "coordinates": [[[132.78125, 33.84583333333334], [132.7875, 33.84583333333334], [132.7875, 33.85000000000001], [132.78125, 33.85000000000001], [132.78125, 33.84583333333334]]]}}, {"type": "Feature", "properties": {"window_end_month": "2026-02", "window_start_month": "2025-03", "mesh_500m": "503266132", "new_restaurant_permits_12m": 3, "active_mesh_rank": 38, "active_mesh_percentile": 69.42, "active_mesh_zscore": 0.1474, "hotspot_class": "other_active", "mesh_500m_center_lat": 33.84375, "mesh_500m_center_lon": 132.796875}, "geometry": {"type": "Polygon", "coordinates": [[[132.79375, 33.84166666666667], [132.79999999999998, 33.84166666666667], [132.79999999999998, 33.84583333333334], [132.79375, 33.84583333333334], [132.79375, 33.84166666666667]]]}}, {"type": "Feature", "properties": {"window_end_month": "2026-02", "window_start_month": "2025-03", "mesh_500m": "503266301", "new_restaurant_permits_12m": 3, "active_mesh_rank": 39, "active_mesh_percentile": 68.6, "active_mesh_zscore": 0.1474, "hotspot_class": "other_active", "mesh_500m_center_lat": 33.860416666666666, "mesh_500m_center_lon": 132.753125}, "geometry": {"type": "Polygon", "coordinates": [[[132.75, 33.858333333333334], [132.75625, 33.858333333333334], [132.75625, 33.862500000000004], [132.75, 33.862500000000004], [132.75, 33.858333333333334]]]}}, {"type": "Feature", "properties": {"window_end_month": "2026-02", "window_start_month": "2025-03", "mesh_500m": "503266403", "new_restaurant_permits_12m": 3, "active_mesh_rank": 40, "active_mesh_percentile": 67.77, "active_mesh_zscore": 0.1474, "hotspot_class": "other_active", "mesh_500m_center_lat": 33.87291666666667, "mesh_500m_center_lon": 132.753125}, "geometry": {"type": "Polygon", "coordinates": [[[132.75, 33.87083333333334], [132.75625, 33.87083333333334], [132.75625, 33.87500000000001], [132.75, 33.87500000000001], [132.75, 33.87083333333334]]]}}, {"type": "Feature", "properties": {"window_end_month": "2026-02", "window_start_month": "2025-03", "mesh_500m": "503276521", "new_restaurant_permits_12m": 3, "active_mesh_rank": 41, "active_mesh_percentile": 66.94, "active_mesh_zscore": 0.1474, "hotspot_class": "other_active", "mesh_500m_center_lat": 33.960416666666674, "mesh_500m_center_lon": 132.778125}, "geometry": {"type": "Polygon", "coordinates": [[[132.775, 33.958333333333336], [132.78125, 33.958333333333336], [132.78125, 33.962500000000006], [132.775, 33.962500000000006], [132.775, 33.958333333333336]]]}}, {"type": "Feature", "properties": {"window_end_month": "2026-02", "window_start_month": "2025-03", "mesh_500m": "503255974", "new_restaurant_permits_12m": 2, "active_mesh_rank": 42, "active_mesh_percentile": 66.12, "active_mesh_zscore": -0.1449, "hotspot_class": "other_active", "mesh_500m_center_lat": 33.83125000000001, "mesh_500m_center_lon": 132.721875}, "geometry": {"type": "Polygon", "coordinates": [[[132.71875, 33.82916666666667], [132.725, 33.82916666666667], [132.725, 33.83333333333334], [132.71875, 33.83333333333334], [132.71875, 33.82916666666667]]]}}, {"type": "Feature", "properties": {"window_end_month": "2026-02", "window_start_month": "2025-03", "mesh_500m": "503255991", "new_restaurant_permits_12m": 2, "active_mesh_rank": 43, "active_mesh_percentile": 65.29, "active_mesh_zscore": -0.1449, "hotspot_class": "other_active", "mesh_500m_center_lat": 33.827083333333334, "mesh_500m_center_lon": 132.74062500000002}, "geometry": {"type": "Polygon", "coordinates": [[[132.7375, 33.825], [132.74375, 33.825], [132.74375, 33.82916666666667], [132.7375, 33.82916666666667], [132.7375, 33.825]]]}}, {"type": "Feature", "properties": {"window_end_month": "2026-02", "window_start_month": "2025-03", "mesh_500m": "503256731", "new_restaurant_permits_12m": 2, "active_mesh_rank": 44, "active_mesh_percentile": 64.46, "active_mesh_zscore": -0.1449, "hotspot_class": "other_active", "mesh_500m_center_lat": 33.81041666666667, "mesh_500m_center_lon": 132.79062499999998}, "geometry": {"type": "Polygon", "coordinates": [[[132.7875, 33.80833333333333], [132.79375, 33.80833333333333], [132.79375, 33.8125], [132.7875, 33.8125], [132.7875, 33.80833333333333]]]}}, {"type": "Feature", "properties": {"window_end_month": "2026-02", "window_start_month": "2025-03", "mesh_500m": "503256732", "new_restaurant_permits_12m": 2, "active_mesh_rank": 45, "active_mesh_percentile": 63.64, "active_mesh_zscore": -0.1449, "hotspot_class": "other_active", "mesh_500m_center_lat": 33.81041666666667, "mesh_500m_center_lon": 132.796875}, "geometry": {"type": "Polygon", "coordinates": [[[132.79375, 33.80833333333333], [132.79999999999998, 33.80833333333333], [132.79999999999998, 33.8125], [132.79375, 33.8125], [132.79375, 33.80833333333333]]]}}, {"type": "Feature", "properties": {"window_end_month": "2026-02", "window_start_month": "2025-03", "mesh_500m": "503256753", "new_restaurant_permits_12m": 2, "active_mesh_rank": 46, "active_mesh_percentile": 62.81, "active_mesh_zscore": -0.1449, "hotspot_class": "other_active", "mesh_500m_center_lat": 33.81458333333333, "mesh_500m_center_lon": 132.815625}, "geometry": {"type": "Polygon", "coordinates": [[[132.8125, 33.8125], [132.81875, 33.8125], [132.81875, 33.81666666666667], [132.8125, 33.81666666666667], [132.8125, 33.8125]]]}}, {"type": "Feature", "properties": {"window_end_month": "2026-02", "window_start_month": "2025-03", "mesh_500m": "503256802", "new_restaurant_permits_12m": 2, "active_mesh_rank": 47, "active_mesh_percentile": 61.98, "active_mesh_zscore": -0.1449, "hotspot_class": "other_active", "mesh_500m_center_lat": 33.81875000000001, "mesh_500m_center_lon": 132.75937499999998}, "geometry": {"type": "Polygon", "coordinates": [[[132.75625, 33.81666666666667], [132.7625, 33.81666666666667], [132.7625, 33.82083333333334], [132.75625, 33.82083333333334], [132.75625, 33.81666666666667]]]}}, {"type": "Feature", "properties": {"window_end_month": "2026-02", "window_start_month": "2025-03", "mesh_500m": "503256804", "new_restaurant_permits_12m": 2, "active_mesh_rank": 48, "active_mesh_percentile": 61.16, "active_mesh_zscore": -0.1449, "hotspot_class": "other_active", "mesh_500m_center_lat": 33.82291666666667, "mesh_500m_center_lon": 132.75937499999998}, "geometry": {"type": "Polygon", "coordinates": [[[132.75625, 33.82083333333334], [132.7625, 33.82083333333334], [132.7625, 33.82500000000001], [132.75625, 33.82500000000001], [132.75625, 33.82083333333334]]]}}, {"type": "Feature", "properties": {"window_end_month": "2026-02", "window_start_month": "2025-03", "mesh_500m": "503256931", "new_restaurant_permits_12m": 2, "active_mesh_rank": 49, "active_mesh_percentile": 60.33, "active_mesh_zscore": -0.1449, "hotspot_class": "other_active", "mesh_500m_center_lat": 33.827083333333334, "mesh_500m_center_lon": 132.79062499999998}, "geometry": {"type": "Polygon", "coordinates": [[[132.7875, 33.825], [132.79375, 33.825], [132.79375, 33.82916666666667], [132.7875, 33.82916666666667], [132.7875, 33.825]]]}}, {"type": "Feature", "properties": {"window_end_month": "2026-02", "window_start_month": "2025-03", "mesh_500m": "503256933", "new_restaurant_permits_12m": 2, "active_mesh_rank": 50, "active_mesh_percentile": 59.5, "active_mesh_zscore": -0.1449, "hotspot_class": "other_active", "mesh_500m_center_lat": 33.83125000000001, "mesh_500m_center_lon": 132.79062499999998}, "geometry": {"type": "Polygon", "coordinates": [[[132.7875, 33.82916666666667], [132.79375, 33.82916666666667], [132.79375, 33.83333333333334], [132.7875, 33.83333333333334], [132.7875, 33.82916666666667]]]}}, {"type": "Feature", "properties": {"window_end_month": "2026-02", "window_start_month": "2025-03", "mesh_500m": "503265274", "new_restaurant_permits_12m": 2, "active_mesh_rank": 51, "active_mesh_percentile": 58.68, "active_mesh_zscore": -0.1449, "hotspot_class": "other_active", "mesh_500m_center_lat": 33.85625, "mesh_500m_center_lon": 132.721875}, "geometry": {"type": "Polygon", "coordinates": [[[132.71875, 33.85416666666667], [132.725, 33.85416666666667], [132.725, 33.85833333333334], [132.71875, 33.85833333333334], [132.71875, 33.85416666666667]]]}}, {"type": "Feature", "properties": {"window_end_month": "2026-02", "window_start_month": "2025-03", "mesh_500m": "503265292", "new_restaurant_permits_12m": 2, "active_mesh_rank": 52, "active_mesh_percentile": 57.85, "active_mesh_zscore": -0.1449, "hotspot_class": "other_active", "mesh_500m_center_lat": 33.85208333333334, "mesh_500m_center_lon": 132.746875}, "geometry": {"type": "Polygon", "coordinates": [[[132.74375, 33.85], [132.75, 33.85], [132.75, 33.85416666666667], [132.74375, 33.85416666666667], [132.74375, 33.85]]]}}, {"type": "Feature", "properties": {"window_end_month": "2026-02", "window_start_month": "2025-03", "mesh_500m": "503265371", "new_restaurant_permits_12m": 2, "active_mesh_rank": 53, "active_mesh_percentile": 57.02, "active_mesh_zscore": -0.1449, "hotspot_class": "other_active", "mesh_500m_center_lat": 33.860416666666666, "mesh_500m_center_lon": 132.715625}, "geometry": {"type": "Polygon", "coordinates": [[[132.7125, 33.858333333333334], [132.71875, 33.858333333333334], [132.71875, 33.862500000000004], [132.7125, 33.862500000000004], [132.7125, 33.858333333333334]]]}}, {"type": "Feature", "properties": {"window_end_month": "2026-02", "window_start_month": "2025-03", "mesh_500m": "503265882", "new_restaurant_permits_12m": 2, "active_mesh_rank": 54, "active_mesh_percentile": 56.2, "active_mesh_zscore": -0.1449, "hotspot_class": "other_active", "mesh_500m_center_lat": 33.90208333333334, "mesh_500m_center_lon": 132.734375}, "geometry": {"type": "Polygon", "coordinates": [[[132.73125, 33.900000000000006], [132.73749999999998, 33.900000000000006], [132.73749999999998, 33.904166666666676], [132.73125, 33.904166666666676], [132.73125, 33.900000000000006]]]}}, {"type": "Feature", "properties": {"window_end_month": "2026-02", "window_start_month": "2025-03", "mesh_500m": "503266021", "new_restaurant_permits_12m": 2, "active_mesh_rank": 55, "active_mesh_percentile": 55.37, "active_mesh_zscore": -0.1449, "hotspot_class": "other_active", "mesh_500m_center_lat": 33.835416666666674, "mesh_500m_center_lon": 132.778125}, "geometry": {"type": "Polygon", "coordinates": [[[132.775, 33.833333333333336], [132.78125, 33.833333333333336], [132.78125, 33.837500000000006], [132.775, 33.837500000000006], [132.775, 33.833333333333336]]]}}, {"type": "Feature", "properties": {"window_end_month": "2026-02", "window_start_month": "2025-03", "mesh_500m": "503266031", "new_restaurant_permits_12m": 2, "active_mesh_rank": 56, "active_mesh_percentile": 54.55, "active_mesh_zscore": -0.1449, "hotspot_class": "other_active", "mesh_500m_center_lat": 33.835416666666674, "mesh_500m_center_lon": 132.79062499999998}, "geometry": {"type": "Polygon", "coordinates": [[[132.7875, 33.833333333333336], [132.79375, 33.833333333333336], [132.79375, 33.837500000000006], [132.7875, 33.837500000000006], [132.7875, 33.833333333333336]]]}}, {"type": "Feature", "properties": {"window_end_month": "2026-02", "window_start_month": "2025-03", "mesh_500m": "503266033", "new_restaurant_permits_12m": 2, "active_mesh_rank": 57, "active_mesh_percentile": 53.72, "active_mesh_zscore": -0.1449, "hotspot_class": "other_active", "mesh_500m_center_lat": 33.83958333333334, "mesh_500m_center_lon": 132.79062499999998}, "geometry": {"type": "Polygon", "coordinates": [[[132.7875, 33.837500000000006], [132.79375, 33.837500000000006], [132.79375, 33.841666666666676], [132.7875, 33.841666666666676], [132.7875, 33.837500000000006]]]}}, {"type": "Feature", "properties": {"window_end_month": "2026-02", "window_start_month": "2025-03", "mesh_500m": "503266201", "new_restaurant_permits_12m": 2, "active_mesh_rank": 58, "active_mesh_percentile": 52.89, "active_mesh_zscore": -0.1449, "hotspot_class": "other_active", "mesh_500m_center_lat": 33.85208333333334, "mesh_500m_center_lon": 132.753125}, "geometry": {"type": "Polygon", "coordinates": [[[132.75, 33.85], [132.75625, 33.85], [132.75625, 33.85416666666667], [132.75, 33.85416666666667], [132.75, 33.85]]]}}, {"type": "Feature", "properties": {"window_end_month": "2026-02", "window_start_month": "2025-03", "mesh_500m": "503266221", "new_restaurant_permits_12m": 2, "active_mesh_rank": 59, "active_mesh_percentile": 52.07, "active_mesh_zscore": -0.1449, "hotspot_class": "other_active", "mesh_500m_center_lat": 33.85208333333334, "mesh_500m_center_lon": 132.778125}, "geometry": {"type": "Polygon", "coordinates": [[[132.775, 33.85], [132.78125, 33.85], [132.78125, 33.85416666666667], [132.775, 33.85416666666667], [132.775, 33.85]]]}}, {"type": "Feature", "properties": {"window_end_month": "2026-02", "window_start_month": "2025-03", "mesh_500m": "503266223", "new_restaurant_permits_12m": 2, "active_mesh_rank": 60, "active_mesh_percentile": 51.24, "active_mesh_zscore": -0.1449, "hotspot_class": "other_active", "mesh_500m_center_lat": 33.85625, "mesh_500m_center_lon": 132.778125}, "geometry": {"type": "Polygon", "coordinates": [[[132.775, 33.85416666666667], [132.78125, 33.85416666666667], [132.78125, 33.85833333333334], [132.775, 33.85833333333334], [132.775, 33.85416666666667]]]}}, {"type": "Feature", "properties": {"window_end_month": "2026-02", "window_start_month": "2025-03", "mesh_500m": "503266224", "new_restaurant_permits_12m": 2, "active_mesh_rank": 61, "active_mesh_percentile": 50.41, "active_mesh_zscore": -0.1449, "hotspot_class": "other_active", "mesh_500m_center_lat": 33.85625, "mesh_500m_center_lon": 132.784375}, "geometry": {"type": "Polygon", "coordinates": [[[132.78125, 33.85416666666667], [132.7875, 33.85416666666667], [132.7875, 33.85833333333334], [132.78125, 33.85833333333334], [132.78125, 33.85416666666667]]]}}, {"type": "Feature", "properties": {"window_end_month": "2026-02", "window_start_month": "2025-03", "mesh_500m": "503266302", "new_restaurant_permits_12m": 2, "active_mesh_rank": 62, "active_mesh_percentile": 49.59, "active_mesh_zscore": -0.1449, "hotspot_class": "other_active", "mesh_500m_center_lat": 33.860416666666666, "mesh_500m_center_lon": 132.75937499999998}, "geometry": {"type": "Polygon", "coordinates": [[[132.75625, 33.858333333333334], [132.7625, 33.858333333333334], [132.7625, 33.862500000000004], [132.75625, 33.862500000000004], [132.75625, 33.858333333333334]]]}}, {"type": "Feature", "properties": {"window_end_month": "2026-02", "window_start_month": "2025-03", "mesh_500m": "503276314", "new_restaurant_permits_12m": 2, "active_mesh_rank": 63, "active_mesh_percentile": 48.76, "active_mesh_zscore": -0.1449, "hotspot_class": "other_active", "mesh_500m_center_lat": 33.94791666666667, "mesh_500m_center_lon": 132.77187499999997}, "geometry": {"type": "Polygon", "coordinates": [[[132.76874999999998, 33.94583333333334], [132.77499999999998, 33.94583333333334], [132.77499999999998, 33.95000000000001], [132.76874999999998, 33.95000000000001], [132.76874999999998, 33.94583333333334]]]}}, {"type": "Feature", "properties": {"window_end_month": "2026-02", "window_start_month": "2025-03", "mesh_500m": "503276421", "new_restaurant_permits_12m": 2, "active_mesh_rank": 64, "active_mesh_percentile": 47.93, "active_mesh_zscore": -0.1449, "hotspot_class": "other_active", "mesh_500m_center_lat": 33.952083333333334, "mesh_500m_center_lon": 132.778125}, "geometry": {"type": "Polygon", "coordinates": [[[132.775, 33.95], [132.78125, 33.95], [132.78125, 33.95416666666667], [132.775, 33.95416666666667], [132.775, 33.95]]]}}, {"type": "Feature", "properties": {"window_end_month": "2026-02", "window_start_month": "2025-03", "mesh_500m": "503255683", "new_restaurant_permits_12m": 1, "active_mesh_rank": 65, "active_mesh_percentile": 47.11, "active_mesh_zscore": -0.4372, "hotspot_class": "other_active", "mesh_500m_center_lat": 33.806250000000006, "mesh_500m_center_lon": 132.72812499999998}, "geometry": {"type": "Polygon", "coordinates": [[[132.725, 33.80416666666667], [132.73125, 33.80416666666667], [132.73125, 33.80833333333334], [132.725, 33.80833333333334], [132.725, 33.80416666666667]]]}}, {"type": "Feature", "properties": {"window_end_month": "2026-02", "window_start_month": "2025-03", "mesh_500m": "503255783", "new_restaurant_permits_12m": 1, "active_mesh_rank": 66, "active_mesh_percentile": 46.28, "active_mesh_zscore": -0.4372, "hotspot_class": "other_active", "mesh_500m_center_lat": 33.81458333333333, "mesh_500m_center_lon": 132.72812499999998}, "geometry": {"type": "Polygon", "coordinates": [[[132.725, 33.8125], [132.73125, 33.8125], [132.73125, 33.81666666666667], [132.725, 33.81666666666667], [132.725, 33.8125]]]}}, {"type": "Feature", "properties": {"window_end_month": "2026-02", "window_start_month": "2025-03", "mesh_500m": "503255792", "new_restaurant_permits_12m": 1, "active_mesh_rank": 67, "active_mesh_percentile": 45.45, "active_mesh_zscore": -0.4372, "hotspot_class": "other_active", "mesh_500m_center_lat": 33.81041666666667, "mesh_500m_center_lon": 132.746875}, "geometry": {"type": "Polygon", "coordinates": [[[132.74375, 33.80833333333333], [132.75, 33.80833333333333], [132.75, 33.8125], [132.74375, 33.8125], [132.74375, 33.80833333333333]]]}}, {"type": "Feature", "properties": {"window_end_month": "2026-02", "window_start_month": "2025-03", "mesh_500m": "503255793", "new_restaurant_permits_12m": 1, "active_mesh_rank": 68, "active_mesh_percentile": 44.63, "active_mesh_zscore": -0.4372, "hotspot_class": "other_active", "mesh_500m_center_lat": 33.81458333333333, "mesh_500m_center_lon": 132.74062500000002}, "geometry": {"type": "Polygon", "coordinates": [[[132.7375, 33.8125], [132.74375, 33.8125], [132.74375, 33.81666666666667], [132.7375, 33.81666666666667], [132.7375, 33.8125]]]}}, {"type": "Feature", "properties": {"window_end_month": "2026-02", "window_start_month": "2025-03", "mesh_500m": "503255794", "new_restaurant_permits_12m": 1, "active_mesh_rank": 69, "active_mesh_percentile": 43.8, "active_mesh_zscore": -0.4372, "hotspot_class": "other_active", "mesh_500m_center_lat": 33.81458333333333, "mesh_500m_center_lon": 132.746875}, "geometry": {"type": "Polygon", "coordinates": [[[132.74375, 33.8125], [132.75, 33.8125], [132.75, 33.81666666666667], [132.74375, 33.81666666666667], [132.74375, 33.8125]]]}}, {"type": "Feature", "properties": {"window_end_month": "2026-02", "window_start_month": "2025-03", "mesh_500m": "503255854", "new_restaurant_permits_12m": 1, "active_mesh_rank": 70, "active_mesh_percentile": 42.98, "active_mesh_zscore": -0.4372, "hotspot_class": "other_active", "mesh_500m_center_lat": 33.82291666666667, "mesh_500m_center_lon": 132.69687499999998}, "geometry": {"type": "Polygon", "coordinates": [[[132.69375, 33.82083333333334], [132.7, 33.82083333333334], [132.7, 33.82500000000001], [132.69375, 33.82500000000001], [132.69375, 33.82083333333334]]]}}, {"type": "Feature", "properties": {"window_end_month": "2026-02", "window_start_month": "2025-03", "mesh_500m": "503255873", "new_restaurant_permits_12m": 1, "active_mesh_rank": 71, "active_mesh_percentile": 42.15, "active_mesh_zscore": -0.4372, "hotspot_class": "other_active", "mesh_500m_center_lat": 33.82291666666667, "mesh_500m_center_lon": 132.715625}, "geometry": {"type": "Polygon", "coordinates": [[[132.7125, 33.82083333333334], [132.71875, 33.82083333333334], [132.71875, 33.82500000000001], [132.7125, 33.82500000000001], [132.7125, 33.82083333333334]]]}}, {"type": "Feature", "properties": {"window_end_month": "2026-02", "window_start_month": "2025-03", "mesh_500m": "503255892", "new_restaurant_permits_12m": 1, "active_mesh_rank": 72, "active_mesh_percentile": 41.32, "active_mesh_zscore": -0.4372, "hotspot_class": "other_active", "mesh_500m_center_lat": 33.81875000000001, "mesh_500m_center_lon": 132.746875}, "geometry": {"type": "Polygon", "coordinates": [[[132.74375, 33.81666666666667], [132.75, 33.81666666666667], [132.75, 33.82083333333334], [132.74375, 33.82083333333334], [132.74375, 33.81666666666667]]]}}, {"type": "Feature", "properties": {"window_end_month": "2026-02", "window_start_month": "2025-03", "mesh_500m": "503255893", "new_restaurant_permits_12m": 1, "active_mesh_rank": 73, "active_mesh_percentile": 40.5, "active_mesh_zscore": -0.4372, "hotspot_class": "other_active", "mesh_500m_center_lat": 33.82291666666667, "mesh_500m_center_lon": 132.74062500000002}, "geometry": {"type": "Polygon", "coordinates": [[[132.7375, 33.82083333333334], [132.74375, 33.82083333333334], [132.74375, 33.82500000000001], [132.7375, 33.82500000000001], [132.7375, 33.82083333333334]]]}}, {"type": "Feature", "properties": {"window_end_month": "2026-02", "window_start_month": "2025-03", "mesh_500m": "503255894", "new_restaurant_permits_12m": 1, "active_mesh_rank": 74, "active_mesh_percentile": 39.67, "active_mesh_zscore": -0.4372, "hotspot_class": "other_active", "mesh_500m_center_lat": 33.82291666666667, "mesh_500m_center_lon": 132.746875}, "geometry": {"type": "Polygon", "coordinates": [[[132.74375, 33.82083333333334], [132.75, 33.82083333333334], [132.75, 33.82500000000001], [132.74375, 33.82500000000001], [132.74375, 33.82083333333334]]]}}, {"type": "Feature", "properties": {"window_end_month": "2026-02", "window_start_month": "2025-03", "mesh_500m": "503255964", "new_restaurant_permits_12m": 1, "active_mesh_rank": 75, "active_mesh_percentile": 38.84, "active_mesh_zscore": -0.4372, "hotspot_class": "other_active", "mesh_500m_center_lat": 33.83125000000001, "mesh_500m_center_lon": 132.70937499999997}, "geometry": {"type": "Polygon", "coordinates": [[[132.70624999999998, 33.82916666666667], [132.71249999999998, 33.82916666666667], [132.71249999999998, 33.83333333333334], [132.70624999999998, 33.83333333333334], [132.70624999999998, 33.82916666666667]]]}}, {"type": "Feature", "properties": {"window_end_month": "2026-02", "window_start_month": "2025-03", "mesh_500m": "503255972", "new_restaurant_permits_12m": 1, "active_mesh_rank": 76, "active_mesh_percentile": 38.02, "active_mesh_zscore": -0.4372, "hotspot_class": "other_active", "mesh_500m_center_lat": 33.827083333333334, "mesh_500m_center_lon": 132.721875}, "geometry": {"type": "Polygon", "coordinates": [[[132.71875, 33.825], [132.725, 33.825], [132.725, 33.82916666666667], [132.71875, 33.82916666666667], [132.71875, 33.825]]]}}, {"type": "Feature", "properties": {"window_end_month": "2026-02", "window_start_month": "2025-03", "mesh_500m": "503255973", "new_restaurant_permits_12m": 1, "active_mesh_rank": 77, "active_mesh_percentile": 37.19, "active_mesh_zscore": -0.4372, "hotspot_class": "other_active", "mesh_500m_center_lat": 33.83125000000001, "mesh_500m_center_lon": 132.715625}, "geometry": {"type": "Polygon", "coordinates": [[[132.7125, 33.82916666666667], [132.71875, 33.82916666666667], [132.71875, 33.83333333333334], [132.7125, 33.83333333333334], [132.7125, 33.82916666666667]]]}}, {"type": "Feature", "properties": {"window_end_month": "2026-02", "window_start_month": "2025-03", "mesh_500m": "503255981", "new_restaurant_permits_12m": 1, "active_mesh_rank": 78, "active_mesh_percentile": 36.36, "active_mesh_zscore": -0.4372, "hotspot_class": "other_active", "mesh_500m_center_lat": 33.827083333333334, "mesh_500m_center_lon": 132.72812499999998}, "geometry": {"type": "Polygon", "coordinates": [[[132.725, 33.825], [132.73125, 33.825], [132.73125, 33.82916666666667], [132.725, 33.82916666666667], [132.725, 33.825]]]}}, {"type": "Feature", "properties": {"window_end_month": "2026-02", "window_start_month": "2025-03", "mesh_500m": "503255982", "new_restaurant_permits_12m": 1, "active_mesh_rank": 79, "active_mesh_percentile": 35.54, "active_mesh_zscore": -0.4372, "hotspot_class": "other_active", "mesh_500m_center_lat": 33.827083333333334, "mesh_500m_center_lon": 132.734375}, "geometry": {"type": "Polygon", "coordinates": [[[132.73125, 33.825], [132.73749999999998, 33.825], [132.73749999999998, 33.82916666666667], [132.73125, 33.82916666666667], [132.73125, 33.825]]]}}, {"type": "Feature", "properties": {"window_end_month": "2026-02", "window_start_month": "2025-03", "mesh_500m": "503255994", "new_restaurant_permits_12m": 1, "active_mesh_rank": 80, "active_mesh_percentile": 34.71, "active_mesh_zscore": -0.4372, "hotspot_class": "other_active", "mesh_500m_center_lat": 33.83125000000001, "mesh_500m_center_lon": 132.746875}, "geometry": {"type": "Polygon", "coordinates": [[[132.74375, 33.82916666666667], [132.75, 33.82916666666667], [132.75, 33.83333333333334], [132.74375, 33.83333333333334], [132.74375, 33.82916666666667]]]}}, {"type": "Feature", "properties": {"window_end_month": "2026-02", "window_start_month": "2025-03", "mesh_500m": "503256524", "new_restaurant_permits_12m": 1, "active_mesh_rank": 81, "active_mesh_percentile": 33.88, "active_mesh_zscore": -0.4372, "hotspot_class": "other_active", "mesh_500m_center_lat": 33.797916666666666, "mesh_500m_center_lon": 132.784375}, "geometry": {"type": "Polygon", "coordinates": [[[132.78125, 33.795833333333334], [132.7875, 33.795833333333334], [132.7875, 33.800000000000004], [132.78125, 33.800000000000004], [132.78125, 33.795833333333334]]]}}, {"type": "Feature", "properties": {"window_end_month": "2026-02", "window_start_month": "2025-03", "mesh_500m": "503256611", "new_restaurant_permits_12m": 1, "active_mesh_rank": 82, "active_mesh_percentile": 33.06, "active_mesh_zscore": -0.4372, "hotspot_class": "other_active", "mesh_500m_center_lat": 33.80208333333333, "mesh_500m_center_lon": 132.765625}, "geometry": {"type": "Polygon", "coordinates": [[[132.7625, 33.8], [132.76874999999998, 33.8], [132.76874999999998, 33.80416666666667], [132.7625, 33.80416666666667], [132.7625, 33.8]]]}}, {"type": "Feature", "properties": {"window_end_month": "2026-02", "window_start_month": "2025-03", "mesh_500m": "503256613", "new_restaurant_permits_12m": 1, "active_mesh_rank": 83, "active_mesh_percentile": 32.23, "active_mesh_zscore": -0.4372, "hotspot_class": "other_active", "mesh_500m_center_lat": 33.806250000000006, "mesh_500m_center_lon": 132.765625}, "geometry": {"type": "Polygon", "coordinates": [[[132.7625, 33.80416666666667], [132.76874999999998, 33.80416666666667], [132.76874999999998, 33.80833333333334], [132.7625, 33.80833333333334], [132.7625, 33.80416666666667]]]}}, {"type": "Feature", "properties": {"window_end_month": "2026-02", "window_start_month": "2025-03", "mesh_500m": "503256624", "new_restaurant_permits_12m": 1, "active_mesh_rank": 84, "active_mesh_percentile": 31.4, "active_mesh_zscore": -0.4372, "hotspot_class": "other_active", "mesh_500m_center_lat": 33.806250000000006, "mesh_500m_center_lon": 132.784375}, "geometry": {"type": "Polygon", "coordinates": [[[132.78125, 33.80416666666667], [132.7875, 33.80416666666667], [132.7875, 33.80833333333334], [132.78125, 33.80833333333334], [132.78125, 33.80416666666667]]]}}, {"type": "Feature", "properties": {"window_end_month": "2026-02", "window_start_month": "2025-03", "mesh_500m": "503256633", "new_restaurant_permits_12m": 1, "active_mesh_rank": 85, "active_mesh_percentile": 30.58, "active_mesh_zscore": -0.4372, "hotspot_class": "other_active", "mesh_500m_center_lat": 33.806250000000006, "mesh_500m_center_lon": 132.79062499999998}, "geometry": {"type": "Polygon", "coordinates": [[[132.7875, 33.80416666666667], [132.79375, 33.80416666666667], [132.79375, 33.80833333333334], [132.7875, 33.80833333333334], [132.7875, 33.80416666666667]]]}}, {"type": "Feature", "properties": {"window_end_month": "2026-02", "window_start_month": "2025-03", "mesh_500m": "503256703", "new_restaurant_permits_12m": 1, "active_mesh_rank": 86, "active_mesh_percentile": 29.75, "active_mesh_zscore": -0.4372, "hotspot_class": "other_active", "mesh_500m_center_lat": 33.81458333333333, "mesh_500m_center_lon": 132.753125}, "geometry": {"type": "Polygon", "coordinates": [[[132.75, 33.8125], [132.75625, 33.8125], [132.75625, 33.81666666666667], [132.75, 33.81666666666667], [132.75, 33.8125]]]}}, {"type": "Feature", "properties": {"window_end_month": "2026-02", "window_start_month": "2025-03", "mesh_500m": "503256704", "new_restaurant_permits_12m": 1, "active_mesh_rank": 87, "active_mesh_percentile": 28.93, "active_mesh_zscore": -0.4372, "hotspot_class": "other_active", "mesh_500m_center_lat": 33.81458333333333, "mesh_500m_center_lon": 132.75937499999998}, "geometry": {"type": "Polygon", "coordinates": [[[132.75625, 33.8125], [132.7625, 33.8125], [132.7625, 33.81666666666667], [132.75625, 33.81666666666667], [132.75625, 33.8125]]]}}, {"type": "Feature", "properties": {"window_end_month": "2026-02", "window_start_month": "2025-03", "mesh_500m": "503256724", "new_restaurant_permits_12m": 1, "active_mesh_rank": 88, "active_mesh_percentile": 28.1, "active_mesh_zscore": -0.4372, "hotspot_class": "other_active", "mesh_500m_center_lat": 33.81458333333333, "mesh_500m_center_lon": 132.784375}, "geometry": {"type": "Polygon", "coordinates": [[[132.78125, 33.8125], [132.7875, 33.8125], [132.7875, 33.81666666666667], [132.78125, 33.81666666666667], [132.78125, 33.8125]]]}}, {"type": "Feature", "properties": {"window_end_month": "2026-02", "window_start_month": "2025-03", "mesh_500m": "503256744", "new_restaurant_permits_12m": 1, "active_mesh_rank": 89, "active_mesh_percentile": 27.27, "active_mesh_zscore": -0.4372, "hotspot_class": "other_active", "mesh_500m_center_lat": 33.81458333333333, "mesh_500m_center_lon": 132.809375}, "geometry": {"type": "Polygon", "coordinates": [[[132.80625, 33.8125], [132.8125, 33.8125], [132.8125, 33.81666666666667], [132.80625, 33.81666666666667], [132.80625, 33.8125]]]}}, {"type": "Feature", "properties": {"window_end_month": "2026-02", "window_start_month": "2025-03", "mesh_500m": "503256752", "new_restaurant_permits_12m": 1, "active_mesh_rank": 90, "active_mesh_percentile": 26.45, "active_mesh_zscore": -0.4372, "hotspot_class": "other_active", "mesh_500m_center_lat": 33.81041666666667, "mesh_500m_center_lon": 132.82187499999998}, "geometry": {"type": "Polygon", "coordinates": [[[132.81875, 33.80833333333333], [132.825, 33.80833333333333], [132.825, 33.8125], [132.81875, 33.8125], [132.81875, 33.80833333333333]]]}}, {"type": "Feature", "properties": {"window_end_month": "2026-02", "window_start_month": "2025-03", "mesh_500m": "503256812", "new_restaurant_permits_12m": 1, "active_mesh_rank": 91, "active_mesh_percentile": 25.62, "active_mesh_zscore": -0.4372, "hotspot_class": "other_active", "mesh_500m_center_lat": 33.81875000000001, "mesh_500m_center_lon": 132.77187499999997}, "geometry": {"type": "Polygon", "coordinates": [[[132.76874999999998, 33.81666666666667], [132.77499999999998, 33.81666666666667], [132.77499999999998, 33.82083333333334], [132.76874999999998, 33.82083333333334], [132.76874999999998, 33.81666666666667]]]}}, {"type": "Feature", "properties": {"window_end_month": "2026-02", "window_start_month": "2025-03", "mesh_500m": "503256822", "new_restaurant_permits_12m": 1, "active_mesh_rank": 92, "active_mesh_percentile": 24.79, "active_mesh_zscore": -0.4372, "hotspot_class": "other_active", "mesh_500m_center_lat": 33.81875000000001, "mesh_500m_center_lon": 132.784375}, "geometry": {"type": "Polygon", "coordinates": [[[132.78125, 33.81666666666667], [132.7875, 33.81666666666667], [132.7875, 33.82083333333334], [132.78125, 33.82083333333334], [132.78125, 33.81666666666667]]]}}, {"type": "Feature", "properties": {"window_end_month": "2026-02", "window_start_month": "2025-03", "mesh_500m": "503256903", "new_restaurant_permits_12m": 1, "active_mesh_rank": 93, "active_mesh_percentile": 23.97, "active_mesh_zscore": -0.4372, "hotspot_class": "other_active", "mesh_500m_center_lat": 33.83125000000001, "mesh_500m_center_lon": 132.753125}, "geometry": {"type": "Polygon", "coordinates": [[[132.75, 33.82916666666667], [132.75625, 33.82916666666667], [132.75625, 33.83333333333334], [132.75, 33.83333333333334], [132.75, 33.82916666666667]]]}}, {"type": "Feature", "properties": {"window_end_month": "2026-02", "window_start_month": "2025-03", "mesh_500m": "503256913", "new_restaurant_permits_12m": 1, "active_mesh_rank": 94, "active_mesh_percentile": 23.14, "active_mesh_zscore": -0.4372, "hotspot_class": "other_active", "mesh_500m_center_lat": 33.83125000000001, "mesh_500m_center_lon": 132.765625}, "geometry": {"type": "Polygon", "coordinates": [[[132.7625, 33.82916666666667], [132.76874999999998, 33.82916666666667], [132.76874999999998, 33.83333333333334], [132.7625, 33.83333333333334], [132.7625, 33.82916666666667]]]}}, {"type": "Feature", "properties": {"window_end_month": "2026-02", "window_start_month": "2025-03", "mesh_500m": "503256922", "new_restaurant_permits_12m": 1, "active_mesh_rank": 95, "active_mesh_percentile": 22.31, "active_mesh_zscore": -0.4372, "hotspot_class": "other_active", "mesh_500m_center_lat": 33.827083333333334, "mesh_500m_center_lon": 132.784375}, "geometry": {"type": "Polygon", "coordinates": [[[132.78125, 33.825], [132.7875, 33.825], [132.7875, 33.82916666666667], [132.78125, 33.82916666666667], [132.78125, 33.825]]]}}, {"type": "Feature", "properties": {"window_end_month": "2026-02", "window_start_month": "2025-03", "mesh_500m": "503265093", "new_restaurant_permits_12m": 1, "active_mesh_rank": 96, "active_mesh_percentile": 21.49, "active_mesh_zscore": -0.4372, "hotspot_class": "other_active", "mesh_500m_center_lat": 33.83958333333334, "mesh_500m_center_lon": 132.74062500000002}, "geometry": {"type": "Polygon", "coordinates": [[[132.7375, 33.837500000000006], [132.74375, 33.837500000000006], [132.74375, 33.841666666666676], [132.7375, 33.841666666666676], [132.7375, 33.837500000000006]]]}}, {"type": "Feature", "properties": {"window_end_month": "2026-02", "window_start_month": "2025-03", "mesh_500m": "503265094", "new_restaurant_permits_12m": 1, "active_mesh_rank": 97, "active_mesh_percentile": 20.66, "active_mesh_zscore": -0.4372, "hotspot_class": "other_active", "mesh_500m_center_lat": 33.83958333333334, "mesh_500m_center_lon": 132.746875}, "geometry": {"type": "Polygon", "coordinates": [[[132.74375, 33.837500000000006], [132.75, 33.837500000000006], [132.75, 33.841666666666676], [132.74375, 33.841666666666676], [132.74375, 33.837500000000006]]]}}, {"type": "Feature", "properties": {"window_end_month": "2026-02", "window_start_month": "2025-03", "mesh_500m": "503265194", "new_restaurant_permits_12m": 1, "active_mesh_rank": 98, "active_mesh_percentile": 19.83, "active_mesh_zscore": -0.4372, "hotspot_class": "other_active", "mesh_500m_center_lat": 33.84791666666668, "mesh_500m_center_lon": 132.746875}, "geometry": {"type": "Polygon", "coordinates": [[[132.74375, 33.84583333333334], [132.75, 33.84583333333334], [132.75, 33.85000000000001], [132.74375, 33.85000000000001], [132.74375, 33.84583333333334]]]}}, {"type": "Feature", "properties": {"window_end_month": "2026-02", "window_start_month": "2025-03", "mesh_500m": "503265272", "new_restaurant_permits_12m": 1, "active_mesh_rank": 99, "active_mesh_percentile": 19.01, "active_mesh_zscore": -0.4372, "hotspot_class": "other_active", "mesh_500m_center_lat": 33.85208333333334, "mesh_500m_center_lon": 132.721875}, "geometry": {"type": "Polygon", "coordinates": [[[132.71875, 33.85], [132.725, 33.85], [132.725, 33.85416666666667], [132.71875, 33.85416666666667], [132.71875, 33.85]]]}}, {"type": "Feature", "properties": {"window_end_month": "2026-02", "window_start_month": "2025-03", "mesh_500m": "503265284", "new_restaurant_permits_12m": 1, "active_mesh_rank": 100, "active_mesh_percentile": 18.18, "active_mesh_zscore": -0.4372, "hotspot_class": "other_active", "mesh_500m_center_lat": 33.85625, "mesh_500m_center_lon": 132.734375}, "geometry": {"type": "Polygon", "coordinates": [[[132.73125, 33.85416666666667], [132.73749999999998, 33.85416666666667], [132.73749999999998, 33.85833333333334], [132.73125, 33.85833333333334], [132.73125, 33.85416666666667]]]}}, {"type": "Feature", "properties": {"window_end_month": "2026-02", "window_start_month": "2025-03", "mesh_500m": "503265291", "new_restaurant_permits_12m": 1, "active_mesh_rank": 101, "active_mesh_percentile": 17.36, "active_mesh_zscore": -0.4372, "hotspot_class": "other_active", "mesh_500m_center_lat": 33.85208333333334, "mesh_500m_center_lon": 132.74062500000002}, "geometry": {"type": "Polygon", "coordinates": [[[132.7375, 33.85], [132.74375, 33.85], [132.74375, 33.85416666666667], [132.7375, 33.85416666666667], [132.7375, 33.85]]]}}, {"type": "Feature", "properties": {"window_end_month": "2026-02", "window_start_month": "2025-03", "mesh_500m": "503265294", "new_restaurant_permits_12m": 1, "active_mesh_rank": 102, "active_mesh_percentile": 16.53, "active_mesh_zscore": -0.4372, "hotspot_class": "other_active", "mesh_500m_center_lat": 33.85625, "mesh_500m_center_lon": 132.746875}, "geometry": {"type": "Polygon", "coordinates": [[[132.74375, 33.85416666666667], [132.75, 33.85416666666667], [132.75, 33.85833333333334], [132.74375, 33.85833333333334], [132.74375, 33.85416666666667]]]}}, {"type": "Feature", "properties": {"window_end_month": "2026-02", "window_start_month": "2025-03", "mesh_500m": "503265462", "new_restaurant_permits_12m": 1, "active_mesh_rank": 103, "active_mesh_percentile": 15.7, "active_mesh_zscore": -0.4372, "hotspot_class": "other_active", "mesh_500m_center_lat": 33.868750000000006, "mesh_500m_center_lon": 132.70937499999997}, "geometry": {"type": "Polygon", "coordinates": [[[132.70624999999998, 33.86666666666667], [132.71249999999998, 33.86666666666667], [132.71249999999998, 33.87083333333334], [132.70624999999998, 33.87083333333334], [132.70624999999998, 33.86666666666667]]]}}, {"type": "Feature", "properties": {"window_end_month": "2026-02", "window_start_month": "2025-03", "mesh_500m": "503265471", "new_restaurant_permits_12m": 1, "active_mesh_rank": 104, "active_mesh_percentile": 14.88, "active_mesh_zscore": -0.4372, "hotspot_class": "other_active", "mesh_500m_center_lat": 33.868750000000006, "mesh_500m_center_lon": 132.715625}, "geometry": {"type": "Polygon", "coordinates": [[[132.7125, 33.86666666666667], [132.71875, 33.86666666666667], [132.71875, 33.87083333333334], [132.7125, 33.87083333333334], [132.7125, 33.86666666666667]]]}}, {"type": "Feature", "properties": {"window_end_month": "2026-02", "window_start_month": "2025-03", "mesh_500m": "503265472", "new_restaurant_permits_12m": 1, "active_mesh_rank": 105, "active_mesh_percentile": 14.05, "active_mesh_zscore": -0.4372, "hotspot_class": "other_active", "mesh_500m_center_lat": 33.868750000000006, "mesh_500m_center_lon": 132.721875}, "geometry": {"type": "Polygon", "coordinates": [[[132.71875, 33.86666666666667], [132.725, 33.86666666666667], [132.725, 33.87083333333334], [132.71875, 33.87083333333334], [132.71875, 33.86666666666667]]]}}, {"type": "Feature", "properties": {"window_end_month": "2026-02", "window_start_month": "2025-03", "mesh_500m": "503265481", "new_restaurant_permits_12m": 1, "active_mesh_rank": 106, "active_mesh_percentile": 13.22, "active_mesh_zscore": -0.4372, "hotspot_class": "other_active", "mesh_500m_center_lat": 33.868750000000006, "mesh_500m_center_lon": 132.72812499999998}, "geometry": {"type": "Polygon", "coordinates": [[[132.725, 33.86666666666667], [132.73125, 33.86666666666667], [132.73125, 33.87083333333334], [132.725, 33.87083333333334], [132.725, 33.86666666666667]]]}}, {"type": "Feature", "properties": {"window_end_month": "2026-02", "window_start_month": "2025-03", "mesh_500m": "503265492", "new_restaurant_permits_12m": 1, "active_mesh_rank": 107, "active_mesh_percentile": 12.4, "active_mesh_zscore": -0.4372, "hotspot_class": "other_active", "mesh_500m_center_lat": 33.868750000000006, "mesh_500m_center_lon": 132.746875}, "geometry": {"type": "Polygon", "coordinates": [[[132.74375, 33.86666666666667], [132.75, 33.86666666666667], [132.75, 33.87083333333334], [132.74375, 33.87083333333334], [132.74375, 33.86666666666667]]]}}, {"type": "Feature", "properties": {"window_end_month": "2026-02", "window_start_month": "2025-03", "mesh_500m": "503265783", "new_restaurant_permits_12m": 1, "active_mesh_rank": 108, "active_mesh_percentile": 11.57, "active_mesh_zscore": -0.4372, "hotspot_class": "other_active", "mesh_500m_center_lat": 33.897916666666674, "mesh_500m_center_lon": 132.72812499999998}, "geometry": {"type": "Polygon", "coordinates": [[[132.725, 33.895833333333336], [132.73125, 33.895833333333336], [132.73125, 33.900000000000006], [132.725, 33.900000000000006], [132.725, 33.895833333333336]]]}}, {"type": "Feature", "properties": {"window_end_month": "2026-02", "window_start_month": "2025-03", "mesh_500m": "503265792", "new_restaurant_permits_12m": 1, "active_mesh_rank": 109, "active_mesh_percentile": 10.74, "active_mesh_zscore": -0.4372, "hotspot_class": "other_active", "mesh_500m_center_lat": 33.89375, "mesh_500m_center_lon": 132.746875}, "geometry": {"type": "Polygon", "coordinates": [[[132.74375, 33.891666666666666], [132.75, 33.891666666666666], [132.75, 33.895833333333336], [132.74375, 33.895833333333336], [132.74375, 33.891666666666666]]]}}, {"type": "Feature", "properties": {"window_end_month": "2026-02", "window_start_month": "2025-03", "mesh_500m": "503266001", "new_restaurant_permits_12m": 1, "active_mesh_rank": 110, "active_mesh_percentile": 9.92, "active_mesh_zscore": -0.4372, "hotspot_class": "other_active", "mesh_500m_center_lat": 33.835416666666674, "mesh_500m_center_lon": 132.753125}, "geometry": {"type": "Polygon", "coordinates": [[[132.75, 33.833333333333336], [132.75625, 33.833333333333336], [132.75625, 33.837500000000006], [132.75, 33.837500000000006], [132.75, 33.833333333333336]]]}}, {"type": "Feature", "properties": {"window_end_month": "2026-02", "window_start_month": "2025-03", "mesh_500m": "503266023", "new_restaurant_permits_12m": 1, "active_mesh_rank": 111, "active_mesh_percentile": 9.09, "active_mesh_zscore": -0.4372, "hotspot_class": "other_active", "mesh_500m_center_lat": 33.83958333333334, "mesh_500m_center_lon": 132.778125}, "geometry": {"type": "Polygon", "coordinates": [[[132.775, 33.837500000000006], [132.78125, 33.837500000000006], [132.78125, 33.841666666666676], [132.775, 33.841666666666676], [132.775, 33.837500000000006]]]}}, {"type": "Feature", "properties": {"window_end_month": "2026-02", "window_start_month": "2025-03", "mesh_500m": "503266133", "new_restaurant_permits_12m": 1, "active_mesh_rank": 112, "active_mesh_percentile": 8.26, "active_mesh_zscore": -0.4372, "hotspot_class": "other_active", "mesh_500m_center_lat": 33.84791666666668, "mesh_500m_center_lon": 132.79062499999998}, "geometry": {"type": "Polygon", "coordinates": [[[132.7875, 33.84583333333334], [132.79375, 33.84583333333334], [132.79375, 33.85000000000001], [132.7875, 33.85000000000001], [132.7875, 33.84583333333334]]]}}, {"type": "Feature", "properties": {"window_end_month": "2026-02", "window_start_month": "2025-03", "mesh_500m": "503266204", "new_restaurant_permits_12m": 1, "active_mesh_rank": 113, "active_mesh_percentile": 7.44, "active_mesh_zscore": -0.4372, "hotspot_class": "other_active", "mesh_500m_center_lat": 33.85625, "mesh_500m_center_lon": 132.75937499999998}, "geometry": {"type": "Polygon", "coordinates": [[[132.75625, 33.85416666666667], [132.7625, 33.85416666666667], [132.7625, 33.85833333333334], [132.75625, 33.85833333333334], [132.75625, 33.85416666666667]]]}}, {"type": "Feature", "properties": {"window_end_month": "2026-02", "window_start_month": "2025-03", "mesh_500m": "503266212", "new_restaurant_permits_12m": 1, "active_mesh_rank": 114, "active_mesh_percentile": 6.61, "active_mesh_zscore": -0.4372, "hotspot_class": "other_active", "mesh_500m_center_lat": 33.85208333333334, "mesh_500m_center_lon": 132.77187499999997}, "geometry": {"type": "Polygon", "coordinates": [[[132.76874999999998, 33.85], [132.77499999999998, 33.85], [132.77499999999998, 33.85416666666667], [132.76874999999998, 33.85416666666667], [132.76874999999998, 33.85]]]}}, {"type": "Feature", "properties": {"window_end_month": "2026-02", "window_start_month": "2025-03", "mesh_500m": "503266304", "new_restaurant_permits_12m": 1, "active_mesh_rank": 115, "active_mesh_percentile": 5.79, "active_mesh_zscore": -0.4372, "hotspot_class": "other_active", "mesh_500m_center_lat": 33.86458333333334, "mesh_500m_center_lon": 132.75937499999998}, "geometry": {"type": "Polygon", "coordinates": [[[132.75625, 33.862500000000004], [132.7625, 33.862500000000004], [132.7625, 33.866666666666674], [132.75625, 33.866666666666674], [132.75625, 33.862500000000004]]]}}, {"type": "Feature", "properties": {"window_end_month": "2026-02", "window_start_month": "2025-03", "mesh_500m": "503274482", "new_restaurant_permits_12m": 1, "active_mesh_rank": 116, "active_mesh_percentile": 4.96, "active_mesh_zscore": -0.4372, "hotspot_class": "other_active", "mesh_500m_center_lat": 33.952083333333334, "mesh_500m_center_lon": 132.609375}, "geometry": {"type": "Polygon", "coordinates": [[[132.60625, 33.95], [132.61249999999998, 33.95], [132.61249999999998, 33.95416666666667], [132.60625, 33.95416666666667], [132.60625, 33.95]]]}}, {"type": "Feature", "properties": {"window_end_month": "2026-02", "window_start_month": "2025-03", "mesh_500m": "503275403", "new_restaurant_permits_12m": 1, "active_mesh_rank": 117, "active_mesh_percentile": 4.13, "active_mesh_zscore": -0.4372, "hotspot_class": "other_active", "mesh_500m_center_lat": 33.95625000000001, "mesh_500m_center_lon": 132.628125}, "geometry": {"type": "Polygon", "coordinates": [[[132.625, 33.95416666666667], [132.63125, 33.95416666666667], [132.63125, 33.95833333333334], [132.625, 33.95833333333334], [132.625, 33.95416666666667]]]}}, {"type": "Feature", "properties": {"window_end_month": "2026-02", "window_start_month": "2025-03", "mesh_500m": "503275603", "new_restaurant_permits_12m": 1, "active_mesh_rank": 118, "active_mesh_percentile": 3.31, "active_mesh_zscore": -0.4372, "hotspot_class": "other_active", "mesh_500m_center_lat": 33.97291666666668, "mesh_500m_center_lon": 132.628125}, "geometry": {"type": "Polygon", "coordinates": [[[132.625, 33.97083333333334], [132.63125, 33.97083333333334], [132.63125, 33.97500000000001], [132.625, 33.97500000000001], [132.625, 33.97083333333334]]]}}, {"type": "Feature", "properties": {"window_end_month": "2026-02", "window_start_month": "2025-03", "mesh_500m": "503276512", "new_restaurant_permits_12m": 1, "active_mesh_rank": 119, "active_mesh_percentile": 2.48, "active_mesh_zscore": -0.4372, "hotspot_class": "other_active", "mesh_500m_center_lat": 33.960416666666674, "mesh_500m_center_lon": 132.77187499999997}, "geometry": {"type": "Polygon", "coordinates": [[[132.76874999999998, 33.958333333333336], [132.77499999999998, 33.958333333333336], [132.77499999999998, 33.962500000000006], [132.76874999999998, 33.962500000000006], [132.76874999999998, 33.958333333333336]]]}}, {"type": "Feature", "properties": {"window_end_month": "2026-02", "window_start_month": "2025-03", "mesh_500m": "503276522", "new_restaurant_permits_12m": 1, "active_mesh_rank": 120, "active_mesh_percentile": 1.65, "active_mesh_zscore": -0.4372, "hotspot_class": "other_active", "mesh_500m_center_lat": 33.960416666666674, "mesh_500m_center_lon": 132.784375}, "geometry": {"type": "Polygon", "coordinates": [[[132.78125, 33.958333333333336], [132.7875, 33.958333333333336], [132.7875, 33.962500000000006], [132.78125, 33.962500000000006], [132.78125, 33.958333333333336]]]}}, {"type": "Feature", "properties": {"window_end_month": "2026-02", "window_start_month": "2025-03", "mesh_500m": "503276712", "new_restaurant_permits_12m": 1, "active_mesh_rank": 121, "active_mesh_percentile": 0.83, "active_mesh_zscore": -0.4372, "hotspot_class": "other_active", "mesh_500m_center_lat": 33.97708333333334, "mesh_500m_center_lon": 132.77187499999997}, "geometry": {"type": "Polygon", "coordinates": [[[132.76874999999998, 33.975], [132.77499999999998, 33.975], [132.77499999999998, 33.97916666666667], [132.76874999999998, 33.97916666666667], [132.76874999999998, 33.975]]]}}, {"type": "Feature", "properties": {"window_end_month": "2026-03", "window_start_month": "2025-04", "mesh_500m": "503266222", "new_restaurant_permits_12m": 37, "active_mesh_rank": 1, "active_mesh_percentile": 100.0, "active_mesh_zscore": 9.6803, "hotspot_class": "top_5pct_active", "mesh_500m_center_lat": 33.85208333333334, "mesh_500m_center_lon": 132.784375}, "geometry": {"type": "Polygon", "coordinates": [[[132.78125, 33.85], [132.7875, 33.85], [132.7875, 33.85416666666667], [132.78125, 33.85416666666667], [132.78125, 33.85]]]}}, {"type": "Feature", "properties": {"window_end_month": "2026-03", "window_start_month": "2025-04", "mesh_500m": "503265373", "new_restaurant_permits_12m": 12, "active_mesh_rank": 2, "active_mesh_percentile": 99.2, "active_mesh_zscore": 2.655, "hotspot_class": "top_5pct_active", "mesh_500m_center_lat": 33.86458333333334, "mesh_500m_center_lon": 132.715625}, "geometry": {"type": "Polygon", "coordinates": [[[132.7125, 33.862500000000004], [132.71875, 33.862500000000004], [132.71875, 33.866666666666674], [132.7125, 33.866666666666674], [132.7125, 33.862500000000004]]]}}, {"type": "Feature", "properties": {"window_end_month": "2026-03", "window_start_month": "2025-04", "mesh_500m": "503256814", "new_restaurant_permits_12m": 9, "active_mesh_rank": 3, "active_mesh_percentile": 98.4, "active_mesh_zscore": 1.812, "hotspot_class": "top_5pct_active", "mesh_500m_center_lat": 33.82291666666667, "mesh_500m_center_lon": 132.77187499999997}, "geometry": {"type": "Polygon", "coordinates": [[[132.76874999999998, 33.82083333333334], [132.77499999999998, 33.82083333333334], [132.77499999999998, 33.82500000000001], [132.76874999999998, 33.82500000000001], [132.76874999999998, 33.82083333333334]]]}}, {"type": "Feature", "properties": {"window_end_month": "2026-03", "window_start_month": "2025-04", "mesh_500m": "503256823", "new_restaurant_permits_12m": 8, "active_mesh_rank": 4, "active_mesh_percentile": 97.6, "active_mesh_zscore": 1.531, "hotspot_class": "top_5pct_active", "mesh_500m_center_lat": 33.82291666666667, "mesh_500m_center_lon": 132.778125}, "geometry": {"type": "Polygon", "coordinates": [[[132.775, 33.82083333333334], [132.78125, 33.82083333333334], [132.78125, 33.82500000000001], [132.775, 33.82500000000001], [132.775, 33.82083333333334]]]}}, {"type": "Feature", "properties": {"window_end_month": "2026-03", "window_start_month": "2025-04", "mesh_500m": "503266101", "new_restaurant_permits_12m": 7, "active_mesh_rank": 5, "active_mesh_percentile": 96.8, "active_mesh_zscore": 1.2499, "hotspot_class": "top_5pct_active", "mesh_500m_center_lat": 33.84375, "mesh_500m_center_lon": 132.753125}, "geometry": {"type": "Polygon", "coordinates": [[[132.75, 33.84166666666667], [132.75625, 33.84166666666667], [132.75625, 33.84583333333334], [132.75, 33.84583333333334], [132.75, 33.84166666666667]]]}}, {"type": "Feature", "properties": {"window_end_month": "2026-03", "window_start_month": "2025-04", "mesh_500m": "503256711", "new_restaurant_permits_12m": 6, "active_mesh_rank": 6, "active_mesh_percentile": 96.0, "active_mesh_zscore": 0.9689, "hotspot_class": "top_5pct_active", "mesh_500m_center_lat": 33.81041666666667, "mesh_500m_center_lon": 132.765625}, "geometry": {"type": "Polygon", "coordinates": [[[132.7625, 33.80833333333333], [132.76874999999998, 33.80833333333333], [132.76874999999998, 33.8125], [132.7625, 33.8125], [132.7625, 33.80833333333333]]]}}, {"type": "Feature", "properties": {"window_end_month": "2026-03", "window_start_month": "2025-04", "mesh_500m": "503255793", "new_restaurant_permits_12m": 5, "active_mesh_rank": 7, "active_mesh_percentile": 95.2, "active_mesh_zscore": 0.6879, "hotspot_class": "top_5pct_active", "mesh_500m_center_lat": 33.81458333333333, "mesh_500m_center_lon": 132.74062500000002}, "geometry": {"type": "Polygon", "coordinates": [[[132.7375, 33.8125], [132.74375, 33.8125], [132.74375, 33.81666666666667], [132.7375, 33.81666666666667], [132.7375, 33.8125]]]}}, {"type": "Feature", "properties": {"window_end_month": "2026-03", "window_start_month": "2025-04", "mesh_500m": "503255971", "new_restaurant_permits_12m": 5, "active_mesh_rank": 8, "active_mesh_percentile": 94.4, "active_mesh_zscore": 0.6879, "hotspot_class": "top_20pct_active", "mesh_500m_center_lat": 33.827083333333334, "mesh_500m_center_lon": 132.715625}, "geometry": {"type": "Polygon", "coordinates": [[[132.7125, 33.825], [132.71875, 33.825], [132.71875, 33.82916666666667], [132.7125, 33.82916666666667], [132.7125, 33.825]]]}}, {"type": "Feature", "properties": {"window_end_month": "2026-03", "window_start_month": "2025-04", "mesh_500m": "503255992", "new_restaurant_permits_12m": 5, "active_mesh_rank": 9, "active_mesh_percentile": 93.6, "active_mesh_zscore": 0.6879, "hotspot_class": "top_20pct_active", "mesh_500m_center_lat": 33.827083333333334, "mesh_500m_center_lon": 132.746875}, "geometry": {"type": "Polygon", "coordinates": [[[132.74375, 33.825], [132.75, 33.825], [132.75, 33.82916666666667], [132.74375, 33.82916666666667], [132.74375, 33.825]]]}}, {"type": "Feature", "properties": {"window_end_month": "2026-03", "window_start_month": "2025-04", "mesh_500m": "503256702", "new_restaurant_permits_12m": 5, "active_mesh_rank": 10, "active_mesh_percentile": 92.8, "active_mesh_zscore": 0.6879, "hotspot_class": "top_20pct_active", "mesh_500m_center_lat": 33.81041666666667, "mesh_500m_center_lon": 132.75937499999998}, "geometry": {"type": "Polygon", "coordinates": [[[132.75625, 33.80833333333333], [132.7625, 33.80833333333333], [132.7625, 33.8125], [132.75625, 33.8125], [132.75625, 33.80833333333333]]]}}, {"type": "Feature", "properties": {"window_end_month": "2026-03", "window_start_month": "2025-04", "mesh_500m": "503256712", "new_restaurant_permits_12m": 5, "active_mesh_rank": 11, "active_mesh_percentile": 92.0, "active_mesh_zscore": 0.6879, "hotspot_class": "top_20pct_active", "mesh_500m_center_lat": 33.81041666666667, "mesh_500m_center_lon": 132.77187499999997}, "geometry": {"type": "Polygon", "coordinates": [[[132.76874999999998, 33.80833333333333], [132.77499999999998, 33.80833333333333], [132.77499999999998, 33.8125], [132.76874999999998, 33.8125], [132.76874999999998, 33.80833333333333]]]}}, {"type": "Feature", "properties": {"window_end_month": "2026-03", "window_start_month": "2025-04", "mesh_500m": "503256934", "new_restaurant_permits_12m": 5, "active_mesh_rank": 12, "active_mesh_percentile": 91.2, "active_mesh_zscore": 0.6879, "hotspot_class": "top_20pct_active", "mesh_500m_center_lat": 33.83125000000001, "mesh_500m_center_lon": 132.796875}, "geometry": {"type": "Polygon", "coordinates": [[[132.79375, 33.82916666666667], [132.79999999999998, 33.82916666666667], [132.79999999999998, 33.83333333333334], [132.79375, 33.83333333333334], [132.79375, 33.82916666666667]]]}}, {"type": "Feature", "properties": {"window_end_month": "2026-03", "window_start_month": "2025-04", "mesh_500m": "503256732", "new_restaurant_permits_12m": 4, "active_mesh_rank": 13, "active_mesh_percentile": 90.4, "active_mesh_zscore": 0.4069, "hotspot_class": "top_20pct_active", "mesh_500m_center_lat": 33.81041666666667, "mesh_500m_center_lon": 132.796875}, "geometry": {"type": "Polygon", "coordinates": [[[132.79375, 33.80833333333333], [132.79999999999998, 33.80833333333333], [132.79999999999998, 33.8125], [132.79375, 33.8125], [132.79375, 33.80833333333333]]]}}, {"type": "Feature", "properties": {"window_end_month": "2026-03", "window_start_month": "2025-04", "mesh_500m": "503256803", "new_restaurant_permits_12m": 4, "active_mesh_rank": 14, "active_mesh_percentile": 89.6, "active_mesh_zscore": 0.4069, "hotspot_class": "top_20pct_active", "mesh_500m_center_lat": 33.82291666666667, "mesh_500m_center_lon": 132.753125}, "geometry": {"type": "Polygon", "coordinates": [[[132.75, 33.82083333333334], [132.75625, 33.82083333333334], [132.75625, 33.82500000000001], [132.75, 33.82500000000001], [132.75, 33.82083333333334]]]}}, {"type": "Feature", "properties": {"window_end_month": "2026-03", "window_start_month": "2025-04", "mesh_500m": "503256902", "new_restaurant_permits_12m": 4, "active_mesh_rank": 15, "active_mesh_percentile": 88.8, "active_mesh_zscore": 0.4069, "hotspot_class": "top_20pct_active", "mesh_500m_center_lat": 33.827083333333334, "mesh_500m_center_lon": 132.75937499999998}, "geometry": {"type": "Polygon", "coordinates": [[[132.75625, 33.825], [132.7625, 33.825], [132.7625, 33.82916666666667], [132.75625, 33.82916666666667], [132.75625, 33.825]]]}}, {"type": "Feature", "properties": {"window_end_month": "2026-03", "window_start_month": "2025-04", "mesh_500m": "503256914", "new_restaurant_permits_12m": 4, "active_mesh_rank": 16, "active_mesh_percentile": 88.0, "active_mesh_zscore": 0.4069, "hotspot_class": "top_20pct_active", "mesh_500m_center_lat": 33.83125000000001, "mesh_500m_center_lon": 132.77187499999997}, "geometry": {"type": "Polygon", "coordinates": [[[132.76874999999998, 33.82916666666667], [132.77499999999998, 33.82916666666667], [132.77499999999998, 33.83333333333334], [132.76874999999998, 33.83333333333334], [132.76874999999998, 33.82916666666667]]]}}, {"type": "Feature", "properties": {"window_end_month": "2026-03", "window_start_month": "2025-04", "mesh_500m": "503265372", "new_restaurant_permits_12m": 4, "active_mesh_rank": 17, "active_mesh_percentile": 87.2, "active_mesh_zscore": 0.4069, "hotspot_class": "top_20pct_active", "mesh_500m_center_lat": 33.860416666666666, "mesh_500m_center_lon": 132.721875}, "geometry": {"type": "Polygon", "coordinates": [[[132.71875, 33.858333333333334], [132.725, 33.858333333333334], [132.725, 33.862500000000004], [132.71875, 33.862500000000004], [132.71875, 33.858333333333334]]]}}, {"type": "Feature", "properties": {"window_end_month": "2026-03", "window_start_month": "2025-04", "mesh_500m": "503266103", "new_restaurant_permits_12m": 4, "active_mesh_rank": 18, "active_mesh_percentile": 86.4, "active_mesh_zscore": 0.4069, "hotspot_class": "top_20pct_active", "mesh_500m_center_lat": 33.84791666666668, "mesh_500m_center_lon": 132.753125}, "geometry": {"type": "Polygon", "coordinates": [[[132.75, 33.84583333333334], [132.75625, 33.84583333333334], [132.75625, 33.85000000000001], [132.75, 33.85000000000001], [132.75, 33.84583333333334]]]}}, {"type": "Feature", "properties": {"window_end_month": "2026-03", "window_start_month": "2025-04", "mesh_500m": "503266203", "new_restaurant_permits_12m": 4, "active_mesh_rank": 19, "active_mesh_percentile": 85.6, "active_mesh_zscore": 0.4069, "hotspot_class": "top_20pct_active", "mesh_500m_center_lat": 33.85625, "mesh_500m_center_lon": 132.753125}, "geometry": {"type": "Polygon", "coordinates": [[[132.75, 33.85416666666667], [132.75625, 33.85416666666667], [132.75625, 33.85833333333334], [132.75, 33.85833333333334], [132.75, 33.85416666666667]]]}}, {"type": "Feature", "properties": {"window_end_month": "2026-03", "window_start_month": "2025-04", "mesh_500m": "503266231", "new_restaurant_permits_12m": 4, "active_mesh_rank": 20, "active_mesh_percentile": 84.8, "active_mesh_zscore": 0.4069, "hotspot_class": "top_20pct_active", "mesh_500m_center_lat": 33.85208333333334, "mesh_500m_center_lon": 132.79062499999998}, "geometry": {"type": "Polygon", "coordinates": [[[132.7875, 33.85], [132.79375, 33.85], [132.79375, 33.85416666666667], [132.7875, 33.85416666666667], [132.7875, 33.85]]]}}, {"type": "Feature", "properties": {"window_end_month": "2026-03", "window_start_month": "2025-04", "mesh_500m": "503266301", "new_restaurant_permits_12m": 4, "active_mesh_rank": 21, "active_mesh_percentile": 84.0, "active_mesh_zscore": 0.4069, "hotspot_class": "top_20pct_active", "mesh_500m_center_lat": 33.860416666666666, "mesh_500m_center_lon": 132.753125}, "geometry": {"type": "Polygon", "coordinates": [[[132.75, 33.858333333333334], [132.75625, 33.858333333333334], [132.75625, 33.862500000000004], [132.75, 33.862500000000004], [132.75, 33.858333333333334]]]}}, {"type": "Feature", "properties": {"window_end_month": "2026-03", "window_start_month": "2025-04", "mesh_500m": "503266303", "new_restaurant_permits_12m": 4, "active_mesh_rank": 22, "active_mesh_percentile": 83.2, "active_mesh_zscore": 0.4069, "hotspot_class": "top_20pct_active", "mesh_500m_center_lat": 33.86458333333334, "mesh_500m_center_lon": 132.753125}, "geometry": {"type": "Polygon", "coordinates": [[[132.75, 33.862500000000004], [132.75625, 33.862500000000004], [132.75625, 33.866666666666674], [132.75, 33.866666666666674], [132.75, 33.862500000000004]]]}}, {"type": "Feature", "properties": {"window_end_month": "2026-03", "window_start_month": "2025-04", "mesh_500m": "503255782", "new_restaurant_permits_12m": 3, "active_mesh_rank": 23, "active_mesh_percentile": 82.4, "active_mesh_zscore": 0.1259, "hotspot_class": "top_20pct_active", "mesh_500m_center_lat": 33.81041666666667, "mesh_500m_center_lon": 132.734375}, "geometry": {"type": "Polygon", "coordinates": [[[132.73125, 33.80833333333333], [132.73749999999998, 33.80833333333333], [132.73749999999998, 33.8125], [132.73125, 33.8125], [132.73125, 33.80833333333333]]]}}, {"type": "Feature", "properties": {"window_end_month": "2026-03", "window_start_month": "2025-04", "mesh_500m": "503255981", "new_restaurant_permits_12m": 3, "active_mesh_rank": 24, "active_mesh_percentile": 81.6, "active_mesh_zscore": 0.1259, "hotspot_class": "top_20pct_active", "mesh_500m_center_lat": 33.827083333333334, "mesh_500m_center_lon": 132.72812499999998}, "geometry": {"type": "Polygon", "coordinates": [[[132.725, 33.825], [132.73125, 33.825], [132.73125, 33.82916666666667], [132.725, 33.82916666666667], [132.725, 33.825]]]}}, {"type": "Feature", "properties": {"window_end_month": "2026-03", "window_start_month": "2025-04", "mesh_500m": "503255983", "new_restaurant_permits_12m": 3, "active_mesh_rank": 25, "active_mesh_percentile": 80.8, "active_mesh_zscore": 0.1259, "hotspot_class": "top_20pct_active", "mesh_500m_center_lat": 33.83125000000001, "mesh_500m_center_lon": 132.72812499999998}, "geometry": {"type": "Polygon", "coordinates": [[[132.725, 33.82916666666667], [132.73125, 33.82916666666667], [132.73125, 33.83333333333334], [132.725, 33.83333333333334], [132.725, 33.82916666666667]]]}}, {"type": "Feature", "properties": {"window_end_month": "2026-03", "window_start_month": "2025-04", "mesh_500m": "503256721", "new_restaurant_permits_12m": 3, "active_mesh_rank": 26, "active_mesh_percentile": 80.0, "active_mesh_zscore": 0.1259, "hotspot_class": "top_20pct_active", "mesh_500m_center_lat": 33.81041666666667, "mesh_500m_center_lon": 132.778125}, "geometry": {"type": "Polygon", "coordinates": [[[132.775, 33.80833333333333], [132.78125, 33.80833333333333], [132.78125, 33.8125], [132.775, 33.8125], [132.775, 33.80833333333333]]]}}, {"type": "Feature", "properties": {"window_end_month": "2026-03", "window_start_month": "2025-04", "mesh_500m": "503256731", "new_restaurant_permits_12m": 3, "active_mesh_rank": 27, "active_mesh_percentile": 79.2, "active_mesh_zscore": 0.1259, "hotspot_class": "other_active", "mesh_500m_center_lat": 33.81041666666667, "mesh_500m_center_lon": 132.79062499999998}, "geometry": {"type": "Polygon", "coordinates": [[[132.7875, 33.80833333333333], [132.79375, 33.80833333333333], [132.79375, 33.8125], [132.7875, 33.8125], [132.7875, 33.80833333333333]]]}}, {"type": "Feature", "properties": {"window_end_month": "2026-03", "window_start_month": "2025-04", "mesh_500m": "503256741", "new_restaurant_permits_12m": 3, "active_mesh_rank": 28, "active_mesh_percentile": 78.4, "active_mesh_zscore": 0.1259, "hotspot_class": "other_active", "mesh_500m_center_lat": 33.81041666666667, "mesh_500m_center_lon": 132.80312500000002}, "geometry": {"type": "Polygon", "coordinates": [[[132.8, 33.80833333333333], [132.80625, 33.80833333333333], [132.80625, 33.8125], [132.8, 33.8125], [132.8, 33.80833333333333]]]}}, {"type": "Feature", "properties": {"window_end_month": "2026-03", "window_start_month": "2025-04", "mesh_500m": "503256801", "new_restaurant_permits_12m": 3, "active_mesh_rank": 29, "active_mesh_percentile": 77.6, "active_mesh_zscore": 0.1259, "hotspot_class": "other_active", "mesh_500m_center_lat": 33.81875000000001, "mesh_500m_center_lon": 132.753125}, "geometry": {"type": "Polygon", "coordinates": [[[132.75, 33.81666666666667], [132.75625, 33.81666666666667], [132.75625, 33.82083333333334], [132.75, 33.82083333333334], [132.75, 33.81666666666667]]]}}, {"type": "Feature", "properties": {"window_end_month": "2026-03", "window_start_month": "2025-04", "mesh_500m": "503256811", "new_restaurant_permits_12m": 3, "active_mesh_rank": 30, "active_mesh_percentile": 76.8, "active_mesh_zscore": 0.1259, "hotspot_class": "other_active", "mesh_500m_center_lat": 33.81875000000001, "mesh_500m_center_lon": 132.765625}, "geometry": {"type": "Polygon", "coordinates": [[[132.7625, 33.81666666666667], [132.76874999999998, 33.81666666666667], [132.76874999999998, 33.82083333333334], [132.7625, 33.82083333333334], [132.7625, 33.81666666666667]]]}}, {"type": "Feature", "properties": {"window_end_month": "2026-03", "window_start_month": "2025-04", "mesh_500m": "503256821", "new_restaurant_permits_12m": 3, "active_mesh_rank": 31, "active_mesh_percentile": 76.0, "active_mesh_zscore": 0.1259, "hotspot_class": "other_active", "mesh_500m_center_lat": 33.81875000000001, "mesh_500m_center_lon": 132.778125}, "geometry": {"type": "Polygon", "coordinates": [[[132.775, 33.81666666666667], [132.78125, 33.81666666666667], [132.78125, 33.82083333333334], [132.775, 33.82083333333334], [132.775, 33.81666666666667]]]}}, {"type": "Feature", "properties": {"window_end_month": "2026-03", "window_start_month": "2025-04", "mesh_500m": "503256912", "new_restaurant_permits_12m": 3, "active_mesh_rank": 32, "active_mesh_percentile": 75.2, "active_mesh_zscore": 0.1259, "hotspot_class": "other_active", "mesh_500m_center_lat": 33.827083333333334, "mesh_500m_center_lon": 132.77187499999997}, "geometry": {"type": "Polygon", "coordinates": [[[132.76874999999998, 33.825], [132.77499999999998, 33.825], [132.77499999999998, 33.82916666666667], [132.76874999999998, 33.82916666666667], [132.76874999999998, 33.825]]]}}, {"type": "Feature", "properties": {"window_end_month": "2026-03", "window_start_month": "2025-04", "mesh_500m": "503256923", "new_restaurant_permits_12m": 3, "active_mesh_rank": 33, "active_mesh_percentile": 74.4, "active_mesh_zscore": 0.1259, "hotspot_class": "other_active", "mesh_500m_center_lat": 33.83125000000001, "mesh_500m_center_lon": 132.778125}, "geometry": {"type": "Polygon", "coordinates": [[[132.775, 33.82916666666667], [132.78125, 33.82916666666667], [132.78125, 33.83333333333334], [132.775, 33.83333333333334], [132.775, 33.82916666666667]]]}}, {"type": "Feature", "properties": {"window_end_month": "2026-03", "window_start_month": "2025-04", "mesh_500m": "503256931", "new_restaurant_permits_12m": 3, "active_mesh_rank": 34, "active_mesh_percentile": 73.6, "active_mesh_zscore": 0.1259, "hotspot_class": "other_active", "mesh_500m_center_lat": 33.827083333333334, "mesh_500m_center_lon": 132.79062499999998}, "geometry": {"type": "Polygon", "coordinates": [[[132.7875, 33.825], [132.79375, 33.825], [132.79375, 33.82916666666667], [132.7875, 33.82916666666667], [132.7875, 33.825]]]}}, {"type": "Feature", "properties": {"window_end_month": "2026-03", "window_start_month": "2025-04", "mesh_500m": "503256933", "new_restaurant_permits_12m": 3, "active_mesh_rank": 35, "active_mesh_percentile": 72.8, "active_mesh_zscore": 0.1259, "hotspot_class": "other_active", "mesh_500m_center_lat": 33.83125000000001, "mesh_500m_center_lon": 132.79062499999998}, "geometry": {"type": "Polygon", "coordinates": [[[132.7875, 33.82916666666667], [132.79375, 33.82916666666667], [132.79375, 33.83333333333334], [132.7875, 33.83333333333334], [132.7875, 33.82916666666667]]]}}, {"type": "Feature", "properties": {"window_end_month": "2026-03", "window_start_month": "2025-04", "mesh_500m": "503265274", "new_restaurant_permits_12m": 3, "active_mesh_rank": 36, "active_mesh_percentile": 72.0, "active_mesh_zscore": 0.1259, "hotspot_class": "other_active", "mesh_500m_center_lat": 33.85625, "mesh_500m_center_lon": 132.721875}, "geometry": {"type": "Polygon", "coordinates": [[[132.71875, 33.85416666666667], [132.725, 33.85416666666667], [132.725, 33.85833333333334], [132.71875, 33.85833333333334], [132.71875, 33.85416666666667]]]}}, {"type": "Feature", "properties": {"window_end_month": "2026-03", "window_start_month": "2025-04", "mesh_500m": "503265283", "new_restaurant_permits_12m": 3, "active_mesh_rank": 37, "active_mesh_percentile": 71.2, "active_mesh_zscore": 0.1259, "hotspot_class": "other_active", "mesh_500m_center_lat": 33.85625, "mesh_500m_center_lon": 132.72812499999998}, "geometry": {"type": "Polygon", "coordinates": [[[132.725, 33.85416666666667], [132.73125, 33.85416666666667], [132.73125, 33.85833333333334], [132.725, 33.85833333333334], [132.725, 33.85416666666667]]]}}, {"type": "Feature", "properties": {"window_end_month": "2026-03", "window_start_month": "2025-04", "mesh_500m": "503265381", "new_restaurant_permits_12m": 3, "active_mesh_rank": 38, "active_mesh_percentile": 70.4, "active_mesh_zscore": 0.1259, "hotspot_class": "other_active", "mesh_500m_center_lat": 33.860416666666666, "mesh_500m_center_lon": 132.72812499999998}, "geometry": {"type": "Polygon", "coordinates": [[[132.725, 33.858333333333334], [132.73125, 33.858333333333334], [132.73125, 33.862500000000004], [132.725, 33.862500000000004], [132.725, 33.858333333333334]]]}}, {"type": "Feature", "properties": {"window_end_month": "2026-03", "window_start_month": "2025-04", "mesh_500m": "503266022", "new_restaurant_permits_12m": 3, "active_mesh_rank": 39, "active_mesh_percentile": 69.6, "active_mesh_zscore": 0.1259, "hotspot_class": "other_active", "mesh_500m_center_lat": 33.835416666666674, "mesh_500m_center_lon": 132.784375}, "geometry": {"type": "Polygon", "coordinates": [[[132.78125, 33.833333333333336], [132.7875, 33.833333333333336], [132.7875, 33.837500000000006], [132.78125, 33.837500000000006], [132.78125, 33.833333333333336]]]}}, {"type": "Feature", "properties": {"window_end_month": "2026-03", "window_start_month": "2025-04", "mesh_500m": "503266024", "new_restaurant_permits_12m": 3, "active_mesh_rank": 40, "active_mesh_percentile": 68.8, "active_mesh_zscore": 0.1259, "hotspot_class": "other_active", "mesh_500m_center_lat": 33.83958333333334, "mesh_500m_center_lon": 132.784375}, "geometry": {"type": "Polygon", "coordinates": [[[132.78125, 33.837500000000006], [132.7875, 33.837500000000006], [132.7875, 33.841666666666676], [132.78125, 33.841666666666676], [132.78125, 33.837500000000006]]]}}, {"type": "Feature", "properties": {"window_end_month": "2026-03", "window_start_month": "2025-04", "mesh_500m": "503266124", "new_restaurant_permits_12m": 3, "active_mesh_rank": 41, "active_mesh_percentile": 68.0, "active_mesh_zscore": 0.1259, "hotspot_class": "other_active", "mesh_500m_center_lat": 33.84791666666668, "mesh_500m_center_lon": 132.784375}, "geometry": {"type": "Polygon", "coordinates": [[[132.78125, 33.84583333333334], [132.7875, 33.84583333333334], [132.7875, 33.85000000000001], [132.78125, 33.85000000000001], [132.78125, 33.84583333333334]]]}}, {"type": "Feature", "properties": {"window_end_month": "2026-03", "window_start_month": "2025-04", "mesh_500m": "503266132", "new_restaurant_permits_12m": 3, "active_mesh_rank": 42, "active_mesh_percentile": 67.2, "active_mesh_zscore": 0.1259, "hotspot_class": "other_active", "mesh_500m_center_lat": 33.84375, "mesh_500m_center_lon": 132.796875}, "geometry": {"type": "Polygon", "coordinates": [[[132.79375, 33.84166666666667], [132.79999999999998, 33.84166666666667], [132.79999999999998, 33.84583333333334], [132.79375, 33.84583333333334], [132.79375, 33.84166666666667]]]}}, {"type": "Feature", "properties": {"window_end_month": "2026-03", "window_start_month": "2025-04", "mesh_500m": "503255794", "new_restaurant_permits_12m": 2, "active_mesh_rank": 43, "active_mesh_percentile": 66.4, "active_mesh_zscore": -0.1551, "hotspot_class": "other_active", "mesh_500m_center_lat": 33.81458333333333, "mesh_500m_center_lon": 132.746875}, "geometry": {"type": "Polygon", "coordinates": [[[132.74375, 33.8125], [132.75, 33.8125], [132.75, 33.81666666666667], [132.74375, 33.81666666666667], [132.74375, 33.8125]]]}}, {"type": "Feature", "properties": {"window_end_month": "2026-03", "window_start_month": "2025-04", "mesh_500m": "503255854", "new_restaurant_permits_12m": 2, "active_mesh_rank": 44, "active_mesh_percentile": 65.6, "active_mesh_zscore": -0.1551, "hotspot_class": "other_active", "mesh_500m_center_lat": 33.82291666666667, "mesh_500m_center_lon": 132.69687499999998}, "geometry": {"type": "Polygon", "coordinates": [[[132.69375, 33.82083333333334], [132.7, 33.82083333333334], [132.7, 33.82500000000001], [132.69375, 33.82500000000001], [132.69375, 33.82083333333334]]]}}, {"type": "Feature", "properties": {"window_end_month": "2026-03", "window_start_month": "2025-04", "mesh_500m": "503255974", "new_restaurant_permits_12m": 2, "active_mesh_rank": 45, "active_mesh_percentile": 64.8, "active_mesh_zscore": -0.1551, "hotspot_class": "other_active", "mesh_500m_center_lat": 33.83125000000001, "mesh_500m_center_lon": 132.721875}, "geometry": {"type": "Polygon", "coordinates": [[[132.71875, 33.82916666666667], [132.725, 33.82916666666667], [132.725, 33.83333333333334], [132.71875, 33.83333333333334], [132.71875, 33.82916666666667]]]}}, {"type": "Feature", "properties": {"window_end_month": "2026-03", "window_start_month": "2025-04", "mesh_500m": "503255991", "new_restaurant_permits_12m": 2, "active_mesh_rank": 46, "active_mesh_percentile": 64.0, "active_mesh_zscore": -0.1551, "hotspot_class": "other_active", "mesh_500m_center_lat": 33.827083333333334, "mesh_500m_center_lon": 132.74062500000002}, "geometry": {"type": "Polygon", "coordinates": [[[132.7375, 33.825], [132.74375, 33.825], [132.74375, 33.82916666666667], [132.7375, 33.82916666666667], [132.7375, 33.825]]]}}, {"type": "Feature", "properties": {"window_end_month": "2026-03", "window_start_month": "2025-04", "mesh_500m": "503256634", "new_restaurant_permits_12m": 2, "active_mesh_rank": 47, "active_mesh_percentile": 63.2, "active_mesh_zscore": -0.1551, "hotspot_class": "other_active", "mesh_500m_center_lat": 33.806250000000006, "mesh_500m_center_lon": 132.796875}, "geometry": {"type": "Polygon", "coordinates": [[[132.79375, 33.80416666666667], [132.79999999999998, 33.80416666666667], [132.79999999999998, 33.80833333333334], [132.79375, 33.80833333333334], [132.79375, 33.80416666666667]]]}}, {"type": "Feature", "properties": {"window_end_month": "2026-03", "window_start_month": "2025-04", "mesh_500m": "503256753", "new_restaurant_permits_12m": 2, "active_mesh_rank": 48, "active_mesh_percentile": 62.4, "active_mesh_zscore": -0.1551, "hotspot_class": "other_active", "mesh_500m_center_lat": 33.81458333333333, "mesh_500m_center_lon": 132.815625}, "geometry": {"type": "Polygon", "coordinates": [[[132.8125, 33.8125], [132.81875, 33.8125], [132.81875, 33.81666666666667], [132.8125, 33.81666666666667], [132.8125, 33.8125]]]}}, {"type": "Feature", "properties": {"window_end_month": "2026-03", "window_start_month": "2025-04", "mesh_500m": "503256802", "new_restaurant_permits_12m": 2, "active_mesh_rank": 49, "active_mesh_percentile": 61.6, "active_mesh_zscore": -0.1551, "hotspot_class": "other_active", "mesh_500m_center_lat": 33.81875000000001, "mesh_500m_center_lon": 132.75937499999998}, "geometry": {"type": "Polygon", "coordinates": [[[132.75625, 33.81666666666667], [132.7625, 33.81666666666667], [132.7625, 33.82083333333334], [132.75625, 33.82083333333334], [132.75625, 33.81666666666667]]]}}, {"type": "Feature", "properties": {"window_end_month": "2026-03", "window_start_month": "2025-04", "mesh_500m": "503256804", "new_restaurant_permits_12m": 2, "active_mesh_rank": 50, "active_mesh_percentile": 60.8, "active_mesh_zscore": -0.1551, "hotspot_class": "other_active", "mesh_500m_center_lat": 33.82291666666667, "mesh_500m_center_lon": 132.75937499999998}, "geometry": {"type": "Polygon", "coordinates": [[[132.75625, 33.82083333333334], [132.7625, 33.82083333333334], [132.7625, 33.82500000000001], [132.75625, 33.82500000000001], [132.75625, 33.82083333333334]]]}}, {"type": "Feature", "properties": {"window_end_month": "2026-03", "window_start_month": "2025-04", "mesh_500m": "503256924", "new_restaurant_permits_12m": 2, "active_mesh_rank": 51, "active_mesh_percentile": 60.0, "active_mesh_zscore": -0.1551, "hotspot_class": "other_active", "mesh_500m_center_lat": 33.83125000000001, "mesh_500m_center_lon": 132.784375}, "geometry": {"type": "Polygon", "coordinates": [[[132.78125, 33.82916666666667], [132.7875, 33.82916666666667], [132.7875, 33.83333333333334], [132.78125, 33.83333333333334], [132.78125, 33.82916666666667]]]}}, {"type": "Feature", "properties": {"window_end_month": "2026-03", "window_start_month": "2025-04", "mesh_500m": "503265092", "new_restaurant_permits_12m": 2, "active_mesh_rank": 52, "active_mesh_percentile": 59.2, "active_mesh_zscore": -0.1551, "hotspot_class": "other_active", "mesh_500m_center_lat": 33.835416666666674, "mesh_500m_center_lon": 132.746875}, "geometry": {"type": "Polygon", "coordinates": [[[132.74375, 33.833333333333336], [132.75, 33.833333333333336], [132.75, 33.837500000000006], [132.74375, 33.837500000000006], [132.74375, 33.833333333333336]]]}}, {"type": "Feature", "properties": {"window_end_month": "2026-03", "window_start_month": "2025-04", "mesh_500m": "503265273", "new_restaurant_permits_12m": 2, "active_mesh_rank": 53, "active_mesh_percentile": 58.4, "active_mesh_zscore": -0.1551, "hotspot_class": "other_active", "mesh_500m_center_lat": 33.85625, "mesh_500m_center_lon": 132.715625}, "geometry": {"type": "Polygon", "coordinates": [[[132.7125, 33.85416666666667], [132.71875, 33.85416666666667], [132.71875, 33.85833333333334], [132.7125, 33.85833333333334], [132.7125, 33.85416666666667]]]}}, {"type": "Feature", "properties": {"window_end_month": "2026-03", "window_start_month": "2025-04", "mesh_500m": "503265292", "new_restaurant_permits_12m": 2, "active_mesh_rank": 54, "active_mesh_percentile": 57.6, "active_mesh_zscore": -0.1551, "hotspot_class": "other_active", "mesh_500m_center_lat": 33.85208333333334, "mesh_500m_center_lon": 132.746875}, "geometry": {"type": "Polygon", "coordinates": [[[132.74375, 33.85], [132.75, 33.85], [132.75, 33.85416666666667], [132.74375, 33.85416666666667], [132.74375, 33.85]]]}}, {"type": "Feature", "properties": {"window_end_month": "2026-03", "window_start_month": "2025-04", "mesh_500m": "503265371", "new_restaurant_permits_12m": 2, "active_mesh_rank": 55, "active_mesh_percentile": 56.8, "active_mesh_zscore": -0.1551, "hotspot_class": "other_active", "mesh_500m_center_lat": 33.860416666666666, "mesh_500m_center_lon": 132.715625}, "geometry": {"type": "Polygon", "coordinates": [[[132.7125, 33.858333333333334], [132.71875, 33.858333333333334], [132.71875, 33.862500000000004], [132.7125, 33.862500000000004], [132.7125, 33.858333333333334]]]}}, {"type": "Feature", "properties": {"window_end_month": "2026-03", "window_start_month": "2025-04", "mesh_500m": "503265882", "new_restaurant_permits_12m": 2, "active_mesh_rank": 56, "active_mesh_percentile": 56.0, "active_mesh_zscore": -0.1551, "hotspot_class": "other_active", "mesh_500m_center_lat": 33.90208333333334, "mesh_500m_center_lon": 132.734375}, "geometry": {"type": "Polygon", "coordinates": [[[132.73125, 33.900000000000006], [132.73749999999998, 33.900000000000006], [132.73749999999998, 33.904166666666676], [132.73125, 33.904166666666676], [132.73125, 33.900000000000006]]]}}, {"type": "Feature", "properties": {"window_end_month": "2026-03", "window_start_month": "2025-04", "mesh_500m": "503266021", "new_restaurant_permits_12m": 2, "active_mesh_rank": 57, "active_mesh_percentile": 55.2, "active_mesh_zscore": -0.1551, "hotspot_class": "other_active", "mesh_500m_center_lat": 33.835416666666674, "mesh_500m_center_lon": 132.778125}, "geometry": {"type": "Polygon", "coordinates": [[[132.775, 33.833333333333336], [132.78125, 33.833333333333336], [132.78125, 33.837500000000006], [132.775, 33.837500000000006], [132.775, 33.833333333333336]]]}}, {"type": "Feature", "properties": {"window_end_month": "2026-03", "window_start_month": "2025-04", "mesh_500m": "503266031", "new_restaurant_permits_12m": 2, "active_mesh_rank": 58, "active_mesh_percentile": 54.4, "active_mesh_zscore": -0.1551, "hotspot_class": "other_active", "mesh_500m_center_lat": 33.835416666666674, "mesh_500m_center_lon": 132.79062499999998}, "geometry": {"type": "Polygon", "coordinates": [[[132.7875, 33.833333333333336], [132.79375, 33.833333333333336], [132.79375, 33.837500000000006], [132.7875, 33.837500000000006], [132.7875, 33.833333333333336]]]}}, {"type": "Feature", "properties": {"window_end_month": "2026-03", "window_start_month": "2025-04", "mesh_500m": "503266033", "new_restaurant_permits_12m": 2, "active_mesh_rank": 59, "active_mesh_percentile": 53.6, "active_mesh_zscore": -0.1551, "hotspot_class": "other_active", "mesh_500m_center_lat": 33.83958333333334, "mesh_500m_center_lon": 132.79062499999998}, "geometry": {"type": "Polygon", "coordinates": [[[132.7875, 33.837500000000006], [132.79375, 33.837500000000006], [132.79375, 33.841666666666676], [132.7875, 33.841666666666676], [132.7875, 33.837500000000006]]]}}, {"type": "Feature", "properties": {"window_end_month": "2026-03", "window_start_month": "2025-04", "mesh_500m": "503266212", "new_restaurant_permits_12m": 2, "active_mesh_rank": 60, "active_mesh_percentile": 52.8, "active_mesh_zscore": -0.1551, "hotspot_class": "other_active", "mesh_500m_center_lat": 33.85208333333334, "mesh_500m_center_lon": 132.77187499999997}, "geometry": {"type": "Polygon", "coordinates": [[[132.76874999999998, 33.85], [132.77499999999998, 33.85], [132.77499999999998, 33.85416666666667], [132.76874999999998, 33.85416666666667], [132.76874999999998, 33.85]]]}}, {"type": "Feature", "properties": {"window_end_month": "2026-03", "window_start_month": "2025-04", "mesh_500m": "503266221", "new_restaurant_permits_12m": 2, "active_mesh_rank": 61, "active_mesh_percentile": 52.0, "active_mesh_zscore": -0.1551, "hotspot_class": "other_active", "mesh_500m_center_lat": 33.85208333333334, "mesh_500m_center_lon": 132.778125}, "geometry": {"type": "Polygon", "coordinates": [[[132.775, 33.85], [132.78125, 33.85], [132.78125, 33.85416666666667], [132.775, 33.85416666666667], [132.775, 33.85]]]}}, {"type": "Feature", "properties": {"window_end_month": "2026-03", "window_start_month": "2025-04", "mesh_500m": "503266223", "new_restaurant_permits_12m": 2, "active_mesh_rank": 62, "active_mesh_percentile": 51.2, "active_mesh_zscore": -0.1551, "hotspot_class": "other_active", "mesh_500m_center_lat": 33.85625, "mesh_500m_center_lon": 132.778125}, "geometry": {"type": "Polygon", "coordinates": [[[132.775, 33.85416666666667], [132.78125, 33.85416666666667], [132.78125, 33.85833333333334], [132.775, 33.85833333333334], [132.775, 33.85416666666667]]]}}, {"type": "Feature", "properties": {"window_end_month": "2026-03", "window_start_month": "2025-04", "mesh_500m": "503266302", "new_restaurant_permits_12m": 2, "active_mesh_rank": 63, "active_mesh_percentile": 50.4, "active_mesh_zscore": -0.1551, "hotspot_class": "other_active", "mesh_500m_center_lat": 33.860416666666666, "mesh_500m_center_lon": 132.75937499999998}, "geometry": {"type": "Polygon", "coordinates": [[[132.75625, 33.858333333333334], [132.7625, 33.858333333333334], [132.7625, 33.862500000000004], [132.75625, 33.862500000000004], [132.75625, 33.858333333333334]]]}}, {"type": "Feature", "properties": {"window_end_month": "2026-03", "window_start_month": "2025-04", "mesh_500m": "503266403", "new_restaurant_permits_12m": 2, "active_mesh_rank": 64, "active_mesh_percentile": 49.6, "active_mesh_zscore": -0.1551, "hotspot_class": "other_active", "mesh_500m_center_lat": 33.87291666666667, "mesh_500m_center_lon": 132.753125}, "geometry": {"type": "Polygon", "coordinates": [[[132.75, 33.87083333333334], [132.75625, 33.87083333333334], [132.75625, 33.87500000000001], [132.75, 33.87500000000001], [132.75, 33.87083333333334]]]}}, {"type": "Feature", "properties": {"window_end_month": "2026-03", "window_start_month": "2025-04", "mesh_500m": "503276314", "new_restaurant_permits_12m": 2, "active_mesh_rank": 65, "active_mesh_percentile": 48.8, "active_mesh_zscore": -0.1551, "hotspot_class": "other_active", "mesh_500m_center_lat": 33.94791666666667, "mesh_500m_center_lon": 132.77187499999997}, "geometry": {"type": "Polygon", "coordinates": [[[132.76874999999998, 33.94583333333334], [132.77499999999998, 33.94583333333334], [132.77499999999998, 33.95000000000001], [132.76874999999998, 33.95000000000001], [132.76874999999998, 33.94583333333334]]]}}, {"type": "Feature", "properties": {"window_end_month": "2026-03", "window_start_month": "2025-04", "mesh_500m": "503276421", "new_restaurant_permits_12m": 2, "active_mesh_rank": 66, "active_mesh_percentile": 48.0, "active_mesh_zscore": -0.1551, "hotspot_class": "other_active", "mesh_500m_center_lat": 33.952083333333334, "mesh_500m_center_lon": 132.778125}, "geometry": {"type": "Polygon", "coordinates": [[[132.775, 33.95], [132.78125, 33.95], [132.78125, 33.95416666666667], [132.775, 33.95416666666667], [132.775, 33.95]]]}}, {"type": "Feature", "properties": {"window_end_month": "2026-03", "window_start_month": "2025-04", "mesh_500m": "503276512", "new_restaurant_permits_12m": 2, "active_mesh_rank": 67, "active_mesh_percentile": 47.2, "active_mesh_zscore": -0.1551, "hotspot_class": "other_active", "mesh_500m_center_lat": 33.960416666666674, "mesh_500m_center_lon": 132.77187499999997}, "geometry": {"type": "Polygon", "coordinates": [[[132.76874999999998, 33.958333333333336], [132.77499999999998, 33.958333333333336], [132.77499999999998, 33.962500000000006], [132.76874999999998, 33.962500000000006], [132.76874999999998, 33.958333333333336]]]}}, {"type": "Feature", "properties": {"window_end_month": "2026-03", "window_start_month": "2025-04", "mesh_500m": "503276521", "new_restaurant_permits_12m": 2, "active_mesh_rank": 68, "active_mesh_percentile": 46.4, "active_mesh_zscore": -0.1551, "hotspot_class": "other_active", "mesh_500m_center_lat": 33.960416666666674, "mesh_500m_center_lon": 132.778125}, "geometry": {"type": "Polygon", "coordinates": [[[132.775, 33.958333333333336], [132.78125, 33.958333333333336], [132.78125, 33.962500000000006], [132.775, 33.962500000000006], [132.775, 33.958333333333336]]]}}, {"type": "Feature", "properties": {"window_end_month": "2026-03", "window_start_month": "2025-04", "mesh_500m": "503276712", "new_restaurant_permits_12m": 2, "active_mesh_rank": 69, "active_mesh_percentile": 45.6, "active_mesh_zscore": -0.1551, "hotspot_class": "other_active", "mesh_500m_center_lat": 33.97708333333334, "mesh_500m_center_lon": 132.77187499999997}, "geometry": {"type": "Polygon", "coordinates": [[[132.76874999999998, 33.975], [132.77499999999998, 33.975], [132.77499999999998, 33.97916666666667], [132.76874999999998, 33.97916666666667], [132.76874999999998, 33.975]]]}}, {"type": "Feature", "properties": {"window_end_month": "2026-03", "window_start_month": "2025-04", "mesh_500m": "503255683", "new_restaurant_permits_12m": 1, "active_mesh_rank": 70, "active_mesh_percentile": 44.8, "active_mesh_zscore": -0.4361, "hotspot_class": "other_active", "mesh_500m_center_lat": 33.806250000000006, "mesh_500m_center_lon": 132.72812499999998}, "geometry": {"type": "Polygon", "coordinates": [[[132.725, 33.80416666666667], [132.73125, 33.80416666666667], [132.73125, 33.80833333333334], [132.725, 33.80833333333334], [132.725, 33.80416666666667]]]}}, {"type": "Feature", "properties": {"window_end_month": "2026-03", "window_start_month": "2025-04", "mesh_500m": "503255783", "new_restaurant_permits_12m": 1, "active_mesh_rank": 71, "active_mesh_percentile": 44.0, "active_mesh_zscore": -0.4361, "hotspot_class": "other_active", "mesh_500m_center_lat": 33.81458333333333, "mesh_500m_center_lon": 132.72812499999998}, "geometry": {"type": "Polygon", "coordinates": [[[132.725, 33.8125], [132.73125, 33.8125], [132.73125, 33.81666666666667], [132.725, 33.81666666666667], [132.725, 33.8125]]]}}, {"type": "Feature", "properties": {"window_end_month": "2026-03", "window_start_month": "2025-04", "mesh_500m": "503255792", "new_restaurant_permits_12m": 1, "active_mesh_rank": 72, "active_mesh_percentile": 43.2, "active_mesh_zscore": -0.4361, "hotspot_class": "other_active", "mesh_500m_center_lat": 33.81041666666667, "mesh_500m_center_lon": 132.746875}, "geometry": {"type": "Polygon", "coordinates": [[[132.74375, 33.80833333333333], [132.75, 33.80833333333333], [132.75, 33.8125], [132.74375, 33.8125], [132.74375, 33.80833333333333]]]}}, {"type": "Feature", "properties": {"window_end_month": "2026-03", "window_start_month": "2025-04", "mesh_500m": "503255873", "new_restaurant_permits_12m": 1, "active_mesh_rank": 73, "active_mesh_percentile": 42.4, "active_mesh_zscore": -0.4361, "hotspot_class": "other_active", "mesh_500m_center_lat": 33.82291666666667, "mesh_500m_center_lon": 132.715625}, "geometry": {"type": "Polygon", "coordinates": [[[132.7125, 33.82083333333334], [132.71875, 33.82083333333334], [132.71875, 33.82500000000001], [132.7125, 33.82500000000001], [132.7125, 33.82083333333334]]]}}, {"type": "Feature", "properties": {"window_end_month": "2026-03", "window_start_month": "2025-04", "mesh_500m": "503255892", "new_restaurant_permits_12m": 1, "active_mesh_rank": 74, "active_mesh_percentile": 41.6, "active_mesh_zscore": -0.4361, "hotspot_class": "other_active", "mesh_500m_center_lat": 33.81875000000001, "mesh_500m_center_lon": 132.746875}, "geometry": {"type": "Polygon", "coordinates": [[[132.74375, 33.81666666666667], [132.75, 33.81666666666667], [132.75, 33.82083333333334], [132.74375, 33.82083333333334], [132.74375, 33.81666666666667]]]}}, {"type": "Feature", "properties": {"window_end_month": "2026-03", "window_start_month": "2025-04", "mesh_500m": "503255893", "new_restaurant_permits_12m": 1, "active_mesh_rank": 75, "active_mesh_percentile": 40.8, "active_mesh_zscore": -0.4361, "hotspot_class": "other_active", "mesh_500m_center_lat": 33.82291666666667, "mesh_500m_center_lon": 132.74062500000002}, "geometry": {"type": "Polygon", "coordinates": [[[132.7375, 33.82083333333334], [132.74375, 33.82083333333334], [132.74375, 33.82500000000001], [132.7375, 33.82500000000001], [132.7375, 33.82083333333334]]]}}, {"type": "Feature", "properties": {"window_end_month": "2026-03", "window_start_month": "2025-04", "mesh_500m": "503255894", "new_restaurant_permits_12m": 1, "active_mesh_rank": 76, "active_mesh_percentile": 40.0, "active_mesh_zscore": -0.4361, "hotspot_class": "other_active", "mesh_500m_center_lat": 33.82291666666667, "mesh_500m_center_lon": 132.746875}, "geometry": {"type": "Polygon", "coordinates": [[[132.74375, 33.82083333333334], [132.75, 33.82083333333334], [132.75, 33.82500000000001], [132.74375, 33.82500000000001], [132.74375, 33.82083333333334]]]}}, {"type": "Feature", "properties": {"window_end_month": "2026-03", "window_start_month": "2025-04", "mesh_500m": "503255964", "new_restaurant_permits_12m": 1, "active_mesh_rank": 77, "active_mesh_percentile": 39.2, "active_mesh_zscore": -0.4361, "hotspot_class": "other_active", "mesh_500m_center_lat": 33.83125000000001, "mesh_500m_center_lon": 132.70937499999997}, "geometry": {"type": "Polygon", "coordinates": [[[132.70624999999998, 33.82916666666667], [132.71249999999998, 33.82916666666667], [132.71249999999998, 33.83333333333334], [132.70624999999998, 33.83333333333334], [132.70624999999998, 33.82916666666667]]]}}, {"type": "Feature", "properties": {"window_end_month": "2026-03", "window_start_month": "2025-04", "mesh_500m": "503255972", "new_restaurant_permits_12m": 1, "active_mesh_rank": 78, "active_mesh_percentile": 38.4, "active_mesh_zscore": -0.4361, "hotspot_class": "other_active", "mesh_500m_center_lat": 33.827083333333334, "mesh_500m_center_lon": 132.721875}, "geometry": {"type": "Polygon", "coordinates": [[[132.71875, 33.825], [132.725, 33.825], [132.725, 33.82916666666667], [132.71875, 33.82916666666667], [132.71875, 33.825]]]}}, {"type": "Feature", "properties": {"window_end_month": "2026-03", "window_start_month": "2025-04", "mesh_500m": "503255973", "new_restaurant_permits_12m": 1, "active_mesh_rank": 79, "active_mesh_percentile": 37.6, "active_mesh_zscore": -0.4361, "hotspot_class": "other_active", "mesh_500m_center_lat": 33.83125000000001, "mesh_500m_center_lon": 132.715625}, "geometry": {"type": "Polygon", "coordinates": [[[132.7125, 33.82916666666667], [132.71875, 33.82916666666667], [132.71875, 33.83333333333334], [132.7125, 33.83333333333334], [132.7125, 33.82916666666667]]]}}, {"type": "Feature", "properties": {"window_end_month": "2026-03", "window_start_month": "2025-04", "mesh_500m": "503255982", "new_restaurant_permits_12m": 1, "active_mesh_rank": 80, "active_mesh_percentile": 36.8, "active_mesh_zscore": -0.4361, "hotspot_class": "other_active", "mesh_500m_center_lat": 33.827083333333334, "mesh_500m_center_lon": 132.734375}, "geometry": {"type": "Polygon", "coordinates": [[[132.73125, 33.825], [132.73749999999998, 33.825], [132.73749999999998, 33.82916666666667], [132.73125, 33.82916666666667], [132.73125, 33.825]]]}}, {"type": "Feature", "properties": {"window_end_month": "2026-03", "window_start_month": "2025-04", "mesh_500m": "503255994", "new_restaurant_permits_12m": 1, "active_mesh_rank": 81, "active_mesh_percentile": 36.0, "active_mesh_zscore": -0.4361, "hotspot_class": "other_active", "mesh_500m_center_lat": 33.83125000000001, "mesh_500m_center_lon": 132.746875}, "geometry": {"type": "Polygon", "coordinates": [[[132.74375, 33.82916666666667], [132.75, 33.82916666666667], [132.75, 33.83333333333334], [132.74375, 33.83333333333334], [132.74375, 33.82916666666667]]]}}, {"type": "Feature", "properties": {"window_end_month": "2026-03", "window_start_month": "2025-04", "mesh_500m": "503256524", "new_restaurant_permits_12m": 1, "active_mesh_rank": 82, "active_mesh_percentile": 35.2, "active_mesh_zscore": -0.4361, "hotspot_class": "other_active", "mesh_500m_center_lat": 33.797916666666666, "mesh_500m_center_lon": 132.784375}, "geometry": {"type": "Polygon", "coordinates": [[[132.78125, 33.795833333333334], [132.7875, 33.795833333333334], [132.7875, 33.800000000000004], [132.78125, 33.800000000000004], [132.78125, 33.795833333333334]]]}}, {"type": "Feature", "properties": {"window_end_month": "2026-03", "window_start_month": "2025-04", "mesh_500m": "503256611", "new_restaurant_permits_12m": 1, "active_mesh_rank": 83, "active_mesh_percentile": 34.4, "active_mesh_zscore": -0.4361, "hotspot_class": "other_active", "mesh_500m_center_lat": 33.80208333333333, "mesh_500m_center_lon": 132.765625}, "geometry": {"type": "Polygon", "coordinates": [[[132.7625, 33.8], [132.76874999999998, 33.8], [132.76874999999998, 33.80416666666667], [132.7625, 33.80416666666667], [132.7625, 33.8]]]}}, {"type": "Feature", "properties": {"window_end_month": "2026-03", "window_start_month": "2025-04", "mesh_500m": "503256613", "new_restaurant_permits_12m": 1, "active_mesh_rank": 84, "active_mesh_percentile": 33.6, "active_mesh_zscore": -0.4361, "hotspot_class": "other_active", "mesh_500m_center_lat": 33.806250000000006, "mesh_500m_center_lon": 132.765625}, "geometry": {"type": "Polygon", "coordinates": [[[132.7625, 33.80416666666667], [132.76874999999998, 33.80416666666667], [132.76874999999998, 33.80833333333334], [132.7625, 33.80833333333334], [132.7625, 33.80416666666667]]]}}, {"type": "Feature", "properties": {"window_end_month": "2026-03", "window_start_month": "2025-04", "mesh_500m": "503256624", "new_restaurant_permits_12m": 1, "active_mesh_rank": 85, "active_mesh_percentile": 32.8, "active_mesh_zscore": -0.4361, "hotspot_class": "other_active", "mesh_500m_center_lat": 33.806250000000006, "mesh_500m_center_lon": 132.784375}, "geometry": {"type": "Polygon", "coordinates": [[[132.78125, 33.80416666666667], [132.7875, 33.80416666666667], [132.7875, 33.80833333333334], [132.78125, 33.80833333333334], [132.78125, 33.80416666666667]]]}}, {"type": "Feature", "properties": {"window_end_month": "2026-03", "window_start_month": "2025-04", "mesh_500m": "503256633", "new_restaurant_permits_12m": 1, "active_mesh_rank": 86, "active_mesh_percentile": 32.0, "active_mesh_zscore": -0.4361, "hotspot_class": "other_active", "mesh_500m_center_lat": 33.806250000000006, "mesh_500m_center_lon": 132.79062499999998}, "geometry": {"type": "Polygon", "coordinates": [[[132.7875, 33.80416666666667], [132.79375, 33.80416666666667], [132.79375, 33.80833333333334], [132.7875, 33.80833333333334], [132.7875, 33.80416666666667]]]}}, {"type": "Feature", "properties": {"window_end_month": "2026-03", "window_start_month": "2025-04", "mesh_500m": "503256703", "new_restaurant_permits_12m": 1, "active_mesh_rank": 87, "active_mesh_percentile": 31.2, "active_mesh_zscore": -0.4361, "hotspot_class": "other_active", "mesh_500m_center_lat": 33.81458333333333, "mesh_500m_center_lon": 132.753125}, "geometry": {"type": "Polygon", "coordinates": [[[132.75, 33.8125], [132.75625, 33.8125], [132.75625, 33.81666666666667], [132.75, 33.81666666666667], [132.75, 33.8125]]]}}, {"type": "Feature", "properties": {"window_end_month": "2026-03", "window_start_month": "2025-04", "mesh_500m": "503256704", "new_restaurant_permits_12m": 1, "active_mesh_rank": 88, "active_mesh_percentile": 30.4, "active_mesh_zscore": -0.4361, "hotspot_class": "other_active", "mesh_500m_center_lat": 33.81458333333333, "mesh_500m_center_lon": 132.75937499999998}, "geometry": {"type": "Polygon", "coordinates": [[[132.75625, 33.8125], [132.7625, 33.8125], [132.7625, 33.81666666666667], [132.75625, 33.81666666666667], [132.75625, 33.8125]]]}}, {"type": "Feature", "properties": {"window_end_month": "2026-03", "window_start_month": "2025-04", "mesh_500m": "503256722", "new_restaurant_permits_12m": 1, "active_mesh_rank": 89, "active_mesh_percentile": 29.6, "active_mesh_zscore": -0.4361, "hotspot_class": "other_active", "mesh_500m_center_lat": 33.81041666666667, "mesh_500m_center_lon": 132.784375}, "geometry": {"type": "Polygon", "coordinates": [[[132.78125, 33.80833333333333], [132.7875, 33.80833333333333], [132.7875, 33.8125], [132.78125, 33.8125], [132.78125, 33.80833333333333]]]}}, {"type": "Feature", "properties": {"window_end_month": "2026-03", "window_start_month": "2025-04", "mesh_500m": "503256724", "new_restaurant_permits_12m": 1, "active_mesh_rank": 90, "active_mesh_percentile": 28.8, "active_mesh_zscore": -0.4361, "hotspot_class": "other_active", "mesh_500m_center_lat": 33.81458333333333, "mesh_500m_center_lon": 132.784375}, "geometry": {"type": "Polygon", "coordinates": [[[132.78125, 33.8125], [132.7875, 33.8125], [132.7875, 33.81666666666667], [132.78125, 33.81666666666667], [132.78125, 33.8125]]]}}, {"type": "Feature", "properties": {"window_end_month": "2026-03", "window_start_month": "2025-04", "mesh_500m": "503256744", "new_restaurant_permits_12m": 1, "active_mesh_rank": 91, "active_mesh_percentile": 28.0, "active_mesh_zscore": -0.4361, "hotspot_class": "other_active", "mesh_500m_center_lat": 33.81458333333333, "mesh_500m_center_lon": 132.809375}, "geometry": {"type": "Polygon", "coordinates": [[[132.80625, 33.8125], [132.8125, 33.8125], [132.8125, 33.81666666666667], [132.80625, 33.81666666666667], [132.80625, 33.8125]]]}}, {"type": "Feature", "properties": {"window_end_month": "2026-03", "window_start_month": "2025-04", "mesh_500m": "503256752", "new_restaurant_permits_12m": 1, "active_mesh_rank": 92, "active_mesh_percentile": 27.2, "active_mesh_zscore": -0.4361, "hotspot_class": "other_active", "mesh_500m_center_lat": 33.81041666666667, "mesh_500m_center_lon": 132.82187499999998}, "geometry": {"type": "Polygon", "coordinates": [[[132.81875, 33.80833333333333], [132.825, 33.80833333333333], [132.825, 33.8125], [132.81875, 33.8125], [132.81875, 33.80833333333333]]]}}, {"type": "Feature", "properties": {"window_end_month": "2026-03", "window_start_month": "2025-04", "mesh_500m": "503256812", "new_restaurant_permits_12m": 1, "active_mesh_rank": 93, "active_mesh_percentile": 26.4, "active_mesh_zscore": -0.4361, "hotspot_class": "other_active", "mesh_500m_center_lat": 33.81875000000001, "mesh_500m_center_lon": 132.77187499999997}, "geometry": {"type": "Polygon", "coordinates": [[[132.76874999999998, 33.81666666666667], [132.77499999999998, 33.81666666666667], [132.77499999999998, 33.82083333333334], [132.76874999999998, 33.82083333333334], [132.76874999999998, 33.81666666666667]]]}}, {"type": "Feature", "properties": {"window_end_month": "2026-03", "window_start_month": "2025-04", "mesh_500m": "503256822", "new_restaurant_permits_12m": 1, "active_mesh_rank": 94, "active_mesh_percentile": 25.6, "active_mesh_zscore": -0.4361, "hotspot_class": "other_active", "mesh_500m_center_lat": 33.81875000000001, "mesh_500m_center_lon": 132.784375}, "geometry": {"type": "Polygon", "coordinates": [[[132.78125, 33.81666666666667], [132.7875, 33.81666666666667], [132.7875, 33.82083333333334], [132.78125, 33.82083333333334], [132.78125, 33.81666666666667]]]}}, {"type": "Feature", "properties": {"window_end_month": "2026-03", "window_start_month": "2025-04", "mesh_500m": "503256903", "new_restaurant_permits_12m": 1, "active_mesh_rank": 95, "active_mesh_percentile": 24.8, "active_mesh_zscore": -0.4361, "hotspot_class": "other_active", "mesh_500m_center_lat": 33.83125000000001, "mesh_500m_center_lon": 132.753125}, "geometry": {"type": "Polygon", "coordinates": [[[132.75, 33.82916666666667], [132.75625, 33.82916666666667], [132.75625, 33.83333333333334], [132.75, 33.83333333333334], [132.75, 33.82916666666667]]]}}, {"type": "Feature", "properties": {"window_end_month": "2026-03", "window_start_month": "2025-04", "mesh_500m": "503256913", "new_restaurant_permits_12m": 1, "active_mesh_rank": 96, "active_mesh_percentile": 24.0, "active_mesh_zscore": -0.4361, "hotspot_class": "other_active", "mesh_500m_center_lat": 33.83125000000001, "mesh_500m_center_lon": 132.765625}, "geometry": {"type": "Polygon", "coordinates": [[[132.7625, 33.82916666666667], [132.76874999999998, 33.82916666666667], [132.76874999999998, 33.83333333333334], [132.7625, 33.83333333333334], [132.7625, 33.82916666666667]]]}}, {"type": "Feature", "properties": {"window_end_month": "2026-03", "window_start_month": "2025-04", "mesh_500m": "503256922", "new_restaurant_permits_12m": 1, "active_mesh_rank": 97, "active_mesh_percentile": 23.2, "active_mesh_zscore": -0.4361, "hotspot_class": "other_active", "mesh_500m_center_lat": 33.827083333333334, "mesh_500m_center_lon": 132.784375}, "geometry": {"type": "Polygon", "coordinates": [[[132.78125, 33.825], [132.7875, 33.825], [132.7875, 33.82916666666667], [132.78125, 33.82916666666667], [132.78125, 33.825]]]}}, {"type": "Feature", "properties": {"window_end_month": "2026-03", "window_start_month": "2025-04", "mesh_500m": "503265093", "new_restaurant_permits_12m": 1, "active_mesh_rank": 98, "active_mesh_percentile": 22.4, "active_mesh_zscore": -0.4361, "hotspot_class": "other_active", "mesh_500m_center_lat": 33.83958333333334, "mesh_500m_center_lon": 132.74062500000002}, "geometry": {"type": "Polygon", "coordinates": [[[132.7375, 33.837500000000006], [132.74375, 33.837500000000006], [132.74375, 33.841666666666676], [132.7375, 33.841666666666676], [132.7375, 33.837500000000006]]]}}, {"type": "Feature", "properties": {"window_end_month": "2026-03", "window_start_month": "2025-04", "mesh_500m": "503265094", "new_restaurant_permits_12m": 1, "active_mesh_rank": 99, "active_mesh_percentile": 21.6, "active_mesh_zscore": -0.4361, "hotspot_class": "other_active", "mesh_500m_center_lat": 33.83958333333334, "mesh_500m_center_lon": 132.746875}, "geometry": {"type": "Polygon", "coordinates": [[[132.74375, 33.837500000000006], [132.75, 33.837500000000006], [132.75, 33.841666666666676], [132.74375, 33.841666666666676], [132.74375, 33.837500000000006]]]}}, {"type": "Feature", "properties": {"window_end_month": "2026-03", "window_start_month": "2025-04", "mesh_500m": "503265194", "new_restaurant_permits_12m": 1, "active_mesh_rank": 100, "active_mesh_percentile": 20.8, "active_mesh_zscore": -0.4361, "hotspot_class": "other_active", "mesh_500m_center_lat": 33.84791666666668, "mesh_500m_center_lon": 132.746875}, "geometry": {"type": "Polygon", "coordinates": [[[132.74375, 33.84583333333334], [132.75, 33.84583333333334], [132.75, 33.85000000000001], [132.74375, 33.85000000000001], [132.74375, 33.84583333333334]]]}}, {"type": "Feature", "properties": {"window_end_month": "2026-03", "window_start_month": "2025-04", "mesh_500m": "503265271", "new_restaurant_permits_12m": 1, "active_mesh_rank": 101, "active_mesh_percentile": 20.0, "active_mesh_zscore": -0.4361, "hotspot_class": "other_active", "mesh_500m_center_lat": 33.85208333333334, "mesh_500m_center_lon": 132.715625}, "geometry": {"type": "Polygon", "coordinates": [[[132.7125, 33.85], [132.71875, 33.85], [132.71875, 33.85416666666667], [132.7125, 33.85416666666667], [132.7125, 33.85]]]}}, {"type": "Feature", "properties": {"window_end_month": "2026-03", "window_start_month": "2025-04", "mesh_500m": "503265272", "new_restaurant_permits_12m": 1, "active_mesh_rank": 102, "active_mesh_percentile": 19.2, "active_mesh_zscore": -0.4361, "hotspot_class": "other_active", "mesh_500m_center_lat": 33.85208333333334, "mesh_500m_center_lon": 132.721875}, "geometry": {"type": "Polygon", "coordinates": [[[132.71875, 33.85], [132.725, 33.85], [132.725, 33.85416666666667], [132.71875, 33.85416666666667], [132.71875, 33.85]]]}}, {"type": "Feature", "properties": {"window_end_month": "2026-03", "window_start_month": "2025-04", "mesh_500m": "503265284", "new_restaurant_permits_12m": 1, "active_mesh_rank": 103, "active_mesh_percentile": 18.4, "active_mesh_zscore": -0.4361, "hotspot_class": "other_active", "mesh_500m_center_lat": 33.85625, "mesh_500m_center_lon": 132.734375}, "geometry": {"type": "Polygon", "coordinates": [[[132.73125, 33.85416666666667], [132.73749999999998, 33.85416666666667], [132.73749999999998, 33.85833333333334], [132.73125, 33.85833333333334], [132.73125, 33.85416666666667]]]}}, {"type": "Feature", "properties": {"window_end_month": "2026-03", "window_start_month": "2025-04", "mesh_500m": "503265291", "new_restaurant_permits_12m": 1, "active_mesh_rank": 104, "active_mesh_percentile": 17.6, "active_mesh_zscore": -0.4361, "hotspot_class": "other_active", "mesh_500m_center_lat": 33.85208333333334, "mesh_500m_center_lon": 132.74062500000002}, "geometry": {"type": "Polygon", "coordinates": [[[132.7375, 33.85], [132.74375, 33.85], [132.74375, 33.85416666666667], [132.7375, 33.85416666666667], [132.7375, 33.85]]]}}, {"type": "Feature", "properties": {"window_end_month": "2026-03", "window_start_month": "2025-04", "mesh_500m": "503265294", "new_restaurant_permits_12m": 1, "active_mesh_rank": 105, "active_mesh_percentile": 16.8, "active_mesh_zscore": -0.4361, "hotspot_class": "other_active", "mesh_500m_center_lat": 33.85625, "mesh_500m_center_lon": 132.746875}, "geometry": {"type": "Polygon", "coordinates": [[[132.74375, 33.85416666666667], [132.75, 33.85416666666667], [132.75, 33.85833333333334], [132.74375, 33.85833333333334], [132.74375, 33.85416666666667]]]}}, {"type": "Feature", "properties": {"window_end_month": "2026-03", "window_start_month": "2025-04", "mesh_500m": "503265462", "new_restaurant_permits_12m": 1, "active_mesh_rank": 106, "active_mesh_percentile": 16.0, "active_mesh_zscore": -0.4361, "hotspot_class": "other_active", "mesh_500m_center_lat": 33.868750000000006, "mesh_500m_center_lon": 132.70937499999997}, "geometry": {"type": "Polygon", "coordinates": [[[132.70624999999998, 33.86666666666667], [132.71249999999998, 33.86666666666667], [132.71249999999998, 33.87083333333334], [132.70624999999998, 33.87083333333334], [132.70624999999998, 33.86666666666667]]]}}, {"type": "Feature", "properties": {"window_end_month": "2026-03", "window_start_month": "2025-04", "mesh_500m": "503265471", "new_restaurant_permits_12m": 1, "active_mesh_rank": 107, "active_mesh_percentile": 15.2, "active_mesh_zscore": -0.4361, "hotspot_class": "other_active", "mesh_500m_center_lat": 33.868750000000006, "mesh_500m_center_lon": 132.715625}, "geometry": {"type": "Polygon", "coordinates": [[[132.7125, 33.86666666666667], [132.71875, 33.86666666666667], [132.71875, 33.87083333333334], [132.7125, 33.87083333333334], [132.7125, 33.86666666666667]]]}}, {"type": "Feature", "properties": {"window_end_month": "2026-03", "window_start_month": "2025-04", "mesh_500m": "503265472", "new_restaurant_permits_12m": 1, "active_mesh_rank": 108, "active_mesh_percentile": 14.4, "active_mesh_zscore": -0.4361, "hotspot_class": "other_active", "mesh_500m_center_lat": 33.868750000000006, "mesh_500m_center_lon": 132.721875}, "geometry": {"type": "Polygon", "coordinates": [[[132.71875, 33.86666666666667], [132.725, 33.86666666666667], [132.725, 33.87083333333334], [132.71875, 33.87083333333334], [132.71875, 33.86666666666667]]]}}, {"type": "Feature", "properties": {"window_end_month": "2026-03", "window_start_month": "2025-04", "mesh_500m": "503265783", "new_restaurant_permits_12m": 1, "active_mesh_rank": 109, "active_mesh_percentile": 13.6, "active_mesh_zscore": -0.4361, "hotspot_class": "other_active", "mesh_500m_center_lat": 33.897916666666674, "mesh_500m_center_lon": 132.72812499999998}, "geometry": {"type": "Polygon", "coordinates": [[[132.725, 33.895833333333336], [132.73125, 33.895833333333336], [132.73125, 33.900000000000006], [132.725, 33.900000000000006], [132.725, 33.895833333333336]]]}}, {"type": "Feature", "properties": {"window_end_month": "2026-03", "window_start_month": "2025-04", "mesh_500m": "503265792", "new_restaurant_permits_12m": 1, "active_mesh_rank": 110, "active_mesh_percentile": 12.8, "active_mesh_zscore": -0.4361, "hotspot_class": "other_active", "mesh_500m_center_lat": 33.89375, "mesh_500m_center_lon": 132.746875}, "geometry": {"type": "Polygon", "coordinates": [[[132.74375, 33.891666666666666], [132.75, 33.891666666666666], [132.75, 33.895833333333336], [132.74375, 33.895833333333336], [132.74375, 33.891666666666666]]]}}, {"type": "Feature", "properties": {"window_end_month": "2026-03", "window_start_month": "2025-04", "mesh_500m": "503266001", "new_restaurant_permits_12m": 1, "active_mesh_rank": 111, "active_mesh_percentile": 12.0, "active_mesh_zscore": -0.4361, "hotspot_class": "other_active", "mesh_500m_center_lat": 33.835416666666674, "mesh_500m_center_lon": 132.753125}, "geometry": {"type": "Polygon", "coordinates": [[[132.75, 33.833333333333336], [132.75625, 33.833333333333336], [132.75625, 33.837500000000006], [132.75, 33.837500000000006], [132.75, 33.833333333333336]]]}}, {"type": "Feature", "properties": {"window_end_month": "2026-03", "window_start_month": "2025-04", "mesh_500m": "503266023", "new_restaurant_permits_12m": 1, "active_mesh_rank": 112, "active_mesh_percentile": 11.2, "active_mesh_zscore": -0.4361, "hotspot_class": "other_active", "mesh_500m_center_lat": 33.83958333333334, "mesh_500m_center_lon": 132.778125}, "geometry": {"type": "Polygon", "coordinates": [[[132.775, 33.837500000000006], [132.78125, 33.837500000000006], [132.78125, 33.841666666666676], [132.775, 33.841666666666676], [132.775, 33.837500000000006]]]}}, {"type": "Feature", "properties": {"window_end_month": "2026-03", "window_start_month": "2025-04", "mesh_500m": "503266034", "new_restaurant_permits_12m": 1, "active_mesh_rank": 113, "active_mesh_percentile": 10.4, "active_mesh_zscore": -0.4361, "hotspot_class": "other_active", "mesh_500m_center_lat": 33.83958333333334, "mesh_500m_center_lon": 132.796875}, "geometry": {"type": "Polygon", "coordinates": [[[132.79375, 33.837500000000006], [132.79999999999998, 33.837500000000006], [132.79999999999998, 33.841666666666676], [132.79375, 33.841666666666676], [132.79375, 33.837500000000006]]]}}, {"type": "Feature", "properties": {"window_end_month": "2026-03", "window_start_month": "2025-04", "mesh_500m": "503266131", "new_restaurant_permits_12m": 1, "active_mesh_rank": 114, "active_mesh_percentile": 9.6, "active_mesh_zscore": -0.4361, "hotspot_class": "other_active", "mesh_500m_center_lat": 33.84375, "mesh_500m_center_lon": 132.79062499999998}, "geometry": {"type": "Polygon", "coordinates": [[[132.7875, 33.84166666666667], [132.79375, 33.84166666666667], [132.79375, 33.84583333333334], [132.7875, 33.84583333333334], [132.7875, 33.84166666666667]]]}}, {"type": "Feature", "properties": {"window_end_month": "2026-03", "window_start_month": "2025-04", "mesh_500m": "503266201", "new_restaurant_permits_12m": 1, "active_mesh_rank": 115, "active_mesh_percentile": 8.8, "active_mesh_zscore": -0.4361, "hotspot_class": "other_active", "mesh_500m_center_lat": 33.85208333333334, "mesh_500m_center_lon": 132.753125}, "geometry": {"type": "Polygon", "coordinates": [[[132.75, 33.85], [132.75625, 33.85], [132.75625, 33.85416666666667], [132.75, 33.85416666666667], [132.75, 33.85]]]}}, {"type": "Feature", "properties": {"window_end_month": "2026-03", "window_start_month": "2025-04", "mesh_500m": "503266204", "new_restaurant_permits_12m": 1, "active_mesh_rank": 116, "active_mesh_percentile": 8.0, "active_mesh_zscore": -0.4361, "hotspot_class": "other_active", "mesh_500m_center_lat": 33.85625, "mesh_500m_center_lon": 132.75937499999998}, "geometry": {"type": "Polygon", "coordinates": [[[132.75625, 33.85416666666667], [132.7625, 33.85416666666667], [132.7625, 33.85833333333334], [132.75625, 33.85833333333334], [132.75625, 33.85416666666667]]]}}, {"type": "Feature", "properties": {"window_end_month": "2026-03", "window_start_month": "2025-04", "mesh_500m": "503266224", "new_restaurant_permits_12m": 1, "active_mesh_rank": 117, "active_mesh_percentile": 7.2, "active_mesh_zscore": -0.4361, "hotspot_class": "other_active", "mesh_500m_center_lat": 33.85625, "mesh_500m_center_lon": 132.784375}, "geometry": {"type": "Polygon", "coordinates": [[[132.78125, 33.85416666666667], [132.7875, 33.85416666666667], [132.7875, 33.85833333333334], [132.78125, 33.85833333333334], [132.78125, 33.85416666666667]]]}}, {"type": "Feature", "properties": {"window_end_month": "2026-03", "window_start_month": "2025-04", "mesh_500m": "503266304", "new_restaurant_permits_12m": 1, "active_mesh_rank": 118, "active_mesh_percentile": 6.4, "active_mesh_zscore": -0.4361, "hotspot_class": "other_active", "mesh_500m_center_lat": 33.86458333333334, "mesh_500m_center_lon": 132.75937499999998}, "geometry": {"type": "Polygon", "coordinates": [[[132.75625, 33.862500000000004], [132.7625, 33.862500000000004], [132.7625, 33.866666666666674], [132.75625, 33.866666666666674], [132.75625, 33.862500000000004]]]}}, {"type": "Feature", "properties": {"window_end_month": "2026-03", "window_start_month": "2025-04", "mesh_500m": "503274482", "new_restaurant_permits_12m": 1, "active_mesh_rank": 119, "active_mesh_percentile": 5.6, "active_mesh_zscore": -0.4361, "hotspot_class": "other_active", "mesh_500m_center_lat": 33.952083333333334, "mesh_500m_center_lon": 132.609375}, "geometry": {"type": "Polygon", "coordinates": [[[132.60625, 33.95], [132.61249999999998, 33.95], [132.61249999999998, 33.95416666666667], [132.60625, 33.95416666666667], [132.60625, 33.95]]]}}, {"type": "Feature", "properties": {"window_end_month": "2026-03", "window_start_month": "2025-04", "mesh_500m": "503275403", "new_restaurant_permits_12m": 1, "active_mesh_rank": 120, "active_mesh_percentile": 4.8, "active_mesh_zscore": -0.4361, "hotspot_class": "other_active", "mesh_500m_center_lat": 33.95625000000001, "mesh_500m_center_lon": 132.628125}, "geometry": {"type": "Polygon", "coordinates": [[[132.625, 33.95416666666667], [132.63125, 33.95416666666667], [132.63125, 33.95833333333334], [132.625, 33.95833333333334], [132.625, 33.95416666666667]]]}}, {"type": "Feature", "properties": {"window_end_month": "2026-03", "window_start_month": "2025-04", "mesh_500m": "503275603", "new_restaurant_permits_12m": 1, "active_mesh_rank": 121, "active_mesh_percentile": 4.0, "active_mesh_zscore": -0.4361, "hotspot_class": "other_active", "mesh_500m_center_lat": 33.97291666666668, "mesh_500m_center_lon": 132.628125}, "geometry": {"type": "Polygon", "coordinates": [[[132.625, 33.97083333333334], [132.63125, 33.97083333333334], [132.63125, 33.97500000000001], [132.625, 33.97500000000001], [132.625, 33.97083333333334]]]}}, {"type": "Feature", "properties": {"window_end_month": "2026-03", "window_start_month": "2025-04", "mesh_500m": "503275701", "new_restaurant_permits_12m": 1, "active_mesh_rank": 122, "active_mesh_percentile": 3.2, "active_mesh_zscore": -0.4361, "hotspot_class": "other_active", "mesh_500m_center_lat": 33.97708333333334, "mesh_500m_center_lon": 132.628125}, "geometry": {"type": "Polygon", "coordinates": [[[132.625, 33.975], [132.63125, 33.975], [132.63125, 33.97916666666667], [132.625, 33.97916666666667], [132.625, 33.975]]]}}, {"type": "Feature", "properties": {"window_end_month": "2026-03", "window_start_month": "2025-04", "mesh_500m": "503276522", "new_restaurant_permits_12m": 1, "active_mesh_rank": 123, "active_mesh_percentile": 2.4, "active_mesh_zscore": -0.4361, "hotspot_class": "other_active", "mesh_500m_center_lat": 33.960416666666674, "mesh_500m_center_lon": 132.784375}, "geometry": {"type": "Polygon", "coordinates": [[[132.78125, 33.958333333333336], [132.7875, 33.958333333333336], [132.7875, 33.962500000000006], [132.78125, 33.962500000000006], [132.78125, 33.958333333333336]]]}}, {"type": "Feature", "properties": {"window_end_month": "2026-03", "window_start_month": "2025-04", "mesh_500m": "503276614", "new_restaurant_permits_12m": 1, "active_mesh_rank": 124, "active_mesh_percentile": 1.6, "active_mesh_zscore": -0.4361, "hotspot_class": "other_active", "mesh_500m_center_lat": 33.97291666666668, "mesh_500m_center_lon": 132.77187499999997}, "geometry": {"type": "Polygon", "coordinates": [[[132.76874999999998, 33.97083333333334], [132.77499999999998, 33.97083333333334], [132.77499999999998, 33.97500000000001], [132.76874999999998, 33.97500000000001], [132.76874999999998, 33.97083333333334]]]}}, {"type": "Feature", "properties": {"window_end_month": "2026-03", "window_start_month": "2025-04", "mesh_500m": "503276622", "new_restaurant_permits_12m": 1, "active_mesh_rank": 125, "active_mesh_percentile": 0.8, "active_mesh_zscore": -0.4361, "hotspot_class": "other_active", "mesh_500m_center_lat": 33.96875, "mesh_500m_center_lon": 132.784375}, "geometry": {"type": "Polygon", "coordinates": [[[132.78125, 33.96666666666667], [132.7875, 33.96666666666667], [132.7875, 33.97083333333334], [132.78125, 33.97083333333334], [132.78125, 33.96666666666667]]]}}, {"type": "Feature", "properties": {"window_end_month": "2026-04", "window_start_month": "2025-05", "mesh_500m": "503266222", "new_restaurant_permits_12m": 38, "active_mesh_rank": 1, "active_mesh_percentile": 100.0, "active_mesh_zscore": 9.6257, "hotspot_class": "top_5pct_active", "mesh_500m_center_lat": 33.85208333333334, "mesh_500m_center_lon": 132.784375}, "geometry": {"type": "Polygon", "coordinates": [[[132.78125, 33.85], [132.7875, 33.85], [132.7875, 33.85416666666667], [132.78125, 33.85416666666667], [132.78125, 33.85]]]}}, {"type": "Feature", "properties": {"window_end_month": "2026-04", "window_start_month": "2025-05", "mesh_500m": "503265373", "new_restaurant_permits_12m": 12, "active_mesh_rank": 2, "active_mesh_percentile": 99.19, "active_mesh_zscore": 2.5631, "hotspot_class": "top_5pct_active", "mesh_500m_center_lat": 33.86458333333334, "mesh_500m_center_lon": 132.715625}, "geometry": {"type": "Polygon", "coordinates": [[[132.7125, 33.862500000000004], [132.71875, 33.862500000000004], [132.71875, 33.866666666666674], [132.7125, 33.866666666666674], [132.7125, 33.862500000000004]]]}}, {"type": "Feature", "properties": {"window_end_month": "2026-04", "window_start_month": "2025-05", "mesh_500m": "503256814", "new_restaurant_permits_12m": 9, "active_mesh_rank": 3, "active_mesh_percentile": 98.39, "active_mesh_zscore": 1.7481, "hotspot_class": "top_5pct_active", "mesh_500m_center_lat": 33.82291666666667, "mesh_500m_center_lon": 132.77187499999997}, "geometry": {"type": "Polygon", "coordinates": [[[132.76874999999998, 33.82083333333334], [132.77499999999998, 33.82083333333334], [132.77499999999998, 33.82500000000001], [132.76874999999998, 33.82500000000001], [132.76874999999998, 33.82083333333334]]]}}, {"type": "Feature", "properties": {"window_end_month": "2026-04", "window_start_month": "2025-05", "mesh_500m": "503266101", "new_restaurant_permits_12m": 9, "active_mesh_rank": 4, "active_mesh_percentile": 97.58, "active_mesh_zscore": 1.7481, "hotspot_class": "top_5pct_active", "mesh_500m_center_lat": 33.84375, "mesh_500m_center_lon": 132.753125}, "geometry": {"type": "Polygon", "coordinates": [[[132.75, 33.84166666666667], [132.75625, 33.84166666666667], [132.75625, 33.84583333333334], [132.75, 33.84583333333334], [132.75, 33.84166666666667]]]}}, {"type": "Feature", "properties": {"window_end_month": "2026-04", "window_start_month": "2025-05", "mesh_500m": "503256823", "new_restaurant_permits_12m": 8, "active_mesh_rank": 5, "active_mesh_percentile": 96.77, "active_mesh_zscore": 1.4765, "hotspot_class": "top_5pct_active", "mesh_500m_center_lat": 33.82291666666667, "mesh_500m_center_lon": 132.778125}, "geometry": {"type": "Polygon", "coordinates": [[[132.775, 33.82083333333334], [132.78125, 33.82083333333334], [132.78125, 33.82500000000001], [132.775, 33.82500000000001], [132.775, 33.82083333333334]]]}}, {"type": "Feature", "properties": {"window_end_month": "2026-04", "window_start_month": "2025-05", "mesh_500m": "503256711", "new_restaurant_permits_12m": 6, "active_mesh_rank": 6, "active_mesh_percentile": 95.97, "active_mesh_zscore": 0.9332, "hotspot_class": "top_5pct_active", "mesh_500m_center_lat": 33.81041666666667, "mesh_500m_center_lon": 132.765625}, "geometry": {"type": "Polygon", "coordinates": [[[132.7625, 33.80833333333333], [132.76874999999998, 33.80833333333333], [132.76874999999998, 33.8125], [132.7625, 33.8125], [132.7625, 33.80833333333333]]]}}, {"type": "Feature", "properties": {"window_end_month": "2026-04", "window_start_month": "2025-05", "mesh_500m": "503255793", "new_restaurant_permits_12m": 5, "active_mesh_rank": 7, "active_mesh_percentile": 95.16, "active_mesh_zscore": 0.6616, "hotspot_class": "top_5pct_active", "mesh_500m_center_lat": 33.81458333333333, "mesh_500m_center_lon": 132.74062500000002}, "geometry": {"type": "Polygon", "coordinates": [[[132.7375, 33.8125], [132.74375, 33.8125], [132.74375, 33.81666666666667], [132.7375, 33.81666666666667], [132.7375, 33.8125]]]}}, {"type": "Feature", "properties": {"window_end_month": "2026-04", "window_start_month": "2025-05", "mesh_500m": "503255971", "new_restaurant_permits_12m": 5, "active_mesh_rank": 8, "active_mesh_percentile": 94.35, "active_mesh_zscore": 0.6616, "hotspot_class": "top_20pct_active", "mesh_500m_center_lat": 33.827083333333334, "mesh_500m_center_lon": 132.715625}, "geometry": {"type": "Polygon", "coordinates": [[[132.7125, 33.825], [132.71875, 33.825], [132.71875, 33.82916666666667], [132.7125, 33.82916666666667], [132.7125, 33.825]]]}}, {"type": "Feature", "properties": {"window_end_month": "2026-04", "window_start_month": "2025-05", "mesh_500m": "503255992", "new_restaurant_permits_12m": 5, "active_mesh_rank": 9, "active_mesh_percentile": 93.55, "active_mesh_zscore": 0.6616, "hotspot_class": "top_20pct_active", "mesh_500m_center_lat": 33.827083333333334, "mesh_500m_center_lon": 132.746875}, "geometry": {"type": "Polygon", "coordinates": [[[132.74375, 33.825], [132.75, 33.825], [132.75, 33.82916666666667], [132.74375, 33.82916666666667], [132.74375, 33.825]]]}}, {"type": "Feature", "properties": {"window_end_month": "2026-04", "window_start_month": "2025-05", "mesh_500m": "503256702", "new_restaurant_permits_12m": 5, "active_mesh_rank": 10, "active_mesh_percentile": 92.74, "active_mesh_zscore": 0.6616, "hotspot_class": "top_20pct_active", "mesh_500m_center_lat": 33.81041666666667, "mesh_500m_center_lon": 132.75937499999998}, "geometry": {"type": "Polygon", "coordinates": [[[132.75625, 33.80833333333333], [132.7625, 33.80833333333333], [132.7625, 33.8125], [132.75625, 33.8125], [132.75625, 33.80833333333333]]]}}, {"type": "Feature", "properties": {"window_end_month": "2026-04", "window_start_month": "2025-05", "mesh_500m": "503256934", "new_restaurant_permits_12m": 5, "active_mesh_rank": 11, "active_mesh_percentile": 91.94, "active_mesh_zscore": 0.6616, "hotspot_class": "top_20pct_active", "mesh_500m_center_lat": 33.83125000000001, "mesh_500m_center_lon": 132.796875}, "geometry": {"type": "Polygon", "coordinates": [[[132.79375, 33.82916666666667], [132.79999999999998, 33.82916666666667], [132.79999999999998, 33.83333333333334], [132.79375, 33.83333333333334], [132.79375, 33.82916666666667]]]}}, {"type": "Feature", "properties": {"window_end_month": "2026-04", "window_start_month": "2025-05", "mesh_500m": "503266231", "new_restaurant_permits_12m": 5, "active_mesh_rank": 12, "active_mesh_percentile": 91.13, "active_mesh_zscore": 0.6616, "hotspot_class": "top_20pct_active", "mesh_500m_center_lat": 33.85208333333334, "mesh_500m_center_lon": 132.79062499999998}, "geometry": {"type": "Polygon", "coordinates": [[[132.7875, 33.85], [132.79375, 33.85], [132.79375, 33.85416666666667], [132.7875, 33.85416666666667], [132.7875, 33.85]]]}}, {"type": "Feature", "properties": {"window_end_month": "2026-04", "window_start_month": "2025-05", "mesh_500m": "503255794", "new_restaurant_permits_12m": 4, "active_mesh_rank": 13, "active_mesh_percentile": 90.32, "active_mesh_zscore": 0.3899, "hotspot_class": "top_20pct_active", "mesh_500m_center_lat": 33.81458333333333, "mesh_500m_center_lon": 132.746875}, "geometry": {"type": "Polygon", "coordinates": [[[132.74375, 33.8125], [132.75, 33.8125], [132.75, 33.81666666666667], [132.74375, 33.81666666666667], [132.74375, 33.8125]]]}}, {"type": "Feature", "properties": {"window_end_month": "2026-04", "window_start_month": "2025-05", "mesh_500m": "503256712", "new_restaurant_permits_12m": 4, "active_mesh_rank": 14, "active_mesh_percentile": 89.52, "active_mesh_zscore": 0.3899, "hotspot_class": "top_20pct_active", "mesh_500m_center_lat": 33.81041666666667, "mesh_500m_center_lon": 132.77187499999997}, "geometry": {"type": "Polygon", "coordinates": [[[132.76874999999998, 33.80833333333333], [132.77499999999998, 33.80833333333333], [132.77499999999998, 33.8125], [132.76874999999998, 33.8125], [132.76874999999998, 33.80833333333333]]]}}, {"type": "Feature", "properties": {"window_end_month": "2026-04", "window_start_month": "2025-05", "mesh_500m": "503256721", "new_restaurant_permits_12m": 4, "active_mesh_rank": 15, "active_mesh_percentile": 88.71, "active_mesh_zscore": 0.3899, "hotspot_class": "top_20pct_active", "mesh_500m_center_lat": 33.81041666666667, "mesh_500m_center_lon": 132.778125}, "geometry": {"type": "Polygon", "coordinates": [[[132.775, 33.80833333333333], [132.78125, 33.80833333333333], [132.78125, 33.8125], [132.775, 33.8125], [132.775, 33.80833333333333]]]}}, {"type": "Feature", "properties": {"window_end_month": "2026-04", "window_start_month": "2025-05", "mesh_500m": "503256732", "new_restaurant_permits_12m": 4, "active_mesh_rank": 16, "active_mesh_percentile": 87.9, "active_mesh_zscore": 0.3899, "hotspot_class": "top_20pct_active", "mesh_500m_center_lat": 33.81041666666667, "mesh_500m_center_lon": 132.796875}, "geometry": {"type": "Polygon", "coordinates": [[[132.79375, 33.80833333333333], [132.79999999999998, 33.80833333333333], [132.79999999999998, 33.8125], [132.79375, 33.8125], [132.79375, 33.80833333333333]]]}}, {"type": "Feature", "properties": {"window_end_month": "2026-04", "window_start_month": "2025-05", "mesh_500m": "503256803", "new_restaurant_permits_12m": 4, "active_mesh_rank": 17, "active_mesh_percentile": 87.1, "active_mesh_zscore": 0.3899, "hotspot_class": "top_20pct_active", "mesh_500m_center_lat": 33.82291666666667, "mesh_500m_center_lon": 132.753125}, "geometry": {"type": "Polygon", "coordinates": [[[132.75, 33.82083333333334], [132.75625, 33.82083333333334], [132.75625, 33.82500000000001], [132.75, 33.82500000000001], [132.75, 33.82083333333334]]]}}, {"type": "Feature", "properties": {"window_end_month": "2026-04", "window_start_month": "2025-05", "mesh_500m": "503256902", "new_restaurant_permits_12m": 4, "active_mesh_rank": 18, "active_mesh_percentile": 86.29, "active_mesh_zscore": 0.3899, "hotspot_class": "top_20pct_active", "mesh_500m_center_lat": 33.827083333333334, "mesh_500m_center_lon": 132.75937499999998}, "geometry": {"type": "Polygon", "coordinates": [[[132.75625, 33.825], [132.7625, 33.825], [132.7625, 33.82916666666667], [132.75625, 33.82916666666667], [132.75625, 33.825]]]}}, {"type": "Feature", "properties": {"window_end_month": "2026-04", "window_start_month": "2025-05", "mesh_500m": "503256914", "new_restaurant_permits_12m": 4, "active_mesh_rank": 19, "active_mesh_percentile": 85.48, "active_mesh_zscore": 0.3899, "hotspot_class": "top_20pct_active", "mesh_500m_center_lat": 33.83125000000001, "mesh_500m_center_lon": 132.77187499999997}, "geometry": {"type": "Polygon", "coordinates": [[[132.76874999999998, 33.82916666666667], [132.77499999999998, 33.82916666666667], [132.77499999999998, 33.83333333333334], [132.76874999999998, 33.83333333333334], [132.76874999999998, 33.82916666666667]]]}}, {"type": "Feature", "properties": {"window_end_month": "2026-04", "window_start_month": "2025-05", "mesh_500m": "503265372", "new_restaurant_permits_12m": 4, "active_mesh_rank": 20, "active_mesh_percentile": 84.68, "active_mesh_zscore": 0.3899, "hotspot_class": "top_20pct_active", "mesh_500m_center_lat": 33.860416666666666, "mesh_500m_center_lon": 132.721875}, "geometry": {"type": "Polygon", "coordinates": [[[132.71875, 33.858333333333334], [132.725, 33.858333333333334], [132.725, 33.862500000000004], [132.71875, 33.862500000000004], [132.71875, 33.858333333333334]]]}}, {"type": "Feature", "properties": {"window_end_month": "2026-04", "window_start_month": "2025-05", "mesh_500m": "503266103", "new_restaurant_permits_12m": 4, "active_mesh_rank": 21, "active_mesh_percentile": 83.87, "active_mesh_zscore": 0.3899, "hotspot_class": "top_20pct_active", "mesh_500m_center_lat": 33.84791666666668, "mesh_500m_center_lon": 132.753125}, "geometry": {"type": "Polygon", "coordinates": [[[132.75, 33.84583333333334], [132.75625, 33.84583333333334], [132.75625, 33.85000000000001], [132.75, 33.85000000000001], [132.75, 33.84583333333334]]]}}, {"type": "Feature", "properties": {"window_end_month": "2026-04", "window_start_month": "2025-05", "mesh_500m": "503266301", "new_restaurant_permits_12m": 4, "active_mesh_rank": 22, "active_mesh_percentile": 83.06, "active_mesh_zscore": 0.3899, "hotspot_class": "top_20pct_active", "mesh_500m_center_lat": 33.860416666666666, "mesh_500m_center_lon": 132.753125}, "geometry": {"type": "Polygon", "coordinates": [[[132.75, 33.858333333333334], [132.75625, 33.858333333333334], [132.75625, 33.862500000000004], [132.75, 33.862500000000004], [132.75, 33.858333333333334]]]}}, {"type": "Feature", "properties": {"window_end_month": "2026-04", "window_start_month": "2025-05", "mesh_500m": "503266303", "new_restaurant_permits_12m": 4, "active_mesh_rank": 23, "active_mesh_percentile": 82.26, "active_mesh_zscore": 0.3899, "hotspot_class": "top_20pct_active", "mesh_500m_center_lat": 33.86458333333334, "mesh_500m_center_lon": 132.753125}, "geometry": {"type": "Polygon", "coordinates": [[[132.75, 33.862500000000004], [132.75625, 33.862500000000004], [132.75625, 33.866666666666674], [132.75, 33.866666666666674], [132.75, 33.862500000000004]]]}}, {"type": "Feature", "properties": {"window_end_month": "2026-04", "window_start_month": "2025-05", "mesh_500m": "503255782", "new_restaurant_permits_12m": 3, "active_mesh_rank": 24, "active_mesh_percentile": 81.45, "active_mesh_zscore": 0.1183, "hotspot_class": "top_20pct_active", "mesh_500m_center_lat": 33.81041666666667, "mesh_500m_center_lon": 132.734375}, "geometry": {"type": "Polygon", "coordinates": [[[132.73125, 33.80833333333333], [132.73749999999998, 33.80833333333333], [132.73749999999998, 33.8125], [132.73125, 33.8125], [132.73125, 33.80833333333333]]]}}, {"type": "Feature", "properties": {"window_end_month": "2026-04", "window_start_month": "2025-05", "mesh_500m": "503255981", "new_restaurant_permits_12m": 3, "active_mesh_rank": 25, "active_mesh_percentile": 80.65, "active_mesh_zscore": 0.1183, "hotspot_class": "top_20pct_active", "mesh_500m_center_lat": 33.827083333333334, "mesh_500m_center_lon": 132.72812499999998}, "geometry": {"type": "Polygon", "coordinates": [[[132.725, 33.825], [132.73125, 33.825], [132.73125, 33.82916666666667], [132.725, 33.82916666666667], [132.725, 33.825]]]}}, {"type": "Feature", "properties": {"window_end_month": "2026-04", "window_start_month": "2025-05", "mesh_500m": "503255983", "new_restaurant_permits_12m": 3, "active_mesh_rank": 26, "active_mesh_percentile": 79.84, "active_mesh_zscore": 0.1183, "hotspot_class": "other_active", "mesh_500m_center_lat": 33.83125000000001, "mesh_500m_center_lon": 132.72812499999998}, "geometry": {"type": "Polygon", "coordinates": [[[132.725, 33.82916666666667], [132.73125, 33.82916666666667], [132.73125, 33.83333333333334], [132.725, 33.83333333333334], [132.725, 33.82916666666667]]]}}, {"type": "Feature", "properties": {"window_end_month": "2026-04", "window_start_month": "2025-05", "mesh_500m": "503256741", "new_restaurant_permits_12m": 3, "active_mesh_rank": 27, "active_mesh_percentile": 79.03, "active_mesh_zscore": 0.1183, "hotspot_class": "other_active", "mesh_500m_center_lat": 33.81041666666667, "mesh_500m_center_lon": 132.80312500000002}, "geometry": {"type": "Polygon", "coordinates": [[[132.8, 33.80833333333333], [132.80625, 33.80833333333333], [132.80625, 33.8125], [132.8, 33.8125], [132.8, 33.80833333333333]]]}}, {"type": "Feature", "properties": {"window_end_month": "2026-04", "window_start_month": "2025-05", "mesh_500m": "503256811", "new_restaurant_permits_12m": 3, "active_mesh_rank": 28, "active_mesh_percentile": 78.23, "active_mesh_zscore": 0.1183, "hotspot_class": "other_active", "mesh_500m_center_lat": 33.81875000000001, "mesh_500m_center_lon": 132.765625}, "geometry": {"type": "Polygon", "coordinates": [[[132.7625, 33.81666666666667], [132.76874999999998, 33.81666666666667], [132.76874999999998, 33.82083333333334], [132.7625, 33.82083333333334], [132.7625, 33.81666666666667]]]}}, {"type": "Feature", "properties": {"window_end_month": "2026-04", "window_start_month": "2025-05", "mesh_500m": "503256821", "new_restaurant_permits_12m": 3, "active_mesh_rank": 29, "active_mesh_percentile": 77.42, "active_mesh_zscore": 0.1183, "hotspot_class": "other_active", "mesh_500m_center_lat": 33.81875000000001, "mesh_500m_center_lon": 132.778125}, "geometry": {"type": "Polygon", "coordinates": [[[132.775, 33.81666666666667], [132.78125, 33.81666666666667], [132.78125, 33.82083333333334], [132.775, 33.82083333333334], [132.775, 33.81666666666667]]]}}, {"type": "Feature", "properties": {"window_end_month": "2026-04", "window_start_month": "2025-05", "mesh_500m": "503256912", "new_restaurant_permits_12m": 3, "active_mesh_rank": 30, "active_mesh_percentile": 76.61, "active_mesh_zscore": 0.1183, "hotspot_class": "other_active", "mesh_500m_center_lat": 33.827083333333334, "mesh_500m_center_lon": 132.77187499999997}, "geometry": {"type": "Polygon", "coordinates": [[[132.76874999999998, 33.825], [132.77499999999998, 33.825], [132.77499999999998, 33.82916666666667], [132.76874999999998, 33.82916666666667], [132.76874999999998, 33.825]]]}}, {"type": "Feature", "properties": {"window_end_month": "2026-04", "window_start_month": "2025-05", "mesh_500m": "503256923", "new_restaurant_permits_12m": 3, "active_mesh_rank": 31, "active_mesh_percentile": 75.81, "active_mesh_zscore": 0.1183, "hotspot_class": "other_active", "mesh_500m_center_lat": 33.83125000000001, "mesh_500m_center_lon": 132.778125}, "geometry": {"type": "Polygon", "coordinates": [[[132.775, 33.82916666666667], [132.78125, 33.82916666666667], [132.78125, 33.83333333333334], [132.775, 33.83333333333334], [132.775, 33.82916666666667]]]}}, {"type": "Feature", "properties": {"window_end_month": "2026-04", "window_start_month": "2025-05", "mesh_500m": "503256933", "new_restaurant_permits_12m": 3, "active_mesh_rank": 32, "active_mesh_percentile": 75.0, "active_mesh_zscore": 0.1183, "hotspot_class": "other_active", "mesh_500m_center_lat": 33.83125000000001, "mesh_500m_center_lon": 132.79062499999998}, "geometry": {"type": "Polygon", "coordinates": [[[132.7875, 33.82916666666667], [132.79375, 33.82916666666667], [132.79375, 33.83333333333334], [132.7875, 33.83333333333334], [132.7875, 33.82916666666667]]]}}, {"type": "Feature", "properties": {"window_end_month": "2026-04", "window_start_month": "2025-05", "mesh_500m": "503265274", "new_restaurant_permits_12m": 3, "active_mesh_rank": 33, "active_mesh_percentile": 74.19, "active_mesh_zscore": 0.1183, "hotspot_class": "other_active", "mesh_500m_center_lat": 33.85625, "mesh_500m_center_lon": 132.721875}, "geometry": {"type": "Polygon", "coordinates": [[[132.71875, 33.85416666666667], [132.725, 33.85416666666667], [132.725, 33.85833333333334], [132.71875, 33.85833333333334], [132.71875, 33.85416666666667]]]}}, {"type": "Feature", "properties": {"window_end_month": "2026-04", "window_start_month": "2025-05", "mesh_500m": "503265283", "new_restaurant_permits_12m": 3, "active_mesh_rank": 34, "active_mesh_percentile": 73.39, "active_mesh_zscore": 0.1183, "hotspot_class": "other_active", "mesh_500m_center_lat": 33.85625, "mesh_500m_center_lon": 132.72812499999998}, "geometry": {"type": "Polygon", "coordinates": [[[132.725, 33.85416666666667], [132.73125, 33.85416666666667], [132.73125, 33.85833333333334], [132.725, 33.85833333333334], [132.725, 33.85416666666667]]]}}, {"type": "Feature", "properties": {"window_end_month": "2026-04", "window_start_month": "2025-05", "mesh_500m": "503265381", "new_restaurant_permits_12m": 3, "active_mesh_rank": 35, "active_mesh_percentile": 72.58, "active_mesh_zscore": 0.1183, "hotspot_class": "other_active", "mesh_500m_center_lat": 33.860416666666666, "mesh_500m_center_lon": 132.72812499999998}, "geometry": {"type": "Polygon", "coordinates": [[[132.725, 33.858333333333334], [132.73125, 33.858333333333334], [132.73125, 33.862500000000004], [132.725, 33.862500000000004], [132.725, 33.858333333333334]]]}}, {"type": "Feature", "properties": {"window_end_month": "2026-04", "window_start_month": "2025-05", "mesh_500m": "503266022", "new_restaurant_permits_12m": 3, "active_mesh_rank": 36, "active_mesh_percentile": 71.77, "active_mesh_zscore": 0.1183, "hotspot_class": "other_active", "mesh_500m_center_lat": 33.835416666666674, "mesh_500m_center_lon": 132.784375}, "geometry": {"type": "Polygon", "coordinates": [[[132.78125, 33.833333333333336], [132.7875, 33.833333333333336], [132.7875, 33.837500000000006], [132.78125, 33.837500000000006], [132.78125, 33.833333333333336]]]}}, {"type": "Feature", "properties": {"window_end_month": "2026-04", "window_start_month": "2025-05", "mesh_500m": "503266024", "new_restaurant_permits_12m": 3, "active_mesh_rank": 37, "active_mesh_percentile": 70.97, "active_mesh_zscore": 0.1183, "hotspot_class": "other_active", "mesh_500m_center_lat": 33.83958333333334, "mesh_500m_center_lon": 132.784375}, "geometry": {"type": "Polygon", "coordinates": [[[132.78125, 33.837500000000006], [132.7875, 33.837500000000006], [132.7875, 33.841666666666676], [132.78125, 33.841666666666676], [132.78125, 33.837500000000006]]]}}, {"type": "Feature", "properties": {"window_end_month": "2026-04", "window_start_month": "2025-05", "mesh_500m": "503266124", "new_restaurant_permits_12m": 3, "active_mesh_rank": 38, "active_mesh_percentile": 70.16, "active_mesh_zscore": 0.1183, "hotspot_class": "other_active", "mesh_500m_center_lat": 33.84791666666668, "mesh_500m_center_lon": 132.784375}, "geometry": {"type": "Polygon", "coordinates": [[[132.78125, 33.84583333333334], [132.7875, 33.84583333333334], [132.7875, 33.85000000000001], [132.78125, 33.85000000000001], [132.78125, 33.84583333333334]]]}}, {"type": "Feature", "properties": {"window_end_month": "2026-04", "window_start_month": "2025-05", "mesh_500m": "503266132", "new_restaurant_permits_12m": 3, "active_mesh_rank": 39, "active_mesh_percentile": 69.35, "active_mesh_zscore": 0.1183, "hotspot_class": "other_active", "mesh_500m_center_lat": 33.84375, "mesh_500m_center_lon": 132.796875}, "geometry": {"type": "Polygon", "coordinates": [[[132.79375, 33.84166666666667], [132.79999999999998, 33.84166666666667], [132.79999999999998, 33.84583333333334], [132.79375, 33.84583333333334], [132.79375, 33.84166666666667]]]}}, {"type": "Feature", "properties": {"window_end_month": "2026-04", "window_start_month": "2025-05", "mesh_500m": "503266203", "new_restaurant_permits_12m": 3, "active_mesh_rank": 40, "active_mesh_percentile": 68.55, "active_mesh_zscore": 0.1183, "hotspot_class": "other_active", "mesh_500m_center_lat": 33.85625, "mesh_500m_center_lon": 132.753125}, "geometry": {"type": "Polygon", "coordinates": [[[132.75, 33.85416666666667], [132.75625, 33.85416666666667], [132.75625, 33.85833333333334], [132.75, 33.85833333333334], [132.75, 33.85416666666667]]]}}, {"type": "Feature", "properties": {"window_end_month": "2026-04", "window_start_month": "2025-05", "mesh_500m": "503276314", "new_restaurant_permits_12m": 3, "active_mesh_rank": 41, "active_mesh_percentile": 67.74, "active_mesh_zscore": 0.1183, "hotspot_class": "other_active", "mesh_500m_center_lat": 33.94791666666667, "mesh_500m_center_lon": 132.77187499999997}, "geometry": {"type": "Polygon", "coordinates": [[[132.76874999999998, 33.94583333333334], [132.77499999999998, 33.94583333333334], [132.77499999999998, 33.95000000000001], [132.76874999999998, 33.95000000000001], [132.76874999999998, 33.94583333333334]]]}}, {"type": "Feature", "properties": {"window_end_month": "2026-04", "window_start_month": "2025-05", "mesh_500m": "503255792", "new_restaurant_permits_12m": 2, "active_mesh_rank": 42, "active_mesh_percentile": 66.94, "active_mesh_zscore": -0.1533, "hotspot_class": "other_active", "mesh_500m_center_lat": 33.81041666666667, "mesh_500m_center_lon": 132.746875}, "geometry": {"type": "Polygon", "coordinates": [[[132.74375, 33.80833333333333], [132.75, 33.80833333333333], [132.75, 33.8125], [132.74375, 33.8125], [132.74375, 33.80833333333333]]]}}, {"type": "Feature", "properties": {"window_end_month": "2026-04", "window_start_month": "2025-05", "mesh_500m": "503255893", "new_restaurant_permits_12m": 2, "active_mesh_rank": 43, "active_mesh_percentile": 66.13, "active_mesh_zscore": -0.1533, "hotspot_class": "other_active", "mesh_500m_center_lat": 33.82291666666667, "mesh_500m_center_lon": 132.74062500000002}, "geometry": {"type": "Polygon", "coordinates": [[[132.7375, 33.82083333333334], [132.74375, 33.82083333333334], [132.74375, 33.82500000000001], [132.7375, 33.82500000000001], [132.7375, 33.82083333333334]]]}}, {"type": "Feature", "properties": {"window_end_month": "2026-04", "window_start_month": "2025-05", "mesh_500m": "503255974", "new_restaurant_permits_12m": 2, "active_mesh_rank": 44, "active_mesh_percentile": 65.32, "active_mesh_zscore": -0.1533, "hotspot_class": "other_active", "mesh_500m_center_lat": 33.83125000000001, "mesh_500m_center_lon": 132.721875}, "geometry": {"type": "Polygon", "coordinates": [[[132.71875, 33.82916666666667], [132.725, 33.82916666666667], [132.725, 33.83333333333334], [132.71875, 33.83333333333334], [132.71875, 33.82916666666667]]]}}, {"type": "Feature", "properties": {"window_end_month": "2026-04", "window_start_month": "2025-05", "mesh_500m": "503255991", "new_restaurant_permits_12m": 2, "active_mesh_rank": 45, "active_mesh_percentile": 64.52, "active_mesh_zscore": -0.1533, "hotspot_class": "other_active", "mesh_500m_center_lat": 33.827083333333334, "mesh_500m_center_lon": 132.74062500000002}, "geometry": {"type": "Polygon", "coordinates": [[[132.7375, 33.825], [132.74375, 33.825], [132.74375, 33.82916666666667], [132.7375, 33.82916666666667], [132.7375, 33.825]]]}}, {"type": "Feature", "properties": {"window_end_month": "2026-04", "window_start_month": "2025-05", "mesh_500m": "503256731", "new_restaurant_permits_12m": 2, "active_mesh_rank": 46, "active_mesh_percentile": 63.71, "active_mesh_zscore": -0.1533, "hotspot_class": "other_active", "mesh_500m_center_lat": 33.81041666666667, "mesh_500m_center_lon": 132.79062499999998}, "geometry": {"type": "Polygon", "coordinates": [[[132.7875, 33.80833333333333], [132.79375, 33.80833333333333], [132.79375, 33.8125], [132.7875, 33.8125], [132.7875, 33.80833333333333]]]}}, {"type": "Feature", "properties": {"window_end_month": "2026-04", "window_start_month": "2025-05", "mesh_500m": "503256753", "new_restaurant_permits_12m": 2, "active_mesh_rank": 47, "active_mesh_percentile": 62.9, "active_mesh_zscore": -0.1533, "hotspot_class": "other_active", "mesh_500m_center_lat": 33.81458333333333, "mesh_500m_center_lon": 132.815625}, "geometry": {"type": "Polygon", "coordinates": [[[132.8125, 33.8125], [132.81875, 33.8125], [132.81875, 33.81666666666667], [132.8125, 33.81666666666667], [132.8125, 33.8125]]]}}, {"type": "Feature", "properties": {"window_end_month": "2026-04", "window_start_month": "2025-05", "mesh_500m": "503256801", "new_restaurant_permits_12m": 2, "active_mesh_rank": 48, "active_mesh_percentile": 62.1, "active_mesh_zscore": -0.1533, "hotspot_class": "other_active", "mesh_500m_center_lat": 33.81875000000001, "mesh_500m_center_lon": 132.753125}, "geometry": {"type": "Polygon", "coordinates": [[[132.75, 33.81666666666667], [132.75625, 33.81666666666667], [132.75625, 33.82083333333334], [132.75, 33.82083333333334], [132.75, 33.81666666666667]]]}}, {"type": "Feature", "properties": {"window_end_month": "2026-04", "window_start_month": "2025-05", "mesh_500m": "503256802", "new_restaurant_permits_12m": 2, "active_mesh_rank": 49, "active_mesh_percentile": 61.29, "active_mesh_zscore": -0.1533, "hotspot_class": "other_active", "mesh_500m_center_lat": 33.81875000000001, "mesh_500m_center_lon": 132.75937499999998}, "geometry": {"type": "Polygon", "coordinates": [[[132.75625, 33.81666666666667], [132.7625, 33.81666666666667], [132.7625, 33.82083333333334], [132.75625, 33.82083333333334], [132.75625, 33.81666666666667]]]}}, {"type": "Feature", "properties": {"window_end_month": "2026-04", "window_start_month": "2025-05", "mesh_500m": "503256812", "new_restaurant_permits_12m": 2, "active_mesh_rank": 50, "active_mesh_percentile": 60.48, "active_mesh_zscore": -0.1533, "hotspot_class": "other_active", "mesh_500m_center_lat": 33.81875000000001, "mesh_500m_center_lon": 132.77187499999997}, "geometry": {"type": "Polygon", "coordinates": [[[132.76874999999998, 33.81666666666667], [132.77499999999998, 33.81666666666667], [132.77499999999998, 33.82083333333334], [132.76874999999998, 33.82083333333334], [132.76874999999998, 33.81666666666667]]]}}, {"type": "Feature", "properties": {"window_end_month": "2026-04", "window_start_month": "2025-05", "mesh_500m": "503256924", "new_restaurant_permits_12m": 2, "active_mesh_rank": 51, "active_mesh_percentile": 59.68, "active_mesh_zscore": -0.1533, "hotspot_class": "other_active", "mesh_500m_center_lat": 33.83125000000001, "mesh_500m_center_lon": 132.784375}, "geometry": {"type": "Polygon", "coordinates": [[[132.78125, 33.82916666666667], [132.7875, 33.82916666666667], [132.7875, 33.83333333333334], [132.78125, 33.83333333333334], [132.78125, 33.82916666666667]]]}}, {"type": "Feature", "properties": {"window_end_month": "2026-04", "window_start_month": "2025-05", "mesh_500m": "503256931", "new_restaurant_permits_12m": 2, "active_mesh_rank": 52, "active_mesh_percentile": 58.87, "active_mesh_zscore": -0.1533, "hotspot_class": "other_active", "mesh_500m_center_lat": 33.827083333333334, "mesh_500m_center_lon": 132.79062499999998}, "geometry": {"type": "Polygon", "coordinates": [[[132.7875, 33.825], [132.79375, 33.825], [132.79375, 33.82916666666667], [132.7875, 33.82916666666667], [132.7875, 33.825]]]}}, {"type": "Feature", "properties": {"window_end_month": "2026-04", "window_start_month": "2025-05", "mesh_500m": "503265092", "new_restaurant_permits_12m": 2, "active_mesh_rank": 53, "active_mesh_percentile": 58.06, "active_mesh_zscore": -0.1533, "hotspot_class": "other_active", "mesh_500m_center_lat": 33.835416666666674, "mesh_500m_center_lon": 132.746875}, "geometry": {"type": "Polygon", "coordinates": [[[132.74375, 33.833333333333336], [132.75, 33.833333333333336], [132.75, 33.837500000000006], [132.74375, 33.837500000000006], [132.74375, 33.833333333333336]]]}}, {"type": "Feature", "properties": {"window_end_month": "2026-04", "window_start_month": "2025-05", "mesh_500m": "503265273", "new_restaurant_permits_12m": 2, "active_mesh_rank": 54, "active_mesh_percentile": 57.26, "active_mesh_zscore": -0.1533, "hotspot_class": "other_active", "mesh_500m_center_lat": 33.85625, "mesh_500m_center_lon": 132.715625}, "geometry": {"type": "Polygon", "coordinates": [[[132.7125, 33.85416666666667], [132.71875, 33.85416666666667], [132.71875, 33.85833333333334], [132.7125, 33.85833333333334], [132.7125, 33.85416666666667]]]}}, {"type": "Feature", "properties": {"window_end_month": "2026-04", "window_start_month": "2025-05", "mesh_500m": "503265292", "new_restaurant_permits_12m": 2, "active_mesh_rank": 55, "active_mesh_percentile": 56.45, "active_mesh_zscore": -0.1533, "hotspot_class": "other_active", "mesh_500m_center_lat": 33.85208333333334, "mesh_500m_center_lon": 132.746875}, "geometry": {"type": "Polygon", "coordinates": [[[132.74375, 33.85], [132.75, 33.85], [132.75, 33.85416666666667], [132.74375, 33.85416666666667], [132.74375, 33.85]]]}}, {"type": "Feature", "properties": {"window_end_month": "2026-04", "window_start_month": "2025-05", "mesh_500m": "503265371", "new_restaurant_permits_12m": 2, "active_mesh_rank": 56, "active_mesh_percentile": 55.65, "active_mesh_zscore": -0.1533, "hotspot_class": "other_active", "mesh_500m_center_lat": 33.860416666666666, "mesh_500m_center_lon": 132.715625}, "geometry": {"type": "Polygon", "coordinates": [[[132.7125, 33.858333333333334], [132.71875, 33.858333333333334], [132.71875, 33.862500000000004], [132.7125, 33.862500000000004], [132.7125, 33.858333333333334]]]}}, {"type": "Feature", "properties": {"window_end_month": "2026-04", "window_start_month": "2025-05", "mesh_500m": "503265882", "new_restaurant_permits_12m": 2, "active_mesh_rank": 57, "active_mesh_percentile": 54.84, "active_mesh_zscore": -0.1533, "hotspot_class": "other_active", "mesh_500m_center_lat": 33.90208333333334, "mesh_500m_center_lon": 132.734375}, "geometry": {"type": "Polygon", "coordinates": [[[132.73125, 33.900000000000006], [132.73749999999998, 33.900000000000006], [132.73749999999998, 33.904166666666676], [132.73125, 33.904166666666676], [132.73125, 33.900000000000006]]]}}, {"type": "Feature", "properties": {"window_end_month": "2026-04", "window_start_month": "2025-05", "mesh_500m": "503266021", "new_restaurant_permits_12m": 2, "active_mesh_rank": 58, "active_mesh_percentile": 54.03, "active_mesh_zscore": -0.1533, "hotspot_class": "other_active", "mesh_500m_center_lat": 33.835416666666674, "mesh_500m_center_lon": 132.778125}, "geometry": {"type": "Polygon", "coordinates": [[[132.775, 33.833333333333336], [132.78125, 33.833333333333336], [132.78125, 33.837500000000006], [132.775, 33.837500000000006], [132.775, 33.833333333333336]]]}}, {"type": "Feature", "properties": {"window_end_month": "2026-04", "window_start_month": "2025-05", "mesh_500m": "503266031", "new_restaurant_permits_12m": 2, "active_mesh_rank": 59, "active_mesh_percentile": 53.23, "active_mesh_zscore": -0.1533, "hotspot_class": "other_active", "mesh_500m_center_lat": 33.835416666666674, "mesh_500m_center_lon": 132.79062499999998}, "geometry": {"type": "Polygon", "coordinates": [[[132.7875, 33.833333333333336], [132.79375, 33.833333333333336], [132.79375, 33.837500000000006], [132.7875, 33.837500000000006], [132.7875, 33.833333333333336]]]}}, {"type": "Feature", "properties": {"window_end_month": "2026-04", "window_start_month": "2025-05", "mesh_500m": "503266033", "new_restaurant_permits_12m": 2, "active_mesh_rank": 60, "active_mesh_percentile": 52.42, "active_mesh_zscore": -0.1533, "hotspot_class": "other_active", "mesh_500m_center_lat": 33.83958333333334, "mesh_500m_center_lon": 132.79062499999998}, "geometry": {"type": "Polygon", "coordinates": [[[132.7875, 33.837500000000006], [132.79375, 33.837500000000006], [132.79375, 33.841666666666676], [132.7875, 33.841666666666676], [132.7875, 33.837500000000006]]]}}, {"type": "Feature", "properties": {"window_end_month": "2026-04", "window_start_month": "2025-05", "mesh_500m": "503266223", "new_restaurant_permits_12m": 2, "active_mesh_rank": 61, "active_mesh_percentile": 51.61, "active_mesh_zscore": -0.1533, "hotspot_class": "other_active", "mesh_500m_center_lat": 33.85625, "mesh_500m_center_lon": 132.778125}, "geometry": {"type": "Polygon", "coordinates": [[[132.775, 33.85416666666667], [132.78125, 33.85416666666667], [132.78125, 33.85833333333334], [132.775, 33.85833333333334], [132.775, 33.85416666666667]]]}}, {"type": "Feature", "properties": {"window_end_month": "2026-04", "window_start_month": "2025-05", "mesh_500m": "503266403", "new_restaurant_permits_12m": 2, "active_mesh_rank": 62, "active_mesh_percentile": 50.81, "active_mesh_zscore": -0.1533, "hotspot_class": "other_active", "mesh_500m_center_lat": 33.87291666666667, "mesh_500m_center_lon": 132.753125}, "geometry": {"type": "Polygon", "coordinates": [[[132.75, 33.87083333333334], [132.75625, 33.87083333333334], [132.75625, 33.87500000000001], [132.75, 33.87500000000001], [132.75, 33.87083333333334]]]}}, {"type": "Feature", "properties": {"window_end_month": "2026-04", "window_start_month": "2025-05", "mesh_500m": "503276421", "new_restaurant_permits_12m": 2, "active_mesh_rank": 63, "active_mesh_percentile": 50.0, "active_mesh_zscore": -0.1533, "hotspot_class": "other_active", "mesh_500m_center_lat": 33.952083333333334, "mesh_500m_center_lon": 132.778125}, "geometry": {"type": "Polygon", "coordinates": [[[132.775, 33.95], [132.78125, 33.95], [132.78125, 33.95416666666667], [132.775, 33.95416666666667], [132.775, 33.95]]]}}, {"type": "Feature", "properties": {"window_end_month": "2026-04", "window_start_month": "2025-05", "mesh_500m": "503276512", "new_restaurant_permits_12m": 2, "active_mesh_rank": 64, "active_mesh_percentile": 49.19, "active_mesh_zscore": -0.1533, "hotspot_class": "other_active", "mesh_500m_center_lat": 33.960416666666674, "mesh_500m_center_lon": 132.77187499999997}, "geometry": {"type": "Polygon", "coordinates": [[[132.76874999999998, 33.958333333333336], [132.77499999999998, 33.958333333333336], [132.77499999999998, 33.962500000000006], [132.76874999999998, 33.962500000000006], [132.76874999999998, 33.958333333333336]]]}}, {"type": "Feature", "properties": {"window_end_month": "2026-04", "window_start_month": "2025-05", "mesh_500m": "503276521", "new_restaurant_permits_12m": 2, "active_mesh_rank": 65, "active_mesh_percentile": 48.39, "active_mesh_zscore": -0.1533, "hotspot_class": "other_active", "mesh_500m_center_lat": 33.960416666666674, "mesh_500m_center_lon": 132.778125}, "geometry": {"type": "Polygon", "coordinates": [[[132.775, 33.958333333333336], [132.78125, 33.958333333333336], [132.78125, 33.962500000000006], [132.775, 33.962500000000006], [132.775, 33.958333333333336]]]}}, {"type": "Feature", "properties": {"window_end_month": "2026-04", "window_start_month": "2025-05", "mesh_500m": "503276712", "new_restaurant_permits_12m": 2, "active_mesh_rank": 66, "active_mesh_percentile": 47.58, "active_mesh_zscore": -0.1533, "hotspot_class": "other_active", "mesh_500m_center_lat": 33.97708333333334, "mesh_500m_center_lon": 132.77187499999997}, "geometry": {"type": "Polygon", "coordinates": [[[132.76874999999998, 33.975], [132.77499999999998, 33.975], [132.77499999999998, 33.97916666666667], [132.76874999999998, 33.97916666666667], [132.76874999999998, 33.975]]]}}, {"type": "Feature", "properties": {"window_end_month": "2026-04", "window_start_month": "2025-05", "mesh_500m": "503255683", "new_restaurant_permits_12m": 1, "active_mesh_rank": 67, "active_mesh_percentile": 46.77, "active_mesh_zscore": -0.425, "hotspot_class": "other_active", "mesh_500m_center_lat": 33.806250000000006, "mesh_500m_center_lon": 132.72812499999998}, "geometry": {"type": "Polygon", "coordinates": [[[132.725, 33.80416666666667], [132.73125, 33.80416666666667], [132.73125, 33.80833333333334], [132.725, 33.80833333333334], [132.725, 33.80416666666667]]]}}, {"type": "Feature", "properties": {"window_end_month": "2026-04", "window_start_month": "2025-05", "mesh_500m": "503255783", "new_restaurant_permits_12m": 1, "active_mesh_rank": 68, "active_mesh_percentile": 45.97, "active_mesh_zscore": -0.425, "hotspot_class": "other_active", "mesh_500m_center_lat": 33.81458333333333, "mesh_500m_center_lon": 132.72812499999998}, "geometry": {"type": "Polygon", "coordinates": [[[132.725, 33.8125], [132.73125, 33.8125], [132.73125, 33.81666666666667], [132.725, 33.81666666666667], [132.725, 33.8125]]]}}, {"type": "Feature", "properties": {"window_end_month": "2026-04", "window_start_month": "2025-05", "mesh_500m": "503255854", "new_restaurant_permits_12m": 1, "active_mesh_rank": 69, "active_mesh_percentile": 45.16, "active_mesh_zscore": -0.425, "hotspot_class": "other_active", "mesh_500m_center_lat": 33.82291666666667, "mesh_500m_center_lon": 132.69687499999998}, "geometry": {"type": "Polygon", "coordinates": [[[132.69375, 33.82083333333334], [132.7, 33.82083333333334], [132.7, 33.82500000000001], [132.69375, 33.82500000000001], [132.69375, 33.82083333333334]]]}}, {"type": "Feature", "properties": {"window_end_month": "2026-04", "window_start_month": "2025-05", "mesh_500m": "503255873", "new_restaurant_permits_12m": 1, "active_mesh_rank": 70, "active_mesh_percentile": 44.35, "active_mesh_zscore": -0.425, "hotspot_class": "other_active", "mesh_500m_center_lat": 33.82291666666667, "mesh_500m_center_lon": 132.715625}, "geometry": {"type": "Polygon", "coordinates": [[[132.7125, 33.82083333333334], [132.71875, 33.82083333333334], [132.71875, 33.82500000000001], [132.7125, 33.82500000000001], [132.7125, 33.82083333333334]]]}}, {"type": "Feature", "properties": {"window_end_month": "2026-04", "window_start_month": "2025-05", "mesh_500m": "503255892", "new_restaurant_permits_12m": 1, "active_mesh_rank": 71, "active_mesh_percentile": 43.55, "active_mesh_zscore": -0.425, "hotspot_class": "other_active", "mesh_500m_center_lat": 33.81875000000001, "mesh_500m_center_lon": 132.746875}, "geometry": {"type": "Polygon", "coordinates": [[[132.74375, 33.81666666666667], [132.75, 33.81666666666667], [132.75, 33.82083333333334], [132.74375, 33.82083333333334], [132.74375, 33.81666666666667]]]}}, {"type": "Feature", "properties": {"window_end_month": "2026-04", "window_start_month": "2025-05", "mesh_500m": "503255894", "new_restaurant_permits_12m": 1, "active_mesh_rank": 72, "active_mesh_percentile": 42.74, "active_mesh_zscore": -0.425, "hotspot_class": "other_active", "mesh_500m_center_lat": 33.82291666666667, "mesh_500m_center_lon": 132.746875}, "geometry": {"type": "Polygon", "coordinates": [[[132.74375, 33.82083333333334], [132.75, 33.82083333333334], [132.75, 33.82500000000001], [132.74375, 33.82500000000001], [132.74375, 33.82083333333334]]]}}, {"type": "Feature", "properties": {"window_end_month": "2026-04", "window_start_month": "2025-05", "mesh_500m": "503255964", "new_restaurant_permits_12m": 1, "active_mesh_rank": 73, "active_mesh_percentile": 41.94, "active_mesh_zscore": -0.425, "hotspot_class": "other_active", "mesh_500m_center_lat": 33.83125000000001, "mesh_500m_center_lon": 132.70937499999997}, "geometry": {"type": "Polygon", "coordinates": [[[132.70624999999998, 33.82916666666667], [132.71249999999998, 33.82916666666667], [132.71249999999998, 33.83333333333334], [132.70624999999998, 33.83333333333334], [132.70624999999998, 33.82916666666667]]]}}, {"type": "Feature", "properties": {"window_end_month": "2026-04", "window_start_month": "2025-05", "mesh_500m": "503255972", "new_restaurant_permits_12m": 1, "active_mesh_rank": 74, "active_mesh_percentile": 41.13, "active_mesh_zscore": -0.425, "hotspot_class": "other_active", "mesh_500m_center_lat": 33.827083333333334, "mesh_500m_center_lon": 132.721875}, "geometry": {"type": "Polygon", "coordinates": [[[132.71875, 33.825], [132.725, 33.825], [132.725, 33.82916666666667], [132.71875, 33.82916666666667], [132.71875, 33.825]]]}}, {"type": "Feature", "properties": {"window_end_month": "2026-04", "window_start_month": "2025-05", "mesh_500m": "503255973", "new_restaurant_permits_12m": 1, "active_mesh_rank": 75, "active_mesh_percentile": 40.32, "active_mesh_zscore": -0.425, "hotspot_class": "other_active", "mesh_500m_center_lat": 33.83125000000001, "mesh_500m_center_lon": 132.715625}, "geometry": {"type": "Polygon", "coordinates": [[[132.7125, 33.82916666666667], [132.71875, 33.82916666666667], [132.71875, 33.83333333333334], [132.7125, 33.83333333333334], [132.7125, 33.82916666666667]]]}}, {"type": "Feature", "properties": {"window_end_month": "2026-04", "window_start_month": "2025-05", "mesh_500m": "503255982", "new_restaurant_permits_12m": 1, "active_mesh_rank": 76, "active_mesh_percentile": 39.52, "active_mesh_zscore": -0.425, "hotspot_class": "other_active", "mesh_500m_center_lat": 33.827083333333334, "mesh_500m_center_lon": 132.734375}, "geometry": {"type": "Polygon", "coordinates": [[[132.73125, 33.825], [132.73749999999998, 33.825], [132.73749999999998, 33.82916666666667], [132.73125, 33.82916666666667], [132.73125, 33.825]]]}}, {"type": "Feature", "properties": {"window_end_month": "2026-04", "window_start_month": "2025-05", "mesh_500m": "503255994", "new_restaurant_permits_12m": 1, "active_mesh_rank": 77, "active_mesh_percentile": 38.71, "active_mesh_zscore": -0.425, "hotspot_class": "other_active", "mesh_500m_center_lat": 33.83125000000001, "mesh_500m_center_lon": 132.746875}, "geometry": {"type": "Polygon", "coordinates": [[[132.74375, 33.82916666666667], [132.75, 33.82916666666667], [132.75, 33.83333333333334], [132.74375, 33.83333333333334], [132.74375, 33.82916666666667]]]}}, {"type": "Feature", "properties": {"window_end_month": "2026-04", "window_start_month": "2025-05", "mesh_500m": "503256524", "new_restaurant_permits_12m": 1, "active_mesh_rank": 78, "active_mesh_percentile": 37.9, "active_mesh_zscore": -0.425, "hotspot_class": "other_active", "mesh_500m_center_lat": 33.797916666666666, "mesh_500m_center_lon": 132.784375}, "geometry": {"type": "Polygon", "coordinates": [[[132.78125, 33.795833333333334], [132.7875, 33.795833333333334], [132.7875, 33.800000000000004], [132.78125, 33.800000000000004], [132.78125, 33.795833333333334]]]}}, {"type": "Feature", "properties": {"window_end_month": "2026-04", "window_start_month": "2025-05", "mesh_500m": "503256611", "new_restaurant_permits_12m": 1, "active_mesh_rank": 79, "active_mesh_percentile": 37.1, "active_mesh_zscore": -0.425, "hotspot_class": "other_active", "mesh_500m_center_lat": 33.80208333333333, "mesh_500m_center_lon": 132.765625}, "geometry": {"type": "Polygon", "coordinates": [[[132.7625, 33.8], [132.76874999999998, 33.8], [132.76874999999998, 33.80416666666667], [132.7625, 33.80416666666667], [132.7625, 33.8]]]}}, {"type": "Feature", "properties": {"window_end_month": "2026-04", "window_start_month": "2025-05", "mesh_500m": "503256613", "new_restaurant_permits_12m": 1, "active_mesh_rank": 80, "active_mesh_percentile": 36.29, "active_mesh_zscore": -0.425, "hotspot_class": "other_active", "mesh_500m_center_lat": 33.806250000000006, "mesh_500m_center_lon": 132.765625}, "geometry": {"type": "Polygon", "coordinates": [[[132.7625, 33.80416666666667], [132.76874999999998, 33.80416666666667], [132.76874999999998, 33.80833333333334], [132.7625, 33.80833333333334], [132.7625, 33.80416666666667]]]}}, {"type": "Feature", "properties": {"window_end_month": "2026-04", "window_start_month": "2025-05", "mesh_500m": "503256624", "new_restaurant_permits_12m": 1, "active_mesh_rank": 81, "active_mesh_percentile": 35.48, "active_mesh_zscore": -0.425, "hotspot_class": "other_active", "mesh_500m_center_lat": 33.806250000000006, "mesh_500m_center_lon": 132.784375}, "geometry": {"type": "Polygon", "coordinates": [[[132.78125, 33.80416666666667], [132.7875, 33.80416666666667], [132.7875, 33.80833333333334], [132.78125, 33.80833333333334], [132.78125, 33.80416666666667]]]}}, {"type": "Feature", "properties": {"window_end_month": "2026-04", "window_start_month": "2025-05", "mesh_500m": "503256633", "new_restaurant_permits_12m": 1, "active_mesh_rank": 82, "active_mesh_percentile": 34.68, "active_mesh_zscore": -0.425, "hotspot_class": "other_active", "mesh_500m_center_lat": 33.806250000000006, "mesh_500m_center_lon": 132.79062499999998}, "geometry": {"type": "Polygon", "coordinates": [[[132.7875, 33.80416666666667], [132.79375, 33.80416666666667], [132.79375, 33.80833333333334], [132.7875, 33.80833333333334], [132.7875, 33.80416666666667]]]}}, {"type": "Feature", "properties": {"window_end_month": "2026-04", "window_start_month": "2025-05", "mesh_500m": "503256703", "new_restaurant_permits_12m": 1, "active_mesh_rank": 83, "active_mesh_percentile": 33.87, "active_mesh_zscore": -0.425, "hotspot_class": "other_active", "mesh_500m_center_lat": 33.81458333333333, "mesh_500m_center_lon": 132.753125}, "geometry": {"type": "Polygon", "coordinates": [[[132.75, 33.8125], [132.75625, 33.8125], [132.75625, 33.81666666666667], [132.75, 33.81666666666667], [132.75, 33.8125]]]}}, {"type": "Feature", "properties": {"window_end_month": "2026-04", "window_start_month": "2025-05", "mesh_500m": "503256704", "new_restaurant_permits_12m": 1, "active_mesh_rank": 84, "active_mesh_percentile": 33.06, "active_mesh_zscore": -0.425, "hotspot_class": "other_active", "mesh_500m_center_lat": 33.81458333333333, "mesh_500m_center_lon": 132.75937499999998}, "geometry": {"type": "Polygon", "coordinates": [[[132.75625, 33.8125], [132.7625, 33.8125], [132.7625, 33.81666666666667], [132.75625, 33.81666666666667], [132.75625, 33.8125]]]}}, {"type": "Feature", "properties": {"window_end_month": "2026-04", "window_start_month": "2025-05", "mesh_500m": "503256722", "new_restaurant_permits_12m": 1, "active_mesh_rank": 85, "active_mesh_percentile": 32.26, "active_mesh_zscore": -0.425, "hotspot_class": "other_active", "mesh_500m_center_lat": 33.81041666666667, "mesh_500m_center_lon": 132.784375}, "geometry": {"type": "Polygon", "coordinates": [[[132.78125, 33.80833333333333], [132.7875, 33.80833333333333], [132.7875, 33.8125], [132.78125, 33.8125], [132.78125, 33.80833333333333]]]}}, {"type": "Feature", "properties": {"window_end_month": "2026-04", "window_start_month": "2025-05", "mesh_500m": "503256724", "new_restaurant_permits_12m": 1, "active_mesh_rank": 86, "active_mesh_percentile": 31.45, "active_mesh_zscore": -0.425, "hotspot_class": "other_active", "mesh_500m_center_lat": 33.81458333333333, "mesh_500m_center_lon": 132.784375}, "geometry": {"type": "Polygon", "coordinates": [[[132.78125, 33.8125], [132.7875, 33.8125], [132.7875, 33.81666666666667], [132.78125, 33.81666666666667], [132.78125, 33.8125]]]}}, {"type": "Feature", "properties": {"window_end_month": "2026-04", "window_start_month": "2025-05", "mesh_500m": "503256744", "new_restaurant_permits_12m": 1, "active_mesh_rank": 87, "active_mesh_percentile": 30.65, "active_mesh_zscore": -0.425, "hotspot_class": "other_active", "mesh_500m_center_lat": 33.81458333333333, "mesh_500m_center_lon": 132.809375}, "geometry": {"type": "Polygon", "coordinates": [[[132.80625, 33.8125], [132.8125, 33.8125], [132.8125, 33.81666666666667], [132.80625, 33.81666666666667], [132.80625, 33.8125]]]}}, {"type": "Feature", "properties": {"window_end_month": "2026-04", "window_start_month": "2025-05", "mesh_500m": "503256752", "new_restaurant_permits_12m": 1, "active_mesh_rank": 88, "active_mesh_percentile": 29.84, "active_mesh_zscore": -0.425, "hotspot_class": "other_active", "mesh_500m_center_lat": 33.81041666666667, "mesh_500m_center_lon": 132.82187499999998}, "geometry": {"type": "Polygon", "coordinates": [[[132.81875, 33.80833333333333], [132.825, 33.80833333333333], [132.825, 33.8125], [132.81875, 33.8125], [132.81875, 33.80833333333333]]]}}, {"type": "Feature", "properties": {"window_end_month": "2026-04", "window_start_month": "2025-05", "mesh_500m": "503256804", "new_restaurant_permits_12m": 1, "active_mesh_rank": 89, "active_mesh_percentile": 29.03, "active_mesh_zscore": -0.425, "hotspot_class": "other_active", "mesh_500m_center_lat": 33.82291666666667, "mesh_500m_center_lon": 132.75937499999998}, "geometry": {"type": "Polygon", "coordinates": [[[132.75625, 33.82083333333334], [132.7625, 33.82083333333334], [132.7625, 33.82500000000001], [132.75625, 33.82500000000001], [132.75625, 33.82083333333334]]]}}, {"type": "Feature", "properties": {"window_end_month": "2026-04", "window_start_month": "2025-05", "mesh_500m": "503256822", "new_restaurant_permits_12m": 1, "active_mesh_rank": 90, "active_mesh_percentile": 28.23, "active_mesh_zscore": -0.425, "hotspot_class": "other_active", "mesh_500m_center_lat": 33.81875000000001, "mesh_500m_center_lon": 132.784375}, "geometry": {"type": "Polygon", "coordinates": [[[132.78125, 33.81666666666667], [132.7875, 33.81666666666667], [132.7875, 33.82083333333334], [132.78125, 33.82083333333334], [132.78125, 33.81666666666667]]]}}, {"type": "Feature", "properties": {"window_end_month": "2026-04", "window_start_month": "2025-05", "mesh_500m": "503256903", "new_restaurant_permits_12m": 1, "active_mesh_rank": 91, "active_mesh_percentile": 27.42, "active_mesh_zscore": -0.425, "hotspot_class": "other_active", "mesh_500m_center_lat": 33.83125000000001, "mesh_500m_center_lon": 132.753125}, "geometry": {"type": "Polygon", "coordinates": [[[132.75, 33.82916666666667], [132.75625, 33.82916666666667], [132.75625, 33.83333333333334], [132.75, 33.83333333333334], [132.75, 33.82916666666667]]]}}, {"type": "Feature", "properties": {"window_end_month": "2026-04", "window_start_month": "2025-05", "mesh_500m": "503256913", "new_restaurant_permits_12m": 1, "active_mesh_rank": 92, "active_mesh_percentile": 26.61, "active_mesh_zscore": -0.425, "hotspot_class": "other_active", "mesh_500m_center_lat": 33.83125000000001, "mesh_500m_center_lon": 132.765625}, "geometry": {"type": "Polygon", "coordinates": [[[132.7625, 33.82916666666667], [132.76874999999998, 33.82916666666667], [132.76874999999998, 33.83333333333334], [132.7625, 33.83333333333334], [132.7625, 33.82916666666667]]]}}, {"type": "Feature", "properties": {"window_end_month": "2026-04", "window_start_month": "2025-05", "mesh_500m": "503256922", "new_restaurant_permits_12m": 1, "active_mesh_rank": 93, "active_mesh_percentile": 25.81, "active_mesh_zscore": -0.425, "hotspot_class": "other_active", "mesh_500m_center_lat": 33.827083333333334, "mesh_500m_center_lon": 132.784375}, "geometry": {"type": "Polygon", "coordinates": [[[132.78125, 33.825], [132.7875, 33.825], [132.7875, 33.82916666666667], [132.78125, 33.82916666666667], [132.78125, 33.825]]]}}, {"type": "Feature", "properties": {"window_end_month": "2026-04", "window_start_month": "2025-05", "mesh_500m": "503265093", "new_restaurant_permits_12m": 1, "active_mesh_rank": 94, "active_mesh_percentile": 25.0, "active_mesh_zscore": -0.425, "hotspot_class": "other_active", "mesh_500m_center_lat": 33.83958333333334, "mesh_500m_center_lon": 132.74062500000002}, "geometry": {"type": "Polygon", "coordinates": [[[132.7375, 33.837500000000006], [132.74375, 33.837500000000006], [132.74375, 33.841666666666676], [132.7375, 33.841666666666676], [132.7375, 33.837500000000006]]]}}, {"type": "Feature", "properties": {"window_end_month": "2026-04", "window_start_month": "2025-05", "mesh_500m": "503265094", "new_restaurant_permits_12m": 1, "active_mesh_rank": 95, "active_mesh_percentile": 24.19, "active_mesh_zscore": -0.425, "hotspot_class": "other_active", "mesh_500m_center_lat": 33.83958333333334, "mesh_500m_center_lon": 132.746875}, "geometry": {"type": "Polygon", "coordinates": [[[132.74375, 33.837500000000006], [132.75, 33.837500000000006], [132.75, 33.841666666666676], [132.74375, 33.841666666666676], [132.74375, 33.837500000000006]]]}}, {"type": "Feature", "properties": {"window_end_month": "2026-04", "window_start_month": "2025-05", "mesh_500m": "503265194", "new_restaurant_permits_12m": 1, "active_mesh_rank": 96, "active_mesh_percentile": 23.39, "active_mesh_zscore": -0.425, "hotspot_class": "other_active", "mesh_500m_center_lat": 33.84791666666668, "mesh_500m_center_lon": 132.746875}, "geometry": {"type": "Polygon", "coordinates": [[[132.74375, 33.84583333333334], [132.75, 33.84583333333334], [132.75, 33.85000000000001], [132.74375, 33.85000000000001], [132.74375, 33.84583333333334]]]}}, {"type": "Feature", "properties": {"window_end_month": "2026-04", "window_start_month": "2025-05", "mesh_500m": "503265271", "new_restaurant_permits_12m": 1, "active_mesh_rank": 97, "active_mesh_percentile": 22.58, "active_mesh_zscore": -0.425, "hotspot_class": "other_active", "mesh_500m_center_lat": 33.85208333333334, "mesh_500m_center_lon": 132.715625}, "geometry": {"type": "Polygon", "coordinates": [[[132.7125, 33.85], [132.71875, 33.85], [132.71875, 33.85416666666667], [132.7125, 33.85416666666667], [132.7125, 33.85]]]}}, {"type": "Feature", "properties": {"window_end_month": "2026-04", "window_start_month": "2025-05", "mesh_500m": "503265272", "new_restaurant_permits_12m": 1, "active_mesh_rank": 98, "active_mesh_percentile": 21.77, "active_mesh_zscore": -0.425, "hotspot_class": "other_active", "mesh_500m_center_lat": 33.85208333333334, "mesh_500m_center_lon": 132.721875}, "geometry": {"type": "Polygon", "coordinates": [[[132.71875, 33.85], [132.725, 33.85], [132.725, 33.85416666666667], [132.71875, 33.85416666666667], [132.71875, 33.85]]]}}, {"type": "Feature", "properties": {"window_end_month": "2026-04", "window_start_month": "2025-05", "mesh_500m": "503265284", "new_restaurant_permits_12m": 1, "active_mesh_rank": 99, "active_mesh_percentile": 20.97, "active_mesh_zscore": -0.425, "hotspot_class": "other_active", "mesh_500m_center_lat": 33.85625, "mesh_500m_center_lon": 132.734375}, "geometry": {"type": "Polygon", "coordinates": [[[132.73125, 33.85416666666667], [132.73749999999998, 33.85416666666667], [132.73749999999998, 33.85833333333334], [132.73125, 33.85833333333334], [132.73125, 33.85416666666667]]]}}, {"type": "Feature", "properties": {"window_end_month": "2026-04", "window_start_month": "2025-05", "mesh_500m": "503265291", "new_restaurant_permits_12m": 1, "active_mesh_rank": 100, "active_mesh_percentile": 20.16, "active_mesh_zscore": -0.425, "hotspot_class": "other_active", "mesh_500m_center_lat": 33.85208333333334, "mesh_500m_center_lon": 132.74062500000002}, "geometry": {"type": "Polygon", "coordinates": [[[132.7375, 33.85], [132.74375, 33.85], [132.74375, 33.85416666666667], [132.7375, 33.85416666666667], [132.7375, 33.85]]]}}, {"type": "Feature", "properties": {"window_end_month": "2026-04", "window_start_month": "2025-05", "mesh_500m": "503265294", "new_restaurant_permits_12m": 1, "active_mesh_rank": 101, "active_mesh_percentile": 19.35, "active_mesh_zscore": -0.425, "hotspot_class": "other_active", "mesh_500m_center_lat": 33.85625, "mesh_500m_center_lon": 132.746875}, "geometry": {"type": "Polygon", "coordinates": [[[132.74375, 33.85416666666667], [132.75, 33.85416666666667], [132.75, 33.85833333333334], [132.74375, 33.85833333333334], [132.74375, 33.85416666666667]]]}}, {"type": "Feature", "properties": {"window_end_month": "2026-04", "window_start_month": "2025-05", "mesh_500m": "503265462", "new_restaurant_permits_12m": 1, "active_mesh_rank": 102, "active_mesh_percentile": 18.55, "active_mesh_zscore": -0.425, "hotspot_class": "other_active", "mesh_500m_center_lat": 33.868750000000006, "mesh_500m_center_lon": 132.70937499999997}, "geometry": {"type": "Polygon", "coordinates": [[[132.70624999999998, 33.86666666666667], [132.71249999999998, 33.86666666666667], [132.71249999999998, 33.87083333333334], [132.70624999999998, 33.87083333333334], [132.70624999999998, 33.86666666666667]]]}}, {"type": "Feature", "properties": {"window_end_month": "2026-04", "window_start_month": "2025-05", "mesh_500m": "503265471", "new_restaurant_permits_12m": 1, "active_mesh_rank": 103, "active_mesh_percentile": 17.74, "active_mesh_zscore": -0.425, "hotspot_class": "other_active", "mesh_500m_center_lat": 33.868750000000006, "mesh_500m_center_lon": 132.715625}, "geometry": {"type": "Polygon", "coordinates": [[[132.7125, 33.86666666666667], [132.71875, 33.86666666666667], [132.71875, 33.87083333333334], [132.7125, 33.87083333333334], [132.7125, 33.86666666666667]]]}}, {"type": "Feature", "properties": {"window_end_month": "2026-04", "window_start_month": "2025-05", "mesh_500m": "503265472", "new_restaurant_permits_12m": 1, "active_mesh_rank": 104, "active_mesh_percentile": 16.94, "active_mesh_zscore": -0.425, "hotspot_class": "other_active", "mesh_500m_center_lat": 33.868750000000006, "mesh_500m_center_lon": 132.721875}, "geometry": {"type": "Polygon", "coordinates": [[[132.71875, 33.86666666666667], [132.725, 33.86666666666667], [132.725, 33.87083333333334], [132.71875, 33.87083333333334], [132.71875, 33.86666666666667]]]}}, {"type": "Feature", "properties": {"window_end_month": "2026-04", "window_start_month": "2025-05", "mesh_500m": "503265783", "new_restaurant_permits_12m": 1, "active_mesh_rank": 105, "active_mesh_percentile": 16.13, "active_mesh_zscore": -0.425, "hotspot_class": "other_active", "mesh_500m_center_lat": 33.897916666666674, "mesh_500m_center_lon": 132.72812499999998}, "geometry": {"type": "Polygon", "coordinates": [[[132.725, 33.895833333333336], [132.73125, 33.895833333333336], [132.73125, 33.900000000000006], [132.725, 33.900000000000006], [132.725, 33.895833333333336]]]}}, {"type": "Feature", "properties": {"window_end_month": "2026-04", "window_start_month": "2025-05", "mesh_500m": "503266001", "new_restaurant_permits_12m": 1, "active_mesh_rank": 106, "active_mesh_percentile": 15.32, "active_mesh_zscore": -0.425, "hotspot_class": "other_active", "mesh_500m_center_lat": 33.835416666666674, "mesh_500m_center_lon": 132.753125}, "geometry": {"type": "Polygon", "coordinates": [[[132.75, 33.833333333333336], [132.75625, 33.833333333333336], [132.75625, 33.837500000000006], [132.75, 33.837500000000006], [132.75, 33.833333333333336]]]}}, {"type": "Feature", "properties": {"window_end_month": "2026-04", "window_start_month": "2025-05", "mesh_500m": "503266023", "new_restaurant_permits_12m": 1, "active_mesh_rank": 107, "active_mesh_percentile": 14.52, "active_mesh_zscore": -0.425, "hotspot_class": "other_active", "mesh_500m_center_lat": 33.83958333333334, "mesh_500m_center_lon": 132.778125}, "geometry": {"type": "Polygon", "coordinates": [[[132.775, 33.837500000000006], [132.78125, 33.837500000000006], [132.78125, 33.841666666666676], [132.775, 33.841666666666676], [132.775, 33.837500000000006]]]}}, {"type": "Feature", "properties": {"window_end_month": "2026-04", "window_start_month": "2025-05", "mesh_500m": "503266034", "new_restaurant_permits_12m": 1, "active_mesh_rank": 108, "active_mesh_percentile": 13.71, "active_mesh_zscore": -0.425, "hotspot_class": "other_active", "mesh_500m_center_lat": 33.83958333333334, "mesh_500m_center_lon": 132.796875}, "geometry": {"type": "Polygon", "coordinates": [[[132.79375, 33.837500000000006], [132.79999999999998, 33.837500000000006], [132.79999999999998, 33.841666666666676], [132.79375, 33.841666666666676], [132.79375, 33.837500000000006]]]}}, {"type": "Feature", "properties": {"window_end_month": "2026-04", "window_start_month": "2025-05", "mesh_500m": "503266131", "new_restaurant_permits_12m": 1, "active_mesh_rank": 109, "active_mesh_percentile": 12.9, "active_mesh_zscore": -0.425, "hotspot_class": "other_active", "mesh_500m_center_lat": 33.84375, "mesh_500m_center_lon": 132.79062499999998}, "geometry": {"type": "Polygon", "coordinates": [[[132.7875, 33.84166666666667], [132.79375, 33.84166666666667], [132.79375, 33.84583333333334], [132.7875, 33.84583333333334], [132.7875, 33.84166666666667]]]}}, {"type": "Feature", "properties": {"window_end_month": "2026-04", "window_start_month": "2025-05", "mesh_500m": "503266134", "new_restaurant_permits_12m": 1, "active_mesh_rank": 110, "active_mesh_percentile": 12.1, "active_mesh_zscore": -0.425, "hotspot_class": "other_active", "mesh_500m_center_lat": 33.84791666666668, "mesh_500m_center_lon": 132.796875}, "geometry": {"type": "Polygon", "coordinates": [[[132.79375, 33.84583333333334], [132.79999999999998, 33.84583333333334], [132.79999999999998, 33.85000000000001], [132.79375, 33.85000000000001], [132.79375, 33.84583333333334]]]}}, {"type": "Feature", "properties": {"window_end_month": "2026-04", "window_start_month": "2025-05", "mesh_500m": "503266201", "new_restaurant_permits_12m": 1, "active_mesh_rank": 111, "active_mesh_percentile": 11.29, "active_mesh_zscore": -0.425, "hotspot_class": "other_active", "mesh_500m_center_lat": 33.85208333333334, "mesh_500m_center_lon": 132.753125}, "geometry": {"type": "Polygon", "coordinates": [[[132.75, 33.85], [132.75625, 33.85], [132.75625, 33.85416666666667], [132.75, 33.85416666666667], [132.75, 33.85]]]}}, {"type": "Feature", "properties": {"window_end_month": "2026-04", "window_start_month": "2025-05", "mesh_500m": "503266204", "new_restaurant_permits_12m": 1, "active_mesh_rank": 112, "active_mesh_percentile": 10.48, "active_mesh_zscore": -0.425, "hotspot_class": "other_active", "mesh_500m_center_lat": 33.85625, "mesh_500m_center_lon": 132.75937499999998}, "geometry": {"type": "Polygon", "coordinates": [[[132.75625, 33.85416666666667], [132.7625, 33.85416666666667], [132.7625, 33.85833333333334], [132.75625, 33.85833333333334], [132.75625, 33.85416666666667]]]}}, {"type": "Feature", "properties": {"window_end_month": "2026-04", "window_start_month": "2025-05", "mesh_500m": "503266212", "new_restaurant_permits_12m": 1, "active_mesh_rank": 113, "active_mesh_percentile": 9.68, "active_mesh_zscore": -0.425, "hotspot_class": "other_active", "mesh_500m_center_lat": 33.85208333333334, "mesh_500m_center_lon": 132.77187499999997}, "geometry": {"type": "Polygon", "coordinates": [[[132.76874999999998, 33.85], [132.77499999999998, 33.85], [132.77499999999998, 33.85416666666667], [132.76874999999998, 33.85416666666667], [132.76874999999998, 33.85]]]}}, {"type": "Feature", "properties": {"window_end_month": "2026-04", "window_start_month": "2025-05", "mesh_500m": "503266221", "new_restaurant_permits_12m": 1, "active_mesh_rank": 114, "active_mesh_percentile": 8.87, "active_mesh_zscore": -0.425, "hotspot_class": "other_active", "mesh_500m_center_lat": 33.85208333333334, "mesh_500m_center_lon": 132.778125}, "geometry": {"type": "Polygon", "coordinates": [[[132.775, 33.85], [132.78125, 33.85], [132.78125, 33.85416666666667], [132.775, 33.85416666666667], [132.775, 33.85]]]}}, {"type": "Feature", "properties": {"window_end_month": "2026-04", "window_start_month": "2025-05", "mesh_500m": "503266224", "new_restaurant_permits_12m": 1, "active_mesh_rank": 115, "active_mesh_percentile": 8.06, "active_mesh_zscore": -0.425, "hotspot_class": "other_active", "mesh_500m_center_lat": 33.85625, "mesh_500m_center_lon": 132.784375}, "geometry": {"type": "Polygon", "coordinates": [[[132.78125, 33.85416666666667], [132.7875, 33.85416666666667], [132.7875, 33.85833333333334], [132.78125, 33.85833333333334], [132.78125, 33.85416666666667]]]}}, {"type": "Feature", "properties": {"window_end_month": "2026-04", "window_start_month": "2025-05", "mesh_500m": "503266302", "new_restaurant_permits_12m": 1, "active_mesh_rank": 116, "active_mesh_percentile": 7.26, "active_mesh_zscore": -0.425, "hotspot_class": "other_active", "mesh_500m_center_lat": 33.860416666666666, "mesh_500m_center_lon": 132.75937499999998}, "geometry": {"type": "Polygon", "coordinates": [[[132.75625, 33.858333333333334], [132.7625, 33.858333333333334], [132.7625, 33.862500000000004], [132.75625, 33.862500000000004], [132.75625, 33.858333333333334]]]}}, {"type": "Feature", "properties": {"window_end_month": "2026-04", "window_start_month": "2025-05", "mesh_500m": "503266304", "new_restaurant_permits_12m": 1, "active_mesh_rank": 117, "active_mesh_percentile": 6.45, "active_mesh_zscore": -0.425, "hotspot_class": "other_active", "mesh_500m_center_lat": 33.86458333333334, "mesh_500m_center_lon": 132.75937499999998}, "geometry": {"type": "Polygon", "coordinates": [[[132.75625, 33.862500000000004], [132.7625, 33.862500000000004], [132.7625, 33.866666666666674], [132.75625, 33.866666666666674], [132.75625, 33.862500000000004]]]}}, {"type": "Feature", "properties": {"window_end_month": "2026-04", "window_start_month": "2025-05", "mesh_500m": "503274482", "new_restaurant_permits_12m": 1, "active_mesh_rank": 118, "active_mesh_percentile": 5.65, "active_mesh_zscore": -0.425, "hotspot_class": "other_active", "mesh_500m_center_lat": 33.952083333333334, "mesh_500m_center_lon": 132.609375}, "geometry": {"type": "Polygon", "coordinates": [[[132.60625, 33.95], [132.61249999999998, 33.95], [132.61249999999998, 33.95416666666667], [132.60625, 33.95416666666667], [132.60625, 33.95]]]}}, {"type": "Feature", "properties": {"window_end_month": "2026-04", "window_start_month": "2025-05", "mesh_500m": "503275403", "new_restaurant_permits_12m": 1, "active_mesh_rank": 119, "active_mesh_percentile": 4.84, "active_mesh_zscore": -0.425, "hotspot_class": "other_active", "mesh_500m_center_lat": 33.95625000000001, "mesh_500m_center_lon": 132.628125}, "geometry": {"type": "Polygon", "coordinates": [[[132.625, 33.95416666666667], [132.63125, 33.95416666666667], [132.63125, 33.95833333333334], [132.625, 33.95833333333334], [132.625, 33.95416666666667]]]}}, {"type": "Feature", "properties": {"window_end_month": "2026-04", "window_start_month": "2025-05", "mesh_500m": "503275603", "new_restaurant_permits_12m": 1, "active_mesh_rank": 120, "active_mesh_percentile": 4.03, "active_mesh_zscore": -0.425, "hotspot_class": "other_active", "mesh_500m_center_lat": 33.97291666666668, "mesh_500m_center_lon": 132.628125}, "geometry": {"type": "Polygon", "coordinates": [[[132.625, 33.97083333333334], [132.63125, 33.97083333333334], [132.63125, 33.97500000000001], [132.625, 33.97500000000001], [132.625, 33.97083333333334]]]}}, {"type": "Feature", "properties": {"window_end_month": "2026-04", "window_start_month": "2025-05", "mesh_500m": "503275701", "new_restaurant_permits_12m": 1, "active_mesh_rank": 121, "active_mesh_percentile": 3.23, "active_mesh_zscore": -0.425, "hotspot_class": "other_active", "mesh_500m_center_lat": 33.97708333333334, "mesh_500m_center_lon": 132.628125}, "geometry": {"type": "Polygon", "coordinates": [[[132.625, 33.975], [132.63125, 33.975], [132.63125, 33.97916666666667], [132.625, 33.97916666666667], [132.625, 33.975]]]}}, {"type": "Feature", "properties": {"window_end_month": "2026-04", "window_start_month": "2025-05", "mesh_500m": "503276522", "new_restaurant_permits_12m": 1, "active_mesh_rank": 122, "active_mesh_percentile": 2.42, "active_mesh_zscore": -0.425, "hotspot_class": "other_active", "mesh_500m_center_lat": 33.960416666666674, "mesh_500m_center_lon": 132.784375}, "geometry": {"type": "Polygon", "coordinates": [[[132.78125, 33.958333333333336], [132.7875, 33.958333333333336], [132.7875, 33.962500000000006], [132.78125, 33.962500000000006], [132.78125, 33.958333333333336]]]}}, {"type": "Feature", "properties": {"window_end_month": "2026-04", "window_start_month": "2025-05", "mesh_500m": "503276614", "new_restaurant_permits_12m": 1, "active_mesh_rank": 123, "active_mesh_percentile": 1.61, "active_mesh_zscore": -0.425, "hotspot_class": "other_active", "mesh_500m_center_lat": 33.97291666666668, "mesh_500m_center_lon": 132.77187499999997}, "geometry": {"type": "Polygon", "coordinates": [[[132.76874999999998, 33.97083333333334], [132.77499999999998, 33.97083333333334], [132.77499999999998, 33.97500000000001], [132.76874999999998, 33.97500000000001], [132.76874999999998, 33.97083333333334]]]}}, {"type": "Feature", "properties": {"window_end_month": "2026-04", "window_start_month": "2025-05", "mesh_500m": "503276622", "new_restaurant_permits_12m": 1, "active_mesh_rank": 124, "active_mesh_percentile": 0.81, "active_mesh_zscore": -0.425, "hotspot_class": "other_active", "mesh_500m_center_lat": 33.96875, "mesh_500m_center_lon": 132.784375}, "geometry": {"type": "Polygon", "coordinates": [[[132.78125, 33.96666666666667], [132.7875, 33.96666666666667], [132.7875, 33.97083333333334], [132.78125, 33.97083333333334], [132.78125, 33.96666666666667]]]}}, {"type": "Feature", "properties": {"window_end_month": "2026-05", "window_start_month": "2025-06", "mesh_500m": "503266222", "new_restaurant_permits_12m": 35, "active_mesh_rank": 1, "active_mesh_percentile": 100.0, "active_mesh_zscore": 9.3256, "hotspot_class": "top_5pct_active", "mesh_500m_center_lat": 33.85208333333334, "mesh_500m_center_lon": 132.784375}, "geometry": {"type": "Polygon", "coordinates": [[[132.78125, 33.85], [132.7875, 33.85], [132.7875, 33.85416666666667], [132.78125, 33.85416666666667], [132.78125, 33.85]]]}}, {"type": "Feature", "properties": {"window_end_month": "2026-05", "window_start_month": "2025-06", "mesh_500m": "503265373", "new_restaurant_permits_12m": 11, "active_mesh_rank": 2, "active_mesh_percentile": 99.15, "active_mesh_zscore": 2.4569, "hotspot_class": "top_5pct_active", "mesh_500m_center_lat": 33.86458333333334, "mesh_500m_center_lon": 132.715625}, "geometry": {"type": "Polygon", "coordinates": [[[132.7125, 33.862500000000004], [132.71875, 33.862500000000004], [132.71875, 33.866666666666674], [132.7125, 33.866666666666674], [132.7125, 33.862500000000004]]]}}, {"type": "Feature", "properties": {"window_end_month": "2026-05", "window_start_month": "2025-06", "mesh_500m": "503256814", "new_restaurant_permits_12m": 9, "active_mesh_rank": 3, "active_mesh_percentile": 98.31, "active_mesh_zscore": 1.8845, "hotspot_class": "top_5pct_active", "mesh_500m_center_lat": 33.82291666666667, "mesh_500m_center_lon": 132.77187499999997}, "geometry": {"type": "Polygon", "coordinates": [[[132.76874999999998, 33.82083333333334], [132.77499999999998, 33.82083333333334], [132.77499999999998, 33.82500000000001], [132.76874999999998, 33.82500000000001], [132.76874999999998, 33.82083333333334]]]}}, {"type": "Feature", "properties": {"window_end_month": "2026-05", "window_start_month": "2025-06", "mesh_500m": "503256823", "new_restaurant_permits_12m": 8, "active_mesh_rank": 4, "active_mesh_percentile": 97.46, "active_mesh_zscore": 1.5983, "hotspot_class": "top_5pct_active", "mesh_500m_center_lat": 33.82291666666667, "mesh_500m_center_lon": 132.778125}, "geometry": {"type": "Polygon", "coordinates": [[[132.775, 33.82083333333334], [132.78125, 33.82083333333334], [132.78125, 33.82500000000001], [132.775, 33.82500000000001], [132.775, 33.82083333333334]]]}}, {"type": "Feature", "properties": {"window_end_month": "2026-05", "window_start_month": "2025-06", "mesh_500m": "503266101", "new_restaurant_permits_12m": 8, "active_mesh_rank": 5, "active_mesh_percentile": 96.61, "active_mesh_zscore": 1.5983, "hotspot_class": "top_5pct_active", "mesh_500m_center_lat": 33.84375, "mesh_500m_center_lon": 132.753125}, "geometry": {"type": "Polygon", "coordinates": [[[132.75, 33.84166666666667], [132.75625, 33.84166666666667], [132.75625, 33.84583333333334], [132.75, 33.84583333333334], [132.75, 33.84166666666667]]]}}, {"type": "Feature", "properties": {"window_end_month": "2026-05", "window_start_month": "2025-06", "mesh_500m": "503256711", "new_restaurant_permits_12m": 6, "active_mesh_rank": 6, "active_mesh_percentile": 95.76, "active_mesh_zscore": 1.0259, "hotspot_class": "top_5pct_active", "mesh_500m_center_lat": 33.81041666666667, "mesh_500m_center_lon": 132.765625}, "geometry": {"type": "Polygon", "coordinates": [[[132.7625, 33.80833333333333], [132.76874999999998, 33.80833333333333], [132.76874999999998, 33.8125], [132.7625, 33.8125], [132.7625, 33.80833333333333]]]}}, {"type": "Feature", "properties": {"window_end_month": "2026-05", "window_start_month": "2025-06", "mesh_500m": "503256934", "new_restaurant_permits_12m": 6, "active_mesh_rank": 7, "active_mesh_percentile": 94.92, "active_mesh_zscore": 1.0259, "hotspot_class": "top_20pct_active", "mesh_500m_center_lat": 33.83125000000001, "mesh_500m_center_lon": 132.796875}, "geometry": {"type": "Polygon", "coordinates": [[[132.79375, 33.82916666666667], [132.79999999999998, 33.82916666666667], [132.79999999999998, 33.83333333333334], [132.79375, 33.83333333333334], [132.79375, 33.82916666666667]]]}}, {"type": "Feature", "properties": {"window_end_month": "2026-05", "window_start_month": "2025-06", "mesh_500m": "503255793", "new_restaurant_permits_12m": 5, "active_mesh_rank": 8, "active_mesh_percentile": 94.07, "active_mesh_zscore": 0.7397, "hotspot_class": "top_20pct_active", "mesh_500m_center_lat": 33.81458333333333, "mesh_500m_center_lon": 132.74062500000002}, "geometry": {"type": "Polygon", "coordinates": [[[132.7375, 33.8125], [132.74375, 33.8125], [132.74375, 33.81666666666667], [132.7375, 33.81666666666667], [132.7375, 33.8125]]]}}, {"type": "Feature", "properties": {"window_end_month": "2026-05", "window_start_month": "2025-06", "mesh_500m": "503256702", "new_restaurant_permits_12m": 5, "active_mesh_rank": 9, "active_mesh_percentile": 93.22, "active_mesh_zscore": 0.7397, "hotspot_class": "top_20pct_active", "mesh_500m_center_lat": 33.81041666666667, "mesh_500m_center_lon": 132.75937499999998}, "geometry": {"type": "Polygon", "coordinates": [[[132.75625, 33.80833333333333], [132.7625, 33.80833333333333], [132.7625, 33.8125], [132.75625, 33.8125], [132.75625, 33.80833333333333]]]}}, {"type": "Feature", "properties": {"window_end_month": "2026-05", "window_start_month": "2025-06", "mesh_500m": "503256712", "new_restaurant_permits_12m": 5, "active_mesh_rank": 10, "active_mesh_percentile": 92.37, "active_mesh_zscore": 0.7397, "hotspot_class": "top_20pct_active", "mesh_500m_center_lat": 33.81041666666667, "mesh_500m_center_lon": 132.77187499999997}, "geometry": {"type": "Polygon", "coordinates": [[[132.76874999999998, 33.80833333333333], [132.77499999999998, 33.80833333333333], [132.77499999999998, 33.8125], [132.76874999999998, 33.8125], [132.76874999999998, 33.80833333333333]]]}}, {"type": "Feature", "properties": {"window_end_month": "2026-05", "window_start_month": "2025-06", "mesh_500m": "503255794", "new_restaurant_permits_12m": 4, "active_mesh_rank": 11, "active_mesh_percentile": 91.53, "active_mesh_zscore": 0.4535, "hotspot_class": "top_20pct_active", "mesh_500m_center_lat": 33.81458333333333, "mesh_500m_center_lon": 132.746875}, "geometry": {"type": "Polygon", "coordinates": [[[132.74375, 33.8125], [132.75, 33.8125], [132.75, 33.81666666666667], [132.74375, 33.81666666666667], [132.74375, 33.8125]]]}}, {"type": "Feature", "properties": {"window_end_month": "2026-05", "window_start_month": "2025-06", "mesh_500m": "503255992", "new_restaurant_permits_12m": 4, "active_mesh_rank": 12, "active_mesh_percentile": 90.68, "active_mesh_zscore": 0.4535, "hotspot_class": "top_20pct_active", "mesh_500m_center_lat": 33.827083333333334, "mesh_500m_center_lon": 132.746875}, "geometry": {"type": "Polygon", "coordinates": [[[132.74375, 33.825], [132.75, 33.825], [132.75, 33.82916666666667], [132.74375, 33.82916666666667], [132.74375, 33.825]]]}}, {"type": "Feature", "properties": {"window_end_month": "2026-05", "window_start_month": "2025-06", "mesh_500m": "503256803", "new_restaurant_permits_12m": 4, "active_mesh_rank": 13, "active_mesh_percentile": 89.83, "active_mesh_zscore": 0.4535, "hotspot_class": "top_20pct_active", "mesh_500m_center_lat": 33.82291666666667, "mesh_500m_center_lon": 132.753125}, "geometry": {"type": "Polygon", "coordinates": [[[132.75, 33.82083333333334], [132.75625, 33.82083333333334], [132.75625, 33.82500000000001], [132.75, 33.82500000000001], [132.75, 33.82083333333334]]]}}, {"type": "Feature", "properties": {"window_end_month": "2026-05", "window_start_month": "2025-06", "mesh_500m": "503256902", "new_restaurant_permits_12m": 4, "active_mesh_rank": 14, "active_mesh_percentile": 88.98, "active_mesh_zscore": 0.4535, "hotspot_class": "top_20pct_active", "mesh_500m_center_lat": 33.827083333333334, "mesh_500m_center_lon": 132.75937499999998}, "geometry": {"type": "Polygon", "coordinates": [[[132.75625, 33.825], [132.7625, 33.825], [132.7625, 33.82916666666667], [132.75625, 33.82916666666667], [132.75625, 33.825]]]}}, {"type": "Feature", "properties": {"window_end_month": "2026-05", "window_start_month": "2025-06", "mesh_500m": "503256914", "new_restaurant_permits_12m": 4, "active_mesh_rank": 15, "active_mesh_percentile": 88.14, "active_mesh_zscore": 0.4535, "hotspot_class": "top_20pct_active", "mesh_500m_center_lat": 33.83125000000001, "mesh_500m_center_lon": 132.77187499999997}, "geometry": {"type": "Polygon", "coordinates": [[[132.76874999999998, 33.82916666666667], [132.77499999999998, 33.82916666666667], [132.77499999999998, 33.83333333333334], [132.76874999999998, 33.83333333333334], [132.76874999999998, 33.82916666666667]]]}}, {"type": "Feature", "properties": {"window_end_month": "2026-05", "window_start_month": "2025-06", "mesh_500m": "503265372", "new_restaurant_permits_12m": 4, "active_mesh_rank": 16, "active_mesh_percentile": 87.29, "active_mesh_zscore": 0.4535, "hotspot_class": "top_20pct_active", "mesh_500m_center_lat": 33.860416666666666, "mesh_500m_center_lon": 132.721875}, "geometry": {"type": "Polygon", "coordinates": [[[132.71875, 33.858333333333334], [132.725, 33.858333333333334], [132.725, 33.862500000000004], [132.71875, 33.862500000000004], [132.71875, 33.858333333333334]]]}}, {"type": "Feature", "properties": {"window_end_month": "2026-05", "window_start_month": "2025-06", "mesh_500m": "503266103", "new_restaurant_permits_12m": 4, "active_mesh_rank": 17, "active_mesh_percentile": 86.44, "active_mesh_zscore": 0.4535, "hotspot_class": "top_20pct_active", "mesh_500m_center_lat": 33.84791666666668, "mesh_500m_center_lon": 132.753125}, "geometry": {"type": "Polygon", "coordinates": [[[132.75, 33.84583333333334], [132.75625, 33.84583333333334], [132.75625, 33.85000000000001], [132.75, 33.85000000000001], [132.75, 33.84583333333334]]]}}, {"type": "Feature", "properties": {"window_end_month": "2026-05", "window_start_month": "2025-06", "mesh_500m": "503266231", "new_restaurant_permits_12m": 4, "active_mesh_rank": 18, "active_mesh_percentile": 85.59, "active_mesh_zscore": 0.4535, "hotspot_class": "top_20pct_active", "mesh_500m_center_lat": 33.85208333333334, "mesh_500m_center_lon": 132.79062499999998}, "geometry": {"type": "Polygon", "coordinates": [[[132.7875, 33.85], [132.79375, 33.85], [132.79375, 33.85416666666667], [132.7875, 33.85416666666667], [132.7875, 33.85]]]}}, {"type": "Feature", "properties": {"window_end_month": "2026-05", "window_start_month": "2025-06", "mesh_500m": "503266301", "new_restaurant_permits_12m": 4, "active_mesh_rank": 19, "active_mesh_percentile": 84.75, "active_mesh_zscore": 0.4535, "hotspot_class": "top_20pct_active", "mesh_500m_center_lat": 33.860416666666666, "mesh_500m_center_lon": 132.753125}, "geometry": {"type": "Polygon", "coordinates": [[[132.75, 33.858333333333334], [132.75625, 33.858333333333334], [132.75625, 33.862500000000004], [132.75, 33.862500000000004], [132.75, 33.858333333333334]]]}}, {"type": "Feature", "properties": {"window_end_month": "2026-05", "window_start_month": "2025-06", "mesh_500m": "503255981", "new_restaurant_permits_12m": 3, "active_mesh_rank": 20, "active_mesh_percentile": 83.9, "active_mesh_zscore": 0.1674, "hotspot_class": "top_20pct_active", "mesh_500m_center_lat": 33.827083333333334, "mesh_500m_center_lon": 132.72812499999998}, "geometry": {"type": "Polygon", "coordinates": [[[132.725, 33.825], [132.73125, 33.825], [132.73125, 33.82916666666667], [132.725, 33.82916666666667], [132.725, 33.825]]]}}, {"type": "Feature", "properties": {"window_end_month": "2026-05", "window_start_month": "2025-06", "mesh_500m": "503256721", "new_restaurant_permits_12m": 3, "active_mesh_rank": 21, "active_mesh_percentile": 83.05, "active_mesh_zscore": 0.1674, "hotspot_class": "top_20pct_active", "mesh_500m_center_lat": 33.81041666666667, "mesh_500m_center_lon": 132.778125}, "geometry": {"type": "Polygon", "coordinates": [[[132.775, 33.80833333333333], [132.78125, 33.80833333333333], [132.78125, 33.8125], [132.775, 33.8125], [132.775, 33.80833333333333]]]}}, {"type": "Feature", "properties": {"window_end_month": "2026-05", "window_start_month": "2025-06", "mesh_500m": "503256732", "new_restaurant_permits_12m": 3, "active_mesh_rank": 22, "active_mesh_percentile": 82.2, "active_mesh_zscore": 0.1674, "hotspot_class": "top_20pct_active", "mesh_500m_center_lat": 33.81041666666667, "mesh_500m_center_lon": 132.796875}, "geometry": {"type": "Polygon", "coordinates": [[[132.79375, 33.80833333333333], [132.79999999999998, 33.80833333333333], [132.79999999999998, 33.8125], [132.79375, 33.8125], [132.79375, 33.80833333333333]]]}}, {"type": "Feature", "properties": {"window_end_month": "2026-05", "window_start_month": "2025-06", "mesh_500m": "503256741", "new_restaurant_permits_12m": 3, "active_mesh_rank": 23, "active_mesh_percentile": 81.36, "active_mesh_zscore": 0.1674, "hotspot_class": "top_20pct_active", "mesh_500m_center_lat": 33.81041666666667, "mesh_500m_center_lon": 132.80312500000002}, "geometry": {"type": "Polygon", "coordinates": [[[132.8, 33.80833333333333], [132.80625, 33.80833333333333], [132.80625, 33.8125], [132.8, 33.8125], [132.8, 33.80833333333333]]]}}, {"type": "Feature", "properties": {"window_end_month": "2026-05", "window_start_month": "2025-06", "mesh_500m": "503256801", "new_restaurant_permits_12m": 3, "active_mesh_rank": 24, "active_mesh_percentile": 80.51, "active_mesh_zscore": 0.1674, "hotspot_class": "top_20pct_active", "mesh_500m_center_lat": 33.81875000000001, "mesh_500m_center_lon": 132.753125}, "geometry": {"type": "Polygon", "coordinates": [[[132.75, 33.81666666666667], [132.75625, 33.81666666666667], [132.75625, 33.82083333333334], [132.75, 33.82083333333334], [132.75, 33.81666666666667]]]}}, {"type": "Feature", "properties": {"window_end_month": "2026-05", "window_start_month": "2025-06", "mesh_500m": "503256812", "new_restaurant_permits_12m": 3, "active_mesh_rank": 25, "active_mesh_percentile": 79.66, "active_mesh_zscore": 0.1674, "hotspot_class": "other_active", "mesh_500m_center_lat": 33.81875000000001, "mesh_500m_center_lon": 132.77187499999997}, "geometry": {"type": "Polygon", "coordinates": [[[132.76874999999998, 33.81666666666667], [132.77499999999998, 33.81666666666667], [132.77499999999998, 33.82083333333334], [132.76874999999998, 33.82083333333334], [132.76874999999998, 33.81666666666667]]]}}, {"type": "Feature", "properties": {"window_end_month": "2026-05", "window_start_month": "2025-06", "mesh_500m": "503256821", "new_restaurant_permits_12m": 3, "active_mesh_rank": 26, "active_mesh_percentile": 78.81, "active_mesh_zscore": 0.1674, "hotspot_class": "other_active", "mesh_500m_center_lat": 33.81875000000001, "mesh_500m_center_lon": 132.778125}, "geometry": {"type": "Polygon", "coordinates": [[[132.775, 33.81666666666667], [132.78125, 33.81666666666667], [132.78125, 33.82083333333334], [132.775, 33.82083333333334], [132.775, 33.81666666666667]]]}}, {"type": "Feature", "properties": {"window_end_month": "2026-05", "window_start_month": "2025-06", "mesh_500m": "503256933", "new_restaurant_permits_12m": 3, "active_mesh_rank": 27, "active_mesh_percentile": 77.97, "active_mesh_zscore": 0.1674, "hotspot_class": "other_active", "mesh_500m_center_lat": 33.83125000000001, "mesh_500m_center_lon": 132.79062499999998}, "geometry": {"type": "Polygon", "coordinates": [[[132.7875, 33.82916666666667], [132.79375, 33.82916666666667], [132.79375, 33.83333333333334], [132.7875, 33.83333333333334], [132.7875, 33.82916666666667]]]}}, {"type": "Feature", "properties": {"window_end_month": "2026-05", "window_start_month": "2025-06", "mesh_500m": "503265882", "new_restaurant_permits_12m": 3, "active_mesh_rank": 28, "active_mesh_percentile": 77.12, "active_mesh_zscore": 0.1674, "hotspot_class": "other_active", "mesh_500m_center_lat": 33.90208333333334, "mesh_500m_center_lon": 132.734375}, "geometry": {"type": "Polygon", "coordinates": [[[132.73125, 33.900000000000006], [132.73749999999998, 33.900000000000006], [132.73749999999998, 33.904166666666676], [132.73125, 33.904166666666676], [132.73125, 33.900000000000006]]]}}, {"type": "Feature", "properties": {"window_end_month": "2026-05", "window_start_month": "2025-06", "mesh_500m": "503266022", "new_restaurant_permits_12m": 3, "active_mesh_rank": 29, "active_mesh_percentile": 76.27, "active_mesh_zscore": 0.1674, "hotspot_class": "other_active", "mesh_500m_center_lat": 33.835416666666674, "mesh_500m_center_lon": 132.784375}, "geometry": {"type": "Polygon", "coordinates": [[[132.78125, 33.833333333333336], [132.7875, 33.833333333333336], [132.7875, 33.837500000000006], [132.78125, 33.837500000000006], [132.78125, 33.833333333333336]]]}}, {"type": "Feature", "properties": {"window_end_month": "2026-05", "window_start_month": "2025-06", "mesh_500m": "503266024", "new_restaurant_permits_12m": 3, "active_mesh_rank": 30, "active_mesh_percentile": 75.42, "active_mesh_zscore": 0.1674, "hotspot_class": "other_active", "mesh_500m_center_lat": 33.83958333333334, "mesh_500m_center_lon": 132.784375}, "geometry": {"type": "Polygon", "coordinates": [[[132.78125, 33.837500000000006], [132.7875, 33.837500000000006], [132.7875, 33.841666666666676], [132.78125, 33.841666666666676], [132.78125, 33.837500000000006]]]}}, {"type": "Feature", "properties": {"window_end_month": "2026-05", "window_start_month": "2025-06", "mesh_500m": "503266124", "new_restaurant_permits_12m": 3, "active_mesh_rank": 31, "active_mesh_percentile": 74.58, "active_mesh_zscore": 0.1674, "hotspot_class": "other_active", "mesh_500m_center_lat": 33.84791666666668, "mesh_500m_center_lon": 132.784375}, "geometry": {"type": "Polygon", "coordinates": [[[132.78125, 33.84583333333334], [132.7875, 33.84583333333334], [132.7875, 33.85000000000001], [132.78125, 33.85000000000001], [132.78125, 33.84583333333334]]]}}, {"type": "Feature", "properties": {"window_end_month": "2026-05", "window_start_month": "2025-06", "mesh_500m": "503266132", "new_restaurant_permits_12m": 3, "active_mesh_rank": 32, "active_mesh_percentile": 73.73, "active_mesh_zscore": 0.1674, "hotspot_class": "other_active", "mesh_500m_center_lat": 33.84375, "mesh_500m_center_lon": 132.796875}, "geometry": {"type": "Polygon", "coordinates": [[[132.79375, 33.84166666666667], [132.79999999999998, 33.84166666666667], [132.79999999999998, 33.84583333333334], [132.79375, 33.84583333333334], [132.79375, 33.84166666666667]]]}}, {"type": "Feature", "properties": {"window_end_month": "2026-05", "window_start_month": "2025-06", "mesh_500m": "503276314", "new_restaurant_permits_12m": 3, "active_mesh_rank": 33, "active_mesh_percentile": 72.88, "active_mesh_zscore": 0.1674, "hotspot_class": "other_active", "mesh_500m_center_lat": 33.94791666666667, "mesh_500m_center_lon": 132.77187499999997}, "geometry": {"type": "Polygon", "coordinates": [[[132.76874999999998, 33.94583333333334], [132.77499999999998, 33.94583333333334], [132.77499999999998, 33.95000000000001], [132.76874999999998, 33.95000000000001], [132.76874999999998, 33.94583333333334]]]}}, {"type": "Feature", "properties": {"window_end_month": "2026-05", "window_start_month": "2025-06", "mesh_500m": "503255782", "new_restaurant_permits_12m": 2, "active_mesh_rank": 34, "active_mesh_percentile": 72.03, "active_mesh_zscore": -0.1188, "hotspot_class": "other_active", "mesh_500m_center_lat": 33.81041666666667, "mesh_500m_center_lon": 132.734375}, "geometry": {"type": "Polygon", "coordinates": [[[132.73125, 33.80833333333333], [132.73749999999998, 33.80833333333333], [132.73749999999998, 33.8125], [132.73125, 33.8125], [132.73125, 33.80833333333333]]]}}, {"type": "Feature", "properties": {"window_end_month": "2026-05", "window_start_month": "2025-06", "mesh_500m": "503255792", "new_restaurant_permits_12m": 2, "active_mesh_rank": 35, "active_mesh_percentile": 71.19, "active_mesh_zscore": -0.1188, "hotspot_class": "other_active", "mesh_500m_center_lat": 33.81041666666667, "mesh_500m_center_lon": 132.746875}, "geometry": {"type": "Polygon", "coordinates": [[[132.74375, 33.80833333333333], [132.75, 33.80833333333333], [132.75, 33.8125], [132.74375, 33.8125], [132.74375, 33.80833333333333]]]}}, {"type": "Feature", "properties": {"window_end_month": "2026-05", "window_start_month": "2025-06", "mesh_500m": "503255893", "new_restaurant_permits_12m": 2, "active_mesh_rank": 36, "active_mesh_percentile": 70.34, "active_mesh_zscore": -0.1188, "hotspot_class": "other_active", "mesh_500m_center_lat": 33.82291666666667, "mesh_500m_center_lon": 132.74062500000002}, "geometry": {"type": "Polygon", "coordinates": [[[132.7375, 33.82083333333334], [132.74375, 33.82083333333334], [132.74375, 33.82500000000001], [132.7375, 33.82500000000001], [132.7375, 33.82083333333334]]]}}, {"type": "Feature", "properties": {"window_end_month": "2026-05", "window_start_month": "2025-06", "mesh_500m": "503255971", "new_restaurant_permits_12m": 2, "active_mesh_rank": 37, "active_mesh_percentile": 69.49, "active_mesh_zscore": -0.1188, "hotspot_class": "other_active", "mesh_500m_center_lat": 33.827083333333334, "mesh_500m_center_lon": 132.715625}, "geometry": {"type": "Polygon", "coordinates": [[[132.7125, 33.825], [132.71875, 33.825], [132.71875, 33.82916666666667], [132.7125, 33.82916666666667], [132.7125, 33.825]]]}}, {"type": "Feature", "properties": {"window_end_month": "2026-05", "window_start_month": "2025-06", "mesh_500m": "503255974", "new_restaurant_permits_12m": 2, "active_mesh_rank": 38, "active_mesh_percentile": 68.64, "active_mesh_zscore": -0.1188, "hotspot_class": "other_active", "mesh_500m_center_lat": 33.83125000000001, "mesh_500m_center_lon": 132.721875}, "geometry": {"type": "Polygon", "coordinates": [[[132.71875, 33.82916666666667], [132.725, 33.82916666666667], [132.725, 33.83333333333334], [132.71875, 33.83333333333334], [132.71875, 33.82916666666667]]]}}, {"type": "Feature", "properties": {"window_end_month": "2026-05", "window_start_month": "2025-06", "mesh_500m": "503255991", "new_restaurant_permits_12m": 2, "active_mesh_rank": 39, "active_mesh_percentile": 67.8, "active_mesh_zscore": -0.1188, "hotspot_class": "other_active", "mesh_500m_center_lat": 33.827083333333334, "mesh_500m_center_lon": 132.74062500000002}, "geometry": {"type": "Polygon", "coordinates": [[[132.7375, 33.825], [132.74375, 33.825], [132.74375, 33.82916666666667], [132.7375, 33.82916666666667], [132.7375, 33.825]]]}}, {"type": "Feature", "properties": {"window_end_month": "2026-05", "window_start_month": "2025-06", "mesh_500m": "503256731", "new_restaurant_permits_12m": 2, "active_mesh_rank": 40, "active_mesh_percentile": 66.95, "active_mesh_zscore": -0.1188, "hotspot_class": "other_active", "mesh_500m_center_lat": 33.81041666666667, "mesh_500m_center_lon": 132.79062499999998}, "geometry": {"type": "Polygon", "coordinates": [[[132.7875, 33.80833333333333], [132.79375, 33.80833333333333], [132.79375, 33.8125], [132.7875, 33.8125], [132.7875, 33.80833333333333]]]}}, {"type": "Feature", "properties": {"window_end_month": "2026-05", "window_start_month": "2025-06", "mesh_500m": "503256753", "new_restaurant_permits_12m": 2, "active_mesh_rank": 41, "active_mesh_percentile": 66.1, "active_mesh_zscore": -0.1188, "hotspot_class": "other_active", "mesh_500m_center_lat": 33.81458333333333, "mesh_500m_center_lon": 132.815625}, "geometry": {"type": "Polygon", "coordinates": [[[132.8125, 33.8125], [132.81875, 33.8125], [132.81875, 33.81666666666667], [132.8125, 33.81666666666667], [132.8125, 33.8125]]]}}, {"type": "Feature", "properties": {"window_end_month": "2026-05", "window_start_month": "2025-06", "mesh_500m": "503256802", "new_restaurant_permits_12m": 2, "active_mesh_rank": 42, "active_mesh_percentile": 65.25, "active_mesh_zscore": -0.1188, "hotspot_class": "other_active", "mesh_500m_center_lat": 33.81875000000001, "mesh_500m_center_lon": 132.75937499999998}, "geometry": {"type": "Polygon", "coordinates": [[[132.75625, 33.81666666666667], [132.7625, 33.81666666666667], [132.7625, 33.82083333333334], [132.75625, 33.82083333333334], [132.75625, 33.81666666666667]]]}}, {"type": "Feature", "properties": {"window_end_month": "2026-05", "window_start_month": "2025-06", "mesh_500m": "503256811", "new_restaurant_permits_12m": 2, "active_mesh_rank": 43, "active_mesh_percentile": 64.41, "active_mesh_zscore": -0.1188, "hotspot_class": "other_active", "mesh_500m_center_lat": 33.81875000000001, "mesh_500m_center_lon": 132.765625}, "geometry": {"type": "Polygon", "coordinates": [[[132.7625, 33.81666666666667], [132.76874999999998, 33.81666666666667], [132.76874999999998, 33.82083333333334], [132.7625, 33.82083333333334], [132.7625, 33.81666666666667]]]}}, {"type": "Feature", "properties": {"window_end_month": "2026-05", "window_start_month": "2025-06", "mesh_500m": "503256912", "new_restaurant_permits_12m": 2, "active_mesh_rank": 44, "active_mesh_percentile": 63.56, "active_mesh_zscore": -0.1188, "hotspot_class": "other_active", "mesh_500m_center_lat": 33.827083333333334, "mesh_500m_center_lon": 132.77187499999997}, "geometry": {"type": "Polygon", "coordinates": [[[132.76874999999998, 33.825], [132.77499999999998, 33.825], [132.77499999999998, 33.82916666666667], [132.76874999999998, 33.82916666666667], [132.76874999999998, 33.825]]]}}, {"type": "Feature", "properties": {"window_end_month": "2026-05", "window_start_month": "2025-06", "mesh_500m": "503256923", "new_restaurant_permits_12m": 2, "active_mesh_rank": 45, "active_mesh_percentile": 62.71, "active_mesh_zscore": -0.1188, "hotspot_class": "other_active", "mesh_500m_center_lat": 33.83125000000001, "mesh_500m_center_lon": 132.778125}, "geometry": {"type": "Polygon", "coordinates": [[[132.775, 33.82916666666667], [132.78125, 33.82916666666667], [132.78125, 33.83333333333334], [132.775, 33.83333333333334], [132.775, 33.82916666666667]]]}}, {"type": "Feature", "properties": {"window_end_month": "2026-05", "window_start_month": "2025-06", "mesh_500m": "503256924", "new_restaurant_permits_12m": 2, "active_mesh_rank": 46, "active_mesh_percentile": 61.86, "active_mesh_zscore": -0.1188, "hotspot_class": "other_active", "mesh_500m_center_lat": 33.83125000000001, "mesh_500m_center_lon": 132.784375}, "geometry": {"type": "Polygon", "coordinates": [[[132.78125, 33.82916666666667], [132.7875, 33.82916666666667], [132.7875, 33.83333333333334], [132.78125, 33.83333333333334], [132.78125, 33.82916666666667]]]}}, {"type": "Feature", "properties": {"window_end_month": "2026-05", "window_start_month": "2025-06", "mesh_500m": "503256931", "new_restaurant_permits_12m": 2, "active_mesh_rank": 47, "active_mesh_percentile": 61.02, "active_mesh_zscore": -0.1188, "hotspot_class": "other_active", "mesh_500m_center_lat": 33.827083333333334, "mesh_500m_center_lon": 132.79062499999998}, "geometry": {"type": "Polygon", "coordinates": [[[132.7875, 33.825], [132.79375, 33.825], [132.79375, 33.82916666666667], [132.7875, 33.82916666666667], [132.7875, 33.825]]]}}, {"type": "Feature", "properties": {"window_end_month": "2026-05", "window_start_month": "2025-06", "mesh_500m": "503265092", "new_restaurant_permits_12m": 2, "active_mesh_rank": 48, "active_mesh_percentile": 60.17, "active_mesh_zscore": -0.1188, "hotspot_class": "other_active", "mesh_500m_center_lat": 33.835416666666674, "mesh_500m_center_lon": 132.746875}, "geometry": {"type": "Polygon", "coordinates": [[[132.74375, 33.833333333333336], [132.75, 33.833333333333336], [132.75, 33.837500000000006], [132.74375, 33.837500000000006], [132.74375, 33.833333333333336]]]}}, {"type": "Feature", "properties": {"window_end_month": "2026-05", "window_start_month": "2025-06", "mesh_500m": "503265283", "new_restaurant_permits_12m": 2, "active_mesh_rank": 49, "active_mesh_percentile": 59.32, "active_mesh_zscore": -0.1188, "hotspot_class": "other_active", "mesh_500m_center_lat": 33.85625, "mesh_500m_center_lon": 132.72812499999998}, "geometry": {"type": "Polygon", "coordinates": [[[132.725, 33.85416666666667], [132.73125, 33.85416666666667], [132.73125, 33.85833333333334], [132.725, 33.85833333333334], [132.725, 33.85416666666667]]]}}, {"type": "Feature", "properties": {"window_end_month": "2026-05", "window_start_month": "2025-06", "mesh_500m": "503265371", "new_restaurant_permits_12m": 2, "active_mesh_rank": 50, "active_mesh_percentile": 58.47, "active_mesh_zscore": -0.1188, "hotspot_class": "other_active", "mesh_500m_center_lat": 33.860416666666666, "mesh_500m_center_lon": 132.715625}, "geometry": {"type": "Polygon", "coordinates": [[[132.7125, 33.858333333333334], [132.71875, 33.858333333333334], [132.71875, 33.862500000000004], [132.7125, 33.862500000000004], [132.7125, 33.858333333333334]]]}}, {"type": "Feature", "properties": {"window_end_month": "2026-05", "window_start_month": "2025-06", "mesh_500m": "503266021", "new_restaurant_permits_12m": 2, "active_mesh_rank": 51, "active_mesh_percentile": 57.63, "active_mesh_zscore": -0.1188, "hotspot_class": "other_active", "mesh_500m_center_lat": 33.835416666666674, "mesh_500m_center_lon": 132.778125}, "geometry": {"type": "Polygon", "coordinates": [[[132.775, 33.833333333333336], [132.78125, 33.833333333333336], [132.78125, 33.837500000000006], [132.775, 33.837500000000006], [132.775, 33.833333333333336]]]}}, {"type": "Feature", "properties": {"window_end_month": "2026-05", "window_start_month": "2025-06", "mesh_500m": "503266033", "new_restaurant_permits_12m": 2, "active_mesh_rank": 52, "active_mesh_percentile": 56.78, "active_mesh_zscore": -0.1188, "hotspot_class": "other_active", "mesh_500m_center_lat": 33.83958333333334, "mesh_500m_center_lon": 132.79062499999998}, "geometry": {"type": "Polygon", "coordinates": [[[132.7875, 33.837500000000006], [132.79375, 33.837500000000006], [132.79375, 33.841666666666676], [132.7875, 33.841666666666676], [132.7875, 33.837500000000006]]]}}, {"type": "Feature", "properties": {"window_end_month": "2026-05", "window_start_month": "2025-06", "mesh_500m": "503266303", "new_restaurant_permits_12m": 2, "active_mesh_rank": 53, "active_mesh_percentile": 55.93, "active_mesh_zscore": -0.1188, "hotspot_class": "other_active", "mesh_500m_center_lat": 33.86458333333334, "mesh_500m_center_lon": 132.753125}, "geometry": {"type": "Polygon", "coordinates": [[[132.75, 33.862500000000004], [132.75625, 33.862500000000004], [132.75625, 33.866666666666674], [132.75, 33.866666666666674], [132.75, 33.862500000000004]]]}}, {"type": "Feature", "properties": {"window_end_month": "2026-05", "window_start_month": "2025-06", "mesh_500m": "503266403", "new_restaurant_permits_12m": 2, "active_mesh_rank": 54, "active_mesh_percentile": 55.08, "active_mesh_zscore": -0.1188, "hotspot_class": "other_active", "mesh_500m_center_lat": 33.87291666666667, "mesh_500m_center_lon": 132.753125}, "geometry": {"type": "Polygon", "coordinates": [[[132.75, 33.87083333333334], [132.75625, 33.87083333333334], [132.75625, 33.87500000000001], [132.75, 33.87500000000001], [132.75, 33.87083333333334]]]}}, {"type": "Feature", "properties": {"window_end_month": "2026-05", "window_start_month": "2025-06", "mesh_500m": "503276421", "new_restaurant_permits_12m": 2, "active_mesh_rank": 55, "active_mesh_percentile": 54.24, "active_mesh_zscore": -0.1188, "hotspot_class": "other_active", "mesh_500m_center_lat": 33.952083333333334, "mesh_500m_center_lon": 132.778125}, "geometry": {"type": "Polygon", "coordinates": [[[132.775, 33.95], [132.78125, 33.95], [132.78125, 33.95416666666667], [132.775, 33.95416666666667], [132.775, 33.95]]]}}, {"type": "Feature", "properties": {"window_end_month": "2026-05", "window_start_month": "2025-06", "mesh_500m": "503276512", "new_restaurant_permits_12m": 2, "active_mesh_rank": 56, "active_mesh_percentile": 53.39, "active_mesh_zscore": -0.1188, "hotspot_class": "other_active", "mesh_500m_center_lat": 33.960416666666674, "mesh_500m_center_lon": 132.77187499999997}, "geometry": {"type": "Polygon", "coordinates": [[[132.76874999999998, 33.958333333333336], [132.77499999999998, 33.958333333333336], [132.77499999999998, 33.962500000000006], [132.76874999999998, 33.962500000000006], [132.76874999999998, 33.958333333333336]]]}}, {"type": "Feature", "properties": {"window_end_month": "2026-05", "window_start_month": "2025-06", "mesh_500m": "503276712", "new_restaurant_permits_12m": 2, "active_mesh_rank": 57, "active_mesh_percentile": 52.54, "active_mesh_zscore": -0.1188, "hotspot_class": "other_active", "mesh_500m_center_lat": 33.97708333333334, "mesh_500m_center_lon": 132.77187499999997}, "geometry": {"type": "Polygon", "coordinates": [[[132.76874999999998, 33.975], [132.77499999999998, 33.975], [132.77499999999998, 33.97916666666667], [132.76874999999998, 33.97916666666667], [132.76874999999998, 33.975]]]}}, {"type": "Feature", "properties": {"window_end_month": "2026-05", "window_start_month": "2025-06", "mesh_500m": "503255683", "new_restaurant_permits_12m": 1, "active_mesh_rank": 58, "active_mesh_percentile": 51.69, "active_mesh_zscore": -0.405, "hotspot_class": "other_active", "mesh_500m_center_lat": 33.806250000000006, "mesh_500m_center_lon": 132.72812499999998}, "geometry": {"type": "Polygon", "coordinates": [[[132.725, 33.80416666666667], [132.73125, 33.80416666666667], [132.73125, 33.80833333333334], [132.725, 33.80833333333334], [132.725, 33.80416666666667]]]}}, {"type": "Feature", "properties": {"window_end_month": "2026-05", "window_start_month": "2025-06", "mesh_500m": "503255783", "new_restaurant_permits_12m": 1, "active_mesh_rank": 59, "active_mesh_percentile": 50.85, "active_mesh_zscore": -0.405, "hotspot_class": "other_active", "mesh_500m_center_lat": 33.81458333333333, "mesh_500m_center_lon": 132.72812499999998}, "geometry": {"type": "Polygon", "coordinates": [[[132.725, 33.8125], [132.73125, 33.8125], [132.73125, 33.81666666666667], [132.725, 33.81666666666667], [132.725, 33.8125]]]}}, {"type": "Feature", "properties": {"window_end_month": "2026-05", "window_start_month": "2025-06", "mesh_500m": "503255854", "new_restaurant_permits_12m": 1, "active_mesh_rank": 60, "active_mesh_percentile": 50.0, "active_mesh_zscore": -0.405, "hotspot_class": "other_active", "mesh_500m_center_lat": 33.82291666666667, "mesh_500m_center_lon": 132.69687499999998}, "geometry": {"type": "Polygon", "coordinates": [[[132.69375, 33.82083333333334], [132.7, 33.82083333333334], [132.7, 33.82500000000001], [132.69375, 33.82500000000001], [132.69375, 33.82083333333334]]]}}, {"type": "Feature", "properties": {"window_end_month": "2026-05", "window_start_month": "2025-06", "mesh_500m": "503255873", "new_restaurant_permits_12m": 1, "active_mesh_rank": 61, "active_mesh_percentile": 49.15, "active_mesh_zscore": -0.405, "hotspot_class": "other_active", "mesh_500m_center_lat": 33.82291666666667, "mesh_500m_center_lon": 132.715625}, "geometry": {"type": "Polygon", "coordinates": [[[132.7125, 33.82083333333334], [132.71875, 33.82083333333334], [132.71875, 33.82500000000001], [132.7125, 33.82500000000001], [132.7125, 33.82083333333334]]]}}, {"type": "Feature", "properties": {"window_end_month": "2026-05", "window_start_month": "2025-06", "mesh_500m": "503255894", "new_restaurant_permits_12m": 1, "active_mesh_rank": 62, "active_mesh_percentile": 48.31, "active_mesh_zscore": -0.405, "hotspot_class": "other_active", "mesh_500m_center_lat": 33.82291666666667, "mesh_500m_center_lon": 132.746875}, "geometry": {"type": "Polygon", "coordinates": [[[132.74375, 33.82083333333334], [132.75, 33.82083333333334], [132.75, 33.82500000000001], [132.74375, 33.82500000000001], [132.74375, 33.82083333333334]]]}}, {"type": "Feature", "properties": {"window_end_month": "2026-05", "window_start_month": "2025-06", "mesh_500m": "503255964", "new_restaurant_permits_12m": 1, "active_mesh_rank": 63, "active_mesh_percentile": 47.46, "active_mesh_zscore": -0.405, "hotspot_class": "other_active", "mesh_500m_center_lat": 33.83125000000001, "mesh_500m_center_lon": 132.70937499999997}, "geometry": {"type": "Polygon", "coordinates": [[[132.70624999999998, 33.82916666666667], [132.71249999999998, 33.82916666666667], [132.71249999999998, 33.83333333333334], [132.70624999999998, 33.83333333333334], [132.70624999999998, 33.82916666666667]]]}}, {"type": "Feature", "properties": {"window_end_month": "2026-05", "window_start_month": "2025-06", "mesh_500m": "503255972", "new_restaurant_permits_12m": 1, "active_mesh_rank": 64, "active_mesh_percentile": 46.61, "active_mesh_zscore": -0.405, "hotspot_class": "other_active", "mesh_500m_center_lat": 33.827083333333334, "mesh_500m_center_lon": 132.721875}, "geometry": {"type": "Polygon", "coordinates": [[[132.71875, 33.825], [132.725, 33.825], [132.725, 33.82916666666667], [132.71875, 33.82916666666667], [132.71875, 33.825]]]}}, {"type": "Feature", "properties": {"window_end_month": "2026-05", "window_start_month": "2025-06", "mesh_500m": "503255973", "new_restaurant_permits_12m": 1, "active_mesh_rank": 65, "active_mesh_percentile": 45.76, "active_mesh_zscore": -0.405, "hotspot_class": "other_active", "mesh_500m_center_lat": 33.83125000000001, "mesh_500m_center_lon": 132.715625}, "geometry": {"type": "Polygon", "coordinates": [[[132.7125, 33.82916666666667], [132.71875, 33.82916666666667], [132.71875, 33.83333333333334], [132.7125, 33.83333333333334], [132.7125, 33.82916666666667]]]}}, {"type": "Feature", "properties": {"window_end_month": "2026-05", "window_start_month": "2025-06", "mesh_500m": "503255982", "new_restaurant_permits_12m": 1, "active_mesh_rank": 66, "active_mesh_percentile": 44.92, "active_mesh_zscore": -0.405, "hotspot_class": "other_active", "mesh_500m_center_lat": 33.827083333333334, "mesh_500m_center_lon": 132.734375}, "geometry": {"type": "Polygon", "coordinates": [[[132.73125, 33.825], [132.73749999999998, 33.825], [132.73749999999998, 33.82916666666667], [132.73125, 33.82916666666667], [132.73125, 33.825]]]}}, {"type": "Feature", "properties": {"window_end_month": "2026-05", "window_start_month": "2025-06", "mesh_500m": "503255983", "new_restaurant_permits_12m": 1, "active_mesh_rank": 67, "active_mesh_percentile": 44.07, "active_mesh_zscore": -0.405, "hotspot_class": "other_active", "mesh_500m_center_lat": 33.83125000000001, "mesh_500m_center_lon": 132.72812499999998}, "geometry": {"type": "Polygon", "coordinates": [[[132.725, 33.82916666666667], [132.73125, 33.82916666666667], [132.73125, 33.83333333333334], [132.725, 33.83333333333334], [132.725, 33.82916666666667]]]}}, {"type": "Feature", "properties": {"window_end_month": "2026-05", "window_start_month": "2025-06", "mesh_500m": "503256524", "new_restaurant_permits_12m": 1, "active_mesh_rank": 68, "active_mesh_percentile": 43.22, "active_mesh_zscore": -0.405, "hotspot_class": "other_active", "mesh_500m_center_lat": 33.797916666666666, "mesh_500m_center_lon": 132.784375}, "geometry": {"type": "Polygon", "coordinates": [[[132.78125, 33.795833333333334], [132.7875, 33.795833333333334], [132.7875, 33.800000000000004], [132.78125, 33.800000000000004], [132.78125, 33.795833333333334]]]}}, {"type": "Feature", "properties": {"window_end_month": "2026-05", "window_start_month": "2025-06", "mesh_500m": "503256611", "new_restaurant_permits_12m": 1, "active_mesh_rank": 69, "active_mesh_percentile": 42.37, "active_mesh_zscore": -0.405, "hotspot_class": "other_active", "mesh_500m_center_lat": 33.80208333333333, "mesh_500m_center_lon": 132.765625}, "geometry": {"type": "Polygon", "coordinates": [[[132.7625, 33.8], [132.76874999999998, 33.8], [132.76874999999998, 33.80416666666667], [132.7625, 33.80416666666667], [132.7625, 33.8]]]}}, {"type": "Feature", "properties": {"window_end_month": "2026-05", "window_start_month": "2025-06", "mesh_500m": "503256613", "new_restaurant_permits_12m": 1, "active_mesh_rank": 70, "active_mesh_percentile": 41.53, "active_mesh_zscore": -0.405, "hotspot_class": "other_active", "mesh_500m_center_lat": 33.806250000000006, "mesh_500m_center_lon": 132.765625}, "geometry": {"type": "Polygon", "coordinates": [[[132.7625, 33.80416666666667], [132.76874999999998, 33.80416666666667], [132.76874999999998, 33.80833333333334], [132.7625, 33.80833333333334], [132.7625, 33.80416666666667]]]}}, {"type": "Feature", "properties": {"window_end_month": "2026-05", "window_start_month": "2025-06", "mesh_500m": "503256624", "new_restaurant_permits_12m": 1, "active_mesh_rank": 71, "active_mesh_percentile": 40.68, "active_mesh_zscore": -0.405, "hotspot_class": "other_active", "mesh_500m_center_lat": 33.806250000000006, "mesh_500m_center_lon": 132.784375}, "geometry": {"type": "Polygon", "coordinates": [[[132.78125, 33.80416666666667], [132.7875, 33.80416666666667], [132.7875, 33.80833333333334], [132.78125, 33.80833333333334], [132.78125, 33.80416666666667]]]}}, {"type": "Feature", "properties": {"window_end_month": "2026-05", "window_start_month": "2025-06", "mesh_500m": "503256633", "new_restaurant_permits_12m": 1, "active_mesh_rank": 72, "active_mesh_percentile": 39.83, "active_mesh_zscore": -0.405, "hotspot_class": "other_active", "mesh_500m_center_lat": 33.806250000000006, "mesh_500m_center_lon": 132.79062499999998}, "geometry": {"type": "Polygon", "coordinates": [[[132.7875, 33.80416666666667], [132.79375, 33.80416666666667], [132.79375, 33.80833333333334], [132.7875, 33.80833333333334], [132.7875, 33.80416666666667]]]}}, {"type": "Feature", "properties": {"window_end_month": "2026-05", "window_start_month": "2025-06", "mesh_500m": "503256703", "new_restaurant_permits_12m": 1, "active_mesh_rank": 73, "active_mesh_percentile": 38.98, "active_mesh_zscore": -0.405, "hotspot_class": "other_active", "mesh_500m_center_lat": 33.81458333333333, "mesh_500m_center_lon": 132.753125}, "geometry": {"type": "Polygon", "coordinates": [[[132.75, 33.8125], [132.75625, 33.8125], [132.75625, 33.81666666666667], [132.75, 33.81666666666667], [132.75, 33.8125]]]}}, {"type": "Feature", "properties": {"window_end_month": "2026-05", "window_start_month": "2025-06", "mesh_500m": "503256704", "new_restaurant_permits_12m": 1, "active_mesh_rank": 74, "active_mesh_percentile": 38.14, "active_mesh_zscore": -0.405, "hotspot_class": "other_active", "mesh_500m_center_lat": 33.81458333333333, "mesh_500m_center_lon": 132.75937499999998}, "geometry": {"type": "Polygon", "coordinates": [[[132.75625, 33.8125], [132.7625, 33.8125], [132.7625, 33.81666666666667], [132.75625, 33.81666666666667], [132.75625, 33.8125]]]}}, {"type": "Feature", "properties": {"window_end_month": "2026-05", "window_start_month": "2025-06", "mesh_500m": "503256722", "new_restaurant_permits_12m": 1, "active_mesh_rank": 75, "active_mesh_percentile": 37.29, "active_mesh_zscore": -0.405, "hotspot_class": "other_active", "mesh_500m_center_lat": 33.81041666666667, "mesh_500m_center_lon": 132.784375}, "geometry": {"type": "Polygon", "coordinates": [[[132.78125, 33.80833333333333], [132.7875, 33.80833333333333], [132.7875, 33.8125], [132.78125, 33.8125], [132.78125, 33.80833333333333]]]}}, {"type": "Feature", "properties": {"window_end_month": "2026-05", "window_start_month": "2025-06", "mesh_500m": "503256724", "new_restaurant_permits_12m": 1, "active_mesh_rank": 76, "active_mesh_percentile": 36.44, "active_mesh_zscore": -0.405, "hotspot_class": "other_active", "mesh_500m_center_lat": 33.81458333333333, "mesh_500m_center_lon": 132.784375}, "geometry": {"type": "Polygon", "coordinates": [[[132.78125, 33.8125], [132.7875, 33.8125], [132.7875, 33.81666666666667], [132.78125, 33.81666666666667], [132.78125, 33.8125]]]}}, {"type": "Feature", "properties": {"window_end_month": "2026-05", "window_start_month": "2025-06", "mesh_500m": "503256744", "new_restaurant_permits_12m": 1, "active_mesh_rank": 77, "active_mesh_percentile": 35.59, "active_mesh_zscore": -0.405, "hotspot_class": "other_active", "mesh_500m_center_lat": 33.81458333333333, "mesh_500m_center_lon": 132.809375}, "geometry": {"type": "Polygon", "coordinates": [[[132.80625, 33.8125], [132.8125, 33.8125], [132.8125, 33.81666666666667], [132.80625, 33.81666666666667], [132.80625, 33.8125]]]}}, {"type": "Feature", "properties": {"window_end_month": "2026-05", "window_start_month": "2025-06", "mesh_500m": "503256752", "new_restaurant_permits_12m": 1, "active_mesh_rank": 78, "active_mesh_percentile": 34.75, "active_mesh_zscore": -0.405, "hotspot_class": "other_active", "mesh_500m_center_lat": 33.81041666666667, "mesh_500m_center_lon": 132.82187499999998}, "geometry": {"type": "Polygon", "coordinates": [[[132.81875, 33.80833333333333], [132.825, 33.80833333333333], [132.825, 33.8125], [132.81875, 33.8125], [132.81875, 33.80833333333333]]]}}, {"type": "Feature", "properties": {"window_end_month": "2026-05", "window_start_month": "2025-06", "mesh_500m": "503256804", "new_restaurant_permits_12m": 1, "active_mesh_rank": 79, "active_mesh_percentile": 33.9, "active_mesh_zscore": -0.405, "hotspot_class": "other_active", "mesh_500m_center_lat": 33.82291666666667, "mesh_500m_center_lon": 132.75937499999998}, "geometry": {"type": "Polygon", "coordinates": [[[132.75625, 33.82083333333334], [132.7625, 33.82083333333334], [132.7625, 33.82500000000001], [132.75625, 33.82500000000001], [132.75625, 33.82083333333334]]]}}, {"type": "Feature", "properties": {"window_end_month": "2026-05", "window_start_month": "2025-06", "mesh_500m": "503256822", "new_restaurant_permits_12m": 1, "active_mesh_rank": 80, "active_mesh_percentile": 33.05, "active_mesh_zscore": -0.405, "hotspot_class": "other_active", "mesh_500m_center_lat": 33.81875000000001, "mesh_500m_center_lon": 132.784375}, "geometry": {"type": "Polygon", "coordinates": [[[132.78125, 33.81666666666667], [132.7875, 33.81666666666667], [132.7875, 33.82083333333334], [132.78125, 33.82083333333334], [132.78125, 33.81666666666667]]]}}, {"type": "Feature", "properties": {"window_end_month": "2026-05", "window_start_month": "2025-06", "mesh_500m": "503256903", "new_restaurant_permits_12m": 1, "active_mesh_rank": 81, "active_mesh_percentile": 32.2, "active_mesh_zscore": -0.405, "hotspot_class": "other_active", "mesh_500m_center_lat": 33.83125000000001, "mesh_500m_center_lon": 132.753125}, "geometry": {"type": "Polygon", "coordinates": [[[132.75, 33.82916666666667], [132.75625, 33.82916666666667], [132.75625, 33.83333333333334], [132.75, 33.83333333333334], [132.75, 33.82916666666667]]]}}, {"type": "Feature", "properties": {"window_end_month": "2026-05", "window_start_month": "2025-06", "mesh_500m": "503256913", "new_restaurant_permits_12m": 1, "active_mesh_rank": 82, "active_mesh_percentile": 31.36, "active_mesh_zscore": -0.405, "hotspot_class": "other_active", "mesh_500m_center_lat": 33.83125000000001, "mesh_500m_center_lon": 132.765625}, "geometry": {"type": "Polygon", "coordinates": [[[132.7625, 33.82916666666667], [132.76874999999998, 33.82916666666667], [132.76874999999998, 33.83333333333334], [132.7625, 33.83333333333334], [132.7625, 33.82916666666667]]]}}, {"type": "Feature", "properties": {"window_end_month": "2026-05", "window_start_month": "2025-06", "mesh_500m": "503256922", "new_restaurant_permits_12m": 1, "active_mesh_rank": 83, "active_mesh_percentile": 30.51, "active_mesh_zscore": -0.405, "hotspot_class": "other_active", "mesh_500m_center_lat": 33.827083333333334, "mesh_500m_center_lon": 132.784375}, "geometry": {"type": "Polygon", "coordinates": [[[132.78125, 33.825], [132.7875, 33.825], [132.7875, 33.82916666666667], [132.78125, 33.82916666666667], [132.78125, 33.825]]]}}, {"type": "Feature", "properties": {"window_end_month": "2026-05", "window_start_month": "2025-06", "mesh_500m": "503265271", "new_restaurant_permits_12m": 1, "active_mesh_rank": 84, "active_mesh_percentile": 29.66, "active_mesh_zscore": -0.405, "hotspot_class": "other_active", "mesh_500m_center_lat": 33.85208333333334, "mesh_500m_center_lon": 132.715625}, "geometry": {"type": "Polygon", "coordinates": [[[132.7125, 33.85], [132.71875, 33.85], [132.71875, 33.85416666666667], [132.7125, 33.85416666666667], [132.7125, 33.85]]]}}, {"type": "Feature", "properties": {"window_end_month": "2026-05", "window_start_month": "2025-06", "mesh_500m": "503265272", "new_restaurant_permits_12m": 1, "active_mesh_rank": 85, "active_mesh_percentile": 28.81, "active_mesh_zscore": -0.405, "hotspot_class": "other_active", "mesh_500m_center_lat": 33.85208333333334, "mesh_500m_center_lon": 132.721875}, "geometry": {"type": "Polygon", "coordinates": [[[132.71875, 33.85], [132.725, 33.85], [132.725, 33.85416666666667], [132.71875, 33.85416666666667], [132.71875, 33.85]]]}}, {"type": "Feature", "properties": {"window_end_month": "2026-05", "window_start_month": "2025-06", "mesh_500m": "503265273", "new_restaurant_permits_12m": 1, "active_mesh_rank": 86, "active_mesh_percentile": 27.97, "active_mesh_zscore": -0.405, "hotspot_class": "other_active", "mesh_500m_center_lat": 33.85625, "mesh_500m_center_lon": 132.715625}, "geometry": {"type": "Polygon", "coordinates": [[[132.7125, 33.85416666666667], [132.71875, 33.85416666666667], [132.71875, 33.85833333333334], [132.7125, 33.85833333333334], [132.7125, 33.85416666666667]]]}}, {"type": "Feature", "properties": {"window_end_month": "2026-05", "window_start_month": "2025-06", "mesh_500m": "503265274", "new_restaurant_permits_12m": 1, "active_mesh_rank": 87, "active_mesh_percentile": 27.12, "active_mesh_zscore": -0.405, "hotspot_class": "other_active", "mesh_500m_center_lat": 33.85625, "mesh_500m_center_lon": 132.721875}, "geometry": {"type": "Polygon", "coordinates": [[[132.71875, 33.85416666666667], [132.725, 33.85416666666667], [132.725, 33.85833333333334], [132.71875, 33.85833333333334], [132.71875, 33.85416666666667]]]}}, {"type": "Feature", "properties": {"window_end_month": "2026-05", "window_start_month": "2025-06", "mesh_500m": "503265284", "new_restaurant_permits_12m": 1, "active_mesh_rank": 88, "active_mesh_percentile": 26.27, "active_mesh_zscore": -0.405, "hotspot_class": "other_active", "mesh_500m_center_lat": 33.85625, "mesh_500m_center_lon": 132.734375}, "geometry": {"type": "Polygon", "coordinates": [[[132.73125, 33.85416666666667], [132.73749999999998, 33.85416666666667], [132.73749999999998, 33.85833333333334], [132.73125, 33.85833333333334], [132.73125, 33.85416666666667]]]}}, {"type": "Feature", "properties": {"window_end_month": "2026-05", "window_start_month": "2025-06", "mesh_500m": "503265291", "new_restaurant_permits_12m": 1, "active_mesh_rank": 89, "active_mesh_percentile": 25.42, "active_mesh_zscore": -0.405, "hotspot_class": "other_active", "mesh_500m_center_lat": 33.85208333333334, "mesh_500m_center_lon": 132.74062500000002}, "geometry": {"type": "Polygon", "coordinates": [[[132.7375, 33.85], [132.74375, 33.85], [132.74375, 33.85416666666667], [132.7375, 33.85416666666667], [132.7375, 33.85]]]}}, {"type": "Feature", "properties": {"window_end_month": "2026-05", "window_start_month": "2025-06", "mesh_500m": "503265292", "new_restaurant_permits_12m": 1, "active_mesh_rank": 90, "active_mesh_percentile": 24.58, "active_mesh_zscore": -0.405, "hotspot_class": "other_active", "mesh_500m_center_lat": 33.85208333333334, "mesh_500m_center_lon": 132.746875}, "geometry": {"type": "Polygon", "coordinates": [[[132.74375, 33.85], [132.75, 33.85], [132.75, 33.85416666666667], [132.74375, 33.85416666666667], [132.74375, 33.85]]]}}, {"type": "Feature", "properties": {"window_end_month": "2026-05", "window_start_month": "2025-06", "mesh_500m": "503265294", "new_restaurant_permits_12m": 1, "active_mesh_rank": 91, "active_mesh_percentile": 23.73, "active_mesh_zscore": -0.405, "hotspot_class": "other_active", "mesh_500m_center_lat": 33.85625, "mesh_500m_center_lon": 132.746875}, "geometry": {"type": "Polygon", "coordinates": [[[132.74375, 33.85416666666667], [132.75, 33.85416666666667], [132.75, 33.85833333333334], [132.74375, 33.85833333333334], [132.74375, 33.85416666666667]]]}}, {"type": "Feature", "properties": {"window_end_month": "2026-05", "window_start_month": "2025-06", "mesh_500m": "503265381", "new_restaurant_permits_12m": 1, "active_mesh_rank": 92, "active_mesh_percentile": 22.88, "active_mesh_zscore": -0.405, "hotspot_class": "other_active", "mesh_500m_center_lat": 33.860416666666666, "mesh_500m_center_lon": 132.72812499999998}, "geometry": {"type": "Polygon", "coordinates": [[[132.725, 33.858333333333334], [132.73125, 33.858333333333334], [132.73125, 33.862500000000004], [132.725, 33.862500000000004], [132.725, 33.858333333333334]]]}}, {"type": "Feature", "properties": {"window_end_month": "2026-05", "window_start_month": "2025-06", "mesh_500m": "503265462", "new_restaurant_permits_12m": 1, "active_mesh_rank": 93, "active_mesh_percentile": 22.03, "active_mesh_zscore": -0.405, "hotspot_class": "other_active", "mesh_500m_center_lat": 33.868750000000006, "mesh_500m_center_lon": 132.70937499999997}, "geometry": {"type": "Polygon", "coordinates": [[[132.70624999999998, 33.86666666666667], [132.71249999999998, 33.86666666666667], [132.71249999999998, 33.87083333333334], [132.70624999999998, 33.87083333333334], [132.70624999999998, 33.86666666666667]]]}}, {"type": "Feature", "properties": {"window_end_month": "2026-05", "window_start_month": "2025-06", "mesh_500m": "503265471", "new_restaurant_permits_12m": 1, "active_mesh_rank": 94, "active_mesh_percentile": 21.19, "active_mesh_zscore": -0.405, "hotspot_class": "other_active", "mesh_500m_center_lat": 33.868750000000006, "mesh_500m_center_lon": 132.715625}, "geometry": {"type": "Polygon", "coordinates": [[[132.7125, 33.86666666666667], [132.71875, 33.86666666666667], [132.71875, 33.87083333333334], [132.7125, 33.87083333333334], [132.7125, 33.86666666666667]]]}}, {"type": "Feature", "properties": {"window_end_month": "2026-05", "window_start_month": "2025-06", "mesh_500m": "503265783", "new_restaurant_permits_12m": 1, "active_mesh_rank": 95, "active_mesh_percentile": 20.34, "active_mesh_zscore": -0.405, "hotspot_class": "other_active", "mesh_500m_center_lat": 33.897916666666674, "mesh_500m_center_lon": 132.72812499999998}, "geometry": {"type": "Polygon", "coordinates": [[[132.725, 33.895833333333336], [132.73125, 33.895833333333336], [132.73125, 33.900000000000006], [132.725, 33.900000000000006], [132.725, 33.895833333333336]]]}}, {"type": "Feature", "properties": {"window_end_month": "2026-05", "window_start_month": "2025-06", "mesh_500m": "503266001", "new_restaurant_permits_12m": 1, "active_mesh_rank": 96, "active_mesh_percentile": 19.49, "active_mesh_zscore": -0.405, "hotspot_class": "other_active", "mesh_500m_center_lat": 33.835416666666674, "mesh_500m_center_lon": 132.753125}, "geometry": {"type": "Polygon", "coordinates": [[[132.75, 33.833333333333336], [132.75625, 33.833333333333336], [132.75625, 33.837500000000006], [132.75, 33.837500000000006], [132.75, 33.833333333333336]]]}}, {"type": "Feature", "properties": {"window_end_month": "2026-05", "window_start_month": "2025-06", "mesh_500m": "503266023", "new_restaurant_permits_12m": 1, "active_mesh_rank": 97, "active_mesh_percentile": 18.64, "active_mesh_zscore": -0.405, "hotspot_class": "other_active", "mesh_500m_center_lat": 33.83958333333334, "mesh_500m_center_lon": 132.778125}, "geometry": {"type": "Polygon", "coordinates": [[[132.775, 33.837500000000006], [132.78125, 33.837500000000006], [132.78125, 33.841666666666676], [132.775, 33.841666666666676], [132.775, 33.837500000000006]]]}}, {"type": "Feature", "properties": {"window_end_month": "2026-05", "window_start_month": "2025-06", "mesh_500m": "503266031", "new_restaurant_permits_12m": 1, "active_mesh_rank": 98, "active_mesh_percentile": 17.8, "active_mesh_zscore": -0.405, "hotspot_class": "other_active", "mesh_500m_center_lat": 33.835416666666674, "mesh_500m_center_lon": 132.79062499999998}, "geometry": {"type": "Polygon", "coordinates": [[[132.7875, 33.833333333333336], [132.79375, 33.833333333333336], [132.79375, 33.837500000000006], [132.7875, 33.837500000000006], [132.7875, 33.833333333333336]]]}}, {"type": "Feature", "properties": {"window_end_month": "2026-05", "window_start_month": "2025-06", "mesh_500m": "503266034", "new_restaurant_permits_12m": 1, "active_mesh_rank": 99, "active_mesh_percentile": 16.95, "active_mesh_zscore": -0.405, "hotspot_class": "other_active", "mesh_500m_center_lat": 33.83958333333334, "mesh_500m_center_lon": 132.796875}, "geometry": {"type": "Polygon", "coordinates": [[[132.79375, 33.837500000000006], [132.79999999999998, 33.837500000000006], [132.79999999999998, 33.841666666666676], [132.79375, 33.841666666666676], [132.79375, 33.837500000000006]]]}}, {"type": "Feature", "properties": {"window_end_month": "2026-05", "window_start_month": "2025-06", "mesh_500m": "503266131", "new_restaurant_permits_12m": 1, "active_mesh_rank": 100, "active_mesh_percentile": 16.1, "active_mesh_zscore": -0.405, "hotspot_class": "other_active", "mesh_500m_center_lat": 33.84375, "mesh_500m_center_lon": 132.79062499999998}, "geometry": {"type": "Polygon", "coordinates": [[[132.7875, 33.84166666666667], [132.79375, 33.84166666666667], [132.79375, 33.84583333333334], [132.7875, 33.84583333333334], [132.7875, 33.84166666666667]]]}}, {"type": "Feature", "properties": {"window_end_month": "2026-05", "window_start_month": "2025-06", "mesh_500m": "503266134", "new_restaurant_permits_12m": 1, "active_mesh_rank": 101, "active_mesh_percentile": 15.25, "active_mesh_zscore": -0.405, "hotspot_class": "other_active", "mesh_500m_center_lat": 33.84791666666668, "mesh_500m_center_lon": 132.796875}, "geometry": {"type": "Polygon", "coordinates": [[[132.79375, 33.84583333333334], [132.79999999999998, 33.84583333333334], [132.79999999999998, 33.85000000000001], [132.79375, 33.85000000000001], [132.79375, 33.84583333333334]]]}}, {"type": "Feature", "properties": {"window_end_month": "2026-05", "window_start_month": "2025-06", "mesh_500m": "503266201", "new_restaurant_permits_12m": 1, "active_mesh_rank": 102, "active_mesh_percentile": 14.41, "active_mesh_zscore": -0.405, "hotspot_class": "other_active", "mesh_500m_center_lat": 33.85208333333334, "mesh_500m_center_lon": 132.753125}, "geometry": {"type": "Polygon", "coordinates": [[[132.75, 33.85], [132.75625, 33.85], [132.75625, 33.85416666666667], [132.75, 33.85416666666667], [132.75, 33.85]]]}}, {"type": "Feature", "properties": {"window_end_month": "2026-05", "window_start_month": "2025-06", "mesh_500m": "503266203", "new_restaurant_permits_12m": 1, "active_mesh_rank": 103, "active_mesh_percentile": 13.56, "active_mesh_zscore": -0.405, "hotspot_class": "other_active", "mesh_500m_center_lat": 33.85625, "mesh_500m_center_lon": 132.753125}, "geometry": {"type": "Polygon", "coordinates": [[[132.75, 33.85416666666667], [132.75625, 33.85416666666667], [132.75625, 33.85833333333334], [132.75, 33.85833333333334], [132.75, 33.85416666666667]]]}}, {"type": "Feature", "properties": {"window_end_month": "2026-05", "window_start_month": "2025-06", "mesh_500m": "503266204", "new_restaurant_permits_12m": 1, "active_mesh_rank": 104, "active_mesh_percentile": 12.71, "active_mesh_zscore": -0.405, "hotspot_class": "other_active", "mesh_500m_center_lat": 33.85625, "mesh_500m_center_lon": 132.75937499999998}, "geometry": {"type": "Polygon", "coordinates": [[[132.75625, 33.85416666666667], [132.7625, 33.85416666666667], [132.7625, 33.85833333333334], [132.75625, 33.85833333333334], [132.75625, 33.85416666666667]]]}}, {"type": "Feature", "properties": {"window_end_month": "2026-05", "window_start_month": "2025-06", "mesh_500m": "503266212", "new_restaurant_permits_12m": 1, "active_mesh_rank": 105, "active_mesh_percentile": 11.86, "active_mesh_zscore": -0.405, "hotspot_class": "other_active", "mesh_500m_center_lat": 33.85208333333334, "mesh_500m_center_lon": 132.77187499999997}, "geometry": {"type": "Polygon", "coordinates": [[[132.76874999999998, 33.85], [132.77499999999998, 33.85], [132.77499999999998, 33.85416666666667], [132.76874999999998, 33.85416666666667], [132.76874999999998, 33.85]]]}}, {"type": "Feature", "properties": {"window_end_month": "2026-05", "window_start_month": "2025-06", "mesh_500m": "503266221", "new_restaurant_permits_12m": 1, "active_mesh_rank": 106, "active_mesh_percentile": 11.02, "active_mesh_zscore": -0.405, "hotspot_class": "other_active", "mesh_500m_center_lat": 33.85208333333334, "mesh_500m_center_lon": 132.778125}, "geometry": {"type": "Polygon", "coordinates": [[[132.775, 33.85], [132.78125, 33.85], [132.78125, 33.85416666666667], [132.775, 33.85416666666667], [132.775, 33.85]]]}}, {"type": "Feature", "properties": {"window_end_month": "2026-05", "window_start_month": "2025-06", "mesh_500m": "503266223", "new_restaurant_permits_12m": 1, "active_mesh_rank": 107, "active_mesh_percentile": 10.17, "active_mesh_zscore": -0.405, "hotspot_class": "other_active", "mesh_500m_center_lat": 33.85625, "mesh_500m_center_lon": 132.778125}, "geometry": {"type": "Polygon", "coordinates": [[[132.775, 33.85416666666667], [132.78125, 33.85416666666667], [132.78125, 33.85833333333334], [132.775, 33.85833333333334], [132.775, 33.85416666666667]]]}}, {"type": "Feature", "properties": {"window_end_month": "2026-05", "window_start_month": "2025-06", "mesh_500m": "503266224", "new_restaurant_permits_12m": 1, "active_mesh_rank": 108, "active_mesh_percentile": 9.32, "active_mesh_zscore": -0.405, "hotspot_class": "other_active", "mesh_500m_center_lat": 33.85625, "mesh_500m_center_lon": 132.784375}, "geometry": {"type": "Polygon", "coordinates": [[[132.78125, 33.85416666666667], [132.7875, 33.85416666666667], [132.7875, 33.85833333333334], [132.78125, 33.85833333333334], [132.78125, 33.85416666666667]]]}}, {"type": "Feature", "properties": {"window_end_month": "2026-05", "window_start_month": "2025-06", "mesh_500m": "503266302", "new_restaurant_permits_12m": 1, "active_mesh_rank": 109, "active_mesh_percentile": 8.47, "active_mesh_zscore": -0.405, "hotspot_class": "other_active", "mesh_500m_center_lat": 33.860416666666666, "mesh_500m_center_lon": 132.75937499999998}, "geometry": {"type": "Polygon", "coordinates": [[[132.75625, 33.858333333333334], [132.7625, 33.858333333333334], [132.7625, 33.862500000000004], [132.75625, 33.862500000000004], [132.75625, 33.858333333333334]]]}}, {"type": "Feature", "properties": {"window_end_month": "2026-05", "window_start_month": "2025-06", "mesh_500m": "503266304", "new_restaurant_permits_12m": 1, "active_mesh_rank": 110, "active_mesh_percentile": 7.63, "active_mesh_zscore": -0.405, "hotspot_class": "other_active", "mesh_500m_center_lat": 33.86458333333334, "mesh_500m_center_lon": 132.75937499999998}, "geometry": {"type": "Polygon", "coordinates": [[[132.75625, 33.862500000000004], [132.7625, 33.862500000000004], [132.7625, 33.866666666666674], [132.75625, 33.866666666666674], [132.75625, 33.862500000000004]]]}}, {"type": "Feature", "properties": {"window_end_month": "2026-05", "window_start_month": "2025-06", "mesh_500m": "503274482", "new_restaurant_permits_12m": 1, "active_mesh_rank": 111, "active_mesh_percentile": 6.78, "active_mesh_zscore": -0.405, "hotspot_class": "other_active", "mesh_500m_center_lat": 33.952083333333334, "mesh_500m_center_lon": 132.609375}, "geometry": {"type": "Polygon", "coordinates": [[[132.60625, 33.95], [132.61249999999998, 33.95], [132.61249999999998, 33.95416666666667], [132.60625, 33.95416666666667], [132.60625, 33.95]]]}}, {"type": "Feature", "properties": {"window_end_month": "2026-05", "window_start_month": "2025-06", "mesh_500m": "503275403", "new_restaurant_permits_12m": 1, "active_mesh_rank": 112, "active_mesh_percentile": 5.93, "active_mesh_zscore": -0.405, "hotspot_class": "other_active", "mesh_500m_center_lat": 33.95625000000001, "mesh_500m_center_lon": 132.628125}, "geometry": {"type": "Polygon", "coordinates": [[[132.625, 33.95416666666667], [132.63125, 33.95416666666667], [132.63125, 33.95833333333334], [132.625, 33.95833333333334], [132.625, 33.95416666666667]]]}}, {"type": "Feature", "properties": {"window_end_month": "2026-05", "window_start_month": "2025-06", "mesh_500m": "503275603", "new_restaurant_permits_12m": 1, "active_mesh_rank": 113, "active_mesh_percentile": 5.08, "active_mesh_zscore": -0.405, "hotspot_class": "other_active", "mesh_500m_center_lat": 33.97291666666668, "mesh_500m_center_lon": 132.628125}, "geometry": {"type": "Polygon", "coordinates": [[[132.625, 33.97083333333334], [132.63125, 33.97083333333334], [132.63125, 33.97500000000001], [132.625, 33.97500000000001], [132.625, 33.97083333333334]]]}}, {"type": "Feature", "properties": {"window_end_month": "2026-05", "window_start_month": "2025-06", "mesh_500m": "503275701", "new_restaurant_permits_12m": 1, "active_mesh_rank": 114, "active_mesh_percentile": 4.24, "active_mesh_zscore": -0.405, "hotspot_class": "other_active", "mesh_500m_center_lat": 33.97708333333334, "mesh_500m_center_lon": 132.628125}, "geometry": {"type": "Polygon", "coordinates": [[[132.625, 33.975], [132.63125, 33.975], [132.63125, 33.97916666666667], [132.625, 33.97916666666667], [132.625, 33.975]]]}}, {"type": "Feature", "properties": {"window_end_month": "2026-05", "window_start_month": "2025-06", "mesh_500m": "503276521", "new_restaurant_permits_12m": 1, "active_mesh_rank": 115, "active_mesh_percentile": 3.39, "active_mesh_zscore": -0.405, "hotspot_class": "other_active", "mesh_500m_center_lat": 33.960416666666674, "mesh_500m_center_lon": 132.778125}, "geometry": {"type": "Polygon", "coordinates": [[[132.775, 33.958333333333336], [132.78125, 33.958333333333336], [132.78125, 33.962500000000006], [132.775, 33.962500000000006], [132.775, 33.958333333333336]]]}}, {"type": "Feature", "properties": {"window_end_month": "2026-05", "window_start_month": "2025-06", "mesh_500m": "503276522", "new_restaurant_permits_12m": 1, "active_mesh_rank": 116, "active_mesh_percentile": 2.54, "active_mesh_zscore": -0.405, "hotspot_class": "other_active", "mesh_500m_center_lat": 33.960416666666674, "mesh_500m_center_lon": 132.784375}, "geometry": {"type": "Polygon", "coordinates": [[[132.78125, 33.958333333333336], [132.7875, 33.958333333333336], [132.7875, 33.962500000000006], [132.78125, 33.962500000000006], [132.78125, 33.958333333333336]]]}}, {"type": "Feature", "properties": {"window_end_month": "2026-05", "window_start_month": "2025-06", "mesh_500m": "503276614", "new_restaurant_permits_12m": 1, "active_mesh_rank": 117, "active_mesh_percentile": 1.69, "active_mesh_zscore": -0.405, "hotspot_class": "other_active", "mesh_500m_center_lat": 33.97291666666668, "mesh_500m_center_lon": 132.77187499999997}, "geometry": {"type": "Polygon", "coordinates": [[[132.76874999999998, 33.97083333333334], [132.77499999999998, 33.97083333333334], [132.77499999999998, 33.97500000000001], [132.76874999999998, 33.97500000000001], [132.76874999999998, 33.97083333333334]]]}}, {"type": "Feature", "properties": {"window_end_month": "2026-05", "window_start_month": "2025-06", "mesh_500m": "503276622", "new_restaurant_permits_12m": 1, "active_mesh_rank": 118, "active_mesh_percentile": 0.85, "active_mesh_zscore": -0.405, "hotspot_class": "other_active", "mesh_500m_center_lat": 33.96875, "mesh_500m_center_lon": 132.784375}, "geometry": {"type": "Polygon", "coordinates": [[[132.78125, 33.96666666666667], [132.7875, 33.96666666666667], [132.7875, 33.97083333333334], [132.78125, 33.97083333333334], [132.78125, 33.96666666666667]]]}}, {"type": "Feature", "properties": {"window_end_month": "2026-06", "window_start_month": "2025-07", "mesh_500m": "503266222", "new_restaurant_permits_12m": 35, "active_mesh_rank": 1, "active_mesh_percentile": 100.0, "active_mesh_zscore": 9.287, "hotspot_class": "top_5pct_active", "mesh_500m_center_lat": 33.85208333333334, "mesh_500m_center_lon": 132.784375}, "geometry": {"type": "Polygon", "coordinates": [[[132.78125, 33.85], [132.7875, 33.85], [132.7875, 33.85416666666667], [132.78125, 33.85416666666667], [132.78125, 33.85]]]}}, {"type": "Feature", "properties": {"window_end_month": "2026-06", "window_start_month": "2025-07", "mesh_500m": "503265373", "new_restaurant_permits_12m": 11, "active_mesh_rank": 2, "active_mesh_percentile": 99.11, "active_mesh_zscore": 2.4589, "hotspot_class": "top_5pct_active", "mesh_500m_center_lat": 33.86458333333334, "mesh_500m_center_lon": 132.715625}, "geometry": {"type": "Polygon", "coordinates": [[[132.7125, 33.862500000000004], [132.71875, 33.862500000000004], [132.71875, 33.866666666666674], [132.7125, 33.866666666666674], [132.7125, 33.862500000000004]]]}}, {"type": "Feature", "properties": {"window_end_month": "2026-06", "window_start_month": "2025-07", "mesh_500m": "503256814", "new_restaurant_permits_12m": 8, "active_mesh_rank": 3, "active_mesh_percentile": 98.21, "active_mesh_zscore": 1.6054, "hotspot_class": "top_5pct_active", "mesh_500m_center_lat": 33.82291666666667, "mesh_500m_center_lon": 132.77187499999997}, "geometry": {"type": "Polygon", "coordinates": [[[132.76874999999998, 33.82083333333334], [132.77499999999998, 33.82083333333334], [132.77499999999998, 33.82500000000001], [132.76874999999998, 33.82500000000001], [132.76874999999998, 33.82083333333334]]]}}, {"type": "Feature", "properties": {"window_end_month": "2026-06", "window_start_month": "2025-07", "mesh_500m": "503266101", "new_restaurant_permits_12m": 7, "active_mesh_rank": 4, "active_mesh_percentile": 97.32, "active_mesh_zscore": 1.3209, "hotspot_class": "top_5pct_active", "mesh_500m_center_lat": 33.84375, "mesh_500m_center_lon": 132.753125}, "geometry": {"type": "Polygon", "coordinates": [[[132.75, 33.84166666666667], [132.75625, 33.84166666666667], [132.75625, 33.84583333333334], [132.75, 33.84583333333334], [132.75, 33.84166666666667]]]}}, {"type": "Feature", "properties": {"window_end_month": "2026-06", "window_start_month": "2025-07", "mesh_500m": "503256823", "new_restaurant_permits_12m": 6, "active_mesh_rank": 5, "active_mesh_percentile": 96.43, "active_mesh_zscore": 1.0364, "hotspot_class": "top_5pct_active", "mesh_500m_center_lat": 33.82291666666667, "mesh_500m_center_lon": 132.778125}, "geometry": {"type": "Polygon", "coordinates": [[[132.775, 33.82083333333334], [132.78125, 33.82083333333334], [132.78125, 33.82500000000001], [132.775, 33.82500000000001], [132.775, 33.82083333333334]]]}}, {"type": "Feature", "properties": {"window_end_month": "2026-06", "window_start_month": "2025-07", "mesh_500m": "503256934", "new_restaurant_permits_12m": 6, "active_mesh_rank": 6, "active_mesh_percentile": 95.54, "active_mesh_zscore": 1.0364, "hotspot_class": "top_5pct_active", "mesh_500m_center_lat": 33.83125000000001, "mesh_500m_center_lon": 132.796875}, "geometry": {"type": "Polygon", "coordinates": [[[132.79375, 33.82916666666667], [132.79999999999998, 33.82916666666667], [132.79999999999998, 33.83333333333334], [132.79375, 33.83333333333334], [132.79375, 33.82916666666667]]]}}, {"type": "Feature", "properties": {"window_end_month": "2026-06", "window_start_month": "2025-07", "mesh_500m": "503255793", "new_restaurant_permits_12m": 5, "active_mesh_rank": 7, "active_mesh_percentile": 94.64, "active_mesh_zscore": 0.7519, "hotspot_class": "top_20pct_active", "mesh_500m_center_lat": 33.81458333333333, "mesh_500m_center_lon": 132.74062500000002}, "geometry": {"type": "Polygon", "coordinates": [[[132.7375, 33.8125], [132.74375, 33.8125], [132.74375, 33.81666666666667], [132.7375, 33.81666666666667], [132.7375, 33.8125]]]}}, {"type": "Feature", "properties": {"window_end_month": "2026-06", "window_start_month": "2025-07", "mesh_500m": "503255992", "new_restaurant_permits_12m": 5, "active_mesh_rank": 8, "active_mesh_percentile": 93.75, "active_mesh_zscore": 0.7519, "hotspot_class": "top_20pct_active", "mesh_500m_center_lat": 33.827083333333334, "mesh_500m_center_lon": 132.746875}, "geometry": {"type": "Polygon", "coordinates": [[[132.74375, 33.825], [132.75, 33.825], [132.75, 33.82916666666667], [132.74375, 33.82916666666667], [132.74375, 33.825]]]}}, {"type": "Feature", "properties": {"window_end_month": "2026-06", "window_start_month": "2025-07", "mesh_500m": "503256902", "new_restaurant_permits_12m": 5, "active_mesh_rank": 9, "active_mesh_percentile": 92.86, "active_mesh_zscore": 0.7519, "hotspot_class": "top_20pct_active", "mesh_500m_center_lat": 33.827083333333334, "mesh_500m_center_lon": 132.75937499999998}, "geometry": {"type": "Polygon", "coordinates": [[[132.75625, 33.825], [132.7625, 33.825], [132.7625, 33.82916666666667], [132.75625, 33.82916666666667], [132.75625, 33.825]]]}}, {"type": "Feature", "properties": {"window_end_month": "2026-06", "window_start_month": "2025-07", "mesh_500m": "503266231", "new_restaurant_permits_12m": 5, "active_mesh_rank": 10, "active_mesh_percentile": 91.96, "active_mesh_zscore": 0.7519, "hotspot_class": "top_20pct_active", "mesh_500m_center_lat": 33.85208333333334, "mesh_500m_center_lon": 132.79062499999998}, "geometry": {"type": "Polygon", "coordinates": [[[132.7875, 33.85], [132.79375, 33.85], [132.79375, 33.85416666666667], [132.7875, 33.85416666666667], [132.7875, 33.85]]]}}, {"type": "Feature", "properties": {"window_end_month": "2026-06", "window_start_month": "2025-07", "mesh_500m": "503255794", "new_restaurant_permits_12m": 4, "active_mesh_rank": 11, "active_mesh_percentile": 91.07, "active_mesh_zscore": 0.4674, "hotspot_class": "top_20pct_active", "mesh_500m_center_lat": 33.81458333333333, "mesh_500m_center_lon": 132.746875}, "geometry": {"type": "Polygon", "coordinates": [[[132.74375, 33.8125], [132.75, 33.8125], [132.75, 33.81666666666667], [132.74375, 33.81666666666667], [132.74375, 33.8125]]]}}, {"type": "Feature", "properties": {"window_end_month": "2026-06", "window_start_month": "2025-07", "mesh_500m": "503256702", "new_restaurant_permits_12m": 4, "active_mesh_rank": 12, "active_mesh_percentile": 90.18, "active_mesh_zscore": 0.4674, "hotspot_class": "top_20pct_active", "mesh_500m_center_lat": 33.81041666666667, "mesh_500m_center_lon": 132.75937499999998}, "geometry": {"type": "Polygon", "coordinates": [[[132.75625, 33.80833333333333], [132.7625, 33.80833333333333], [132.7625, 33.8125], [132.75625, 33.8125], [132.75625, 33.80833333333333]]]}}, {"type": "Feature", "properties": {"window_end_month": "2026-06", "window_start_month": "2025-07", "mesh_500m": "503256711", "new_restaurant_permits_12m": 4, "active_mesh_rank": 13, "active_mesh_percentile": 89.29, "active_mesh_zscore": 0.4674, "hotspot_class": "top_20pct_active", "mesh_500m_center_lat": 33.81041666666667, "mesh_500m_center_lon": 132.765625}, "geometry": {"type": "Polygon", "coordinates": [[[132.7625, 33.80833333333333], [132.76874999999998, 33.80833333333333], [132.76874999999998, 33.8125], [132.7625, 33.8125], [132.7625, 33.80833333333333]]]}}, {"type": "Feature", "properties": {"window_end_month": "2026-06", "window_start_month": "2025-07", "mesh_500m": "503265372", "new_restaurant_permits_12m": 4, "active_mesh_rank": 14, "active_mesh_percentile": 88.39, "active_mesh_zscore": 0.4674, "hotspot_class": "top_20pct_active", "mesh_500m_center_lat": 33.860416666666666, "mesh_500m_center_lon": 132.721875}, "geometry": {"type": "Polygon", "coordinates": [[[132.71875, 33.858333333333334], [132.725, 33.858333333333334], [132.725, 33.862500000000004], [132.71875, 33.862500000000004], [132.71875, 33.858333333333334]]]}}, {"type": "Feature", "properties": {"window_end_month": "2026-06", "window_start_month": "2025-07", "mesh_500m": "503266103", "new_restaurant_permits_12m": 4, "active_mesh_rank": 15, "active_mesh_percentile": 87.5, "active_mesh_zscore": 0.4674, "hotspot_class": "top_20pct_active", "mesh_500m_center_lat": 33.84791666666668, "mesh_500m_center_lon": 132.753125}, "geometry": {"type": "Polygon", "coordinates": [[[132.75, 33.84583333333334], [132.75625, 33.84583333333334], [132.75625, 33.85000000000001], [132.75, 33.85000000000001], [132.75, 33.84583333333334]]]}}, {"type": "Feature", "properties": {"window_end_month": "2026-06", "window_start_month": "2025-07", "mesh_500m": "503266301", "new_restaurant_permits_12m": 4, "active_mesh_rank": 16, "active_mesh_percentile": 86.61, "active_mesh_zscore": 0.4674, "hotspot_class": "top_20pct_active", "mesh_500m_center_lat": 33.860416666666666, "mesh_500m_center_lon": 132.753125}, "geometry": {"type": "Polygon", "coordinates": [[[132.75, 33.858333333333334], [132.75625, 33.858333333333334], [132.75625, 33.862500000000004], [132.75, 33.862500000000004], [132.75, 33.858333333333334]]]}}, {"type": "Feature", "properties": {"window_end_month": "2026-06", "window_start_month": "2025-07", "mesh_500m": "503255792", "new_restaurant_permits_12m": 3, "active_mesh_rank": 17, "active_mesh_percentile": 85.71, "active_mesh_zscore": 0.1829, "hotspot_class": "top_20pct_active", "mesh_500m_center_lat": 33.81041666666667, "mesh_500m_center_lon": 132.746875}, "geometry": {"type": "Polygon", "coordinates": [[[132.74375, 33.80833333333333], [132.75, 33.80833333333333], [132.75, 33.8125], [132.74375, 33.8125], [132.74375, 33.80833333333333]]]}}, {"type": "Feature", "properties": {"window_end_month": "2026-06", "window_start_month": "2025-07", "mesh_500m": "503255981", "new_restaurant_permits_12m": 3, "active_mesh_rank": 18, "active_mesh_percentile": 84.82, "active_mesh_zscore": 0.1829, "hotspot_class": "top_20pct_active", "mesh_500m_center_lat": 33.827083333333334, "mesh_500m_center_lon": 132.72812499999998}, "geometry": {"type": "Polygon", "coordinates": [[[132.725, 33.825], [132.73125, 33.825], [132.73125, 33.82916666666667], [132.725, 33.82916666666667], [132.725, 33.825]]]}}, {"type": "Feature", "properties": {"window_end_month": "2026-06", "window_start_month": "2025-07", "mesh_500m": "503256712", "new_restaurant_permits_12m": 3, "active_mesh_rank": 19, "active_mesh_percentile": 83.93, "active_mesh_zscore": 0.1829, "hotspot_class": "top_20pct_active", "mesh_500m_center_lat": 33.81041666666667, "mesh_500m_center_lon": 132.77187499999997}, "geometry": {"type": "Polygon", "coordinates": [[[132.76874999999998, 33.80833333333333], [132.77499999999998, 33.80833333333333], [132.77499999999998, 33.8125], [132.76874999999998, 33.8125], [132.76874999999998, 33.80833333333333]]]}}, {"type": "Feature", "properties": {"window_end_month": "2026-06", "window_start_month": "2025-07", "mesh_500m": "503256721", "new_restaurant_permits_12m": 3, "active_mesh_rank": 20, "active_mesh_percentile": 83.04, "active_mesh_zscore": 0.1829, "hotspot_class": "top_20pct_active", "mesh_500m_center_lat": 33.81041666666667, "mesh_500m_center_lon": 132.778125}, "geometry": {"type": "Polygon", "coordinates": [[[132.775, 33.80833333333333], [132.78125, 33.80833333333333], [132.78125, 33.8125], [132.775, 33.8125], [132.775, 33.80833333333333]]]}}, {"type": "Feature", "properties": {"window_end_month": "2026-06", "window_start_month": "2025-07", "mesh_500m": "503256801", "new_restaurant_permits_12m": 3, "active_mesh_rank": 21, "active_mesh_percentile": 82.14, "active_mesh_zscore": 0.1829, "hotspot_class": "top_20pct_active", "mesh_500m_center_lat": 33.81875000000001, "mesh_500m_center_lon": 132.753125}, "geometry": {"type": "Polygon", "coordinates": [[[132.75, 33.81666666666667], [132.75625, 33.81666666666667], [132.75625, 33.82083333333334], [132.75, 33.82083333333334], [132.75, 33.81666666666667]]]}}, {"type": "Feature", "properties": {"window_end_month": "2026-06", "window_start_month": "2025-07", "mesh_500m": "503256803", "new_restaurant_permits_12m": 3, "active_mesh_rank": 22, "active_mesh_percentile": 81.25, "active_mesh_zscore": 0.1829, "hotspot_class": "top_20pct_active", "mesh_500m_center_lat": 33.82291666666667, "mesh_500m_center_lon": 132.753125}, "geometry": {"type": "Polygon", "coordinates": [[[132.75, 33.82083333333334], [132.75625, 33.82083333333334], [132.75625, 33.82500000000001], [132.75, 33.82500000000001], [132.75, 33.82083333333334]]]}}, {"type": "Feature", "properties": {"window_end_month": "2026-06", "window_start_month": "2025-07", "mesh_500m": "503256812", "new_restaurant_permits_12m": 3, "active_mesh_rank": 23, "active_mesh_percentile": 80.36, "active_mesh_zscore": 0.1829, "hotspot_class": "top_20pct_active", "mesh_500m_center_lat": 33.81875000000001, "mesh_500m_center_lon": 132.77187499999997}, "geometry": {"type": "Polygon", "coordinates": [[[132.76874999999998, 33.81666666666667], [132.77499999999998, 33.81666666666667], [132.77499999999998, 33.82083333333334], [132.76874999999998, 33.82083333333334], [132.76874999999998, 33.81666666666667]]]}}, {"type": "Feature", "properties": {"window_end_month": "2026-06", "window_start_month": "2025-07", "mesh_500m": "503256821", "new_restaurant_permits_12m": 3, "active_mesh_rank": 24, "active_mesh_percentile": 79.46, "active_mesh_zscore": 0.1829, "hotspot_class": "other_active", "mesh_500m_center_lat": 33.81875000000001, "mesh_500m_center_lon": 132.778125}, "geometry": {"type": "Polygon", "coordinates": [[[132.775, 33.81666666666667], [132.78125, 33.81666666666667], [132.78125, 33.82083333333334], [132.775, 33.82083333333334], [132.775, 33.81666666666667]]]}}, {"type": "Feature", "properties": {"window_end_month": "2026-06", "window_start_month": "2025-07", "mesh_500m": "503256914", "new_restaurant_permits_12m": 3, "active_mesh_rank": 25, "active_mesh_percentile": 78.57, "active_mesh_zscore": 0.1829, "hotspot_class": "other_active", "mesh_500m_center_lat": 33.83125000000001, "mesh_500m_center_lon": 132.77187499999997}, "geometry": {"type": "Polygon", "coordinates": [[[132.76874999999998, 33.82916666666667], [132.77499999999998, 33.82916666666667], [132.77499999999998, 33.83333333333334], [132.76874999999998, 33.83333333333334], [132.76874999999998, 33.82916666666667]]]}}, {"type": "Feature", "properties": {"window_end_month": "2026-06", "window_start_month": "2025-07", "mesh_500m": "503256923", "new_restaurant_permits_12m": 3, "active_mesh_rank": 26, "active_mesh_percentile": 77.68, "active_mesh_zscore": 0.1829, "hotspot_class": "other_active", "mesh_500m_center_lat": 33.83125000000001, "mesh_500m_center_lon": 132.778125}, "geometry": {"type": "Polygon", "coordinates": [[[132.775, 33.82916666666667], [132.78125, 33.82916666666667], [132.78125, 33.83333333333334], [132.775, 33.83333333333334], [132.775, 33.82916666666667]]]}}, {"type": "Feature", "properties": {"window_end_month": "2026-06", "window_start_month": "2025-07", "mesh_500m": "503256933", "new_restaurant_permits_12m": 3, "active_mesh_rank": 27, "active_mesh_percentile": 76.79, "active_mesh_zscore": 0.1829, "hotspot_class": "other_active", "mesh_500m_center_lat": 33.83125000000001, "mesh_500m_center_lon": 132.79062499999998}, "geometry": {"type": "Polygon", "coordinates": [[[132.7875, 33.82916666666667], [132.79375, 33.82916666666667], [132.79375, 33.83333333333334], [132.7875, 33.83333333333334], [132.7875, 33.82916666666667]]]}}, {"type": "Feature", "properties": {"window_end_month": "2026-06", "window_start_month": "2025-07", "mesh_500m": "503265882", "new_restaurant_permits_12m": 3, "active_mesh_rank": 28, "active_mesh_percentile": 75.89, "active_mesh_zscore": 0.1829, "hotspot_class": "other_active", "mesh_500m_center_lat": 33.90208333333334, "mesh_500m_center_lon": 132.734375}, "geometry": {"type": "Polygon", "coordinates": [[[132.73125, 33.900000000000006], [132.73749999999998, 33.900000000000006], [132.73749999999998, 33.904166666666676], [132.73125, 33.904166666666676], [132.73125, 33.900000000000006]]]}}, {"type": "Feature", "properties": {"window_end_month": "2026-06", "window_start_month": "2025-07", "mesh_500m": "503266024", "new_restaurant_permits_12m": 3, "active_mesh_rank": 29, "active_mesh_percentile": 75.0, "active_mesh_zscore": 0.1829, "hotspot_class": "other_active", "mesh_500m_center_lat": 33.83958333333334, "mesh_500m_center_lon": 132.784375}, "geometry": {"type": "Polygon", "coordinates": [[[132.78125, 33.837500000000006], [132.7875, 33.837500000000006], [132.7875, 33.841666666666676], [132.78125, 33.841666666666676], [132.78125, 33.837500000000006]]]}}, {"type": "Feature", "properties": {"window_end_month": "2026-06", "window_start_month": "2025-07", "mesh_500m": "503266124", "new_restaurant_permits_12m": 3, "active_mesh_rank": 30, "active_mesh_percentile": 74.11, "active_mesh_zscore": 0.1829, "hotspot_class": "other_active", "mesh_500m_center_lat": 33.84791666666668, "mesh_500m_center_lon": 132.784375}, "geometry": {"type": "Polygon", "coordinates": [[[132.78125, 33.84583333333334], [132.7875, 33.84583333333334], [132.7875, 33.85000000000001], [132.78125, 33.85000000000001], [132.78125, 33.84583333333334]]]}}, {"type": "Feature", "properties": {"window_end_month": "2026-06", "window_start_month": "2025-07", "mesh_500m": "503266132", "new_restaurant_permits_12m": 3, "active_mesh_rank": 31, "active_mesh_percentile": 73.21, "active_mesh_zscore": 0.1829, "hotspot_class": "other_active", "mesh_500m_center_lat": 33.84375, "mesh_500m_center_lon": 132.796875}, "geometry": {"type": "Polygon", "coordinates": [[[132.79375, 33.84166666666667], [132.79999999999998, 33.84166666666667], [132.79999999999998, 33.84583333333334], [132.79375, 33.84583333333334], [132.79375, 33.84166666666667]]]}}, {"type": "Feature", "properties": {"window_end_month": "2026-06", "window_start_month": "2025-07", "mesh_500m": "503255782", "new_restaurant_permits_12m": 2, "active_mesh_rank": 32, "active_mesh_percentile": 72.32, "active_mesh_zscore": -0.1016, "hotspot_class": "other_active", "mesh_500m_center_lat": 33.81041666666667, "mesh_500m_center_lon": 132.734375}, "geometry": {"type": "Polygon", "coordinates": [[[132.73125, 33.80833333333333], [132.73749999999998, 33.80833333333333], [132.73749999999998, 33.8125], [132.73125, 33.8125], [132.73125, 33.80833333333333]]]}}, {"type": "Feature", "properties": {"window_end_month": "2026-06", "window_start_month": "2025-07", "mesh_500m": "503255971", "new_restaurant_permits_12m": 2, "active_mesh_rank": 33, "active_mesh_percentile": 71.43, "active_mesh_zscore": -0.1016, "hotspot_class": "other_active", "mesh_500m_center_lat": 33.827083333333334, "mesh_500m_center_lon": 132.715625}, "geometry": {"type": "Polygon", "coordinates": [[[132.7125, 33.825], [132.71875, 33.825], [132.71875, 33.82916666666667], [132.7125, 33.82916666666667], [132.7125, 33.825]]]}}, {"type": "Feature", "properties": {"window_end_month": "2026-06", "window_start_month": "2025-07", "mesh_500m": "503255991", "new_restaurant_permits_12m": 2, "active_mesh_rank": 34, "active_mesh_percentile": 70.54, "active_mesh_zscore": -0.1016, "hotspot_class": "other_active", "mesh_500m_center_lat": 33.827083333333334, "mesh_500m_center_lon": 132.74062500000002}, "geometry": {"type": "Polygon", "coordinates": [[[132.7375, 33.825], [132.74375, 33.825], [132.74375, 33.82916666666667], [132.7375, 33.82916666666667], [132.7375, 33.825]]]}}, {"type": "Feature", "properties": {"window_end_month": "2026-06", "window_start_month": "2025-07", "mesh_500m": "503256731", "new_restaurant_permits_12m": 2, "active_mesh_rank": 35, "active_mesh_percentile": 69.64, "active_mesh_zscore": -0.1016, "hotspot_class": "other_active", "mesh_500m_center_lat": 33.81041666666667, "mesh_500m_center_lon": 132.79062499999998}, "geometry": {"type": "Polygon", "coordinates": [[[132.7875, 33.80833333333333], [132.79375, 33.80833333333333], [132.79375, 33.8125], [132.7875, 33.8125], [132.7875, 33.80833333333333]]]}}, {"type": "Feature", "properties": {"window_end_month": "2026-06", "window_start_month": "2025-07", "mesh_500m": "503256732", "new_restaurant_permits_12m": 2, "active_mesh_rank": 36, "active_mesh_percentile": 68.75, "active_mesh_zscore": -0.1016, "hotspot_class": "other_active", "mesh_500m_center_lat": 33.81041666666667, "mesh_500m_center_lon": 132.796875}, "geometry": {"type": "Polygon", "coordinates": [[[132.79375, 33.80833333333333], [132.79999999999998, 33.80833333333333], [132.79999999999998, 33.8125], [132.79375, 33.8125], [132.79375, 33.80833333333333]]]}}, {"type": "Feature", "properties": {"window_end_month": "2026-06", "window_start_month": "2025-07", "mesh_500m": "503256744", "new_restaurant_permits_12m": 2, "active_mesh_rank": 37, "active_mesh_percentile": 67.86, "active_mesh_zscore": -0.1016, "hotspot_class": "other_active", "mesh_500m_center_lat": 33.81458333333333, "mesh_500m_center_lon": 132.809375}, "geometry": {"type": "Polygon", "coordinates": [[[132.80625, 33.8125], [132.8125, 33.8125], [132.8125, 33.81666666666667], [132.80625, 33.81666666666667], [132.80625, 33.8125]]]}}, {"type": "Feature", "properties": {"window_end_month": "2026-06", "window_start_month": "2025-07", "mesh_500m": "503256753", "new_restaurant_permits_12m": 2, "active_mesh_rank": 38, "active_mesh_percentile": 66.96, "active_mesh_zscore": -0.1016, "hotspot_class": "other_active", "mesh_500m_center_lat": 33.81458333333333, "mesh_500m_center_lon": 132.815625}, "geometry": {"type": "Polygon", "coordinates": [[[132.8125, 33.8125], [132.81875, 33.8125], [132.81875, 33.81666666666667], [132.8125, 33.81666666666667], [132.8125, 33.8125]]]}}, {"type": "Feature", "properties": {"window_end_month": "2026-06", "window_start_month": "2025-07", "mesh_500m": "503256811", "new_restaurant_permits_12m": 2, "active_mesh_rank": 39, "active_mesh_percentile": 66.07, "active_mesh_zscore": -0.1016, "hotspot_class": "other_active", "mesh_500m_center_lat": 33.81875000000001, "mesh_500m_center_lon": 132.765625}, "geometry": {"type": "Polygon", "coordinates": [[[132.7625, 33.81666666666667], [132.76874999999998, 33.81666666666667], [132.76874999999998, 33.82083333333334], [132.7625, 33.82083333333334], [132.7625, 33.81666666666667]]]}}, {"type": "Feature", "properties": {"window_end_month": "2026-06", "window_start_month": "2025-07", "mesh_500m": "503256912", "new_restaurant_permits_12m": 2, "active_mesh_rank": 40, "active_mesh_percentile": 65.18, "active_mesh_zscore": -0.1016, "hotspot_class": "other_active", "mesh_500m_center_lat": 33.827083333333334, "mesh_500m_center_lon": 132.77187499999997}, "geometry": {"type": "Polygon", "coordinates": [[[132.76874999999998, 33.825], [132.77499999999998, 33.825], [132.77499999999998, 33.82916666666667], [132.76874999999998, 33.82916666666667], [132.76874999999998, 33.825]]]}}, {"type": "Feature", "properties": {"window_end_month": "2026-06", "window_start_month": "2025-07", "mesh_500m": "503256924", "new_restaurant_permits_12m": 2, "active_mesh_rank": 41, "active_mesh_percentile": 64.29, "active_mesh_zscore": -0.1016, "hotspot_class": "other_active", "mesh_500m_center_lat": 33.83125000000001, "mesh_500m_center_lon": 132.784375}, "geometry": {"type": "Polygon", "coordinates": [[[132.78125, 33.82916666666667], [132.7875, 33.82916666666667], [132.7875, 33.83333333333334], [132.78125, 33.83333333333334], [132.78125, 33.82916666666667]]]}}, {"type": "Feature", "properties": {"window_end_month": "2026-06", "window_start_month": "2025-07", "mesh_500m": "503256931", "new_restaurant_permits_12m": 2, "active_mesh_rank": 42, "active_mesh_percentile": 63.39, "active_mesh_zscore": -0.1016, "hotspot_class": "other_active", "mesh_500m_center_lat": 33.827083333333334, "mesh_500m_center_lon": 132.79062499999998}, "geometry": {"type": "Polygon", "coordinates": [[[132.7875, 33.825], [132.79375, 33.825], [132.79375, 33.82916666666667], [132.7875, 33.82916666666667], [132.7875, 33.825]]]}}, {"type": "Feature", "properties": {"window_end_month": "2026-06", "window_start_month": "2025-07", "mesh_500m": "503265092", "new_restaurant_permits_12m": 2, "active_mesh_rank": 43, "active_mesh_percentile": 62.5, "active_mesh_zscore": -0.1016, "hotspot_class": "other_active", "mesh_500m_center_lat": 33.835416666666674, "mesh_500m_center_lon": 132.746875}, "geometry": {"type": "Polygon", "coordinates": [[[132.74375, 33.833333333333336], [132.75, 33.833333333333336], [132.75, 33.837500000000006], [132.74375, 33.837500000000006], [132.74375, 33.833333333333336]]]}}, {"type": "Feature", "properties": {"window_end_month": "2026-06", "window_start_month": "2025-07", "mesh_500m": "503265371", "new_restaurant_permits_12m": 2, "active_mesh_rank": 44, "active_mesh_percentile": 61.61, "active_mesh_zscore": -0.1016, "hotspot_class": "other_active", "mesh_500m_center_lat": 33.860416666666666, "mesh_500m_center_lon": 132.715625}, "geometry": {"type": "Polygon", "coordinates": [[[132.7125, 33.858333333333334], [132.71875, 33.858333333333334], [132.71875, 33.862500000000004], [132.7125, 33.862500000000004], [132.7125, 33.858333333333334]]]}}, {"type": "Feature", "properties": {"window_end_month": "2026-06", "window_start_month": "2025-07", "mesh_500m": "503266022", "new_restaurant_permits_12m": 2, "active_mesh_rank": 45, "active_mesh_percentile": 60.71, "active_mesh_zscore": -0.1016, "hotspot_class": "other_active", "mesh_500m_center_lat": 33.835416666666674, "mesh_500m_center_lon": 132.784375}, "geometry": {"type": "Polygon", "coordinates": [[[132.78125, 33.833333333333336], [132.7875, 33.833333333333336], [132.7875, 33.837500000000006], [132.78125, 33.837500000000006], [132.78125, 33.833333333333336]]]}}, {"type": "Feature", "properties": {"window_end_month": "2026-06", "window_start_month": "2025-07", "mesh_500m": "503266023", "new_restaurant_permits_12m": 2, "active_mesh_rank": 46, "active_mesh_percentile": 59.82, "active_mesh_zscore": -0.1016, "hotspot_class": "other_active", "mesh_500m_center_lat": 33.83958333333334, "mesh_500m_center_lon": 132.778125}, "geometry": {"type": "Polygon", "coordinates": [[[132.775, 33.837500000000006], [132.78125, 33.837500000000006], [132.78125, 33.841666666666676], [132.775, 33.841666666666676], [132.775, 33.837500000000006]]]}}, {"type": "Feature", "properties": {"window_end_month": "2026-06", "window_start_month": "2025-07", "mesh_500m": "503266033", "new_restaurant_permits_12m": 2, "active_mesh_rank": 47, "active_mesh_percentile": 58.93, "active_mesh_zscore": -0.1016, "hotspot_class": "other_active", "mesh_500m_center_lat": 33.83958333333334, "mesh_500m_center_lon": 132.79062499999998}, "geometry": {"type": "Polygon", "coordinates": [[[132.7875, 33.837500000000006], [132.79375, 33.837500000000006], [132.79375, 33.841666666666676], [132.7875, 33.841666666666676], [132.7875, 33.837500000000006]]]}}, {"type": "Feature", "properties": {"window_end_month": "2026-06", "window_start_month": "2025-07", "mesh_500m": "503266403", "new_restaurant_permits_12m": 2, "active_mesh_rank": 48, "active_mesh_percentile": 58.04, "active_mesh_zscore": -0.1016, "hotspot_class": "other_active", "mesh_500m_center_lat": 33.87291666666667, "mesh_500m_center_lon": 132.753125}, "geometry": {"type": "Polygon", "coordinates": [[[132.75, 33.87083333333334], [132.75625, 33.87083333333334], [132.75625, 33.87500000000001], [132.75, 33.87500000000001], [132.75, 33.87083333333334]]]}}, {"type": "Feature", "properties": {"window_end_month": "2026-06", "window_start_month": "2025-07", "mesh_500m": "503276314", "new_restaurant_permits_12m": 2, "active_mesh_rank": 49, "active_mesh_percentile": 57.14, "active_mesh_zscore": -0.1016, "hotspot_class": "other_active", "mesh_500m_center_lat": 33.94791666666667, "mesh_500m_center_lon": 132.77187499999997}, "geometry": {"type": "Polygon", "coordinates": [[[132.76874999999998, 33.94583333333334], [132.77499999999998, 33.94583333333334], [132.77499999999998, 33.95000000000001], [132.76874999999998, 33.95000000000001], [132.76874999999998, 33.94583333333334]]]}}, {"type": "Feature", "properties": {"window_end_month": "2026-06", "window_start_month": "2025-07", "mesh_500m": "503276421", "new_restaurant_permits_12m": 2, "active_mesh_rank": 50, "active_mesh_percentile": 56.25, "active_mesh_zscore": -0.1016, "hotspot_class": "other_active", "mesh_500m_center_lat": 33.952083333333334, "mesh_500m_center_lon": 132.778125}, "geometry": {"type": "Polygon", "coordinates": [[[132.775, 33.95], [132.78125, 33.95], [132.78125, 33.95416666666667], [132.775, 33.95416666666667], [132.775, 33.95]]]}}, {"type": "Feature", "properties": {"window_end_month": "2026-06", "window_start_month": "2025-07", "mesh_500m": "503276512", "new_restaurant_permits_12m": 2, "active_mesh_rank": 51, "active_mesh_percentile": 55.36, "active_mesh_zscore": -0.1016, "hotspot_class": "other_active", "mesh_500m_center_lat": 33.960416666666674, "mesh_500m_center_lon": 132.77187499999997}, "geometry": {"type": "Polygon", "coordinates": [[[132.76874999999998, 33.958333333333336], [132.77499999999998, 33.958333333333336], [132.77499999999998, 33.962500000000006], [132.76874999999998, 33.962500000000006], [132.76874999999998, 33.958333333333336]]]}}, {"type": "Feature", "properties": {"window_end_month": "2026-06", "window_start_month": "2025-07", "mesh_500m": "503276614", "new_restaurant_permits_12m": 2, "active_mesh_rank": 52, "active_mesh_percentile": 54.46, "active_mesh_zscore": -0.1016, "hotspot_class": "other_active", "mesh_500m_center_lat": 33.97291666666668, "mesh_500m_center_lon": 132.77187499999997}, "geometry": {"type": "Polygon", "coordinates": [[[132.76874999999998, 33.97083333333334], [132.77499999999998, 33.97083333333334], [132.77499999999998, 33.97500000000001], [132.76874999999998, 33.97500000000001], [132.76874999999998, 33.97083333333334]]]}}, {"type": "Feature", "properties": {"window_end_month": "2026-06", "window_start_month": "2025-07", "mesh_500m": "503255783", "new_restaurant_permits_12m": 1, "active_mesh_rank": 53, "active_mesh_percentile": 53.57, "active_mesh_zscore": -0.3861, "hotspot_class": "other_active", "mesh_500m_center_lat": 33.81458333333333, "mesh_500m_center_lon": 132.72812499999998}, "geometry": {"type": "Polygon", "coordinates": [[[132.725, 33.8125], [132.73125, 33.8125], [132.73125, 33.81666666666667], [132.725, 33.81666666666667], [132.725, 33.8125]]]}}, {"type": "Feature", "properties": {"window_end_month": "2026-06", "window_start_month": "2025-07", "mesh_500m": "503255854", "new_restaurant_permits_12m": 1, "active_mesh_rank": 54, "active_mesh_percentile": 52.68, "active_mesh_zscore": -0.3861, "hotspot_class": "other_active", "mesh_500m_center_lat": 33.82291666666667, "mesh_500m_center_lon": 132.69687499999998}, "geometry": {"type": "Polygon", "coordinates": [[[132.69375, 33.82083333333334], [132.7, 33.82083333333334], [132.7, 33.82500000000001], [132.69375, 33.82500000000001], [132.69375, 33.82083333333334]]]}}, {"type": "Feature", "properties": {"window_end_month": "2026-06", "window_start_month": "2025-07", "mesh_500m": "503255873", "new_restaurant_permits_12m": 1, "active_mesh_rank": 55, "active_mesh_percentile": 51.79, "active_mesh_zscore": -0.3861, "hotspot_class": "other_active", "mesh_500m_center_lat": 33.82291666666667, "mesh_500m_center_lon": 132.715625}, "geometry": {"type": "Polygon", "coordinates": [[[132.7125, 33.82083333333334], [132.71875, 33.82083333333334], [132.71875, 33.82500000000001], [132.7125, 33.82500000000001], [132.7125, 33.82083333333334]]]}}, {"type": "Feature", "properties": {"window_end_month": "2026-06", "window_start_month": "2025-07", "mesh_500m": "503255893", "new_restaurant_permits_12m": 1, "active_mesh_rank": 56, "active_mesh_percentile": 50.89, "active_mesh_zscore": -0.3861, "hotspot_class": "other_active", "mesh_500m_center_lat": 33.82291666666667, "mesh_500m_center_lon": 132.74062500000002}, "geometry": {"type": "Polygon", "coordinates": [[[132.7375, 33.82083333333334], [132.74375, 33.82083333333334], [132.74375, 33.82500000000001], [132.7375, 33.82500000000001], [132.7375, 33.82083333333334]]]}}, {"type": "Feature", "properties": {"window_end_month": "2026-06", "window_start_month": "2025-07", "mesh_500m": "503255894", "new_restaurant_permits_12m": 1, "active_mesh_rank": 57, "active_mesh_percentile": 50.0, "active_mesh_zscore": -0.3861, "hotspot_class": "other_active", "mesh_500m_center_lat": 33.82291666666667, "mesh_500m_center_lon": 132.746875}, "geometry": {"type": "Polygon", "coordinates": [[[132.74375, 33.82083333333334], [132.75, 33.82083333333334], [132.75, 33.82500000000001], [132.74375, 33.82500000000001], [132.74375, 33.82083333333334]]]}}, {"type": "Feature", "properties": {"window_end_month": "2026-06", "window_start_month": "2025-07", "mesh_500m": "503255964", "new_restaurant_permits_12m": 1, "active_mesh_rank": 58, "active_mesh_percentile": 49.11, "active_mesh_zscore": -0.3861, "hotspot_class": "other_active", "mesh_500m_center_lat": 33.83125000000001, "mesh_500m_center_lon": 132.70937499999997}, "geometry": {"type": "Polygon", "coordinates": [[[132.70624999999998, 33.82916666666667], [132.71249999999998, 33.82916666666667], [132.71249999999998, 33.83333333333334], [132.70624999999998, 33.83333333333334], [132.70624999999998, 33.82916666666667]]]}}, {"type": "Feature", "properties": {"window_end_month": "2026-06", "window_start_month": "2025-07", "mesh_500m": "503255972", "new_restaurant_permits_12m": 1, "active_mesh_rank": 59, "active_mesh_percentile": 48.21, "active_mesh_zscore": -0.3861, "hotspot_class": "other_active", "mesh_500m_center_lat": 33.827083333333334, "mesh_500m_center_lon": 132.721875}, "geometry": {"type": "Polygon", "coordinates": [[[132.71875, 33.825], [132.725, 33.825], [132.725, 33.82916666666667], [132.71875, 33.82916666666667], [132.71875, 33.825]]]}}, {"type": "Feature", "properties": {"window_end_month": "2026-06", "window_start_month": "2025-07", "mesh_500m": "503255973", "new_restaurant_permits_12m": 1, "active_mesh_rank": 60, "active_mesh_percentile": 47.32, "active_mesh_zscore": -0.3861, "hotspot_class": "other_active", "mesh_500m_center_lat": 33.83125000000001, "mesh_500m_center_lon": 132.715625}, "geometry": {"type": "Polygon", "coordinates": [[[132.7125, 33.82916666666667], [132.71875, 33.82916666666667], [132.71875, 33.83333333333334], [132.7125, 33.83333333333334], [132.7125, 33.82916666666667]]]}}, {"type": "Feature", "properties": {"window_end_month": "2026-06", "window_start_month": "2025-07", "mesh_500m": "503255974", "new_restaurant_permits_12m": 1, "active_mesh_rank": 61, "active_mesh_percentile": 46.43, "active_mesh_zscore": -0.3861, "hotspot_class": "other_active", "mesh_500m_center_lat": 33.83125000000001, "mesh_500m_center_lon": 132.721875}, "geometry": {"type": "Polygon", "coordinates": [[[132.71875, 33.82916666666667], [132.725, 33.82916666666667], [132.725, 33.83333333333334], [132.71875, 33.83333333333334], [132.71875, 33.82916666666667]]]}}, {"type": "Feature", "properties": {"window_end_month": "2026-06", "window_start_month": "2025-07", "mesh_500m": "503255982", "new_restaurant_permits_12m": 1, "active_mesh_rank": 62, "active_mesh_percentile": 45.54, "active_mesh_zscore": -0.3861, "hotspot_class": "other_active", "mesh_500m_center_lat": 33.827083333333334, "mesh_500m_center_lon": 132.734375}, "geometry": {"type": "Polygon", "coordinates": [[[132.73125, 33.825], [132.73749999999998, 33.825], [132.73749999999998, 33.82916666666667], [132.73125, 33.82916666666667], [132.73125, 33.825]]]}}, {"type": "Feature", "properties": {"window_end_month": "2026-06", "window_start_month": "2025-07", "mesh_500m": "503255983", "new_restaurant_permits_12m": 1, "active_mesh_rank": 63, "active_mesh_percentile": 44.64, "active_mesh_zscore": -0.3861, "hotspot_class": "other_active", "mesh_500m_center_lat": 33.83125000000001, "mesh_500m_center_lon": 132.72812499999998}, "geometry": {"type": "Polygon", "coordinates": [[[132.725, 33.82916666666667], [132.73125, 33.82916666666667], [132.73125, 33.83333333333334], [132.725, 33.83333333333334], [132.725, 33.82916666666667]]]}}, {"type": "Feature", "properties": {"window_end_month": "2026-06", "window_start_month": "2025-07", "mesh_500m": "503256524", "new_restaurant_permits_12m": 1, "active_mesh_rank": 64, "active_mesh_percentile": 43.75, "active_mesh_zscore": -0.3861, "hotspot_class": "other_active", "mesh_500m_center_lat": 33.797916666666666, "mesh_500m_center_lon": 132.784375}, "geometry": {"type": "Polygon", "coordinates": [[[132.78125, 33.795833333333334], [132.7875, 33.795833333333334], [132.7875, 33.800000000000004], [132.78125, 33.800000000000004], [132.78125, 33.795833333333334]]]}}, {"type": "Feature", "properties": {"window_end_month": "2026-06", "window_start_month": "2025-07", "mesh_500m": "503256611", "new_restaurant_permits_12m": 1, "active_mesh_rank": 65, "active_mesh_percentile": 42.86, "active_mesh_zscore": -0.3861, "hotspot_class": "other_active", "mesh_500m_center_lat": 33.80208333333333, "mesh_500m_center_lon": 132.765625}, "geometry": {"type": "Polygon", "coordinates": [[[132.7625, 33.8], [132.76874999999998, 33.8], [132.76874999999998, 33.80416666666667], [132.7625, 33.80416666666667], [132.7625, 33.8]]]}}, {"type": "Feature", "properties": {"window_end_month": "2026-06", "window_start_month": "2025-07", "mesh_500m": "503256633", "new_restaurant_permits_12m": 1, "active_mesh_rank": 66, "active_mesh_percentile": 41.96, "active_mesh_zscore": -0.3861, "hotspot_class": "other_active", "mesh_500m_center_lat": 33.806250000000006, "mesh_500m_center_lon": 132.79062499999998}, "geometry": {"type": "Polygon", "coordinates": [[[132.7875, 33.80416666666667], [132.79375, 33.80416666666667], [132.79375, 33.80833333333334], [132.7875, 33.80833333333334], [132.7875, 33.80416666666667]]]}}, {"type": "Feature", "properties": {"window_end_month": "2026-06", "window_start_month": "2025-07", "mesh_500m": "503256704", "new_restaurant_permits_12m": 1, "active_mesh_rank": 67, "active_mesh_percentile": 41.07, "active_mesh_zscore": -0.3861, "hotspot_class": "other_active", "mesh_500m_center_lat": 33.81458333333333, "mesh_500m_center_lon": 132.75937499999998}, "geometry": {"type": "Polygon", "coordinates": [[[132.75625, 33.8125], [132.7625, 33.8125], [132.7625, 33.81666666666667], [132.75625, 33.81666666666667], [132.75625, 33.8125]]]}}, {"type": "Feature", "properties": {"window_end_month": "2026-06", "window_start_month": "2025-07", "mesh_500m": "503256722", "new_restaurant_permits_12m": 1, "active_mesh_rank": 68, "active_mesh_percentile": 40.18, "active_mesh_zscore": -0.3861, "hotspot_class": "other_active", "mesh_500m_center_lat": 33.81041666666667, "mesh_500m_center_lon": 132.784375}, "geometry": {"type": "Polygon", "coordinates": [[[132.78125, 33.80833333333333], [132.7875, 33.80833333333333], [132.7875, 33.8125], [132.78125, 33.8125], [132.78125, 33.80833333333333]]]}}, {"type": "Feature", "properties": {"window_end_month": "2026-06", "window_start_month": "2025-07", "mesh_500m": "503256741", "new_restaurant_permits_12m": 1, "active_mesh_rank": 69, "active_mesh_percentile": 39.29, "active_mesh_zscore": -0.3861, "hotspot_class": "other_active", "mesh_500m_center_lat": 33.81041666666667, "mesh_500m_center_lon": 132.80312500000002}, "geometry": {"type": "Polygon", "coordinates": [[[132.8, 33.80833333333333], [132.80625, 33.80833333333333], [132.80625, 33.8125], [132.8, 33.8125], [132.8, 33.80833333333333]]]}}, {"type": "Feature", "properties": {"window_end_month": "2026-06", "window_start_month": "2025-07", "mesh_500m": "503256752", "new_restaurant_permits_12m": 1, "active_mesh_rank": 70, "active_mesh_percentile": 38.39, "active_mesh_zscore": -0.3861, "hotspot_class": "other_active", "mesh_500m_center_lat": 33.81041666666667, "mesh_500m_center_lon": 132.82187499999998}, "geometry": {"type": "Polygon", "coordinates": [[[132.81875, 33.80833333333333], [132.825, 33.80833333333333], [132.825, 33.8125], [132.81875, 33.8125], [132.81875, 33.80833333333333]]]}}, {"type": "Feature", "properties": {"window_end_month": "2026-06", "window_start_month": "2025-07", "mesh_500m": "503256802", "new_restaurant_permits_12m": 1, "active_mesh_rank": 71, "active_mesh_percentile": 37.5, "active_mesh_zscore": -0.3861, "hotspot_class": "other_active", "mesh_500m_center_lat": 33.81875000000001, "mesh_500m_center_lon": 132.75937499999998}, "geometry": {"type": "Polygon", "coordinates": [[[132.75625, 33.81666666666667], [132.7625, 33.81666666666667], [132.7625, 33.82083333333334], [132.75625, 33.82083333333334], [132.75625, 33.81666666666667]]]}}, {"type": "Feature", "properties": {"window_end_month": "2026-06", "window_start_month": "2025-07", "mesh_500m": "503256804", "new_restaurant_permits_12m": 1, "active_mesh_rank": 72, "active_mesh_percentile": 36.61, "active_mesh_zscore": -0.3861, "hotspot_class": "other_active", "mesh_500m_center_lat": 33.82291666666667, "mesh_500m_center_lon": 132.75937499999998}, "geometry": {"type": "Polygon", "coordinates": [[[132.75625, 33.82083333333334], [132.7625, 33.82083333333334], [132.7625, 33.82500000000001], [132.75625, 33.82500000000001], [132.75625, 33.82083333333334]]]}}, {"type": "Feature", "properties": {"window_end_month": "2026-06", "window_start_month": "2025-07", "mesh_500m": "503256813", "new_restaurant_permits_12m": 1, "active_mesh_rank": 73, "active_mesh_percentile": 35.71, "active_mesh_zscore": -0.3861, "hotspot_class": "other_active", "mesh_500m_center_lat": 33.82291666666667, "mesh_500m_center_lon": 132.765625}, "geometry": {"type": "Polygon", "coordinates": [[[132.7625, 33.82083333333334], [132.76874999999998, 33.82083333333334], [132.76874999999998, 33.82500000000001], [132.7625, 33.82500000000001], [132.7625, 33.82083333333334]]]}}, {"type": "Feature", "properties": {"window_end_month": "2026-06", "window_start_month": "2025-07", "mesh_500m": "503256903", "new_restaurant_permits_12m": 1, "active_mesh_rank": 74, "active_mesh_percentile": 34.82, "active_mesh_zscore": -0.3861, "hotspot_class": "other_active", "mesh_500m_center_lat": 33.83125000000001, "mesh_500m_center_lon": 132.753125}, "geometry": {"type": "Polygon", "coordinates": [[[132.75, 33.82916666666667], [132.75625, 33.82916666666667], [132.75625, 33.83333333333334], [132.75, 33.83333333333334], [132.75, 33.82916666666667]]]}}, {"type": "Feature", "properties": {"window_end_month": "2026-06", "window_start_month": "2025-07", "mesh_500m": "503256913", "new_restaurant_permits_12m": 1, "active_mesh_rank": 75, "active_mesh_percentile": 33.93, "active_mesh_zscore": -0.3861, "hotspot_class": "other_active", "mesh_500m_center_lat": 33.83125000000001, "mesh_500m_center_lon": 132.765625}, "geometry": {"type": "Polygon", "coordinates": [[[132.7625, 33.82916666666667], [132.76874999999998, 33.82916666666667], [132.76874999999998, 33.83333333333334], [132.7625, 33.83333333333334], [132.7625, 33.82916666666667]]]}}, {"type": "Feature", "properties": {"window_end_month": "2026-06", "window_start_month": "2025-07", "mesh_500m": "503256922", "new_restaurant_permits_12m": 1, "active_mesh_rank": 76, "active_mesh_percentile": 33.04, "active_mesh_zscore": -0.3861, "hotspot_class": "other_active", "mesh_500m_center_lat": 33.827083333333334, "mesh_500m_center_lon": 132.784375}, "geometry": {"type": "Polygon", "coordinates": [[[132.78125, 33.825], [132.7875, 33.825], [132.7875, 33.82916666666667], [132.78125, 33.82916666666667], [132.78125, 33.825]]]}}, {"type": "Feature", "properties": {"window_end_month": "2026-06", "window_start_month": "2025-07", "mesh_500m": "503265271", "new_restaurant_permits_12m": 1, "active_mesh_rank": 77, "active_mesh_percentile": 32.14, "active_mesh_zscore": -0.3861, "hotspot_class": "other_active", "mesh_500m_center_lat": 33.85208333333334, "mesh_500m_center_lon": 132.715625}, "geometry": {"type": "Polygon", "coordinates": [[[132.7125, 33.85], [132.71875, 33.85], [132.71875, 33.85416666666667], [132.7125, 33.85416666666667], [132.7125, 33.85]]]}}, {"type": "Feature", "properties": {"window_end_month": "2026-06", "window_start_month": "2025-07", "mesh_500m": "503265272", "new_restaurant_permits_12m": 1, "active_mesh_rank": 78, "active_mesh_percentile": 31.25, "active_mesh_zscore": -0.3861, "hotspot_class": "other_active", "mesh_500m_center_lat": 33.85208333333334, "mesh_500m_center_lon": 132.721875}, "geometry": {"type": "Polygon", "coordinates": [[[132.71875, 33.85], [132.725, 33.85], [132.725, 33.85416666666667], [132.71875, 33.85416666666667], [132.71875, 33.85]]]}}, {"type": "Feature", "properties": {"window_end_month": "2026-06", "window_start_month": "2025-07", "mesh_500m": "503265273", "new_restaurant_permits_12m": 1, "active_mesh_rank": 79, "active_mesh_percentile": 30.36, "active_mesh_zscore": -0.3861, "hotspot_class": "other_active", "mesh_500m_center_lat": 33.85625, "mesh_500m_center_lon": 132.715625}, "geometry": {"type": "Polygon", "coordinates": [[[132.7125, 33.85416666666667], [132.71875, 33.85416666666667], [132.71875, 33.85833333333334], [132.7125, 33.85833333333334], [132.7125, 33.85416666666667]]]}}, {"type": "Feature", "properties": {"window_end_month": "2026-06", "window_start_month": "2025-07", "mesh_500m": "503265274", "new_restaurant_permits_12m": 1, "active_mesh_rank": 80, "active_mesh_percentile": 29.46, "active_mesh_zscore": -0.3861, "hotspot_class": "other_active", "mesh_500m_center_lat": 33.85625, "mesh_500m_center_lon": 132.721875}, "geometry": {"type": "Polygon", "coordinates": [[[132.71875, 33.85416666666667], [132.725, 33.85416666666667], [132.725, 33.85833333333334], [132.71875, 33.85833333333334], [132.71875, 33.85416666666667]]]}}, {"type": "Feature", "properties": {"window_end_month": "2026-06", "window_start_month": "2025-07", "mesh_500m": "503265283", "new_restaurant_permits_12m": 1, "active_mesh_rank": 81, "active_mesh_percentile": 28.57, "active_mesh_zscore": -0.3861, "hotspot_class": "other_active", "mesh_500m_center_lat": 33.85625, "mesh_500m_center_lon": 132.72812499999998}, "geometry": {"type": "Polygon", "coordinates": [[[132.725, 33.85416666666667], [132.73125, 33.85416666666667], [132.73125, 33.85833333333334], [132.725, 33.85833333333334], [132.725, 33.85416666666667]]]}}, {"type": "Feature", "properties": {"window_end_month": "2026-06", "window_start_month": "2025-07", "mesh_500m": "503265284", "new_restaurant_permits_12m": 1, "active_mesh_rank": 82, "active_mesh_percentile": 27.68, "active_mesh_zscore": -0.3861, "hotspot_class": "other_active", "mesh_500m_center_lat": 33.85625, "mesh_500m_center_lon": 132.734375}, "geometry": {"type": "Polygon", "coordinates": [[[132.73125, 33.85416666666667], [132.73749999999998, 33.85416666666667], [132.73749999999998, 33.85833333333334], [132.73125, 33.85833333333334], [132.73125, 33.85416666666667]]]}}, {"type": "Feature", "properties": {"window_end_month": "2026-06", "window_start_month": "2025-07", "mesh_500m": "503265291", "new_restaurant_permits_12m": 1, "active_mesh_rank": 83, "active_mesh_percentile": 26.79, "active_mesh_zscore": -0.3861, "hotspot_class": "other_active", "mesh_500m_center_lat": 33.85208333333334, "mesh_500m_center_lon": 132.74062500000002}, "geometry": {"type": "Polygon", "coordinates": [[[132.7375, 33.85], [132.74375, 33.85], [132.74375, 33.85416666666667], [132.7375, 33.85416666666667], [132.7375, 33.85]]]}}, {"type": "Feature", "properties": {"window_end_month": "2026-06", "window_start_month": "2025-07", "mesh_500m": "503265292", "new_restaurant_permits_12m": 1, "active_mesh_rank": 84, "active_mesh_percentile": 25.89, "active_mesh_zscore": -0.3861, "hotspot_class": "other_active", "mesh_500m_center_lat": 33.85208333333334, "mesh_500m_center_lon": 132.746875}, "geometry": {"type": "Polygon", "coordinates": [[[132.74375, 33.85], [132.75, 33.85], [132.75, 33.85416666666667], [132.74375, 33.85416666666667], [132.74375, 33.85]]]}}, {"type": "Feature", "properties": {"window_end_month": "2026-06", "window_start_month": "2025-07", "mesh_500m": "503265294", "new_restaurant_permits_12m": 1, "active_mesh_rank": 85, "active_mesh_percentile": 25.0, "active_mesh_zscore": -0.3861, "hotspot_class": "other_active", "mesh_500m_center_lat": 33.85625, "mesh_500m_center_lon": 132.746875}, "geometry": {"type": "Polygon", "coordinates": [[[132.74375, 33.85416666666667], [132.75, 33.85416666666667], [132.75, 33.85833333333334], [132.74375, 33.85833333333334], [132.74375, 33.85416666666667]]]}}, {"type": "Feature", "properties": {"window_end_month": "2026-06", "window_start_month": "2025-07", "mesh_500m": "503265381", "new_restaurant_permits_12m": 1, "active_mesh_rank": 86, "active_mesh_percentile": 24.11, "active_mesh_zscore": -0.3861, "hotspot_class": "other_active", "mesh_500m_center_lat": 33.860416666666666, "mesh_500m_center_lon": 132.72812499999998}, "geometry": {"type": "Polygon", "coordinates": [[[132.725, 33.858333333333334], [132.73125, 33.858333333333334], [132.73125, 33.862500000000004], [132.725, 33.862500000000004], [132.725, 33.858333333333334]]]}}, {"type": "Feature", "properties": {"window_end_month": "2026-06", "window_start_month": "2025-07", "mesh_500m": "503265462", "new_restaurant_permits_12m": 1, "active_mesh_rank": 87, "active_mesh_percentile": 23.21, "active_mesh_zscore": -0.3861, "hotspot_class": "other_active", "mesh_500m_center_lat": 33.868750000000006, "mesh_500m_center_lon": 132.70937499999997}, "geometry": {"type": "Polygon", "coordinates": [[[132.70624999999998, 33.86666666666667], [132.71249999999998, 33.86666666666667], [132.71249999999998, 33.87083333333334], [132.70624999999998, 33.87083333333334], [132.70624999999998, 33.86666666666667]]]}}, {"type": "Feature", "properties": {"window_end_month": "2026-06", "window_start_month": "2025-07", "mesh_500m": "503265471", "new_restaurant_permits_12m": 1, "active_mesh_rank": 88, "active_mesh_percentile": 22.32, "active_mesh_zscore": -0.3861, "hotspot_class": "other_active", "mesh_500m_center_lat": 33.868750000000006, "mesh_500m_center_lon": 132.715625}, "geometry": {"type": "Polygon", "coordinates": [[[132.7125, 33.86666666666667], [132.71875, 33.86666666666667], [132.71875, 33.87083333333334], [132.7125, 33.87083333333334], [132.7125, 33.86666666666667]]]}}, {"type": "Feature", "properties": {"window_end_month": "2026-06", "window_start_month": "2025-07", "mesh_500m": "503265783", "new_restaurant_permits_12m": 1, "active_mesh_rank": 89, "active_mesh_percentile": 21.43, "active_mesh_zscore": -0.3861, "hotspot_class": "other_active", "mesh_500m_center_lat": 33.897916666666674, "mesh_500m_center_lon": 132.72812499999998}, "geometry": {"type": "Polygon", "coordinates": [[[132.725, 33.895833333333336], [132.73125, 33.895833333333336], [132.73125, 33.900000000000006], [132.725, 33.900000000000006], [132.725, 33.895833333333336]]]}}, {"type": "Feature", "properties": {"window_end_month": "2026-06", "window_start_month": "2025-07", "mesh_500m": "503266001", "new_restaurant_permits_12m": 1, "active_mesh_rank": 90, "active_mesh_percentile": 20.54, "active_mesh_zscore": -0.3861, "hotspot_class": "other_active", "mesh_500m_center_lat": 33.835416666666674, "mesh_500m_center_lon": 132.753125}, "geometry": {"type": "Polygon", "coordinates": [[[132.75, 33.833333333333336], [132.75625, 33.833333333333336], [132.75625, 33.837500000000006], [132.75, 33.837500000000006], [132.75, 33.833333333333336]]]}}, {"type": "Feature", "properties": {"window_end_month": "2026-06", "window_start_month": "2025-07", "mesh_500m": "503266021", "new_restaurant_permits_12m": 1, "active_mesh_rank": 91, "active_mesh_percentile": 19.64, "active_mesh_zscore": -0.3861, "hotspot_class": "other_active", "mesh_500m_center_lat": 33.835416666666674, "mesh_500m_center_lon": 132.778125}, "geometry": {"type": "Polygon", "coordinates": [[[132.775, 33.833333333333336], [132.78125, 33.833333333333336], [132.78125, 33.837500000000006], [132.775, 33.837500000000006], [132.775, 33.833333333333336]]]}}, {"type": "Feature", "properties": {"window_end_month": "2026-06", "window_start_month": "2025-07", "mesh_500m": "503266031", "new_restaurant_permits_12m": 1, "active_mesh_rank": 92, "active_mesh_percentile": 18.75, "active_mesh_zscore": -0.3861, "hotspot_class": "other_active", "mesh_500m_center_lat": 33.835416666666674, "mesh_500m_center_lon": 132.79062499999998}, "geometry": {"type": "Polygon", "coordinates": [[[132.7875, 33.833333333333336], [132.79375, 33.833333333333336], [132.79375, 33.837500000000006], [132.7875, 33.837500000000006], [132.7875, 33.833333333333336]]]}}, {"type": "Feature", "properties": {"window_end_month": "2026-06", "window_start_month": "2025-07", "mesh_500m": "503266034", "new_restaurant_permits_12m": 1, "active_mesh_rank": 93, "active_mesh_percentile": 17.86, "active_mesh_zscore": -0.3861, "hotspot_class": "other_active", "mesh_500m_center_lat": 33.83958333333334, "mesh_500m_center_lon": 132.796875}, "geometry": {"type": "Polygon", "coordinates": [[[132.79375, 33.837500000000006], [132.79999999999998, 33.837500000000006], [132.79999999999998, 33.841666666666676], [132.79375, 33.841666666666676], [132.79375, 33.837500000000006]]]}}, {"type": "Feature", "properties": {"window_end_month": "2026-06", "window_start_month": "2025-07", "mesh_500m": "503266131", "new_restaurant_permits_12m": 1, "active_mesh_rank": 94, "active_mesh_percentile": 16.96, "active_mesh_zscore": -0.3861, "hotspot_class": "other_active", "mesh_500m_center_lat": 33.84375, "mesh_500m_center_lon": 132.79062499999998}, "geometry": {"type": "Polygon", "coordinates": [[[132.7875, 33.84166666666667], [132.79375, 33.84166666666667], [132.79375, 33.84583333333334], [132.7875, 33.84583333333334], [132.7875, 33.84166666666667]]]}}, {"type": "Feature", "properties": {"window_end_month": "2026-06", "window_start_month": "2025-07", "mesh_500m": "503266134", "new_restaurant_permits_12m": 1, "active_mesh_rank": 95, "active_mesh_percentile": 16.07, "active_mesh_zscore": -0.3861, "hotspot_class": "other_active", "mesh_500m_center_lat": 33.84791666666668, "mesh_500m_center_lon": 132.796875}, "geometry": {"type": "Polygon", "coordinates": [[[132.79375, 33.84583333333334], [132.79999999999998, 33.84583333333334], [132.79999999999998, 33.85000000000001], [132.79375, 33.85000000000001], [132.79375, 33.84583333333334]]]}}, {"type": "Feature", "properties": {"window_end_month": "2026-06", "window_start_month": "2025-07", "mesh_500m": "503266201", "new_restaurant_permits_12m": 1, "active_mesh_rank": 96, "active_mesh_percentile": 15.18, "active_mesh_zscore": -0.3861, "hotspot_class": "other_active", "mesh_500m_center_lat": 33.85208333333334, "mesh_500m_center_lon": 132.753125}, "geometry": {"type": "Polygon", "coordinates": [[[132.75, 33.85], [132.75625, 33.85], [132.75625, 33.85416666666667], [132.75, 33.85416666666667], [132.75, 33.85]]]}}, {"type": "Feature", "properties": {"window_end_month": "2026-06", "window_start_month": "2025-07", "mesh_500m": "503266203", "new_restaurant_permits_12m": 1, "active_mesh_rank": 97, "active_mesh_percentile": 14.29, "active_mesh_zscore": -0.3861, "hotspot_class": "other_active", "mesh_500m_center_lat": 33.85625, "mesh_500m_center_lon": 132.753125}, "geometry": {"type": "Polygon", "coordinates": [[[132.75, 33.85416666666667], [132.75625, 33.85416666666667], [132.75625, 33.85833333333334], [132.75, 33.85833333333334], [132.75, 33.85416666666667]]]}}, {"type": "Feature", "properties": {"window_end_month": "2026-06", "window_start_month": "2025-07", "mesh_500m": "503266204", "new_restaurant_permits_12m": 1, "active_mesh_rank": 98, "active_mesh_percentile": 13.39, "active_mesh_zscore": -0.3861, "hotspot_class": "other_active", "mesh_500m_center_lat": 33.85625, "mesh_500m_center_lon": 132.75937499999998}, "geometry": {"type": "Polygon", "coordinates": [[[132.75625, 33.85416666666667], [132.7625, 33.85416666666667], [132.7625, 33.85833333333334], [132.75625, 33.85833333333334], [132.75625, 33.85416666666667]]]}}, {"type": "Feature", "properties": {"window_end_month": "2026-06", "window_start_month": "2025-07", "mesh_500m": "503266212", "new_restaurant_permits_12m": 1, "active_mesh_rank": 99, "active_mesh_percentile": 12.5, "active_mesh_zscore": -0.3861, "hotspot_class": "other_active", "mesh_500m_center_lat": 33.85208333333334, "mesh_500m_center_lon": 132.77187499999997}, "geometry": {"type": "Polygon", "coordinates": [[[132.76874999999998, 33.85], [132.77499999999998, 33.85], [132.77499999999998, 33.85416666666667], [132.76874999999998, 33.85416666666667], [132.76874999999998, 33.85]]]}}, {"type": "Feature", "properties": {"window_end_month": "2026-06", "window_start_month": "2025-07", "mesh_500m": "503266221", "new_restaurant_permits_12m": 1, "active_mesh_rank": 100, "active_mesh_percentile": 11.61, "active_mesh_zscore": -0.3861, "hotspot_class": "other_active", "mesh_500m_center_lat": 33.85208333333334, "mesh_500m_center_lon": 132.778125}, "geometry": {"type": "Polygon", "coordinates": [[[132.775, 33.85], [132.78125, 33.85], [132.78125, 33.85416666666667], [132.775, 33.85416666666667], [132.775, 33.85]]]}}, {"type": "Feature", "properties": {"window_end_month": "2026-06", "window_start_month": "2025-07", "mesh_500m": "503266224", "new_restaurant_permits_12m": 1, "active_mesh_rank": 101, "active_mesh_percentile": 10.71, "active_mesh_zscore": -0.3861, "hotspot_class": "other_active", "mesh_500m_center_lat": 33.85625, "mesh_500m_center_lon": 132.784375}, "geometry": {"type": "Polygon", "coordinates": [[[132.78125, 33.85416666666667], [132.7875, 33.85416666666667], [132.7875, 33.85833333333334], [132.78125, 33.85833333333334], [132.78125, 33.85416666666667]]]}}, {"type": "Feature", "properties": {"window_end_month": "2026-06", "window_start_month": "2025-07", "mesh_500m": "503266302", "new_restaurant_permits_12m": 1, "active_mesh_rank": 102, "active_mesh_percentile": 9.82, "active_mesh_zscore": -0.3861, "hotspot_class": "other_active", "mesh_500m_center_lat": 33.860416666666666, "mesh_500m_center_lon": 132.75937499999998}, "geometry": {"type": "Polygon", "coordinates": [[[132.75625, 33.858333333333334], [132.7625, 33.858333333333334], [132.7625, 33.862500000000004], [132.75625, 33.862500000000004], [132.75625, 33.858333333333334]]]}}, {"type": "Feature", "properties": {"window_end_month": "2026-06", "window_start_month": "2025-07", "mesh_500m": "503266303", "new_restaurant_permits_12m": 1, "active_mesh_rank": 103, "active_mesh_percentile": 8.93, "active_mesh_zscore": -0.3861, "hotspot_class": "other_active", "mesh_500m_center_lat": 33.86458333333334, "mesh_500m_center_lon": 132.753125}, "geometry": {"type": "Polygon", "coordinates": [[[132.75, 33.862500000000004], [132.75625, 33.862500000000004], [132.75625, 33.866666666666674], [132.75, 33.866666666666674], [132.75, 33.862500000000004]]]}}, {"type": "Feature", "properties": {"window_end_month": "2026-06", "window_start_month": "2025-07", "mesh_500m": "503266304", "new_restaurant_permits_12m": 1, "active_mesh_rank": 104, "active_mesh_percentile": 8.04, "active_mesh_zscore": -0.3861, "hotspot_class": "other_active", "mesh_500m_center_lat": 33.86458333333334, "mesh_500m_center_lon": 132.75937499999998}, "geometry": {"type": "Polygon", "coordinates": [[[132.75625, 33.862500000000004], [132.7625, 33.862500000000004], [132.7625, 33.866666666666674], [132.75625, 33.866666666666674], [132.75625, 33.862500000000004]]]}}, {"type": "Feature", "properties": {"window_end_month": "2026-06", "window_start_month": "2025-07", "mesh_500m": "503274482", "new_restaurant_permits_12m": 1, "active_mesh_rank": 105, "active_mesh_percentile": 7.14, "active_mesh_zscore": -0.3861, "hotspot_class": "other_active", "mesh_500m_center_lat": 33.952083333333334, "mesh_500m_center_lon": 132.609375}, "geometry": {"type": "Polygon", "coordinates": [[[132.60625, 33.95], [132.61249999999998, 33.95], [132.61249999999998, 33.95416666666667], [132.60625, 33.95416666666667], [132.60625, 33.95]]]}}, {"type": "Feature", "properties": {"window_end_month": "2026-06", "window_start_month": "2025-07", "mesh_500m": "503275403", "new_restaurant_permits_12m": 1, "active_mesh_rank": 106, "active_mesh_percentile": 6.25, "active_mesh_zscore": -0.3861, "hotspot_class": "other_active", "mesh_500m_center_lat": 33.95625000000001, "mesh_500m_center_lon": 132.628125}, "geometry": {"type": "Polygon", "coordinates": [[[132.625, 33.95416666666667], [132.63125, 33.95416666666667], [132.63125, 33.95833333333334], [132.625, 33.95833333333334], [132.625, 33.95416666666667]]]}}, {"type": "Feature", "properties": {"window_end_month": "2026-06", "window_start_month": "2025-07", "mesh_500m": "503275603", "new_restaurant_permits_12m": 1, "active_mesh_rank": 107, "active_mesh_percentile": 5.36, "active_mesh_zscore": -0.3861, "hotspot_class": "other_active", "mesh_500m_center_lat": 33.97291666666668, "mesh_500m_center_lon": 132.628125}, "geometry": {"type": "Polygon", "coordinates": [[[132.625, 33.97083333333334], [132.63125, 33.97083333333334], [132.63125, 33.97500000000001], [132.625, 33.97500000000001], [132.625, 33.97083333333334]]]}}, {"type": "Feature", "properties": {"window_end_month": "2026-06", "window_start_month": "2025-07", "mesh_500m": "503275701", "new_restaurant_permits_12m": 1, "active_mesh_rank": 108, "active_mesh_percentile": 4.46, "active_mesh_zscore": -0.3861, "hotspot_class": "other_active", "mesh_500m_center_lat": 33.97708333333334, "mesh_500m_center_lon": 132.628125}, "geometry": {"type": "Polygon", "coordinates": [[[132.625, 33.975], [132.63125, 33.975], [132.63125, 33.97916666666667], [132.625, 33.97916666666667], [132.625, 33.975]]]}}, {"type": "Feature", "properties": {"window_end_month": "2026-06", "window_start_month": "2025-07", "mesh_500m": "503276521", "new_restaurant_permits_12m": 1, "active_mesh_rank": 109, "active_mesh_percentile": 3.57, "active_mesh_zscore": -0.3861, "hotspot_class": "other_active", "mesh_500m_center_lat": 33.960416666666674, "mesh_500m_center_lon": 132.778125}, "geometry": {"type": "Polygon", "coordinates": [[[132.775, 33.958333333333336], [132.78125, 33.958333333333336], [132.78125, 33.962500000000006], [132.775, 33.962500000000006], [132.775, 33.958333333333336]]]}}, {"type": "Feature", "properties": {"window_end_month": "2026-06", "window_start_month": "2025-07", "mesh_500m": "503276522", "new_restaurant_permits_12m": 1, "active_mesh_rank": 110, "active_mesh_percentile": 2.68, "active_mesh_zscore": -0.3861, "hotspot_class": "other_active", "mesh_500m_center_lat": 33.960416666666674, "mesh_500m_center_lon": 132.784375}, "geometry": {"type": "Polygon", "coordinates": [[[132.78125, 33.958333333333336], [132.7875, 33.958333333333336], [132.7875, 33.962500000000006], [132.78125, 33.962500000000006], [132.78125, 33.958333333333336]]]}}, {"type": "Feature", "properties": {"window_end_month": "2026-06", "window_start_month": "2025-07", "mesh_500m": "503276622", "new_restaurant_permits_12m": 1, "active_mesh_rank": 111, "active_mesh_percentile": 1.79, "active_mesh_zscore": -0.3861, "hotspot_class": "other_active", "mesh_500m_center_lat": 33.96875, "mesh_500m_center_lon": 132.784375}, "geometry": {"type": "Polygon", "coordinates": [[[132.78125, 33.96666666666667], [132.7875, 33.96666666666667], [132.7875, 33.97083333333334], [132.78125, 33.97083333333334], [132.78125, 33.96666666666667]]]}}, {"type": "Feature", "properties": {"window_end_month": "2026-06", "window_start_month": "2025-07", "mesh_500m": "503276712", "new_restaurant_permits_12m": 1, "active_mesh_rank": 112, "active_mesh_percentile": 0.89, "active_mesh_zscore": -0.3861, "hotspot_class": "other_active", "mesh_500m_center_lat": 33.97708333333334, "mesh_500m_center_lon": 132.77187499999997}, "geometry": {"type": "Polygon", "coordinates": [[[132.76874999999998, 33.975], [132.77499999999998, 33.975], [132.77499999999998, 33.97916666666667], [132.76874999999998, 33.97916666666667], [132.76874999999998, 33.975]]]}}, {"type": "Feature", "properties": {"window_end_month": "2026-07", "window_start_month": "2025-08", "mesh_500m": "503266222", "new_restaurant_permits_12m": 37, "active_mesh_rank": 1, "active_mesh_percentile": 100.0, "active_mesh_zscore": 9.2562, "hotspot_class": "top_5pct_active", "mesh_500m_center_lat": 33.85208333333334, "mesh_500m_center_lon": 132.784375}, "geometry": {"type": "Polygon", "coordinates": [[[132.78125, 33.85], [132.7875, 33.85], [132.7875, 33.85416666666667], [132.78125, 33.85416666666667], [132.78125, 33.85]]]}}, {"type": "Feature", "properties": {"window_end_month": "2026-07", "window_start_month": "2025-08", "mesh_500m": "503265373", "new_restaurant_permits_12m": 12, "active_mesh_rank": 2, "active_mesh_percentile": 99.09, "active_mesh_zscore": 2.5559, "hotspot_class": "top_5pct_active", "mesh_500m_center_lat": 33.86458333333334, "mesh_500m_center_lon": 132.715625}, "geometry": {"type": "Polygon", "coordinates": [[[132.7125, 33.862500000000004], [132.71875, 33.862500000000004], [132.71875, 33.866666666666674], [132.7125, 33.866666666666674], [132.7125, 33.862500000000004]]]}}, {"type": "Feature", "properties": {"window_end_month": "2026-07", "window_start_month": "2025-08", "mesh_500m": "503256814", "new_restaurant_permits_12m": 8, "active_mesh_rank": 3, "active_mesh_percentile": 98.18, "active_mesh_zscore": 1.4838, "hotspot_class": "top_5pct_active", "mesh_500m_center_lat": 33.82291666666667, "mesh_500m_center_lon": 132.77187499999997}, "geometry": {"type": "Polygon", "coordinates": [[[132.76874999999998, 33.82083333333334], [132.77499999999998, 33.82083333333334], [132.77499999999998, 33.82500000000001], [132.76874999999998, 33.82500000000001], [132.76874999999998, 33.82083333333334]]]}}, {"type": "Feature", "properties": {"window_end_month": "2026-07", "window_start_month": "2025-08", "mesh_500m": "503266101", "new_restaurant_permits_12m": 7, "active_mesh_rank": 4, "active_mesh_percentile": 97.27, "active_mesh_zscore": 1.2158, "hotspot_class": "top_5pct_active", "mesh_500m_center_lat": 33.84375, "mesh_500m_center_lon": 132.753125}, "geometry": {"type": "Polygon", "coordinates": [[[132.75, 33.84166666666667], [132.75625, 33.84166666666667], [132.75625, 33.84583333333334], [132.75, 33.84583333333334], [132.75, 33.84166666666667]]]}}, {"type": "Feature", "properties": {"window_end_month": "2026-07", "window_start_month": "2025-08", "mesh_500m": "503255793", "new_restaurant_permits_12m": 6, "active_mesh_rank": 5, "active_mesh_percentile": 96.36, "active_mesh_zscore": 0.9478, "hotspot_class": "top_5pct_active", "mesh_500m_center_lat": 33.81458333333333, "mesh_500m_center_lon": 132.74062500000002}, "geometry": {"type": "Polygon", "coordinates": [[[132.7375, 33.8125], [132.74375, 33.8125], [132.74375, 33.81666666666667], [132.7375, 33.81666666666667], [132.7375, 33.8125]]]}}, {"type": "Feature", "properties": {"window_end_month": "2026-07", "window_start_month": "2025-08", "mesh_500m": "503256823", "new_restaurant_permits_12m": 6, "active_mesh_rank": 6, "active_mesh_percentile": 95.45, "active_mesh_zscore": 0.9478, "hotspot_class": "top_5pct_active", "mesh_500m_center_lat": 33.82291666666667, "mesh_500m_center_lon": 132.778125}, "geometry": {"type": "Polygon", "coordinates": [[[132.775, 33.82083333333334], [132.78125, 33.82083333333334], [132.78125, 33.82500000000001], [132.775, 33.82500000000001], [132.775, 33.82083333333334]]]}}, {"type": "Feature", "properties": {"window_end_month": "2026-07", "window_start_month": "2025-08", "mesh_500m": "503256934", "new_restaurant_permits_12m": 6, "active_mesh_rank": 7, "active_mesh_percentile": 94.55, "active_mesh_zscore": 0.9478, "hotspot_class": "top_20pct_active", "mesh_500m_center_lat": 33.83125000000001, "mesh_500m_center_lon": 132.796875}, "geometry": {"type": "Polygon", "coordinates": [[[132.79375, 33.82916666666667], [132.79999999999998, 33.82916666666667], [132.79999999999998, 33.83333333333334], [132.79375, 33.83333333333334], [132.79375, 33.82916666666667]]]}}, {"type": "Feature", "properties": {"window_end_month": "2026-07", "window_start_month": "2025-08", "mesh_500m": "503256902", "new_restaurant_permits_12m": 5, "active_mesh_rank": 8, "active_mesh_percentile": 93.64, "active_mesh_zscore": 0.6798, "hotspot_class": "top_20pct_active", "mesh_500m_center_lat": 33.827083333333334, "mesh_500m_center_lon": 132.75937499999998}, "geometry": {"type": "Polygon", "coordinates": [[[132.75625, 33.825], [132.7625, 33.825], [132.7625, 33.82916666666667], [132.75625, 33.82916666666667], [132.75625, 33.825]]]}}, {"type": "Feature", "properties": {"window_end_month": "2026-07", "window_start_month": "2025-08", "mesh_500m": "503266231", "new_restaurant_permits_12m": 5, "active_mesh_rank": 9, "active_mesh_percentile": 92.73, "active_mesh_zscore": 0.6798, "hotspot_class": "top_20pct_active", "mesh_500m_center_lat": 33.85208333333334, "mesh_500m_center_lon": 132.79062499999998}, "geometry": {"type": "Polygon", "coordinates": [[[132.7875, 33.85], [132.79375, 33.85], [132.79375, 33.85416666666667], [132.7875, 33.85416666666667], [132.7875, 33.85]]]}}, {"type": "Feature", "properties": {"window_end_month": "2026-07", "window_start_month": "2025-08", "mesh_500m": "503255794", "new_restaurant_permits_12m": 4, "active_mesh_rank": 10, "active_mesh_percentile": 91.82, "active_mesh_zscore": 0.4118, "hotspot_class": "top_20pct_active", "mesh_500m_center_lat": 33.81458333333333, "mesh_500m_center_lon": 132.746875}, "geometry": {"type": "Polygon", "coordinates": [[[132.74375, 33.8125], [132.75, 33.8125], [132.75, 33.81666666666667], [132.74375, 33.81666666666667], [132.74375, 33.8125]]]}}, {"type": "Feature", "properties": {"window_end_month": "2026-07", "window_start_month": "2025-08", "mesh_500m": "503255992", "new_restaurant_permits_12m": 4, "active_mesh_rank": 11, "active_mesh_percentile": 90.91, "active_mesh_zscore": 0.4118, "hotspot_class": "top_20pct_active", "mesh_500m_center_lat": 33.827083333333334, "mesh_500m_center_lon": 132.746875}, "geometry": {"type": "Polygon", "coordinates": [[[132.74375, 33.825], [132.75, 33.825], [132.75, 33.82916666666667], [132.74375, 33.82916666666667], [132.74375, 33.825]]]}}, {"type": "Feature", "properties": {"window_end_month": "2026-07", "window_start_month": "2025-08", "mesh_500m": "503256711", "new_restaurant_permits_12m": 4, "active_mesh_rank": 12, "active_mesh_percentile": 90.0, "active_mesh_zscore": 0.4118, "hotspot_class": "top_20pct_active", "mesh_500m_center_lat": 33.81041666666667, "mesh_500m_center_lon": 132.765625}, "geometry": {"type": "Polygon", "coordinates": [[[132.7625, 33.80833333333333], [132.76874999999998, 33.80833333333333], [132.76874999999998, 33.8125], [132.7625, 33.8125], [132.7625, 33.80833333333333]]]}}, {"type": "Feature", "properties": {"window_end_month": "2026-07", "window_start_month": "2025-08", "mesh_500m": "503256721", "new_restaurant_permits_12m": 4, "active_mesh_rank": 13, "active_mesh_percentile": 89.09, "active_mesh_zscore": 0.4118, "hotspot_class": "top_20pct_active", "mesh_500m_center_lat": 33.81041666666667, "mesh_500m_center_lon": 132.778125}, "geometry": {"type": "Polygon", "coordinates": [[[132.775, 33.80833333333333], [132.78125, 33.80833333333333], [132.78125, 33.8125], [132.775, 33.8125], [132.775, 33.80833333333333]]]}}, {"type": "Feature", "properties": {"window_end_month": "2026-07", "window_start_month": "2025-08", "mesh_500m": "503265372", "new_restaurant_permits_12m": 4, "active_mesh_rank": 14, "active_mesh_percentile": 88.18, "active_mesh_zscore": 0.4118, "hotspot_class": "top_20pct_active", "mesh_500m_center_lat": 33.860416666666666, "mesh_500m_center_lon": 132.721875}, "geometry": {"type": "Polygon", "coordinates": [[[132.71875, 33.858333333333334], [132.725, 33.858333333333334], [132.725, 33.862500000000004], [132.71875, 33.862500000000004], [132.71875, 33.858333333333334]]]}}, {"type": "Feature", "properties": {"window_end_month": "2026-07", "window_start_month": "2025-08", "mesh_500m": "503266103", "new_restaurant_permits_12m": 4, "active_mesh_rank": 15, "active_mesh_percentile": 87.27, "active_mesh_zscore": 0.4118, "hotspot_class": "top_20pct_active", "mesh_500m_center_lat": 33.84791666666668, "mesh_500m_center_lon": 132.753125}, "geometry": {"type": "Polygon", "coordinates": [[[132.75, 33.84583333333334], [132.75625, 33.84583333333334], [132.75625, 33.85000000000001], [132.75, 33.85000000000001], [132.75, 33.84583333333334]]]}}, {"type": "Feature", "properties": {"window_end_month": "2026-07", "window_start_month": "2025-08", "mesh_500m": "503266132", "new_restaurant_permits_12m": 4, "active_mesh_rank": 16, "active_mesh_percentile": 86.36, "active_mesh_zscore": 0.4118, "hotspot_class": "top_20pct_active", "mesh_500m_center_lat": 33.84375, "mesh_500m_center_lon": 132.796875}, "geometry": {"type": "Polygon", "coordinates": [[[132.79375, 33.84166666666667], [132.79999999999998, 33.84166666666667], [132.79999999999998, 33.84583333333334], [132.79375, 33.84583333333334], [132.79375, 33.84166666666667]]]}}, {"type": "Feature", "properties": {"window_end_month": "2026-07", "window_start_month": "2025-08", "mesh_500m": "503266301", "new_restaurant_permits_12m": 4, "active_mesh_rank": 17, "active_mesh_percentile": 85.45, "active_mesh_zscore": 0.4118, "hotspot_class": "top_20pct_active", "mesh_500m_center_lat": 33.860416666666666, "mesh_500m_center_lon": 132.753125}, "geometry": {"type": "Polygon", "coordinates": [[[132.75, 33.858333333333334], [132.75625, 33.858333333333334], [132.75625, 33.862500000000004], [132.75, 33.862500000000004], [132.75, 33.858333333333334]]]}}, {"type": "Feature", "properties": {"window_end_month": "2026-07", "window_start_month": "2025-08", "mesh_500m": "503255792", "new_restaurant_permits_12m": 3, "active_mesh_rank": 18, "active_mesh_percentile": 84.55, "active_mesh_zscore": 0.1438, "hotspot_class": "top_20pct_active", "mesh_500m_center_lat": 33.81041666666667, "mesh_500m_center_lon": 132.746875}, "geometry": {"type": "Polygon", "coordinates": [[[132.74375, 33.80833333333333], [132.75, 33.80833333333333], [132.75, 33.8125], [132.74375, 33.8125], [132.74375, 33.80833333333333]]]}}, {"type": "Feature", "properties": {"window_end_month": "2026-07", "window_start_month": "2025-08", "mesh_500m": "503255971", "new_restaurant_permits_12m": 3, "active_mesh_rank": 19, "active_mesh_percentile": 83.64, "active_mesh_zscore": 0.1438, "hotspot_class": "top_20pct_active", "mesh_500m_center_lat": 33.827083333333334, "mesh_500m_center_lon": 132.715625}, "geometry": {"type": "Polygon", "coordinates": [[[132.7125, 33.825], [132.71875, 33.825], [132.71875, 33.82916666666667], [132.7125, 33.82916666666667], [132.7125, 33.825]]]}}, {"type": "Feature", "properties": {"window_end_month": "2026-07", "window_start_month": "2025-08", "mesh_500m": "503255981", "new_restaurant_permits_12m": 3, "active_mesh_rank": 20, "active_mesh_percentile": 82.73, "active_mesh_zscore": 0.1438, "hotspot_class": "top_20pct_active", "mesh_500m_center_lat": 33.827083333333334, "mesh_500m_center_lon": 132.72812499999998}, "geometry": {"type": "Polygon", "coordinates": [[[132.725, 33.825], [132.73125, 33.825], [132.73125, 33.82916666666667], [132.725, 33.82916666666667], [132.725, 33.825]]]}}, {"type": "Feature", "properties": {"window_end_month": "2026-07", "window_start_month": "2025-08", "mesh_500m": "503256702", "new_restaurant_permits_12m": 3, "active_mesh_rank": 21, "active_mesh_percentile": 81.82, "active_mesh_zscore": 0.1438, "hotspot_class": "top_20pct_active", "mesh_500m_center_lat": 33.81041666666667, "mesh_500m_center_lon": 132.75937499999998}, "geometry": {"type": "Polygon", "coordinates": [[[132.75625, 33.80833333333333], [132.7625, 33.80833333333333], [132.7625, 33.8125], [132.75625, 33.8125], [132.75625, 33.80833333333333]]]}}, {"type": "Feature", "properties": {"window_end_month": "2026-07", "window_start_month": "2025-08", "mesh_500m": "503256704", "new_restaurant_permits_12m": 3, "active_mesh_rank": 22, "active_mesh_percentile": 80.91, "active_mesh_zscore": 0.1438, "hotspot_class": "top_20pct_active", "mesh_500m_center_lat": 33.81458333333333, "mesh_500m_center_lon": 132.75937499999998}, "geometry": {"type": "Polygon", "coordinates": [[[132.75625, 33.8125], [132.7625, 33.8125], [132.7625, 33.81666666666667], [132.75625, 33.81666666666667], [132.75625, 33.8125]]]}}, {"type": "Feature", "properties": {"window_end_month": "2026-07", "window_start_month": "2025-08", "mesh_500m": "503256712", "new_restaurant_permits_12m": 3, "active_mesh_rank": 23, "active_mesh_percentile": 80.0, "active_mesh_zscore": 0.1438, "hotspot_class": "top_20pct_active", "mesh_500m_center_lat": 33.81041666666667, "mesh_500m_center_lon": 132.77187499999997}, "geometry": {"type": "Polygon", "coordinates": [[[132.76874999999998, 33.80833333333333], [132.77499999999998, 33.80833333333333], [132.77499999999998, 33.8125], [132.76874999999998, 33.8125], [132.76874999999998, 33.80833333333333]]]}}, {"type": "Feature", "properties": {"window_end_month": "2026-07", "window_start_month": "2025-08", "mesh_500m": "503256801", "new_restaurant_permits_12m": 3, "active_mesh_rank": 24, "active_mesh_percentile": 79.09, "active_mesh_zscore": 0.1438, "hotspot_class": "other_active", "mesh_500m_center_lat": 33.81875000000001, "mesh_500m_center_lon": 132.753125}, "geometry": {"type": "Polygon", "coordinates": [[[132.75, 33.81666666666667], [132.75625, 33.81666666666667], [132.75625, 33.82083333333334], [132.75, 33.82083333333334], [132.75, 33.81666666666667]]]}}, {"type": "Feature", "properties": {"window_end_month": "2026-07", "window_start_month": "2025-08", "mesh_500m": "503256803", "new_restaurant_permits_12m": 3, "active_mesh_rank": 25, "active_mesh_percentile": 78.18, "active_mesh_zscore": 0.1438, "hotspot_class": "other_active", "mesh_500m_center_lat": 33.82291666666667, "mesh_500m_center_lon": 132.753125}, "geometry": {"type": "Polygon", "coordinates": [[[132.75, 33.82083333333334], [132.75625, 33.82083333333334], [132.75625, 33.82500000000001], [132.75, 33.82500000000001], [132.75, 33.82083333333334]]]}}, {"type": "Feature", "properties": {"window_end_month": "2026-07", "window_start_month": "2025-08", "mesh_500m": "503256812", "new_restaurant_permits_12m": 3, "active_mesh_rank": 26, "active_mesh_percentile": 77.27, "active_mesh_zscore": 0.1438, "hotspot_class": "other_active", "mesh_500m_center_lat": 33.81875000000001, "mesh_500m_center_lon": 132.77187499999997}, "geometry": {"type": "Polygon", "coordinates": [[[132.76874999999998, 33.81666666666667], [132.77499999999998, 33.81666666666667], [132.77499999999998, 33.82083333333334], [132.76874999999998, 33.82083333333334], [132.76874999999998, 33.81666666666667]]]}}, {"type": "Feature", "properties": {"window_end_month": "2026-07", "window_start_month": "2025-08", "mesh_500m": "503256821", "new_restaurant_permits_12m": 3, "active_mesh_rank": 27, "active_mesh_percentile": 76.36, "active_mesh_zscore": 0.1438, "hotspot_class": "other_active", "mesh_500m_center_lat": 33.81875000000001, "mesh_500m_center_lon": 132.778125}, "geometry": {"type": "Polygon", "coordinates": [[[132.775, 33.81666666666667], [132.78125, 33.81666666666667], [132.78125, 33.82083333333334], [132.775, 33.82083333333334], [132.775, 33.81666666666667]]]}}, {"type": "Feature", "properties": {"window_end_month": "2026-07", "window_start_month": "2025-08", "mesh_500m": "503256914", "new_restaurant_permits_12m": 3, "active_mesh_rank": 28, "active_mesh_percentile": 75.45, "active_mesh_zscore": 0.1438, "hotspot_class": "other_active", "mesh_500m_center_lat": 33.83125000000001, "mesh_500m_center_lon": 132.77187499999997}, "geometry": {"type": "Polygon", "coordinates": [[[132.76874999999998, 33.82916666666667], [132.77499999999998, 33.82916666666667], [132.77499999999998, 33.83333333333334], [132.76874999999998, 33.83333333333334], [132.76874999999998, 33.82916666666667]]]}}, {"type": "Feature", "properties": {"window_end_month": "2026-07", "window_start_month": "2025-08", "mesh_500m": "503256923", "new_restaurant_permits_12m": 3, "active_mesh_rank": 29, "active_mesh_percentile": 74.55, "active_mesh_zscore": 0.1438, "hotspot_class": "other_active", "mesh_500m_center_lat": 33.83125000000001, "mesh_500m_center_lon": 132.778125}, "geometry": {"type": "Polygon", "coordinates": [[[132.775, 33.82916666666667], [132.78125, 33.82916666666667], [132.78125, 33.83333333333334], [132.775, 33.83333333333334], [132.775, 33.82916666666667]]]}}, {"type": "Feature", "properties": {"window_end_month": "2026-07", "window_start_month": "2025-08", "mesh_500m": "503256933", "new_restaurant_permits_12m": 3, "active_mesh_rank": 30, "active_mesh_percentile": 73.64, "active_mesh_zscore": 0.1438, "hotspot_class": "other_active", "mesh_500m_center_lat": 33.83125000000001, "mesh_500m_center_lon": 132.79062499999998}, "geometry": {"type": "Polygon", "coordinates": [[[132.7875, 33.82916666666667], [132.79375, 33.82916666666667], [132.79375, 33.83333333333334], [132.7875, 33.83333333333334], [132.7875, 33.82916666666667]]]}}, {"type": "Feature", "properties": {"window_end_month": "2026-07", "window_start_month": "2025-08", "mesh_500m": "503266024", "new_restaurant_permits_12m": 3, "active_mesh_rank": 31, "active_mesh_percentile": 72.73, "active_mesh_zscore": 0.1438, "hotspot_class": "other_active", "mesh_500m_center_lat": 33.83958333333334, "mesh_500m_center_lon": 132.784375}, "geometry": {"type": "Polygon", "coordinates": [[[132.78125, 33.837500000000006], [132.7875, 33.837500000000006], [132.7875, 33.841666666666676], [132.78125, 33.841666666666676], [132.78125, 33.837500000000006]]]}}, {"type": "Feature", "properties": {"window_end_month": "2026-07", "window_start_month": "2025-08", "mesh_500m": "503266124", "new_restaurant_permits_12m": 3, "active_mesh_rank": 32, "active_mesh_percentile": 71.82, "active_mesh_zscore": 0.1438, "hotspot_class": "other_active", "mesh_500m_center_lat": 33.84791666666668, "mesh_500m_center_lon": 132.784375}, "geometry": {"type": "Polygon", "coordinates": [[[132.78125, 33.84583333333334], [132.7875, 33.84583333333334], [132.7875, 33.85000000000001], [132.78125, 33.85000000000001], [132.78125, 33.84583333333334]]]}}, {"type": "Feature", "properties": {"window_end_month": "2026-07", "window_start_month": "2025-08", "mesh_500m": "503266403", "new_restaurant_permits_12m": 3, "active_mesh_rank": 33, "active_mesh_percentile": 70.91, "active_mesh_zscore": 0.1438, "hotspot_class": "other_active", "mesh_500m_center_lat": 33.87291666666667, "mesh_500m_center_lon": 132.753125}, "geometry": {"type": "Polygon", "coordinates": [[[132.75, 33.87083333333334], [132.75625, 33.87083333333334], [132.75625, 33.87500000000001], [132.75, 33.87500000000001], [132.75, 33.87083333333334]]]}}, {"type": "Feature", "properties": {"window_end_month": "2026-07", "window_start_month": "2025-08", "mesh_500m": "503255782", "new_restaurant_permits_12m": 2, "active_mesh_rank": 34, "active_mesh_percentile": 70.0, "active_mesh_zscore": -0.1243, "hotspot_class": "other_active", "mesh_500m_center_lat": 33.81041666666667, "mesh_500m_center_lon": 132.734375}, "geometry": {"type": "Polygon", "coordinates": [[[132.73125, 33.80833333333333], [132.73749999999998, 33.80833333333333], [132.73749999999998, 33.8125], [132.73125, 33.8125], [132.73125, 33.80833333333333]]]}}, {"type": "Feature", "properties": {"window_end_month": "2026-07", "window_start_month": "2025-08", "mesh_500m": "503255991", "new_restaurant_permits_12m": 2, "active_mesh_rank": 35, "active_mesh_percentile": 69.09, "active_mesh_zscore": -0.1243, "hotspot_class": "other_active", "mesh_500m_center_lat": 33.827083333333334, "mesh_500m_center_lon": 132.74062500000002}, "geometry": {"type": "Polygon", "coordinates": [[[132.7375, 33.825], [132.74375, 33.825], [132.74375, 33.82916666666667], [132.7375, 33.82916666666667], [132.7375, 33.825]]]}}, {"type": "Feature", "properties": {"window_end_month": "2026-07", "window_start_month": "2025-08", "mesh_500m": "503256731", "new_restaurant_permits_12m": 2, "active_mesh_rank": 36, "active_mesh_percentile": 68.18, "active_mesh_zscore": -0.1243, "hotspot_class": "other_active", "mesh_500m_center_lat": 33.81041666666667, "mesh_500m_center_lon": 132.79062499999998}, "geometry": {"type": "Polygon", "coordinates": [[[132.7875, 33.80833333333333], [132.79375, 33.80833333333333], [132.79375, 33.8125], [132.7875, 33.8125], [132.7875, 33.80833333333333]]]}}, {"type": "Feature", "properties": {"window_end_month": "2026-07", "window_start_month": "2025-08", "mesh_500m": "503256732", "new_restaurant_permits_12m": 2, "active_mesh_rank": 37, "active_mesh_percentile": 67.27, "active_mesh_zscore": -0.1243, "hotspot_class": "other_active", "mesh_500m_center_lat": 33.81041666666667, "mesh_500m_center_lon": 132.796875}, "geometry": {"type": "Polygon", "coordinates": [[[132.79375, 33.80833333333333], [132.79999999999998, 33.80833333333333], [132.79999999999998, 33.8125], [132.79375, 33.8125], [132.79375, 33.80833333333333]]]}}, {"type": "Feature", "properties": {"window_end_month": "2026-07", "window_start_month": "2025-08", "mesh_500m": "503256744", "new_restaurant_permits_12m": 2, "active_mesh_rank": 38, "active_mesh_percentile": 66.36, "active_mesh_zscore": -0.1243, "hotspot_class": "other_active", "mesh_500m_center_lat": 33.81458333333333, "mesh_500m_center_lon": 132.809375}, "geometry": {"type": "Polygon", "coordinates": [[[132.80625, 33.8125], [132.8125, 33.8125], [132.8125, 33.81666666666667], [132.80625, 33.81666666666667], [132.80625, 33.8125]]]}}, {"type": "Feature", "properties": {"window_end_month": "2026-07", "window_start_month": "2025-08", "mesh_500m": "503256753", "new_restaurant_permits_12m": 2, "active_mesh_rank": 39, "active_mesh_percentile": 65.45, "active_mesh_zscore": -0.1243, "hotspot_class": "other_active", "mesh_500m_center_lat": 33.81458333333333, "mesh_500m_center_lon": 132.815625}, "geometry": {"type": "Polygon", "coordinates": [[[132.8125, 33.8125], [132.81875, 33.8125], [132.81875, 33.81666666666667], [132.8125, 33.81666666666667], [132.8125, 33.8125]]]}}, {"type": "Feature", "properties": {"window_end_month": "2026-07", "window_start_month": "2025-08", "mesh_500m": "503256811", "new_restaurant_permits_12m": 2, "active_mesh_rank": 40, "active_mesh_percentile": 64.55, "active_mesh_zscore": -0.1243, "hotspot_class": "other_active", "mesh_500m_center_lat": 33.81875000000001, "mesh_500m_center_lon": 132.765625}, "geometry": {"type": "Polygon", "coordinates": [[[132.7625, 33.81666666666667], [132.76874999999998, 33.81666666666667], [132.76874999999998, 33.82083333333334], [132.7625, 33.82083333333334], [132.7625, 33.81666666666667]]]}}, {"type": "Feature", "properties": {"window_end_month": "2026-07", "window_start_month": "2025-08", "mesh_500m": "503256912", "new_restaurant_permits_12m": 2, "active_mesh_rank": 41, "active_mesh_percentile": 63.64, "active_mesh_zscore": -0.1243, "hotspot_class": "other_active", "mesh_500m_center_lat": 33.827083333333334, "mesh_500m_center_lon": 132.77187499999997}, "geometry": {"type": "Polygon", "coordinates": [[[132.76874999999998, 33.825], [132.77499999999998, 33.825], [132.77499999999998, 33.82916666666667], [132.76874999999998, 33.82916666666667], [132.76874999999998, 33.825]]]}}, {"type": "Feature", "properties": {"window_end_month": "2026-07", "window_start_month": "2025-08", "mesh_500m": "503256924", "new_restaurant_permits_12m": 2, "active_mesh_rank": 42, "active_mesh_percentile": 62.73, "active_mesh_zscore": -0.1243, "hotspot_class": "other_active", "mesh_500m_center_lat": 33.83125000000001, "mesh_500m_center_lon": 132.784375}, "geometry": {"type": "Polygon", "coordinates": [[[132.78125, 33.82916666666667], [132.7875, 33.82916666666667], [132.7875, 33.83333333333334], [132.78125, 33.83333333333334], [132.78125, 33.82916666666667]]]}}, {"type": "Feature", "properties": {"window_end_month": "2026-07", "window_start_month": "2025-08", "mesh_500m": "503256931", "new_restaurant_permits_12m": 2, "active_mesh_rank": 43, "active_mesh_percentile": 61.82, "active_mesh_zscore": -0.1243, "hotspot_class": "other_active", "mesh_500m_center_lat": 33.827083333333334, "mesh_500m_center_lon": 132.79062499999998}, "geometry": {"type": "Polygon", "coordinates": [[[132.7875, 33.825], [132.79375, 33.825], [132.79375, 33.82916666666667], [132.7875, 33.82916666666667], [132.7875, 33.825]]]}}, {"type": "Feature", "properties": {"window_end_month": "2026-07", "window_start_month": "2025-08", "mesh_500m": "503265092", "new_restaurant_permits_12m": 2, "active_mesh_rank": 44, "active_mesh_percentile": 60.91, "active_mesh_zscore": -0.1243, "hotspot_class": "other_active", "mesh_500m_center_lat": 33.835416666666674, "mesh_500m_center_lon": 132.746875}, "geometry": {"type": "Polygon", "coordinates": [[[132.74375, 33.833333333333336], [132.75, 33.833333333333336], [132.75, 33.837500000000006], [132.74375, 33.837500000000006], [132.74375, 33.833333333333336]]]}}, {"type": "Feature", "properties": {"window_end_month": "2026-07", "window_start_month": "2025-08", "mesh_500m": "503265371", "new_restaurant_permits_12m": 2, "active_mesh_rank": 45, "active_mesh_percentile": 60.0, "active_mesh_zscore": -0.1243, "hotspot_class": "other_active", "mesh_500m_center_lat": 33.860416666666666, "mesh_500m_center_lon": 132.715625}, "geometry": {"type": "Polygon", "coordinates": [[[132.7125, 33.858333333333334], [132.71875, 33.858333333333334], [132.71875, 33.862500000000004], [132.7125, 33.862500000000004], [132.7125, 33.858333333333334]]]}}, {"type": "Feature", "properties": {"window_end_month": "2026-07", "window_start_month": "2025-08", "mesh_500m": "503265882", "new_restaurant_permits_12m": 2, "active_mesh_rank": 46, "active_mesh_percentile": 59.09, "active_mesh_zscore": -0.1243, "hotspot_class": "other_active", "mesh_500m_center_lat": 33.90208333333334, "mesh_500m_center_lon": 132.734375}, "geometry": {"type": "Polygon", "coordinates": [[[132.73125, 33.900000000000006], [132.73749999999998, 33.900000000000006], [132.73749999999998, 33.904166666666676], [132.73125, 33.904166666666676], [132.73125, 33.900000000000006]]]}}, {"type": "Feature", "properties": {"window_end_month": "2026-07", "window_start_month": "2025-08", "mesh_500m": "503266021", "new_restaurant_permits_12m": 2, "active_mesh_rank": 47, "active_mesh_percentile": 58.18, "active_mesh_zscore": -0.1243, "hotspot_class": "other_active", "mesh_500m_center_lat": 33.835416666666674, "mesh_500m_center_lon": 132.778125}, "geometry": {"type": "Polygon", "coordinates": [[[132.775, 33.833333333333336], [132.78125, 33.833333333333336], [132.78125, 33.837500000000006], [132.775, 33.837500000000006], [132.775, 33.833333333333336]]]}}, {"type": "Feature", "properties": {"window_end_month": "2026-07", "window_start_month": "2025-08", "mesh_500m": "503266022", "new_restaurant_permits_12m": 2, "active_mesh_rank": 48, "active_mesh_percentile": 57.27, "active_mesh_zscore": -0.1243, "hotspot_class": "other_active", "mesh_500m_center_lat": 33.835416666666674, "mesh_500m_center_lon": 132.784375}, "geometry": {"type": "Polygon", "coordinates": [[[132.78125, 33.833333333333336], [132.7875, 33.833333333333336], [132.7875, 33.837500000000006], [132.78125, 33.837500000000006], [132.78125, 33.833333333333336]]]}}, {"type": "Feature", "properties": {"window_end_month": "2026-07", "window_start_month": "2025-08", "mesh_500m": "503266023", "new_restaurant_permits_12m": 2, "active_mesh_rank": 49, "active_mesh_percentile": 56.36, "active_mesh_zscore": -0.1243, "hotspot_class": "other_active", "mesh_500m_center_lat": 33.83958333333334, "mesh_500m_center_lon": 132.778125}, "geometry": {"type": "Polygon", "coordinates": [[[132.775, 33.837500000000006], [132.78125, 33.837500000000006], [132.78125, 33.841666666666676], [132.775, 33.841666666666676], [132.775, 33.837500000000006]]]}}, {"type": "Feature", "properties": {"window_end_month": "2026-07", "window_start_month": "2025-08", "mesh_500m": "503266031", "new_restaurant_permits_12m": 2, "active_mesh_rank": 50, "active_mesh_percentile": 55.45, "active_mesh_zscore": -0.1243, "hotspot_class": "other_active", "mesh_500m_center_lat": 33.835416666666674, "mesh_500m_center_lon": 132.79062499999998}, "geometry": {"type": "Polygon", "coordinates": [[[132.7875, 33.833333333333336], [132.79375, 33.833333333333336], [132.79375, 33.837500000000006], [132.7875, 33.837500000000006], [132.7875, 33.833333333333336]]]}}, {"type": "Feature", "properties": {"window_end_month": "2026-07", "window_start_month": "2025-08", "mesh_500m": "503266033", "new_restaurant_permits_12m": 2, "active_mesh_rank": 51, "active_mesh_percentile": 54.55, "active_mesh_zscore": -0.1243, "hotspot_class": "other_active", "mesh_500m_center_lat": 33.83958333333334, "mesh_500m_center_lon": 132.79062499999998}, "geometry": {"type": "Polygon", "coordinates": [[[132.7875, 33.837500000000006], [132.79375, 33.837500000000006], [132.79375, 33.841666666666676], [132.7875, 33.841666666666676], [132.7875, 33.837500000000006]]]}}, {"type": "Feature", "properties": {"window_end_month": "2026-07", "window_start_month": "2025-08", "mesh_500m": "503276314", "new_restaurant_permits_12m": 2, "active_mesh_rank": 52, "active_mesh_percentile": 53.64, "active_mesh_zscore": -0.1243, "hotspot_class": "other_active", "mesh_500m_center_lat": 33.94791666666667, "mesh_500m_center_lon": 132.77187499999997}, "geometry": {"type": "Polygon", "coordinates": [[[132.76874999999998, 33.94583333333334], [132.77499999999998, 33.94583333333334], [132.77499999999998, 33.95000000000001], [132.76874999999998, 33.95000000000001], [132.76874999999998, 33.94583333333334]]]}}, {"type": "Feature", "properties": {"window_end_month": "2026-07", "window_start_month": "2025-08", "mesh_500m": "503276421", "new_restaurant_permits_12m": 2, "active_mesh_rank": 53, "active_mesh_percentile": 52.73, "active_mesh_zscore": -0.1243, "hotspot_class": "other_active", "mesh_500m_center_lat": 33.952083333333334, "mesh_500m_center_lon": 132.778125}, "geometry": {"type": "Polygon", "coordinates": [[[132.775, 33.95], [132.78125, 33.95], [132.78125, 33.95416666666667], [132.775, 33.95416666666667], [132.775, 33.95]]]}}, {"type": "Feature", "properties": {"window_end_month": "2026-07", "window_start_month": "2025-08", "mesh_500m": "503276512", "new_restaurant_permits_12m": 2, "active_mesh_rank": 54, "active_mesh_percentile": 51.82, "active_mesh_zscore": -0.1243, "hotspot_class": "other_active", "mesh_500m_center_lat": 33.960416666666674, "mesh_500m_center_lon": 132.77187499999997}, "geometry": {"type": "Polygon", "coordinates": [[[132.76874999999998, 33.958333333333336], [132.77499999999998, 33.958333333333336], [132.77499999999998, 33.962500000000006], [132.76874999999998, 33.962500000000006], [132.76874999999998, 33.958333333333336]]]}}, {"type": "Feature", "properties": {"window_end_month": "2026-07", "window_start_month": "2025-08", "mesh_500m": "503276614", "new_restaurant_permits_12m": 2, "active_mesh_rank": 55, "active_mesh_percentile": 50.91, "active_mesh_zscore": -0.1243, "hotspot_class": "other_active", "mesh_500m_center_lat": 33.97291666666668, "mesh_500m_center_lon": 132.77187499999997}, "geometry": {"type": "Polygon", "coordinates": [[[132.76874999999998, 33.97083333333334], [132.77499999999998, 33.97083333333334], [132.77499999999998, 33.97500000000001], [132.76874999999998, 33.97500000000001], [132.76874999999998, 33.97083333333334]]]}}, {"type": "Feature", "properties": {"window_end_month": "2026-07", "window_start_month": "2025-08", "mesh_500m": "503255783", "new_restaurant_permits_12m": 1, "active_mesh_rank": 56, "active_mesh_percentile": 50.0, "active_mesh_zscore": -0.3923, "hotspot_class": "other_active", "mesh_500m_center_lat": 33.81458333333333, "mesh_500m_center_lon": 132.72812499999998}, "geometry": {"type": "Polygon", "coordinates": [[[132.725, 33.8125], [132.73125, 33.8125], [132.73125, 33.81666666666667], [132.725, 33.81666666666667], [132.725, 33.8125]]]}}, {"type": "Feature", "properties": {"window_end_month": "2026-07", "window_start_month": "2025-08", "mesh_500m": "503255854", "new_restaurant_permits_12m": 1, "active_mesh_rank": 57, "active_mesh_percentile": 49.09, "active_mesh_zscore": -0.3923, "hotspot_class": "other_active", "mesh_500m_center_lat": 33.82291666666667, "mesh_500m_center_lon": 132.69687499999998}, "geometry": {"type": "Polygon", "coordinates": [[[132.69375, 33.82083333333334], [132.7, 33.82083333333334], [132.7, 33.82500000000001], [132.69375, 33.82500000000001], [132.69375, 33.82083333333334]]]}}, {"type": "Feature", "properties": {"window_end_month": "2026-07", "window_start_month": "2025-08", "mesh_500m": "503255873", "new_restaurant_permits_12m": 1, "active_mesh_rank": 58, "active_mesh_percentile": 48.18, "active_mesh_zscore": -0.3923, "hotspot_class": "other_active", "mesh_500m_center_lat": 33.82291666666667, "mesh_500m_center_lon": 132.715625}, "geometry": {"type": "Polygon", "coordinates": [[[132.7125, 33.82083333333334], [132.71875, 33.82083333333334], [132.71875, 33.82500000000001], [132.7125, 33.82500000000001], [132.7125, 33.82083333333334]]]}}, {"type": "Feature", "properties": {"window_end_month": "2026-07", "window_start_month": "2025-08", "mesh_500m": "503255893", "new_restaurant_permits_12m": 1, "active_mesh_rank": 59, "active_mesh_percentile": 47.27, "active_mesh_zscore": -0.3923, "hotspot_class": "other_active", "mesh_500m_center_lat": 33.82291666666667, "mesh_500m_center_lon": 132.74062500000002}, "geometry": {"type": "Polygon", "coordinates": [[[132.7375, 33.82083333333334], [132.74375, 33.82083333333334], [132.74375, 33.82500000000001], [132.7375, 33.82500000000001], [132.7375, 33.82083333333334]]]}}, {"type": "Feature", "properties": {"window_end_month": "2026-07", "window_start_month": "2025-08", "mesh_500m": "503255894", "new_restaurant_permits_12m": 1, "active_mesh_rank": 60, "active_mesh_percentile": 46.36, "active_mesh_zscore": -0.3923, "hotspot_class": "other_active", "mesh_500m_center_lat": 33.82291666666667, "mesh_500m_center_lon": 132.746875}, "geometry": {"type": "Polygon", "coordinates": [[[132.74375, 33.82083333333334], [132.75, 33.82083333333334], [132.75, 33.82500000000001], [132.74375, 33.82500000000001], [132.74375, 33.82083333333334]]]}}, {"type": "Feature", "properties": {"window_end_month": "2026-07", "window_start_month": "2025-08", "mesh_500m": "503255964", "new_restaurant_permits_12m": 1, "active_mesh_rank": 61, "active_mesh_percentile": 45.45, "active_mesh_zscore": -0.3923, "hotspot_class": "other_active", "mesh_500m_center_lat": 33.83125000000001, "mesh_500m_center_lon": 132.70937499999997}, "geometry": {"type": "Polygon", "coordinates": [[[132.70624999999998, 33.82916666666667], [132.71249999999998, 33.82916666666667], [132.71249999999998, 33.83333333333334], [132.70624999999998, 33.83333333333334], [132.70624999999998, 33.82916666666667]]]}}, {"type": "Feature", "properties": {"window_end_month": "2026-07", "window_start_month": "2025-08", "mesh_500m": "503255972", "new_restaurant_permits_12m": 1, "active_mesh_rank": 62, "active_mesh_percentile": 44.55, "active_mesh_zscore": -0.3923, "hotspot_class": "other_active", "mesh_500m_center_lat": 33.827083333333334, "mesh_500m_center_lon": 132.721875}, "geometry": {"type": "Polygon", "coordinates": [[[132.71875, 33.825], [132.725, 33.825], [132.725, 33.82916666666667], [132.71875, 33.82916666666667], [132.71875, 33.825]]]}}, {"type": "Feature", "properties": {"window_end_month": "2026-07", "window_start_month": "2025-08", "mesh_500m": "503255973", "new_restaurant_permits_12m": 1, "active_mesh_rank": 63, "active_mesh_percentile": 43.64, "active_mesh_zscore": -0.3923, "hotspot_class": "other_active", "mesh_500m_center_lat": 33.83125000000001, "mesh_500m_center_lon": 132.715625}, "geometry": {"type": "Polygon", "coordinates": [[[132.7125, 33.82916666666667], [132.71875, 33.82916666666667], [132.71875, 33.83333333333334], [132.7125, 33.83333333333334], [132.7125, 33.82916666666667]]]}}, {"type": "Feature", "properties": {"window_end_month": "2026-07", "window_start_month": "2025-08", "mesh_500m": "503255974", "new_restaurant_permits_12m": 1, "active_mesh_rank": 64, "active_mesh_percentile": 42.73, "active_mesh_zscore": -0.3923, "hotspot_class": "other_active", "mesh_500m_center_lat": 33.83125000000001, "mesh_500m_center_lon": 132.721875}, "geometry": {"type": "Polygon", "coordinates": [[[132.71875, 33.82916666666667], [132.725, 33.82916666666667], [132.725, 33.83333333333334], [132.71875, 33.83333333333334], [132.71875, 33.82916666666667]]]}}, {"type": "Feature", "properties": {"window_end_month": "2026-07", "window_start_month": "2025-08", "mesh_500m": "503255982", "new_restaurant_permits_12m": 1, "active_mesh_rank": 65, "active_mesh_percentile": 41.82, "active_mesh_zscore": -0.3923, "hotspot_class": "other_active", "mesh_500m_center_lat": 33.827083333333334, "mesh_500m_center_lon": 132.734375}, "geometry": {"type": "Polygon", "coordinates": [[[132.73125, 33.825], [132.73749999999998, 33.825], [132.73749999999998, 33.82916666666667], [132.73125, 33.82916666666667], [132.73125, 33.825]]]}}, {"type": "Feature", "properties": {"window_end_month": "2026-07", "window_start_month": "2025-08", "mesh_500m": "503255983", "new_restaurant_permits_12m": 1, "active_mesh_rank": 66, "active_mesh_percentile": 40.91, "active_mesh_zscore": -0.3923, "hotspot_class": "other_active", "mesh_500m_center_lat": 33.83125000000001, "mesh_500m_center_lon": 132.72812499999998}, "geometry": {"type": "Polygon", "coordinates": [[[132.725, 33.82916666666667], [132.73125, 33.82916666666667], [132.73125, 33.83333333333334], [132.725, 33.83333333333334], [132.725, 33.82916666666667]]]}}, {"type": "Feature", "properties": {"window_end_month": "2026-07", "window_start_month": "2025-08", "mesh_500m": "503256524", "new_restaurant_permits_12m": 1, "active_mesh_rank": 67, "active_mesh_percentile": 40.0, "active_mesh_zscore": -0.3923, "hotspot_class": "other_active", "mesh_500m_center_lat": 33.797916666666666, "mesh_500m_center_lon": 132.784375}, "geometry": {"type": "Polygon", "coordinates": [[[132.78125, 33.795833333333334], [132.7875, 33.795833333333334], [132.7875, 33.800000000000004], [132.78125, 33.800000000000004], [132.78125, 33.795833333333334]]]}}, {"type": "Feature", "properties": {"window_end_month": "2026-07", "window_start_month": "2025-08", "mesh_500m": "503256611", "new_restaurant_permits_12m": 1, "active_mesh_rank": 68, "active_mesh_percentile": 39.09, "active_mesh_zscore": -0.3923, "hotspot_class": "other_active", "mesh_500m_center_lat": 33.80208333333333, "mesh_500m_center_lon": 132.765625}, "geometry": {"type": "Polygon", "coordinates": [[[132.7625, 33.8], [132.76874999999998, 33.8], [132.76874999999998, 33.80416666666667], [132.7625, 33.80416666666667], [132.7625, 33.8]]]}}, {"type": "Feature", "properties": {"window_end_month": "2026-07", "window_start_month": "2025-08", "mesh_500m": "503256633", "new_restaurant_permits_12m": 1, "active_mesh_rank": 69, "active_mesh_percentile": 38.18, "active_mesh_zscore": -0.3923, "hotspot_class": "other_active", "mesh_500m_center_lat": 33.806250000000006, "mesh_500m_center_lon": 132.79062499999998}, "geometry": {"type": "Polygon", "coordinates": [[[132.7875, 33.80416666666667], [132.79375, 33.80416666666667], [132.79375, 33.80833333333334], [132.7875, 33.80833333333334], [132.7875, 33.80416666666667]]]}}, {"type": "Feature", "properties": {"window_end_month": "2026-07", "window_start_month": "2025-08", "mesh_500m": "503256713", "new_restaurant_permits_12m": 1, "active_mesh_rank": 70, "active_mesh_percentile": 37.27, "active_mesh_zscore": -0.3923, "hotspot_class": "other_active", "mesh_500m_center_lat": 33.81458333333333, "mesh_500m_center_lon": 132.765625}, "geometry": {"type": "Polygon", "coordinates": [[[132.7625, 33.8125], [132.76874999999998, 33.8125], [132.76874999999998, 33.81666666666667], [132.7625, 33.81666666666667], [132.7625, 33.8125]]]}}, {"type": "Feature", "properties": {"window_end_month": "2026-07", "window_start_month": "2025-08", "mesh_500m": "503256722", "new_restaurant_permits_12m": 1, "active_mesh_rank": 71, "active_mesh_percentile": 36.36, "active_mesh_zscore": -0.3923, "hotspot_class": "other_active", "mesh_500m_center_lat": 33.81041666666667, "mesh_500m_center_lon": 132.784375}, "geometry": {"type": "Polygon", "coordinates": [[[132.78125, 33.80833333333333], [132.7875, 33.80833333333333], [132.7875, 33.8125], [132.78125, 33.8125], [132.78125, 33.80833333333333]]]}}, {"type": "Feature", "properties": {"window_end_month": "2026-07", "window_start_month": "2025-08", "mesh_500m": "503256741", "new_restaurant_permits_12m": 1, "active_mesh_rank": 72, "active_mesh_percentile": 35.45, "active_mesh_zscore": -0.3923, "hotspot_class": "other_active", "mesh_500m_center_lat": 33.81041666666667, "mesh_500m_center_lon": 132.80312500000002}, "geometry": {"type": "Polygon", "coordinates": [[[132.8, 33.80833333333333], [132.80625, 33.80833333333333], [132.80625, 33.8125], [132.8, 33.8125], [132.8, 33.80833333333333]]]}}, {"type": "Feature", "properties": {"window_end_month": "2026-07", "window_start_month": "2025-08", "mesh_500m": "503256752", "new_restaurant_permits_12m": 1, "active_mesh_rank": 73, "active_mesh_percentile": 34.55, "active_mesh_zscore": -0.3923, "hotspot_class": "other_active", "mesh_500m_center_lat": 33.81041666666667, "mesh_500m_center_lon": 132.82187499999998}, "geometry": {"type": "Polygon", "coordinates": [[[132.81875, 33.80833333333333], [132.825, 33.80833333333333], [132.825, 33.8125], [132.81875, 33.8125], [132.81875, 33.80833333333333]]]}}, {"type": "Feature", "properties": {"window_end_month": "2026-07", "window_start_month": "2025-08", "mesh_500m": "503256804", "new_restaurant_permits_12m": 1, "active_mesh_rank": 74, "active_mesh_percentile": 33.64, "active_mesh_zscore": -0.3923, "hotspot_class": "other_active", "mesh_500m_center_lat": 33.82291666666667, "mesh_500m_center_lon": 132.75937499999998}, "geometry": {"type": "Polygon", "coordinates": [[[132.75625, 33.82083333333334], [132.7625, 33.82083333333334], [132.7625, 33.82500000000001], [132.75625, 33.82500000000001], [132.75625, 33.82083333333334]]]}}, {"type": "Feature", "properties": {"window_end_month": "2026-07", "window_start_month": "2025-08", "mesh_500m": "503256813", "new_restaurant_permits_12m": 1, "active_mesh_rank": 75, "active_mesh_percentile": 32.73, "active_mesh_zscore": -0.3923, "hotspot_class": "other_active", "mesh_500m_center_lat": 33.82291666666667, "mesh_500m_center_lon": 132.765625}, "geometry": {"type": "Polygon", "coordinates": [[[132.7625, 33.82083333333334], [132.76874999999998, 33.82083333333334], [132.76874999999998, 33.82500000000001], [132.7625, 33.82500000000001], [132.7625, 33.82083333333334]]]}}, {"type": "Feature", "properties": {"window_end_month": "2026-07", "window_start_month": "2025-08", "mesh_500m": "503256903", "new_restaurant_permits_12m": 1, "active_mesh_rank": 76, "active_mesh_percentile": 31.82, "active_mesh_zscore": -0.3923, "hotspot_class": "other_active", "mesh_500m_center_lat": 33.83125000000001, "mesh_500m_center_lon": 132.753125}, "geometry": {"type": "Polygon", "coordinates": [[[132.75, 33.82916666666667], [132.75625, 33.82916666666667], [132.75625, 33.83333333333334], [132.75, 33.83333333333334], [132.75, 33.82916666666667]]]}}, {"type": "Feature", "properties": {"window_end_month": "2026-07", "window_start_month": "2025-08", "mesh_500m": "503256922", "new_restaurant_permits_12m": 1, "active_mesh_rank": 77, "active_mesh_percentile": 30.91, "active_mesh_zscore": -0.3923, "hotspot_class": "other_active", "mesh_500m_center_lat": 33.827083333333334, "mesh_500m_center_lon": 132.784375}, "geometry": {"type": "Polygon", "coordinates": [[[132.78125, 33.825], [132.7875, 33.825], [132.7875, 33.82916666666667], [132.78125, 33.82916666666667], [132.78125, 33.825]]]}}, {"type": "Feature", "properties": {"window_end_month": "2026-07", "window_start_month": "2025-08", "mesh_500m": "503265271", "new_restaurant_permits_12m": 1, "active_mesh_rank": 78, "active_mesh_percentile": 30.0, "active_mesh_zscore": -0.3923, "hotspot_class": "other_active", "mesh_500m_center_lat": 33.85208333333334, "mesh_500m_center_lon": 132.715625}, "geometry": {"type": "Polygon", "coordinates": [[[132.7125, 33.85], [132.71875, 33.85], [132.71875, 33.85416666666667], [132.7125, 33.85416666666667], [132.7125, 33.85]]]}}, {"type": "Feature", "properties": {"window_end_month": "2026-07", "window_start_month": "2025-08", "mesh_500m": "503265272", "new_restaurant_permits_12m": 1, "active_mesh_rank": 79, "active_mesh_percentile": 29.09, "active_mesh_zscore": -0.3923, "hotspot_class": "other_active", "mesh_500m_center_lat": 33.85208333333334, "mesh_500m_center_lon": 132.721875}, "geometry": {"type": "Polygon", "coordinates": [[[132.71875, 33.85], [132.725, 33.85], [132.725, 33.85416666666667], [132.71875, 33.85416666666667], [132.71875, 33.85]]]}}, {"type": "Feature", "properties": {"window_end_month": "2026-07", "window_start_month": "2025-08", "mesh_500m": "503265273", "new_restaurant_permits_12m": 1, "active_mesh_rank": 80, "active_mesh_percentile": 28.18, "active_mesh_zscore": -0.3923, "hotspot_class": "other_active", "mesh_500m_center_lat": 33.85625, "mesh_500m_center_lon": 132.715625}, "geometry": {"type": "Polygon", "coordinates": [[[132.7125, 33.85416666666667], [132.71875, 33.85416666666667], [132.71875, 33.85833333333334], [132.7125, 33.85833333333334], [132.7125, 33.85416666666667]]]}}, {"type": "Feature", "properties": {"window_end_month": "2026-07", "window_start_month": "2025-08", "mesh_500m": "503265274", "new_restaurant_permits_12m": 1, "active_mesh_rank": 81, "active_mesh_percentile": 27.27, "active_mesh_zscore": -0.3923, "hotspot_class": "other_active", "mesh_500m_center_lat": 33.85625, "mesh_500m_center_lon": 132.721875}, "geometry": {"type": "Polygon", "coordinates": [[[132.71875, 33.85416666666667], [132.725, 33.85416666666667], [132.725, 33.85833333333334], [132.71875, 33.85833333333334], [132.71875, 33.85416666666667]]]}}, {"type": "Feature", "properties": {"window_end_month": "2026-07", "window_start_month": "2025-08", "mesh_500m": "503265283", "new_restaurant_permits_12m": 1, "active_mesh_rank": 82, "active_mesh_percentile": 26.36, "active_mesh_zscore": -0.3923, "hotspot_class": "other_active", "mesh_500m_center_lat": 33.85625, "mesh_500m_center_lon": 132.72812499999998}, "geometry": {"type": "Polygon", "coordinates": [[[132.725, 33.85416666666667], [132.73125, 33.85416666666667], [132.73125, 33.85833333333334], [132.725, 33.85833333333334], [132.725, 33.85416666666667]]]}}, {"type": "Feature", "properties": {"window_end_month": "2026-07", "window_start_month": "2025-08", "mesh_500m": "503265284", "new_restaurant_permits_12m": 1, "active_mesh_rank": 83, "active_mesh_percentile": 25.45, "active_mesh_zscore": -0.3923, "hotspot_class": "other_active", "mesh_500m_center_lat": 33.85625, "mesh_500m_center_lon": 132.734375}, "geometry": {"type": "Polygon", "coordinates": [[[132.73125, 33.85416666666667], [132.73749999999998, 33.85416666666667], [132.73749999999998, 33.85833333333334], [132.73125, 33.85833333333334], [132.73125, 33.85416666666667]]]}}, {"type": "Feature", "properties": {"window_end_month": "2026-07", "window_start_month": "2025-08", "mesh_500m": "503265291", "new_restaurant_permits_12m": 1, "active_mesh_rank": 84, "active_mesh_percentile": 24.55, "active_mesh_zscore": -0.3923, "hotspot_class": "other_active", "mesh_500m_center_lat": 33.85208333333334, "mesh_500m_center_lon": 132.74062500000002}, "geometry": {"type": "Polygon", "coordinates": [[[132.7375, 33.85], [132.74375, 33.85], [132.74375, 33.85416666666667], [132.7375, 33.85416666666667], [132.7375, 33.85]]]}}, {"type": "Feature", "properties": {"window_end_month": "2026-07", "window_start_month": "2025-08", "mesh_500m": "503265292", "new_restaurant_permits_12m": 1, "active_mesh_rank": 85, "active_mesh_percentile": 23.64, "active_mesh_zscore": -0.3923, "hotspot_class": "other_active", "mesh_500m_center_lat": 33.85208333333334, "mesh_500m_center_lon": 132.746875}, "geometry": {"type": "Polygon", "coordinates": [[[132.74375, 33.85], [132.75, 33.85], [132.75, 33.85416666666667], [132.74375, 33.85416666666667], [132.74375, 33.85]]]}}, {"type": "Feature", "properties": {"window_end_month": "2026-07", "window_start_month": "2025-08", "mesh_500m": "503265294", "new_restaurant_permits_12m": 1, "active_mesh_rank": 86, "active_mesh_percentile": 22.73, "active_mesh_zscore": -0.3923, "hotspot_class": "other_active", "mesh_500m_center_lat": 33.85625, "mesh_500m_center_lon": 132.746875}, "geometry": {"type": "Polygon", "coordinates": [[[132.74375, 33.85416666666667], [132.75, 33.85416666666667], [132.75, 33.85833333333334], [132.74375, 33.85833333333334], [132.74375, 33.85416666666667]]]}}, {"type": "Feature", "properties": {"window_end_month": "2026-07", "window_start_month": "2025-08", "mesh_500m": "503265381", "new_restaurant_permits_12m": 1, "active_mesh_rank": 87, "active_mesh_percentile": 21.82, "active_mesh_zscore": -0.3923, "hotspot_class": "other_active", "mesh_500m_center_lat": 33.860416666666666, "mesh_500m_center_lon": 132.72812499999998}, "geometry": {"type": "Polygon", "coordinates": [[[132.725, 33.858333333333334], [132.73125, 33.858333333333334], [132.73125, 33.862500000000004], [132.725, 33.862500000000004], [132.725, 33.858333333333334]]]}}, {"type": "Feature", "properties": {"window_end_month": "2026-07", "window_start_month": "2025-08", "mesh_500m": "503265462", "new_restaurant_permits_12m": 1, "active_mesh_rank": 88, "active_mesh_percentile": 20.91, "active_mesh_zscore": -0.3923, "hotspot_class": "other_active", "mesh_500m_center_lat": 33.868750000000006, "mesh_500m_center_lon": 132.70937499999997}, "geometry": {"type": "Polygon", "coordinates": [[[132.70624999999998, 33.86666666666667], [132.71249999999998, 33.86666666666667], [132.71249999999998, 33.87083333333334], [132.70624999999998, 33.87083333333334], [132.70624999999998, 33.86666666666667]]]}}, {"type": "Feature", "properties": {"window_end_month": "2026-07", "window_start_month": "2025-08", "mesh_500m": "503265694", "new_restaurant_permits_12m": 1, "active_mesh_rank": 89, "active_mesh_percentile": 20.0, "active_mesh_zscore": -0.3923, "hotspot_class": "other_active", "mesh_500m_center_lat": 33.889583333333334, "mesh_500m_center_lon": 132.746875}, "geometry": {"type": "Polygon", "coordinates": [[[132.74375, 33.8875], [132.75, 33.8875], [132.75, 33.89166666666667], [132.74375, 33.89166666666667], [132.74375, 33.8875]]]}}, {"type": "Feature", "properties": {"window_end_month": "2026-07", "window_start_month": "2025-08", "mesh_500m": "503265783", "new_restaurant_permits_12m": 1, "active_mesh_rank": 90, "active_mesh_percentile": 19.09, "active_mesh_zscore": -0.3923, "hotspot_class": "other_active", "mesh_500m_center_lat": 33.897916666666674, "mesh_500m_center_lon": 132.72812499999998}, "geometry": {"type": "Polygon", "coordinates": [[[132.725, 33.895833333333336], [132.73125, 33.895833333333336], [132.73125, 33.900000000000006], [132.725, 33.900000000000006], [132.725, 33.895833333333336]]]}}, {"type": "Feature", "properties": {"window_end_month": "2026-07", "window_start_month": "2025-08", "mesh_500m": "503266034", "new_restaurant_permits_12m": 1, "active_mesh_rank": 91, "active_mesh_percentile": 18.18, "active_mesh_zscore": -0.3923, "hotspot_class": "other_active", "mesh_500m_center_lat": 33.83958333333334, "mesh_500m_center_lon": 132.796875}, "geometry": {"type": "Polygon", "coordinates": [[[132.79375, 33.837500000000006], [132.79999999999998, 33.837500000000006], [132.79999999999998, 33.841666666666676], [132.79375, 33.841666666666676], [132.79375, 33.837500000000006]]]}}, {"type": "Feature", "properties": {"window_end_month": "2026-07", "window_start_month": "2025-08", "mesh_500m": "503266131", "new_restaurant_permits_12m": 1, "active_mesh_rank": 92, "active_mesh_percentile": 17.27, "active_mesh_zscore": -0.3923, "hotspot_class": "other_active", "mesh_500m_center_lat": 33.84375, "mesh_500m_center_lon": 132.79062499999998}, "geometry": {"type": "Polygon", "coordinates": [[[132.7875, 33.84166666666667], [132.79375, 33.84166666666667], [132.79375, 33.84583333333334], [132.7875, 33.84583333333334], [132.7875, 33.84166666666667]]]}}, {"type": "Feature", "properties": {"window_end_month": "2026-07", "window_start_month": "2025-08", "mesh_500m": "503266134", "new_restaurant_permits_12m": 1, "active_mesh_rank": 93, "active_mesh_percentile": 16.36, "active_mesh_zscore": -0.3923, "hotspot_class": "other_active", "mesh_500m_center_lat": 33.84791666666668, "mesh_500m_center_lon": 132.796875}, "geometry": {"type": "Polygon", "coordinates": [[[132.79375, 33.84583333333334], [132.79999999999998, 33.84583333333334], [132.79999999999998, 33.85000000000001], [132.79375, 33.85000000000001], [132.79375, 33.84583333333334]]]}}, {"type": "Feature", "properties": {"window_end_month": "2026-07", "window_start_month": "2025-08", "mesh_500m": "503266201", "new_restaurant_permits_12m": 1, "active_mesh_rank": 94, "active_mesh_percentile": 15.45, "active_mesh_zscore": -0.3923, "hotspot_class": "other_active", "mesh_500m_center_lat": 33.85208333333334, "mesh_500m_center_lon": 132.753125}, "geometry": {"type": "Polygon", "coordinates": [[[132.75, 33.85], [132.75625, 33.85], [132.75625, 33.85416666666667], [132.75, 33.85416666666667], [132.75, 33.85]]]}}, {"type": "Feature", "properties": {"window_end_month": "2026-07", "window_start_month": "2025-08", "mesh_500m": "503266203", "new_restaurant_permits_12m": 1, "active_mesh_rank": 95, "active_mesh_percentile": 14.55, "active_mesh_zscore": -0.3923, "hotspot_class": "other_active", "mesh_500m_center_lat": 33.85625, "mesh_500m_center_lon": 132.753125}, "geometry": {"type": "Polygon", "coordinates": [[[132.75, 33.85416666666667], [132.75625, 33.85416666666667], [132.75625, 33.85833333333334], [132.75, 33.85833333333334], [132.75, 33.85416666666667]]]}}, {"type": "Feature", "properties": {"window_end_month": "2026-07", "window_start_month": "2025-08", "mesh_500m": "503266204", "new_restaurant_permits_12m": 1, "active_mesh_rank": 96, "active_mesh_percentile": 13.64, "active_mesh_zscore": -0.3923, "hotspot_class": "other_active", "mesh_500m_center_lat": 33.85625, "mesh_500m_center_lon": 132.75937499999998}, "geometry": {"type": "Polygon", "coordinates": [[[132.75625, 33.85416666666667], [132.7625, 33.85416666666667], [132.7625, 33.85833333333334], [132.75625, 33.85833333333334], [132.75625, 33.85416666666667]]]}}, {"type": "Feature", "properties": {"window_end_month": "2026-07", "window_start_month": "2025-08", "mesh_500m": "503266212", "new_restaurant_permits_12m": 1, "active_mesh_rank": 97, "active_mesh_percentile": 12.73, "active_mesh_zscore": -0.3923, "hotspot_class": "other_active", "mesh_500m_center_lat": 33.85208333333334, "mesh_500m_center_lon": 132.77187499999997}, "geometry": {"type": "Polygon", "coordinates": [[[132.76874999999998, 33.85], [132.77499999999998, 33.85], [132.77499999999998, 33.85416666666667], [132.76874999999998, 33.85416666666667], [132.76874999999998, 33.85]]]}}, {"type": "Feature", "properties": {"window_end_month": "2026-07", "window_start_month": "2025-08", "mesh_500m": "503266221", "new_restaurant_permits_12m": 1, "active_mesh_rank": 98, "active_mesh_percentile": 11.82, "active_mesh_zscore": -0.3923, "hotspot_class": "other_active", "mesh_500m_center_lat": 33.85208333333334, "mesh_500m_center_lon": 132.778125}, "geometry": {"type": "Polygon", "coordinates": [[[132.775, 33.85], [132.78125, 33.85], [132.78125, 33.85416666666667], [132.775, 33.85416666666667], [132.775, 33.85]]]}}, {"type": "Feature", "properties": {"window_end_month": "2026-07", "window_start_month": "2025-08", "mesh_500m": "503266224", "new_restaurant_permits_12m": 1, "active_mesh_rank": 99, "active_mesh_percentile": 10.91, "active_mesh_zscore": -0.3923, "hotspot_class": "other_active", "mesh_500m_center_lat": 33.85625, "mesh_500m_center_lon": 132.784375}, "geometry": {"type": "Polygon", "coordinates": [[[132.78125, 33.85416666666667], [132.7875, 33.85416666666667], [132.7875, 33.85833333333334], [132.78125, 33.85833333333334], [132.78125, 33.85416666666667]]]}}, {"type": "Feature", "properties": {"window_end_month": "2026-07", "window_start_month": "2025-08", "mesh_500m": "503266302", "new_restaurant_permits_12m": 1, "active_mesh_rank": 100, "active_mesh_percentile": 10.0, "active_mesh_zscore": -0.3923, "hotspot_class": "other_active", "mesh_500m_center_lat": 33.860416666666666, "mesh_500m_center_lon": 132.75937499999998}, "geometry": {"type": "Polygon", "coordinates": [[[132.75625, 33.858333333333334], [132.7625, 33.858333333333334], [132.7625, 33.862500000000004], [132.75625, 33.862500000000004], [132.75625, 33.858333333333334]]]}}, {"type": "Feature", "properties": {"window_end_month": "2026-07", "window_start_month": "2025-08", "mesh_500m": "503266303", "new_restaurant_permits_12m": 1, "active_mesh_rank": 101, "active_mesh_percentile": 9.09, "active_mesh_zscore": -0.3923, "hotspot_class": "other_active", "mesh_500m_center_lat": 33.86458333333334, "mesh_500m_center_lon": 132.753125}, "geometry": {"type": "Polygon", "coordinates": [[[132.75, 33.862500000000004], [132.75625, 33.862500000000004], [132.75625, 33.866666666666674], [132.75, 33.866666666666674], [132.75, 33.862500000000004]]]}}, {"type": "Feature", "properties": {"window_end_month": "2026-07", "window_start_month": "2025-08", "mesh_500m": "503266304", "new_restaurant_permits_12m": 1, "active_mesh_rank": 102, "active_mesh_percentile": 8.18, "active_mesh_zscore": -0.3923, "hotspot_class": "other_active", "mesh_500m_center_lat": 33.86458333333334, "mesh_500m_center_lon": 132.75937499999998}, "geometry": {"type": "Polygon", "coordinates": [[[132.75625, 33.862500000000004], [132.7625, 33.862500000000004], [132.7625, 33.866666666666674], [132.75625, 33.866666666666674], [132.75625, 33.862500000000004]]]}}, {"type": "Feature", "properties": {"window_end_month": "2026-07", "window_start_month": "2025-08", "mesh_500m": "503275403", "new_restaurant_permits_12m": 1, "active_mesh_rank": 103, "active_mesh_percentile": 7.27, "active_mesh_zscore": -0.3923, "hotspot_class": "other_active", "mesh_500m_center_lat": 33.95625000000001, "mesh_500m_center_lon": 132.628125}, "geometry": {"type": "Polygon", "coordinates": [[[132.625, 33.95416666666667], [132.63125, 33.95416666666667], [132.63125, 33.95833333333334], [132.625, 33.95833333333334], [132.625, 33.95416666666667]]]}}, {"type": "Feature", "properties": {"window_end_month": "2026-07", "window_start_month": "2025-08", "mesh_500m": "503275603", "new_restaurant_permits_12m": 1, "active_mesh_rank": 104, "active_mesh_percentile": 6.36, "active_mesh_zscore": -0.3923, "hotspot_class": "other_active", "mesh_500m_center_lat": 33.97291666666668, "mesh_500m_center_lon": 132.628125}, "geometry": {"type": "Polygon", "coordinates": [[[132.625, 33.97083333333334], [132.63125, 33.97083333333334], [132.63125, 33.97500000000001], [132.625, 33.97500000000001], [132.625, 33.97083333333334]]]}}, {"type": "Feature", "properties": {"window_end_month": "2026-07", "window_start_month": "2025-08", "mesh_500m": "503275701", "new_restaurant_permits_12m": 1, "active_mesh_rank": 105, "active_mesh_percentile": 5.45, "active_mesh_zscore": -0.3923, "hotspot_class": "other_active", "mesh_500m_center_lat": 33.97708333333334, "mesh_500m_center_lon": 132.628125}, "geometry": {"type": "Polygon", "coordinates": [[[132.625, 33.975], [132.63125, 33.975], [132.63125, 33.97916666666667], [132.625, 33.97916666666667], [132.625, 33.975]]]}}, {"type": "Feature", "properties": {"window_end_month": "2026-07", "window_start_month": "2025-08", "mesh_500m": "503276213", "new_restaurant_permits_12m": 1, "active_mesh_rank": 106, "active_mesh_percentile": 4.55, "active_mesh_zscore": -0.3923, "hotspot_class": "other_active", "mesh_500m_center_lat": 33.939583333333346, "mesh_500m_center_lon": 132.765625}, "geometry": {"type": "Polygon", "coordinates": [[[132.7625, 33.93750000000001], [132.76874999999998, 33.93750000000001], [132.76874999999998, 33.94166666666668], [132.7625, 33.94166666666668], [132.7625, 33.93750000000001]]]}}, {"type": "Feature", "properties": {"window_end_month": "2026-07", "window_start_month": "2025-08", "mesh_500m": "503276521", "new_restaurant_permits_12m": 1, "active_mesh_rank": 107, "active_mesh_percentile": 3.64, "active_mesh_zscore": -0.3923, "hotspot_class": "other_active", "mesh_500m_center_lat": 33.960416666666674, "mesh_500m_center_lon": 132.778125}, "geometry": {"type": "Polygon", "coordinates": [[[132.775, 33.958333333333336], [132.78125, 33.958333333333336], [132.78125, 33.962500000000006], [132.775, 33.962500000000006], [132.775, 33.958333333333336]]]}}, {"type": "Feature", "properties": {"window_end_month": "2026-07", "window_start_month": "2025-08", "mesh_500m": "503276522", "new_restaurant_permits_12m": 1, "active_mesh_rank": 108, "active_mesh_percentile": 2.73, "active_mesh_zscore": -0.3923, "hotspot_class": "other_active", "mesh_500m_center_lat": 33.960416666666674, "mesh_500m_center_lon": 132.784375}, "geometry": {"type": "Polygon", "coordinates": [[[132.78125, 33.958333333333336], [132.7875, 33.958333333333336], [132.7875, 33.962500000000006], [132.78125, 33.962500000000006], [132.78125, 33.958333333333336]]]}}, {"type": "Feature", "properties": {"window_end_month": "2026-07", "window_start_month": "2025-08", "mesh_500m": "503276622", "new_restaurant_permits_12m": 1, "active_mesh_rank": 109, "active_mesh_percentile": 1.82, "active_mesh_zscore": -0.3923, "hotspot_class": "other_active", "mesh_500m_center_lat": 33.96875, "mesh_500m_center_lon": 132.784375}, "geometry": {"type": "Polygon", "coordinates": [[[132.78125, 33.96666666666667], [132.7875, 33.96666666666667], [132.7875, 33.97083333333334], [132.78125, 33.97083333333334], [132.78125, 33.96666666666667]]]}}, {"type": "Feature", "properties": {"window_end_month": "2026-07", "window_start_month": "2025-08", "mesh_500m": "503276712", "new_restaurant_permits_12m": 1, "active_mesh_rank": 110, "active_mesh_percentile": 0.91, "active_mesh_zscore": -0.3923, "hotspot_class": "other_active", "mesh_500m_center_lat": 33.97708333333334, "mesh_500m_center_lon": 132.77187499999997}, "geometry": {"type": "Polygon", "coordinates": [[[132.76874999999998, 33.975], [132.77499999999998, 33.975], [132.77499999999998, 33.97916666666667], [132.76874999999998, 33.97916666666667], [132.76874999999998, 33.975]]]}}]}