source_authority,source_snapshot_date,permit_number,initial_permit_date,permit_date,permit_expiry_date,business_type,facility_name,facility_address,municipality_code,town_id,latitude,longitude,application_type,record_scope,source_url,source_sha256
愛媛県,2021-12,中局生第210111008号,2021-12-07,2021-12-07,2026-12-31,① 飲食店営業,ココチ,伊予市,,,,,,new,wayback:20220519121134:https://www.pref.ehime.jp/opendata-catalog/dataset/2344/resource/11211/%E6%96%B0%E8%A6%8F%E9%A3%9F%E5%93%81%E5%96%B6%E6%A5%AD%E8%A8%B1%E5%8F%AF%E6%96%BD%E8%A8%AD%EF%BC%88%E4%BB%A4%E5%92%8C3%E5%B9%B412%E6%9C%88%EF%BC%89.xls,ece9e65a9b253ea1099a1c882d3df6e8e3afc6a8011cc610d023756458145712
愛媛県,2021-12,中局生第210111009号,2021-12-17,2021-12-17,2026-12-31,① 飲食店営業,あじさいの杜,東温市,,,,,,new,wayback:20220519121134:https://www.pref.ehime.jp/opendata-catalog/dataset/2344/resource/11211/%E6%96%B0%E8%A6%8F%E9%A3%9F%E5%93%81%E5%96%B6%E6%A5%AD%E8%A8%B1%E5%8F%AF%E6%96%BD%E8%A8%AD%EF%BC%88%E4%BB%A4%E5%92%8C3%E5%B9%B412%E6%9C%88%EF%BC%89.xls,ece9e65a9b253ea1099a1c882d3df6e8e3afc6a8011cc610d023756458145712
愛媛県,2021-12,中局生第210121106号,2021-12-01,2021-12-01,2026-12-31,① 飲食店営業,スタミナカレーショップ,上浮穴郡久万高原町,,,,,,new,wayback:20220519121134:https://www.pref.ehime.jp/opendata-catalog/dataset/2344/resource/11211/%E6%96%B0%E8%A6%8F%E9%A3%9F%E5%93%81%E5%96%B6%E6%A5%AD%E8%A8%B1%E5%8F%AF%E6%96%BD%E8%A8%AD%EF%BC%88%E4%BB%A4%E5%92%8C3%E5%B9%B412%E6%9C%88%EF%BC%89.xls,ece9e65a9b253ea1099a1c882d3df6e8e3afc6a8011cc610d023756458145712
愛媛県,2021-12,中局生第210121113号,2021-12-08,2021-12-08,2026-12-31,① 飲食店営業,寿司　双楽,伊予市,,,,,,new,wayback:20220519121134:https://www.pref.ehime.jp/opendata-catalog/dataset/2344/resource/11211/%E6%96%B0%E8%A6%8F%E9%A3%9F%E5%93%81%E5%96%B6%E6%A5%AD%E8%A8%B1%E5%8F%AF%E6%96%BD%E8%A8%AD%EF%BC%88%E4%BB%A4%E5%92%8C3%E5%B9%B412%E6%9C%88%EF%BC%89.xls,ece9e65a9b253ea1099a1c882d3df6e8e3afc6a8011cc610d023756458145712
愛媛県,2021-12,中局生第210121114号,2021-12-08,2021-12-08,2026-12-31,① 飲食店営業,SHIOJI,伊予市,,,,,,new,wayback:20220519121134:https://www.pref.ehime.jp/opendata-catalog/dataset/2344/resource/11211/%E6%96%B0%E8%A6%8F%E9%A3%9F%E5%93%81%E5%96%B6%E6%A5%AD%E8%A8%B1%E5%8F%AF%E6%96%BD%E8%A8%AD%EF%BC%88%E4%BB%A4%E5%92%8C3%E5%B9%B412%E6%9C%88%EF%BC%89.xls,ece9e65a9b253ea1099a1c882d3df6e8e3afc6a8011cc610d023756458145712
愛媛県,2021-12,中局生第210121115号,2021-12-08,2021-12-08,2026-12-31,① 飲食店営業,スターバックスコーヒー　TSUTAYA　BOOK　STORE　重信店,東温市,,,,,,new,wayback:20220519121134:https://www.pref.ehime.jp/opendata-catalog/dataset/2344/resource/11211/%E6%96%B0%E8%A6%8F%E9%A3%9F%E5%93%81%E5%96%B6%E6%A5%AD%E8%A8%B1%E5%8F%AF%E6%96%BD%E8%A8%AD%EF%BC%88%E4%BB%A4%E5%92%8C3%E5%B9%B412%E6%9C%88%EF%BC%89.xls,ece9e65a9b253ea1099a1c882d3df6e8e3afc6a8011cc610d023756458145712
愛媛県,2021-12,中局生第210121116号,2021-12-03,2021-12-03,2026-12-31,① 飲食店営業,こよみスペース,伊予市,,,,,,new,wayback:20220519121134:https://www.pref.ehime.jp/opendata-catalog/dataset/2344/resource/11211/%E6%96%B0%E8%A6%8F%E9%A3%9F%E5%93%81%E5%96%B6%E6%A5%AD%E8%A8%B1%E5%8F%AF%E6%96%BD%E8%A8%AD%EF%BC%88%E4%BB%A4%E5%92%8C3%E5%B9%B412%E6%9C%88%EF%BC%89.xls,ece9e65a9b253ea1099a1c882d3df6e8e3afc6a8011cc610d023756458145712
愛媛県,2021-12,中局生第210121117号,2021-12-08,2021-12-08,2026-12-31,① 飲食店営業,ファミリーマート東温樋口店,東温市,,,,,,new,wayback:20220519121134:https://www.pref.ehime.jp/opendata-catalog/dataset/2344/resource/11211/%E6%96%B0%E8%A6%8F%E9%A3%9F%E5%93%81%E5%96%B6%E6%A5%AD%E8%A8%B1%E5%8F%AF%E6%96%BD%E8%A8%AD%EF%BC%88%E4%BB%A4%E5%92%8C3%E5%B9%B412%E6%9C%88%EF%BC%89.xls,ece9e65a9b253ea1099a1c882d3df6e8e3afc6a8011cc610d023756458145712
愛媛県,2021-12,中局生第210121118号,2021-12-17,2021-12-17,2026-12-31,① 飲食店営業,医療法人　西村医院,伊予郡砥部町,,,,,,new,wayback:20220519121134:https://www.pref.ehime.jp/opendata-catalog/dataset/2344/resource/11211/%E6%96%B0%E8%A6%8F%E9%A3%9F%E5%93%81%E5%96%B6%E6%A5%AD%E8%A8%B1%E5%8F%AF%E6%96%BD%E8%A8%AD%EF%BC%88%E4%BB%A4%E5%92%8C3%E5%B9%B412%E6%9C%88%EF%BC%89.xls,ece9e65a9b253ea1099a1c882d3df6e8e3afc6a8011cc610d023756458145712
愛媛県,2021-12,中局生第210121119号,2021-12-06,2021-12-06,2026-12-31,① 飲食店営業,居食屋　くし坊,伊予市,,,,,,new,wayback:20220519121134:https://www.pref.ehime.jp/opendata-catalog/dataset/2344/resource/11211/%E6%96%B0%E8%A6%8F%E9%A3%9F%E5%93%81%E5%96%B6%E6%A5%AD%E8%A8%B1%E5%8F%AF%E6%96%BD%E8%A8%AD%EF%BC%88%E4%BB%A4%E5%92%8C3%E5%B9%B412%E6%9C%88%EF%BC%89.xls,ece9e65a9b253ea1099a1c882d3df6e8e3afc6a8011cc610d023756458145712
愛媛県,2021-12,中局生第210121120号,2021-12-06,2021-12-06,2026-12-31,① 飲食店営業,くし坊　ら～めん館　麺人,伊予市,,,,,,new,wayback:20220519121134:https://www.pref.ehime.jp/opendata-catalog/dataset/2344/resource/11211/%E6%96%B0%E8%A6%8F%E9%A3%9F%E5%93%81%E5%96%B6%E6%A5%AD%E8%A8%B1%E5%8F%AF%E6%96%BD%E8%A8%AD%EF%BC%88%E4%BB%A4%E5%92%8C3%E5%B9%B412%E6%9C%88%EF%BC%89.xls,ece9e65a9b253ea1099a1c882d3df6e8e3afc6a8011cc610d023756458145712
愛媛県,2021-12,中局生第210121121号,2021-12-01,2021-12-01,2026-12-31,① 飲食店営業,あかり,上浮穴郡久万高原町,,,,,,new,wayback:20220519121134:https://www.pref.ehime.jp/opendata-catalog/dataset/2344/resource/11211/%E6%96%B0%E8%A6%8F%E9%A3%9F%E5%93%81%E5%96%B6%E6%A5%AD%E8%A8%B1%E5%8F%AF%E6%96%BD%E8%A8%AD%EF%BC%88%E4%BB%A4%E5%92%8C3%E5%B9%B412%E6%9C%88%EF%BC%89.xls,ece9e65a9b253ea1099a1c882d3df6e8e3afc6a8011cc610d023756458145712
愛媛県,2021-12,中局生第210121122号,2021-12-01,2021-12-01,2026-12-31,① 飲食店営業,宿坊　中ノ坊,上浮穴郡久万高原町,,,,,,new,wayback:20220519121134:https://www.pref.ehime.jp/opendata-catalog/dataset/2344/resource/11211/%E6%96%B0%E8%A6%8F%E9%A3%9F%E5%93%81%E5%96%B6%E6%A5%AD%E8%A8%B1%E5%8F%AF%E6%96%BD%E8%A8%AD%EF%BC%88%E4%BB%A4%E5%92%8C3%E5%B9%B412%E6%9C%88%EF%BC%89.xls,ece9e65a9b253ea1099a1c882d3df6e8e3afc6a8011cc610d023756458145712
愛媛県,2021-12,中局生第210121123号,2021-12-01,2021-12-01,2026-12-31,① 飲食店営業,いやしの宿　八丁坂,上浮穴郡久万高原町,,,,,,new,wayback:20220519121134:https://www.pref.ehime.jp/opendata-catalog/dataset/2344/resource/11211/%E6%96%B0%E8%A6%8F%E9%A3%9F%E5%93%81%E5%96%B6%E6%A5%AD%E8%A8%B1%E5%8F%AF%E6%96%BD%E8%A8%AD%EF%BC%88%E4%BB%A4%E5%92%8C3%E5%B9%B412%E6%9C%88%EF%BC%89.xls,ece9e65a9b253ea1099a1c882d3df6e8e3afc6a8011cc610d023756458145712
愛媛県,2021-12,中局生第210121124号,2021-12-09,2021-12-09,2026-12-31,① 飲食店営業,松前餃子,伊予郡松前町,,,,,,new,wayback:20220519121134:https://www.pref.ehime.jp/opendata-catalog/dataset/2344/resource/11211/%E6%96%B0%E8%A6%8F%E9%A3%9F%E5%93%81%E5%96%B6%E6%A5%AD%E8%A8%B1%E5%8F%AF%E6%96%BD%E8%A8%AD%EF%BC%88%E4%BB%A4%E5%92%8C3%E5%B9%B412%E6%9C%88%EF%BC%89.xls,ece9e65a9b253ea1099a1c882d3df6e8e3afc6a8011cc610d023756458145712
愛媛県,2021-12,中局生第210121125号,2021-12-02,2021-12-02,2026-12-31,① 飲食店営業,重信クリニック,東温市,,,,,,new,wayback:20220519121134:https://www.pref.ehime.jp/opendata-catalog/dataset/2344/resource/11211/%E6%96%B0%E8%A6%8F%E9%A3%9F%E5%93%81%E5%96%B6%E6%A5%AD%E8%A8%B1%E5%8F%AF%E6%96%BD%E8%A8%AD%EF%BC%88%E4%BB%A4%E5%92%8C3%E5%B9%B412%E6%9C%88%EF%BC%89.xls,ece9e65a9b253ea1099a1c882d3df6e8e3afc6a8011cc610d023756458145712
愛媛県,2021-12,中局生第210121126号,2021-12-02,2021-12-02,2026-12-31,① 飲食店営業,にしきそば,東温市,,,,,,new,wayback:20220519121134:https://www.pref.ehime.jp/opendata-catalog/dataset/2344/resource/11211/%E6%96%B0%E8%A6%8F%E9%A3%9F%E5%93%81%E5%96%B6%E6%A5%AD%E8%A8%B1%E5%8F%AF%E6%96%BD%E8%A8%AD%EF%BC%88%E4%BB%A4%E5%92%8C3%E5%B9%B412%E6%9C%88%EF%BC%89.xls,ece9e65a9b253ea1099a1c882d3df6e8e3afc6a8011cc610d023756458145712
愛媛県,2021-12,中局生第210121127号,2021-12-06,2021-12-06,2026-12-31,① 飲食店営業,マルヨシセンター伊予店,伊予市,,,,,,new,wayback:20220519121134:https://www.pref.ehime.jp/opendata-catalog/dataset/2344/resource/11211/%E6%96%B0%E8%A6%8F%E9%A3%9F%E5%93%81%E5%96%B6%E6%A5%AD%E8%A8%B1%E5%8F%AF%E6%96%BD%E8%A8%AD%EF%BC%88%E4%BB%A4%E5%92%8C3%E5%B9%B412%E6%9C%88%EF%BC%89.xls,ece9e65a9b253ea1099a1c882d3df6e8e3afc6a8011cc610d023756458145712
愛媛県,2021-12,中局生第210121128号,2021-12-06,2021-12-06,2026-12-31,① 飲食店営業,マルヨシセンター伊予店,伊予市,,,,,,new,wayback:20220519121134:https://www.pref.ehime.jp/opendata-catalog/dataset/2344/resource/11211/%E6%96%B0%E8%A6%8F%E9%A3%9F%E5%93%81%E5%96%B6%E6%A5%AD%E8%A8%B1%E5%8F%AF%E6%96%BD%E8%A8%AD%EF%BC%88%E4%BB%A4%E5%92%8C3%E5%B9%B412%E6%9C%88%EF%BC%89.xls,ece9e65a9b253ea1099a1c882d3df6e8e3afc6a8011cc610d023756458145712
愛媛県,2021-12,中局生第210121129号,2021-12-08,2021-12-08,2026-12-31,① 飲食店営業,ニュー坊ちゃん,伊予市,,,,,,new,wayback:20220519121134:https://www.pref.ehime.jp/opendata-catalog/dataset/2344/resource/11211/%E6%96%B0%E8%A6%8F%E9%A3%9F%E5%93%81%E5%96%B6%E6%A5%AD%E8%A8%B1%E5%8F%AF%E6%96%BD%E8%A8%AD%EF%BC%88%E4%BB%A4%E5%92%8C3%E5%B9%B412%E6%9C%88%EF%BC%89.xls,ece9e65a9b253ea1099a1c882d3df6e8e3afc6a8011cc610d023756458145712
愛媛県,2021-12,中局生第210121130号,2021-12-03,2021-12-03,2026-12-31,① 飲食店営業,釜めし　まるよし,伊予市,,,,,,new,wayback:20220519121134:https://www.pref.ehime.jp/opendata-catalog/dataset/2344/resource/11211/%E6%96%B0%E8%A6%8F%E9%A3%9F%E5%93%81%E5%96%B6%E6%A5%AD%E8%A8%B1%E5%8F%AF%E6%96%BD%E8%A8%AD%EF%BC%88%E4%BB%A4%E5%92%8C3%E5%B9%B412%E6%9C%88%EF%BC%89.xls,ece9e65a9b253ea1099a1c882d3df6e8e3afc6a8011cc610d023756458145712
愛媛県,2021-12,中局生第210121131号,2021-12-03,2021-12-03,2026-12-31,① 飲食店営業,喫茶プリンス,伊予市,,,,,,new,wayback:20220519121134:https://www.pref.ehime.jp/opendata-catalog/dataset/2344/resource/11211/%E6%96%B0%E8%A6%8F%E9%A3%9F%E5%93%81%E5%96%B6%E6%A5%AD%E8%A8%B1%E5%8F%AF%E6%96%BD%E8%A8%AD%EF%BC%88%E4%BB%A4%E5%92%8C3%E5%B9%B412%E6%9C%88%EF%BC%89.xls,ece9e65a9b253ea1099a1c882d3df6e8e3afc6a8011cc610d023756458145712
愛媛県,2021-12,中局生第210121132号,2021-12-03,2021-12-03,2026-12-31,① 飲食店営業,スナック梅ぼし,伊予市,,,,,,new,wayback:20220519121134:https://www.pref.ehime.jp/opendata-catalog/dataset/2344/resource/11211/%E6%96%B0%E8%A6%8F%E9%A3%9F%E5%93%81%E5%96%B6%E6%A5%AD%E8%A8%B1%E5%8F%AF%E6%96%BD%E8%A8%AD%EF%BC%88%E4%BB%A4%E5%92%8C3%E5%B9%B412%E6%9C%88%EF%BC%89.xls,ece9e65a9b253ea1099a1c882d3df6e8e3afc6a8011cc610d023756458145712
愛媛県,2021-12,中局生第210121133号,2021-12-03,2021-12-03,2026-12-31,① 飲食店営業,居酒屋四季,伊予市,,,,,,new,wayback:20220519121134:https://www.pref.ehime.jp/opendata-catalog/dataset/2344/resource/11211/%E6%96%B0%E8%A6%8F%E9%A3%9F%E5%93%81%E5%96%B6%E6%A5%AD%E8%A8%B1%E5%8F%AF%E6%96%BD%E8%A8%AD%EF%BC%88%E4%BB%A4%E5%92%8C3%E5%B9%B412%E6%9C%88%EF%BC%89.xls,ece9e65a9b253ea1099a1c882d3df6e8e3afc6a8011cc610d023756458145712
愛媛県,2021-12,中局生第210121134号,2021-12-03,2021-12-03,2026-12-31,① 飲食店営業,ポケット,伊予市,,,,,,new,wayback:20220519121134:https://www.pref.ehime.jp/opendata-catalog/dataset/2344/resource/11211/%E6%96%B0%E8%A6%8F%E9%A3%9F%E5%93%81%E5%96%B6%E6%A5%AD%E8%A8%B1%E5%8F%AF%E6%96%BD%E8%A8%AD%EF%BC%88%E4%BB%A4%E5%92%8C3%E5%B9%B412%E6%9C%88%EF%BC%89.xls,ece9e65a9b253ea1099a1c882d3df6e8e3afc6a8011cc610d023756458145712
愛媛県,2021-12,中局生第210121135号,2021-12-17,2021-12-17,2026-12-31,① 飲食店営業,株式会社Aコープ西日本　Aコープ城南店,伊予郡砥部町,,,,,,new,wayback:20220519121134:https://www.pref.ehime.jp/opendata-catalog/dataset/2344/resource/11211/%E6%96%B0%E8%A6%8F%E9%A3%9F%E5%93%81%E5%96%B6%E6%A5%AD%E8%A8%B1%E5%8F%AF%E6%96%BD%E8%A8%AD%EF%BC%88%E4%BB%A4%E5%92%8C3%E5%B9%B412%E6%9C%88%EF%BC%89.xls,ece9e65a9b253ea1099a1c882d3df6e8e3afc6a8011cc610d023756458145712
愛媛県,2021-12,中局生第210121136号,2021-12-07,2021-12-07,2026-12-31,① 飲食店営業,ルミエール城南,伊予郡砥部町,,,,,,new,wayback:20220519121134:https://www.pref.ehime.jp/opendata-catalog/dataset/2344/resource/11211/%E6%96%B0%E8%A6%8F%E9%A3%9F%E5%93%81%E5%96%B6%E6%A5%AD%E8%A8%B1%E5%8F%AF%E6%96%BD%E8%A8%AD%EF%BC%88%E4%BB%A4%E5%92%8C3%E5%B9%B412%E6%9C%88%EF%BC%89.xls,ece9e65a9b253ea1099a1c882d3df6e8e3afc6a8011cc610d023756458145712
愛媛県,2021-12,中局生第210121137号,2021-12-07,2021-12-07,2026-12-31,① 飲食店営業,割烹　ひだのかみ,伊予郡砥部町,,,,,,new,wayback:20220519121134:https://www.pref.ehime.jp/opendata-catalog/dataset/2344/resource/11211/%E6%96%B0%E8%A6%8F%E9%A3%9F%E5%93%81%E5%96%B6%E6%A5%AD%E8%A8%B1%E5%8F%AF%E6%96%BD%E8%A8%AD%EF%BC%88%E4%BB%A4%E5%92%8C3%E5%B9%B412%E6%9C%88%EF%BC%89.xls,ece9e65a9b253ea1099a1c882d3df6e8e3afc6a8011cc610d023756458145712
愛媛県,2021-12,中局生第210121138号,2021-12-07,2021-12-07,2026-12-31,① 飲食店営業,長寿し,伊予郡砥部町,,,,,,new,wayback:20220519121134:https://www.pref.ehime.jp/opendata-catalog/dataset/2344/resource/11211/%E6%96%B0%E8%A6%8F%E9%A3%9F%E5%93%81%E5%96%B6%E6%A5%AD%E8%A8%B1%E5%8F%AF%E6%96%BD%E8%A8%AD%EF%BC%88%E4%BB%A4%E5%92%8C3%E5%B9%B412%E6%9C%88%EF%BC%89.xls,ece9e65a9b253ea1099a1c882d3df6e8e3afc6a8011cc610d023756458145712
愛媛県,2021-12,中局生第210121139号,2021-12-07,2021-12-07,2026-12-31,① 飲食店営業,ちそう庵和田,伊予郡砥部町,,,,,,new,wayback:20220519121134:https://www.pref.ehime.jp/opendata-catalog/dataset/2344/resource/11211/%E6%96%B0%E8%A6%8F%E9%A3%9F%E5%93%81%E5%96%B6%E6%A5%AD%E8%A8%B1%E5%8F%AF%E6%96%BD%E8%A8%AD%EF%BC%88%E4%BB%A4%E5%92%8C3%E5%B9%B412%E6%9C%88%EF%BC%89.xls,ece9e65a9b253ea1099a1c882d3df6e8e3afc6a8011cc610d023756458145712
愛媛県,2021-12,中局生第210121141号,2021-12-09,2021-12-09,2026-12-31,① 飲食店営業,セブン・イレブン松前町恵久美店,伊予郡松前町,,,,,,new,wayback:20220519121134:https://www.pref.ehime.jp/opendata-catalog/dataset/2344/resource/11211/%E6%96%B0%E8%A6%8F%E9%A3%9F%E5%93%81%E5%96%B6%E6%A5%AD%E8%A8%B1%E5%8F%AF%E6%96%BD%E8%A8%AD%EF%BC%88%E4%BB%A4%E5%92%8C3%E5%B9%B412%E6%9C%88%EF%BC%89.xls,ece9e65a9b253ea1099a1c882d3df6e8e3afc6a8011cc610d023756458145712
愛媛県,2021-12,中局生第210121142号,2021-12-13,2021-12-13,2026-12-31,① 飲食店営業,こより　シンセイフード事業部,伊予郡松前町,,,,,,new,wayback:20220519121134:https://www.pref.ehime.jp/opendata-catalog/dataset/2344/resource/11211/%E6%96%B0%E8%A6%8F%E9%A3%9F%E5%93%81%E5%96%B6%E6%A5%AD%E8%A8%B1%E5%8F%AF%E6%96%BD%E8%A8%AD%EF%BC%88%E4%BB%A4%E5%92%8C3%E5%B9%B412%E6%9C%88%EF%BC%89.xls,ece9e65a9b253ea1099a1c882d3df6e8e3afc6a8011cc610d023756458145712
愛媛県,2021-12,中局生第210121143号,2021-12-13,2021-12-13,2026-12-31,① 飲食店営業,くろだ病院　シンセイフード事業部,伊予郡松前町,,,,,,new,wayback:20220519121134:https://www.pref.ehime.jp/opendata-catalog/dataset/2344/resource/11211/%E6%96%B0%E8%A6%8F%E9%A3%9F%E5%93%81%E5%96%B6%E6%A5%AD%E8%A8%B1%E5%8F%AF%E6%96%BD%E8%A8%AD%EF%BC%88%E4%BB%A4%E5%92%8C3%E5%B9%B412%E6%9C%88%EF%BC%89.xls,ece9e65a9b253ea1099a1c882d3df6e8e3afc6a8011cc610d023756458145712
愛媛県,2021-12,中局生第210121144号,2021-12-13,2021-12-13,2026-12-31,① 飲食店営業,菜の花　シンセイフード事業部,伊予郡松前町,,,,,,new,wayback:20220519121134:https://www.pref.ehime.jp/opendata-catalog/dataset/2344/resource/11211/%E6%96%B0%E8%A6%8F%E9%A3%9F%E5%93%81%E5%96%B6%E6%A5%AD%E8%A8%B1%E5%8F%AF%E6%96%BD%E8%A8%AD%EF%BC%88%E4%BB%A4%E5%92%8C3%E5%B9%B412%E6%9C%88%EF%BC%89.xls,ece9e65a9b253ea1099a1c882d3df6e8e3afc6a8011cc610d023756458145712
愛媛県,2021-12,中局生第210121145号,2021-12-16,2021-12-16,2026-12-31,① 飲食店営業,なないろ,伊予市,,,,,,new,wayback:20220519121134:https://www.pref.ehime.jp/opendata-catalog/dataset/2344/resource/11211/%E6%96%B0%E8%A6%8F%E9%A3%9F%E5%93%81%E5%96%B6%E6%A5%AD%E8%A8%B1%E5%8F%AF%E6%96%BD%E8%A8%AD%EF%BC%88%E4%BB%A4%E5%92%8C3%E5%B9%B412%E6%9C%88%EF%BC%89.xls,ece9e65a9b253ea1099a1c882d3df6e8e3afc6a8011cc610d023756458145712
愛媛県,2021-12,中局生第210121146号,2021-12-24,2021-12-24,2026-12-31,① 飲食店営業,カフェ・カショー,東温市,,,,,,new,wayback:20220519121134:https://www.pref.ehime.jp/opendata-catalog/dataset/2344/resource/11211/%E6%96%B0%E8%A6%8F%E9%A3%9F%E5%93%81%E5%96%B6%E6%A5%AD%E8%A8%B1%E5%8F%AF%E6%96%BD%E8%A8%AD%EF%BC%88%E4%BB%A4%E5%92%8C3%E5%B9%B412%E6%9C%88%EF%BC%89.xls,ece9e65a9b253ea1099a1c882d3df6e8e3afc6a8011cc610d023756458145712
愛媛県,2021-12,中局生第210121147号,2021-12-21,2021-12-21,2026-12-31,① 飲食店営業,伊予病院食堂　シンセイフード事業部,伊予市,,,,,,new,wayback:20220519121134:https://www.pref.ehime.jp/opendata-catalog/dataset/2344/resource/11211/%E6%96%B0%E8%A6%8F%E9%A3%9F%E5%93%81%E5%96%B6%E6%A5%AD%E8%A8%B1%E5%8F%AF%E6%96%BD%E8%A8%AD%EF%BC%88%E4%BB%A4%E5%92%8C3%E5%B9%B412%E6%9C%88%EF%BC%89.xls,ece9e65a9b253ea1099a1c882d3df6e8e3afc6a8011cc610d023756458145712
愛媛県,2021-12,中局生第210121148号,2021-12-21,2021-12-21,2026-12-31,① 飲食店営業,伊予病院　シンセイフード事業部,伊予市,,,,,,new,wayback:20220519121134:https://www.pref.ehime.jp/opendata-catalog/dataset/2344/resource/11211/%E6%96%B0%E8%A6%8F%E9%A3%9F%E5%93%81%E5%96%B6%E6%A5%AD%E8%A8%B1%E5%8F%AF%E6%96%BD%E8%A8%AD%EF%BC%88%E4%BB%A4%E5%92%8C3%E5%B9%B412%E6%9C%88%EF%BC%89.xls,ece9e65a9b253ea1099a1c882d3df6e8e3afc6a8011cc610d023756458145712
愛媛県,2021-12,中局生第210201005号,2021-12-17,2021-12-17,2026-12-31,② 調理機能を有する自動販売機（要許可）,佐川急便株式会社　四国支社　松山店　１階外自販機コーナー,伊予郡砥部町,,,,,,new,wayback:20220519121134:https://www.pref.ehime.jp/opendata-catalog/dataset/2344/resource/11211/%E6%96%B0%E8%A6%8F%E9%A3%9F%E5%93%81%E5%96%B6%E6%A5%AD%E8%A8%B1%E5%8F%AF%E6%96%BD%E8%A8%AD%EF%BC%88%E4%BB%A4%E5%92%8C3%E5%B9%B412%E6%9C%88%EF%BC%89.xls,ece9e65a9b253ea1099a1c882d3df6e8e3afc6a8011cc610d023756458145712
愛媛県,2021-12,中局生第210301009号,2021-12-02,2021-12-02,2026-12-31,③ 食肉販売業,ミートしのざき,東温市,,,,,,new,wayback:20220519121134:https://www.pref.ehime.jp/opendata-catalog/dataset/2344/resource/11211/%E6%96%B0%E8%A6%8F%E9%A3%9F%E5%93%81%E5%96%B6%E6%A5%AD%E8%A8%B1%E5%8F%AF%E6%96%BD%E8%A8%AD%EF%BC%88%E4%BB%A4%E5%92%8C3%E5%B9%B412%E6%9C%88%EF%BC%89.xls,ece9e65a9b253ea1099a1c882d3df6e8e3afc6a8011cc610d023756458145712
愛媛県,2021-12,中局生第210301010号,2021-12-06,2021-12-06,2026-12-31,③ 食肉販売業,マルヨシセンター伊予店,伊予市,,,,,,new,wayback:20220519121134:https://www.pref.ehime.jp/opendata-catalog/dataset/2344/resource/11211/%E6%96%B0%E8%A6%8F%E9%A3%9F%E5%93%81%E5%96%B6%E6%A5%AD%E8%A8%B1%E5%8F%AF%E6%96%BD%E8%A8%AD%EF%BC%88%E4%BB%A4%E5%92%8C3%E5%B9%B412%E6%9C%88%EF%BC%89.xls,ece9e65a9b253ea1099a1c882d3df6e8e3afc6a8011cc610d023756458145712
愛媛県,2021-12,中局生第210301011号,2021-12-23,2021-12-23,2026-12-31,③ 食肉販売業,佐伯精肉店,東温市,,,,,,new,wayback:20220519121134:https://www.pref.ehime.jp/opendata-catalog/dataset/2344/resource/11211/%E6%96%B0%E8%A6%8F%E9%A3%9F%E5%93%81%E5%96%B6%E6%A5%AD%E8%A8%B1%E5%8F%AF%E6%96%BD%E8%A8%AD%EF%BC%88%E4%BB%A4%E5%92%8C3%E5%B9%B412%E6%9C%88%EF%BC%89.xls,ece9e65a9b253ea1099a1c882d3df6e8e3afc6a8011cc610d023756458145712
愛媛県,2021-12,中局生第210401011号,2021-12-06,2021-12-06,2026-12-31,④ 魚介類販売業,マルヨシセンター伊予店,伊予市,,,,,,new,wayback:20220519121134:https://www.pref.ehime.jp/opendata-catalog/dataset/2344/resource/11211/%E6%96%B0%E8%A6%8F%E9%A3%9F%E5%93%81%E5%96%B6%E6%A5%AD%E8%A8%B1%E5%8F%AF%E6%96%BD%E8%A8%AD%EF%BC%88%E4%BB%A4%E5%92%8C3%E5%B9%B412%E6%9C%88%EF%BC%89.xls,ece9e65a9b253ea1099a1c882d3df6e8e3afc6a8011cc610d023756458145712
愛媛県,2021-12,中局生第210401012号,2021-12-16,2021-12-16,2026-12-31,④ 魚介類販売業,千商,伊予市,,,,,,new,wayback:20220519121134:https://www.pref.ehime.jp/opendata-catalog/dataset/2344/resource/11211/%E6%96%B0%E8%A6%8F%E9%A3%9F%E5%93%81%E5%96%B6%E6%A5%AD%E8%A8%B1%E5%8F%AF%E6%96%BD%E8%A8%AD%EF%BC%88%E4%BB%A4%E5%92%8C3%E5%B9%B412%E6%9C%88%EF%BC%89.xls,ece9e65a9b253ea1099a1c882d3df6e8e3afc6a8011cc610d023756458145712
愛媛県,2021-12,中局生第211101027号,2021-12-09,2021-12-09,2026-12-31,⑪ 菓子製造業,藤岡　敦子,伊予郡砥部町,,,,,,new,wayback:20220519121134:https://www.pref.ehime.jp/opendata-catalog/dataset/2344/resource/11211/%E6%96%B0%E8%A6%8F%E9%A3%9F%E5%93%81%E5%96%B6%E6%A5%AD%E8%A8%B1%E5%8F%AF%E6%96%BD%E8%A8%AD%EF%BC%88%E4%BB%A4%E5%92%8C3%E5%B9%B412%E6%9C%88%EF%BC%89.xls,ece9e65a9b253ea1099a1c882d3df6e8e3afc6a8011cc610d023756458145712
愛媛県,2021-12,中局生第211101029号,2021-12-01,2021-12-01,2026-12-31,⑪ 菓子製造業,おこう饅頭本舗,上浮穴郡久万高原町,,,,,,new,wayback:20220519121134:https://www.pref.ehime.jp/opendata-catalog/dataset/2344/resource/11211/%E6%96%B0%E8%A6%8F%E9%A3%9F%E5%93%81%E5%96%B6%E6%A5%AD%E8%A8%B1%E5%8F%AF%E6%96%BD%E8%A8%AD%EF%BC%88%E4%BB%A4%E5%92%8C3%E5%B9%B412%E6%9C%88%EF%BC%89.xls,ece9e65a9b253ea1099a1c882d3df6e8e3afc6a8011cc610d023756458145712
愛媛県,2021-12,中局生第211101030号,2021-12-06,2021-12-06,2026-12-31,⑪ 菓子製造業,工房いなや,伊予郡松前町,,,,,,new,wayback:20220519121134:https://www.pref.ehime.jp/opendata-catalog/dataset/2344/resource/11211/%E6%96%B0%E8%A6%8F%E9%A3%9F%E5%93%81%E5%96%B6%E6%A5%AD%E8%A8%B1%E5%8F%AF%E6%96%BD%E8%A8%AD%EF%BC%88%E4%BB%A4%E5%92%8C3%E5%B9%B412%E6%9C%88%EF%BC%89.xls,ece9e65a9b253ea1099a1c882d3df6e8e3afc6a8011cc610d023756458145712
愛媛県,2021-12,中局生第211101031号,2021-12-06,2021-12-06,2026-12-31,⑪ 菓子製造業,マルヨシセンター伊予店,伊予市,,,,,,new,wayback:20220519121134:https://www.pref.ehime.jp/opendata-catalog/dataset/2344/resource/11211/%E6%96%B0%E8%A6%8F%E9%A3%9F%E5%93%81%E5%96%B6%E6%A5%AD%E8%A8%B1%E5%8F%AF%E6%96%BD%E8%A8%AD%EF%BC%88%E4%BB%A4%E5%92%8C3%E5%B9%B412%E6%9C%88%EF%BC%89.xls,ece9e65a9b253ea1099a1c882d3df6e8e3afc6a8011cc610d023756458145712
愛媛県,2021-12,中局生第211101032号,2021-12-03,2021-12-03,2026-12-31,⑪ 菓子製造業,佐礼谷農産加工組合,伊予市,,,,,,new,wayback:20220519121134:https://www.pref.ehime.jp/opendata-catalog/dataset/2344/resource/11211/%E6%96%B0%E8%A6%8F%E9%A3%9F%E5%93%81%E5%96%B6%E6%A5%AD%E8%A8%B1%E5%8F%AF%E6%96%BD%E8%A8%AD%EF%BC%88%E4%BB%A4%E5%92%8C3%E5%B9%B412%E6%9C%88%EF%BC%89.xls,ece9e65a9b253ea1099a1c882d3df6e8e3afc6a8011cc610d023756458145712
愛媛県,2021-12,中局生第211101033号,2021-12-07,2021-12-07,2026-12-31,⑪ 菓子製造業,パナデリアチボリ城南店,伊予郡砥部町,,,,,,new,wayback:20220519121134:https://www.pref.ehime.jp/opendata-catalog/dataset/2344/resource/11211/%E6%96%B0%E8%A6%8F%E9%A3%9F%E5%93%81%E5%96%B6%E6%A5%AD%E8%A8%B1%E5%8F%AF%E6%96%BD%E8%A8%AD%EF%BC%88%E4%BB%A4%E5%92%8C3%E5%B9%B412%E6%9C%88%EF%BC%89.xls,ece9e65a9b253ea1099a1c882d3df6e8e3afc6a8011cc610d023756458145712
愛媛県,2021-12,中局生第211101034号,2021-12-07,2021-12-07,2026-12-31,⑪ 菓子製造業,九州惣菜　祇園　城南店,伊予郡砥部町,,,,,,new,wayback:20220519121134:https://www.pref.ehime.jp/opendata-catalog/dataset/2344/resource/11211/%E6%96%B0%E8%A6%8F%E9%A3%9F%E5%93%81%E5%96%B6%E6%A5%AD%E8%A8%B1%E5%8F%AF%E6%96%BD%E8%A8%AD%EF%BC%88%E4%BB%A4%E5%92%8C3%E5%B9%B412%E6%9C%88%EF%BC%89.xls,ece9e65a9b253ea1099a1c882d3df6e8e3afc6a8011cc610d023756458145712
愛媛県,2021-12,中局生第211101035号,2021-12-16,2021-12-16,2026-12-31,⑪ 菓子製造業,食べとおみ,上浮穴郡久万高原町,,,,,,new,wayback:20220519121134:https://www.pref.ehime.jp/opendata-catalog/dataset/2344/resource/11211/%E6%96%B0%E8%A6%8F%E9%A3%9F%E5%93%81%E5%96%B6%E6%A5%AD%E8%A8%B1%E5%8F%AF%E6%96%BD%E8%A8%AD%EF%BC%88%E4%BB%A4%E5%92%8C3%E5%B9%B412%E6%9C%88%EF%BC%89.xls,ece9e65a9b253ea1099a1c882d3df6e8e3afc6a8011cc610d023756458145712
愛媛県,2021-12,中局生第211101036号,2021-12-17,2021-12-17,2026-12-31,⑪ 菓子製造業,Nohana・deco,東温市,,,,,,new,wayback:20220519121134:https://www.pref.ehime.jp/opendata-catalog/dataset/2344/resource/11211/%E6%96%B0%E8%A6%8F%E9%A3%9F%E5%93%81%E5%96%B6%E6%A5%AD%E8%A8%B1%E5%8F%AF%E6%96%BD%E8%A8%AD%EF%BC%88%E4%BB%A4%E5%92%8C3%E5%B9%B412%E6%9C%88%EF%BC%89.xls,ece9e65a9b253ea1099a1c882d3df6e8e3afc6a8011cc610d023756458145712
愛媛県,2021-12,中局生第211101037号,2021-12-27,2021-12-27,2026-12-31,⑪ 菓子製造業,株式会社金沢製菓,伊予市,,,,,,new,wayback:20220519121134:https://www.pref.ehime.jp/opendata-catalog/dataset/2344/resource/11211/%E6%96%B0%E8%A6%8F%E9%A3%9F%E5%93%81%E5%96%B6%E6%A5%AD%E8%A8%B1%E5%8F%AF%E6%96%BD%E8%A8%AD%EF%BC%88%E4%BB%A4%E5%92%8C3%E5%B9%B412%E6%9C%88%EF%BC%89.xls,ece9e65a9b253ea1099a1c882d3df6e8e3afc6a8011cc610d023756458145712
愛媛県,2021-12,中局生第212101002号,2021-12-03,2021-12-03,2026-12-31,㉑ 酒類製造業,徳本酒造合名会社,伊予市,,,,,,new,wayback:20220519121134:https://www.pref.ehime.jp/opendata-catalog/dataset/2344/resource/11211/%E6%96%B0%E8%A6%8F%E9%A3%9F%E5%93%81%E5%96%B6%E6%A5%AD%E8%A8%B1%E5%8F%AF%E6%96%BD%E8%A8%AD%EF%BC%88%E4%BB%A4%E5%92%8C3%E5%B9%B412%E6%9C%88%EF%BC%89.xls,ece9e65a9b253ea1099a1c882d3df6e8e3afc6a8011cc610d023756458145712
愛媛県,2021-12,中局生第212101003号,2021-12-07,2021-12-07,2026-12-31,㉑ 酒類製造業,協和酒造株式会社,伊予郡砥部町,,,,,,new,wayback:20220519121134:https://www.pref.ehime.jp/opendata-catalog/dataset/2344/resource/11211/%E6%96%B0%E8%A6%8F%E9%A3%9F%E5%93%81%E5%96%B6%E6%A5%AD%E8%A8%B1%E5%8F%AF%E6%96%BD%E8%A8%AD%EF%BC%88%E4%BB%A4%E5%92%8C3%E5%B9%B412%E6%9C%88%EF%BC%89.xls,ece9e65a9b253ea1099a1c882d3df6e8e3afc6a8011cc610d023756458145712
愛媛県,2021-12,中局生第212401003号,2021-12-01,2021-12-01,2026-12-31,㉔ 麺類製造業,髙野製麺所,上浮穴郡久万高原町,,,,,,new,wayback:20220519121134:https://www.pref.ehime.jp/opendata-catalog/dataset/2344/resource/11211/%E6%96%B0%E8%A6%8F%E9%A3%9F%E5%93%81%E5%96%B6%E6%A5%AD%E8%A8%B1%E5%8F%AF%E6%96%BD%E8%A8%AD%EF%BC%88%E4%BB%A4%E5%92%8C3%E5%B9%B412%E6%9C%88%EF%BC%89.xls,ece9e65a9b253ea1099a1c882d3df6e8e3afc6a8011cc610d023756458145712
愛媛県,2021-12,中局生第212501010号,2021-12-02,2021-12-02,2026-12-31,㉕ そうざい製造業,セブンスター惣菜加工場,東温市,,,,,,new,wayback:20220519121134:https://www.pref.ehime.jp/opendata-catalog/dataset/2344/resource/11211/%E6%96%B0%E8%A6%8F%E9%A3%9F%E5%93%81%E5%96%B6%E6%A5%AD%E8%A8%B1%E5%8F%AF%E6%96%BD%E8%A8%AD%EF%BC%88%E4%BB%A4%E5%92%8C3%E5%B9%B412%E6%9C%88%EF%BC%89.xls,ece9e65a9b253ea1099a1c882d3df6e8e3afc6a8011cc610d023756458145712
愛媛県,2021-12,中局生第212901002号,2021-12-09,2021-12-09,2026-12-31,㉙ 漬物製造業,藤岡　敦子,伊予郡砥部町,,,,,,new,wayback:20220519121134:https://www.pref.ehime.jp/opendata-catalog/dataset/2344/resource/11211/%E6%96%B0%E8%A6%8F%E9%A3%9F%E5%93%81%E5%96%B6%E6%A5%AD%E8%A8%B1%E5%8F%AF%E6%96%BD%E8%A8%AD%EF%BC%88%E4%BB%A4%E5%92%8C3%E5%B9%B412%E6%9C%88%EF%BC%89.xls,ece9e65a9b253ea1099a1c882d3df6e8e3afc6a8011cc610d023756458145712
愛媛県,2021-12,中局生第213001001号,2021-12-08,2021-12-08,2026-12-31,㉚ 密封包装食品製造業,えひめ中央農業協同組合　加工部　伊予工場,伊予市,,,,,,new,wayback:20220519121134:https://www.pref.ehime.jp/opendata-catalog/dataset/2344/resource/11211/%E6%96%B0%E8%A6%8F%E9%A3%9F%E5%93%81%E5%96%B6%E6%A5%AD%E8%A8%B1%E5%8F%AF%E6%96%BD%E8%A8%AD%EF%BC%88%E4%BB%A4%E5%92%8C3%E5%B9%B412%E6%9C%88%EF%BC%89.xls,ece9e65a9b253ea1099a1c882d3df6e8e3afc6a8011cc610d023756458145712
愛媛県,2021-12,東今生第210111016号,2021-12-14,2021-12-14,2026-12-31,① 飲食店営業,ｓｏｒｉｍａｃｈｉ,今治市,,,,,,new,wayback:20220519121134:https://www.pref.ehime.jp/opendata-catalog/dataset/2344/resource/11211/%E6%96%B0%E8%A6%8F%E9%A3%9F%E5%93%81%E5%96%B6%E6%A5%AD%E8%A8%B1%E5%8F%AF%E6%96%BD%E8%A8%AD%EF%BC%88%E4%BB%A4%E5%92%8C3%E5%B9%B412%E6%9C%88%EF%BC%89.xls,ece9e65a9b253ea1099a1c882d3df6e8e3afc6a8011cc610d023756458145712
愛媛県,2021-12,東今生第210111017号,2021-12-28,2021-12-28,2026-12-31,① 飲食店営業,Ｃｉｅｌ・ｄｅ　Ｒｏｉ,今治市,,,,,,new,wayback:20220519121134:https://www.pref.ehime.jp/opendata-catalog/dataset/2344/resource/11211/%E6%96%B0%E8%A6%8F%E9%A3%9F%E5%93%81%E5%96%B6%E6%A5%AD%E8%A8%B1%E5%8F%AF%E6%96%BD%E8%A8%AD%EF%BC%88%E4%BB%A4%E5%92%8C3%E5%B9%B412%E6%9C%88%EF%BC%89.xls,ece9e65a9b253ea1099a1c882d3df6e8e3afc6a8011cc610d023756458145712
愛媛県,2021-12,東今生第210111018号,2021-12-21,2021-12-21,2026-12-31,① 飲食店営業,スタミナｋｉｔｃｈｅｎ,今治市,,,,,,new,wayback:20220519121134:https://www.pref.ehime.jp/opendata-catalog/dataset/2344/resource/11211/%E6%96%B0%E8%A6%8F%E9%A3%9F%E5%93%81%E5%96%B6%E6%A5%AD%E8%A8%B1%E5%8F%AF%E6%96%BD%E8%A8%AD%EF%BC%88%E4%BB%A4%E5%92%8C3%E5%B9%B412%E6%9C%88%EF%BC%89.xls,ece9e65a9b253ea1099a1c882d3df6e8e3afc6a8011cc610d023756458145712
愛媛県,2021-12,東今生第210111019号,2021-12-27,2021-12-27,2026-12-31,① 飲食店営業,芋源,今治市,,,,,,new,wayback:20220519121134:https://www.pref.ehime.jp/opendata-catalog/dataset/2344/resource/11211/%E6%96%B0%E8%A6%8F%E9%A3%9F%E5%93%81%E5%96%B6%E6%A5%AD%E8%A8%B1%E5%8F%AF%E6%96%BD%E8%A8%AD%EF%BC%88%E4%BB%A4%E5%92%8C3%E5%B9%B412%E6%9C%88%EF%BC%89.xls,ece9e65a9b253ea1099a1c882d3df6e8e3afc6a8011cc610d023756458145712
愛媛県,2021-12,東今生第210121282号,2021-12-01,2021-12-01,2026-12-31,① 飲食店営業,生搾りモンブラン専門店,今治市,,,,,,new,wayback:20220519121134:https://www.pref.ehime.jp/opendata-catalog/dataset/2344/resource/11211/%E6%96%B0%E8%A6%8F%E9%A3%9F%E5%93%81%E5%96%B6%E6%A5%AD%E8%A8%B1%E5%8F%AF%E6%96%BD%E8%A8%AD%EF%BC%88%E4%BB%A4%E5%92%8C3%E5%B9%B412%E6%9C%88%EF%BC%89.xls,ece9e65a9b253ea1099a1c882d3df6e8e3afc6a8011cc610d023756458145712
愛媛県,2021-12,東今生第210121283号,2021-12-27,2021-12-27,2026-12-31,① 飲食店営業,ｃａｆｅ　ｖｉｂｏ,今治市,,,,,,new,wayback:20220519121134:https://www.pref.ehime.jp/opendata-catalog/dataset/2344/resource/11211/%E6%96%B0%E8%A6%8F%E9%A3%9F%E5%93%81%E5%96%B6%E6%A5%AD%E8%A8%B1%E5%8F%AF%E6%96%BD%E8%A8%AD%EF%BC%88%E4%BB%A4%E5%92%8C3%E5%B9%B412%E6%9C%88%EF%BC%89.xls,ece9e65a9b253ea1099a1c882d3df6e8e3afc6a8011cc610d023756458145712
愛媛県,2021-12,東今生第210121284号,2021-12-03,2021-12-03,2026-12-31,① 飲食店営業,レイライン,今治市,,,,,,new,wayback:20220519121134:https://www.pref.ehime.jp/opendata-catalog/dataset/2344/resource/11211/%E6%96%B0%E8%A6%8F%E9%A3%9F%E5%93%81%E5%96%B6%E6%A5%AD%E8%A8%B1%E5%8F%AF%E6%96%BD%E8%A8%AD%EF%BC%88%E4%BB%A4%E5%92%8C3%E5%B9%B412%E6%9C%88%EF%BC%89.xls,ece9e65a9b253ea1099a1c882d3df6e8e3afc6a8011cc610d023756458145712
愛媛県,2021-12,東今生第210121298号,2021-12-08,2021-12-08,2026-12-31,① 飲食店営業,ステーキハウス芹,今治市,,,,,,new,wayback:20220519121134:https://www.pref.ehime.jp/opendata-catalog/dataset/2344/resource/11211/%E6%96%B0%E8%A6%8F%E9%A3%9F%E5%93%81%E5%96%B6%E6%A5%AD%E8%A8%B1%E5%8F%AF%E6%96%BD%E8%A8%AD%EF%BC%88%E4%BB%A4%E5%92%8C3%E5%B9%B412%E6%9C%88%EF%BC%89.xls,ece9e65a9b253ea1099a1c882d3df6e8e3afc6a8011cc610d023756458145712
愛媛県,2021-12,東今生第210121302号,2021-12-03,2021-12-03,2026-12-31,① 飲食店営業,オオカミ珈琲,今治市,,,,,,new,wayback:20220519121134:https://www.pref.ehime.jp/opendata-catalog/dataset/2344/resource/11211/%E6%96%B0%E8%A6%8F%E9%A3%9F%E5%93%81%E5%96%B6%E6%A5%AD%E8%A8%B1%E5%8F%AF%E6%96%BD%E8%A8%AD%EF%BC%88%E4%BB%A4%E5%92%8C3%E5%B9%B412%E6%9C%88%EF%BC%89.xls,ece9e65a9b253ea1099a1c882d3df6e8e3afc6a8011cc610d023756458145712
愛媛県,2021-12,東今生第210121303号,2021-12-10,2021-12-10,2026-12-31,① 飲食店営業,きつねのぼたん,今治市,,,,,,new,wayback:20220519121134:https://www.pref.ehime.jp/opendata-catalog/dataset/2344/resource/11211/%E6%96%B0%E8%A6%8F%E9%A3%9F%E5%93%81%E5%96%B6%E6%A5%AD%E8%A8%B1%E5%8F%AF%E6%96%BD%E8%A8%AD%EF%BC%88%E4%BB%A4%E5%92%8C3%E5%B9%B412%E6%9C%88%EF%BC%89.xls,ece9e65a9b253ea1099a1c882d3df6e8e3afc6a8011cc610d023756458145712
愛媛県,2021-12,東今生第210121304号,2021-12-03,2021-12-03,2026-12-31,① 飲食店営業,ｅｎｔｅｎ香,今治市,,,,,,new,wayback:20220519121134:https://www.pref.ehime.jp/opendata-catalog/dataset/2344/resource/11211/%E6%96%B0%E8%A6%8F%E9%A3%9F%E5%93%81%E5%96%B6%E6%A5%AD%E8%A8%B1%E5%8F%AF%E6%96%BD%E8%A8%AD%EF%BC%88%E4%BB%A4%E5%92%8C3%E5%B9%B412%E6%9C%88%EF%BC%89.xls,ece9e65a9b253ea1099a1c882d3df6e8e3afc6a8011cc610d023756458145712
愛媛県,2021-12,東今生第210121306号,2021-12-17,2021-12-17,2026-12-31,① 飲食店営業,ナナ,今治市,,,,,,new,wayback:20220519121134:https://www.pref.ehime.jp/opendata-catalog/dataset/2344/resource/11211/%E6%96%B0%E8%A6%8F%E9%A3%9F%E5%93%81%E5%96%B6%E6%A5%AD%E8%A8%B1%E5%8F%AF%E6%96%BD%E8%A8%AD%EF%BC%88%E4%BB%A4%E5%92%8C3%E5%B9%B412%E6%9C%88%EF%BC%89.xls,ece9e65a9b253ea1099a1c882d3df6e8e3afc6a8011cc610d023756458145712
愛媛県,2021-12,東今生第210121307号,2021-12-28,2021-12-28,2026-12-31,① 飲食店営業,おばんや,今治市,,,,,,new,wayback:20220519121134:https://www.pref.ehime.jp/opendata-catalog/dataset/2344/resource/11211/%E6%96%B0%E8%A6%8F%E9%A3%9F%E5%93%81%E5%96%B6%E6%A5%AD%E8%A8%B1%E5%8F%AF%E6%96%BD%E8%A8%AD%EF%BC%88%E4%BB%A4%E5%92%8C3%E5%B9%B412%E6%9C%88%EF%BC%89.xls,ece9e65a9b253ea1099a1c882d3df6e8e3afc6a8011cc610d023756458145712
愛媛県,2021-12,東今生第210121309号,2021-12-06,2021-12-06,2026-12-31,① 飲食店営業,正光会今治病院　シンセイフード事業部,今治市,,,,,,new,wayback:20220519121134:https://www.pref.ehime.jp/opendata-catalog/dataset/2344/resource/11211/%E6%96%B0%E8%A6%8F%E9%A3%9F%E5%93%81%E5%96%B6%E6%A5%AD%E8%A8%B1%E5%8F%AF%E6%96%BD%E8%A8%AD%EF%BC%88%E4%BB%A4%E5%92%8C3%E5%B9%B412%E6%9C%88%EF%BC%89.xls,ece9e65a9b253ea1099a1c882d3df6e8e3afc6a8011cc610d023756458145712
愛媛県,2021-12,東今生第210121310号,2021-12-06,2021-12-06,2026-12-31,① 飲食店営業,久保病院　シンセイフード事業部,今治市,,,,,,new,wayback:20220519121134:https://www.pref.ehime.jp/opendata-catalog/dataset/2344/resource/11211/%E6%96%B0%E8%A6%8F%E9%A3%9F%E5%93%81%E5%96%B6%E6%A5%AD%E8%A8%B1%E5%8F%AF%E6%96%BD%E8%A8%AD%EF%BC%88%E4%BB%A4%E5%92%8C3%E5%B9%B412%E6%9C%88%EF%BC%89.xls,ece9e65a9b253ea1099a1c882d3df6e8e3afc6a8011cc610d023756458145712
愛媛県,2021-12,東今生第210121311号,2021-12-06,2021-12-06,2026-12-31,① 飲食店営業,真部クリニック　シンセイフード事業部,今治市,,,,,,new,wayback:20220519121134:https://www.pref.ehime.jp/opendata-catalog/dataset/2344/resource/11211/%E6%96%B0%E8%A6%8F%E9%A3%9F%E5%93%81%E5%96%B6%E6%A5%AD%E8%A8%B1%E5%8F%AF%E6%96%BD%E8%A8%AD%EF%BC%88%E4%BB%A4%E5%92%8C3%E5%B9%B412%E6%9C%88%EF%BC%89.xls,ece9e65a9b253ea1099a1c882d3df6e8e3afc6a8011cc610d023756458145712
愛媛県,2021-12,東今生第210121312号,2021-12-23,2021-12-23,2026-12-31,① 飲食店営業,Ｃｒｅｓ．,今治市,,,,,,new,wayback:20220519121134:https://www.pref.ehime.jp/opendata-catalog/dataset/2344/resource/11211/%E6%96%B0%E8%A6%8F%E9%A3%9F%E5%93%81%E5%96%B6%E6%A5%AD%E8%A8%B1%E5%8F%AF%E6%96%BD%E8%A8%AD%EF%BC%88%E4%BB%A4%E5%92%8C3%E5%B9%B412%E6%9C%88%EF%BC%89.xls,ece9e65a9b253ea1099a1c882d3df6e8e3afc6a8011cc610d023756458145712
愛媛県,2021-12,東今生第210121313号,2021-12-06,2021-12-06,2026-12-31,① 飲食店営業,べっぴん,今治市,,,,,,new,wayback:20220519121134:https://www.pref.ehime.jp/opendata-catalog/dataset/2344/resource/11211/%E6%96%B0%E8%A6%8F%E9%A3%9F%E5%93%81%E5%96%B6%E6%A5%AD%E8%A8%B1%E5%8F%AF%E6%96%BD%E8%A8%AD%EF%BC%88%E4%BB%A4%E5%92%8C3%E5%B9%B412%E6%9C%88%EF%BC%89.xls,ece9e65a9b253ea1099a1c882d3df6e8e3afc6a8011cc610d023756458145712
愛媛県,2021-12,東今生第210121315号,2021-12-13,2021-12-13,2026-12-31,① 飲食店営業,ＣＲＥＳＥＮＴ,今治市,,,,,,new,wayback:20220519121134:https://www.pref.ehime.jp/opendata-catalog/dataset/2344/resource/11211/%E6%96%B0%E8%A6%8F%E9%A3%9F%E5%93%81%E5%96%B6%E6%A5%AD%E8%A8%B1%E5%8F%AF%E6%96%BD%E8%A8%AD%EF%BC%88%E4%BB%A4%E5%92%8C3%E5%B9%B412%E6%9C%88%EF%BC%89.xls,ece9e65a9b253ea1099a1c882d3df6e8e3afc6a8011cc610d023756458145712
愛媛県,2021-12,東今生第210121316号,2021-12-08,2021-12-08,2026-12-31,① 飲食店営業,美保フーズ,今治市,,,,,,new,wayback:20220519121134:https://www.pref.ehime.jp/opendata-catalog/dataset/2344/resource/11211/%E6%96%B0%E8%A6%8F%E9%A3%9F%E5%93%81%E5%96%B6%E6%A5%AD%E8%A8%B1%E5%8F%AF%E6%96%BD%E8%A8%AD%EF%BC%88%E4%BB%A4%E5%92%8C3%E5%B9%B412%E6%9C%88%EF%BC%89.xls,ece9e65a9b253ea1099a1c882d3df6e8e3afc6a8011cc610d023756458145712
愛媛県,2021-12,東今生第210121318号,2021-12-13,2021-12-13,2026-12-31,① 飲食店営業,彩咲あさくら（サクラカフェ）,今治市,,,,,,new,wayback:20220519121134:https://www.pref.ehime.jp/opendata-catalog/dataset/2344/resource/11211/%E6%96%B0%E8%A6%8F%E9%A3%9F%E5%93%81%E5%96%B6%E6%A5%AD%E8%A8%B1%E5%8F%AF%E6%96%BD%E8%A8%AD%EF%BC%88%E4%BB%A4%E5%92%8C3%E5%B9%B412%E6%9C%88%EF%BC%89.xls,ece9e65a9b253ea1099a1c882d3df6e8e3afc6a8011cc610d023756458145712
愛媛県,2021-12,東今生第210121319号,2021-12-17,2021-12-17,2026-12-31,① 飲食店営業,ＢＡＲ　ＴＲＩＢＥ,今治市,,,,,,new,wayback:20220519121134:https://www.pref.ehime.jp/opendata-catalog/dataset/2344/resource/11211/%E6%96%B0%E8%A6%8F%E9%A3%9F%E5%93%81%E5%96%B6%E6%A5%AD%E8%A8%B1%E5%8F%AF%E6%96%BD%E8%A8%AD%EF%BC%88%E4%BB%A4%E5%92%8C3%E5%B9%B412%E6%9C%88%EF%BC%89.xls,ece9e65a9b253ea1099a1c882d3df6e8e3afc6a8011cc610d023756458145712
愛媛県,2021-12,東今生第210121320号,2021-12-13,2021-12-13,2026-12-31,① 飲食店営業,立ち寄り屋　秀ちゃん,今治市,,,,,,new,wayback:20220519121134:https://www.pref.ehime.jp/opendata-catalog/dataset/2344/resource/11211/%E6%96%B0%E8%A6%8F%E9%A3%9F%E5%93%81%E5%96%B6%E6%A5%AD%E8%A8%B1%E5%8F%AF%E6%96%BD%E8%A8%AD%EF%BC%88%E4%BB%A4%E5%92%8C3%E5%B9%B412%E6%9C%88%EF%BC%89.xls,ece9e65a9b253ea1099a1c882d3df6e8e3afc6a8011cc610d023756458145712
愛媛県,2021-12,東今生第210121321号,2021-12-23,2021-12-23,2026-12-31,① 飲食店営業,タオル美術館,今治市,,,,,,new,wayback:20220519121134:https://www.pref.ehime.jp/opendata-catalog/dataset/2344/resource/11211/%E6%96%B0%E8%A6%8F%E9%A3%9F%E5%93%81%E5%96%B6%E6%A5%AD%E8%A8%B1%E5%8F%AF%E6%96%BD%E8%A8%AD%EF%BC%88%E4%BB%A4%E5%92%8C3%E5%B9%B412%E6%9C%88%EF%BC%89.xls,ece9e65a9b253ea1099a1c882d3df6e8e3afc6a8011cc610d023756458145712
愛媛県,2021-12,東今生第210121322号,2021-12-15,2021-12-15,2026-12-31,① 飲食店営業,小料理いわき,今治市,,,,,,new,wayback:20220519121134:https://www.pref.ehime.jp/opendata-catalog/dataset/2344/resource/11211/%E6%96%B0%E8%A6%8F%E9%A3%9F%E5%93%81%E5%96%B6%E6%A5%AD%E8%A8%B1%E5%8F%AF%E6%96%BD%E8%A8%AD%EF%BC%88%E4%BB%A4%E5%92%8C3%E5%B9%B412%E6%9C%88%EF%BC%89.xls,ece9e65a9b253ea1099a1c882d3df6e8e3afc6a8011cc610d023756458145712
愛媛県,2021-12,東今生第210121323号,2021-12-20,2021-12-20,2026-12-31,① 飲食店営業,すき家　今治北日吉店,今治市,,,,,,new,wayback:20220519121134:https://www.pref.ehime.jp/opendata-catalog/dataset/2344/resource/11211/%E6%96%B0%E8%A6%8F%E9%A3%9F%E5%93%81%E5%96%B6%E6%A5%AD%E8%A8%B1%E5%8F%AF%E6%96%BD%E8%A8%AD%EF%BC%88%E4%BB%A4%E5%92%8C3%E5%B9%B412%E6%9C%88%EF%BC%89.xls,ece9e65a9b253ea1099a1c882d3df6e8e3afc6a8011cc610d023756458145712
愛媛県,2021-12,東今生第210121324号,2021-12-13,2021-12-13,2026-12-31,① 飲食店営業,デイサービス　トリトン,今治市,,,,,,new,wayback:20220519121134:https://www.pref.ehime.jp/opendata-catalog/dataset/2344/resource/11211/%E6%96%B0%E8%A6%8F%E9%A3%9F%E5%93%81%E5%96%B6%E6%A5%AD%E8%A8%B1%E5%8F%AF%E6%96%BD%E8%A8%AD%EF%BC%88%E4%BB%A4%E5%92%8C3%E5%B9%B412%E6%9C%88%EF%BC%89.xls,ece9e65a9b253ea1099a1c882d3df6e8e3afc6a8011cc610d023756458145712
愛媛県,2021-12,東今生第210121326号,2021-12-23,2021-12-23,2026-12-31,① 飲食店営業,居酒屋　ながつき,今治市,,,,,,new,wayback:20220519121134:https://www.pref.ehime.jp/opendata-catalog/dataset/2344/resource/11211/%E6%96%B0%E8%A6%8F%E9%A3%9F%E5%93%81%E5%96%B6%E6%A5%AD%E8%A8%B1%E5%8F%AF%E6%96%BD%E8%A8%AD%EF%BC%88%E4%BB%A4%E5%92%8C3%E5%B9%B412%E6%9C%88%EF%BC%89.xls,ece9e65a9b253ea1099a1c882d3df6e8e3afc6a8011cc610d023756458145712
愛媛県,2021-12,東今生第210121327号,2021-12-22,2021-12-22,2026-12-31,① 飲食店営業,居酒屋　てつ,今治市,,,,,,new,wayback:20220519121134:https://www.pref.ehime.jp/opendata-catalog/dataset/2344/resource/11211/%E6%96%B0%E8%A6%8F%E9%A3%9F%E5%93%81%E5%96%B6%E6%A5%AD%E8%A8%B1%E5%8F%AF%E6%96%BD%E8%A8%AD%EF%BC%88%E4%BB%A4%E5%92%8C3%E5%B9%B412%E6%9C%88%EF%BC%89.xls,ece9e65a9b253ea1099a1c882d3df6e8e3afc6a8011cc610d023756458145712
愛媛県,2021-12,東今生第210121328号,2021-12-20,2021-12-20,2026-12-31,① 飲食店営業,中華そば八平,今治市,,,,,,new,wayback:20220519121134:https://www.pref.ehime.jp/opendata-catalog/dataset/2344/resource/11211/%E6%96%B0%E8%A6%8F%E9%A3%9F%E5%93%81%E5%96%B6%E6%A5%AD%E8%A8%B1%E5%8F%AF%E6%96%BD%E8%A8%AD%EF%BC%88%E4%BB%A4%E5%92%8C3%E5%B9%B412%E6%9C%88%EF%BC%89.xls,ece9e65a9b253ea1099a1c882d3df6e8e3afc6a8011cc610d023756458145712
愛媛県,2021-12,東今生第210121329号,2021-12-23,2021-12-23,2026-12-31,① 飲食店営業,ローソン　今治唐子浜店,今治市,,,,,,new,wayback:20220519121134:https://www.pref.ehime.jp/opendata-catalog/dataset/2344/resource/11211/%E6%96%B0%E8%A6%8F%E9%A3%9F%E5%93%81%E5%96%B6%E6%A5%AD%E8%A8%B1%E5%8F%AF%E6%96%BD%E8%A8%AD%EF%BC%88%E4%BB%A4%E5%92%8C3%E5%B9%B412%E6%9C%88%EF%BC%89.xls,ece9e65a9b253ea1099a1c882d3df6e8e3afc6a8011cc610d023756458145712
愛媛県,2021-12,東今生第210121330号,2021-12-27,2021-12-27,2026-12-31,① 飲食店営業,たまり場なぁや,今治市,,,,,,new,wayback:20220519121134:https://www.pref.ehime.jp/opendata-catalog/dataset/2344/resource/11211/%E6%96%B0%E8%A6%8F%E9%A3%9F%E5%93%81%E5%96%B6%E6%A5%AD%E8%A8%B1%E5%8F%AF%E6%96%BD%E8%A8%AD%EF%BC%88%E4%BB%A4%E5%92%8C3%E5%B9%B412%E6%9C%88%EF%BC%89.xls,ece9e65a9b253ea1099a1c882d3df6e8e3afc6a8011cc610d023756458145712
愛媛県,2021-12,東今生第210121331号,2021-12-20,2021-12-20,2026-12-31,① 飲食店営業,海鮮居酒屋　羽倉,今治市,,,,,,new,wayback:20220519121134:https://www.pref.ehime.jp/opendata-catalog/dataset/2344/resource/11211/%E6%96%B0%E8%A6%8F%E9%A3%9F%E5%93%81%E5%96%B6%E6%A5%AD%E8%A8%B1%E5%8F%AF%E6%96%BD%E8%A8%AD%EF%BC%88%E4%BB%A4%E5%92%8C3%E5%B9%B412%E6%9C%88%EF%BC%89.xls,ece9e65a9b253ea1099a1c882d3df6e8e3afc6a8011cc610d023756458145712
愛媛県,2021-12,東今生第210121332号,2021-12-22,2021-12-22,2026-12-31,① 飲食店営業,正岡眼科,今治市,,,,,,new,wayback:20220519121134:https://www.pref.ehime.jp/opendata-catalog/dataset/2344/resource/11211/%E6%96%B0%E8%A6%8F%E9%A3%9F%E5%93%81%E5%96%B6%E6%A5%AD%E8%A8%B1%E5%8F%AF%E6%96%BD%E8%A8%AD%EF%BC%88%E4%BB%A4%E5%92%8C3%E5%B9%B412%E6%9C%88%EF%BC%89.xls,ece9e65a9b253ea1099a1c882d3df6e8e3afc6a8011cc610d023756458145712
愛媛県,2021-12,東今生第210201005号,2021-12-28,2021-12-28,2026-12-31,② 調理機能を有する自動販売機（要許可）,伊予屋タオル株式会社　本社　自販機コーナー,今治市,,,,,,new,wayback:20220519121134:https://www.pref.ehime.jp/opendata-catalog/dataset/2344/resource/11211/%E6%96%B0%E8%A6%8F%E9%A3%9F%E5%93%81%E5%96%B6%E6%A5%AD%E8%A8%B1%E5%8F%AF%E6%96%BD%E8%A8%AD%EF%BC%88%E4%BB%A4%E5%92%8C3%E5%B9%B412%E6%9C%88%EF%BC%89.xls,ece9e65a9b253ea1099a1c882d3df6e8e3afc6a8011cc610d023756458145712
愛媛県,2021-12,東今生第210401018号,2021-12-06,2021-12-06,2026-12-31,④ 魚介類販売業,八木鮮魚,今治市,,,,,,new,wayback:20220519121134:https://www.pref.ehime.jp/opendata-catalog/dataset/2344/resource/11211/%E6%96%B0%E8%A6%8F%E9%A3%9F%E5%93%81%E5%96%B6%E6%A5%AD%E8%A8%B1%E5%8F%AF%E6%96%BD%E8%A8%AD%EF%BC%88%E4%BB%A4%E5%92%8C3%E5%B9%B412%E6%9C%88%EF%BC%89.xls,ece9e65a9b253ea1099a1c882d3df6e8e3afc6a8011cc610d023756458145712
愛媛県,2021-12,東今生第211101032号,2021-12-02,2021-12-02,2026-12-31,⑪ 菓子製造業,パンハウス　しらいし,今治市,,,,,,new,wayback:20220519121134:https://www.pref.ehime.jp/opendata-catalog/dataset/2344/resource/11211/%E6%96%B0%E8%A6%8F%E9%A3%9F%E5%93%81%E5%96%B6%E6%A5%AD%E8%A8%B1%E5%8F%AF%E6%96%BD%E8%A8%AD%EF%BC%88%E4%BB%A4%E5%92%8C3%E5%B9%B412%E6%9C%88%EF%BC%89.xls,ece9e65a9b253ea1099a1c882d3df6e8e3afc6a8011cc610d023756458145712
愛媛県,2021-12,東今生第211101034号,2021-12-10,2021-12-10,2026-12-31,⑪ 菓子製造業,吉田,今治市,,,,,,new,wayback:20220519121134:https://www.pref.ehime.jp/opendata-catalog/dataset/2344/resource/11211/%E6%96%B0%E8%A6%8F%E9%A3%9F%E5%93%81%E5%96%B6%E6%A5%AD%E8%A8%B1%E5%8F%AF%E6%96%BD%E8%A8%AD%EF%BC%88%E4%BB%A4%E5%92%8C3%E5%B9%B412%E6%9C%88%EF%BC%89.xls,ece9e65a9b253ea1099a1c882d3df6e8e3afc6a8011cc610d023756458145712
愛媛県,2021-12,東今生第211101035号,2021-12-01,2021-12-01,2026-12-31,⑪ 菓子製造業,プチ　ファーム,今治市,,,,,,new,wayback:20220519121134:https://www.pref.ehime.jp/opendata-catalog/dataset/2344/resource/11211/%E6%96%B0%E8%A6%8F%E9%A3%9F%E5%93%81%E5%96%B6%E6%A5%AD%E8%A8%B1%E5%8F%AF%E6%96%BD%E8%A8%AD%EF%BC%88%E4%BB%A4%E5%92%8C3%E5%B9%B412%E6%9C%88%EF%BC%89.xls,ece9e65a9b253ea1099a1c882d3df6e8e3afc6a8011cc610d023756458145712
愛媛県,2021-12,東今生第211101036号,2021-12-10,2021-12-10,2026-12-31,⑪ 菓子製造業,ラララ大三島,今治市,,,,,,new,wayback:20220519121134:https://www.pref.ehime.jp/opendata-catalog/dataset/2344/resource/11211/%E6%96%B0%E8%A6%8F%E9%A3%9F%E5%93%81%E5%96%B6%E6%A5%AD%E8%A8%B1%E5%8F%AF%E6%96%BD%E8%A8%AD%EF%BC%88%E4%BB%A4%E5%92%8C3%E5%B9%B412%E6%9C%88%EF%BC%89.xls,ece9e65a9b253ea1099a1c882d3df6e8e3afc6a8011cc610d023756458145712
愛媛県,2021-12,東今生第211101037号,2021-12-02,2021-12-02,2026-12-31,⑪ 菓子製造業,麦日和,今治市,,,,,,new,wayback:20220519121134:https://www.pref.ehime.jp/opendata-catalog/dataset/2344/resource/11211/%E6%96%B0%E8%A6%8F%E9%A3%9F%E5%93%81%E5%96%B6%E6%A5%AD%E8%A8%B1%E5%8F%AF%E6%96%BD%E8%A8%AD%EF%BC%88%E4%BB%A4%E5%92%8C3%E5%B9%B412%E6%9C%88%EF%BC%89.xls,ece9e65a9b253ea1099a1c882d3df6e8e3afc6a8011cc610d023756458145712
愛媛県,2021-12,東今生第211101038号,2021-12-01,2021-12-01,2026-12-31,⑪ 菓子製造業,コハク,今治市,,,,,,new,wayback:20220519121134:https://www.pref.ehime.jp/opendata-catalog/dataset/2344/resource/11211/%E6%96%B0%E8%A6%8F%E9%A3%9F%E5%93%81%E5%96%B6%E6%A5%AD%E8%A8%B1%E5%8F%AF%E6%96%BD%E8%A8%AD%EF%BC%88%E4%BB%A4%E5%92%8C3%E5%B9%B412%E6%9C%88%EF%BC%89.xls,ece9e65a9b253ea1099a1c882d3df6e8e3afc6a8011cc610d023756458145712
愛媛県,2021-12,東今生第211101039号,2021-12-03,2021-12-03,2026-12-31,⑪ 菓子製造業,オオカミ珈琲,今治市,,,,,,new,wayback:20220519121134:https://www.pref.ehime.jp/opendata-catalog/dataset/2344/resource/11211/%E6%96%B0%E8%A6%8F%E9%A3%9F%E5%93%81%E5%96%B6%E6%A5%AD%E8%A8%B1%E5%8F%AF%E6%96%BD%E8%A8%AD%EF%BC%88%E4%BB%A4%E5%92%8C3%E5%B9%B412%E6%9C%88%EF%BC%89.xls,ece9e65a9b253ea1099a1c882d3df6e8e3afc6a8011cc610d023756458145712
愛媛県,2021-12,東今生第211601002号,2021-12-07,2021-12-07,2026-12-31,⑯ 水産製品製造業,卜部蒲鉾店,今治市,,,,,,new,wayback:20220519121134:https://www.pref.ehime.jp/opendata-catalog/dataset/2344/resource/11211/%E6%96%B0%E8%A6%8F%E9%A3%9F%E5%93%81%E5%96%B6%E6%A5%AD%E8%A8%B1%E5%8F%AF%E6%96%BD%E8%A8%AD%EF%BC%88%E4%BB%A4%E5%92%8C3%E5%B9%B412%E6%9C%88%EF%BC%89.xls,ece9e65a9b253ea1099a1c882d3df6e8e3afc6a8011cc610d023756458145712
愛媛県,2021-12,東今生第211601003号,2021-12-20,2021-12-20,2026-12-31,⑯ 水産製品製造業,二宮蒲鉾店,今治市,,,,,,new,wayback:20220519121134:https://www.pref.ehime.jp/opendata-catalog/dataset/2344/resource/11211/%E6%96%B0%E8%A6%8F%E9%A3%9F%E5%93%81%E5%96%B6%E6%A5%AD%E8%A8%B1%E5%8F%AF%E6%96%BD%E8%A8%AD%EF%BC%88%E4%BB%A4%E5%92%8C3%E5%B9%B412%E6%9C%88%EF%BC%89.xls,ece9e65a9b253ea1099a1c882d3df6e8e3afc6a8011cc610d023756458145712
愛媛県,2021-12,東今生第212501019号,2021-12-10,2021-12-10,2026-12-31,㉕ そうざい製造業,吉田,今治市,,,,,,new,wayback:20220519121134:https://www.pref.ehime.jp/opendata-catalog/dataset/2344/resource/11211/%E6%96%B0%E8%A6%8F%E9%A3%9F%E5%93%81%E5%96%B6%E6%A5%AD%E8%A8%B1%E5%8F%AF%E6%96%BD%E8%A8%AD%EF%BC%88%E4%BB%A4%E5%92%8C3%E5%B9%B412%E6%9C%88%EF%BC%89.xls,ece9e65a9b253ea1099a1c882d3df6e8e3afc6a8011cc610d023756458145712
愛媛県,2021-12,東今生第212501021号,2021-12-02,2021-12-02,2026-12-31,㉕ そうざい製造業,株式会社愛媛海産,今治市,,,,,,new,wayback:20220519121134:https://www.pref.ehime.jp/opendata-catalog/dataset/2344/resource/11211/%E6%96%B0%E8%A6%8F%E9%A3%9F%E5%93%81%E5%96%B6%E6%A5%AD%E8%A8%B1%E5%8F%AF%E6%96%BD%E8%A8%AD%EF%BC%88%E4%BB%A4%E5%92%8C3%E5%B9%B412%E6%9C%88%EF%BC%89.xls,ece9e65a9b253ea1099a1c882d3df6e8e3afc6a8011cc610d023756458145712
愛媛県,2021-12,東今生第212501024号,2021-12-22,2021-12-22,2026-12-31,㉕ そうざい製造業,有限会社大沢食品,今治市,,,,,,new,wayback:20220519121134:https://www.pref.ehime.jp/opendata-catalog/dataset/2344/resource/11211/%E6%96%B0%E8%A6%8F%E9%A3%9F%E5%93%81%E5%96%B6%E6%A5%AD%E8%A8%B1%E5%8F%AF%E6%96%BD%E8%A8%AD%EF%BC%88%E4%BB%A4%E5%92%8C3%E5%B9%B412%E6%9C%88%EF%BC%89.xls,ece9e65a9b253ea1099a1c882d3df6e8e3afc6a8011cc610d023756458145712
愛媛県,2021-12,東今生第213001002号,2021-12-02,2021-12-02,2026-12-31,㉚ 密封包装食品製造業,株式会社愛媛海産　第二工場,今治市,,,,,,new,wayback:20220519121134:https://www.pref.ehime.jp/opendata-catalog/dataset/2344/resource/11211/%E6%96%B0%E8%A6%8F%E9%A3%9F%E5%93%81%E5%96%B6%E6%A5%AD%E8%A8%B1%E5%8F%AF%E6%96%BD%E8%A8%AD%EF%BC%88%E4%BB%A4%E5%92%8C3%E5%B9%B412%E6%9C%88%EF%BC%89.xls,ece9e65a9b253ea1099a1c882d3df6e8e3afc6a8011cc610d023756458145712
愛媛県,2021-12,東四保第210111005号,2021-12-13,2021-12-13,2026-12-31,① 飲食店営業,北海道バタークレープ　Link's号,四国中央市,,,,,,new,wayback:20220519121134:https://www.pref.ehime.jp/opendata-catalog/dataset/2344/resource/11211/%E6%96%B0%E8%A6%8F%E9%A3%9F%E5%93%81%E5%96%B6%E6%A5%AD%E8%A8%B1%E5%8F%AF%E6%96%BD%E8%A8%AD%EF%BC%88%E4%BB%A4%E5%92%8C3%E5%B9%B412%E6%9C%88%EF%BC%89.xls,ece9e65a9b253ea1099a1c882d3df6e8e3afc6a8011cc610d023756458145712
愛媛県,2021-12,東四保第210121102号,2021-12-03,2021-12-03,2026-12-31,① 飲食店営業,デイサービス元気いっぱい,四国中央市,,,,,,new,wayback:20220519121134:https://www.pref.ehime.jp/opendata-catalog/dataset/2344/resource/11211/%E6%96%B0%E8%A6%8F%E9%A3%9F%E5%93%81%E5%96%B6%E6%A5%AD%E8%A8%B1%E5%8F%AF%E6%96%BD%E8%A8%AD%EF%BC%88%E4%BB%A4%E5%92%8C3%E5%B9%B412%E6%9C%88%EF%BC%89.xls,ece9e65a9b253ea1099a1c882d3df6e8e3afc6a8011cc610d023756458145712
愛媛県,2021-12,東四保第210201014号,2021-12-13,2021-12-13,2026-12-31,② 調理機能を有する自動販売機（要許可）,大王製紙株式会社　臨海工場　ダイオーメンテナンス（臨海）,四国中央市,,,,,,new,wayback:20220519121134:https://www.pref.ehime.jp/opendata-catalog/dataset/2344/resource/11211/%E6%96%B0%E8%A6%8F%E9%A3%9F%E5%93%81%E5%96%B6%E6%A5%AD%E8%A8%B1%E5%8F%AF%E6%96%BD%E8%A8%AD%EF%BC%88%E4%BB%A4%E5%92%8C3%E5%B9%B412%E6%9C%88%EF%BC%89.xls,ece9e65a9b253ea1099a1c882d3df6e8e3afc6a8011cc610d023756458145712
愛媛県,2021-12,東四保第212001003号,2021-12-10,2021-12-10,2026-12-31,⑳ みそ又はしょうゆ製造業,お味噌の篠原,四国中央市,,,,,,new,wayback:20220519121134:https://www.pref.ehime.jp/opendata-catalog/dataset/2344/resource/11211/%E6%96%B0%E8%A6%8F%E9%A3%9F%E5%93%81%E5%96%B6%E6%A5%AD%E8%A8%B1%E5%8F%AF%E6%96%BD%E8%A8%AD%EF%BC%88%E4%BB%A4%E5%92%8C3%E5%B9%B412%E6%9C%88%EF%BC%89.xls,ece9e65a9b253ea1099a1c882d3df6e8e3afc6a8011cc610d023756458145712
愛媛県,2021-12,東生第210111382号,2021-12-10,2021-12-10,2026-12-31,① 飲食店営業,イオンモール新居浜　レモネードbyレモニカ,新居浜市,,,,,,new,wayback:20220519121134:https://www.pref.ehime.jp/opendata-catalog/dataset/2344/resource/11211/%E6%96%B0%E8%A6%8F%E9%A3%9F%E5%93%81%E5%96%B6%E6%A5%AD%E8%A8%B1%E5%8F%AF%E6%96%BD%E8%A8%AD%EF%BC%88%E4%BB%A4%E5%92%8C3%E5%B9%B412%E6%9C%88%EF%BC%89.xls,ece9e65a9b253ea1099a1c882d3df6e8e3afc6a8011cc610d023756458145712
愛媛県,2021-12,東生第210111514号,2021-12-21,2021-12-21,2026-12-31,① 飲食店営業,VOYAGE,新居浜市,,,,,,new,wayback:20220519121134:https://www.pref.ehime.jp/opendata-catalog/dataset/2344/resource/11211/%E6%96%B0%E8%A6%8F%E9%A3%9F%E5%93%81%E5%96%B6%E6%A5%AD%E8%A8%B1%E5%8F%AF%E6%96%BD%E8%A8%AD%EF%BC%88%E4%BB%A4%E5%92%8C3%E5%B9%B412%E6%9C%88%EF%BC%89.xls,ece9e65a9b253ea1099a1c882d3df6e8e3afc6a8011cc610d023756458145712
愛媛県,2021-12,東生第210121368号,2021-12-17,2021-12-17,2026-12-31,① 飲食店営業,天福来　慶兆,新居浜市,,,,,,new,wayback:20220519121134:https://www.pref.ehime.jp/opendata-catalog/dataset/2344/resource/11211/%E6%96%B0%E8%A6%8F%E9%A3%9F%E5%93%81%E5%96%B6%E6%A5%AD%E8%A8%B1%E5%8F%AF%E6%96%BD%E8%A8%AD%EF%BC%88%E4%BB%A4%E5%92%8C3%E5%B9%B412%E6%9C%88%EF%BC%89.xls,ece9e65a9b253ea1099a1c882d3df6e8e3afc6a8011cc610d023756458145712
愛媛県,2021-12,東生第210121383号,2021-12-01,2021-12-01,2026-12-31,① 飲食店営業,御殿前食堂,西条市,,,,,,new,wayback:20220519121134:https://www.pref.ehime.jp/opendata-catalog/dataset/2344/resource/11211/%E6%96%B0%E8%A6%8F%E9%A3%9F%E5%93%81%E5%96%B6%E6%A5%AD%E8%A8%B1%E5%8F%AF%E6%96%BD%E8%A8%AD%EF%BC%88%E4%BB%A4%E5%92%8C3%E5%B9%B412%E6%9C%88%EF%BC%89.xls,ece9e65a9b253ea1099a1c882d3df6e8e3afc6a8011cc610d023756458145712
愛媛県,2021-12,東生第210121385号,2021-12-03,2021-12-03,2026-12-31,① 飲食店営業,labo kitchen hitoiro,西条市,,,,,,new,wayback:20220519121134:https://www.pref.ehime.jp/opendata-catalog/dataset/2344/resource/11211/%E6%96%B0%E8%A6%8F%E9%A3%9F%E5%93%81%E5%96%B6%E6%A5%AD%E8%A8%B1%E5%8F%AF%E6%96%BD%E8%A8%AD%EF%BC%88%E4%BB%A4%E5%92%8C3%E5%B9%B412%E6%9C%88%EF%BC%89.xls,ece9e65a9b253ea1099a1c882d3df6e8e3afc6a8011cc610d023756458145712
愛媛県,2021-12,東生第210121387号,2021-12-16,2021-12-16,2026-12-31,① 飲食店営業,生搾りモンブラン専門店,新居浜市,,,,,,new,wayback:20220519121134:https://www.pref.ehime.jp/opendata-catalog/dataset/2344/resource/11211/%E6%96%B0%E8%A6%8F%E9%A3%9F%E5%93%81%E5%96%B6%E6%A5%AD%E8%A8%B1%E5%8F%AF%E6%96%BD%E8%A8%AD%EF%BC%88%E4%BB%A4%E5%92%8C3%E5%B9%B412%E6%9C%88%EF%BC%89.xls,ece9e65a9b253ea1099a1c882d3df6e8e3afc6a8011cc610d023756458145712
愛媛県,2021-12,東生第210121388号,2021-12-03,2021-12-03,2026-12-31,① 飲食店営業,中華蕎麦つけ麵　一　hajime,新居浜市,,,,,,new,wayback:20220519121134:https://www.pref.ehime.jp/opendata-catalog/dataset/2344/resource/11211/%E6%96%B0%E8%A6%8F%E9%A3%9F%E5%93%81%E5%96%B6%E6%A5%AD%E8%A8%B1%E5%8F%AF%E6%96%BD%E8%A8%AD%EF%BC%88%E4%BB%A4%E5%92%8C3%E5%B9%B412%E6%9C%88%EF%BC%89.xls,ece9e65a9b253ea1099a1c882d3df6e8e3afc6a8011cc610d023756458145712
愛媛県,2021-12,東生第210121389号,2021-12-06,2021-12-06,2026-12-31,① 飲食店営業,カジュアルバーネクスト,新居浜市,,,,,,new,wayback:20220519121134:https://www.pref.ehime.jp/opendata-catalog/dataset/2344/resource/11211/%E6%96%B0%E8%A6%8F%E9%A3%9F%E5%93%81%E5%96%B6%E6%A5%AD%E8%A8%B1%E5%8F%AF%E6%96%BD%E8%A8%AD%EF%BC%88%E4%BB%A4%E5%92%8C3%E5%B9%B412%E6%9C%88%EF%BC%89.xls,ece9e65a9b253ea1099a1c882d3df6e8e3afc6a8011cc610d023756458145712
愛媛県,2021-12,東生第210121390号,2021-12-08,2021-12-08,2026-12-31,① 飲食店営業,しゃぶしゃぶ温野菜・とんかつかつ慶　新居浜店,新居浜市,,,,,,new,wayback:20220519121134:https://www.pref.ehime.jp/opendata-catalog/dataset/2344/resource/11211/%E6%96%B0%E8%A6%8F%E9%A3%9F%E5%93%81%E5%96%B6%E6%A5%AD%E8%A8%B1%E5%8F%AF%E6%96%BD%E8%A8%AD%EF%BC%88%E4%BB%A4%E5%92%8C3%E5%B9%B412%E6%9C%88%EF%BC%89.xls,ece9e65a9b253ea1099a1c882d3df6e8e3afc6a8011cc610d023756458145712
愛媛県,2021-12,東生第210121393号,2021-12-21,2021-12-21,2026-12-31,① 飲食店営業,モスバーガー新居浜喜光地店,新居浜市,,,,,,new,wayback:20220519121134:https://www.pref.ehime.jp/opendata-catalog/dataset/2344/resource/11211/%E6%96%B0%E8%A6%8F%E9%A3%9F%E5%93%81%E5%96%B6%E6%A5%AD%E8%A8%B1%E5%8F%AF%E6%96%BD%E8%A8%AD%EF%BC%88%E4%BB%A4%E5%92%8C3%E5%B9%B412%E6%9C%88%EF%BC%89.xls,ece9e65a9b253ea1099a1c882d3df6e8e3afc6a8011cc610d023756458145712
愛媛県,2021-12,東生第210121394号,2021-12-01,2021-12-01,2026-12-31,① 飲食店営業,住友重機械工業株式会社　第２社員食堂,西条市,,,,,,new,wayback:20220519121134:https://www.pref.ehime.jp/opendata-catalog/dataset/2344/resource/11211/%E6%96%B0%E8%A6%8F%E9%A3%9F%E5%93%81%E5%96%B6%E6%A5%AD%E8%A8%B1%E5%8F%AF%E6%96%BD%E8%A8%AD%EF%BC%88%E4%BB%A4%E5%92%8C3%E5%B9%B412%E6%9C%88%EF%BC%89.xls,ece9e65a9b253ea1099a1c882d3df6e8e3afc6a8011cc610d023756458145712
愛媛県,2021-12,東生第210121395号,2021-12-01,2021-12-01,2026-12-31,① 飲食店営業,ないとぱぶ　妃,西条市,,,,,,new,wayback:20220519121134:https://www.pref.ehime.jp/opendata-catalog/dataset/2344/resource/11211/%E6%96%B0%E8%A6%8F%E9%A3%9F%E5%93%81%E5%96%B6%E6%A5%AD%E8%A8%B1%E5%8F%AF%E6%96%BD%E8%A8%AD%EF%BC%88%E4%BB%A4%E5%92%8C3%E5%B9%B412%E6%9C%88%EF%BC%89.xls,ece9e65a9b253ea1099a1c882d3df6e8e3afc6a8011cc610d023756458145712
愛媛県,2021-12,東生第210121396号,2021-12-01,2021-12-01,2026-12-31,① 飲食店営業,いとう食堂,西条市,,,,,,new,wayback:20220519121134:https://www.pref.ehime.jp/opendata-catalog/dataset/2344/resource/11211/%E6%96%B0%E8%A6%8F%E9%A3%9F%E5%93%81%E5%96%B6%E6%A5%AD%E8%A8%B1%E5%8F%AF%E6%96%BD%E8%A8%AD%EF%BC%88%E4%BB%A4%E5%92%8C3%E5%B9%B412%E6%9C%88%EF%BC%89.xls,ece9e65a9b253ea1099a1c882d3df6e8e3afc6a8011cc610d023756458145712
愛媛県,2021-12,東生第210121397号,2021-12-01,2021-12-01,2026-12-31,① 飲食店営業,おふくろの味　笹,西条市,,,,,,new,wayback:20220519121134:https://www.pref.ehime.jp/opendata-catalog/dataset/2344/resource/11211/%E6%96%B0%E8%A6%8F%E9%A3%9F%E5%93%81%E5%96%B6%E6%A5%AD%E8%A8%B1%E5%8F%AF%E6%96%BD%E8%A8%AD%EF%BC%88%E4%BB%A4%E5%92%8C3%E5%B9%B412%E6%9C%88%EF%BC%89.xls,ece9e65a9b253ea1099a1c882d3df6e8e3afc6a8011cc610d023756458145712
愛媛県,2021-12,東生第210121398号,2021-12-01,2021-12-01,2026-12-31,① 飲食店営業,居酒屋一番,西条市,,,,,,new,wayback:20220519121134:https://www.pref.ehime.jp/opendata-catalog/dataset/2344/resource/11211/%E6%96%B0%E8%A6%8F%E9%A3%9F%E5%93%81%E5%96%B6%E6%A5%AD%E8%A8%B1%E5%8F%AF%E6%96%BD%E8%A8%AD%EF%BC%88%E4%BB%A4%E5%92%8C3%E5%B9%B412%E6%9C%88%EF%BC%89.xls,ece9e65a9b253ea1099a1c882d3df6e8e3afc6a8011cc610d023756458145712
愛媛県,2021-12,東生第210121399号,2021-12-01,2021-12-01,2026-12-31,① 飲食店営業,カラオケりょう,西条市,,,,,,new,wayback:20220519121134:https://www.pref.ehime.jp/opendata-catalog/dataset/2344/resource/11211/%E6%96%B0%E8%A6%8F%E9%A3%9F%E5%93%81%E5%96%B6%E6%A5%AD%E8%A8%B1%E5%8F%AF%E6%96%BD%E8%A8%AD%EF%BC%88%E4%BB%A4%E5%92%8C3%E5%B9%B412%E6%9C%88%EF%BC%89.xls,ece9e65a9b253ea1099a1c882d3df6e8e3afc6a8011cc610d023756458145712
愛媛県,2021-12,東生第210121400号,2021-12-01,2021-12-01,2026-12-31,① 飲食店営業,居酒屋けんちゃん,西条市,,,,,,new,wayback:20220519121134:https://www.pref.ehime.jp/opendata-catalog/dataset/2344/resource/11211/%E6%96%B0%E8%A6%8F%E9%A3%9F%E5%93%81%E5%96%B6%E6%A5%AD%E8%A8%B1%E5%8F%AF%E6%96%BD%E8%A8%AD%EF%BC%88%E4%BB%A4%E5%92%8C3%E5%B9%B412%E6%9C%88%EF%BC%89.xls,ece9e65a9b253ea1099a1c882d3df6e8e3afc6a8011cc610d023756458145712
愛媛県,2021-12,東生第210121401号,2021-12-01,2021-12-01,2026-12-31,① 飲食店営業,やきにく本陣,西条市,,,,,,new,wayback:20220519121134:https://www.pref.ehime.jp/opendata-catalog/dataset/2344/resource/11211/%E6%96%B0%E8%A6%8F%E9%A3%9F%E5%93%81%E5%96%B6%E6%A5%AD%E8%A8%B1%E5%8F%AF%E6%96%BD%E8%A8%AD%EF%BC%88%E4%BB%A4%E5%92%8C3%E5%B9%B412%E6%9C%88%EF%BC%89.xls,ece9e65a9b253ea1099a1c882d3df6e8e3afc6a8011cc610d023756458145712
愛媛県,2021-12,東生第210121402号,2021-12-01,2021-12-01,2026-12-31,① 飲食店営業,カラオケ喫茶　寿〃,西条市,,,,,,new,wayback:20220519121134:https://www.pref.ehime.jp/opendata-catalog/dataset/2344/resource/11211/%E6%96%B0%E8%A6%8F%E9%A3%9F%E5%93%81%E5%96%B6%E6%A5%AD%E8%A8%B1%E5%8F%AF%E6%96%BD%E8%A8%AD%EF%BC%88%E4%BB%A4%E5%92%8C3%E5%B9%B412%E6%9C%88%EF%BC%89.xls,ece9e65a9b253ea1099a1c882d3df6e8e3afc6a8011cc610d023756458145712
愛媛県,2021-12,東生第210121403号,2021-12-01,2021-12-01,2026-12-31,① 飲食店営業,スシロー　西条店,西条市,,,,,,new,wayback:20220519121134:https://www.pref.ehime.jp/opendata-catalog/dataset/2344/resource/11211/%E6%96%B0%E8%A6%8F%E9%A3%9F%E5%93%81%E5%96%B6%E6%A5%AD%E8%A8%B1%E5%8F%AF%E6%96%BD%E8%A8%AD%EF%BC%88%E4%BB%A4%E5%92%8C3%E5%B9%B412%E6%9C%88%EF%BC%89.xls,ece9e65a9b253ea1099a1c882d3df6e8e3afc6a8011cc610d023756458145712
愛媛県,2021-12,東生第210121404号,2021-12-01,2021-12-01,2026-12-31,① 飲食店営業,カルビ屋　大福　伊予西条店,西条市,,,,,,new,wayback:20220519121134:https://www.pref.ehime.jp/opendata-catalog/dataset/2344/resource/11211/%E6%96%B0%E8%A6%8F%E9%A3%9F%E5%93%81%E5%96%B6%E6%A5%AD%E8%A8%B1%E5%8F%AF%E6%96%BD%E8%A8%AD%EF%BC%88%E4%BB%A4%E5%92%8C3%E5%B9%B412%E6%9C%88%EF%BC%89.xls,ece9e65a9b253ea1099a1c882d3df6e8e3afc6a8011cc610d023756458145712
愛媛県,2021-12,東生第210121405号,2021-12-01,2021-12-01,2026-12-31,① 飲食店営業,特別養護老人ホーム大師苑,西条市,,,,,,new,wayback:20220519121134:https://www.pref.ehime.jp/opendata-catalog/dataset/2344/resource/11211/%E6%96%B0%E8%A6%8F%E9%A3%9F%E5%93%81%E5%96%B6%E6%A5%AD%E8%A8%B1%E5%8F%AF%E6%96%BD%E8%A8%AD%EF%BC%88%E4%BB%A4%E5%92%8C3%E5%B9%B412%E6%9C%88%EF%BC%89.xls,ece9e65a9b253ea1099a1c882d3df6e8e3afc6a8011cc610d023756458145712
愛媛県,2021-12,東生第210121406号,2021-12-01,2021-12-01,2026-12-31,① 飲食店営業,周ちゃん　まるごとカフェ,西条市,,,,,,new,wayback:20220519121134:https://www.pref.ehime.jp/opendata-catalog/dataset/2344/resource/11211/%E6%96%B0%E8%A6%8F%E9%A3%9F%E5%93%81%E5%96%B6%E6%A5%AD%E8%A8%B1%E5%8F%AF%E6%96%BD%E8%A8%AD%EF%BC%88%E4%BB%A4%E5%92%8C3%E5%B9%B412%E6%9C%88%EF%BC%89.xls,ece9e65a9b253ea1099a1c882d3df6e8e3afc6a8011cc610d023756458145712
愛媛県,2021-12,東生第210121407号,2021-12-01,2021-12-01,2026-12-31,① 飲食店営業,寸菜BAR　あご鬚のんべ,西条市,,,,,,new,wayback:20220519121134:https://www.pref.ehime.jp/opendata-catalog/dataset/2344/resource/11211/%E6%96%B0%E8%A6%8F%E9%A3%9F%E5%93%81%E5%96%B6%E6%A5%AD%E8%A8%B1%E5%8F%AF%E6%96%BD%E8%A8%AD%EF%BC%88%E4%BB%A4%E5%92%8C3%E5%B9%B412%E6%9C%88%EF%BC%89.xls,ece9e65a9b253ea1099a1c882d3df6e8e3afc6a8011cc610d023756458145712
愛媛県,2021-12,東生第210121408号,2021-12-01,2021-12-01,2026-12-31,① 飲食店営業,ギャラリー茶屋　なーや,西条市,,,,,,new,wayback:20220519121134:https://www.pref.ehime.jp/opendata-catalog/dataset/2344/resource/11211/%E6%96%B0%E8%A6%8F%E9%A3%9F%E5%93%81%E5%96%B6%E6%A5%AD%E8%A8%B1%E5%8F%AF%E6%96%BD%E8%A8%AD%EF%BC%88%E4%BB%A4%E5%92%8C3%E5%B9%B412%E6%9C%88%EF%BC%89.xls,ece9e65a9b253ea1099a1c882d3df6e8e3afc6a8011cc610d023756458145712
愛媛県,2021-12,東生第210121409号,2021-12-01,2021-12-01,2026-12-31,① 飲食店営業,五味鳥,西条市,,,,,,new,wayback:20220519121134:https://www.pref.ehime.jp/opendata-catalog/dataset/2344/resource/11211/%E6%96%B0%E8%A6%8F%E9%A3%9F%E5%93%81%E5%96%B6%E6%A5%AD%E8%A8%B1%E5%8F%AF%E6%96%BD%E8%A8%AD%EF%BC%88%E4%BB%A4%E5%92%8C3%E5%B9%B412%E6%9C%88%EF%BC%89.xls,ece9e65a9b253ea1099a1c882d3df6e8e3afc6a8011cc610d023756458145712
愛媛県,2021-12,東生第210121410号,2021-12-01,2021-12-01,2026-12-31,① 飲食店営業,居酒屋　耕ちゃん,西条市,,,,,,new,wayback:20220519121134:https://www.pref.ehime.jp/opendata-catalog/dataset/2344/resource/11211/%E6%96%B0%E8%A6%8F%E9%A3%9F%E5%93%81%E5%96%B6%E6%A5%AD%E8%A8%B1%E5%8F%AF%E6%96%BD%E8%A8%AD%EF%BC%88%E4%BB%A4%E5%92%8C3%E5%B9%B412%E6%9C%88%EF%BC%89.xls,ece9e65a9b253ea1099a1c882d3df6e8e3afc6a8011cc610d023756458145712
愛媛県,2021-12,東生第210121411号,2021-12-01,2021-12-01,2026-12-31,① 飲食店営業,ダイニング・カフェ　Swing,西条市,,,,,,new,wayback:20220519121134:https://www.pref.ehime.jp/opendata-catalog/dataset/2344/resource/11211/%E6%96%B0%E8%A6%8F%E9%A3%9F%E5%93%81%E5%96%B6%E6%A5%AD%E8%A8%B1%E5%8F%AF%E6%96%BD%E8%A8%AD%EF%BC%88%E4%BB%A4%E5%92%8C3%E5%B9%B412%E6%9C%88%EF%BC%89.xls,ece9e65a9b253ea1099a1c882d3df6e8e3afc6a8011cc610d023756458145712
愛媛県,2021-12,東生第210121412号,2021-12-01,2021-12-01,2026-12-31,① 飲食店営業,覇王樹,西条市,,,,,,new,wayback:20220519121134:https://www.pref.ehime.jp/opendata-catalog/dataset/2344/resource/11211/%E6%96%B0%E8%A6%8F%E9%A3%9F%E5%93%81%E5%96%B6%E6%A5%AD%E8%A8%B1%E5%8F%AF%E6%96%BD%E8%A8%AD%EF%BC%88%E4%BB%A4%E5%92%8C3%E5%B9%B412%E6%9C%88%EF%BC%89.xls,ece9e65a9b253ea1099a1c882d3df6e8e3afc6a8011cc610d023756458145712
愛媛県,2021-12,東生第210121413号,2021-12-01,2021-12-01,2026-12-31,① 飲食店営業,ビストロ　パパ,西条市,,,,,,new,wayback:20220519121134:https://www.pref.ehime.jp/opendata-catalog/dataset/2344/resource/11211/%E6%96%B0%E8%A6%8F%E9%A3%9F%E5%93%81%E5%96%B6%E6%A5%AD%E8%A8%B1%E5%8F%AF%E6%96%BD%E8%A8%AD%EF%BC%88%E4%BB%A4%E5%92%8C3%E5%B9%B412%E6%9C%88%EF%BC%89.xls,ece9e65a9b253ea1099a1c882d3df6e8e3afc6a8011cc610d023756458145712
愛媛県,2021-12,東生第210121414号,2021-12-01,2021-12-01,2026-12-31,① 飲食店営業,ランチカフェ　すえひろ,西条市,,,,,,new,wayback:20220519121134:https://www.pref.ehime.jp/opendata-catalog/dataset/2344/resource/11211/%E6%96%B0%E8%A6%8F%E9%A3%9F%E5%93%81%E5%96%B6%E6%A5%AD%E8%A8%B1%E5%8F%AF%E6%96%BD%E8%A8%AD%EF%BC%88%E4%BB%A4%E5%92%8C3%E5%B9%B412%E6%9C%88%EF%BC%89.xls,ece9e65a9b253ea1099a1c882d3df6e8e3afc6a8011cc610d023756458145712
愛媛県,2021-12,東生第210121415号,2021-12-01,2021-12-01,2026-12-31,① 飲食店営業,うどん酒場36,西条市,,,,,,new,wayback:20220519121134:https://www.pref.ehime.jp/opendata-catalog/dataset/2344/resource/11211/%E6%96%B0%E8%A6%8F%E9%A3%9F%E5%93%81%E5%96%B6%E6%A5%AD%E8%A8%B1%E5%8F%AF%E6%96%BD%E8%A8%AD%EF%BC%88%E4%BB%A4%E5%92%8C3%E5%B9%B412%E6%9C%88%EF%BC%89.xls,ece9e65a9b253ea1099a1c882d3df6e8e3afc6a8011cc610d023756458145712
愛媛県,2021-12,東生第210121416号,2021-12-01,2021-12-01,2026-12-31,① 飲食店営業,祭華,西条市,,,,,,new,wayback:20220519121134:https://www.pref.ehime.jp/opendata-catalog/dataset/2344/resource/11211/%E6%96%B0%E8%A6%8F%E9%A3%9F%E5%93%81%E5%96%B6%E6%A5%AD%E8%A8%B1%E5%8F%AF%E6%96%BD%E8%A8%AD%EF%BC%88%E4%BB%A4%E5%92%8C3%E5%B9%B412%E6%9C%88%EF%BC%89.xls,ece9e65a9b253ea1099a1c882d3df6e8e3afc6a8011cc610d023756458145712
愛媛県,2021-12,東生第210121417号,2021-12-01,2021-12-01,2026-12-31,① 飲食店営業,ラ・ムー伊予西条店,西条市,,,,,,new,wayback:20220519121134:https://www.pref.ehime.jp/opendata-catalog/dataset/2344/resource/11211/%E6%96%B0%E8%A6%8F%E9%A3%9F%E5%93%81%E5%96%B6%E6%A5%AD%E8%A8%B1%E5%8F%AF%E6%96%BD%E8%A8%AD%EF%BC%88%E4%BB%A4%E5%92%8C3%E5%B9%B412%E6%9C%88%EF%BC%89.xls,ece9e65a9b253ea1099a1c882d3df6e8e3afc6a8011cc610d023756458145712
愛媛県,2021-12,東生第210121418号,2021-12-01,2021-12-01,2026-12-31,① 飲食店営業,中屋,西条市,,,,,,new,wayback:20220519121134:https://www.pref.ehime.jp/opendata-catalog/dataset/2344/resource/11211/%E6%96%B0%E8%A6%8F%E9%A3%9F%E5%93%81%E5%96%B6%E6%A5%AD%E8%A8%B1%E5%8F%AF%E6%96%BD%E8%A8%AD%EF%BC%88%E4%BB%A4%E5%92%8C3%E5%B9%B412%E6%9C%88%EF%BC%89.xls,ece9e65a9b253ea1099a1c882d3df6e8e3afc6a8011cc610d023756458145712
愛媛県,2021-12,東生第210121419号,2021-12-01,2021-12-01,2026-12-31,① 飲食店営業,珈琲の店しあわせ,西条市,,,,,,new,wayback:20220519121134:https://www.pref.ehime.jp/opendata-catalog/dataset/2344/resource/11211/%E6%96%B0%E8%A6%8F%E9%A3%9F%E5%93%81%E5%96%B6%E6%A5%AD%E8%A8%B1%E5%8F%AF%E6%96%BD%E8%A8%AD%EF%BC%88%E4%BB%A4%E5%92%8C3%E5%B9%B412%E6%9C%88%EF%BC%89.xls,ece9e65a9b253ea1099a1c882d3df6e8e3afc6a8011cc610d023756458145712
愛媛県,2021-12,東生第210121420号,2021-12-01,2021-12-01,2026-12-31,① 飲食店営業,Re:volution,西条市,,,,,,new,wayback:20220519121134:https://www.pref.ehime.jp/opendata-catalog/dataset/2344/resource/11211/%E6%96%B0%E8%A6%8F%E9%A3%9F%E5%93%81%E5%96%B6%E6%A5%AD%E8%A8%B1%E5%8F%AF%E6%96%BD%E8%A8%AD%EF%BC%88%E4%BB%A4%E5%92%8C3%E5%B9%B412%E6%9C%88%EF%BC%89.xls,ece9e65a9b253ea1099a1c882d3df6e8e3afc6a8011cc610d023756458145712
愛媛県,2021-12,東生第210121421号,2021-12-01,2021-12-01,2026-12-31,① 飲食店営業,はしもと食堂,西条市,,,,,,new,wayback:20220519121134:https://www.pref.ehime.jp/opendata-catalog/dataset/2344/resource/11211/%E6%96%B0%E8%A6%8F%E9%A3%9F%E5%93%81%E5%96%B6%E6%A5%AD%E8%A8%B1%E5%8F%AF%E6%96%BD%E8%A8%AD%EF%BC%88%E4%BB%A4%E5%92%8C3%E5%B9%B412%E6%9C%88%EF%BC%89.xls,ece9e65a9b253ea1099a1c882d3df6e8e3afc6a8011cc610d023756458145712
愛媛県,2021-12,東生第210121422号,2021-12-01,2021-12-01,2026-12-31,① 飲食店営業,garn,西条市,,,,,,new,wayback:20220519121134:https://www.pref.ehime.jp/opendata-catalog/dataset/2344/resource/11211/%E6%96%B0%E8%A6%8F%E9%A3%9F%E5%93%81%E5%96%B6%E6%A5%AD%E8%A8%B1%E5%8F%AF%E6%96%BD%E8%A8%AD%EF%BC%88%E4%BB%A4%E5%92%8C3%E5%B9%B412%E6%9C%88%EF%BC%89.xls,ece9e65a9b253ea1099a1c882d3df6e8e3afc6a8011cc610d023756458145712
愛媛県,2021-12,東生第210121423号,2021-12-01,2021-12-01,2026-12-31,① 飲食店営業,松葉家,西条市,,,,,,new,wayback:20220519121134:https://www.pref.ehime.jp/opendata-catalog/dataset/2344/resource/11211/%E6%96%B0%E8%A6%8F%E9%A3%9F%E5%93%81%E5%96%B6%E6%A5%AD%E8%A8%B1%E5%8F%AF%E6%96%BD%E8%A8%AD%EF%BC%88%E4%BB%A4%E5%92%8C3%E5%B9%B412%E6%9C%88%EF%BC%89.xls,ece9e65a9b253ea1099a1c882d3df6e8e3afc6a8011cc610d023756458145712
愛媛県,2021-12,東生第210121424号,2021-12-01,2021-12-01,2026-12-31,① 飲食店営業,パレット,西条市,,,,,,new,wayback:20220519121134:https://www.pref.ehime.jp/opendata-catalog/dataset/2344/resource/11211/%E6%96%B0%E8%A6%8F%E9%A3%9F%E5%93%81%E5%96%B6%E6%A5%AD%E8%A8%B1%E5%8F%AF%E6%96%BD%E8%A8%AD%EF%BC%88%E4%BB%A4%E5%92%8C3%E5%B9%B412%E6%9C%88%EF%BC%89.xls,ece9e65a9b253ea1099a1c882d3df6e8e3afc6a8011cc610d023756458145712
愛媛県,2021-12,東生第210121425号,2021-12-01,2021-12-01,2026-12-31,① 飲食店営業,マルナカ東予店　惣菜部,西条市,,,,,,new,wayback:20220519121134:https://www.pref.ehime.jp/opendata-catalog/dataset/2344/resource/11211/%E6%96%B0%E8%A6%8F%E9%A3%9F%E5%93%81%E5%96%B6%E6%A5%AD%E8%A8%B1%E5%8F%AF%E6%96%BD%E8%A8%AD%EF%BC%88%E4%BB%A4%E5%92%8C3%E5%B9%B412%E6%9C%88%EF%BC%89.xls,ece9e65a9b253ea1099a1c882d3df6e8e3afc6a8011cc610d023756458145712
愛媛県,2021-12,東生第210121426号,2021-12-01,2021-12-01,2026-12-31,① 飲食店営業,焼鳥 五味鳥,西条市,,,,,,new,wayback:20220519121134:https://www.pref.ehime.jp/opendata-catalog/dataset/2344/resource/11211/%E6%96%B0%E8%A6%8F%E9%A3%9F%E5%93%81%E5%96%B6%E6%A5%AD%E8%A8%B1%E5%8F%AF%E6%96%BD%E8%A8%AD%EF%BC%88%E4%BB%A4%E5%92%8C3%E5%B9%B412%E6%9C%88%EF%BC%89.xls,ece9e65a9b253ea1099a1c882d3df6e8e3afc6a8011cc610d023756458145712
愛媛県,2021-12,東生第210121427号,2021-12-01,2021-12-01,2026-12-31,① 飲食店営業,有限会社やっこ屋　西条営業所,西条市,,,,,,new,wayback:20220519121134:https://www.pref.ehime.jp/opendata-catalog/dataset/2344/resource/11211/%E6%96%B0%E8%A6%8F%E9%A3%9F%E5%93%81%E5%96%B6%E6%A5%AD%E8%A8%B1%E5%8F%AF%E6%96%BD%E8%A8%AD%EF%BC%88%E4%BB%A4%E5%92%8C3%E5%B9%B412%E6%9C%88%EF%BC%89.xls,ece9e65a9b253ea1099a1c882d3df6e8e3afc6a8011cc610d023756458145712
愛媛県,2021-12,東生第210121428号,2021-12-01,2021-12-01,2026-12-31,① 飲食店営業,（有）レストラン平城,西条市,,,,,,new,wayback:20220519121134:https://www.pref.ehime.jp/opendata-catalog/dataset/2344/resource/11211/%E6%96%B0%E8%A6%8F%E9%A3%9F%E5%93%81%E5%96%B6%E6%A5%AD%E8%A8%B1%E5%8F%AF%E6%96%BD%E8%A8%AD%EF%BC%88%E4%BB%A4%E5%92%8C3%E5%B9%B412%E6%9C%88%EF%BC%89.xls,ece9e65a9b253ea1099a1c882d3df6e8e3afc6a8011cc610d023756458145712
愛媛県,2021-12,東生第210121429号,2021-12-01,2021-12-01,2026-12-31,① 飲食店営業,白亜館,西条市,,,,,,new,wayback:20220519121134:https://www.pref.ehime.jp/opendata-catalog/dataset/2344/resource/11211/%E6%96%B0%E8%A6%8F%E9%A3%9F%E5%93%81%E5%96%B6%E6%A5%AD%E8%A8%B1%E5%8F%AF%E6%96%BD%E8%A8%AD%EF%BC%88%E4%BB%A4%E5%92%8C3%E5%B9%B412%E6%9C%88%EF%BC%89.xls,ece9e65a9b253ea1099a1c882d3df6e8e3afc6a8011cc610d023756458145712
愛媛県,2021-12,東生第210121440号,2021-12-01,2021-12-01,2026-12-31,① 飲食店営業,母ちゃん’s,西条市,,,,,,new,wayback:20220519121134:https://www.pref.ehime.jp/opendata-catalog/dataset/2344/resource/11211/%E6%96%B0%E8%A6%8F%E9%A3%9F%E5%93%81%E5%96%B6%E6%A5%AD%E8%A8%B1%E5%8F%AF%E6%96%BD%E8%A8%AD%EF%BC%88%E4%BB%A4%E5%92%8C3%E5%B9%B412%E6%9C%88%EF%BC%89.xls,ece9e65a9b253ea1099a1c882d3df6e8e3afc6a8011cc610d023756458145712
愛媛県,2021-12,東生第210121442号,2021-12-02,2021-12-02,2026-12-31,① 飲食店営業,Omossei,新居浜市,,,,,,new,wayback:20220519121134:https://www.pref.ehime.jp/opendata-catalog/dataset/2344/resource/11211/%E6%96%B0%E8%A6%8F%E9%A3%9F%E5%93%81%E5%96%B6%E6%A5%AD%E8%A8%B1%E5%8F%AF%E6%96%BD%E8%A8%AD%EF%BC%88%E4%BB%A4%E5%92%8C3%E5%B9%B412%E6%9C%88%EF%BC%89.xls,ece9e65a9b253ea1099a1c882d3df6e8e3afc6a8011cc610d023756458145712
愛媛県,2021-12,東生第210121443号,2021-12-02,2021-12-02,2026-12-31,① 飲食店営業,ラウンジ　グランドール,新居浜市,,,,,,new,wayback:20220519121134:https://www.pref.ehime.jp/opendata-catalog/dataset/2344/resource/11211/%E6%96%B0%E8%A6%8F%E9%A3%9F%E5%93%81%E5%96%B6%E6%A5%AD%E8%A8%B1%E5%8F%AF%E6%96%BD%E8%A8%AD%EF%BC%88%E4%BB%A4%E5%92%8C3%E5%B9%B412%E6%9C%88%EF%BC%89.xls,ece9e65a9b253ea1099a1c882d3df6e8e3afc6a8011cc610d023756458145712
愛媛県,2021-12,東生第210121444号,2021-12-02,2021-12-02,2026-12-31,① 飲食店営業,ちりめんじゃこ,新居浜市,,,,,,new,wayback:20220519121134:https://www.pref.ehime.jp/opendata-catalog/dataset/2344/resource/11211/%E6%96%B0%E8%A6%8F%E9%A3%9F%E5%93%81%E5%96%B6%E6%A5%AD%E8%A8%B1%E5%8F%AF%E6%96%BD%E8%A8%AD%EF%BC%88%E4%BB%A4%E5%92%8C3%E5%B9%B412%E6%9C%88%EF%BC%89.xls,ece9e65a9b253ea1099a1c882d3df6e8e3afc6a8011cc610d023756458145712
愛媛県,2021-12,東生第210121445号,2021-12-02,2021-12-02,2026-12-31,① 飲食店営業,炉ばた焼漁火,新居浜市,,,,,,new,wayback:20220519121134:https://www.pref.ehime.jp/opendata-catalog/dataset/2344/resource/11211/%E6%96%B0%E8%A6%8F%E9%A3%9F%E5%93%81%E5%96%B6%E6%A5%AD%E8%A8%B1%E5%8F%AF%E6%96%BD%E8%A8%AD%EF%BC%88%E4%BB%A4%E5%92%8C3%E5%B9%B412%E6%9C%88%EF%BC%89.xls,ece9e65a9b253ea1099a1c882d3df6e8e3afc6a8011cc610d023756458145712
愛媛県,2021-12,東生第210121446号,2021-12-02,2021-12-02,2026-12-31,① 飲食店営業,喫茶ムービー,新居浜市,,,,,,new,wayback:20220519121134:https://www.pref.ehime.jp/opendata-catalog/dataset/2344/resource/11211/%E6%96%B0%E8%A6%8F%E9%A3%9F%E5%93%81%E5%96%B6%E6%A5%AD%E8%A8%B1%E5%8F%AF%E6%96%BD%E8%A8%AD%EF%BC%88%E4%BB%A4%E5%92%8C3%E5%B9%B412%E6%9C%88%EF%BC%89.xls,ece9e65a9b253ea1099a1c882d3df6e8e3afc6a8011cc610d023756458145712
愛媛県,2021-12,東生第210121447号,2021-12-02,2021-12-02,2026-12-31,① 飲食店営業,直,新居浜市,,,,,,new,wayback:20220519121134:https://www.pref.ehime.jp/opendata-catalog/dataset/2344/resource/11211/%E6%96%B0%E8%A6%8F%E9%A3%9F%E5%93%81%E5%96%B6%E6%A5%AD%E8%A8%B1%E5%8F%AF%E6%96%BD%E8%A8%AD%EF%BC%88%E4%BB%A4%E5%92%8C3%E5%B9%B412%E6%9C%88%EF%BC%89.xls,ece9e65a9b253ea1099a1c882d3df6e8e3afc6a8011cc610d023756458145712
愛媛県,2021-12,東生第210121448号,2021-12-02,2021-12-02,2026-12-31,① 飲食店営業,極楽とんぼ,新居浜市,,,,,,new,wayback:20220519121134:https://www.pref.ehime.jp/opendata-catalog/dataset/2344/resource/11211/%E6%96%B0%E8%A6%8F%E9%A3%9F%E5%93%81%E5%96%B6%E6%A5%AD%E8%A8%B1%E5%8F%AF%E6%96%BD%E8%A8%AD%EF%BC%88%E4%BB%A4%E5%92%8C3%E5%B9%B412%E6%9C%88%EF%BC%89.xls,ece9e65a9b253ea1099a1c882d3df6e8e3afc6a8011cc610d023756458145712
愛媛県,2021-12,東生第210121449号,2021-12-02,2021-12-02,2026-12-31,① 飲食店営業,大衆食堂おかよし,新居浜市,,,,,,new,wayback:20220519121134:https://www.pref.ehime.jp/opendata-catalog/dataset/2344/resource/11211/%E6%96%B0%E8%A6%8F%E9%A3%9F%E5%93%81%E5%96%B6%E6%A5%AD%E8%A8%B1%E5%8F%AF%E6%96%BD%E8%A8%AD%EF%BC%88%E4%BB%A4%E5%92%8C3%E5%B9%B412%E6%9C%88%EF%BC%89.xls,ece9e65a9b253ea1099a1c882d3df6e8e3afc6a8011cc610d023756458145712
愛媛県,2021-12,東生第210121450号,2021-12-02,2021-12-02,2026-12-31,① 飲食店営業,cafe nora,新居浜市,,,,,,new,wayback:20220519121134:https://www.pref.ehime.jp/opendata-catalog/dataset/2344/resource/11211/%E6%96%B0%E8%A6%8F%E9%A3%9F%E5%93%81%E5%96%B6%E6%A5%AD%E8%A8%B1%E5%8F%AF%E6%96%BD%E8%A8%AD%EF%BC%88%E4%BB%A4%E5%92%8C3%E5%B9%B412%E6%9C%88%EF%BC%89.xls,ece9e65a9b253ea1099a1c882d3df6e8e3afc6a8011cc610d023756458145712
愛媛県,2021-12,東生第210121451号,2021-12-02,2021-12-02,2026-12-31,① 飲食店営業,果汁工房果琳　イオンモール新居浜店,新居浜市,,,,,,new,wayback:20220519121134:https://www.pref.ehime.jp/opendata-catalog/dataset/2344/resource/11211/%E6%96%B0%E8%A6%8F%E9%A3%9F%E5%93%81%E5%96%B6%E6%A5%AD%E8%A8%B1%E5%8F%AF%E6%96%BD%E8%A8%AD%EF%BC%88%E4%BB%A4%E5%92%8C3%E5%B9%B412%E6%9C%88%EF%BC%89.xls,ece9e65a9b253ea1099a1c882d3df6e8e3afc6a8011cc610d023756458145712
愛媛県,2021-12,東生第210121452号,2021-12-02,2021-12-02,2026-12-31,① 飲食店営業,豚太郎　新居浜店,新居浜市,,,,,,new,wayback:20220519121134:https://www.pref.ehime.jp/opendata-catalog/dataset/2344/resource/11211/%E6%96%B0%E8%A6%8F%E9%A3%9F%E5%93%81%E5%96%B6%E6%A5%AD%E8%A8%B1%E5%8F%AF%E6%96%BD%E8%A8%AD%EF%BC%88%E4%BB%A4%E5%92%8C3%E5%B9%B412%E6%9C%88%EF%BC%89.xls,ece9e65a9b253ea1099a1c882d3df6e8e3afc6a8011cc610d023756458145712
愛媛県,2021-12,東生第210121453号,2021-12-02,2021-12-02,2026-12-31,① 飲食店営業,すき家　新居浜高木店,新居浜市,,,,,,new,wayback:20220519121134:https://www.pref.ehime.jp/opendata-catalog/dataset/2344/resource/11211/%E6%96%B0%E8%A6%8F%E9%A3%9F%E5%93%81%E5%96%B6%E6%A5%AD%E8%A8%B1%E5%8F%AF%E6%96%BD%E8%A8%AD%EF%BC%88%E4%BB%A4%E5%92%8C3%E5%B9%B412%E6%9C%88%EF%BC%89.xls,ece9e65a9b253ea1099a1c882d3df6e8e3afc6a8011cc610d023756458145712
愛媛県,2021-12,東生第210121454号,2021-12-02,2021-12-02,2026-12-31,① 飲食店営業,カフェ　ラセーヌ　美しが丘店,新居浜市,,,,,,new,wayback:20220519121134:https://www.pref.ehime.jp/opendata-catalog/dataset/2344/resource/11211/%E6%96%B0%E8%A6%8F%E9%A3%9F%E5%93%81%E5%96%B6%E6%A5%AD%E8%A8%B1%E5%8F%AF%E6%96%BD%E8%A8%AD%EF%BC%88%E4%BB%A4%E5%92%8C3%E5%B9%B412%E6%9C%88%EF%BC%89.xls,ece9e65a9b253ea1099a1c882d3df6e8e3afc6a8011cc610d023756458145712
愛媛県,2021-12,東生第210121455号,2021-12-02,2021-12-02,2026-12-31,① 飲食店営業,焼肉じゃんじゃか　新居浜店,新居浜市,,,,,,new,wayback:20220519121134:https://www.pref.ehime.jp/opendata-catalog/dataset/2344/resource/11211/%E6%96%B0%E8%A6%8F%E9%A3%9F%E5%93%81%E5%96%B6%E6%A5%AD%E8%A8%B1%E5%8F%AF%E6%96%BD%E8%A8%AD%EF%BC%88%E4%BB%A4%E5%92%8C3%E5%B9%B412%E6%9C%88%EF%BC%89.xls,ece9e65a9b253ea1099a1c882d3df6e8e3afc6a8011cc610d023756458145712
愛媛県,2021-12,東生第210121456号,2021-12-02,2021-12-02,2026-12-31,① 飲食店営業,新居浜昭和通り食堂,新居浜市,,,,,,new,wayback:20220519121134:https://www.pref.ehime.jp/opendata-catalog/dataset/2344/resource/11211/%E6%96%B0%E8%A6%8F%E9%A3%9F%E5%93%81%E5%96%B6%E6%A5%AD%E8%A8%B1%E5%8F%AF%E6%96%BD%E8%A8%AD%EF%BC%88%E4%BB%A4%E5%92%8C3%E5%B9%B412%E6%9C%88%EF%BC%89.xls,ece9e65a9b253ea1099a1c882d3df6e8e3afc6a8011cc610d023756458145712
愛媛県,2021-12,東生第210121457号,2021-12-02,2021-12-02,2026-12-31,① 飲食店営業,フレッシュバリュー新居浜店（鮮魚部）,新居浜市,,,,,,new,wayback:20220519121134:https://www.pref.ehime.jp/opendata-catalog/dataset/2344/resource/11211/%E6%96%B0%E8%A6%8F%E9%A3%9F%E5%93%81%E5%96%B6%E6%A5%AD%E8%A8%B1%E5%8F%AF%E6%96%BD%E8%A8%AD%EF%BC%88%E4%BB%A4%E5%92%8C3%E5%B9%B412%E6%9C%88%EF%BC%89.xls,ece9e65a9b253ea1099a1c882d3df6e8e3afc6a8011cc610d023756458145712
愛媛県,2021-12,東生第210121458号,2021-12-02,2021-12-02,2026-12-31,① 飲食店営業,丸亀製麺新居浜店,新居浜市,,,,,,new,wayback:20220519121134:https://www.pref.ehime.jp/opendata-catalog/dataset/2344/resource/11211/%E6%96%B0%E8%A6%8F%E9%A3%9F%E5%93%81%E5%96%B6%E6%A5%AD%E8%A8%B1%E5%8F%AF%E6%96%BD%E8%A8%AD%EF%BC%88%E4%BB%A4%E5%92%8C3%E5%B9%B412%E6%9C%88%EF%BC%89.xls,ece9e65a9b253ea1099a1c882d3df6e8e3afc6a8011cc610d023756458145712
愛媛県,2021-12,東生第210121459号,2021-12-02,2021-12-02,2026-12-31,① 飲食店営業,魚民,新居浜市,,,,,,new,wayback:20220519121134:https://www.pref.ehime.jp/opendata-catalog/dataset/2344/resource/11211/%E6%96%B0%E8%A6%8F%E9%A3%9F%E5%93%81%E5%96%B6%E6%A5%AD%E8%A8%B1%E5%8F%AF%E6%96%BD%E8%A8%AD%EF%BC%88%E4%BB%A4%E5%92%8C3%E5%B9%B412%E6%9C%88%EF%BC%89.xls,ece9e65a9b253ea1099a1c882d3df6e8e3afc6a8011cc610d023756458145712
愛媛県,2021-12,東生第210121460号,2021-12-02,2021-12-02,2026-12-31,① 飲食店営業,遊食房屋　新居浜店,新居浜市,,,,,,new,wayback:20220519121134:https://www.pref.ehime.jp/opendata-catalog/dataset/2344/resource/11211/%E6%96%B0%E8%A6%8F%E9%A3%9F%E5%93%81%E5%96%B6%E6%A5%AD%E8%A8%B1%E5%8F%AF%E6%96%BD%E8%A8%AD%EF%BC%88%E4%BB%A4%E5%92%8C3%E5%B9%B412%E6%9C%88%EF%BC%89.xls,ece9e65a9b253ea1099a1c882d3df6e8e3afc6a8011cc610d023756458145712
愛媛県,2021-12,東生第210121461号,2021-12-02,2021-12-02,2026-12-31,① 飲食店営業,cafe neko no te,新居浜市,,,,,,new,wayback:20220519121134:https://www.pref.ehime.jp/opendata-catalog/dataset/2344/resource/11211/%E6%96%B0%E8%A6%8F%E9%A3%9F%E5%93%81%E5%96%B6%E6%A5%AD%E8%A8%B1%E5%8F%AF%E6%96%BD%E8%A8%AD%EF%BC%88%E4%BB%A4%E5%92%8C3%E5%B9%B412%E6%9C%88%EF%BC%89.xls,ece9e65a9b253ea1099a1c882d3df6e8e3afc6a8011cc610d023756458145712
愛媛県,2021-12,東生第210121462号,2021-12-02,2021-12-02,2026-12-31,① 飲食店営業,彩花　田所店,新居浜市,,,,,,new,wayback:20220519121134:https://www.pref.ehime.jp/opendata-catalog/dataset/2344/resource/11211/%E6%96%B0%E8%A6%8F%E9%A3%9F%E5%93%81%E5%96%B6%E6%A5%AD%E8%A8%B1%E5%8F%AF%E6%96%BD%E8%A8%AD%EF%BC%88%E4%BB%A4%E5%92%8C3%E5%B9%B412%E6%9C%88%EF%BC%89.xls,ece9e65a9b253ea1099a1c882d3df6e8e3afc6a8011cc610d023756458145712
愛媛県,2021-12,東生第210121463号,2021-12-02,2021-12-02,2026-12-31,① 飲食店営業,彩花　上原店,新居浜市,,,,,,new,wayback:20220519121134:https://www.pref.ehime.jp/opendata-catalog/dataset/2344/resource/11211/%E6%96%B0%E8%A6%8F%E9%A3%9F%E5%93%81%E5%96%B6%E6%A5%AD%E8%A8%B1%E5%8F%AF%E6%96%BD%E8%A8%AD%EF%BC%88%E4%BB%A4%E5%92%8C3%E5%B9%B412%E6%9C%88%EF%BC%89.xls,ece9e65a9b253ea1099a1c882d3df6e8e3afc6a8011cc610d023756458145712
愛媛県,2021-12,東生第210121464号,2021-12-02,2021-12-02,2026-12-31,① 飲食店営業,喫茶ミルクハウス,新居浜市,,,,,,new,wayback:20220519121134:https://www.pref.ehime.jp/opendata-catalog/dataset/2344/resource/11211/%E6%96%B0%E8%A6%8F%E9%A3%9F%E5%93%81%E5%96%B6%E6%A5%AD%E8%A8%B1%E5%8F%AF%E6%96%BD%E8%A8%AD%EF%BC%88%E4%BB%A4%E5%92%8C3%E5%B9%B412%E6%9C%88%EF%BC%89.xls,ece9e65a9b253ea1099a1c882d3df6e8e3afc6a8011cc610d023756458145712
愛媛県,2021-12,東生第210121465号,2021-12-02,2021-12-02,2026-12-31,① 飲食店営業,居酒屋　夢,新居浜市,,,,,,new,wayback:20220519121134:https://www.pref.ehime.jp/opendata-catalog/dataset/2344/resource/11211/%E6%96%B0%E8%A6%8F%E9%A3%9F%E5%93%81%E5%96%B6%E6%A5%AD%E8%A8%B1%E5%8F%AF%E6%96%BD%E8%A8%AD%EF%BC%88%E4%BB%A4%E5%92%8C3%E5%B9%B412%E6%9C%88%EF%BC%89.xls,ece9e65a9b253ea1099a1c882d3df6e8e3afc6a8011cc610d023756458145712
愛媛県,2021-12,東生第210121466号,2021-12-02,2021-12-02,2026-12-31,① 飲食店営業,素敵ハウス樅,新居浜市,,,,,,new,wayback:20220519121134:https://www.pref.ehime.jp/opendata-catalog/dataset/2344/resource/11211/%E6%96%B0%E8%A6%8F%E9%A3%9F%E5%93%81%E5%96%B6%E6%A5%AD%E8%A8%B1%E5%8F%AF%E6%96%BD%E8%A8%AD%EF%BC%88%E4%BB%A4%E5%92%8C3%E5%B9%B412%E6%9C%88%EF%BC%89.xls,ece9e65a9b253ea1099a1c882d3df6e8e3afc6a8011cc610d023756458145712
愛媛県,2021-12,東生第210121467号,2021-12-02,2021-12-02,2026-12-31,① 飲食店営業,若水館,新居浜市,,,,,,new,wayback:20220519121134:https://www.pref.ehime.jp/opendata-catalog/dataset/2344/resource/11211/%E6%96%B0%E8%A6%8F%E9%A3%9F%E5%93%81%E5%96%B6%E6%A5%AD%E8%A8%B1%E5%8F%AF%E6%96%BD%E8%A8%AD%EF%BC%88%E4%BB%A4%E5%92%8C3%E5%B9%B412%E6%9C%88%EF%BC%89.xls,ece9e65a9b253ea1099a1c882d3df6e8e3afc6a8011cc610d023756458145712
愛媛県,2021-12,東生第210121468号,2021-12-02,2021-12-02,2026-12-31,① 飲食店営業,リビエラ,新居浜市,,,,,,new,wayback:20220519121134:https://www.pref.ehime.jp/opendata-catalog/dataset/2344/resource/11211/%E6%96%B0%E8%A6%8F%E9%A3%9F%E5%93%81%E5%96%B6%E6%A5%AD%E8%A8%B1%E5%8F%AF%E6%96%BD%E8%A8%AD%EF%BC%88%E4%BB%A4%E5%92%8C3%E5%B9%B412%E6%9C%88%EF%BC%89.xls,ece9e65a9b253ea1099a1c882d3df6e8e3afc6a8011cc610d023756458145712
愛媛県,2021-12,東生第210121469号,2021-12-02,2021-12-02,2026-12-31,① 飲食店営業,韓八館,新居浜市,,,,,,new,wayback:20220519121134:https://www.pref.ehime.jp/opendata-catalog/dataset/2344/resource/11211/%E6%96%B0%E8%A6%8F%E9%A3%9F%E5%93%81%E5%96%B6%E6%A5%AD%E8%A8%B1%E5%8F%AF%E6%96%BD%E8%A8%AD%EF%BC%88%E4%BB%A4%E5%92%8C3%E5%B9%B412%E6%9C%88%EF%BC%89.xls,ece9e65a9b253ea1099a1c882d3df6e8e3afc6a8011cc610d023756458145712
愛媛県,2021-12,東生第210121470号,2021-12-02,2021-12-02,2026-12-31,① 飲食店営業,焼肉　風来坊,新居浜市,,,,,,new,wayback:20220519121134:https://www.pref.ehime.jp/opendata-catalog/dataset/2344/resource/11211/%E6%96%B0%E8%A6%8F%E9%A3%9F%E5%93%81%E5%96%B6%E6%A5%AD%E8%A8%B1%E5%8F%AF%E6%96%BD%E8%A8%AD%EF%BC%88%E4%BB%A4%E5%92%8C3%E5%B9%B412%E6%9C%88%EF%BC%89.xls,ece9e65a9b253ea1099a1c882d3df6e8e3afc6a8011cc610d023756458145712
愛媛県,2021-12,東生第210121471号,2021-12-02,2021-12-02,2026-12-31,① 飲食店営業,浮島鮮魚店,新居浜市,,,,,,new,wayback:20220519121134:https://www.pref.ehime.jp/opendata-catalog/dataset/2344/resource/11211/%E6%96%B0%E8%A6%8F%E9%A3%9F%E5%93%81%E5%96%B6%E6%A5%AD%E8%A8%B1%E5%8F%AF%E6%96%BD%E8%A8%AD%EF%BC%88%E4%BB%A4%E5%92%8C3%E5%B9%B412%E6%9C%88%EF%BC%89.xls,ece9e65a9b253ea1099a1c882d3df6e8e3afc6a8011cc610d023756458145712
愛媛県,2021-12,東生第210121472号,2021-12-02,2021-12-02,2026-12-31,① 飲食店営業,カラオケ喫茶コスモス,新居浜市,,,,,,new,wayback:20220519121134:https://www.pref.ehime.jp/opendata-catalog/dataset/2344/resource/11211/%E6%96%B0%E8%A6%8F%E9%A3%9F%E5%93%81%E5%96%B6%E6%A5%AD%E8%A8%B1%E5%8F%AF%E6%96%BD%E8%A8%AD%EF%BC%88%E4%BB%A4%E5%92%8C3%E5%B9%B412%E6%9C%88%EF%BC%89.xls,ece9e65a9b253ea1099a1c882d3df6e8e3afc6a8011cc610d023756458145712
愛媛県,2021-12,東生第210121473号,2021-12-02,2021-12-02,2026-12-31,① 飲食店営業,亀寿し本郷店,新居浜市,,,,,,new,wayback:20220519121134:https://www.pref.ehime.jp/opendata-catalog/dataset/2344/resource/11211/%E6%96%B0%E8%A6%8F%E9%A3%9F%E5%93%81%E5%96%B6%E6%A5%AD%E8%A8%B1%E5%8F%AF%E6%96%BD%E8%A8%AD%EF%BC%88%E4%BB%A4%E5%92%8C3%E5%B9%B412%E6%9C%88%EF%BC%89.xls,ece9e65a9b253ea1099a1c882d3df6e8e3afc6a8011cc610d023756458145712
愛媛県,2021-12,東生第210121474号,2021-12-02,2021-12-02,2026-12-31,① 飲食店営業,ナイトロビー杏,新居浜市,,,,,,new,wayback:20220519121134:https://www.pref.ehime.jp/opendata-catalog/dataset/2344/resource/11211/%E6%96%B0%E8%A6%8F%E9%A3%9F%E5%93%81%E5%96%B6%E6%A5%AD%E8%A8%B1%E5%8F%AF%E6%96%BD%E8%A8%AD%EF%BC%88%E4%BB%A4%E5%92%8C3%E5%B9%B412%E6%9C%88%EF%BC%89.xls,ece9e65a9b253ea1099a1c882d3df6e8e3afc6a8011cc610d023756458145712
愛媛県,2021-12,東生第210121475号,2021-12-02,2021-12-02,2026-12-31,① 飲食店営業,BASARA,新居浜市,,,,,,new,wayback:20220519121134:https://www.pref.ehime.jp/opendata-catalog/dataset/2344/resource/11211/%E6%96%B0%E8%A6%8F%E9%A3%9F%E5%93%81%E5%96%B6%E6%A5%AD%E8%A8%B1%E5%8F%AF%E6%96%BD%E8%A8%AD%EF%BC%88%E4%BB%A4%E5%92%8C3%E5%B9%B412%E6%9C%88%EF%BC%89.xls,ece9e65a9b253ea1099a1c882d3df6e8e3afc6a8011cc610d023756458145712
愛媛県,2021-12,東生第210121476号,2021-12-02,2021-12-02,2026-12-31,① 飲食店営業,居酒屋　浜,新居浜市,,,,,,new,wayback:20220519121134:https://www.pref.ehime.jp/opendata-catalog/dataset/2344/resource/11211/%E6%96%B0%E8%A6%8F%E9%A3%9F%E5%93%81%E5%96%B6%E6%A5%AD%E8%A8%B1%E5%8F%AF%E6%96%BD%E8%A8%AD%EF%BC%88%E4%BB%A4%E5%92%8C3%E5%B9%B412%E6%9C%88%EF%BC%89.xls,ece9e65a9b253ea1099a1c882d3df6e8e3afc6a8011cc610d023756458145712
愛媛県,2021-12,東生第210121477号,2021-12-02,2021-12-02,2026-12-31,① 飲食店営業,味芳園,新居浜市,,,,,,new,wayback:20220519121134:https://www.pref.ehime.jp/opendata-catalog/dataset/2344/resource/11211/%E6%96%B0%E8%A6%8F%E9%A3%9F%E5%93%81%E5%96%B6%E6%A5%AD%E8%A8%B1%E5%8F%AF%E6%96%BD%E8%A8%AD%EF%BC%88%E4%BB%A4%E5%92%8C3%E5%B9%B412%E6%9C%88%EF%BC%89.xls,ece9e65a9b253ea1099a1c882d3df6e8e3afc6a8011cc610d023756458145712
愛媛県,2021-12,東生第210121478号,2021-12-02,2021-12-02,2026-12-31,① 飲食店営業,葵鮨,新居浜市,,,,,,new,wayback:20220519121134:https://www.pref.ehime.jp/opendata-catalog/dataset/2344/resource/11211/%E6%96%B0%E8%A6%8F%E9%A3%9F%E5%93%81%E5%96%B6%E6%A5%AD%E8%A8%B1%E5%8F%AF%E6%96%BD%E8%A8%AD%EF%BC%88%E4%BB%A4%E5%92%8C3%E5%B9%B412%E6%9C%88%EF%BC%89.xls,ece9e65a9b253ea1099a1c882d3df6e8e3afc6a8011cc610d023756458145712
愛媛県,2021-12,東生第210121479号,2021-12-02,2021-12-02,2026-12-31,① 飲食店営業,喫茶路,新居浜市,,,,,,new,wayback:20220519121134:https://www.pref.ehime.jp/opendata-catalog/dataset/2344/resource/11211/%E6%96%B0%E8%A6%8F%E9%A3%9F%E5%93%81%E5%96%B6%E6%A5%AD%E8%A8%B1%E5%8F%AF%E6%96%BD%E8%A8%AD%EF%BC%88%E4%BB%A4%E5%92%8C3%E5%B9%B412%E6%9C%88%EF%BC%89.xls,ece9e65a9b253ea1099a1c882d3df6e8e3afc6a8011cc610d023756458145712
愛媛県,2021-12,東生第210121480号,2021-12-02,2021-12-02,2026-12-31,① 飲食店営業,富屋食堂,新居浜市,,,,,,new,wayback:20220519121134:https://www.pref.ehime.jp/opendata-catalog/dataset/2344/resource/11211/%E6%96%B0%E8%A6%8F%E9%A3%9F%E5%93%81%E5%96%B6%E6%A5%AD%E8%A8%B1%E5%8F%AF%E6%96%BD%E8%A8%AD%EF%BC%88%E4%BB%A4%E5%92%8C3%E5%B9%B412%E6%9C%88%EF%BC%89.xls,ece9e65a9b253ea1099a1c882d3df6e8e3afc6a8011cc610d023756458145712
愛媛県,2021-12,東生第210121481号,2021-12-02,2021-12-02,2026-12-31,① 飲食店営業,居酒屋人生,新居浜市,,,,,,new,wayback:20220519121134:https://www.pref.ehime.jp/opendata-catalog/dataset/2344/resource/11211/%E6%96%B0%E8%A6%8F%E9%A3%9F%E5%93%81%E5%96%B6%E6%A5%AD%E8%A8%B1%E5%8F%AF%E6%96%BD%E8%A8%AD%EF%BC%88%E4%BB%A4%E5%92%8C3%E5%B9%B412%E6%9C%88%EF%BC%89.xls,ece9e65a9b253ea1099a1c882d3df6e8e3afc6a8011cc610d023756458145712
愛媛県,2021-12,東生第210121482号,2021-12-02,2021-12-02,2026-12-31,① 飲食店営業,瀬戸内料理平八,新居浜市,,,,,,new,wayback:20220519121134:https://www.pref.ehime.jp/opendata-catalog/dataset/2344/resource/11211/%E6%96%B0%E8%A6%8F%E9%A3%9F%E5%93%81%E5%96%B6%E6%A5%AD%E8%A8%B1%E5%8F%AF%E6%96%BD%E8%A8%AD%EF%BC%88%E4%BB%A4%E5%92%8C3%E5%B9%B412%E6%9C%88%EF%BC%89.xls,ece9e65a9b253ea1099a1c882d3df6e8e3afc6a8011cc610d023756458145712
愛媛県,2021-12,東生第210121483号,2021-12-02,2021-12-02,2026-12-31,① 飲食店営業,ホテル　マックスビジョン,新居浜市,,,,,,new,wayback:20220519121134:https://www.pref.ehime.jp/opendata-catalog/dataset/2344/resource/11211/%E6%96%B0%E8%A6%8F%E9%A3%9F%E5%93%81%E5%96%B6%E6%A5%AD%E8%A8%B1%E5%8F%AF%E6%96%BD%E8%A8%AD%EF%BC%88%E4%BB%A4%E5%92%8C3%E5%B9%B412%E6%9C%88%EF%BC%89.xls,ece9e65a9b253ea1099a1c882d3df6e8e3afc6a8011cc610d023756458145712
愛媛県,2021-12,東生第210121484号,2021-12-02,2021-12-02,2026-12-31,① 飲食店営業,焼肉レストラン平城　新居浜店,新居浜市,,,,,,new,wayback:20220519121134:https://www.pref.ehime.jp/opendata-catalog/dataset/2344/resource/11211/%E6%96%B0%E8%A6%8F%E9%A3%9F%E5%93%81%E5%96%B6%E6%A5%AD%E8%A8%B1%E5%8F%AF%E6%96%BD%E8%A8%AD%EF%BC%88%E4%BB%A4%E5%92%8C3%E5%B9%B412%E6%9C%88%EF%BC%89.xls,ece9e65a9b253ea1099a1c882d3df6e8e3afc6a8011cc610d023756458145712
愛媛県,2021-12,東生第210121494号,2021-12-03,2021-12-03,2026-12-31,① 飲食店営業,武丈の湯,西条市,,,,,,new,wayback:20220519121134:https://www.pref.ehime.jp/opendata-catalog/dataset/2344/resource/11211/%E6%96%B0%E8%A6%8F%E9%A3%9F%E5%93%81%E5%96%B6%E6%A5%AD%E8%A8%B1%E5%8F%AF%E6%96%BD%E8%A8%AD%EF%BC%88%E4%BB%A4%E5%92%8C3%E5%B9%B412%E6%9C%88%EF%BC%89.xls,ece9e65a9b253ea1099a1c882d3df6e8e3afc6a8011cc610d023756458145712
愛媛県,2021-12,東生第210121495号,2021-12-14,2021-12-14,2026-12-31,① 飲食店営業,樂土,西条市,,,,,,new,wayback:20220519121134:https://www.pref.ehime.jp/opendata-catalog/dataset/2344/resource/11211/%E6%96%B0%E8%A6%8F%E9%A3%9F%E5%93%81%E5%96%B6%E6%A5%AD%E8%A8%B1%E5%8F%AF%E6%96%BD%E8%A8%AD%EF%BC%88%E4%BB%A4%E5%92%8C3%E5%B9%B412%E6%9C%88%EF%BC%89.xls,ece9e65a9b253ea1099a1c882d3df6e8e3afc6a8011cc610d023756458145712
愛媛県,2021-12,東生第210121496号,2021-12-06,2021-12-06,2026-12-31,① 飲食店営業,ビストロ　マザーグース,新居浜市,,,,,,new,wayback:20220519121134:https://www.pref.ehime.jp/opendata-catalog/dataset/2344/resource/11211/%E6%96%B0%E8%A6%8F%E9%A3%9F%E5%93%81%E5%96%B6%E6%A5%AD%E8%A8%B1%E5%8F%AF%E6%96%BD%E8%A8%AD%EF%BC%88%E4%BB%A4%E5%92%8C3%E5%B9%B412%E6%9C%88%EF%BC%89.xls,ece9e65a9b253ea1099a1c882d3df6e8e3afc6a8011cc610d023756458145712
愛媛県,2021-12,東生第210121497号,2021-12-07,2021-12-07,2026-12-31,① 飲食店営業,ルネサスセミコンダクタマニュファクチュアリング株式会社西条工場　SA棟食堂,西条市,,,,,,new,wayback:20220519121134:https://www.pref.ehime.jp/opendata-catalog/dataset/2344/resource/11211/%E6%96%B0%E8%A6%8F%E9%A3%9F%E5%93%81%E5%96%B6%E6%A5%AD%E8%A8%B1%E5%8F%AF%E6%96%BD%E8%A8%AD%EF%BC%88%E4%BB%A4%E5%92%8C3%E5%B9%B412%E6%9C%88%EF%BC%89.xls,ece9e65a9b253ea1099a1c882d3df6e8e3afc6a8011cc610d023756458145712
愛媛県,2021-12,東生第210121498号,2021-12-14,2021-12-14,2026-12-31,① 飲食店営業,しっぽり亭,新居浜市,,,,,,new,wayback:20220519121134:https://www.pref.ehime.jp/opendata-catalog/dataset/2344/resource/11211/%E6%96%B0%E8%A6%8F%E9%A3%9F%E5%93%81%E5%96%B6%E6%A5%AD%E8%A8%B1%E5%8F%AF%E6%96%BD%E8%A8%AD%EF%BC%88%E4%BB%A4%E5%92%8C3%E5%B9%B412%E6%9C%88%EF%BC%89.xls,ece9e65a9b253ea1099a1c882d3df6e8e3afc6a8011cc610d023756458145712
愛媛県,2021-12,東生第210121499号,2021-12-08,2021-12-08,2026-12-31,① 飲食店営業,ゆうやけ　こやけ,西条市,,,,,,new,wayback:20220519121134:https://www.pref.ehime.jp/opendata-catalog/dataset/2344/resource/11211/%E6%96%B0%E8%A6%8F%E9%A3%9F%E5%93%81%E5%96%B6%E6%A5%AD%E8%A8%B1%E5%8F%AF%E6%96%BD%E8%A8%AD%EF%BC%88%E4%BB%A4%E5%92%8C3%E5%B9%B412%E6%9C%88%EF%BC%89.xls,ece9e65a9b253ea1099a1c882d3df6e8e3afc6a8011cc610d023756458145712
愛媛県,2021-12,東生第210121500号,2021-12-08,2021-12-08,2026-12-31,① 飲食店営業,インド料理ムンバイパレス,新居浜市,,,,,,new,wayback:20220519121134:https://www.pref.ehime.jp/opendata-catalog/dataset/2344/resource/11211/%E6%96%B0%E8%A6%8F%E9%A3%9F%E5%93%81%E5%96%B6%E6%A5%AD%E8%A8%B1%E5%8F%AF%E6%96%BD%E8%A8%AD%EF%BC%88%E4%BB%A4%E5%92%8C3%E5%B9%B412%E6%9C%88%EF%BC%89.xls,ece9e65a9b253ea1099a1c882d3df6e8e3afc6a8011cc610d023756458145712
愛媛県,2021-12,東生第210121501号,2021-12-08,2021-12-08,2026-12-31,① 飲食店営業,大衆焼肉藤田商店,新居浜市,,,,,,new,wayback:20220519121134:https://www.pref.ehime.jp/opendata-catalog/dataset/2344/resource/11211/%E6%96%B0%E8%A6%8F%E9%A3%9F%E5%93%81%E5%96%B6%E6%A5%AD%E8%A8%B1%E5%8F%AF%E6%96%BD%E8%A8%AD%EF%BC%88%E4%BB%A4%E5%92%8C3%E5%B9%B412%E6%9C%88%EF%BC%89.xls,ece9e65a9b253ea1099a1c882d3df6e8e3afc6a8011cc610d023756458145712
愛媛県,2021-12,東生第210121502号,2021-12-08,2021-12-08,2026-12-31,① 飲食店営業,朝日家旅館,新居浜市,,,,,,new,wayback:20220519121134:https://www.pref.ehime.jp/opendata-catalog/dataset/2344/resource/11211/%E6%96%B0%E8%A6%8F%E9%A3%9F%E5%93%81%E5%96%B6%E6%A5%AD%E8%A8%B1%E5%8F%AF%E6%96%BD%E8%A8%AD%EF%BC%88%E4%BB%A4%E5%92%8C3%E5%B9%B412%E6%9C%88%EF%BC%89.xls,ece9e65a9b253ea1099a1c882d3df6e8e3afc6a8011cc610d023756458145712
愛媛県,2021-12,東生第210121503号,2021-12-08,2021-12-08,2026-12-31,① 飲食店営業,もんちゃん,新居浜市,,,,,,new,wayback:20220519121134:https://www.pref.ehime.jp/opendata-catalog/dataset/2344/resource/11211/%E6%96%B0%E8%A6%8F%E9%A3%9F%E5%93%81%E5%96%B6%E6%A5%AD%E8%A8%B1%E5%8F%AF%E6%96%BD%E8%A8%AD%EF%BC%88%E4%BB%A4%E5%92%8C3%E5%B9%B412%E6%9C%88%EF%BC%89.xls,ece9e65a9b253ea1099a1c882d3df6e8e3afc6a8011cc610d023756458145712
愛媛県,2021-12,東生第210121504号,2021-12-08,2021-12-08,2026-12-31,① 飲食店営業,ほっかほっか亭2号店,新居浜市,,,,,,new,wayback:20220519121134:https://www.pref.ehime.jp/opendata-catalog/dataset/2344/resource/11211/%E6%96%B0%E8%A6%8F%E9%A3%9F%E5%93%81%E5%96%B6%E6%A5%AD%E8%A8%B1%E5%8F%AF%E6%96%BD%E8%A8%AD%EF%BC%88%E4%BB%A4%E5%92%8C3%E5%B9%B412%E6%9C%88%EF%BC%89.xls,ece9e65a9b253ea1099a1c882d3df6e8e3afc6a8011cc610d023756458145712
愛媛県,2021-12,東生第210121507号,2021-12-13,2021-12-13,2026-12-31,① 飲食店営業,猪谷勉強堂,西条市,,,,,,new,wayback:20220519121134:https://www.pref.ehime.jp/opendata-catalog/dataset/2344/resource/11211/%E6%96%B0%E8%A6%8F%E9%A3%9F%E5%93%81%E5%96%B6%E6%A5%AD%E8%A8%B1%E5%8F%AF%E6%96%BD%E8%A8%AD%EF%BC%88%E4%BB%A4%E5%92%8C3%E5%B9%B412%E6%9C%88%EF%BC%89.xls,ece9e65a9b253ea1099a1c882d3df6e8e3afc6a8011cc610d023756458145712
愛媛県,2021-12,東生第210121508号,2021-12-13,2021-12-13,2026-12-31,① 飲食店営業,お料理岩城,西条市,,,,,,new,wayback:20220519121134:https://www.pref.ehime.jp/opendata-catalog/dataset/2344/resource/11211/%E6%96%B0%E8%A6%8F%E9%A3%9F%E5%93%81%E5%96%B6%E6%A5%AD%E8%A8%B1%E5%8F%AF%E6%96%BD%E8%A8%AD%EF%BC%88%E4%BB%A4%E5%92%8C3%E5%B9%B412%E6%9C%88%EF%BC%89.xls,ece9e65a9b253ea1099a1c882d3df6e8e3afc6a8011cc610d023756458145712
愛媛県,2021-12,東生第210121509号,2021-12-13,2021-12-13,2026-12-31,① 飲食店営業,カフェ　ビクトリア,新居浜市,,,,,,new,wayback:20220519121134:https://www.pref.ehime.jp/opendata-catalog/dataset/2344/resource/11211/%E6%96%B0%E8%A6%8F%E9%A3%9F%E5%93%81%E5%96%B6%E6%A5%AD%E8%A8%B1%E5%8F%AF%E6%96%BD%E8%A8%AD%EF%BC%88%E4%BB%A4%E5%92%8C3%E5%B9%B412%E6%9C%88%EF%BC%89.xls,ece9e65a9b253ea1099a1c882d3df6e8e3afc6a8011cc610d023756458145712
愛媛県,2021-12,東生第210121511号,2021-12-20,2021-12-20,2026-12-31,① 飲食店営業,レーイグラッツェふじ,新居浜市,,,,,,new,wayback:20220519121134:https://www.pref.ehime.jp/opendata-catalog/dataset/2344/resource/11211/%E6%96%B0%E8%A6%8F%E9%A3%9F%E5%93%81%E5%96%B6%E6%A5%AD%E8%A8%B1%E5%8F%AF%E6%96%BD%E8%A8%AD%EF%BC%88%E4%BB%A4%E5%92%8C3%E5%B9%B412%E6%9C%88%EF%BC%89.xls,ece9e65a9b253ea1099a1c882d3df6e8e3afc6a8011cc610d023756458145712
愛媛県,2021-12,東生第210121515号,2021-12-22,2021-12-22,2026-12-31,① 飲食店営業,ラ・ミール,新居浜市,,,,,,new,wayback:20220519121134:https://www.pref.ehime.jp/opendata-catalog/dataset/2344/resource/11211/%E6%96%B0%E8%A6%8F%E9%A3%9F%E5%93%81%E5%96%B6%E6%A5%AD%E8%A8%B1%E5%8F%AF%E6%96%BD%E8%A8%AD%EF%BC%88%E4%BB%A4%E5%92%8C3%E5%B9%B412%E6%9C%88%EF%BC%89.xls,ece9e65a9b253ea1099a1c882d3df6e8e3afc6a8011cc610d023756458145712
愛媛県,2021-12,東生第210121516号,2021-12-23,2021-12-23,2026-12-31,① 飲食店営業,丹羽,新居浜市,,,,,,new,wayback:20220519121134:https://www.pref.ehime.jp/opendata-catalog/dataset/2344/resource/11211/%E6%96%B0%E8%A6%8F%E9%A3%9F%E5%93%81%E5%96%B6%E6%A5%AD%E8%A8%B1%E5%8F%AF%E6%96%BD%E8%A8%AD%EF%BC%88%E4%BB%A4%E5%92%8C3%E5%B9%B412%E6%9C%88%EF%BC%89.xls,ece9e65a9b253ea1099a1c882d3df6e8e3afc6a8011cc610d023756458145712
愛媛県,2021-12,東生第210121519号,2021-12-27,2021-12-27,2026-12-31,① 飲食店営業,居酒屋　おとぼけ,西条市,,,,,,new,wayback:20220519121134:https://www.pref.ehime.jp/opendata-catalog/dataset/2344/resource/11211/%E6%96%B0%E8%A6%8F%E9%A3%9F%E5%93%81%E5%96%B6%E6%A5%AD%E8%A8%B1%E5%8F%AF%E6%96%BD%E8%A8%AD%EF%BC%88%E4%BB%A4%E5%92%8C3%E5%B9%B412%E6%9C%88%EF%BC%89.xls,ece9e65a9b253ea1099a1c882d3df6e8e3afc6a8011cc610d023756458145712
愛媛県,2021-12,東生第210201392号,2021-12-07,2021-12-07,2026-12-31,② 調理機能を有する自動販売機（要許可）,浅川造船株式会社東予工場事務所北入口,西条市,,,,,,new,wayback:20220519121134:https://www.pref.ehime.jp/opendata-catalog/dataset/2344/resource/11211/%E6%96%B0%E8%A6%8F%E9%A3%9F%E5%93%81%E5%96%B6%E6%A5%AD%E8%A8%B1%E5%8F%AF%E6%96%BD%E8%A8%AD%EF%BC%88%E4%BB%A4%E5%92%8C3%E5%B9%B412%E6%9C%88%EF%BC%89.xls,ece9e65a9b253ea1099a1c882d3df6e8e3afc6a8011cc610d023756458145712
愛媛県,2021-12,東生第210301430号,2021-12-01,2021-12-01,2026-12-31,③ 食肉販売業,マルナカ東予店,西条市,,,,,,new,wayback:20220519121134:https://www.pref.ehime.jp/opendata-catalog/dataset/2344/resource/11211/%E6%96%B0%E8%A6%8F%E9%A3%9F%E5%93%81%E5%96%B6%E6%A5%AD%E8%A8%B1%E5%8F%AF%E6%96%BD%E8%A8%AD%EF%BC%88%E4%BB%A4%E5%92%8C3%E5%B9%B412%E6%9C%88%EF%BC%89.xls,ece9e65a9b253ea1099a1c882d3df6e8e3afc6a8011cc610d023756458145712
愛媛県,2021-12,東生第210301438号,2021-12-01,2021-12-01,2026-12-31,③ 食肉販売業,大三商事株式会社　マック川東店,新居浜市,,,,,,new,wayback:20220519121134:https://www.pref.ehime.jp/opendata-catalog/dataset/2344/resource/11211/%E6%96%B0%E8%A6%8F%E9%A3%9F%E5%93%81%E5%96%B6%E6%A5%AD%E8%A8%B1%E5%8F%AF%E6%96%BD%E8%A8%AD%EF%BC%88%E4%BB%A4%E5%92%8C3%E5%B9%B412%E6%9C%88%EF%BC%89.xls,ece9e65a9b253ea1099a1c882d3df6e8e3afc6a8011cc610d023756458145712
愛媛県,2021-12,東生第210301439号,2021-12-01,2021-12-01,2026-12-31,③ 食肉販売業,大三商事株式会社　マック松原店,新居浜市,,,,,,new,wayback:20220519121134:https://www.pref.ehime.jp/opendata-catalog/dataset/2344/resource/11211/%E6%96%B0%E8%A6%8F%E9%A3%9F%E5%93%81%E5%96%B6%E6%A5%AD%E8%A8%B1%E5%8F%AF%E6%96%BD%E8%A8%AD%EF%BC%88%E4%BB%A4%E5%92%8C3%E5%B9%B412%E6%9C%88%EF%BC%89.xls,ece9e65a9b253ea1099a1c882d3df6e8e3afc6a8011cc610d023756458145712
愛媛県,2021-12,東生第210301513号,2021-12-22,2021-12-22,2026-12-31,③ 食肉販売業,華益物産,西条市,,,,,,new,wayback:20220519121134:https://www.pref.ehime.jp/opendata-catalog/dataset/2344/resource/11211/%E6%96%B0%E8%A6%8F%E9%A3%9F%E5%93%81%E5%96%B6%E6%A5%AD%E8%A8%B1%E5%8F%AF%E6%96%BD%E8%A8%AD%EF%BC%88%E4%BB%A4%E5%92%8C3%E5%B9%B412%E6%9C%88%EF%BC%89.xls,ece9e65a9b253ea1099a1c882d3df6e8e3afc6a8011cc610d023756458145712
愛媛県,2021-12,東生第210401391号,2021-12-10,2021-12-10,2026-12-31,④ 魚介類販売業,松永商店,新居浜市,,,,,,new,wayback:20220519121134:https://www.pref.ehime.jp/opendata-catalog/dataset/2344/resource/11211/%E6%96%B0%E8%A6%8F%E9%A3%9F%E5%93%81%E5%96%B6%E6%A5%AD%E8%A8%B1%E5%8F%AF%E6%96%BD%E8%A8%AD%EF%BC%88%E4%BB%A4%E5%92%8C3%E5%B9%B412%E6%9C%88%EF%BC%89.xls,ece9e65a9b253ea1099a1c882d3df6e8e3afc6a8011cc610d023756458145712
愛媛県,2021-12,東生第210401431号,2021-12-01,2021-12-01,2026-12-31,④ 魚介類販売業,生鮮市場ヴォーグ西条店鮮魚部,西条市,,,,,,new,wayback:20220519121134:https://www.pref.ehime.jp/opendata-catalog/dataset/2344/resource/11211/%E6%96%B0%E8%A6%8F%E9%A3%9F%E5%93%81%E5%96%B6%E6%A5%AD%E8%A8%B1%E5%8F%AF%E6%96%BD%E8%A8%AD%EF%BC%88%E4%BB%A4%E5%92%8C3%E5%B9%B412%E6%9C%88%EF%BC%89.xls,ece9e65a9b253ea1099a1c882d3df6e8e3afc6a8011cc610d023756458145712
愛媛県,2021-12,東生第210401432号,2021-12-01,2021-12-01,2026-12-31,④ 魚介類販売業,マルナカ東予店,西条市,,,,,,new,wayback:20220519121134:https://www.pref.ehime.jp/opendata-catalog/dataset/2344/resource/11211/%E6%96%B0%E8%A6%8F%E9%A3%9F%E5%93%81%E5%96%B6%E6%A5%AD%E8%A8%B1%E5%8F%AF%E6%96%BD%E8%A8%AD%EF%BC%88%E4%BB%A4%E5%92%8C3%E5%B9%B412%E6%9C%88%EF%BC%89.xls,ece9e65a9b253ea1099a1c882d3df6e8e3afc6a8011cc610d023756458145712
愛媛県,2021-12,東生第210401485号,2021-12-02,2021-12-02,2026-12-31,④ 魚介類販売業,Kマート,新居浜市,,,,,,new,wayback:20220519121134:https://www.pref.ehime.jp/opendata-catalog/dataset/2344/resource/11211/%E6%96%B0%E8%A6%8F%E9%A3%9F%E5%93%81%E5%96%B6%E6%A5%AD%E8%A8%B1%E5%8F%AF%E6%96%BD%E8%A8%AD%EF%BC%88%E4%BB%A4%E5%92%8C3%E5%B9%B412%E6%9C%88%EF%BC%89.xls,ece9e65a9b253ea1099a1c882d3df6e8e3afc6a8011cc610d023756458145712
愛媛県,2021-12,東生第210501433号,2021-12-01,2021-12-01,2026-12-31,⑤ 魚介類競り売り営業,愛媛県漁業協同組合西条支所,西条市,,,,,,new,wayback:20220519121134:https://www.pref.ehime.jp/opendata-catalog/dataset/2344/resource/11211/%E6%96%B0%E8%A6%8F%E9%A3%9F%E5%93%81%E5%96%B6%E6%A5%AD%E8%A8%B1%E5%8F%AF%E6%96%BD%E8%A8%AD%EF%BC%88%E4%BB%A4%E5%92%8C3%E5%B9%B412%E6%9C%88%EF%BC%89.xls,ece9e65a9b253ea1099a1c882d3df6e8e3afc6a8011cc610d023756458145712
愛媛県,2021-12,東生第210501486号,2021-12-02,2021-12-02,2026-12-31,⑤ 魚介類競り売り営業,愛媛県漁業協同組合新居浜支所,新居浜市,,,,,,new,wayback:20220519121134:https://www.pref.ehime.jp/opendata-catalog/dataset/2344/resource/11211/%E6%96%B0%E8%A6%8F%E9%A3%9F%E5%93%81%E5%96%B6%E6%A5%AD%E8%A8%B1%E5%8F%AF%E6%96%BD%E8%A8%AD%EF%BC%88%E4%BB%A4%E5%92%8C3%E5%B9%B412%E6%9C%88%EF%BC%89.xls,ece9e65a9b253ea1099a1c882d3df6e8e3afc6a8011cc610d023756458145712
愛媛県,2021-12,東生第211101434号,2021-12-01,2021-12-01,2026-12-31,⑪ 菓子製造業,ぱん・で・あお,西条市,,,,,,new,wayback:20220519121134:https://www.pref.ehime.jp/opendata-catalog/dataset/2344/resource/11211/%E6%96%B0%E8%A6%8F%E9%A3%9F%E5%93%81%E5%96%B6%E6%A5%AD%E8%A8%B1%E5%8F%AF%E6%96%BD%E8%A8%AD%EF%BC%88%E4%BB%A4%E5%92%8C3%E5%B9%B412%E6%9C%88%EF%BC%89.xls,ece9e65a9b253ea1099a1c882d3df6e8e3afc6a8011cc610d023756458145712
愛媛県,2021-12,東生第211101435号,2021-12-01,2021-12-01,2026-12-31,⑪ 菓子製造業,黒猫総本店,西条市,,,,,,new,wayback:20220519121134:https://www.pref.ehime.jp/opendata-catalog/dataset/2344/resource/11211/%E6%96%B0%E8%A6%8F%E9%A3%9F%E5%93%81%E5%96%B6%E6%A5%AD%E8%A8%B1%E5%8F%AF%E6%96%BD%E8%A8%AD%EF%BC%88%E4%BB%A4%E5%92%8C3%E5%B9%B412%E6%9C%88%EF%BC%89.xls,ece9e65a9b253ea1099a1c882d3df6e8e3afc6a8011cc610d023756458145712
愛媛県,2021-12,東生第211101436号,2021-12-01,2021-12-01,2026-12-31,⑪ 菓子製造業,森川屋菓舖,西条市,,,,,,new,wayback:20220519121134:https://www.pref.ehime.jp/opendata-catalog/dataset/2344/resource/11211/%E6%96%B0%E8%A6%8F%E9%A3%9F%E5%93%81%E5%96%B6%E6%A5%AD%E8%A8%B1%E5%8F%AF%E6%96%BD%E8%A8%AD%EF%BC%88%E4%BB%A4%E5%92%8C3%E5%B9%B412%E6%9C%88%EF%BC%89.xls,ece9e65a9b253ea1099a1c882d3df6e8e3afc6a8011cc610d023756458145712
愛媛県,2021-12,東生第211101441号,2021-12-02,2021-12-02,2026-12-31,⑪ 菓子製造業,和らしべ,西条市,,,,,,new,wayback:20220519121134:https://www.pref.ehime.jp/opendata-catalog/dataset/2344/resource/11211/%E6%96%B0%E8%A6%8F%E9%A3%9F%E5%93%81%E5%96%B6%E6%A5%AD%E8%A8%B1%E5%8F%AF%E6%96%BD%E8%A8%AD%EF%BC%88%E4%BB%A4%E5%92%8C3%E5%B9%B412%E6%9C%88%EF%BC%89.xls,ece9e65a9b253ea1099a1c882d3df6e8e3afc6a8011cc610d023756458145712
愛媛県,2021-12,東生第211101487号,2021-12-02,2021-12-02,2026-12-31,⑪ 菓子製造業,Bake Lab Forno,新居浜市,,,,,,new,wayback:20220519121134:https://www.pref.ehime.jp/opendata-catalog/dataset/2344/resource/11211/%E6%96%B0%E8%A6%8F%E9%A3%9F%E5%93%81%E5%96%B6%E6%A5%AD%E8%A8%B1%E5%8F%AF%E6%96%BD%E8%A8%AD%EF%BC%88%E4%BB%A4%E5%92%8C3%E5%B9%B412%E6%9C%88%EF%BC%89.xls,ece9e65a9b253ea1099a1c882d3df6e8e3afc6a8011cc610d023756458145712
愛媛県,2021-12,東生第211101488号,2021-12-02,2021-12-02,2026-12-31,⑪ 菓子製造業,（株）別子飴本舗,新居浜市,,,,,,new,wayback:20220519121134:https://www.pref.ehime.jp/opendata-catalog/dataset/2344/resource/11211/%E6%96%B0%E8%A6%8F%E9%A3%9F%E5%93%81%E5%96%B6%E6%A5%AD%E8%A8%B1%E5%8F%AF%E6%96%BD%E8%A8%AD%EF%BC%88%E4%BB%A4%E5%92%8C3%E5%B9%B412%E6%9C%88%EF%BC%89.xls,ece9e65a9b253ea1099a1c882d3df6e8e3afc6a8011cc610d023756458145712
愛媛県,2021-12,東生第211101489号,2021-12-02,2021-12-02,2026-12-31,⑪ 菓子製造業,菓舗　むらかみ,新居浜市,,,,,,new,wayback:20220519121134:https://www.pref.ehime.jp/opendata-catalog/dataset/2344/resource/11211/%E6%96%B0%E8%A6%8F%E9%A3%9F%E5%93%81%E5%96%B6%E6%A5%AD%E8%A8%B1%E5%8F%AF%E6%96%BD%E8%A8%AD%EF%BC%88%E4%BB%A4%E5%92%8C3%E5%B9%B412%E6%9C%88%EF%BC%89.xls,ece9e65a9b253ea1099a1c882d3df6e8e3afc6a8011cc610d023756458145712
愛媛県,2021-12,東生第211101490号,2021-12-02,2021-12-02,2026-12-31,⑪ 菓子製造業,ブーランジェリーフクスケ,新居浜市,,,,,,new,wayback:20220519121134:https://www.pref.ehime.jp/opendata-catalog/dataset/2344/resource/11211/%E6%96%B0%E8%A6%8F%E9%A3%9F%E5%93%81%E5%96%B6%E6%A5%AD%E8%A8%B1%E5%8F%AF%E6%96%BD%E8%A8%AD%EF%BC%88%E4%BB%A4%E5%92%8C3%E5%B9%B412%E6%9C%88%EF%BC%89.xls,ece9e65a9b253ea1099a1c882d3df6e8e3afc6a8011cc610d023756458145712
愛媛県,2021-12,東生第211101510号,2021-12-20,2021-12-20,2026-12-31,⑪ 菓子製造業,若宮食堂,新居浜市,,,,,,new,wayback:20220519121134:https://www.pref.ehime.jp/opendata-catalog/dataset/2344/resource/11211/%E6%96%B0%E8%A6%8F%E9%A3%9F%E5%93%81%E5%96%B6%E6%A5%AD%E8%A8%B1%E5%8F%AF%E6%96%BD%E8%A8%AD%EF%BC%88%E4%BB%A4%E5%92%8C3%E5%B9%B412%E6%9C%88%EF%BC%89.xls,ece9e65a9b253ea1099a1c882d3df6e8e3afc6a8011cc610d023756458145712
愛媛県,2021-12,東生第212101512号,2021-12-20,2021-12-20,2026-12-31,㉑ 酒類製造業,近藤酒造株式会社,新居浜市,,,,,,new,wayback:20220519121134:https://www.pref.ehime.jp/opendata-catalog/dataset/2344/resource/11211/%E6%96%B0%E8%A6%8F%E9%A3%9F%E5%93%81%E5%96%B6%E6%A5%AD%E8%A8%B1%E5%8F%AF%E6%96%BD%E8%A8%AD%EF%BC%88%E4%BB%A4%E5%92%8C3%E5%B9%B412%E6%9C%88%EF%BC%89.xls,ece9e65a9b253ea1099a1c882d3df6e8e3afc6a8011cc610d023756458145712
愛媛県,2021-12,東生第212402491号,2021-12-02,2021-12-02,2026-12-31,㉔ 麺類製造業,手打うどん長兵衛,新居浜市,,,,,,new,wayback:20220519121134:https://www.pref.ehime.jp/opendata-catalog/dataset/2344/resource/11211/%E6%96%B0%E8%A6%8F%E9%A3%9F%E5%93%81%E5%96%B6%E6%A5%AD%E8%A8%B1%E5%8F%AF%E6%96%BD%E8%A8%AD%EF%BC%88%E4%BB%A4%E5%92%8C3%E5%B9%B412%E6%9C%88%EF%BC%89.xls,ece9e65a9b253ea1099a1c882d3df6e8e3afc6a8011cc610d023756458145712
愛媛県,2021-12,東生第212501437号,2021-12-01,2021-12-01,2026-12-31,㉕ そうざい製造業,株式会社秋山魚市場,西条市,,,,,,new,wayback:20220519121134:https://www.pref.ehime.jp/opendata-catalog/dataset/2344/resource/11211/%E6%96%B0%E8%A6%8F%E9%A3%9F%E5%93%81%E5%96%B6%E6%A5%AD%E8%A8%B1%E5%8F%AF%E6%96%BD%E8%A8%AD%EF%BC%88%E4%BB%A4%E5%92%8C3%E5%B9%B412%E6%9C%88%EF%BC%89.xls,ece9e65a9b253ea1099a1c882d3df6e8e3afc6a8011cc610d023756458145712
愛媛県,2021-12,東生第212501506号,2021-12-09,2021-12-09,2026-12-31,㉕ そうざい製造業,仕出しの合田,西条市,,,,,,new,wayback:20220519121134:https://www.pref.ehime.jp/opendata-catalog/dataset/2344/resource/11211/%E6%96%B0%E8%A6%8F%E9%A3%9F%E5%93%81%E5%96%B6%E6%A5%AD%E8%A8%B1%E5%8F%AF%E6%96%BD%E8%A8%AD%EF%BC%88%E4%BB%A4%E5%92%8C3%E5%B9%B412%E6%9C%88%EF%BC%89.xls,ece9e65a9b253ea1099a1c882d3df6e8e3afc6a8011cc610d023756458145712
愛媛県,2021-12,東生第213201492号,2021-12-02,2021-12-02,2026-12-31,㉜ 添加物製造業,住友化学株式会社　愛媛工場菊本地区,新居浜市,,,,,,new,wayback:20220519121134:https://www.pref.ehime.jp/opendata-catalog/dataset/2344/resource/11211/%E6%96%B0%E8%A6%8F%E9%A3%9F%E5%93%81%E5%96%B6%E6%A5%AD%E8%A8%B1%E5%8F%AF%E6%96%BD%E8%A8%AD%EF%BC%88%E4%BB%A4%E5%92%8C3%E5%B9%B412%E6%9C%88%EF%BC%89.xls,ece9e65a9b253ea1099a1c882d3df6e8e3afc6a8011cc610d023756458145712
愛媛県,2021-12,東生第213201493号,2021-12-02,2021-12-02,2026-12-31,㉜ 添加物製造業,高松帝酸株式会社　新居浜事業所,新居浜市,,,,,,new,wayback:20220519121134:https://www.pref.ehime.jp/opendata-catalog/dataset/2344/resource/11211/%E6%96%B0%E8%A6%8F%E9%A3%9F%E5%93%81%E5%96%B6%E6%A5%AD%E8%A8%B1%E5%8F%AF%E6%96%BD%E8%A8%AD%EF%BC%88%E4%BB%A4%E5%92%8C3%E5%B9%B412%E6%9C%88%EF%BC%89.xls,ece9e65a9b253ea1099a1c882d3df6e8e3afc6a8011cc610d023756458145712
愛媛県,2021-12,南局生第210111002号,2021-12-17,2021-12-17,2026-12-31,① 飲食店営業,森とキッチンカー,宇和島市,,,,,,new,wayback:20220519121134:https://www.pref.ehime.jp/opendata-catalog/dataset/2344/resource/11211/%E6%96%B0%E8%A6%8F%E9%A3%9F%E5%93%81%E5%96%B6%E6%A5%AD%E8%A8%B1%E5%8F%AF%E6%96%BD%E8%A8%AD%EF%BC%88%E4%BB%A4%E5%92%8C3%E5%B9%B412%E6%9C%88%EF%BC%89.xls,ece9e65a9b253ea1099a1c882d3df6e8e3afc6a8011cc610d023756458145712
愛媛県,2021-12,南局生第210111004号,2021-12-28,2021-12-28,2026-12-31,① 飲食店営業,源宗園,宇和島市,,,,,,new,wayback:20220519121134:https://www.pref.ehime.jp/opendata-catalog/dataset/2344/resource/11211/%E6%96%B0%E8%A6%8F%E9%A3%9F%E5%93%81%E5%96%B6%E6%A5%AD%E8%A8%B1%E5%8F%AF%E6%96%BD%E8%A8%AD%EF%BC%88%E4%BB%A4%E5%92%8C3%E5%B9%B412%E6%9C%88%EF%BC%89.xls,ece9e65a9b253ea1099a1c882d3df6e8e3afc6a8011cc610d023756458145712
愛媛県,2021-12,南局生第210121117号,2021-12-10,2021-12-10,2026-12-31,① 飲食店営業,コリアン　キッチン,宇和島市,,,,,,new,wayback:20220519121134:https://www.pref.ehime.jp/opendata-catalog/dataset/2344/resource/11211/%E6%96%B0%E8%A6%8F%E9%A3%9F%E5%93%81%E5%96%B6%E6%A5%AD%E8%A8%B1%E5%8F%AF%E6%96%BD%E8%A8%AD%EF%BC%88%E4%BB%A4%E5%92%8C3%E5%B9%B412%E6%9C%88%EF%BC%89.xls,ece9e65a9b253ea1099a1c882d3df6e8e3afc6a8011cc610d023756458145712
愛媛県,2021-12,南局生第210121118号,2021-12-14,2021-12-14,2026-12-31,① 飲食店営業,京町cafe　和（wakka),宇和島市,,,,,,new,wayback:20220519121134:https://www.pref.ehime.jp/opendata-catalog/dataset/2344/resource/11211/%E6%96%B0%E8%A6%8F%E9%A3%9F%E5%93%81%E5%96%B6%E6%A5%AD%E8%A8%B1%E5%8F%AF%E6%96%BD%E8%A8%AD%EF%BC%88%E4%BB%A4%E5%92%8C3%E5%B9%B412%E6%9C%88%EF%BC%89.xls,ece9e65a9b253ea1099a1c882d3df6e8e3afc6a8011cc610d023756458145712
愛媛県,2021-12,南局生第210121119号,2021-12-07,2021-12-07,2026-12-31,① 飲食店営業,亀,宇和島市,,,,,,new,wayback:20220519121134:https://www.pref.ehime.jp/opendata-catalog/dataset/2344/resource/11211/%E6%96%B0%E8%A6%8F%E9%A3%9F%E5%93%81%E5%96%B6%E6%A5%AD%E8%A8%B1%E5%8F%AF%E6%96%BD%E8%A8%AD%EF%BC%88%E4%BB%A4%E5%92%8C3%E5%B9%B412%E6%9C%88%EF%BC%89.xls,ece9e65a9b253ea1099a1c882d3df6e8e3afc6a8011cc610d023756458145712
愛媛県,2021-12,南局生第210121169号,2021-12-14,2021-12-14,2026-12-31,① 飲食店営業,久遠チョコレート　宇和島店,宇和島市,,,,,,new,wayback:20220519121134:https://www.pref.ehime.jp/opendata-catalog/dataset/2344/resource/11211/%E6%96%B0%E8%A6%8F%E9%A3%9F%E5%93%81%E5%96%B6%E6%A5%AD%E8%A8%B1%E5%8F%AF%E6%96%BD%E8%A8%AD%EF%BC%88%E4%BB%A4%E5%92%8C3%E5%B9%B412%E6%9C%88%EF%BC%89.xls,ece9e65a9b253ea1099a1c882d3df6e8e3afc6a8011cc610d023756458145712
愛媛県,2021-12,南局生第211101029号,2021-12-07,2021-12-07,2026-12-31,⑪ 菓子製造業,もち吉　宇和島店,宇和島市,,,,,,new,wayback:20220519121134:https://www.pref.ehime.jp/opendata-catalog/dataset/2344/resource/11211/%E6%96%B0%E8%A6%8F%E9%A3%9F%E5%93%81%E5%96%B6%E6%A5%AD%E8%A8%B1%E5%8F%AF%E6%96%BD%E8%A8%AD%EF%BC%88%E4%BB%A4%E5%92%8C3%E5%B9%B412%E6%9C%88%EF%BC%89.xls,ece9e65a9b253ea1099a1c882d3df6e8e3afc6a8011cc610d023756458145712
愛媛県,2021-12,南局生第211101031号,2021-12-16,2021-12-16,2026-12-31,⑪ 菓子製造業,sweet shop you,宇和島市,,,,,,new,wayback:20220519121134:https://www.pref.ehime.jp/opendata-catalog/dataset/2344/resource/11211/%E6%96%B0%E8%A6%8F%E9%A3%9F%E5%93%81%E5%96%B6%E6%A5%AD%E8%A8%B1%E5%8F%AF%E6%96%BD%E8%A8%AD%EF%BC%88%E4%BB%A4%E5%92%8C3%E5%B9%B412%E6%9C%88%EF%BC%89.xls,ece9e65a9b253ea1099a1c882d3df6e8e3afc6a8011cc610d023756458145712
愛媛県,2021-12,南局生第211101042号,2021-12-14,2021-12-14,2026-12-31,⑪ 菓子製造業,久遠チョコレート　宇和島店,宇和島市,,,,,,new,wayback:20220519121134:https://www.pref.ehime.jp/opendata-catalog/dataset/2344/resource/11211/%E6%96%B0%E8%A6%8F%E9%A3%9F%E5%93%81%E5%96%B6%E6%A5%AD%E8%A8%B1%E5%8F%AF%E6%96%BD%E8%A8%AD%EF%BC%88%E4%BB%A4%E5%92%8C3%E5%B9%B412%E6%9C%88%EF%BC%89.xls,ece9e65a9b253ea1099a1c882d3df6e8e3afc6a8011cc610d023756458145712
愛媛県,2021-12,南局生第211601017号,2021-12-03,2021-12-03,2026-12-31,⑯ 水産製品製造業,中川水産,南宇和郡愛南町,,,,,,new,wayback:20220519121134:https://www.pref.ehime.jp/opendata-catalog/dataset/2344/resource/11211/%E6%96%B0%E8%A6%8F%E9%A3%9F%E5%93%81%E5%96%B6%E6%A5%AD%E8%A8%B1%E5%8F%AF%E6%96%BD%E8%A8%AD%EF%BC%88%E4%BB%A4%E5%92%8C3%E5%B9%B412%E6%9C%88%EF%BC%89.xls,ece9e65a9b253ea1099a1c882d3df6e8e3afc6a8011cc610d023756458145712
愛媛県,2021-12,南局生第211601018号,2021-12-10,2021-12-10,2026-12-31,⑯ 水産製品製造業,たけばや,宇和島市,,,,,,new,wayback:20220519121134:https://www.pref.ehime.jp/opendata-catalog/dataset/2344/resource/11211/%E6%96%B0%E8%A6%8F%E9%A3%9F%E5%93%81%E5%96%B6%E6%A5%AD%E8%A8%B1%E5%8F%AF%E6%96%BD%E8%A8%AD%EF%BC%88%E4%BB%A4%E5%92%8C3%E5%B9%B412%E6%9C%88%EF%BC%89.xls,ece9e65a9b253ea1099a1c882d3df6e8e3afc6a8011cc610d023756458145712
愛媛県,2021-12,八保第210121158号,2021-12-01,2021-12-01,2026-12-31,① 飲食店営業,居酒や　遠野,西予市,,,,,,new,wayback:20220519121134:https://www.pref.ehime.jp/opendata-catalog/dataset/2344/resource/11211/%E6%96%B0%E8%A6%8F%E9%A3%9F%E5%93%81%E5%96%B6%E6%A5%AD%E8%A8%B1%E5%8F%AF%E6%96%BD%E8%A8%AD%EF%BC%88%E4%BB%A4%E5%92%8C3%E5%B9%B412%E6%9C%88%EF%BC%89.xls,ece9e65a9b253ea1099a1c882d3df6e8e3afc6a8011cc610d023756458145712
愛媛県,2021-12,八保第210121161号,2021-12-08,2021-12-08,2026-12-31,① 飲食店営業,皆楽園,西予市,,,,,,new,wayback:20220519121134:https://www.pref.ehime.jp/opendata-catalog/dataset/2344/resource/11211/%E6%96%B0%E8%A6%8F%E9%A3%9F%E5%93%81%E5%96%B6%E6%A5%AD%E8%A8%B1%E5%8F%AF%E6%96%BD%E8%A8%AD%EF%BC%88%E4%BB%A4%E5%92%8C3%E5%B9%B412%E6%9C%88%EF%BC%89.xls,ece9e65a9b253ea1099a1c882d3df6e8e3afc6a8011cc610d023756458145712
愛媛県,2021-12,八保第210121162号,2021-12-08,2021-12-08,2026-12-31,① 飲食店営業,きずな湯島,八幡浜市,,,,,,new,wayback:20220519121134:https://www.pref.ehime.jp/opendata-catalog/dataset/2344/resource/11211/%E6%96%B0%E8%A6%8F%E9%A3%9F%E5%93%81%E5%96%B6%E6%A5%AD%E8%A8%B1%E5%8F%AF%E6%96%BD%E8%A8%AD%EF%BC%88%E4%BB%A4%E5%92%8C3%E5%B9%B412%E6%9C%88%EF%BC%89.xls,ece9e65a9b253ea1099a1c882d3df6e8e3afc6a8011cc610d023756458145712
愛媛県,2021-12,八保第210121163号,2021-12-08,2021-12-08,2026-12-31,① 飲食店営業,広瀬病院,八幡浜市,,,,,,new,wayback:20220519121134:https://www.pref.ehime.jp/opendata-catalog/dataset/2344/resource/11211/%E6%96%B0%E8%A6%8F%E9%A3%9F%E5%93%81%E5%96%B6%E6%A5%AD%E8%A8%B1%E5%8F%AF%E6%96%BD%E8%A8%AD%EF%BC%88%E4%BB%A4%E5%92%8C3%E5%B9%B412%E6%9C%88%EF%BC%89.xls,ece9e65a9b253ea1099a1c882d3df6e8e3afc6a8011cc610d023756458145712
愛媛県,2021-12,八保第210121164号,2021-12-08,2021-12-08,2026-12-31,① 飲食店営業,おるｄｅ新町,八幡浜市,,,,,,new,wayback:20220519121134:https://www.pref.ehime.jp/opendata-catalog/dataset/2344/resource/11211/%E6%96%B0%E8%A6%8F%E9%A3%9F%E5%93%81%E5%96%B6%E6%A5%AD%E8%A8%B1%E5%8F%AF%E6%96%BD%E8%A8%AD%EF%BC%88%E4%BB%A4%E5%92%8C3%E5%B9%B412%E6%9C%88%EF%BC%89.xls,ece9e65a9b253ea1099a1c882d3df6e8e3afc6a8011cc610d023756458145712
愛媛県,2021-12,八保第210121165号,2021-12-09,2021-12-09,2026-12-31,① 飲食店営業,山本亭,八幡浜市,,,,,,new,wayback:20220519121134:https://www.pref.ehime.jp/opendata-catalog/dataset/2344/resource/11211/%E6%96%B0%E8%A6%8F%E9%A3%9F%E5%93%81%E5%96%B6%E6%A5%AD%E8%A8%B1%E5%8F%AF%E6%96%BD%E8%A8%AD%EF%BC%88%E4%BB%A4%E5%92%8C3%E5%B9%B412%E6%9C%88%EF%BC%89.xls,ece9e65a9b253ea1099a1c882d3df6e8e3afc6a8011cc610d023756458145712
愛媛県,2021-12,八保第210121166号,2021-12-09,2021-12-09,2026-12-31,① 飲食店営業,喫茶店その,八幡浜市,,,,,,new,wayback:20220519121134:https://www.pref.ehime.jp/opendata-catalog/dataset/2344/resource/11211/%E6%96%B0%E8%A6%8F%E9%A3%9F%E5%93%81%E5%96%B6%E6%A5%AD%E8%A8%B1%E5%8F%AF%E6%96%BD%E8%A8%AD%EF%BC%88%E4%BB%A4%E5%92%8C3%E5%B9%B412%E6%9C%88%EF%BC%89.xls,ece9e65a9b253ea1099a1c882d3df6e8e3afc6a8011cc610d023756458145712
愛媛県,2021-12,八保第210121167号,2021-12-09,2021-12-09,2026-12-31,① 飲食店営業,ニューホテルトヨ,八幡浜市,,,,,,new,wayback:20220519121134:https://www.pref.ehime.jp/opendata-catalog/dataset/2344/resource/11211/%E6%96%B0%E8%A6%8F%E9%A3%9F%E5%93%81%E5%96%B6%E6%A5%AD%E8%A8%B1%E5%8F%AF%E6%96%BD%E8%A8%AD%EF%BC%88%E4%BB%A4%E5%92%8C3%E5%B9%B412%E6%9C%88%EF%BC%89.xls,ece9e65a9b253ea1099a1c882d3df6e8e3afc6a8011cc610d023756458145712
愛媛県,2021-12,八保第210121168号,2021-12-09,2021-12-09,2026-12-31,① 飲食店営業,菊屋旅館,西宇和郡伊方町,,,,,,new,wayback:20220519121134:https://www.pref.ehime.jp/opendata-catalog/dataset/2344/resource/11211/%E6%96%B0%E8%A6%8F%E9%A3%9F%E5%93%81%E5%96%B6%E6%A5%AD%E8%A8%B1%E5%8F%AF%E6%96%BD%E8%A8%AD%EF%BC%88%E4%BB%A4%E5%92%8C3%E5%B9%B412%E6%9C%88%EF%BC%89.xls,ece9e65a9b253ea1099a1c882d3df6e8e3afc6a8011cc610d023756458145712
愛媛県,2021-12,八保第210121169号,2021-12-09,2021-12-09,2026-12-31,① 飲食店営業,松田旅館,西宇和郡伊方町,,,,,,new,wayback:20220519121134:https://www.pref.ehime.jp/opendata-catalog/dataset/2344/resource/11211/%E6%96%B0%E8%A6%8F%E9%A3%9F%E5%93%81%E5%96%B6%E6%A5%AD%E8%A8%B1%E5%8F%AF%E6%96%BD%E8%A8%AD%EF%BC%88%E4%BB%A4%E5%92%8C3%E5%B9%B412%E6%9C%88%EF%BC%89.xls,ece9e65a9b253ea1099a1c882d3df6e8e3afc6a8011cc610d023756458145712
愛媛県,2021-12,八保第210121170号,2021-12-09,2021-12-09,2026-12-31,① 飲食店営業,石浜鮮魚,西予市,,,,,,new,wayback:20220519121134:https://www.pref.ehime.jp/opendata-catalog/dataset/2344/resource/11211/%E6%96%B0%E8%A6%8F%E9%A3%9F%E5%93%81%E5%96%B6%E6%A5%AD%E8%A8%B1%E5%8F%AF%E6%96%BD%E8%A8%AD%EF%BC%88%E4%BB%A4%E5%92%8C3%E5%B9%B412%E6%9C%88%EF%BC%89.xls,ece9e65a9b253ea1099a1c882d3df6e8e3afc6a8011cc610d023756458145712
愛媛県,2021-12,八保第210121171号,2021-12-09,2021-12-09,2026-12-31,① 飲食店営業,お食事処みなと,八幡浜市,,,,,,new,wayback:20220519121134:https://www.pref.ehime.jp/opendata-catalog/dataset/2344/resource/11211/%E6%96%B0%E8%A6%8F%E9%A3%9F%E5%93%81%E5%96%B6%E6%A5%AD%E8%A8%B1%E5%8F%AF%E6%96%BD%E8%A8%AD%EF%BC%88%E4%BB%A4%E5%92%8C3%E5%B9%B412%E6%9C%88%EF%BC%89.xls,ece9e65a9b253ea1099a1c882d3df6e8e3afc6a8011cc610d023756458145712
愛媛県,2021-12,八保第210121172号,2021-12-09,2021-12-09,2026-12-31,① 飲食店営業,味一番うえだ,八幡浜市,,,,,,new,wayback:20220519121134:https://www.pref.ehime.jp/opendata-catalog/dataset/2344/resource/11211/%E6%96%B0%E8%A6%8F%E9%A3%9F%E5%93%81%E5%96%B6%E6%A5%AD%E8%A8%B1%E5%8F%AF%E6%96%BD%E8%A8%AD%EF%BC%88%E4%BB%A4%E5%92%8C3%E5%B9%B412%E6%9C%88%EF%BC%89.xls,ece9e65a9b253ea1099a1c882d3df6e8e3afc6a8011cc610d023756458145712
愛媛県,2021-12,八保第210121173号,2021-12-09,2021-12-09,2026-12-31,① 飲食店営業,クッキングセンターウェル,八幡浜市,,,,,,new,wayback:20220519121134:https://www.pref.ehime.jp/opendata-catalog/dataset/2344/resource/11211/%E6%96%B0%E8%A6%8F%E9%A3%9F%E5%93%81%E5%96%B6%E6%A5%AD%E8%A8%B1%E5%8F%AF%E6%96%BD%E8%A8%AD%EF%BC%88%E4%BB%A4%E5%92%8C3%E5%B9%B412%E6%9C%88%EF%BC%89.xls,ece9e65a9b253ea1099a1c882d3df6e8e3afc6a8011cc610d023756458145712
愛媛県,2021-12,八保第210121174号,2021-12-09,2021-12-09,2026-12-31,① 飲食店営業,ゼブラ,八幡浜市,,,,,,new,wayback:20220519121134:https://www.pref.ehime.jp/opendata-catalog/dataset/2344/resource/11211/%E6%96%B0%E8%A6%8F%E9%A3%9F%E5%93%81%E5%96%B6%E6%A5%AD%E8%A8%B1%E5%8F%AF%E6%96%BD%E8%A8%AD%EF%BC%88%E4%BB%A4%E5%92%8C3%E5%B9%B412%E6%9C%88%EF%BC%89.xls,ece9e65a9b253ea1099a1c882d3df6e8e3afc6a8011cc610d023756458145712
愛媛県,2021-12,八保第210121175号,2021-12-09,2021-12-09,2026-12-31,① 飲食店営業,くいもんや３０５,八幡浜市,,,,,,new,wayback:20220519121134:https://www.pref.ehime.jp/opendata-catalog/dataset/2344/resource/11211/%E6%96%B0%E8%A6%8F%E9%A3%9F%E5%93%81%E5%96%B6%E6%A5%AD%E8%A8%B1%E5%8F%AF%E6%96%BD%E8%A8%AD%EF%BC%88%E4%BB%A4%E5%92%8C3%E5%B9%B412%E6%9C%88%EF%BC%89.xls,ece9e65a9b253ea1099a1c882d3df6e8e3afc6a8011cc610d023756458145712
愛媛県,2021-12,八保第210121176号,2021-12-09,2021-12-09,2026-12-31,① 飲食店営業,ローソン市立大洲病院前店,大洲市,,,,,,new,wayback:20220519121134:https://www.pref.ehime.jp/opendata-catalog/dataset/2344/resource/11211/%E6%96%B0%E8%A6%8F%E9%A3%9F%E5%93%81%E5%96%B6%E6%A5%AD%E8%A8%B1%E5%8F%AF%E6%96%BD%E8%A8%AD%EF%BC%88%E4%BB%A4%E5%92%8C3%E5%B9%B412%E6%9C%88%EF%BC%89.xls,ece9e65a9b253ea1099a1c882d3df6e8e3afc6a8011cc610d023756458145712
愛媛県,2021-12,八保第210121177号,2021-12-09,2021-12-09,2026-12-31,① 飲食店営業,火の鳥,八幡浜市,,,,,,new,wayback:20220519121134:https://www.pref.ehime.jp/opendata-catalog/dataset/2344/resource/11211/%E6%96%B0%E8%A6%8F%E9%A3%9F%E5%93%81%E5%96%B6%E6%A5%AD%E8%A8%B1%E5%8F%AF%E6%96%BD%E8%A8%AD%EF%BC%88%E4%BB%A4%E5%92%8C3%E5%B9%B412%E6%9C%88%EF%BC%89.xls,ece9e65a9b253ea1099a1c882d3df6e8e3afc6a8011cc610d023756458145712
愛媛県,2021-12,八保第210121178号,2021-12-07,2021-12-07,2026-12-31,① 飲食店営業,Ｓｎａｃｋ　Ｂａｒ　リベルタ,八幡浜市,,,,,,new,wayback:20220519121134:https://www.pref.ehime.jp/opendata-catalog/dataset/2344/resource/11211/%E6%96%B0%E8%A6%8F%E9%A3%9F%E5%93%81%E5%96%B6%E6%A5%AD%E8%A8%B1%E5%8F%AF%E6%96%BD%E8%A8%AD%EF%BC%88%E4%BB%A4%E5%92%8C3%E5%B9%B412%E6%9C%88%EF%BC%89.xls,ece9e65a9b253ea1099a1c882d3df6e8e3afc6a8011cc610d023756458145712
愛媛県,2021-12,八保第210121179号,2021-12-08,2021-12-08,2026-12-31,① 飲食店営業,Ｓｎａｃｋ　Ｍａｙ,八幡浜市,,,,,,new,wayback:20220519121134:https://www.pref.ehime.jp/opendata-catalog/dataset/2344/resource/11211/%E6%96%B0%E8%A6%8F%E9%A3%9F%E5%93%81%E5%96%B6%E6%A5%AD%E8%A8%B1%E5%8F%AF%E6%96%BD%E8%A8%AD%EF%BC%88%E4%BB%A4%E5%92%8C3%E5%B9%B412%E6%9C%88%EF%BC%89.xls,ece9e65a9b253ea1099a1c882d3df6e8e3afc6a8011cc610d023756458145712
愛媛県,2021-12,八保第210121180号,2021-12-09,2021-12-09,2026-12-31,① 飲食店営業,キッチン　けい,喜多郡内子町,,,,,,new,wayback:20220519121134:https://www.pref.ehime.jp/opendata-catalog/dataset/2344/resource/11211/%E6%96%B0%E8%A6%8F%E9%A3%9F%E5%93%81%E5%96%B6%E6%A5%AD%E8%A8%B1%E5%8F%AF%E6%96%BD%E8%A8%AD%EF%BC%88%E4%BB%A4%E5%92%8C3%E5%B9%B412%E6%9C%88%EF%BC%89.xls,ece9e65a9b253ea1099a1c882d3df6e8e3afc6a8011cc610d023756458145712
愛媛県,2021-12,八保第210121181号,2021-12-09,2021-12-09,2026-12-31,① 飲食店営業,レスト喫茶ひまつぶし,喜多郡内子町,,,,,,new,wayback:20220519121134:https://www.pref.ehime.jp/opendata-catalog/dataset/2344/resource/11211/%E6%96%B0%E8%A6%8F%E9%A3%9F%E5%93%81%E5%96%B6%E6%A5%AD%E8%A8%B1%E5%8F%AF%E6%96%BD%E8%A8%AD%EF%BC%88%E4%BB%A4%E5%92%8C3%E5%B9%B412%E6%9C%88%EF%BC%89.xls,ece9e65a9b253ea1099a1c882d3df6e8e3afc6a8011cc610d023756458145712
愛媛県,2021-12,八保第210121182号,2021-12-09,2021-12-09,2026-12-31,① 飲食店営業,お食事処八久茂,喜多郡内子町,,,,,,new,wayback:20220519121134:https://www.pref.ehime.jp/opendata-catalog/dataset/2344/resource/11211/%E6%96%B0%E8%A6%8F%E9%A3%9F%E5%93%81%E5%96%B6%E6%A5%AD%E8%A8%B1%E5%8F%AF%E6%96%BD%E8%A8%AD%EF%BC%88%E4%BB%A4%E5%92%8C3%E5%B9%B412%E6%9C%88%EF%BC%89.xls,ece9e65a9b253ea1099a1c882d3df6e8e3afc6a8011cc610d023756458145712
愛媛県,2021-12,八保第210121183号,2021-12-09,2021-12-09,2026-12-31,① 飲食店営業,ナイトインろまん,喜多郡内子町,,,,,,new,wayback:20220519121134:https://www.pref.ehime.jp/opendata-catalog/dataset/2344/resource/11211/%E6%96%B0%E8%A6%8F%E9%A3%9F%E5%93%81%E5%96%B6%E6%A5%AD%E8%A8%B1%E5%8F%AF%E6%96%BD%E8%A8%AD%EF%BC%88%E4%BB%A4%E5%92%8C3%E5%B9%B412%E6%9C%88%EF%BC%89.xls,ece9e65a9b253ea1099a1c882d3df6e8e3afc6a8011cc610d023756458145712
愛媛県,2021-12,八保第210121184号,2021-12-09,2021-12-09,2026-12-31,① 飲食店営業,酒房　蔵,喜多郡内子町,,,,,,new,wayback:20220519121134:https://www.pref.ehime.jp/opendata-catalog/dataset/2344/resource/11211/%E6%96%B0%E8%A6%8F%E9%A3%9F%E5%93%81%E5%96%B6%E6%A5%AD%E8%A8%B1%E5%8F%AF%E6%96%BD%E8%A8%AD%EF%BC%88%E4%BB%A4%E5%92%8C3%E5%B9%B412%E6%9C%88%EF%BC%89.xls,ece9e65a9b253ea1099a1c882d3df6e8e3afc6a8011cc610d023756458145712
愛媛県,2021-12,八保第210121185号,2021-12-09,2021-12-09,2026-12-31,① 飲食店営業,ＲＥＳＴＡＵＲＡＮＴ　ＴＡＫＡＭＡＴＳＵ,喜多郡内子町,,,,,,new,wayback:20220519121134:https://www.pref.ehime.jp/opendata-catalog/dataset/2344/resource/11211/%E6%96%B0%E8%A6%8F%E9%A3%9F%E5%93%81%E5%96%B6%E6%A5%AD%E8%A8%B1%E5%8F%AF%E6%96%BD%E8%A8%AD%EF%BC%88%E4%BB%A4%E5%92%8C3%E5%B9%B412%E6%9C%88%EF%BC%89.xls,ece9e65a9b253ea1099a1c882d3df6e8e3afc6a8011cc610d023756458145712
愛媛県,2021-12,八保第210121186号,2021-12-09,2021-12-09,2026-12-31,① 飲食店営業,寿し木立,喜多郡内子町,,,,,,new,wayback:20220519121134:https://www.pref.ehime.jp/opendata-catalog/dataset/2344/resource/11211/%E6%96%B0%E8%A6%8F%E9%A3%9F%E5%93%81%E5%96%B6%E6%A5%AD%E8%A8%B1%E5%8F%AF%E6%96%BD%E8%A8%AD%EF%BC%88%E4%BB%A4%E5%92%8C3%E5%B9%B412%E6%9C%88%EF%BC%89.xls,ece9e65a9b253ea1099a1c882d3df6e8e3afc6a8011cc610d023756458145712
愛媛県,2021-12,八保第210121187号,2021-12-10,2021-12-10,2026-12-31,① 飲食店営業,ｃａｆｅさんぽ,大洲市,,,,,,new,wayback:20220519121134:https://www.pref.ehime.jp/opendata-catalog/dataset/2344/resource/11211/%E6%96%B0%E8%A6%8F%E9%A3%9F%E5%93%81%E5%96%B6%E6%A5%AD%E8%A8%B1%E5%8F%AF%E6%96%BD%E8%A8%AD%EF%BC%88%E4%BB%A4%E5%92%8C3%E5%B9%B412%E6%9C%88%EF%BC%89.xls,ece9e65a9b253ea1099a1c882d3df6e8e3afc6a8011cc610d023756458145712
愛媛県,2021-12,八保第210121188号,2021-12-10,2021-12-10,2026-12-31,① 飲食店営業,喫茶エンゼル,大洲市,,,,,,new,wayback:20220519121134:https://www.pref.ehime.jp/opendata-catalog/dataset/2344/resource/11211/%E6%96%B0%E8%A6%8F%E9%A3%9F%E5%93%81%E5%96%B6%E6%A5%AD%E8%A8%B1%E5%8F%AF%E6%96%BD%E8%A8%AD%EF%BC%88%E4%BB%A4%E5%92%8C3%E5%B9%B412%E6%9C%88%EF%BC%89.xls,ece9e65a9b253ea1099a1c882d3df6e8e3afc6a8011cc610d023756458145712
愛媛県,2021-12,八保第210121189号,2021-12-10,2021-12-10,2026-12-31,① 飲食店営業,カラオケごしき,大洲市,,,,,,new,wayback:20220519121134:https://www.pref.ehime.jp/opendata-catalog/dataset/2344/resource/11211/%E6%96%B0%E8%A6%8F%E9%A3%9F%E5%93%81%E5%96%B6%E6%A5%AD%E8%A8%B1%E5%8F%AF%E6%96%BD%E8%A8%AD%EF%BC%88%E4%BB%A4%E5%92%8C3%E5%B9%B412%E6%9C%88%EF%BC%89.xls,ece9e65a9b253ea1099a1c882d3df6e8e3afc6a8011cc610d023756458145712
愛媛県,2021-12,八保第210121190号,2021-12-10,2021-12-10,2026-12-31,① 飲食店営業,カラオケスナック　夢サウンドＪ,大洲市,,,,,,new,wayback:20220519121134:https://www.pref.ehime.jp/opendata-catalog/dataset/2344/resource/11211/%E6%96%B0%E8%A6%8F%E9%A3%9F%E5%93%81%E5%96%B6%E6%A5%AD%E8%A8%B1%E5%8F%AF%E6%96%BD%E8%A8%AD%EF%BC%88%E4%BB%A4%E5%92%8C3%E5%B9%B412%E6%9C%88%EF%BC%89.xls,ece9e65a9b253ea1099a1c882d3df6e8e3afc6a8011cc610d023756458145712
愛媛県,2021-12,八保第210121191号,2021-12-10,2021-12-10,2026-12-31,① 飲食店営業,有限会社福山製パン所,大洲市,,,,,,new,wayback:20220519121134:https://www.pref.ehime.jp/opendata-catalog/dataset/2344/resource/11211/%E6%96%B0%E8%A6%8F%E9%A3%9F%E5%93%81%E5%96%B6%E6%A5%AD%E8%A8%B1%E5%8F%AF%E6%96%BD%E8%A8%AD%EF%BC%88%E4%BB%A4%E5%92%8C3%E5%B9%B412%E6%9C%88%EF%BC%89.xls,ece9e65a9b253ea1099a1c882d3df6e8e3afc6a8011cc610d023756458145712
愛媛県,2021-12,八保第210121192号,2021-12-10,2021-12-10,2026-12-31,① 飲食店営業,かっぱたこ焼,大洲市,,,,,,new,wayback:20220519121134:https://www.pref.ehime.jp/opendata-catalog/dataset/2344/resource/11211/%E6%96%B0%E8%A6%8F%E9%A3%9F%E5%93%81%E5%96%B6%E6%A5%AD%E8%A8%B1%E5%8F%AF%E6%96%BD%E8%A8%AD%EF%BC%88%E4%BB%A4%E5%92%8C3%E5%B9%B412%E6%9C%88%EF%BC%89.xls,ece9e65a9b253ea1099a1c882d3df6e8e3afc6a8011cc610d023756458145712
愛媛県,2021-12,八保第210121193号,2021-12-10,2021-12-10,2026-12-31,① 飲食店営業,神山食堂,大洲市,,,,,,new,wayback:20220519121134:https://www.pref.ehime.jp/opendata-catalog/dataset/2344/resource/11211/%E6%96%B0%E8%A6%8F%E9%A3%9F%E5%93%81%E5%96%B6%E6%A5%AD%E8%A8%B1%E5%8F%AF%E6%96%BD%E8%A8%AD%EF%BC%88%E4%BB%A4%E5%92%8C3%E5%B9%B412%E6%9C%88%EF%BC%89.xls,ece9e65a9b253ea1099a1c882d3df6e8e3afc6a8011cc610d023756458145712
愛媛県,2021-12,八保第210121194号,2021-12-10,2021-12-10,2026-12-31,① 飲食店営業,百音,大洲市,,,,,,new,wayback:20220519121134:https://www.pref.ehime.jp/opendata-catalog/dataset/2344/resource/11211/%E6%96%B0%E8%A6%8F%E9%A3%9F%E5%93%81%E5%96%B6%E6%A5%AD%E8%A8%B1%E5%8F%AF%E6%96%BD%E8%A8%AD%EF%BC%88%E4%BB%A4%E5%92%8C3%E5%B9%B412%E6%9C%88%EF%BC%89.xls,ece9e65a9b253ea1099a1c882d3df6e8e3afc6a8011cc610d023756458145712
愛媛県,2021-12,八保第210121195号,2021-12-10,2021-12-10,2026-12-31,① 飲食店営業,食べ処呑み処　味人,大洲市,,,,,,new,wayback:20220519121134:https://www.pref.ehime.jp/opendata-catalog/dataset/2344/resource/11211/%E6%96%B0%E8%A6%8F%E9%A3%9F%E5%93%81%E5%96%B6%E6%A5%AD%E8%A8%B1%E5%8F%AF%E6%96%BD%E8%A8%AD%EF%BC%88%E4%BB%A4%E5%92%8C3%E5%B9%B412%E6%9C%88%EF%BC%89.xls,ece9e65a9b253ea1099a1c882d3df6e8e3afc6a8011cc610d023756458145712
愛媛県,2021-12,八保第210121196号,2021-12-10,2021-12-10,2026-12-31,① 飲食店営業,さくら工房,大洲市,,,,,,new,wayback:20220519121134:https://www.pref.ehime.jp/opendata-catalog/dataset/2344/resource/11211/%E6%96%B0%E8%A6%8F%E9%A3%9F%E5%93%81%E5%96%B6%E6%A5%AD%E8%A8%B1%E5%8F%AF%E6%96%BD%E8%A8%AD%EF%BC%88%E4%BB%A4%E5%92%8C3%E5%B9%B412%E6%9C%88%EF%BC%89.xls,ece9e65a9b253ea1099a1c882d3df6e8e3afc6a8011cc610d023756458145712
愛媛県,2021-12,八保第210121197号,2021-12-10,2021-12-10,2026-12-31,① 飲食店営業,御食事処　かねや,大洲市,,,,,,new,wayback:20220519121134:https://www.pref.ehime.jp/opendata-catalog/dataset/2344/resource/11211/%E6%96%B0%E8%A6%8F%E9%A3%9F%E5%93%81%E5%96%B6%E6%A5%AD%E8%A8%B1%E5%8F%AF%E6%96%BD%E8%A8%AD%EF%BC%88%E4%BB%A4%E5%92%8C3%E5%B9%B412%E6%9C%88%EF%BC%89.xls,ece9e65a9b253ea1099a1c882d3df6e8e3afc6a8011cc610d023756458145712
愛媛県,2021-12,八保第210121198号,2021-12-10,2021-12-10,2026-12-31,① 飲食店営業,からあげ工房　匠海,大洲市,,,,,,new,wayback:20220519121134:https://www.pref.ehime.jp/opendata-catalog/dataset/2344/resource/11211/%E6%96%B0%E8%A6%8F%E9%A3%9F%E5%93%81%E5%96%B6%E6%A5%AD%E8%A8%B1%E5%8F%AF%E6%96%BD%E8%A8%AD%EF%BC%88%E4%BB%A4%E5%92%8C3%E5%B9%B412%E6%9C%88%EF%BC%89.xls,ece9e65a9b253ea1099a1c882d3df6e8e3afc6a8011cc610d023756458145712
愛媛県,2021-12,八保第210121199号,2021-12-10,2021-12-10,2026-12-31,① 飲食店営業,ビュッフェスタイル　カラフル,大洲市,,,,,,new,wayback:20220519121134:https://www.pref.ehime.jp/opendata-catalog/dataset/2344/resource/11211/%E6%96%B0%E8%A6%8F%E9%A3%9F%E5%93%81%E5%96%B6%E6%A5%AD%E8%A8%B1%E5%8F%AF%E6%96%BD%E8%A8%AD%EF%BC%88%E4%BB%A4%E5%92%8C3%E5%B9%B412%E6%9C%88%EF%BC%89.xls,ece9e65a9b253ea1099a1c882d3df6e8e3afc6a8011cc610d023756458145712
愛媛県,2021-12,八保第210121200号,2021-12-10,2021-12-10,2026-12-31,① 飲食店営業,ＲＯＹ’Ｓ,大洲市,,,,,,new,wayback:20220519121134:https://www.pref.ehime.jp/opendata-catalog/dataset/2344/resource/11211/%E6%96%B0%E8%A6%8F%E9%A3%9F%E5%93%81%E5%96%B6%E6%A5%AD%E8%A8%B1%E5%8F%AF%E6%96%BD%E8%A8%AD%EF%BC%88%E4%BB%A4%E5%92%8C3%E5%B9%B412%E6%9C%88%EF%BC%89.xls,ece9e65a9b253ea1099a1c882d3df6e8e3afc6a8011cc610d023756458145712
愛媛県,2021-12,八保第210121201号,2021-12-10,2021-12-10,2026-12-31,① 飲食店営業,ひふみ,大洲市,,,,,,new,wayback:20220519121134:https://www.pref.ehime.jp/opendata-catalog/dataset/2344/resource/11211/%E6%96%B0%E8%A6%8F%E9%A3%9F%E5%93%81%E5%96%B6%E6%A5%AD%E8%A8%B1%E5%8F%AF%E6%96%BD%E8%A8%AD%EF%BC%88%E4%BB%A4%E5%92%8C3%E5%B9%B412%E6%9C%88%EF%BC%89.xls,ece9e65a9b253ea1099a1c882d3df6e8e3afc6a8011cc610d023756458145712
愛媛県,2021-12,八保第210121202号,2021-12-10,2021-12-10,2026-12-31,① 飲食店営業,磯料理　たかざわ,大洲市,,,,,,new,wayback:20220519121134:https://www.pref.ehime.jp/opendata-catalog/dataset/2344/resource/11211/%E6%96%B0%E8%A6%8F%E9%A3%9F%E5%93%81%E5%96%B6%E6%A5%AD%E8%A8%B1%E5%8F%AF%E6%96%BD%E8%A8%AD%EF%BC%88%E4%BB%A4%E5%92%8C3%E5%B9%B412%E6%9C%88%EF%BC%89.xls,ece9e65a9b253ea1099a1c882d3df6e8e3afc6a8011cc610d023756458145712
愛媛県,2021-12,八保第210121203号,2021-12-10,2021-12-10,2026-12-31,① 飲食店営業,LOCALE,大洲市,,,,,,new,wayback:20220519121134:https://www.pref.ehime.jp/opendata-catalog/dataset/2344/resource/11211/%E6%96%B0%E8%A6%8F%E9%A3%9F%E5%93%81%E5%96%B6%E6%A5%AD%E8%A8%B1%E5%8F%AF%E6%96%BD%E8%A8%AD%EF%BC%88%E4%BB%A4%E5%92%8C3%E5%B9%B412%E6%9C%88%EF%BC%89.xls,ece9e65a9b253ea1099a1c882d3df6e8e3afc6a8011cc610d023756458145712
愛媛県,2021-12,八保第210121204号,2021-12-10,2021-12-10,2026-12-31,① 飲食店営業,ラ・ムー大洲店,大洲市,,,,,,new,wayback:20220519121134:https://www.pref.ehime.jp/opendata-catalog/dataset/2344/resource/11211/%E6%96%B0%E8%A6%8F%E9%A3%9F%E5%93%81%E5%96%B6%E6%A5%AD%E8%A8%B1%E5%8F%AF%E6%96%BD%E8%A8%AD%EF%BC%88%E4%BB%A4%E5%92%8C3%E5%B9%B412%E6%9C%88%EF%BC%89.xls,ece9e65a9b253ea1099a1c882d3df6e8e3afc6a8011cc610d023756458145712
愛媛県,2021-12,八保第210121205号,2021-12-10,2021-12-10,2026-12-31,① 飲食店営業,ひょうどう,大洲市,,,,,,new,wayback:20220519121134:https://www.pref.ehime.jp/opendata-catalog/dataset/2344/resource/11211/%E6%96%B0%E8%A6%8F%E9%A3%9F%E5%93%81%E5%96%B6%E6%A5%AD%E8%A8%B1%E5%8F%AF%E6%96%BD%E8%A8%AD%EF%BC%88%E4%BB%A4%E5%92%8C3%E5%B9%B412%E6%9C%88%EF%BC%89.xls,ece9e65a9b253ea1099a1c882d3df6e8e3afc6a8011cc610d023756458145712
愛媛県,2021-12,八保第210121206号,2021-12-10,2021-12-10,2026-12-31,① 飲食店営業,有限会社鹿野川主婦の店惣菜１,大洲市,,,,,,new,wayback:20220519121134:https://www.pref.ehime.jp/opendata-catalog/dataset/2344/resource/11211/%E6%96%B0%E8%A6%8F%E9%A3%9F%E5%93%81%E5%96%B6%E6%A5%AD%E8%A8%B1%E5%8F%AF%E6%96%BD%E8%A8%AD%EF%BC%88%E4%BB%A4%E5%92%8C3%E5%B9%B412%E6%9C%88%EF%BC%89.xls,ece9e65a9b253ea1099a1c882d3df6e8e3afc6a8011cc610d023756458145712
愛媛県,2021-12,八保第210121207号,2021-12-10,2021-12-10,2026-12-31,① 飲食店営業,有限会社鹿野川主婦の店惣菜２,大洲市,,,,,,new,wayback:20220519121134:https://www.pref.ehime.jp/opendata-catalog/dataset/2344/resource/11211/%E6%96%B0%E8%A6%8F%E9%A3%9F%E5%93%81%E5%96%B6%E6%A5%AD%E8%A8%B1%E5%8F%AF%E6%96%BD%E8%A8%AD%EF%BC%88%E4%BB%A4%E5%92%8C3%E5%B9%B412%E6%9C%88%EF%BC%89.xls,ece9e65a9b253ea1099a1c882d3df6e8e3afc6a8011cc610d023756458145712
愛媛県,2021-12,八保第210121208号,2021-12-10,2021-12-10,2026-12-31,① 飲食店営業,さのや食堂,大洲市,,,,,,new,wayback:20220519121134:https://www.pref.ehime.jp/opendata-catalog/dataset/2344/resource/11211/%E6%96%B0%E8%A6%8F%E9%A3%9F%E5%93%81%E5%96%B6%E6%A5%AD%E8%A8%B1%E5%8F%AF%E6%96%BD%E8%A8%AD%EF%BC%88%E4%BB%A4%E5%92%8C3%E5%B9%B412%E6%9C%88%EF%BC%89.xls,ece9e65a9b253ea1099a1c882d3df6e8e3afc6a8011cc610d023756458145712
愛媛県,2021-12,八保第210121209号,2021-12-10,2021-12-10,2026-12-31,① 飲食店営業,ジョイフル愛媛東大洲店,大洲市,,,,,,new,wayback:20220519121134:https://www.pref.ehime.jp/opendata-catalog/dataset/2344/resource/11211/%E6%96%B0%E8%A6%8F%E9%A3%9F%E5%93%81%E5%96%B6%E6%A5%AD%E8%A8%B1%E5%8F%AF%E6%96%BD%E8%A8%AD%EF%BC%88%E4%BB%A4%E5%92%8C3%E5%B9%B412%E6%9C%88%EF%BC%89.xls,ece9e65a9b253ea1099a1c882d3df6e8e3afc6a8011cc610d023756458145712
愛媛県,2021-12,八保第210121210号,2021-12-15,2021-12-15,2026-12-31,① 飲食店営業,銀河,西宇和郡伊方町,,,,,,new,wayback:20220519121134:https://www.pref.ehime.jp/opendata-catalog/dataset/2344/resource/11211/%E6%96%B0%E8%A6%8F%E9%A3%9F%E5%93%81%E5%96%B6%E6%A5%AD%E8%A8%B1%E5%8F%AF%E6%96%BD%E8%A8%AD%EF%BC%88%E4%BB%A4%E5%92%8C3%E5%B9%B412%E6%9C%88%EF%BC%89.xls,ece9e65a9b253ea1099a1c882d3df6e8e3afc6a8011cc610d023756458145712
愛媛県,2021-12,八保第210121211号,2021-12-13,2021-12-13,2026-12-31,① 飲食店営業,ＩＮＤＩＧＯ　ＢＬＵＥ,西予市,,,,,,new,wayback:20220519121134:https://www.pref.ehime.jp/opendata-catalog/dataset/2344/resource/11211/%E6%96%B0%E8%A6%8F%E9%A3%9F%E5%93%81%E5%96%B6%E6%A5%AD%E8%A8%B1%E5%8F%AF%E6%96%BD%E8%A8%AD%EF%BC%88%E4%BB%A4%E5%92%8C3%E5%B9%B412%E6%9C%88%EF%BC%89.xls,ece9e65a9b253ea1099a1c882d3df6e8e3afc6a8011cc610d023756458145712
愛媛県,2021-12,八保第210121212号,2021-12-13,2021-12-13,2026-12-31,① 飲食店営業,ラウンジリッチ,西予市,,,,,,new,wayback:20220519121134:https://www.pref.ehime.jp/opendata-catalog/dataset/2344/resource/11211/%E6%96%B0%E8%A6%8F%E9%A3%9F%E5%93%81%E5%96%B6%E6%A5%AD%E8%A8%B1%E5%8F%AF%E6%96%BD%E8%A8%AD%EF%BC%88%E4%BB%A4%E5%92%8C3%E5%B9%B412%E6%9C%88%EF%BC%89.xls,ece9e65a9b253ea1099a1c882d3df6e8e3afc6a8011cc610d023756458145712
愛媛県,2021-12,八保第210121213号,2021-12-13,2021-12-13,2026-12-31,① 飲食店営業,Ｍ.Ｙ'Ｓ,西予市,,,,,,new,wayback:20220519121134:https://www.pref.ehime.jp/opendata-catalog/dataset/2344/resource/11211/%E6%96%B0%E8%A6%8F%E9%A3%9F%E5%93%81%E5%96%B6%E6%A5%AD%E8%A8%B1%E5%8F%AF%E6%96%BD%E8%A8%AD%EF%BC%88%E4%BB%A4%E5%92%8C3%E5%B9%B412%E6%9C%88%EF%BC%89.xls,ece9e65a9b253ea1099a1c882d3df6e8e3afc6a8011cc610d023756458145712
愛媛県,2021-12,八保第210121214号,2021-12-13,2021-12-13,2026-12-31,① 飲食店営業,ビジネスホテル松屋,西予市,,,,,,new,wayback:20220519121134:https://www.pref.ehime.jp/opendata-catalog/dataset/2344/resource/11211/%E6%96%B0%E8%A6%8F%E9%A3%9F%E5%93%81%E5%96%B6%E6%A5%AD%E8%A8%B1%E5%8F%AF%E6%96%BD%E8%A8%AD%EF%BC%88%E4%BB%A4%E5%92%8C3%E5%B9%B412%E6%9C%88%EF%BC%89.xls,ece9e65a9b253ea1099a1c882d3df6e8e3afc6a8011cc610d023756458145712
愛媛県,2021-12,八保第210121215号,2021-12-13,2021-12-13,2026-12-31,① 飲食店営業,スナック古都,西予市,,,,,,new,wayback:20220519121134:https://www.pref.ehime.jp/opendata-catalog/dataset/2344/resource/11211/%E6%96%B0%E8%A6%8F%E9%A3%9F%E5%93%81%E5%96%B6%E6%A5%AD%E8%A8%B1%E5%8F%AF%E6%96%BD%E8%A8%AD%EF%BC%88%E4%BB%A4%E5%92%8C3%E5%B9%B412%E6%9C%88%EF%BC%89.xls,ece9e65a9b253ea1099a1c882d3df6e8e3afc6a8011cc610d023756458145712
愛媛県,2021-12,八保第210121216号,2021-12-13,2021-12-13,2026-12-31,① 飲食店営業,お弁当．惣菜ミズタニ,西予市,,,,,,new,wayback:20220519121134:https://www.pref.ehime.jp/opendata-catalog/dataset/2344/resource/11211/%E6%96%B0%E8%A6%8F%E9%A3%9F%E5%93%81%E5%96%B6%E6%A5%AD%E8%A8%B1%E5%8F%AF%E6%96%BD%E8%A8%AD%EF%BC%88%E4%BB%A4%E5%92%8C3%E5%B9%B412%E6%9C%88%EF%BC%89.xls,ece9e65a9b253ea1099a1c882d3df6e8e3afc6a8011cc610d023756458145712
愛媛県,2021-12,八保第210121217号,2021-12-13,2021-12-13,2026-12-31,① 飲食店営業,サテライト西予,西予市,,,,,,new,wayback:20220519121134:https://www.pref.ehime.jp/opendata-catalog/dataset/2344/resource/11211/%E6%96%B0%E8%A6%8F%E9%A3%9F%E5%93%81%E5%96%B6%E6%A5%AD%E8%A8%B1%E5%8F%AF%E6%96%BD%E8%A8%AD%EF%BC%88%E4%BB%A4%E5%92%8C3%E5%B9%B412%E6%9C%88%EF%BC%89.xls,ece9e65a9b253ea1099a1c882d3df6e8e3afc6a8011cc610d023756458145712
愛媛県,2021-12,八保第210121218号,2021-12-13,2021-12-13,2026-12-31,① 飲食店営業,天翔丸,西予市,,,,,,new,wayback:20220519121134:https://www.pref.ehime.jp/opendata-catalog/dataset/2344/resource/11211/%E6%96%B0%E8%A6%8F%E9%A3%9F%E5%93%81%E5%96%B6%E6%A5%AD%E8%A8%B1%E5%8F%AF%E6%96%BD%E8%A8%AD%EF%BC%88%E4%BB%A4%E5%92%8C3%E5%B9%B412%E6%9C%88%EF%BC%89.xls,ece9e65a9b253ea1099a1c882d3df6e8e3afc6a8011cc610d023756458145712
愛媛県,2021-12,八保第210121219号,2021-12-13,2021-12-13,2026-12-31,① 飲食店営業,夢見鶏,西予市,,,,,,new,wayback:20220519121134:https://www.pref.ehime.jp/opendata-catalog/dataset/2344/resource/11211/%E6%96%B0%E8%A6%8F%E9%A3%9F%E5%93%81%E5%96%B6%E6%A5%AD%E8%A8%B1%E5%8F%AF%E6%96%BD%E8%A8%AD%EF%BC%88%E4%BB%A4%E5%92%8C3%E5%B9%B412%E6%9C%88%EF%BC%89.xls,ece9e65a9b253ea1099a1c882d3df6e8e3afc6a8011cc610d023756458145712
愛媛県,2021-12,八保第210121220号,2021-12-13,2021-12-13,2026-12-31,① 飲食店営業,スナックＳｅｎｓｕｉ,西予市,,,,,,new,wayback:20220519121134:https://www.pref.ehime.jp/opendata-catalog/dataset/2344/resource/11211/%E6%96%B0%E8%A6%8F%E9%A3%9F%E5%93%81%E5%96%B6%E6%A5%AD%E8%A8%B1%E5%8F%AF%E6%96%BD%E8%A8%AD%EF%BC%88%E4%BB%A4%E5%92%8C3%E5%B9%B412%E6%9C%88%EF%BC%89.xls,ece9e65a9b253ea1099a1c882d3df6e8e3afc6a8011cc610d023756458145712
愛媛県,2021-12,八保第210121221号,2021-12-13,2021-12-13,2026-12-31,① 飲食店営業,常楽苑（下）,西予市,,,,,,new,wayback:20220519121134:https://www.pref.ehime.jp/opendata-catalog/dataset/2344/resource/11211/%E6%96%B0%E8%A6%8F%E9%A3%9F%E5%93%81%E5%96%B6%E6%A5%AD%E8%A8%B1%E5%8F%AF%E6%96%BD%E8%A8%AD%EF%BC%88%E4%BB%A4%E5%92%8C3%E5%B9%B412%E6%9C%88%EF%BC%89.xls,ece9e65a9b253ea1099a1c882d3df6e8e3afc6a8011cc610d023756458145712
愛媛県,2021-12,八保第210121222号,2021-12-13,2021-12-13,2026-12-31,① 飲食店営業,みよし野,西予市,,,,,,new,wayback:20220519121134:https://www.pref.ehime.jp/opendata-catalog/dataset/2344/resource/11211/%E6%96%B0%E8%A6%8F%E9%A3%9F%E5%93%81%E5%96%B6%E6%A5%AD%E8%A8%B1%E5%8F%AF%E6%96%BD%E8%A8%AD%EF%BC%88%E4%BB%A4%E5%92%8C3%E5%B9%B412%E6%9C%88%EF%BC%89.xls,ece9e65a9b253ea1099a1c882d3df6e8e3afc6a8011cc610d023756458145712
愛媛県,2021-12,八保第210121223号,2021-12-27,2021-12-27,2026-12-31,① 飲食店営業,ビコーズ,八幡浜市,,,,,,new,wayback:20220519121134:https://www.pref.ehime.jp/opendata-catalog/dataset/2344/resource/11211/%E6%96%B0%E8%A6%8F%E9%A3%9F%E5%93%81%E5%96%B6%E6%A5%AD%E8%A8%B1%E5%8F%AF%E6%96%BD%E8%A8%AD%EF%BC%88%E4%BB%A4%E5%92%8C3%E5%B9%B412%E6%9C%88%EF%BC%89.xls,ece9e65a9b253ea1099a1c882d3df6e8e3afc6a8011cc610d023756458145712
愛媛県,2021-12,八保第210121224号,2021-12-15,2021-12-15,2026-12-31,① 飲食店営業,カフェ・ド・ステラ,八幡浜市,,,,,,new,wayback:20220519121134:https://www.pref.ehime.jp/opendata-catalog/dataset/2344/resource/11211/%E6%96%B0%E8%A6%8F%E9%A3%9F%E5%93%81%E5%96%B6%E6%A5%AD%E8%A8%B1%E5%8F%AF%E6%96%BD%E8%A8%AD%EF%BC%88%E4%BB%A4%E5%92%8C3%E5%B9%B412%E6%9C%88%EF%BC%89.xls,ece9e65a9b253ea1099a1c882d3df6e8e3afc6a8011cc610d023756458145712
愛媛県,2021-12,八保第210121225号,2021-12-27,2021-12-27,2026-12-31,① 飲食店営業,彩花保内店,八幡浜市,,,,,,new,wayback:20220519121134:https://www.pref.ehime.jp/opendata-catalog/dataset/2344/resource/11211/%E6%96%B0%E8%A6%8F%E9%A3%9F%E5%93%81%E5%96%B6%E6%A5%AD%E8%A8%B1%E5%8F%AF%E6%96%BD%E8%A8%AD%EF%BC%88%E4%BB%A4%E5%92%8C3%E5%B9%B412%E6%9C%88%EF%BC%89.xls,ece9e65a9b253ea1099a1c882d3df6e8e3afc6a8011cc610d023756458145712
愛媛県,2021-12,八保第210201001号,2021-12-23,2021-12-23,2026-12-31,② 調理機能を有する自動販売機（要許可）,四国電力株式会社　伊方原子力発電所　ＮＯ，２保修事務所裏１Ｆ軒下,西宇和郡伊方町,,,,,,new,wayback:20220519121134:https://www.pref.ehime.jp/opendata-catalog/dataset/2344/resource/11211/%E6%96%B0%E8%A6%8F%E9%A3%9F%E5%93%81%E5%96%B6%E6%A5%AD%E8%A8%B1%E5%8F%AF%E6%96%BD%E8%A8%AD%EF%BC%88%E4%BB%A4%E5%92%8C3%E5%B9%B412%E6%9C%88%EF%BC%89.xls,ece9e65a9b253ea1099a1c882d3df6e8e3afc6a8011cc610d023756458145712
愛媛県,2021-12,八保第210301007号,2021-12-09,2021-12-09,2026-12-31,③ 食肉販売業,ひがし氷温研究会,八幡浜市,,,,,,new,wayback:20220519121134:https://www.pref.ehime.jp/opendata-catalog/dataset/2344/resource/11211/%E6%96%B0%E8%A6%8F%E9%A3%9F%E5%93%81%E5%96%B6%E6%A5%AD%E8%A8%B1%E5%8F%AF%E6%96%BD%E8%A8%AD%EF%BC%88%E4%BB%A4%E5%92%8C3%E5%B9%B412%E6%9C%88%EF%BC%89.xls,ece9e65a9b253ea1099a1c882d3df6e8e3afc6a8011cc610d023756458145712
愛媛県,2021-12,八保第210301008号,2021-12-10,2021-12-10,2026-12-31,③ 食肉販売業,愛媛スタミナ食品　大洲店,大洲市,,,,,,new,wayback:20220519121134:https://www.pref.ehime.jp/opendata-catalog/dataset/2344/resource/11211/%E6%96%B0%E8%A6%8F%E9%A3%9F%E5%93%81%E5%96%B6%E6%A5%AD%E8%A8%B1%E5%8F%AF%E6%96%BD%E8%A8%AD%EF%BC%88%E4%BB%A4%E5%92%8C3%E5%B9%B412%E6%9C%88%EF%BC%89.xls,ece9e65a9b253ea1099a1c882d3df6e8e3afc6a8011cc610d023756458145712
愛媛県,2021-12,八保第210301009号,2021-12-10,2021-12-10,2026-12-31,③ 食肉販売業,焼肉の店白玉,大洲市,,,,,,new,wayback:20220519121134:https://www.pref.ehime.jp/opendata-catalog/dataset/2344/resource/11211/%E6%96%B0%E8%A6%8F%E9%A3%9F%E5%93%81%E5%96%B6%E6%A5%AD%E8%A8%B1%E5%8F%AF%E6%96%BD%E8%A8%AD%EF%BC%88%E4%BB%A4%E5%92%8C3%E5%B9%B412%E6%9C%88%EF%BC%89.xls,ece9e65a9b253ea1099a1c882d3df6e8e3afc6a8011cc610d023756458145712
愛媛県,2021-12,八保第210301010号,2021-12-10,2021-12-10,2026-12-31,③ 食肉販売業,ショッパーズ長浜店,大洲市,,,,,,new,wayback:20220519121134:https://www.pref.ehime.jp/opendata-catalog/dataset/2344/resource/11211/%E6%96%B0%E8%A6%8F%E9%A3%9F%E5%93%81%E5%96%B6%E6%A5%AD%E8%A8%B1%E5%8F%AF%E6%96%BD%E8%A8%AD%EF%BC%88%E4%BB%A4%E5%92%8C3%E5%B9%B412%E6%9C%88%EF%BC%89.xls,ece9e65a9b253ea1099a1c882d3df6e8e3afc6a8011cc610d023756458145712
愛媛県,2021-12,八保第210401018号,2021-12-09,2021-12-09,2026-12-31,④ 魚介類販売業,石浜鮮魚,西予市,,,,,,new,wayback:20220519121134:https://www.pref.ehime.jp/opendata-catalog/dataset/2344/resource/11211/%E6%96%B0%E8%A6%8F%E9%A3%9F%E5%93%81%E5%96%B6%E6%A5%AD%E8%A8%B1%E5%8F%AF%E6%96%BD%E8%A8%AD%EF%BC%88%E4%BB%A4%E5%92%8C3%E5%B9%B412%E6%9C%88%EF%BC%89.xls,ece9e65a9b253ea1099a1c882d3df6e8e3afc6a8011cc610d023756458145712
愛媛県,2021-12,八保第210401019号,2021-12-09,2021-12-09,2026-12-31,④ 魚介類販売業,兵頭鮮魚,八幡浜市,,,,,,new,wayback:20220519121134:https://www.pref.ehime.jp/opendata-catalog/dataset/2344/resource/11211/%E6%96%B0%E8%A6%8F%E9%A3%9F%E5%93%81%E5%96%B6%E6%A5%AD%E8%A8%B1%E5%8F%AF%E6%96%BD%E8%A8%AD%EF%BC%88%E4%BB%A4%E5%92%8C3%E5%B9%B412%E6%9C%88%EF%BC%89.xls,ece9e65a9b253ea1099a1c882d3df6e8e3afc6a8011cc610d023756458145712
愛媛県,2021-12,八保第210401020号,2021-12-09,2021-12-09,2026-12-31,④ 魚介類販売業,たくみ水産,八幡浜市,,,,,,new,wayback:20220519121134:https://www.pref.ehime.jp/opendata-catalog/dataset/2344/resource/11211/%E6%96%B0%E8%A6%8F%E9%A3%9F%E5%93%81%E5%96%B6%E6%A5%AD%E8%A8%B1%E5%8F%AF%E6%96%BD%E8%A8%AD%EF%BC%88%E4%BB%A4%E5%92%8C3%E5%B9%B412%E6%9C%88%EF%BC%89.xls,ece9e65a9b253ea1099a1c882d3df6e8e3afc6a8011cc610d023756458145712
愛媛県,2021-12,八保第210401021号,2021-12-10,2021-12-10,2026-12-31,④ 魚介類販売業,道後や,大洲市,,,,,,new,wayback:20220519121134:https://www.pref.ehime.jp/opendata-catalog/dataset/2344/resource/11211/%E6%96%B0%E8%A6%8F%E9%A3%9F%E5%93%81%E5%96%B6%E6%A5%AD%E8%A8%B1%E5%8F%AF%E6%96%BD%E8%A8%AD%EF%BC%88%E4%BB%A4%E5%92%8C3%E5%B9%B412%E6%9C%88%EF%BC%89.xls,ece9e65a9b253ea1099a1c882d3df6e8e3afc6a8011cc610d023756458145712
愛媛県,2021-12,八保第211101032号,2021-12-09,2021-12-09,2026-12-31,⑪ 菓子製造業,中村製菓,西宇和郡伊方町,,,,,,new,wayback:20220519121134:https://www.pref.ehime.jp/opendata-catalog/dataset/2344/resource/11211/%E6%96%B0%E8%A6%8F%E9%A3%9F%E5%93%81%E5%96%B6%E6%A5%AD%E8%A8%B1%E5%8F%AF%E6%96%BD%E8%A8%AD%EF%BC%88%E4%BB%A4%E5%92%8C3%E5%B9%B412%E6%9C%88%EF%BC%89.xls,ece9e65a9b253ea1099a1c882d3df6e8e3afc6a8011cc610d023756458145712
愛媛県,2021-12,八保第211101033号,2021-12-09,2021-12-09,2026-12-31,⑪ 菓子製造業,中廣菓子舗,西予市,,,,,,new,wayback:20220519121134:https://www.pref.ehime.jp/opendata-catalog/dataset/2344/resource/11211/%E6%96%B0%E8%A6%8F%E9%A3%9F%E5%93%81%E5%96%B6%E6%A5%AD%E8%A8%B1%E5%8F%AF%E6%96%BD%E8%A8%AD%EF%BC%88%E4%BB%A4%E5%92%8C3%E5%B9%B412%E6%9C%88%EF%BC%89.xls,ece9e65a9b253ea1099a1c882d3df6e8e3afc6a8011cc610d023756458145712
愛媛県,2021-12,八保第211101034号,2021-12-09,2021-12-09,2026-12-31,⑪ 菓子製造業,ささき製菓舗,八幡浜市,,,,,,new,wayback:20220519121134:https://www.pref.ehime.jp/opendata-catalog/dataset/2344/resource/11211/%E6%96%B0%E8%A6%8F%E9%A3%9F%E5%93%81%E5%96%B6%E6%A5%AD%E8%A8%B1%E5%8F%AF%E6%96%BD%E8%A8%AD%EF%BC%88%E4%BB%A4%E5%92%8C3%E5%B9%B412%E6%9C%88%EF%BC%89.xls,ece9e65a9b253ea1099a1c882d3df6e8e3afc6a8011cc610d023756458145712
愛媛県,2021-12,八保第211101035号,2021-12-09,2021-12-09,2026-12-31,⑪ 菓子製造業,井上菓子舗,八幡浜市,,,,,,new,wayback:20220519121134:https://www.pref.ehime.jp/opendata-catalog/dataset/2344/resource/11211/%E6%96%B0%E8%A6%8F%E9%A3%9F%E5%93%81%E5%96%B6%E6%A5%AD%E8%A8%B1%E5%8F%AF%E6%96%BD%E8%A8%AD%EF%BC%88%E4%BB%A4%E5%92%8C3%E5%B9%B412%E6%9C%88%EF%BC%89.xls,ece9e65a9b253ea1099a1c882d3df6e8e3afc6a8011cc610d023756458145712
愛媛県,2021-12,八保第211101036号,2021-12-09,2021-12-09,2026-12-31,⑪ 菓子製造業,有限会社宮川菓子舗,八幡浜市,,,,,,new,wayback:20220519121134:https://www.pref.ehime.jp/opendata-catalog/dataset/2344/resource/11211/%E6%96%B0%E8%A6%8F%E9%A3%9F%E5%93%81%E5%96%B6%E6%A5%AD%E8%A8%B1%E5%8F%AF%E6%96%BD%E8%A8%AD%EF%BC%88%E4%BB%A4%E5%92%8C3%E5%B9%B412%E6%9C%88%EF%BC%89.xls,ece9e65a9b253ea1099a1c882d3df6e8e3afc6a8011cc610d023756458145712
愛媛県,2021-12,八保第211101037号,2021-12-10,2021-12-10,2026-12-31,⑪ 菓子製造業,有限会社福山製パン所,大洲市,,,,,,new,wayback:20220519121134:https://www.pref.ehime.jp/opendata-catalog/dataset/2344/resource/11211/%E6%96%B0%E8%A6%8F%E9%A3%9F%E5%93%81%E5%96%B6%E6%A5%AD%E8%A8%B1%E5%8F%AF%E6%96%BD%E8%A8%AD%EF%BC%88%E4%BB%A4%E5%92%8C3%E5%B9%B412%E6%9C%88%EF%BC%89.xls,ece9e65a9b253ea1099a1c882d3df6e8e3afc6a8011cc610d023756458145712
愛媛県,2021-12,八保第211101038号,2021-12-10,2021-12-10,2026-12-31,⑪ 菓子製造業,ほたる,大洲市,,,,,,new,wayback:20220519121134:https://www.pref.ehime.jp/opendata-catalog/dataset/2344/resource/11211/%E6%96%B0%E8%A6%8F%E9%A3%9F%E5%93%81%E5%96%B6%E6%A5%AD%E8%A8%B1%E5%8F%AF%E6%96%BD%E8%A8%AD%EF%BC%88%E4%BB%A4%E5%92%8C3%E5%B9%B412%E6%9C%88%EF%BC%89.xls,ece9e65a9b253ea1099a1c882d3df6e8e3afc6a8011cc610d023756458145712
愛媛県,2021-12,八保第211101039号,2021-12-13,2021-12-13,2026-12-31,⑪ 菓子製造業,（株）宇都宮陶器建材店,西予市,,,,,,new,wayback:20220519121134:https://www.pref.ehime.jp/opendata-catalog/dataset/2344/resource/11211/%E6%96%B0%E8%A6%8F%E9%A3%9F%E5%93%81%E5%96%B6%E6%A5%AD%E8%A8%B1%E5%8F%AF%E6%96%BD%E8%A8%AD%EF%BC%88%E4%BB%A4%E5%92%8C3%E5%B9%B412%E6%9C%88%EF%BC%89.xls,ece9e65a9b253ea1099a1c882d3df6e8e3afc6a8011cc610d023756458145712
愛媛県,2021-12,八保第211101040号,2021-12-21,2021-12-21,2026-12-31,⑪ 菓子製造業,もつ鍋ダイニング　居食屋　月天,八幡浜市,,,,,,new,wayback:20220519121134:https://www.pref.ehime.jp/opendata-catalog/dataset/2344/resource/11211/%E6%96%B0%E8%A6%8F%E9%A3%9F%E5%93%81%E5%96%B6%E6%A5%AD%E8%A8%B1%E5%8F%AF%E6%96%BD%E8%A8%AD%EF%BC%88%E4%BB%A4%E5%92%8C3%E5%B9%B412%E6%9C%88%EF%BC%89.xls,ece9e65a9b253ea1099a1c882d3df6e8e3afc6a8011cc610d023756458145712
愛媛県,2021-12,八保第211401003号,2021-12-09,2021-12-09,2026-12-31,⑭ 清涼飲料水製造業,ふるさと創生館,西予市,,,,,,new,wayback:20220519121134:https://www.pref.ehime.jp/opendata-catalog/dataset/2344/resource/11211/%E6%96%B0%E8%A6%8F%E9%A3%9F%E5%93%81%E5%96%B6%E6%A5%AD%E8%A8%B1%E5%8F%AF%E6%96%BD%E8%A8%AD%EF%BC%88%E4%BB%A4%E5%92%8C3%E5%B9%B412%E6%9C%88%EF%BC%89.xls,ece9e65a9b253ea1099a1c882d3df6e8e3afc6a8011cc610d023756458145712
愛媛県,2021-12,八保第211601005号,2021-12-09,2021-12-09,2026-12-31,⑯ 水産製品製造業,（株）谷本蒲鉾店,八幡浜市,,,,,,new,wayback:20220519121134:https://www.pref.ehime.jp/opendata-catalog/dataset/2344/resource/11211/%E6%96%B0%E8%A6%8F%E9%A3%9F%E5%93%81%E5%96%B6%E6%A5%AD%E8%A8%B1%E5%8F%AF%E6%96%BD%E8%A8%AD%EF%BC%88%E4%BB%A4%E5%92%8C3%E5%B9%B412%E6%9C%88%EF%BC%89.xls,ece9e65a9b253ea1099a1c882d3df6e8e3afc6a8011cc610d023756458145712
愛媛県,2021-12,八保第211601006号,2021-12-20,2021-12-20,2026-12-31,⑯ 水産製品製造業,株式会社宇和島海道　明浜工場,西予市,,,,,,new,wayback:20220519121134:https://www.pref.ehime.jp/opendata-catalog/dataset/2344/resource/11211/%E6%96%B0%E8%A6%8F%E9%A3%9F%E5%93%81%E5%96%B6%E6%A5%AD%E8%A8%B1%E5%8F%AF%E6%96%BD%E8%A8%AD%EF%BC%88%E4%BB%A4%E5%92%8C3%E5%B9%B412%E6%9C%88%EF%BC%89.xls,ece9e65a9b253ea1099a1c882d3df6e8e3afc6a8011cc610d023756458145712
愛媛県,2021-12,八保第211601007号,2021-12-20,2021-12-20,2026-12-31,⑯ 水産製品製造業,八水蒲鉾株式会社　１階,八幡浜市,,,,,,new,wayback:20220519121134:https://www.pref.ehime.jp/opendata-catalog/dataset/2344/resource/11211/%E6%96%B0%E8%A6%8F%E9%A3%9F%E5%93%81%E5%96%B6%E6%A5%AD%E8%A8%B1%E5%8F%AF%E6%96%BD%E8%A8%AD%EF%BC%88%E4%BB%A4%E5%92%8C3%E5%B9%B412%E6%9C%88%EF%BC%89.xls,ece9e65a9b253ea1099a1c882d3df6e8e3afc6a8011cc610d023756458145712
愛媛県,2021-12,八保第211601008号,2021-12-20,2021-12-20,2026-12-31,⑯ 水産製品製造業,八水蒲鉾株式会社　３階,八幡浜市,,,,,,new,wayback:20220519121134:https://www.pref.ehime.jp/opendata-catalog/dataset/2344/resource/11211/%E6%96%B0%E8%A6%8F%E9%A3%9F%E5%93%81%E5%96%B6%E6%A5%AD%E8%A8%B1%E5%8F%AF%E6%96%BD%E8%A8%AD%EF%BC%88%E4%BB%A4%E5%92%8C3%E5%B9%B412%E6%9C%88%EF%BC%89.xls,ece9e65a9b253ea1099a1c882d3df6e8e3afc6a8011cc610d023756458145712
愛媛県,2021-12,八保第212001004号,2021-12-09,2021-12-09,2026-12-31,⑳ みそ又はしょうゆ製造業,明智醤油醸造場,喜多郡内子町,,,,,,new,wayback:20220519121134:https://www.pref.ehime.jp/opendata-catalog/dataset/2344/resource/11211/%E6%96%B0%E8%A6%8F%E9%A3%9F%E5%93%81%E5%96%B6%E6%A5%AD%E8%A8%B1%E5%8F%AF%E6%96%BD%E8%A8%AD%EF%BC%88%E4%BB%A4%E5%92%8C3%E5%B9%B412%E6%9C%88%EF%BC%89.xls,ece9e65a9b253ea1099a1c882d3df6e8e3afc6a8011cc610d023756458145712
愛媛県,2021-12,八保第212101002号,2021-12-23,2021-12-23,2026-12-31,㉑ 酒類製造業,川亀,八幡浜市,,,,,,new,wayback:20220519121134:https://www.pref.ehime.jp/opendata-catalog/dataset/2344/resource/11211/%E6%96%B0%E8%A6%8F%E9%A3%9F%E5%93%81%E5%96%B6%E6%A5%AD%E8%A8%B1%E5%8F%AF%E6%96%BD%E8%A8%AD%EF%BC%88%E4%BB%A4%E5%92%8C3%E5%B9%B412%E6%9C%88%EF%BC%89.xls,ece9e65a9b253ea1099a1c882d3df6e8e3afc6a8011cc610d023756458145712
愛媛県,2021-12,八保第212201003号,2021-12-09,2021-12-09,2026-12-31,㉒ 豆腐製造業,門田食品店,西宇和郡伊方町,,,,,,new,wayback:20220519121134:https://www.pref.ehime.jp/opendata-catalog/dataset/2344/resource/11211/%E6%96%B0%E8%A6%8F%E9%A3%9F%E5%93%81%E5%96%B6%E6%A5%AD%E8%A8%B1%E5%8F%AF%E6%96%BD%E8%A8%AD%EF%BC%88%E4%BB%A4%E5%92%8C3%E5%B9%B412%E6%9C%88%EF%BC%89.xls,ece9e65a9b253ea1099a1c882d3df6e8e3afc6a8011cc610d023756458145712
愛媛県,2021-12,八保第212201004号,2021-12-09,2021-12-09,2026-12-31,㉒ 豆腐製造業,山田商店,喜多郡内子町,,,,,,new,wayback:20220519121134:https://www.pref.ehime.jp/opendata-catalog/dataset/2344/resource/11211/%E6%96%B0%E8%A6%8F%E9%A3%9F%E5%93%81%E5%96%B6%E6%A5%AD%E8%A8%B1%E5%8F%AF%E6%96%BD%E8%A8%AD%EF%BC%88%E4%BB%A4%E5%92%8C3%E5%B9%B412%E6%9C%88%EF%BC%89.xls,ece9e65a9b253ea1099a1c882d3df6e8e3afc6a8011cc610d023756458145712
愛媛県,2021-12,八保第212201005号,2021-12-10,2021-12-10,2026-12-31,㉒ 豆腐製造業,直本豆腐店,大洲市,,,,,,new,wayback:20220519121134:https://www.pref.ehime.jp/opendata-catalog/dataset/2344/resource/11211/%E6%96%B0%E8%A6%8F%E9%A3%9F%E5%93%81%E5%96%B6%E6%A5%AD%E8%A8%B1%E5%8F%AF%E6%96%BD%E8%A8%AD%EF%BC%88%E4%BB%A4%E5%92%8C3%E5%B9%B412%E6%9C%88%EF%BC%89.xls,ece9e65a9b253ea1099a1c882d3df6e8e3afc6a8011cc610d023756458145712
愛媛県,2021-12,八保第212401003号,2021-12-13,2021-12-13,2026-12-31,㉔ 麺類製造業,伊井製麺,西予市,,,,,,new,wayback:20220519121134:https://www.pref.ehime.jp/opendata-catalog/dataset/2344/resource/11211/%E6%96%B0%E8%A6%8F%E9%A3%9F%E5%93%81%E5%96%B6%E6%A5%AD%E8%A8%B1%E5%8F%AF%E6%96%BD%E8%A8%AD%EF%BC%88%E4%BB%A4%E5%92%8C3%E5%B9%B412%E6%9C%88%EF%BC%89.xls,ece9e65a9b253ea1099a1c882d3df6e8e3afc6a8011cc610d023756458145712
愛媛県,2021-12,八保第212501023号,2021-12-09,2021-12-09,2026-12-31,㉕ そうざい製造業,山本亭,八幡浜市,,,,,,new,wayback:20220519121134:https://www.pref.ehime.jp/opendata-catalog/dataset/2344/resource/11211/%E6%96%B0%E8%A6%8F%E9%A3%9F%E5%93%81%E5%96%B6%E6%A5%AD%E8%A8%B1%E5%8F%AF%E6%96%BD%E8%A8%AD%EF%BC%88%E4%BB%A4%E5%92%8C3%E5%B9%B412%E6%9C%88%EF%BC%89.xls,ece9e65a9b253ea1099a1c882d3df6e8e3afc6a8011cc610d023756458145712
愛媛県,2021-12,八保第212501024号,2021-12-10,2021-12-10,2026-12-31,㉕ そうざい製造業,元気屋,大洲市,,,,,,new,wayback:20220519121134:https://www.pref.ehime.jp/opendata-catalog/dataset/2344/resource/11211/%E6%96%B0%E8%A6%8F%E9%A3%9F%E5%93%81%E5%96%B6%E6%A5%AD%E8%A8%B1%E5%8F%AF%E6%96%BD%E8%A8%AD%EF%BC%88%E4%BB%A4%E5%92%8C3%E5%B9%B412%E6%9C%88%EF%BC%89.xls,ece9e65a9b253ea1099a1c882d3df6e8e3afc6a8011cc610d023756458145712
愛媛県,2021-12,八保第212501025号,2021-12-10,2021-12-10,2026-12-31,㉕ そうざい製造業,おおもり,大洲市,,,,,,new,wayback:20220519121134:https://www.pref.ehime.jp/opendata-catalog/dataset/2344/resource/11211/%E6%96%B0%E8%A6%8F%E9%A3%9F%E5%93%81%E5%96%B6%E6%A5%AD%E8%A8%B1%E5%8F%AF%E6%96%BD%E8%A8%AD%EF%BC%88%E4%BB%A4%E5%92%8C3%E5%B9%B412%E6%9C%88%EF%BC%89.xls,ece9e65a9b253ea1099a1c882d3df6e8e3afc6a8011cc610d023756458145712
愛媛県,2021-12,八保第212501026号,2021-12-13,2021-12-13,2026-12-31,㉕ そうざい製造業,樋口米店,西予市,,,,,,new,wayback:20220519121134:https://www.pref.ehime.jp/opendata-catalog/dataset/2344/resource/11211/%E6%96%B0%E8%A6%8F%E9%A3%9F%E5%93%81%E5%96%B6%E6%A5%AD%E8%A8%B1%E5%8F%AF%E6%96%BD%E8%A8%AD%EF%BC%88%E4%BB%A4%E5%92%8C3%E5%B9%B412%E6%9C%88%EF%BC%89.xls,ece9e65a9b253ea1099a1c882d3df6e8e3afc6a8011cc610d023756458145712
愛媛県,2021-12,八保第212501027号,2021-12-15,2021-12-15,2026-12-31,㉕ そうざい製造業,ビストロ　サンマルシェ,大洲市,,,,,,new,wayback:20220519121134:https://www.pref.ehime.jp/opendata-catalog/dataset/2344/resource/11211/%E6%96%B0%E8%A6%8F%E9%A3%9F%E5%93%81%E5%96%B6%E6%A5%AD%E8%A8%B1%E5%8F%AF%E6%96%BD%E8%A8%AD%EF%BC%88%E4%BB%A4%E5%92%8C3%E5%B9%B412%E6%9C%88%EF%BC%89.xls,ece9e65a9b253ea1099a1c882d3df6e8e3afc6a8011cc610d023756458145712
愛媛県,2021-12,八保第213001005号,2021-12-09,2021-12-09,2026-12-31,㉚ 密封包装食品製造業,ふるさと創生館,西予市,,,,,,new,wayback:20220519121134:https://www.pref.ehime.jp/opendata-catalog/dataset/2344/resource/11211/%E6%96%B0%E8%A6%8F%E9%A3%9F%E5%93%81%E5%96%B6%E6%A5%AD%E8%A8%B1%E5%8F%AF%E6%96%BD%E8%A8%AD%EF%BC%88%E4%BB%A4%E5%92%8C3%E5%B9%B412%E6%9C%88%EF%BC%89.xls,ece9e65a9b253ea1099a1c882d3df6e8e3afc6a8011cc610d023756458145712
愛媛県,2021-12,八保第213001006号,2021-12-09,2021-12-09,2026-12-31,㉚ 密封包装食品製造業,森文醸造株式会社,喜多郡内子町,,,,,,new,wayback:20220519121134:https://www.pref.ehime.jp/opendata-catalog/dataset/2344/resource/11211/%E6%96%B0%E8%A6%8F%E9%A3%9F%E5%93%81%E5%96%B6%E6%A5%AD%E8%A8%B1%E5%8F%AF%E6%96%BD%E8%A8%AD%EF%BC%88%E4%BB%A4%E5%92%8C3%E5%B9%B412%E6%9C%88%EF%BC%89.xls,ece9e65a9b253ea1099a1c882d3df6e8e3afc6a8011cc610d023756458145712
