source_authority,source_snapshot_date,permit_number,initial_permit_date,permit_date,permit_expiry_date,business_type,facility_name,facility_address,municipality_code,town_id,latitude,longitude,application_type,record_scope,source_url,source_sha256
愛媛県,2022-03,中局生第210111014号,2022-03-24,2022-03-24,2027-03-31,① 飲食店営業,ファーマーズマーケット　いよっこら横丁　一丁目店,伊予市,,,,,,new,wayback:20220519121155:https://www.pref.ehime.jp/opendata-catalog/dataset/2344/resource/11680/%E6%96%B0%E8%A6%8F%E9%A3%9F%E5%93%81%E5%96%B6%E6%A5%AD%E8%A8%B1%E5%8F%AF%E6%96%BD%E8%A8%AD%EF%BC%88%E4%BB%A4%E5%92%8C4%E5%B9%B43%E6%9C%88%EF%BC%89.xls,3661491ad687aa266462b723876a1b3a689e62438acb13403311baa7901e8255
愛媛県,2022-03,中局生第210111015号,2022-03-24,2022-03-24,2027-03-31,① 飲食店営業,ファーマーズマーケット　いよっこら横丁　二丁目店,伊予市,,,,,,new,wayback:20220519121155:https://www.pref.ehime.jp/opendata-catalog/dataset/2344/resource/11680/%E6%96%B0%E8%A6%8F%E9%A3%9F%E5%93%81%E5%96%B6%E6%A5%AD%E8%A8%B1%E5%8F%AF%E6%96%BD%E8%A8%AD%EF%BC%88%E4%BB%A4%E5%92%8C4%E5%B9%B43%E6%9C%88%EF%BC%89.xls,3661491ad687aa266462b723876a1b3a689e62438acb13403311baa7901e8255
愛媛県,2022-03,中局生第210111016号,2022-03-28,2022-03-28,2027-03-31,① 飲食店営業,JERK,東温市,,,,,,new,wayback:20220519121155:https://www.pref.ehime.jp/opendata-catalog/dataset/2344/resource/11680/%E6%96%B0%E8%A6%8F%E9%A3%9F%E5%93%81%E5%96%B6%E6%A5%AD%E8%A8%B1%E5%8F%AF%E6%96%BD%E8%A8%AD%EF%BC%88%E4%BB%A4%E5%92%8C4%E5%B9%B43%E6%9C%88%EF%BC%89.xls,3661491ad687aa266462b723876a1b3a689e62438acb13403311baa7901e8255
愛媛県,2022-03,中局生第210121156号,2022-03-02,2022-03-02,2027-03-31,① 飲食店営業,ローソン東温南方店,東温市,,,,,,new,wayback:20220519121155:https://www.pref.ehime.jp/opendata-catalog/dataset/2344/resource/11680/%E6%96%B0%E8%A6%8F%E9%A3%9F%E5%93%81%E5%96%B6%E6%A5%AD%E8%A8%B1%E5%8F%AF%E6%96%BD%E8%A8%AD%EF%BC%88%E4%BB%A4%E5%92%8C4%E5%B9%B43%E6%9C%88%EF%BC%89.xls,3661491ad687aa266462b723876a1b3a689e62438acb13403311baa7901e8255
愛媛県,2022-03,中局生第210121158号,2022-03-09,2022-03-09,2027-03-31,① 飲食店営業,セブンーイレブン伊予下吾川東店,伊予市,,,,,,new,wayback:20220519121155:https://www.pref.ehime.jp/opendata-catalog/dataset/2344/resource/11680/%E6%96%B0%E8%A6%8F%E9%A3%9F%E5%93%81%E5%96%B6%E6%A5%AD%E8%A8%B1%E5%8F%AF%E6%96%BD%E8%A8%AD%EF%BC%88%E4%BB%A4%E5%92%8C4%E5%B9%B43%E6%9C%88%EF%BC%89.xls,3661491ad687aa266462b723876a1b3a689e62438acb13403311baa7901e8255
愛媛県,2022-03,中局生第210121159号,2022-03-07,2022-03-07,2027-03-31,① 飲食店営業,伊予灘ものがたり企画室（キロ185-1401、キロ186-1402、キロ185-1403）,伊予市,,,,,,new,wayback:20220519121155:https://www.pref.ehime.jp/opendata-catalog/dataset/2344/resource/11680/%E6%96%B0%E8%A6%8F%E9%A3%9F%E5%93%81%E5%96%B6%E6%A5%AD%E8%A8%B1%E5%8F%AF%E6%96%BD%E8%A8%AD%EF%BC%88%E4%BB%A4%E5%92%8C4%E5%B9%B43%E6%9C%88%EF%BC%89.xls,3661491ad687aa266462b723876a1b3a689e62438acb13403311baa7901e8255
愛媛県,2022-03,中局生第210121160号,2022-03-14,2022-03-14,2027-03-31,① 飲食店営業,デイサービスセンター　あ・ベンチ,東温市,,,,,,new,wayback:20220519121155:https://www.pref.ehime.jp/opendata-catalog/dataset/2344/resource/11680/%E6%96%B0%E8%A6%8F%E9%A3%9F%E5%93%81%E5%96%B6%E6%A5%AD%E8%A8%B1%E5%8F%AF%E6%96%BD%E8%A8%AD%EF%BC%88%E4%BB%A4%E5%92%8C4%E5%B9%B43%E6%9C%88%EF%BC%89.xls,3661491ad687aa266462b723876a1b3a689e62438acb13403311baa7901e8255
愛媛県,2022-03,中局生第210121161号,2022-03-16,2022-03-16,2027-03-31,① 飲食店営業,松前町立学校給食センター,伊予郡松前町,,,,,,new,wayback:20220519121155:https://www.pref.ehime.jp/opendata-catalog/dataset/2344/resource/11680/%E6%96%B0%E8%A6%8F%E9%A3%9F%E5%93%81%E5%96%B6%E6%A5%AD%E8%A8%B1%E5%8F%AF%E6%96%BD%E8%A8%AD%EF%BC%88%E4%BB%A4%E5%92%8C4%E5%B9%B43%E6%9C%88%EF%BC%89.xls,3661491ad687aa266462b723876a1b3a689e62438acb13403311baa7901e8255
愛媛県,2022-03,中局生第210121163号,2022-03-04,2022-03-04,2027-03-31,① 飲食店営業,マイキムチ＆コリアンデリ　hanari,伊予郡松前町,,,,,,new,wayback:20220519121155:https://www.pref.ehime.jp/opendata-catalog/dataset/2344/resource/11680/%E6%96%B0%E8%A6%8F%E9%A3%9F%E5%93%81%E5%96%B6%E6%A5%AD%E8%A8%B1%E5%8F%AF%E6%96%BD%E8%A8%AD%EF%BC%88%E4%BB%A4%E5%92%8C4%E5%B9%B43%E6%9C%88%EF%BC%89.xls,3661491ad687aa266462b723876a1b3a689e62438acb13403311baa7901e8255
愛媛県,2022-03,中局生第210121164号,2022-03-10,2022-03-10,2027-03-31,① 飲食店営業,スナックバー　Arch,伊予市,,,,,,new,wayback:20220519121155:https://www.pref.ehime.jp/opendata-catalog/dataset/2344/resource/11680/%E6%96%B0%E8%A6%8F%E9%A3%9F%E5%93%81%E5%96%B6%E6%A5%AD%E8%A8%B1%E5%8F%AF%E6%96%BD%E8%A8%AD%EF%BC%88%E4%BB%A4%E5%92%8C4%E5%B9%B43%E6%9C%88%EF%BC%89.xls,3661491ad687aa266462b723876a1b3a689e62438acb13403311baa7901e8255
愛媛県,2022-03,中局生第210121165号,2022-03-08,2022-03-08,2027-03-31,① 飲食店営業,サーティワンアイスクリーム重信フジグラン店,東温市,,,,,,new,wayback:20220519121155:https://www.pref.ehime.jp/opendata-catalog/dataset/2344/resource/11680/%E6%96%B0%E8%A6%8F%E9%A3%9F%E5%93%81%E5%96%B6%E6%A5%AD%E8%A8%B1%E5%8F%AF%E6%96%BD%E8%A8%AD%EF%BC%88%E4%BB%A4%E5%92%8C4%E5%B9%B43%E6%9C%88%EF%BC%89.xls,3661491ad687aa266462b723876a1b3a689e62438acb13403311baa7901e8255
愛媛県,2022-03,中局生第210121166号,2022-03-07,2022-03-07,2027-03-31,① 飲食店営業,休憩室Y．S,東温市,,,,,,new,wayback:20220519121155:https://www.pref.ehime.jp/opendata-catalog/dataset/2344/resource/11680/%E6%96%B0%E8%A6%8F%E9%A3%9F%E5%93%81%E5%96%B6%E6%A5%AD%E8%A8%B1%E5%8F%AF%E6%96%BD%E8%A8%AD%EF%BC%88%E4%BB%A4%E5%92%8C4%E5%B9%B43%E6%9C%88%EF%BC%89.xls,3661491ad687aa266462b723876a1b3a689e62438acb13403311baa7901e8255
愛媛県,2022-03,中局生第210121167号,2022-03-01,2022-03-01,2027-03-31,① 飲食店営業,courircourir,伊予郡砥部町,,,,,,new,wayback:20220519121155:https://www.pref.ehime.jp/opendata-catalog/dataset/2344/resource/11680/%E6%96%B0%E8%A6%8F%E9%A3%9F%E5%93%81%E5%96%B6%E6%A5%AD%E8%A8%B1%E5%8F%AF%E6%96%BD%E8%A8%AD%EF%BC%88%E4%BB%A4%E5%92%8C4%E5%B9%B43%E6%9C%88%EF%BC%89.xls,3661491ad687aa266462b723876a1b3a689e62438acb13403311baa7901e8255
愛媛県,2022-03,中局生第210121168号,2022-03-02,2022-03-02,2027-03-31,① 飲食店営業,久万青銅之廻廊,上浮穴郡久万高原町,,,,,,new,wayback:20220519121155:https://www.pref.ehime.jp/opendata-catalog/dataset/2344/resource/11680/%E6%96%B0%E8%A6%8F%E9%A3%9F%E5%93%81%E5%96%B6%E6%A5%AD%E8%A8%B1%E5%8F%AF%E6%96%BD%E8%A8%AD%EF%BC%88%E4%BB%A4%E5%92%8C4%E5%B9%B43%E6%9C%88%EF%BC%89.xls,3661491ad687aa266462b723876a1b3a689e62438acb13403311baa7901e8255
愛媛県,2022-03,中局生第210121169号,2022-03-03,2022-03-03,2027-03-31,① 飲食店営業,やきとりぼるが,東温市,,,,,,new,wayback:20220519121155:https://www.pref.ehime.jp/opendata-catalog/dataset/2344/resource/11680/%E6%96%B0%E8%A6%8F%E9%A3%9F%E5%93%81%E5%96%B6%E6%A5%AD%E8%A8%B1%E5%8F%AF%E6%96%BD%E8%A8%AD%EF%BC%88%E4%BB%A4%E5%92%8C4%E5%B9%B43%E6%9C%88%EF%BC%89.xls,3661491ad687aa266462b723876a1b3a689e62438acb13403311baa7901e8255
愛媛県,2022-03,中局生第210121170号,2022-03-03,2022-03-03,2027-03-31,① 飲食店営業,フードコート重信店　アニー,東温市,,,,,,new,wayback:20220519121155:https://www.pref.ehime.jp/opendata-catalog/dataset/2344/resource/11680/%E6%96%B0%E8%A6%8F%E9%A3%9F%E5%93%81%E5%96%B6%E6%A5%AD%E8%A8%B1%E5%8F%AF%E6%96%BD%E8%A8%AD%EF%BC%88%E4%BB%A4%E5%92%8C4%E5%B9%B43%E6%9C%88%EF%BC%89.xls,3661491ad687aa266462b723876a1b3a689e62438acb13403311baa7901e8255
愛媛県,2022-03,中局生第210121171号,2022-03-03,2022-03-03,2027-03-31,① 飲食店営業,ぼたん茶屋,東温市,,,,,,new,wayback:20220519121155:https://www.pref.ehime.jp/opendata-catalog/dataset/2344/resource/11680/%E6%96%B0%E8%A6%8F%E9%A3%9F%E5%93%81%E5%96%B6%E6%A5%AD%E8%A8%B1%E5%8F%AF%E6%96%BD%E8%A8%AD%EF%BC%88%E4%BB%A4%E5%92%8C4%E5%B9%B43%E6%9C%88%EF%BC%89.xls,3661491ad687aa266462b723876a1b3a689e62438acb13403311baa7901e8255
愛媛県,2022-03,中局生第210121172号,2022-03-09,2022-03-09,2027-03-31,① 飲食店営業,カフェレストちぐさ,伊予市,,,,,,new,wayback:20220519121155:https://www.pref.ehime.jp/opendata-catalog/dataset/2344/resource/11680/%E6%96%B0%E8%A6%8F%E9%A3%9F%E5%93%81%E5%96%B6%E6%A5%AD%E8%A8%B1%E5%8F%AF%E6%96%BD%E8%A8%AD%EF%BC%88%E4%BB%A4%E5%92%8C4%E5%B9%B43%E6%9C%88%EF%BC%89.xls,3661491ad687aa266462b723876a1b3a689e62438acb13403311baa7901e8255
愛媛県,2022-03,中局生第210121173号,2022-03-09,2022-03-09,2027-03-31,① 飲食店営業,森忠,伊予市,,,,,,new,wayback:20220519121155:https://www.pref.ehime.jp/opendata-catalog/dataset/2344/resource/11680/%E6%96%B0%E8%A6%8F%E9%A3%9F%E5%93%81%E5%96%B6%E6%A5%AD%E8%A8%B1%E5%8F%AF%E6%96%BD%E8%A8%AD%EF%BC%88%E4%BB%A4%E5%92%8C4%E5%B9%B43%E6%9C%88%EF%BC%89.xls,3661491ad687aa266462b723876a1b3a689e62438acb13403311baa7901e8255
愛媛県,2022-03,中局生第210121174号,2022-03-10,2022-03-10,2027-03-31,① 飲食店営業,伊予市なかやま交流促進センター花の森ホテル,伊予市,,,,,,new,wayback:20220519121155:https://www.pref.ehime.jp/opendata-catalog/dataset/2344/resource/11680/%E6%96%B0%E8%A6%8F%E9%A3%9F%E5%93%81%E5%96%B6%E6%A5%AD%E8%A8%B1%E5%8F%AF%E6%96%BD%E8%A8%AD%EF%BC%88%E4%BB%A4%E5%92%8C4%E5%B9%B43%E6%9C%88%EF%BC%89.xls,3661491ad687aa266462b723876a1b3a689e62438acb13403311baa7901e8255
愛媛県,2022-03,中局生第210121175号,2022-03-10,2022-03-10,2027-03-31,① 飲食店営業,ファーマーズマーケット　いよっこら　カフェ,伊予市,,,,,,new,wayback:20220519121155:https://www.pref.ehime.jp/opendata-catalog/dataset/2344/resource/11680/%E6%96%B0%E8%A6%8F%E9%A3%9F%E5%93%81%E5%96%B6%E6%A5%AD%E8%A8%B1%E5%8F%AF%E6%96%BD%E8%A8%AD%EF%BC%88%E4%BB%A4%E5%92%8C4%E5%B9%B43%E6%9C%88%EF%BC%89.xls,3661491ad687aa266462b723876a1b3a689e62438acb13403311baa7901e8255
愛媛県,2022-03,中局生第210121176号,2022-03-09,2022-03-09,2027-03-31,① 飲食店営業,伊予くじら認定こども園,伊予市,,,,,,new,wayback:20220519121155:https://www.pref.ehime.jp/opendata-catalog/dataset/2344/resource/11680/%E6%96%B0%E8%A6%8F%E9%A3%9F%E5%93%81%E5%96%B6%E6%A5%AD%E8%A8%B1%E5%8F%AF%E6%96%BD%E8%A8%AD%EF%BC%88%E4%BB%A4%E5%92%8C4%E5%B9%B43%E6%9C%88%EF%BC%89.xls,3661491ad687aa266462b723876a1b3a689e62438acb13403311baa7901e8255
愛媛県,2022-03,中局生第210121177号,2022-03-04,2022-03-04,2027-03-31,① 飲食店営業,まごころ弁当　松山中央店,伊予郡松前町,,,,,,new,wayback:20220519121155:https://www.pref.ehime.jp/opendata-catalog/dataset/2344/resource/11680/%E6%96%B0%E8%A6%8F%E9%A3%9F%E5%93%81%E5%96%B6%E6%A5%AD%E8%A8%B1%E5%8F%AF%E6%96%BD%E8%A8%AD%EF%BC%88%E4%BB%A4%E5%92%8C4%E5%B9%B43%E6%9C%88%EF%BC%89.xls,3661491ad687aa266462b723876a1b3a689e62438acb13403311baa7901e8255
愛媛県,2022-03,中局生第210121178号,2022-03-04,2022-03-04,2027-03-31,① 飲食店営業,松前町総合福祉センター,伊予郡松前町,,,,,,new,wayback:20220519121155:https://www.pref.ehime.jp/opendata-catalog/dataset/2344/resource/11680/%E6%96%B0%E8%A6%8F%E9%A3%9F%E5%93%81%E5%96%B6%E6%A5%AD%E8%A8%B1%E5%8F%AF%E6%96%BD%E8%A8%AD%EF%BC%88%E4%BB%A4%E5%92%8C4%E5%B9%B43%E6%9C%88%EF%BC%89.xls,3661491ad687aa266462b723876a1b3a689e62438acb13403311baa7901e8255
愛媛県,2022-03,中局生第210121179号,2022-03-04,2022-03-04,2027-03-31,① 飲食店営業,おも屋,伊予郡松前町,,,,,,new,wayback:20220519121155:https://www.pref.ehime.jp/opendata-catalog/dataset/2344/resource/11680/%E6%96%B0%E8%A6%8F%E9%A3%9F%E5%93%81%E5%96%B6%E6%A5%AD%E8%A8%B1%E5%8F%AF%E6%96%BD%E8%A8%AD%EF%BC%88%E4%BB%A4%E5%92%8C4%E5%B9%B43%E6%9C%88%EF%BC%89.xls,3661491ad687aa266462b723876a1b3a689e62438acb13403311baa7901e8255
愛媛県,2022-03,中局生第210121180号,2022-03-04,2022-03-04,2027-03-31,① 飲食店営業,はしもと農園,伊予郡松前町,,,,,,new,wayback:20220519121155:https://www.pref.ehime.jp/opendata-catalog/dataset/2344/resource/11680/%E6%96%B0%E8%A6%8F%E9%A3%9F%E5%93%81%E5%96%B6%E6%A5%AD%E8%A8%B1%E5%8F%AF%E6%96%BD%E8%A8%AD%EF%BC%88%E4%BB%A4%E5%92%8C4%E5%B9%B43%E6%9C%88%EF%BC%89.xls,3661491ad687aa266462b723876a1b3a689e62438acb13403311baa7901e8255
愛媛県,2022-03,中局生第210121181号,2022-03-22,2022-03-22,2027-03-31,① 飲食店営業,日清医療食品株式会社　希望の館事業所,東温市,,,,,,new,wayback:20220519121155:https://www.pref.ehime.jp/opendata-catalog/dataset/2344/resource/11680/%E6%96%B0%E8%A6%8F%E9%A3%9F%E5%93%81%E5%96%B6%E6%A5%AD%E8%A8%B1%E5%8F%AF%E6%96%BD%E8%A8%AD%EF%BC%88%E4%BB%A4%E5%92%8C4%E5%B9%B43%E6%9C%88%EF%BC%89.xls,3661491ad687aa266462b723876a1b3a689e62438acb13403311baa7901e8255
愛媛県,2022-03,中局生第210121182号,2022-03-10,2022-03-10,2027-03-31,① 飲食店営業,Jupiter,伊予郡松前町,,,,,,new,wayback:20220519121155:https://www.pref.ehime.jp/opendata-catalog/dataset/2344/resource/11680/%E6%96%B0%E8%A6%8F%E9%A3%9F%E5%93%81%E5%96%B6%E6%A5%AD%E8%A8%B1%E5%8F%AF%E6%96%BD%E8%A8%AD%EF%BC%88%E4%BB%A4%E5%92%8C4%E5%B9%B43%E6%9C%88%EF%BC%89.xls,3661491ad687aa266462b723876a1b3a689e62438acb13403311baa7901e8255
愛媛県,2022-03,中局生第210121183号,2022-03-22,2022-03-22,2027-03-31,① 飲食店営業,築地銀だこ　フジグラン重信店,東温市,,,,,,new,wayback:20220519121155:https://www.pref.ehime.jp/opendata-catalog/dataset/2344/resource/11680/%E6%96%B0%E8%A6%8F%E9%A3%9F%E5%93%81%E5%96%B6%E6%A5%AD%E8%A8%B1%E5%8F%AF%E6%96%BD%E8%A8%AD%EF%BC%88%E4%BB%A4%E5%92%8C4%E5%B9%B43%E6%9C%88%EF%BC%89.xls,3661491ad687aa266462b723876a1b3a689e62438acb13403311baa7901e8255
愛媛県,2022-03,中局生第210121184号,2022-03-16,2022-03-16,2027-03-31,① 飲食店営業,サッポロラーメン八倉店,伊予郡砥部町,,,,,,new,wayback:20220519121155:https://www.pref.ehime.jp/opendata-catalog/dataset/2344/resource/11680/%E6%96%B0%E8%A6%8F%E9%A3%9F%E5%93%81%E5%96%B6%E6%A5%AD%E8%A8%B1%E5%8F%AF%E6%96%BD%E8%A8%AD%EF%BC%88%E4%BB%A4%E5%92%8C4%E5%B9%B43%E6%9C%88%EF%BC%89.xls,3661491ad687aa266462b723876a1b3a689e62438acb13403311baa7901e8255
愛媛県,2022-03,中局生第210121185号,2022-03-23,2022-03-23,2027-03-31,① 飲食店営業,愛媛県立子ども療育センター,東温市,,,,,,new,wayback:20220519121155:https://www.pref.ehime.jp/opendata-catalog/dataset/2344/resource/11680/%E6%96%B0%E8%A6%8F%E9%A3%9F%E5%93%81%E5%96%B6%E6%A5%AD%E8%A8%B1%E5%8F%AF%E6%96%BD%E8%A8%AD%EF%BC%88%E4%BB%A4%E5%92%8C4%E5%B9%B43%E6%9C%88%EF%BC%89.xls,3661491ad687aa266462b723876a1b3a689e62438acb13403311baa7901e8255
愛媛県,2022-03,中局生第210201006号,2022-03-16,2022-03-16,2027-03-31,② 調理機能を有する自動販売機（要許可）,とべ動物園ふれあい売店,伊予郡砥部町,,,,,,new,wayback:20220519121155:https://www.pref.ehime.jp/opendata-catalog/dataset/2344/resource/11680/%E6%96%B0%E8%A6%8F%E9%A3%9F%E5%93%81%E5%96%B6%E6%A5%AD%E8%A8%B1%E5%8F%AF%E6%96%BD%E8%A8%AD%EF%BC%88%E4%BB%A4%E5%92%8C4%E5%B9%B43%E6%9C%88%EF%BC%89.xls,3661491ad687aa266462b723876a1b3a689e62438acb13403311baa7901e8255
愛媛県,2022-03,中局生第210201007号,2022-03-23,2022-03-23,2027-03-31,② 調理機能を有する自動販売機（要許可）,株式会社フジ フジグラン重信 食品館検収口,東温市,,,,,,new,wayback:20220519121155:https://www.pref.ehime.jp/opendata-catalog/dataset/2344/resource/11680/%E6%96%B0%E8%A6%8F%E9%A3%9F%E5%93%81%E5%96%B6%E6%A5%AD%E8%A8%B1%E5%8F%AF%E6%96%BD%E8%A8%AD%EF%BC%88%E4%BB%A4%E5%92%8C4%E5%B9%B43%E6%9C%88%EF%BC%89.xls,3661491ad687aa266462b723876a1b3a689e62438acb13403311baa7901e8255
愛媛県,2022-03,中局生第210201008号,2022-03-23,2022-03-23,2027-03-31,② 調理機能を有する自動販売機（要許可）,株式会社フジ フジグラン重信 食品館１階外軒下,東温市,,,,,,new,wayback:20220519121155:https://www.pref.ehime.jp/opendata-catalog/dataset/2344/resource/11680/%E6%96%B0%E8%A6%8F%E9%A3%9F%E5%93%81%E5%96%B6%E6%A5%AD%E8%A8%B1%E5%8F%AF%E6%96%BD%E8%A8%AD%EF%BC%88%E4%BB%A4%E5%92%8C4%E5%B9%B43%E6%9C%88%EF%BC%89.xls,3661491ad687aa266462b723876a1b3a689e62438acb13403311baa7901e8255
愛媛県,2022-03,中局生第210301012号,2022-03-03,2022-03-03,2027-03-31,③ 食肉販売業,フジグラン重信（精肉）,東温市,,,,,,new,wayback:20220519121155:https://www.pref.ehime.jp/opendata-catalog/dataset/2344/resource/11680/%E6%96%B0%E8%A6%8F%E9%A3%9F%E5%93%81%E5%96%B6%E6%A5%AD%E8%A8%B1%E5%8F%AF%E6%96%BD%E8%A8%AD%EF%BC%88%E4%BB%A4%E5%92%8C4%E5%B9%B43%E6%9C%88%EF%BC%89.xls,3661491ad687aa266462b723876a1b3a689e62438acb13403311baa7901e8255
愛媛県,2022-03,中局生第210401014号,2022-03-10,2022-03-10,2027-03-31,④ 魚介類販売業,合資会社吉井鮮魚,伊予市,,,,,,new,wayback:20220519121155:https://www.pref.ehime.jp/opendata-catalog/dataset/2344/resource/11680/%E6%96%B0%E8%A6%8F%E9%A3%9F%E5%93%81%E5%96%B6%E6%A5%AD%E8%A8%B1%E5%8F%AF%E6%96%BD%E8%A8%AD%EF%BC%88%E4%BB%A4%E5%92%8C4%E5%B9%B43%E6%9C%88%EF%BC%89.xls,3661491ad687aa266462b723876a1b3a689e62438acb13403311baa7901e8255
愛媛県,2022-03,中局生第210401015号,2022-03-04,2022-03-04,2027-03-31,④ 魚介類販売業,中尾鮮魚,伊予市,,,,,,new,wayback:20220519121155:https://www.pref.ehime.jp/opendata-catalog/dataset/2344/resource/11680/%E6%96%B0%E8%A6%8F%E9%A3%9F%E5%93%81%E5%96%B6%E6%A5%AD%E8%A8%B1%E5%8F%AF%E6%96%BD%E8%A8%AD%EF%BC%88%E4%BB%A4%E5%92%8C4%E5%B9%B43%E6%9C%88%EF%BC%89.xls,3661491ad687aa266462b723876a1b3a689e62438acb13403311baa7901e8255
愛媛県,2022-03,中局生第210401016号,2022-03-22,2022-03-22,2027-03-31,④ 魚介類販売業,相原鮮魚,伊予郡松前町,,,,,,new,wayback:20220519121155:https://www.pref.ehime.jp/opendata-catalog/dataset/2344/resource/11680/%E6%96%B0%E8%A6%8F%E9%A3%9F%E5%93%81%E5%96%B6%E6%A5%AD%E8%A8%B1%E5%8F%AF%E6%96%BD%E8%A8%AD%EF%BC%88%E4%BB%A4%E5%92%8C4%E5%B9%B43%E6%9C%88%EF%BC%89.xls,3661491ad687aa266462b723876a1b3a689e62438acb13403311baa7901e8255
愛媛県,2022-03,中局生第210901001号,2022-03-09,2022-03-09,2027-03-31,⑨ 食肉処理業,株式会社岩崎冷販,伊予市,,,,,,new,wayback:20220519121155:https://www.pref.ehime.jp/opendata-catalog/dataset/2344/resource/11680/%E6%96%B0%E8%A6%8F%E9%A3%9F%E5%93%81%E5%96%B6%E6%A5%AD%E8%A8%B1%E5%8F%AF%E6%96%BD%E8%A8%AD%EF%BC%88%E4%BB%A4%E5%92%8C4%E5%B9%B43%E6%9C%88%EF%BC%89.xls,3661491ad687aa266462b723876a1b3a689e62438acb13403311baa7901e8255
愛媛県,2022-03,中局生第211101040号,2022-03-16,2022-03-16,2027-03-31,⑪ 菓子製造業,シャトレーゼ松前店,伊予郡松前町,,,,,,new,wayback:20220519121155:https://www.pref.ehime.jp/opendata-catalog/dataset/2344/resource/11680/%E6%96%B0%E8%A6%8F%E9%A3%9F%E5%93%81%E5%96%B6%E6%A5%AD%E8%A8%B1%E5%8F%AF%E6%96%BD%E8%A8%AD%EF%BC%88%E4%BB%A4%E5%92%8C4%E5%B9%B43%E6%9C%88%EF%BC%89.xls,3661491ad687aa266462b723876a1b3a689e62438acb13403311baa7901e8255
愛媛県,2022-03,中局生第211101043号,2022-03-24,2022-03-24,2027-03-31,⑪ 菓子製造業,有限会社石田製餡所　伊予工場,伊予市,,,,,,new,wayback:20220519121155:https://www.pref.ehime.jp/opendata-catalog/dataset/2344/resource/11680/%E6%96%B0%E8%A6%8F%E9%A3%9F%E5%93%81%E5%96%B6%E6%A5%AD%E8%A8%B1%E5%8F%AF%E6%96%BD%E8%A8%AD%EF%BC%88%E4%BB%A4%E5%92%8C4%E5%B9%B43%E6%9C%88%EF%BC%89.xls,3661491ad687aa266462b723876a1b3a689e62438acb13403311baa7901e8255
愛媛県,2022-03,中局生第211101044号,2022-03-09,2022-03-09,2027-03-31,⑪ 菓子製造業,株式会社世起,伊予郡松前町,,,,,,new,wayback:20220519121155:https://www.pref.ehime.jp/opendata-catalog/dataset/2344/resource/11680/%E6%96%B0%E8%A6%8F%E9%A3%9F%E5%93%81%E5%96%B6%E6%A5%AD%E8%A8%B1%E5%8F%AF%E6%96%BD%E8%A8%AD%EF%BC%88%E4%BB%A4%E5%92%8C4%E5%B9%B43%E6%9C%88%EF%BC%89.xls,3661491ad687aa266462b723876a1b3a689e62438acb13403311baa7901e8255
愛媛県,2022-03,中局生第211101045号,2022-03-14,2022-03-14,2027-03-31,⑪ 菓子製造業,Boulangerie　Maison　つじ,東温市,,,,,,new,wayback:20220519121155:https://www.pref.ehime.jp/opendata-catalog/dataset/2344/resource/11680/%E6%96%B0%E8%A6%8F%E9%A3%9F%E5%93%81%E5%96%B6%E6%A5%AD%E8%A8%B1%E5%8F%AF%E6%96%BD%E8%A8%AD%EF%BC%88%E4%BB%A4%E5%92%8C4%E5%B9%B43%E6%9C%88%EF%BC%89.xls,3661491ad687aa266462b723876a1b3a689e62438acb13403311baa7901e8255
愛媛県,2022-03,中局生第211101046号,2022-03-14,2022-03-14,2027-03-31,⑪ 菓子製造業,Locanda del Cuore,東温市,,,,,,new,wayback:20220519121155:https://www.pref.ehime.jp/opendata-catalog/dataset/2344/resource/11680/%E6%96%B0%E8%A6%8F%E9%A3%9F%E5%93%81%E5%96%B6%E6%A5%AD%E8%A8%B1%E5%8F%AF%E6%96%BD%E8%A8%AD%EF%BC%88%E4%BB%A4%E5%92%8C4%E5%B9%B43%E6%9C%88%EF%BC%89.xls,3661491ad687aa266462b723876a1b3a689e62438acb13403311baa7901e8255
愛媛県,2022-03,中局生第211201002号,2022-03-17,2022-03-17,2028-03-31,⑫ アイスクリーム類製造業,サンタ株式会社,伊予郡松前町,,,,,,new,wayback:20220519121155:https://www.pref.ehime.jp/opendata-catalog/dataset/2344/resource/11680/%E6%96%B0%E8%A6%8F%E9%A3%9F%E5%93%81%E5%96%B6%E6%A5%AD%E8%A8%B1%E5%8F%AF%E6%96%BD%E8%A8%AD%EF%BC%88%E4%BB%A4%E5%92%8C4%E5%B9%B43%E6%9C%88%EF%BC%89.xls,3661491ad687aa266462b723876a1b3a689e62438acb13403311baa7901e8255
愛媛県,2022-03,中局生第211601004号,2022-03-14,2022-03-14,2027-03-31,⑯ 水産製品製造業,株式会社愛媛玄人海風土,伊予郡松前町,,,,,,new,wayback:20220519121155:https://www.pref.ehime.jp/opendata-catalog/dataset/2344/resource/11680/%E6%96%B0%E8%A6%8F%E9%A3%9F%E5%93%81%E5%96%B6%E6%A5%AD%E8%A8%B1%E5%8F%AF%E6%96%BD%E8%A8%AD%EF%BC%88%E4%BB%A4%E5%92%8C4%E5%B9%B43%E6%9C%88%EF%BC%89.xls,3661491ad687aa266462b723876a1b3a689e62438acb13403311baa7901e8255
愛媛県,2022-03,中局生第211601005号,2022-03-10,2022-03-10,2027-03-31,⑯ 水産製品製造業,武正蒲鉾店,伊予市,,,,,,new,wayback:20220519121155:https://www.pref.ehime.jp/opendata-catalog/dataset/2344/resource/11680/%E6%96%B0%E8%A6%8F%E9%A3%9F%E5%93%81%E5%96%B6%E6%A5%AD%E8%A8%B1%E5%8F%AF%E6%96%BD%E8%A8%AD%EF%BC%88%E4%BB%A4%E5%92%8C4%E5%B9%B43%E6%9C%88%EF%BC%89.xls,3661491ad687aa266462b723876a1b3a689e62438acb13403311baa7901e8255
愛媛県,2022-03,中局生第211601006号,2022-03-16,2022-03-16,2027-03-31,⑯ 水産製品製造業,ヤマキ株式会社　本社工場　事務所棟,伊予市,,,,,,new,wayback:20220519121155:https://www.pref.ehime.jp/opendata-catalog/dataset/2344/resource/11680/%E6%96%B0%E8%A6%8F%E9%A3%9F%E5%93%81%E5%96%B6%E6%A5%AD%E8%A8%B1%E5%8F%AF%E6%96%BD%E8%A8%AD%EF%BC%88%E4%BB%A4%E5%92%8C4%E5%B9%B43%E6%9C%88%EF%BC%89.xls,3661491ad687aa266462b723876a1b3a689e62438acb13403311baa7901e8255
愛媛県,2022-03,中局生第211601007号,2022-03-24,2022-03-24,2027-03-31,⑯ 水産製品製造業,株式会社岩井海産物,伊予郡松前町,,,,,,new,wayback:20220519121155:https://www.pref.ehime.jp/opendata-catalog/dataset/2344/resource/11680/%E6%96%B0%E8%A6%8F%E9%A3%9F%E5%93%81%E5%96%B6%E6%A5%AD%E8%A8%B1%E5%8F%AF%E6%96%BD%E8%A8%AD%EF%BC%88%E4%BB%A4%E5%92%8C4%E5%B9%B43%E6%9C%88%EF%BC%89.xls,3661491ad687aa266462b723876a1b3a689e62438acb13403311baa7901e8255
愛媛県,2022-03,中局生第212501012号,2022-03-01,2022-03-01,2027-03-31,㉕ そうざい製造業,ひろたハウス,伊予郡砥部町,,,,,,new,wayback:20220519121155:https://www.pref.ehime.jp/opendata-catalog/dataset/2344/resource/11680/%E6%96%B0%E8%A6%8F%E9%A3%9F%E5%93%81%E5%96%B6%E6%A5%AD%E8%A8%B1%E5%8F%AF%E6%96%BD%E8%A8%AD%EF%BC%88%E4%BB%A4%E5%92%8C4%E5%B9%B43%E6%9C%88%EF%BC%89.xls,3661491ad687aa266462b723876a1b3a689e62438acb13403311baa7901e8255
愛媛県,2022-03,中局生第212501013号,2022-03-03,2022-03-03,2027-03-31,㉕ そうざい製造業,ナポリっ子,東温市,,,,,,new,wayback:20220519121155:https://www.pref.ehime.jp/opendata-catalog/dataset/2344/resource/11680/%E6%96%B0%E8%A6%8F%E9%A3%9F%E5%93%81%E5%96%B6%E6%A5%AD%E8%A8%B1%E5%8F%AF%E6%96%BD%E8%A8%AD%EF%BC%88%E4%BB%A4%E5%92%8C4%E5%B9%B43%E6%9C%88%EF%BC%89.xls,3661491ad687aa266462b723876a1b3a689e62438acb13403311baa7901e8255
愛媛県,2022-03,中局生第212501014号,2022-03-10,2022-03-10,2027-03-31,㉕ そうざい製造業,合資会社吉井鮮魚,伊予市,,,,,,new,wayback:20220519121155:https://www.pref.ehime.jp/opendata-catalog/dataset/2344/resource/11680/%E6%96%B0%E8%A6%8F%E9%A3%9F%E5%93%81%E5%96%B6%E6%A5%AD%E8%A8%B1%E5%8F%AF%E6%96%BD%E8%A8%AD%EF%BC%88%E4%BB%A4%E5%92%8C4%E5%B9%B43%E6%9C%88%EF%BC%89.xls,3661491ad687aa266462b723876a1b3a689e62438acb13403311baa7901e8255
愛媛県,2022-03,中局生第212501015号,2022-03-10,2022-03-10,2027-03-31,㉕ そうざい製造業,ファーマーズマーケット　いよっこら　惣菜,伊予市,,,,,,new,wayback:20220519121155:https://www.pref.ehime.jp/opendata-catalog/dataset/2344/resource/11680/%E6%96%B0%E8%A6%8F%E9%A3%9F%E5%93%81%E5%96%B6%E6%A5%AD%E8%A8%B1%E5%8F%AF%E6%96%BD%E8%A8%AD%EF%BC%88%E4%BB%A4%E5%92%8C4%E5%B9%B43%E6%9C%88%EF%BC%89.xls,3661491ad687aa266462b723876a1b3a689e62438acb13403311baa7901e8255
愛媛県,2022-03,中局生第212601001号,2022-03-18,2022-03-18,2027-03-31,㉖ 複合型そうざい製造業,株式会社オカベ　五色浜工場,伊予市,,,,,,new,wayback:20220519121155:https://www.pref.ehime.jp/opendata-catalog/dataset/2344/resource/11680/%E6%96%B0%E8%A6%8F%E9%A3%9F%E5%93%81%E5%96%B6%E6%A5%AD%E8%A8%B1%E5%8F%AF%E6%96%BD%E8%A8%AD%EF%BC%88%E4%BB%A4%E5%92%8C4%E5%B9%B43%E6%9C%88%EF%BC%89.xls,3661491ad687aa266462b723876a1b3a689e62438acb13403311baa7901e8255
愛媛県,2022-03,中局生第212901003号,2022-03-02,2022-03-02,2027-03-31,㉙ 漬物製造業,めど製造場,上浮穴郡久万高原町,,,,,,new,wayback:20220519121155:https://www.pref.ehime.jp/opendata-catalog/dataset/2344/resource/11680/%E6%96%B0%E8%A6%8F%E9%A3%9F%E5%93%81%E5%96%B6%E6%A5%AD%E8%A8%B1%E5%8F%AF%E6%96%BD%E8%A8%AD%EF%BC%88%E4%BB%A4%E5%92%8C4%E5%B9%B43%E6%9C%88%EF%BC%89.xls,3661491ad687aa266462b723876a1b3a689e62438acb13403311baa7901e8255
愛媛県,2022-03,中局生第213001002号,2022-03-04,2022-03-04,2027-03-31,㉚ 密封包装食品製造業,義農味噌株式会社,伊予郡松前町,,,,,,new,wayback:20220519121155:https://www.pref.ehime.jp/opendata-catalog/dataset/2344/resource/11680/%E6%96%B0%E8%A6%8F%E9%A3%9F%E5%93%81%E5%96%B6%E6%A5%AD%E8%A8%B1%E5%8F%AF%E6%96%BD%E8%A8%AD%EF%BC%88%E4%BB%A4%E5%92%8C4%E5%B9%B43%E6%9C%88%EF%BC%89.xls,3661491ad687aa266462b723876a1b3a689e62438acb13403311baa7901e8255
愛媛県,2022-03,中局生第213101002号,2022-03-24,2022-03-24,2027-03-31,㉛ 食品の小分け業,株式会社IKフーズ,伊予市,,,,,,new,wayback:20220519121155:https://www.pref.ehime.jp/opendata-catalog/dataset/2344/resource/11680/%E6%96%B0%E8%A6%8F%E9%A3%9F%E5%93%81%E5%96%B6%E6%A5%AD%E8%A8%B1%E5%8F%AF%E6%96%BD%E8%A8%AD%EF%BC%88%E4%BB%A4%E5%92%8C4%E5%B9%B43%E6%9C%88%EF%BC%89.xls,3661491ad687aa266462b723876a1b3a689e62438acb13403311baa7901e8255
愛媛県,2022-03,東今生第210121422号,2022-03-14,2022-03-14,2027-03-31,① 飲食店営業,CHAT CAFE,今治市,,,,,,new,wayback:20220519121155:https://www.pref.ehime.jp/opendata-catalog/dataset/2344/resource/11680/%E6%96%B0%E8%A6%8F%E9%A3%9F%E5%93%81%E5%96%B6%E6%A5%AD%E8%A8%B1%E5%8F%AF%E6%96%BD%E8%A8%AD%EF%BC%88%E4%BB%A4%E5%92%8C4%E5%B9%B43%E6%9C%88%EF%BC%89.xls,3661491ad687aa266462b723876a1b3a689e62438acb13403311baa7901e8255
愛媛県,2022-03,東今生第210111022号,2022-03-14,2022-03-14,2027-03-31,① 飲食店営業,キャンディ,今治市,,,,,,new,wayback:20220519121155:https://www.pref.ehime.jp/opendata-catalog/dataset/2344/resource/11680/%E6%96%B0%E8%A6%8F%E9%A3%9F%E5%93%81%E5%96%B6%E6%A5%AD%E8%A8%B1%E5%8F%AF%E6%96%BD%E8%A8%AD%EF%BC%88%E4%BB%A4%E5%92%8C4%E5%B9%B43%E6%9C%88%EF%BC%89.xls,3661491ad687aa266462b723876a1b3a689e62438acb13403311baa7901e8255
愛媛県,2022-03,東今生第210111025号,2022-03-07,2022-03-07,2027-03-31,① 飲食店営業,中華屋,今治市,,,,,,new,wayback:20220519121155:https://www.pref.ehime.jp/opendata-catalog/dataset/2344/resource/11680/%E6%96%B0%E8%A6%8F%E9%A3%9F%E5%93%81%E5%96%B6%E6%A5%AD%E8%A8%B1%E5%8F%AF%E6%96%BD%E8%A8%AD%EF%BC%88%E4%BB%A4%E5%92%8C4%E5%B9%B43%E6%9C%88%EF%BC%89.xls,3661491ad687aa266462b723876a1b3a689e62438acb13403311baa7901e8255
愛媛県,2022-03,東今生第210111026号,2022-03-18,2022-03-18,2027-03-31,① 飲食店営業,鈍川ヴレッジ,今治市,,,,,,new,wayback:20220519121155:https://www.pref.ehime.jp/opendata-catalog/dataset/2344/resource/11680/%E6%96%B0%E8%A6%8F%E9%A3%9F%E5%93%81%E5%96%B6%E6%A5%AD%E8%A8%B1%E5%8F%AF%E6%96%BD%E8%A8%AD%EF%BC%88%E4%BB%A4%E5%92%8C4%E5%B9%B43%E6%9C%88%EF%BC%89.xls,3661491ad687aa266462b723876a1b3a689e62438acb13403311baa7901e8255
愛媛県,2022-03,東今生第210111027号,2022-03-11,2022-03-11,2027-03-31,① 飲食店営業,あげあげ君,今治市,,,,,,new,wayback:20220519121155:https://www.pref.ehime.jp/opendata-catalog/dataset/2344/resource/11680/%E6%96%B0%E8%A6%8F%E9%A3%9F%E5%93%81%E5%96%B6%E6%A5%AD%E8%A8%B1%E5%8F%AF%E6%96%BD%E8%A8%AD%EF%BC%88%E4%BB%A4%E5%92%8C4%E5%B9%B43%E6%9C%88%EF%BC%89.xls,3661491ad687aa266462b723876a1b3a689e62438acb13403311baa7901e8255
愛媛県,2022-03,東今生第210111028号,2022-03-16,2022-03-16,2027-03-31,① 飲食店営業,デニッシュ専門店メルク,今治市,,,,,,new,wayback:20220519121155:https://www.pref.ehime.jp/opendata-catalog/dataset/2344/resource/11680/%E6%96%B0%E8%A6%8F%E9%A3%9F%E5%93%81%E5%96%B6%E6%A5%AD%E8%A8%B1%E5%8F%AF%E6%96%BD%E8%A8%AD%EF%BC%88%E4%BB%A4%E5%92%8C4%E5%B9%B43%E6%9C%88%EF%BC%89.xls,3661491ad687aa266462b723876a1b3a689e62438acb13403311baa7901e8255
愛媛県,2022-03,東今生第210111029号,2022-03-22,2022-03-22,2027-03-31,① 飲食店営業,春栄堂本舗,今治市,,,,,,new,wayback:20220519121155:https://www.pref.ehime.jp/opendata-catalog/dataset/2344/resource/11680/%E6%96%B0%E8%A6%8F%E9%A3%9F%E5%93%81%E5%96%B6%E6%A5%AD%E8%A8%B1%E5%8F%AF%E6%96%BD%E8%A8%AD%EF%BC%88%E4%BB%A4%E5%92%8C4%E5%B9%B43%E6%9C%88%EF%BC%89.xls,3661491ad687aa266462b723876a1b3a689e62438acb13403311baa7901e8255
愛媛県,2022-03,東今生第210111030号,2022-03-30,2022-03-30,2027-03-31,① 飲食店営業,大三島ブリュワリー,今治市,,,,,,new,wayback:20220519121155:https://www.pref.ehime.jp/opendata-catalog/dataset/2344/resource/11680/%E6%96%B0%E8%A6%8F%E9%A3%9F%E5%93%81%E5%96%B6%E6%A5%AD%E8%A8%B1%E5%8F%AF%E6%96%BD%E8%A8%AD%EF%BC%88%E4%BB%A4%E5%92%8C4%E5%B9%B43%E6%9C%88%EF%BC%89.xls,3661491ad687aa266462b723876a1b3a689e62438acb13403311baa7901e8255
愛媛県,2022-03,東今生第210111031号,2022-03-30,2022-03-30,2027-03-31,① 飲食店営業,海風－ＵＭＩＫＡＪＩ－,今治市,,,,,,new,wayback:20220519121155:https://www.pref.ehime.jp/opendata-catalog/dataset/2344/resource/11680/%E6%96%B0%E8%A6%8F%E9%A3%9F%E5%93%81%E5%96%B6%E6%A5%AD%E8%A8%B1%E5%8F%AF%E6%96%BD%E8%A8%AD%EF%BC%88%E4%BB%A4%E5%92%8C4%E5%B9%B43%E6%9C%88%EF%BC%89.xls,3661491ad687aa266462b723876a1b3a689e62438acb13403311baa7901e8255
愛媛県,2022-03,東今生第210121126号,2022-03-26,2022-03-26,2027-03-31,① 飲食店営業,WAKKA,今治市,,,,,,new,wayback:20220519121155:https://www.pref.ehime.jp/opendata-catalog/dataset/2344/resource/11680/%E6%96%B0%E8%A6%8F%E9%A3%9F%E5%93%81%E5%96%B6%E6%A5%AD%E8%A8%B1%E5%8F%AF%E6%96%BD%E8%A8%AD%EF%BC%88%E4%BB%A4%E5%92%8C4%E5%B9%B43%E6%9C%88%EF%BC%89.xls,3661491ad687aa266462b723876a1b3a689e62438acb13403311baa7901e8255
愛媛県,2022-03,東今生第210121333号,2022-03-22,2022-03-22,2027-03-31,① 飲食店営業,ふじた住設　給食部　いっ福,越智郡上島町,,,,,,new,wayback:20220519121155:https://www.pref.ehime.jp/opendata-catalog/dataset/2344/resource/11680/%E6%96%B0%E8%A6%8F%E9%A3%9F%E5%93%81%E5%96%B6%E6%A5%AD%E8%A8%B1%E5%8F%AF%E6%96%BD%E8%A8%AD%EF%BC%88%E4%BB%A4%E5%92%8C4%E5%B9%B43%E6%9C%88%EF%BC%89.xls,3661491ad687aa266462b723876a1b3a689e62438acb13403311baa7901e8255
愛媛県,2022-03,東今生第210121372号,2022-03-18,2022-03-18,2027-03-31,① 飲食店営業,かっぽう白鶴,今治市,,,,,,new,wayback:20220519121155:https://www.pref.ehime.jp/opendata-catalog/dataset/2344/resource/11680/%E6%96%B0%E8%A6%8F%E9%A3%9F%E5%93%81%E5%96%B6%E6%A5%AD%E8%A8%B1%E5%8F%AF%E6%96%BD%E8%A8%AD%EF%BC%88%E4%BB%A4%E5%92%8C4%E5%B9%B43%E6%9C%88%EF%BC%89.xls,3661491ad687aa266462b723876a1b3a689e62438acb13403311baa7901e8255
愛媛県,2022-03,東今生第210121373号,2022-03-08,2022-03-08,2027-03-31,① 飲食店営業,喫茶ｐａｓｔｅｌ,今治市,,,,,,new,wayback:20220519121155:https://www.pref.ehime.jp/opendata-catalog/dataset/2344/resource/11680/%E6%96%B0%E8%A6%8F%E9%A3%9F%E5%93%81%E5%96%B6%E6%A5%AD%E8%A8%B1%E5%8F%AF%E6%96%BD%E8%A8%AD%EF%BC%88%E4%BB%A4%E5%92%8C4%E5%B9%B43%E6%9C%88%EF%BC%89.xls,3661491ad687aa266462b723876a1b3a689e62438acb13403311baa7901e8255
愛媛県,2022-03,東今生第210121387号,2022-03-01,2022-03-01,2027-03-31,① 飲食店営業,キッチンほっとベア,今治市,,,,,,new,wayback:20220519121155:https://www.pref.ehime.jp/opendata-catalog/dataset/2344/resource/11680/%E6%96%B0%E8%A6%8F%E9%A3%9F%E5%93%81%E5%96%B6%E6%A5%AD%E8%A8%B1%E5%8F%AF%E6%96%BD%E8%A8%AD%EF%BC%88%E4%BB%A4%E5%92%8C4%E5%B9%B43%E6%9C%88%EF%BC%89.xls,3661491ad687aa266462b723876a1b3a689e62438acb13403311baa7901e8255
愛媛県,2022-03,東今生第210121395号,2022-03-09,2022-03-09,2027-03-31,① 飲食店営業,仕出し　くすはし,今治市,,,,,,new,wayback:20220519121155:https://www.pref.ehime.jp/opendata-catalog/dataset/2344/resource/11680/%E6%96%B0%E8%A6%8F%E9%A3%9F%E5%93%81%E5%96%B6%E6%A5%AD%E8%A8%B1%E5%8F%AF%E6%96%BD%E8%A8%AD%EF%BC%88%E4%BB%A4%E5%92%8C4%E5%B9%B43%E6%9C%88%EF%BC%89.xls,3661491ad687aa266462b723876a1b3a689e62438acb13403311baa7901e8255
愛媛県,2022-03,東今生第210121399号,2022-03-04,2022-03-04,2027-03-31,① 飲食店営業,エーム5333,今治市,,,,,,new,wayback:20220519121155:https://www.pref.ehime.jp/opendata-catalog/dataset/2344/resource/11680/%E6%96%B0%E8%A6%8F%E9%A3%9F%E5%93%81%E5%96%B6%E6%A5%AD%E8%A8%B1%E5%8F%AF%E6%96%BD%E8%A8%AD%EF%BC%88%E4%BB%A4%E5%92%8C4%E5%B9%B43%E6%9C%88%EF%BC%89.xls,3661491ad687aa266462b723876a1b3a689e62438acb13403311baa7901e8255
愛媛県,2022-03,東今生第210121403号,2022-03-02,2022-03-02,2027-03-31,① 飲食店営業,エスプリ　アマン,今治市,,,,,,new,wayback:20220519121155:https://www.pref.ehime.jp/opendata-catalog/dataset/2344/resource/11680/%E6%96%B0%E8%A6%8F%E9%A3%9F%E5%93%81%E5%96%B6%E6%A5%AD%E8%A8%B1%E5%8F%AF%E6%96%BD%E8%A8%AD%EF%BC%88%E4%BB%A4%E5%92%8C4%E5%B9%B43%E6%9C%88%EF%BC%89.xls,3661491ad687aa266462b723876a1b3a689e62438acb13403311baa7901e8255
愛媛県,2022-03,東今生第210121406号,2022-03-01,2022-03-01,2027-03-31,① 飲食店営業,ファミリーマートいまばり別名店,今治市,,,,,,new,wayback:20220519121155:https://www.pref.ehime.jp/opendata-catalog/dataset/2344/resource/11680/%E6%96%B0%E8%A6%8F%E9%A3%9F%E5%93%81%E5%96%B6%E6%A5%AD%E8%A8%B1%E5%8F%AF%E6%96%BD%E8%A8%AD%EF%BC%88%E4%BB%A4%E5%92%8C4%E5%B9%B43%E6%9C%88%EF%BC%89.xls,3661491ad687aa266462b723876a1b3a689e62438acb13403311baa7901e8255
愛媛県,2022-03,東今生第210121407号,2022-03-04,2022-03-04,2027-03-31,① 飲食店営業,ファミリーマート今治郷本町店,今治市,,,,,,new,wayback:20220519121155:https://www.pref.ehime.jp/opendata-catalog/dataset/2344/resource/11680/%E6%96%B0%E8%A6%8F%E9%A3%9F%E5%93%81%E5%96%B6%E6%A5%AD%E8%A8%B1%E5%8F%AF%E6%96%BD%E8%A8%AD%EF%BC%88%E4%BB%A4%E5%92%8C4%E5%B9%B43%E6%9C%88%EF%BC%89.xls,3661491ad687aa266462b723876a1b3a689e62438acb13403311baa7901e8255
愛媛県,2022-03,東今生第210121408号,2022-03-04,2022-03-04,2027-03-31,① 飲食店営業,松山シーサイドカントリークラブ,今治市,,,,,,new,wayback:20220519121155:https://www.pref.ehime.jp/opendata-catalog/dataset/2344/resource/11680/%E6%96%B0%E8%A6%8F%E9%A3%9F%E5%93%81%E5%96%B6%E6%A5%AD%E8%A8%B1%E5%8F%AF%E6%96%BD%E8%A8%AD%EF%BC%88%E4%BB%A4%E5%92%8C4%E5%B9%B43%E6%9C%88%EF%BC%89.xls,3661491ad687aa266462b723876a1b3a689e62438acb13403311baa7901e8255
愛媛県,2022-03,東今生第210121409号,2022-03-02,2022-03-02,2027-03-31,① 飲食店営業,Cafe Shozan,今治市,,,,,,new,wayback:20220519121155:https://www.pref.ehime.jp/opendata-catalog/dataset/2344/resource/11680/%E6%96%B0%E8%A6%8F%E9%A3%9F%E5%93%81%E5%96%B6%E6%A5%AD%E8%A8%B1%E5%8F%AF%E6%96%BD%E8%A8%AD%EF%BC%88%E4%BB%A4%E5%92%8C4%E5%B9%B43%E6%9C%88%EF%BC%89.xls,3661491ad687aa266462b723876a1b3a689e62438acb13403311baa7901e8255
愛媛県,2022-03,東今生第210121410号,2022-03-08,2022-03-08,2027-03-31,① 飲食店営業,月と紫陽花,今治市,,,,,,new,wayback:20220519121155:https://www.pref.ehime.jp/opendata-catalog/dataset/2344/resource/11680/%E6%96%B0%E8%A6%8F%E9%A3%9F%E5%93%81%E5%96%B6%E6%A5%AD%E8%A8%B1%E5%8F%AF%E6%96%BD%E8%A8%AD%EF%BC%88%E4%BB%A4%E5%92%8C4%E5%B9%B43%E6%9C%88%EF%BC%89.xls,3661491ad687aa266462b723876a1b3a689e62438acb13403311baa7901e8255
愛媛県,2022-03,東今生第210121411号,2022-03-09,2022-03-09,2027-03-31,① 飲食店営業,大阪王将　今治喜田村店,今治市,,,,,,new,wayback:20220519121155:https://www.pref.ehime.jp/opendata-catalog/dataset/2344/resource/11680/%E6%96%B0%E8%A6%8F%E9%A3%9F%E5%93%81%E5%96%B6%E6%A5%AD%E8%A8%B1%E5%8F%AF%E6%96%BD%E8%A8%AD%EF%BC%88%E4%BB%A4%E5%92%8C4%E5%B9%B43%E6%9C%88%EF%BC%89.xls,3661491ad687aa266462b723876a1b3a689e62438acb13403311baa7901e8255
愛媛県,2022-03,東今生第210121412号,2022-03-01,2022-03-01,2027-03-31,① 飲食店営業,やきにくの蔵　今治店,今治市,,,,,,new,wayback:20220519121155:https://www.pref.ehime.jp/opendata-catalog/dataset/2344/resource/11680/%E6%96%B0%E8%A6%8F%E9%A3%9F%E5%93%81%E5%96%B6%E6%A5%AD%E8%A8%B1%E5%8F%AF%E6%96%BD%E8%A8%AD%EF%BC%88%E4%BB%A4%E5%92%8C4%E5%B9%B43%E6%9C%88%EF%BC%89.xls,3661491ad687aa266462b723876a1b3a689e62438acb13403311baa7901e8255
愛媛県,2022-03,東今生第210121413号,2022-03-02,2022-03-02,2027-03-31,① 飲食店営業,コリアタウン,今治市,,,,,,new,wayback:20220519121155:https://www.pref.ehime.jp/opendata-catalog/dataset/2344/resource/11680/%E6%96%B0%E8%A6%8F%E9%A3%9F%E5%93%81%E5%96%B6%E6%A5%AD%E8%A8%B1%E5%8F%AF%E6%96%BD%E8%A8%AD%EF%BC%88%E4%BB%A4%E5%92%8C4%E5%B9%B43%E6%9C%88%EF%BC%89.xls,3661491ad687aa266462b723876a1b3a689e62438acb13403311baa7901e8255
愛媛県,2022-03,東今生第210121414号,2022-03-02,2022-03-02,2027-03-31,① 飲食店営業,すき家　今治衣干店,今治市,,,,,,new,wayback:20220519121155:https://www.pref.ehime.jp/opendata-catalog/dataset/2344/resource/11680/%E6%96%B0%E8%A6%8F%E9%A3%9F%E5%93%81%E5%96%B6%E6%A5%AD%E8%A8%B1%E5%8F%AF%E6%96%BD%E8%A8%AD%EF%BC%88%E4%BB%A4%E5%92%8C4%E5%B9%B43%E6%9C%88%EF%BC%89.xls,3661491ad687aa266462b723876a1b3a689e62438acb13403311baa7901e8255
愛媛県,2022-03,東今生第210121415号,2022-03-02,2022-03-02,2027-03-31,① 飲食店営業,からたち,今治市,,,,,,new,wayback:20220519121155:https://www.pref.ehime.jp/opendata-catalog/dataset/2344/resource/11680/%E6%96%B0%E8%A6%8F%E9%A3%9F%E5%93%81%E5%96%B6%E6%A5%AD%E8%A8%B1%E5%8F%AF%E6%96%BD%E8%A8%AD%EF%BC%88%E4%BB%A4%E5%92%8C4%E5%B9%B43%E6%9C%88%EF%BC%89.xls,3661491ad687aa266462b723876a1b3a689e62438acb13403311baa7901e8255
愛媛県,2022-03,東今生第210121416号,2022-03-10,2022-03-10,2027-03-31,① 飲食店営業,日清医療食品株式会社　今治育成園事業所,今治市,,,,,,new,wayback:20220519121155:https://www.pref.ehime.jp/opendata-catalog/dataset/2344/resource/11680/%E6%96%B0%E8%A6%8F%E9%A3%9F%E5%93%81%E5%96%B6%E6%A5%AD%E8%A8%B1%E5%8F%AF%E6%96%BD%E8%A8%AD%EF%BC%88%E4%BB%A4%E5%92%8C4%E5%B9%B43%E6%9C%88%EF%BC%89.xls,3661491ad687aa266462b723876a1b3a689e62438acb13403311baa7901e8255
愛媛県,2022-03,東今生第210121417号,2022-03-10,2022-03-10,2027-03-31,① 飲食店営業,日清医療食品株式会社　八恵苑事業所,今治市,,,,,,new,wayback:20220519121155:https://www.pref.ehime.jp/opendata-catalog/dataset/2344/resource/11680/%E6%96%B0%E8%A6%8F%E9%A3%9F%E5%93%81%E5%96%B6%E6%A5%AD%E8%A8%B1%E5%8F%AF%E6%96%BD%E8%A8%AD%EF%BC%88%E4%BB%A4%E5%92%8C4%E5%B9%B43%E6%9C%88%EF%BC%89.xls,3661491ad687aa266462b723876a1b3a689e62438acb13403311baa7901e8255
愛媛県,2022-03,東今生第210121418号,2022-03-07,2022-03-07,2027-03-31,① 飲食店営業,わいわい亭,今治市,,,,,,new,wayback:20220519121155:https://www.pref.ehime.jp/opendata-catalog/dataset/2344/resource/11680/%E6%96%B0%E8%A6%8F%E9%A3%9F%E5%93%81%E5%96%B6%E6%A5%AD%E8%A8%B1%E5%8F%AF%E6%96%BD%E8%A8%AD%EF%BC%88%E4%BB%A4%E5%92%8C4%E5%B9%B43%E6%9C%88%EF%BC%89.xls,3661491ad687aa266462b723876a1b3a689e62438acb13403311baa7901e8255
愛媛県,2022-03,東今生第210121419号,2022-03-09,2022-03-09,2027-03-31,① 飲食店営業,登泉堂おおにしアシスタ店,今治市,,,,,,new,wayback:20220519121155:https://www.pref.ehime.jp/opendata-catalog/dataset/2344/resource/11680/%E6%96%B0%E8%A6%8F%E9%A3%9F%E5%93%81%E5%96%B6%E6%A5%AD%E8%A8%B1%E5%8F%AF%E6%96%BD%E8%A8%AD%EF%BC%88%E4%BB%A4%E5%92%8C4%E5%B9%B43%E6%9C%88%EF%BC%89.xls,3661491ad687aa266462b723876a1b3a689e62438acb13403311baa7901e8255
愛媛県,2022-03,東今生第210121420号,2022-03-18,2022-03-18,2027-03-31,① 飲食店営業,おかず屋,今治市,,,,,,new,wayback:20220519121155:https://www.pref.ehime.jp/opendata-catalog/dataset/2344/resource/11680/%E6%96%B0%E8%A6%8F%E9%A3%9F%E5%93%81%E5%96%B6%E6%A5%AD%E8%A8%B1%E5%8F%AF%E6%96%BD%E8%A8%AD%EF%BC%88%E4%BB%A4%E5%92%8C4%E5%B9%B43%E6%9C%88%EF%BC%89.xls,3661491ad687aa266462b723876a1b3a689e62438acb13403311baa7901e8255
愛媛県,2022-03,東今生第210121421号,2022-03-07,2022-03-07,2027-03-31,① 飲食店営業,カラオケランド明星,今治市,,,,,,new,wayback:20220519121155:https://www.pref.ehime.jp/opendata-catalog/dataset/2344/resource/11680/%E6%96%B0%E8%A6%8F%E9%A3%9F%E5%93%81%E5%96%B6%E6%A5%AD%E8%A8%B1%E5%8F%AF%E6%96%BD%E8%A8%AD%EF%BC%88%E4%BB%A4%E5%92%8C4%E5%B9%B43%E6%9C%88%EF%BC%89.xls,3661491ad687aa266462b723876a1b3a689e62438acb13403311baa7901e8255
愛媛県,2022-03,東今生第210121423号,2022-03-09,2022-03-09,2027-03-31,① 飲食店営業,焼鳥パーク,今治市,,,,,,new,wayback:20220519121155:https://www.pref.ehime.jp/opendata-catalog/dataset/2344/resource/11680/%E6%96%B0%E8%A6%8F%E9%A3%9F%E5%93%81%E5%96%B6%E6%A5%AD%E8%A8%B1%E5%8F%AF%E6%96%BD%E8%A8%AD%EF%BC%88%E4%BB%A4%E5%92%8C4%E5%B9%B43%E6%9C%88%EF%BC%89.xls,3661491ad687aa266462b723876a1b3a689e62438acb13403311baa7901e8255
愛媛県,2022-03,東今生第210121424号,2022-03-31,2022-03-31,2027-03-31,① 飲食店営業,ナニワサウナ　ナニワ食堂部,今治市,,,,,,new,wayback:20220519121155:https://www.pref.ehime.jp/opendata-catalog/dataset/2344/resource/11680/%E6%96%B0%E8%A6%8F%E9%A3%9F%E5%93%81%E5%96%B6%E6%A5%AD%E8%A8%B1%E5%8F%AF%E6%96%BD%E8%A8%AD%EF%BC%88%E4%BB%A4%E5%92%8C4%E5%B9%B43%E6%9C%88%EF%BC%89.xls,3661491ad687aa266462b723876a1b3a689e62438acb13403311baa7901e8255
愛媛県,2022-03,東今生第210121425号,2022-03-16,2022-03-16,2027-03-31,① 飲食店営業,Ｃｏ－Ｌｉｖｉｎｇ　＆　Ｃａｆｅ　ＳＡＮＤＯ,今治市,,,,,,new,wayback:20220519121155:https://www.pref.ehime.jp/opendata-catalog/dataset/2344/resource/11680/%E6%96%B0%E8%A6%8F%E9%A3%9F%E5%93%81%E5%96%B6%E6%A5%AD%E8%A8%B1%E5%8F%AF%E6%96%BD%E8%A8%AD%EF%BC%88%E4%BB%A4%E5%92%8C4%E5%B9%B43%E6%9C%88%EF%BC%89.xls,3661491ad687aa266462b723876a1b3a689e62438acb13403311baa7901e8255
愛媛県,2022-03,東今生第210121426号,2022-03-23,2022-03-23,2027-03-31,① 飲食店営業,あおのクリニック厨房内　日米クック,今治市,,,,,,new,wayback:20220519121155:https://www.pref.ehime.jp/opendata-catalog/dataset/2344/resource/11680/%E6%96%B0%E8%A6%8F%E9%A3%9F%E5%93%81%E5%96%B6%E6%A5%AD%E8%A8%B1%E5%8F%AF%E6%96%BD%E8%A8%AD%EF%BC%88%E4%BB%A4%E5%92%8C4%E5%B9%B43%E6%9C%88%EF%BC%89.xls,3661491ad687aa266462b723876a1b3a689e62438acb13403311baa7901e8255
愛媛県,2022-03,東今生第210121428号,2022-03-22,2022-03-22,2027-03-31,① 飲食店営業,金平糖,今治市,,,,,,new,wayback:20220519121155:https://www.pref.ehime.jp/opendata-catalog/dataset/2344/resource/11680/%E6%96%B0%E8%A6%8F%E9%A3%9F%E5%93%81%E5%96%B6%E6%A5%AD%E8%A8%B1%E5%8F%AF%E6%96%BD%E8%A8%AD%EF%BC%88%E4%BB%A4%E5%92%8C4%E5%B9%B43%E6%9C%88%EF%BC%89.xls,3661491ad687aa266462b723876a1b3a689e62438acb13403311baa7901e8255
愛媛県,2022-03,東今生第210121429号,2022-03-30,2022-03-30,2027-03-31,① 飲食店営業,中華料理　榕城,今治市,,,,,,new,wayback:20220519121155:https://www.pref.ehime.jp/opendata-catalog/dataset/2344/resource/11680/%E6%96%B0%E8%A6%8F%E9%A3%9F%E5%93%81%E5%96%B6%E6%A5%AD%E8%A8%B1%E5%8F%AF%E6%96%BD%E8%A8%AD%EF%BC%88%E4%BB%A4%E5%92%8C4%E5%B9%B43%E6%9C%88%EF%BC%89.xls,3661491ad687aa266462b723876a1b3a689e62438acb13403311baa7901e8255
愛媛県,2022-03,東今生第210121430号,2022-03-22,2022-03-22,2027-03-31,① 飲食店営業,日清医療食品株式会社　波方中央病院事業所,今治市,,,,,,new,wayback:20220519121155:https://www.pref.ehime.jp/opendata-catalog/dataset/2344/resource/11680/%E6%96%B0%E8%A6%8F%E9%A3%9F%E5%93%81%E5%96%B6%E6%A5%AD%E8%A8%B1%E5%8F%AF%E6%96%BD%E8%A8%AD%EF%BC%88%E4%BB%A4%E5%92%8C4%E5%B9%B43%E6%9C%88%EF%BC%89.xls,3661491ad687aa266462b723876a1b3a689e62438acb13403311baa7901e8255
愛媛県,2022-03,東今生第210121431号,2022-03-30,2022-03-30,2027-03-31,① 飲食店営業,焼肉きんぐ今治店,今治市,,,,,,new,wayback:20220519121155:https://www.pref.ehime.jp/opendata-catalog/dataset/2344/resource/11680/%E6%96%B0%E8%A6%8F%E9%A3%9F%E5%93%81%E5%96%B6%E6%A5%AD%E8%A8%B1%E5%8F%AF%E6%96%BD%E8%A8%AD%EF%BC%88%E4%BB%A4%E5%92%8C4%E5%B9%B43%E6%9C%88%EF%BC%89.xls,3661491ad687aa266462b723876a1b3a689e62438acb13403311baa7901e8255
愛媛県,2022-03,東今生第210121432号,2022-03-30,2022-03-30,2027-03-31,① 飲食店営業,丸源ラーメン今治店,今治市,,,,,,new,wayback:20220519121155:https://www.pref.ehime.jp/opendata-catalog/dataset/2344/resource/11680/%E6%96%B0%E8%A6%8F%E9%A3%9F%E5%93%81%E5%96%B6%E6%A5%AD%E8%A8%B1%E5%8F%AF%E6%96%BD%E8%A8%AD%EF%BC%88%E4%BB%A4%E5%92%8C4%E5%B9%B43%E6%9C%88%EF%BC%89.xls,3661491ad687aa266462b723876a1b3a689e62438acb13403311baa7901e8255
愛媛県,2022-03,東今生第210121433号,2022-03-29,2022-03-29,2027-03-31,① 飲食店営業,サンクチュアリ,今治市,,,,,,new,wayback:20220519121155:https://www.pref.ehime.jp/opendata-catalog/dataset/2344/resource/11680/%E6%96%B0%E8%A6%8F%E9%A3%9F%E5%93%81%E5%96%B6%E6%A5%AD%E8%A8%B1%E5%8F%AF%E6%96%BD%E8%A8%AD%EF%BC%88%E4%BB%A4%E5%92%8C4%E5%B9%B43%E6%9C%88%EF%BC%89.xls,3661491ad687aa266462b723876a1b3a689e62438acb13403311baa7901e8255
愛媛県,2022-03,東今生第210121434号,2022-03-31,2022-03-31,2027-03-31,① 飲食店営業,Ｌｏｕｎｇｅ　Ｃｈｏｕｃｈｏｕ,今治市,,,,,,new,wayback:20220519121155:https://www.pref.ehime.jp/opendata-catalog/dataset/2344/resource/11680/%E6%96%B0%E8%A6%8F%E9%A3%9F%E5%93%81%E5%96%B6%E6%A5%AD%E8%A8%B1%E5%8F%AF%E6%96%BD%E8%A8%AD%EF%BC%88%E4%BB%A4%E5%92%8C4%E5%B9%B43%E6%9C%88%EF%BC%89.xls,3661491ad687aa266462b723876a1b3a689e62438acb13403311baa7901e8255
愛媛県,2022-03,東今生第210121435号,2022-03-31,2022-03-31,2027-03-31,① 飲食店営業,スイトピィ,今治市,,,,,,new,wayback:20220519121155:https://www.pref.ehime.jp/opendata-catalog/dataset/2344/resource/11680/%E6%96%B0%E8%A6%8F%E9%A3%9F%E5%93%81%E5%96%B6%E6%A5%AD%E8%A8%B1%E5%8F%AF%E6%96%BD%E8%A8%AD%EF%BC%88%E4%BB%A4%E5%92%8C4%E5%B9%B43%E6%9C%88%EF%BC%89.xls,3661491ad687aa266462b723876a1b3a689e62438acb13403311baa7901e8255
愛媛県,2022-03,東今生第210401026号,2022-03-15,2022-03-15,2027-03-31,④ 魚介類販売業,魚重商店,今治市,,,,,,new,wayback:20220519121155:https://www.pref.ehime.jp/opendata-catalog/dataset/2344/resource/11680/%E6%96%B0%E8%A6%8F%E9%A3%9F%E5%93%81%E5%96%B6%E6%A5%AD%E8%A8%B1%E5%8F%AF%E6%96%BD%E8%A8%AD%EF%BC%88%E4%BB%A4%E5%92%8C4%E5%B9%B43%E6%9C%88%EF%BC%89.xls,3661491ad687aa266462b723876a1b3a689e62438acb13403311baa7901e8255
愛媛県,2022-03,東今生第210901001号,2022-03-18,2022-03-18,2027-03-31,⑨ 食肉処理業,相原食品有限会社,今治市,,,,,,new,wayback:20220519121155:https://www.pref.ehime.jp/opendata-catalog/dataset/2344/resource/11680/%E6%96%B0%E8%A6%8F%E9%A3%9F%E5%93%81%E5%96%B6%E6%A5%AD%E8%A8%B1%E5%8F%AF%E6%96%BD%E8%A8%AD%EF%BC%88%E4%BB%A4%E5%92%8C4%E5%B9%B43%E6%9C%88%EF%BC%89.xls,3661491ad687aa266462b723876a1b3a689e62438acb13403311baa7901e8255
愛媛県,2022-03,東今生第211101045号,2022-03-02,2022-03-02,2027-03-31,⑪ 菓子製造業,松月堂,今治市,,,,,,new,wayback:20220519121155:https://www.pref.ehime.jp/opendata-catalog/dataset/2344/resource/11680/%E6%96%B0%E8%A6%8F%E9%A3%9F%E5%93%81%E5%96%B6%E6%A5%AD%E8%A8%B1%E5%8F%AF%E6%96%BD%E8%A8%AD%EF%BC%88%E4%BB%A4%E5%92%8C4%E5%B9%B43%E6%9C%88%EF%BC%89.xls,3661491ad687aa266462b723876a1b3a689e62438acb13403311baa7901e8255
愛媛県,2022-03,東今生第211101052号,2022-03-23,2022-03-23,2027-03-31,⑪ 菓子製造業,ｇｉｋｋｏｎ　ｂａｔｔａｎ,今治市,,,,,,new,wayback:20220519121155:https://www.pref.ehime.jp/opendata-catalog/dataset/2344/resource/11680/%E6%96%B0%E8%A6%8F%E9%A3%9F%E5%93%81%E5%96%B6%E6%A5%AD%E8%A8%B1%E5%8F%AF%E6%96%BD%E8%A8%AD%EF%BC%88%E4%BB%A4%E5%92%8C4%E5%B9%B43%E6%9C%88%EF%BC%89.xls,3661491ad687aa266462b723876a1b3a689e62438acb13403311baa7901e8255
愛媛県,2022-03,東今生第211601005号,2022-03-01,2022-03-01,2027-03-31,⑯ 水産製品製造業,有限会社エスペランス,今治市,,,,,,new,wayback:20220519121155:https://www.pref.ehime.jp/opendata-catalog/dataset/2344/resource/11680/%E6%96%B0%E8%A6%8F%E9%A3%9F%E5%93%81%E5%96%B6%E6%A5%AD%E8%A8%B1%E5%8F%AF%E6%96%BD%E8%A8%AD%EF%BC%88%E4%BB%A4%E5%92%8C4%E5%B9%B43%E6%9C%88%EF%BC%89.xls,3661491ad687aa266462b723876a1b3a689e62438acb13403311baa7901e8255
愛媛県,2022-03,東今生第211601006号,2022-03-04,2022-03-04,2027-03-31,⑯ 水産製品製造業,大岡蒲鉾店,今治市,,,,,,new,wayback:20220519121155:https://www.pref.ehime.jp/opendata-catalog/dataset/2344/resource/11680/%E6%96%B0%E8%A6%8F%E9%A3%9F%E5%93%81%E5%96%B6%E6%A5%AD%E8%A8%B1%E5%8F%AF%E6%96%BD%E8%A8%AD%EF%BC%88%E4%BB%A4%E5%92%8C4%E5%B9%B43%E6%9C%88%EF%BC%89.xls,3661491ad687aa266462b723876a1b3a689e62438acb13403311baa7901e8255
愛媛県,2022-03,東今生第212001005号,2022-03-22,2022-03-22,2027-03-31,⑳ みそ又はしょうゆ製造業,佐島加工場　味菜館,越智郡上島町,,,,,,new,wayback:20220519121155:https://www.pref.ehime.jp/opendata-catalog/dataset/2344/resource/11680/%E6%96%B0%E8%A6%8F%E9%A3%9F%E5%93%81%E5%96%B6%E6%A5%AD%E8%A8%B1%E5%8F%AF%E6%96%BD%E8%A8%AD%EF%BC%88%E4%BB%A4%E5%92%8C4%E5%B9%B43%E6%9C%88%EF%BC%89.xls,3661491ad687aa266462b723876a1b3a689e62438acb13403311baa7901e8255
愛媛県,2022-03,東今生第212501027号,2022-03-08,2022-03-08,2027-03-31,㉕ そうざい製造業,いとう笑店,今治市,,,,,,new,wayback:20220519121155:https://www.pref.ehime.jp/opendata-catalog/dataset/2344/resource/11680/%E6%96%B0%E8%A6%8F%E9%A3%9F%E5%93%81%E5%96%B6%E6%A5%AD%E8%A8%B1%E5%8F%AF%E6%96%BD%E8%A8%AD%EF%BC%88%E4%BB%A4%E5%92%8C4%E5%B9%B43%E6%9C%88%EF%BC%89.xls,3661491ad687aa266462b723876a1b3a689e62438acb13403311baa7901e8255
愛媛県,2022-03,東今生第212501028号,2022-03-22,2022-03-22,2027-03-31,㉕ そうざい製造業,心,越智郡上島町,,,,,,new,wayback:20220519121155:https://www.pref.ehime.jp/opendata-catalog/dataset/2344/resource/11680/%E6%96%B0%E8%A6%8F%E9%A3%9F%E5%93%81%E5%96%B6%E6%A5%AD%E8%A8%B1%E5%8F%AF%E6%96%BD%E8%A8%AD%EF%BC%88%E4%BB%A4%E5%92%8C4%E5%B9%B43%E6%9C%88%EF%BC%89.xls,3661491ad687aa266462b723876a1b3a689e62438acb13403311baa7901e8255
愛媛県,2022-03,東今生第212501029号,2022-03-23,2022-03-23,2027-03-31,㉕ そうざい製造業,ｇｉｋｋｏｎ　ｂａｔｔａｎ,今治市,,,,,,new,wayback:20220519121155:https://www.pref.ehime.jp/opendata-catalog/dataset/2344/resource/11680/%E6%96%B0%E8%A6%8F%E9%A3%9F%E5%93%81%E5%96%B6%E6%A5%AD%E8%A8%B1%E5%8F%AF%E6%96%BD%E8%A8%AD%EF%BC%88%E4%BB%A4%E5%92%8C4%E5%B9%B43%E6%9C%88%EF%BC%89.xls,3661491ad687aa266462b723876a1b3a689e62438acb13403311baa7901e8255
愛媛県,2022-03,東四保第210111009号,2022-03-23,2022-03-23,2027-03-31,① 飲食店営業,大王軒,四国中央市,,,,,,new,wayback:20220519121155:https://www.pref.ehime.jp/opendata-catalog/dataset/2344/resource/11680/%E6%96%B0%E8%A6%8F%E9%A3%9F%E5%93%81%E5%96%B6%E6%A5%AD%E8%A8%B1%E5%8F%AF%E6%96%BD%E8%A8%AD%EF%BC%88%E4%BB%A4%E5%92%8C4%E5%B9%B43%E6%9C%88%EF%BC%89.xls,3661491ad687aa266462b723876a1b3a689e62438acb13403311baa7901e8255
愛媛県,2022-03,東四保第210121130号,2022-03-10,2022-03-10,2027-03-31,① 飲食店営業,niku master 泰輔29,四国中央市,,,,,,new,wayback:20220519121155:https://www.pref.ehime.jp/opendata-catalog/dataset/2344/resource/11680/%E6%96%B0%E8%A6%8F%E9%A3%9F%E5%93%81%E5%96%B6%E6%A5%AD%E8%A8%B1%E5%8F%AF%E6%96%BD%E8%A8%AD%EF%BC%88%E4%BB%A4%E5%92%8C4%E5%B9%B43%E6%9C%88%EF%BC%89.xls,3661491ad687aa266462b723876a1b3a689e62438acb13403311baa7901e8255
愛媛県,2022-03,東四保第210121131号,2022-03-18,2022-03-18,2027-03-31,① 飲食店営業,デリ＆サラダ　Swee T omato²,四国中央市,,,,,,new,wayback:20220519121155:https://www.pref.ehime.jp/opendata-catalog/dataset/2344/resource/11680/%E6%96%B0%E8%A6%8F%E9%A3%9F%E5%93%81%E5%96%B6%E6%A5%AD%E8%A8%B1%E5%8F%AF%E6%96%BD%E8%A8%AD%EF%BC%88%E4%BB%A4%E5%92%8C4%E5%B9%B43%E6%9C%88%EF%BC%89.xls,3661491ad687aa266462b723876a1b3a689e62438acb13403311baa7901e8255
愛媛県,2022-03,東四保第210121144号,2022-03-30,2022-03-30,2027-03-31,① 飲食店営業,鳥香,四国中央市,,,,,,new,wayback:20220519121155:https://www.pref.ehime.jp/opendata-catalog/dataset/2344/resource/11680/%E6%96%B0%E8%A6%8F%E9%A3%9F%E5%93%81%E5%96%B6%E6%A5%AD%E8%A8%B1%E5%8F%AF%E6%96%BD%E8%A8%AD%EF%BC%88%E4%BB%A4%E5%92%8C4%E5%B9%B43%E6%9C%88%EF%BC%89.xls,3661491ad687aa266462b723876a1b3a689e62438acb13403311baa7901e8255
愛媛県,2022-03,東四保第210201015号,2022-03-10,2022-03-10,2027-03-31,② 調理機能を有する自動販売機（要許可）,技研工機株式会社 山田井工場 軒下,四国中央市,,,,,,new,wayback:20220519121155:https://www.pref.ehime.jp/opendata-catalog/dataset/2344/resource/11680/%E6%96%B0%E8%A6%8F%E9%A3%9F%E5%93%81%E5%96%B6%E6%A5%AD%E8%A8%B1%E5%8F%AF%E6%96%BD%E8%A8%AD%EF%BC%88%E4%BB%A4%E5%92%8C4%E5%B9%B43%E6%9C%88%EF%BC%89.xls,3661491ad687aa266462b723876a1b3a689e62438acb13403311baa7901e8255
愛媛県,2022-03,東四保第210201016号,2022-03-10,2022-03-10,2027-03-31,② 調理機能を有する自動販売機（要許可）,丸住ライン株式会社　川之江市営４号上屋倉庫　屋外,四国中央市,,,,,,new,wayback:20220519121155:https://www.pref.ehime.jp/opendata-catalog/dataset/2344/resource/11680/%E6%96%B0%E8%A6%8F%E9%A3%9F%E5%93%81%E5%96%B6%E6%A5%AD%E8%A8%B1%E5%8F%AF%E6%96%BD%E8%A8%AD%EF%BC%88%E4%BB%A4%E5%92%8C4%E5%B9%B43%E6%9C%88%EF%BC%89.xls,3661491ad687aa266462b723876a1b3a689e62438acb13403311baa7901e8255
愛媛県,2022-03,東四保第211201001号,2022-03-30,2022-03-30,2027-03-31,⑫ アイスクリーム類製造業,YOSHIO ICE CREAM,四国中央市,,,,,,new,wayback:20220519121155:https://www.pref.ehime.jp/opendata-catalog/dataset/2344/resource/11680/%E6%96%B0%E8%A6%8F%E9%A3%9F%E5%93%81%E5%96%B6%E6%A5%AD%E8%A8%B1%E5%8F%AF%E6%96%BD%E8%A8%AD%EF%BC%88%E4%BB%A4%E5%92%8C4%E5%B9%B43%E6%9C%88%EF%BC%89.xls,3661491ad687aa266462b723876a1b3a689e62438acb13403311baa7901e8255
愛媛県,2022-03,東生第210111624号,2022-03-02,2022-03-02,2027-03-31,① 飲食店営業,たむたむ茶屋,新居浜市,,,,,,new,wayback:20220519121155:https://www.pref.ehime.jp/opendata-catalog/dataset/2344/resource/11680/%E6%96%B0%E8%A6%8F%E9%A3%9F%E5%93%81%E5%96%B6%E6%A5%AD%E8%A8%B1%E5%8F%AF%E6%96%BD%E8%A8%AD%EF%BC%88%E4%BB%A4%E5%92%8C4%E5%B9%B43%E6%9C%88%EF%BC%89.xls,3661491ad687aa266462b723876a1b3a689e62438acb13403311baa7901e8255
愛媛県,2022-03,東生第210111636号,2022-03-11,2022-03-11,2027-03-31,① 飲食店営業,レストラン　ブランブルー　キッチンカー,新居浜市,,,,,,new,wayback:20220519121155:https://www.pref.ehime.jp/opendata-catalog/dataset/2344/resource/11680/%E6%96%B0%E8%A6%8F%E9%A3%9F%E5%93%81%E5%96%B6%E6%A5%AD%E8%A8%B1%E5%8F%AF%E6%96%BD%E8%A8%AD%EF%BC%88%E4%BB%A4%E5%92%8C4%E5%B9%B43%E6%9C%88%EF%BC%89.xls,3661491ad687aa266462b723876a1b3a689e62438acb13403311baa7901e8255
愛媛県,2022-03,東生第210111642号,2022-03-22,2022-03-22,2027-03-31,① 飲食店営業,華鈴,西条市,,,,,,new,wayback:20220519121155:https://www.pref.ehime.jp/opendata-catalog/dataset/2344/resource/11680/%E6%96%B0%E8%A6%8F%E9%A3%9F%E5%93%81%E5%96%B6%E6%A5%AD%E8%A8%B1%E5%8F%AF%E6%96%BD%E8%A8%AD%EF%BC%88%E4%BB%A4%E5%92%8C4%E5%B9%B43%E6%9C%88%EF%BC%89.xls,3661491ad687aa266462b723876a1b3a689e62438acb13403311baa7901e8255
愛媛県,2022-03,東生第210111645号,2022-03-24,2022-03-24,2027-03-31,① 飲食店営業,クレセル,西条市,,,,,,new,wayback:20220519121155:https://www.pref.ehime.jp/opendata-catalog/dataset/2344/resource/11680/%E6%96%B0%E8%A6%8F%E9%A3%9F%E5%93%81%E5%96%B6%E6%A5%AD%E8%A8%B1%E5%8F%AF%E6%96%BD%E8%A8%AD%EF%BC%88%E4%BB%A4%E5%92%8C4%E5%B9%B43%E6%9C%88%EF%BC%89.xls,3661491ad687aa266462b723876a1b3a689e62438acb13403311baa7901e8255
愛媛県,2022-03,東生第210121535号,2022-03-30,2022-03-30,2027-03-31,① 飲食店営業,豆柴豆腐,新居浜市,,,,,,new,wayback:20220519121155:https://www.pref.ehime.jp/opendata-catalog/dataset/2344/resource/11680/%E6%96%B0%E8%A6%8F%E9%A3%9F%E5%93%81%E5%96%B6%E6%A5%AD%E8%A8%B1%E5%8F%AF%E6%96%BD%E8%A8%AD%EF%BC%88%E4%BB%A4%E5%92%8C4%E5%B9%B43%E6%9C%88%EF%BC%89.xls,3661491ad687aa266462b723876a1b3a689e62438acb13403311baa7901e8255
愛媛県,2022-03,東生第210121538号,2022-03-08,2022-03-08,2027-03-31,① 飲食店営業,お好み焼きand鉄板屋　日々喜,新居浜市,,,,,,new,wayback:20220519121155:https://www.pref.ehime.jp/opendata-catalog/dataset/2344/resource/11680/%E6%96%B0%E8%A6%8F%E9%A3%9F%E5%93%81%E5%96%B6%E6%A5%AD%E8%A8%B1%E5%8F%AF%E6%96%BD%E8%A8%AD%EF%BC%88%E4%BB%A4%E5%92%8C4%E5%B9%B43%E6%9C%88%EF%BC%89.xls,3661491ad687aa266462b723876a1b3a689e62438acb13403311baa7901e8255
愛媛県,2022-03,東生第210121542号,2022-03-09,2022-03-09,2027-03-31,① 飲食店営業,Luna,新居浜市,,,,,,new,wayback:20220519121155:https://www.pref.ehime.jp/opendata-catalog/dataset/2344/resource/11680/%E6%96%B0%E8%A6%8F%E9%A3%9F%E5%93%81%E5%96%B6%E6%A5%AD%E8%A8%B1%E5%8F%AF%E6%96%BD%E8%A8%AD%EF%BC%88%E4%BB%A4%E5%92%8C4%E5%B9%B43%E6%9C%88%EF%BC%89.xls,3661491ad687aa266462b723876a1b3a689e62438acb13403311baa7901e8255
愛媛県,2022-03,東生第210121543号,2022-03-30,2022-03-30,2027-03-31,① 飲食店営業,横浜家系ラーメン　百寅家,新居浜市,,,,,,new,wayback:20220519121155:https://www.pref.ehime.jp/opendata-catalog/dataset/2344/resource/11680/%E6%96%B0%E8%A6%8F%E9%A3%9F%E5%93%81%E5%96%B6%E6%A5%AD%E8%A8%B1%E5%8F%AF%E6%96%BD%E8%A8%AD%EF%BC%88%E4%BB%A4%E5%92%8C4%E5%B9%B43%E6%9C%88%EF%BC%89.xls,3661491ad687aa266462b723876a1b3a689e62438acb13403311baa7901e8255
愛媛県,2022-03,東生第210121587号,2022-03-01,2022-03-01,2027-03-31,① 飲食店営業,珈琲専門店プチ,西条市,,,,,,new,wayback:20220519121155:https://www.pref.ehime.jp/opendata-catalog/dataset/2344/resource/11680/%E6%96%B0%E8%A6%8F%E9%A3%9F%E5%93%81%E5%96%B6%E6%A5%AD%E8%A8%B1%E5%8F%AF%E6%96%BD%E8%A8%AD%EF%BC%88%E4%BB%A4%E5%92%8C4%E5%B9%B43%E6%9C%88%EF%BC%89.xls,3661491ad687aa266462b723876a1b3a689e62438acb13403311baa7901e8255
愛媛県,2022-03,東生第210121588号,2022-03-01,2022-03-01,2027-03-31,① 飲食店営業,住友重機械イオンテクノロジー株式会社,西条市,,,,,,new,wayback:20220519121155:https://www.pref.ehime.jp/opendata-catalog/dataset/2344/resource/11680/%E6%96%B0%E8%A6%8F%E9%A3%9F%E5%93%81%E5%96%B6%E6%A5%AD%E8%A8%B1%E5%8F%AF%E6%96%BD%E8%A8%AD%EF%BC%88%E4%BB%A4%E5%92%8C4%E5%B9%B43%E6%9C%88%EF%BC%89.xls,3661491ad687aa266462b723876a1b3a689e62438acb13403311baa7901e8255
愛媛県,2022-03,東生第210121589号,2022-03-01,2022-03-01,2027-03-31,① 飲食店営業,ねぼけ寿司,西条市,,,,,,new,wayback:20220519121155:https://www.pref.ehime.jp/opendata-catalog/dataset/2344/resource/11680/%E6%96%B0%E8%A6%8F%E9%A3%9F%E5%93%81%E5%96%B6%E6%A5%AD%E8%A8%B1%E5%8F%AF%E6%96%BD%E8%A8%AD%EF%BC%88%E4%BB%A4%E5%92%8C4%E5%B9%B43%E6%9C%88%EF%BC%89.xls,3661491ad687aa266462b723876a1b3a689e62438acb13403311baa7901e8255
愛媛県,2022-03,東生第210121590号,2022-03-01,2022-03-01,2027-03-31,① 飲食店営業,株式会社　小松協同企業,西条市,,,,,,new,wayback:20220519121155:https://www.pref.ehime.jp/opendata-catalog/dataset/2344/resource/11680/%E6%96%B0%E8%A6%8F%E9%A3%9F%E5%93%81%E5%96%B6%E6%A5%AD%E8%A8%B1%E5%8F%AF%E6%96%BD%E8%A8%AD%EF%BC%88%E4%BB%A4%E5%92%8C4%E5%B9%B43%E6%9C%88%EF%BC%89.xls,3661491ad687aa266462b723876a1b3a689e62438acb13403311baa7901e8255
愛媛県,2022-03,東生第210121591号,2022-03-01,2022-03-01,2027-03-31,① 飲食店営業,八拾八うどん　東予店,西条市,,,,,,new,wayback:20220519121155:https://www.pref.ehime.jp/opendata-catalog/dataset/2344/resource/11680/%E6%96%B0%E8%A6%8F%E9%A3%9F%E5%93%81%E5%96%B6%E6%A5%AD%E8%A8%B1%E5%8F%AF%E6%96%BD%E8%A8%AD%EF%BC%88%E4%BB%A4%E5%92%8C4%E5%B9%B43%E6%9C%88%EF%BC%89.xls,3661491ad687aa266462b723876a1b3a689e62438acb13403311baa7901e8255
愛媛県,2022-03,東生第210121592号,2022-03-01,2022-03-01,2027-03-31,① 飲食店営業,ゆうゆう西条厨房内日米クック,西条市,,,,,,new,wayback:20220519121155:https://www.pref.ehime.jp/opendata-catalog/dataset/2344/resource/11680/%E6%96%B0%E8%A6%8F%E9%A3%9F%E5%93%81%E5%96%B6%E6%A5%AD%E8%A8%B1%E5%8F%AF%E6%96%BD%E8%A8%AD%EF%BC%88%E4%BB%A4%E5%92%8C4%E5%B9%B43%E6%9C%88%EF%BC%89.xls,3661491ad687aa266462b723876a1b3a689e62438acb13403311baa7901e8255
愛媛県,2022-03,東生第210121593号,2022-03-01,2022-03-01,2027-03-31,① 飲食店営業,ピザ・ロイヤルハット西条店,西条市,,,,,,new,wayback:20220519121155:https://www.pref.ehime.jp/opendata-catalog/dataset/2344/resource/11680/%E6%96%B0%E8%A6%8F%E9%A3%9F%E5%93%81%E5%96%B6%E6%A5%AD%E8%A8%B1%E5%8F%AF%E6%96%BD%E8%A8%AD%EF%BC%88%E4%BB%A4%E5%92%8C4%E5%B9%B43%E6%9C%88%EF%BC%89.xls,3661491ad687aa266462b723876a1b3a689e62438acb13403311baa7901e8255
愛媛県,2022-03,東生第210121594号,2022-03-01,2022-03-01,2027-03-31,① 飲食店営業,マルヨシセンター西条店　惣菜,西条市,,,,,,new,wayback:20220519121155:https://www.pref.ehime.jp/opendata-catalog/dataset/2344/resource/11680/%E6%96%B0%E8%A6%8F%E9%A3%9F%E5%93%81%E5%96%B6%E6%A5%AD%E8%A8%B1%E5%8F%AF%E6%96%BD%E8%A8%AD%EF%BC%88%E4%BB%A4%E5%92%8C4%E5%B9%B43%E6%9C%88%EF%BC%89.xls,3661491ad687aa266462b723876a1b3a689e62438acb13403311baa7901e8255
愛媛県,2022-03,東生第210121595号,2022-03-01,2022-03-01,2027-03-31,① 飲食店営業,ローソン西条氷見新御堂店,西条市,,,,,,new,wayback:20220519121155:https://www.pref.ehime.jp/opendata-catalog/dataset/2344/resource/11680/%E6%96%B0%E8%A6%8F%E9%A3%9F%E5%93%81%E5%96%B6%E6%A5%AD%E8%A8%B1%E5%8F%AF%E6%96%BD%E8%A8%AD%EF%BC%88%E4%BB%A4%E5%92%8C4%E5%B9%B43%E6%9C%88%EF%BC%89.xls,3661491ad687aa266462b723876a1b3a689e62438acb13403311baa7901e8255
愛媛県,2022-03,東生第210121596号,2022-03-01,2022-03-01,2027-09-30,① 飲食店営業,バスの店,西条市,,,,,,new,wayback:20220519121155:https://www.pref.ehime.jp/opendata-catalog/dataset/2344/resource/11680/%E6%96%B0%E8%A6%8F%E9%A3%9F%E5%93%81%E5%96%B6%E6%A5%AD%E8%A8%B1%E5%8F%AF%E6%96%BD%E8%A8%AD%EF%BC%88%E4%BB%A4%E5%92%8C4%E5%B9%B43%E6%9C%88%EF%BC%89.xls,3661491ad687aa266462b723876a1b3a689e62438acb13403311baa7901e8255
愛媛県,2022-03,東生第210121597号,2022-03-01,2022-03-01,2027-03-31,① 飲食店営業,夢・YA,西条市,,,,,,new,wayback:20220519121155:https://www.pref.ehime.jp/opendata-catalog/dataset/2344/resource/11680/%E6%96%B0%E8%A6%8F%E9%A3%9F%E5%93%81%E5%96%B6%E6%A5%AD%E8%A8%B1%E5%8F%AF%E6%96%BD%E8%A8%AD%EF%BC%88%E4%BB%A4%E5%92%8C4%E5%B9%B43%E6%9C%88%EF%BC%89.xls,3661491ad687aa266462b723876a1b3a689e62438acb13403311baa7901e8255
愛媛県,2022-03,東生第210121598号,2022-03-01,2022-03-01,2027-03-31,① 飲食店営業,一声,西条市,,,,,,new,wayback:20220519121155:https://www.pref.ehime.jp/opendata-catalog/dataset/2344/resource/11680/%E6%96%B0%E8%A6%8F%E9%A3%9F%E5%93%81%E5%96%B6%E6%A5%AD%E8%A8%B1%E5%8F%AF%E6%96%BD%E8%A8%AD%EF%BC%88%E4%BB%A4%E5%92%8C4%E5%B9%B43%E6%9C%88%EF%BC%89.xls,3661491ad687aa266462b723876a1b3a689e62438acb13403311baa7901e8255
愛媛県,2022-03,東生第210121599号,2022-03-01,2022-03-01,2027-03-31,① 飲食店営業,葉風る（はーばる）,西条市,,,,,,new,wayback:20220519121155:https://www.pref.ehime.jp/opendata-catalog/dataset/2344/resource/11680/%E6%96%B0%E8%A6%8F%E9%A3%9F%E5%93%81%E5%96%B6%E6%A5%AD%E8%A8%B1%E5%8F%AF%E6%96%BD%E8%A8%AD%EF%BC%88%E4%BB%A4%E5%92%8C4%E5%B9%B43%E6%9C%88%EF%BC%89.xls,3661491ad687aa266462b723876a1b3a689e62438acb13403311baa7901e8255
愛媛県,2022-03,東生第210121600号,2022-03-01,2022-03-01,2027-03-31,① 飲食店営業,カフェレスト　シャラ,西条市,,,,,,new,wayback:20220519121155:https://www.pref.ehime.jp/opendata-catalog/dataset/2344/resource/11680/%E6%96%B0%E8%A6%8F%E9%A3%9F%E5%93%81%E5%96%B6%E6%A5%AD%E8%A8%B1%E5%8F%AF%E6%96%BD%E8%A8%AD%EF%BC%88%E4%BB%A4%E5%92%8C4%E5%B9%B43%E6%9C%88%EF%BC%89.xls,3661491ad687aa266462b723876a1b3a689e62438acb13403311baa7901e8255
愛媛県,2022-03,東生第210121601号,2022-03-01,2022-03-01,2027-03-31,① 飲食店営業,ル・プロッテ,西条市,,,,,,new,wayback:20220519121155:https://www.pref.ehime.jp/opendata-catalog/dataset/2344/resource/11680/%E6%96%B0%E8%A6%8F%E9%A3%9F%E5%93%81%E5%96%B6%E6%A5%AD%E8%A8%B1%E5%8F%AF%E6%96%BD%E8%A8%AD%EF%BC%88%E4%BB%A4%E5%92%8C4%E5%B9%B43%E6%9C%88%EF%BC%89.xls,3661491ad687aa266462b723876a1b3a689e62438acb13403311baa7901e8255
愛媛県,2022-03,東生第210121602号,2022-03-01,2022-03-01,2027-03-31,① 飲食店営業,なごみや一献,西条市,,,,,,new,wayback:20220519121155:https://www.pref.ehime.jp/opendata-catalog/dataset/2344/resource/11680/%E6%96%B0%E8%A6%8F%E9%A3%9F%E5%93%81%E5%96%B6%E6%A5%AD%E8%A8%B1%E5%8F%AF%E6%96%BD%E8%A8%AD%EF%BC%88%E4%BB%A4%E5%92%8C4%E5%B9%B43%E6%9C%88%EF%BC%89.xls,3661491ad687aa266462b723876a1b3a689e62438acb13403311baa7901e8255
愛媛県,2022-03,東生第210121603号,2022-03-01,2022-03-01,2027-03-31,① 飲食店営業,ベイシック,西条市,,,,,,new,wayback:20220519121155:https://www.pref.ehime.jp/opendata-catalog/dataset/2344/resource/11680/%E6%96%B0%E8%A6%8F%E9%A3%9F%E5%93%81%E5%96%B6%E6%A5%AD%E8%A8%B1%E5%8F%AF%E6%96%BD%E8%A8%AD%EF%BC%88%E4%BB%A4%E5%92%8C4%E5%B9%B43%E6%9C%88%EF%BC%89.xls,3661491ad687aa266462b723876a1b3a689e62438acb13403311baa7901e8255
愛媛県,2022-03,東生第210121604号,2022-03-01,2022-03-01,2027-03-31,① 飲食店営業,ギターショップカフェ電王堂,西条市,,,,,,new,wayback:20220519121155:https://www.pref.ehime.jp/opendata-catalog/dataset/2344/resource/11680/%E6%96%B0%E8%A6%8F%E9%A3%9F%E5%93%81%E5%96%B6%E6%A5%AD%E8%A8%B1%E5%8F%AF%E6%96%BD%E8%A8%AD%EF%BC%88%E4%BB%A4%E5%92%8C4%E5%B9%B43%E6%9C%88%EF%BC%89.xls,3661491ad687aa266462b723876a1b3a689e62438acb13403311baa7901e8255
愛媛県,2022-03,東生第210121605号,2022-03-01,2022-03-01,2027-03-31,① 飲食店営業,日清医療食品株式会社西条中央病院事業所,西条市,,,,,,new,wayback:20220519121155:https://www.pref.ehime.jp/opendata-catalog/dataset/2344/resource/11680/%E6%96%B0%E8%A6%8F%E9%A3%9F%E5%93%81%E5%96%B6%E6%A5%AD%E8%A8%B1%E5%8F%AF%E6%96%BD%E8%A8%AD%EF%BC%88%E4%BB%A4%E5%92%8C4%E5%B9%B43%E6%9C%88%EF%BC%89.xls,3661491ad687aa266462b723876a1b3a689e62438acb13403311baa7901e8255
愛媛県,2022-03,東生第210121606号,2022-03-01,2022-03-01,2027-03-31,① 飲食店営業,小松石鎚寮,西条市,,,,,,new,wayback:20220519121155:https://www.pref.ehime.jp/opendata-catalog/dataset/2344/resource/11680/%E6%96%B0%E8%A6%8F%E9%A3%9F%E5%93%81%E5%96%B6%E6%A5%AD%E8%A8%B1%E5%8F%AF%E6%96%BD%E8%A8%AD%EF%BC%88%E4%BB%A4%E5%92%8C4%E5%B9%B43%E6%9C%88%EF%BC%89.xls,3661491ad687aa266462b723876a1b3a689e62438acb13403311baa7901e8255
愛媛県,2022-03,東生第210121607号,2022-03-01,2022-03-01,2027-03-31,① 飲食店営業,ダイニング　松本,西条市,,,,,,new,wayback:20220519121155:https://www.pref.ehime.jp/opendata-catalog/dataset/2344/resource/11680/%E6%96%B0%E8%A6%8F%E9%A3%9F%E5%93%81%E5%96%B6%E6%A5%AD%E8%A8%B1%E5%8F%AF%E6%96%BD%E8%A8%AD%EF%BC%88%E4%BB%A4%E5%92%8C4%E5%B9%B43%E6%9C%88%EF%BC%89.xls,3661491ad687aa266462b723876a1b3a689e62438acb13403311baa7901e8255
愛媛県,2022-03,東生第210121608号,2022-03-01,2022-03-01,2027-03-31,① 飲食店営業,ローソン東予石田店,西条市,,,,,,new,wayback:20220519121155:https://www.pref.ehime.jp/opendata-catalog/dataset/2344/resource/11680/%E6%96%B0%E8%A6%8F%E9%A3%9F%E5%93%81%E5%96%B6%E6%A5%AD%E8%A8%B1%E5%8F%AF%E6%96%BD%E8%A8%AD%EF%BC%88%E4%BB%A4%E5%92%8C4%E5%B9%B43%E6%9C%88%EF%BC%89.xls,3661491ad687aa266462b723876a1b3a689e62438acb13403311baa7901e8255
愛媛県,2022-03,東生第210121609号,2022-03-01,2022-03-01,2027-03-31,① 飲食店営業,有限会社湯之谷温泉,西条市,,,,,,new,wayback:20220519121155:https://www.pref.ehime.jp/opendata-catalog/dataset/2344/resource/11680/%E6%96%B0%E8%A6%8F%E9%A3%9F%E5%93%81%E5%96%B6%E6%A5%AD%E8%A8%B1%E5%8F%AF%E6%96%BD%E8%A8%AD%EF%BC%88%E4%BB%A4%E5%92%8C4%E5%B9%B43%E6%9C%88%EF%BC%89.xls,3661491ad687aa266462b723876a1b3a689e62438acb13403311baa7901e8255
愛媛県,2022-03,東生第210121625号,2022-03-02,2022-03-02,2027-03-31,① 飲食店営業,ラーメン屋さん大町店,西条市,,,,,,new,wayback:20220519121155:https://www.pref.ehime.jp/opendata-catalog/dataset/2344/resource/11680/%E6%96%B0%E8%A6%8F%E9%A3%9F%E5%93%81%E5%96%B6%E6%A5%AD%E8%A8%B1%E5%8F%AF%E6%96%BD%E8%A8%AD%EF%BC%88%E4%BB%A4%E5%92%8C4%E5%B9%B43%E6%9C%88%EF%BC%89.xls,3661491ad687aa266462b723876a1b3a689e62438acb13403311baa7901e8255
愛媛県,2022-03,東生第210121627号,2022-03-03,2022-03-03,2027-03-31,① 飲食店営業,日清医療食品株式会社コミュニティハウス三恵事業所,新居浜市,,,,,,new,wayback:20220519121155:https://www.pref.ehime.jp/opendata-catalog/dataset/2344/resource/11680/%E6%96%B0%E8%A6%8F%E9%A3%9F%E5%93%81%E5%96%B6%E6%A5%AD%E8%A8%B1%E5%8F%AF%E6%96%BD%E8%A8%AD%EF%BC%88%E4%BB%A4%E5%92%8C4%E5%B9%B43%E6%9C%88%EF%BC%89.xls,3661491ad687aa266462b723876a1b3a689e62438acb13403311baa7901e8255
愛媛県,2022-03,東生第210121628号,2022-03-29,2022-03-29,2027-03-31,① 飲食店営業,POPs,新居浜市,,,,,,new,wayback:20220519121155:https://www.pref.ehime.jp/opendata-catalog/dataset/2344/resource/11680/%E6%96%B0%E8%A6%8F%E9%A3%9F%E5%93%81%E5%96%B6%E6%A5%AD%E8%A8%B1%E5%8F%AF%E6%96%BD%E8%A8%AD%EF%BC%88%E4%BB%A4%E5%92%8C4%E5%B9%B43%E6%9C%88%EF%BC%89.xls,3661491ad687aa266462b723876a1b3a689e62438acb13403311baa7901e8255
愛媛県,2022-03,東生第210121630号,2022-03-07,2022-03-07,2027-03-31,① 飲食店営業,本町二丁目玉川コーヒー店,西条市,,,,,,new,wayback:20220519121155:https://www.pref.ehime.jp/opendata-catalog/dataset/2344/resource/11680/%E6%96%B0%E8%A6%8F%E9%A3%9F%E5%93%81%E5%96%B6%E6%A5%AD%E8%A8%B1%E5%8F%AF%E6%96%BD%E8%A8%AD%EF%BC%88%E4%BB%A4%E5%92%8C4%E5%B9%B43%E6%9C%88%EF%BC%89.xls,3661491ad687aa266462b723876a1b3a689e62438acb13403311baa7901e8255
愛媛県,2022-03,東生第210121631号,2022-03-07,2022-03-07,2027-03-31,① 飲食店営業,炭火焼肉　牛角　新居浜江口店,新居浜市,,,,,,new,wayback:20220519121155:https://www.pref.ehime.jp/opendata-catalog/dataset/2344/resource/11680/%E6%96%B0%E8%A6%8F%E9%A3%9F%E5%93%81%E5%96%B6%E6%A5%AD%E8%A8%B1%E5%8F%AF%E6%96%BD%E8%A8%AD%EF%BC%88%E4%BB%A4%E5%92%8C4%E5%B9%B43%E6%9C%88%EF%BC%89.xls,3661491ad687aa266462b723876a1b3a689e62438acb13403311baa7901e8255
愛媛県,2022-03,東生第210121632号,2022-03-08,2022-03-08,2027-03-31,① 飲食店営業,珈琲所  コメダ珈琲店  西条古川店,西条市,,,,,,new,wayback:20220519121155:https://www.pref.ehime.jp/opendata-catalog/dataset/2344/resource/11680/%E6%96%B0%E8%A6%8F%E9%A3%9F%E5%93%81%E5%96%B6%E6%A5%AD%E8%A8%B1%E5%8F%AF%E6%96%BD%E8%A8%AD%EF%BC%88%E4%BB%A4%E5%92%8C4%E5%B9%B43%E6%9C%88%EF%BC%89.xls,3661491ad687aa266462b723876a1b3a689e62438acb13403311baa7901e8255
愛媛県,2022-03,東生第210121634号,2022-03-14,2022-03-14,2027-03-31,① 飲食店営業,HANA HANA,新居浜市,,,,,,new,wayback:20220519121155:https://www.pref.ehime.jp/opendata-catalog/dataset/2344/resource/11680/%E6%96%B0%E8%A6%8F%E9%A3%9F%E5%93%81%E5%96%B6%E6%A5%AD%E8%A8%B1%E5%8F%AF%E6%96%BD%E8%A8%AD%EF%BC%88%E4%BB%A4%E5%92%8C4%E5%B9%B43%E6%9C%88%EF%BC%89.xls,3661491ad687aa266462b723876a1b3a689e62438acb13403311baa7901e8255
愛媛県,2022-03,東生第210121637号,2022-03-14,2022-03-14,2027-03-31,① 飲食店営業,和風スナック　あんず,西条市,,,,,,new,wayback:20220519121155:https://www.pref.ehime.jp/opendata-catalog/dataset/2344/resource/11680/%E6%96%B0%E8%A6%8F%E9%A3%9F%E5%93%81%E5%96%B6%E6%A5%AD%E8%A8%B1%E5%8F%AF%E6%96%BD%E8%A8%AD%EF%BC%88%E4%BB%A4%E5%92%8C4%E5%B9%B43%E6%9C%88%EF%BC%89.xls,3661491ad687aa266462b723876a1b3a689e62438acb13403311baa7901e8255
愛媛県,2022-03,東生第210121638号,2022-03-22,2022-03-22,2022-03-31,① 飲食店営業,銅夢カフェ,新居浜市,,,,,,new,wayback:20220519121155:https://www.pref.ehime.jp/opendata-catalog/dataset/2344/resource/11680/%E6%96%B0%E8%A6%8F%E9%A3%9F%E5%93%81%E5%96%B6%E6%A5%AD%E8%A8%B1%E5%8F%AF%E6%96%BD%E8%A8%AD%EF%BC%88%E4%BB%A4%E5%92%8C4%E5%B9%B43%E6%9C%88%EF%BC%89.xls,3661491ad687aa266462b723876a1b3a689e62438acb13403311baa7901e8255
愛媛県,2022-03,東生第210121639号,2022-03-25,2022-03-25,2027-03-31,① 飲食店営業,清流庵　う川,新居浜市,,,,,,new,wayback:20220519121155:https://www.pref.ehime.jp/opendata-catalog/dataset/2344/resource/11680/%E6%96%B0%E8%A6%8F%E9%A3%9F%E5%93%81%E5%96%B6%E6%A5%AD%E8%A8%B1%E5%8F%AF%E6%96%BD%E8%A8%AD%EF%BC%88%E4%BB%A4%E5%92%8C4%E5%B9%B43%E6%9C%88%EF%BC%89.xls,3661491ad687aa266462b723876a1b3a689e62438acb13403311baa7901e8255
愛媛県,2022-03,東生第210121647号,2022-03-25,2022-03-25,2027-03-31,① 飲食店営業,（株）田窪工業所,西条市,,,,,,new,wayback:20220519121155:https://www.pref.ehime.jp/opendata-catalog/dataset/2344/resource/11680/%E6%96%B0%E8%A6%8F%E9%A3%9F%E5%93%81%E5%96%B6%E6%A5%AD%E8%A8%B1%E5%8F%AF%E6%96%BD%E8%A8%AD%EF%BC%88%E4%BB%A4%E5%92%8C4%E5%B9%B43%E6%9C%88%EF%BC%89.xls,3661491ad687aa266462b723876a1b3a689e62438acb13403311baa7901e8255
愛媛県,2022-03,東生第210121649号,2022-03-29,2022-03-29,2027-03-31,① 飲食店営業,さとりや,西条市,,,,,,new,wayback:20220519121155:https://www.pref.ehime.jp/opendata-catalog/dataset/2344/resource/11680/%E6%96%B0%E8%A6%8F%E9%A3%9F%E5%93%81%E5%96%B6%E6%A5%AD%E8%A8%B1%E5%8F%AF%E6%96%BD%E8%A8%AD%EF%BC%88%E4%BB%A4%E5%92%8C4%E5%B9%B43%E6%9C%88%EF%BC%89.xls,3661491ad687aa266462b723876a1b3a689e62438acb13403311baa7901e8255
愛媛県,2022-03,東生第210301610号,2022-03-01,2022-03-01,2027-03-31,③ 食肉販売業,伊藤食肉店,西条市,,,,,,new,wayback:20220519121155:https://www.pref.ehime.jp/opendata-catalog/dataset/2344/resource/11680/%E6%96%B0%E8%A6%8F%E9%A3%9F%E5%93%81%E5%96%B6%E6%A5%AD%E8%A8%B1%E5%8F%AF%E6%96%BD%E8%A8%AD%EF%BC%88%E4%BB%A4%E5%92%8C4%E5%B9%B43%E6%9C%88%EF%BC%89.xls,3661491ad687aa266462b723876a1b3a689e62438acb13403311baa7901e8255
愛媛県,2022-03,東生第210301611号,2022-03-01,2022-03-01,2027-03-31,③ 食肉販売業,マルヨシセンター西条店,西条市,,,,,,new,wayback:20220519121155:https://www.pref.ehime.jp/opendata-catalog/dataset/2344/resource/11680/%E6%96%B0%E8%A6%8F%E9%A3%9F%E5%93%81%E5%96%B6%E6%A5%AD%E8%A8%B1%E5%8F%AF%E6%96%BD%E8%A8%AD%EF%BC%88%E4%BB%A4%E5%92%8C4%E5%B9%B43%E6%9C%88%EF%BC%89.xls,3661491ad687aa266462b723876a1b3a689e62438acb13403311baa7901e8255
愛媛県,2022-03,東生第210401612号,2022-03-01,2022-03-01,2027-03-31,④ 魚介類販売業,マルヨシセンター西条店,西条市,,,,,,new,wayback:20220519121155:https://www.pref.ehime.jp/opendata-catalog/dataset/2344/resource/11680/%E6%96%B0%E8%A6%8F%E9%A3%9F%E5%93%81%E5%96%B6%E6%A5%AD%E8%A8%B1%E5%8F%AF%E6%96%BD%E8%A8%AD%EF%BC%88%E4%BB%A4%E5%92%8C4%E5%B9%B43%E6%9C%88%EF%BC%89.xls,3661491ad687aa266462b723876a1b3a689e62438acb13403311baa7901e8255
愛媛県,2022-03,東生第210401643号,2022-03-29,2022-03-29,2027-03-31,④ 魚介類販売業,千葉鮮魚店,西条市,,,,,,new,wayback:20220519121155:https://www.pref.ehime.jp/opendata-catalog/dataset/2344/resource/11680/%E6%96%B0%E8%A6%8F%E9%A3%9F%E5%93%81%E5%96%B6%E6%A5%AD%E8%A8%B1%E5%8F%AF%E6%96%BD%E8%A8%AD%EF%BC%88%E4%BB%A4%E5%92%8C4%E5%B9%B43%E6%9C%88%EF%BC%89.xls,3661491ad687aa266462b723876a1b3a689e62438acb13403311baa7901e8255
愛媛県,2022-03,東生第210501613号,2022-03-01,2022-03-01,2027-03-31,⑤ 魚介類競り売り営業,西条魚市場株式会社,西条市,,,,,,new,wayback:20220519121155:https://www.pref.ehime.jp/opendata-catalog/dataset/2344/resource/11680/%E6%96%B0%E8%A6%8F%E9%A3%9F%E5%93%81%E5%96%B6%E6%A5%AD%E8%A8%B1%E5%8F%AF%E6%96%BD%E8%A8%AD%EF%BC%88%E4%BB%A4%E5%92%8C4%E5%B9%B43%E6%9C%88%EF%BC%89.xls,3661491ad687aa266462b723876a1b3a689e62438acb13403311baa7901e8255
愛媛県,2022-03,東生第211101614号,2022-03-01,2022-03-01,2027-03-31,⑪ 菓子製造業,伊藤寿司,西条市,,,,,,new,wayback:20220519121155:https://www.pref.ehime.jp/opendata-catalog/dataset/2344/resource/11680/%E6%96%B0%E8%A6%8F%E9%A3%9F%E5%93%81%E5%96%B6%E6%A5%AD%E8%A8%B1%E5%8F%AF%E6%96%BD%E8%A8%AD%EF%BC%88%E4%BB%A4%E5%92%8C4%E5%B9%B43%E6%9C%88%EF%BC%89.xls,3661491ad687aa266462b723876a1b3a689e62438acb13403311baa7901e8255
愛媛県,2022-03,東生第211101616号,2022-03-01,2022-03-01,2027-03-31,⑪ 菓子製造業,マルヨシセンター西条店,西条市,,,,,,new,wayback:20220519121155:https://www.pref.ehime.jp/opendata-catalog/dataset/2344/resource/11680/%E6%96%B0%E8%A6%8F%E9%A3%9F%E5%93%81%E5%96%B6%E6%A5%AD%E8%A8%B1%E5%8F%AF%E6%96%BD%E8%A8%AD%EF%BC%88%E4%BB%A4%E5%92%8C4%E5%B9%B43%E6%9C%88%EF%BC%89.xls,3661491ad687aa266462b723876a1b3a689e62438acb13403311baa7901e8255
愛媛県,2022-03,東生第211101617号,2022-03-01,2022-03-01,2027-03-31,⑪ 菓子製造業,ベーカリー学園たろう,西条市,,,,,,new,wayback:20220519121155:https://www.pref.ehime.jp/opendata-catalog/dataset/2344/resource/11680/%E6%96%B0%E8%A6%8F%E9%A3%9F%E5%93%81%E5%96%B6%E6%A5%AD%E8%A8%B1%E5%8F%AF%E6%96%BD%E8%A8%AD%EF%BC%88%E4%BB%A4%E5%92%8C4%E5%B9%B43%E6%9C%88%EF%BC%89.xls,3661491ad687aa266462b723876a1b3a689e62438acb13403311baa7901e8255
愛媛県,2022-03,東生第211101618号,2022-03-01,2022-03-01,2027-03-31,⑪ 菓子製造業,にじとまめ。,西条市,,,,,,new,wayback:20220519121155:https://www.pref.ehime.jp/opendata-catalog/dataset/2344/resource/11680/%E6%96%B0%E8%A6%8F%E9%A3%9F%E5%93%81%E5%96%B6%E6%A5%AD%E8%A8%B1%E5%8F%AF%E6%96%BD%E8%A8%AD%EF%BC%88%E4%BB%A4%E5%92%8C4%E5%B9%B43%E6%9C%88%EF%BC%89.xls,3661491ad687aa266462b723876a1b3a689e62438acb13403311baa7901e8255
愛媛県,2022-03,東生第211101640号,2022-03-18,2022-03-18,2027-03-31,⑪ 菓子製造業,真柊工房,西条市,,,,,,new,wayback:20220519121155:https://www.pref.ehime.jp/opendata-catalog/dataset/2344/resource/11680/%E6%96%B0%E8%A6%8F%E9%A3%9F%E5%93%81%E5%96%B6%E6%A5%AD%E8%A8%B1%E5%8F%AF%E6%96%BD%E8%A8%AD%EF%BC%88%E4%BB%A4%E5%92%8C4%E5%B9%B43%E6%9C%88%EF%BC%89.xls,3661491ad687aa266462b723876a1b3a689e62438acb13403311baa7901e8255
愛媛県,2022-03,東生第211101641号,2022-03-23,2022-03-23,2027-03-31,⑪ 菓子製造業,the Great Harvest,新居浜市,,,,,,new,wayback:20220519121155:https://www.pref.ehime.jp/opendata-catalog/dataset/2344/resource/11680/%E6%96%B0%E8%A6%8F%E9%A3%9F%E5%93%81%E5%96%B6%E6%A5%AD%E8%A8%B1%E5%8F%AF%E6%96%BD%E8%A8%AD%EF%BC%88%E4%BB%A4%E5%92%8C4%E5%B9%B43%E6%9C%88%EF%BC%89.xls,3661491ad687aa266462b723876a1b3a689e62438acb13403311baa7901e8255
愛媛県,2022-03,東生第212001619号,2022-03-01,2022-03-01,2027-03-31,⑳ みそ又はしょうゆ製造業,臼坂醤油店,西条市,,,,,,new,wayback:20220519121155:https://www.pref.ehime.jp/opendata-catalog/dataset/2344/resource/11680/%E6%96%B0%E8%A6%8F%E9%A3%9F%E5%93%81%E5%96%B6%E6%A5%AD%E8%A8%B1%E5%8F%AF%E6%96%BD%E8%A8%AD%EF%BC%88%E4%BB%A4%E5%92%8C4%E5%B9%B43%E6%9C%88%EF%BC%89.xls,3661491ad687aa266462b723876a1b3a689e62438acb13403311baa7901e8255
愛媛県,2022-03,東生第212101620号,2022-03-01,2022-03-01,2028-03-31,㉑ 酒類製造業,アサヒビール株式会社　四国工場,西条市,,,,,,new,wayback:20220519121155:https://www.pref.ehime.jp/opendata-catalog/dataset/2344/resource/11680/%E6%96%B0%E8%A6%8F%E9%A3%9F%E5%93%81%E5%96%B6%E6%A5%AD%E8%A8%B1%E5%8F%AF%E6%96%BD%E8%A8%AD%EF%BC%88%E4%BB%A4%E5%92%8C4%E5%B9%B43%E6%9C%88%EF%BC%89.xls,3661491ad687aa266462b723876a1b3a689e62438acb13403311baa7901e8255
愛媛県,2022-03,東生第212201535号,2022-03-30,2022-03-30,2027-03-31,㉒ 豆腐製造業,豆柴豆腐,新居浜市,,,,,,new,wayback:20220519121155:https://www.pref.ehime.jp/opendata-catalog/dataset/2344/resource/11680/%E6%96%B0%E8%A6%8F%E9%A3%9F%E5%93%81%E5%96%B6%E6%A5%AD%E8%A8%B1%E5%8F%AF%E6%96%BD%E8%A8%AD%EF%BC%88%E4%BB%A4%E5%92%8C4%E5%B9%B43%E6%9C%88%EF%BC%89.xls,3661491ad687aa266462b723876a1b3a689e62438acb13403311baa7901e8255
愛媛県,2022-03,東生第212501536号,2022-03-03,2022-03-03,2027-03-31,㉕ そうざい製造業,Dining Cafe Soeur,新居浜市,,,,,,new,wayback:20220519121155:https://www.pref.ehime.jp/opendata-catalog/dataset/2344/resource/11680/%E6%96%B0%E8%A6%8F%E9%A3%9F%E5%93%81%E5%96%B6%E6%A5%AD%E8%A8%B1%E5%8F%AF%E6%96%BD%E8%A8%AD%EF%BC%88%E4%BB%A4%E5%92%8C4%E5%B9%B43%E6%9C%88%EF%BC%89.xls,3661491ad687aa266462b723876a1b3a689e62438acb13403311baa7901e8255
愛媛県,2022-03,東生第212501540号,2022-03-03,2022-03-03,2027-03-31,㉕ そうざい製造業,お弁当係　まんま屋,西条市,,,,,,new,wayback:20220519121155:https://www.pref.ehime.jp/opendata-catalog/dataset/2344/resource/11680/%E6%96%B0%E8%A6%8F%E9%A3%9F%E5%93%81%E5%96%B6%E6%A5%AD%E8%A8%B1%E5%8F%AF%E6%96%BD%E8%A8%AD%EF%BC%88%E4%BB%A4%E5%92%8C4%E5%B9%B43%E6%9C%88%EF%BC%89.xls,3661491ad687aa266462b723876a1b3a689e62438acb13403311baa7901e8255
愛媛県,2022-03,東生第212501621号,2022-03-01,2022-03-01,2027-03-31,㉕ そうざい製造業,水都もみの木,西条市,,,,,,new,wayback:20220519121155:https://www.pref.ehime.jp/opendata-catalog/dataset/2344/resource/11680/%E6%96%B0%E8%A6%8F%E9%A3%9F%E5%93%81%E5%96%B6%E6%A5%AD%E8%A8%B1%E5%8F%AF%E6%96%BD%E8%A8%AD%EF%BC%88%E4%BB%A4%E5%92%8C4%E5%B9%B43%E6%9C%88%EF%BC%89.xls,3661491ad687aa266462b723876a1b3a689e62438acb13403311baa7901e8255
愛媛県,2022-03,東生第212501622号,2022-03-01,2022-03-01,2027-03-31,㉕ そうざい製造業,タカハシ,西条市,,,,,,new,wayback:20220519121155:https://www.pref.ehime.jp/opendata-catalog/dataset/2344/resource/11680/%E6%96%B0%E8%A6%8F%E9%A3%9F%E5%93%81%E5%96%B6%E6%A5%AD%E8%A8%B1%E5%8F%AF%E6%96%BD%E8%A8%AD%EF%BC%88%E4%BB%A4%E5%92%8C4%E5%B9%B43%E6%9C%88%EF%BC%89.xls,3661491ad687aa266462b723876a1b3a689e62438acb13403311baa7901e8255
愛媛県,2022-03,東生第212501623号,2022-03-01,2022-03-01,2027-03-31,㉕ そうざい製造業,みっちゃん,西条市,,,,,,new,wayback:20220519121155:https://www.pref.ehime.jp/opendata-catalog/dataset/2344/resource/11680/%E6%96%B0%E8%A6%8F%E9%A3%9F%E5%93%81%E5%96%B6%E6%A5%AD%E8%A8%B1%E5%8F%AF%E6%96%BD%E8%A8%AD%EF%BC%88%E4%BB%A4%E5%92%8C4%E5%B9%B43%E6%9C%88%EF%BC%89.xls,3661491ad687aa266462b723876a1b3a689e62438acb13403311baa7901e8255
愛媛県,2022-03,東生第212501629号,2022-03-04,2022-03-04,2027-03-31,㉕ そうざい製造業,株式会社大阪屋,西条市,,,,,,new,wayback:20220519121155:https://www.pref.ehime.jp/opendata-catalog/dataset/2344/resource/11680/%E6%96%B0%E8%A6%8F%E9%A3%9F%E5%93%81%E5%96%B6%E6%A5%AD%E8%A8%B1%E5%8F%AF%E6%96%BD%E8%A8%AD%EF%BC%88%E4%BB%A4%E5%92%8C4%E5%B9%B43%E6%9C%88%EF%BC%89.xls,3661491ad687aa266462b723876a1b3a689e62438acb13403311baa7901e8255
愛媛県,2022-03,東生第212901633号,2022-03-11,2022-03-11,2027-03-31,㉙ 漬物製造業,佐伯食品株式会社,西条市,,,,,,new,wayback:20220519121155:https://www.pref.ehime.jp/opendata-catalog/dataset/2344/resource/11680/%E6%96%B0%E8%A6%8F%E9%A3%9F%E5%93%81%E5%96%B6%E6%A5%AD%E8%A8%B1%E5%8F%AF%E6%96%BD%E8%A8%AD%EF%BC%88%E4%BB%A4%E5%92%8C4%E5%B9%B43%E6%9C%88%EF%BC%89.xls,3661491ad687aa266462b723876a1b3a689e62438acb13403311baa7901e8255
愛媛県,2022-03,南局生第210121052号,2022-03-23,2022-03-23,2027-03-31,① 飲食店営業,介護付き有料老人ホーム　虹の森,北宇和郡松野町,,,,,,new,wayback:20220519121155:https://www.pref.ehime.jp/opendata-catalog/dataset/2344/resource/11680/%E6%96%B0%E8%A6%8F%E9%A3%9F%E5%93%81%E5%96%B6%E6%A5%AD%E8%A8%B1%E5%8F%AF%E6%96%BD%E8%A8%AD%EF%BC%88%E4%BB%A4%E5%92%8C4%E5%B9%B43%E6%9C%88%EF%BC%89.xls,3661491ad687aa266462b723876a1b3a689e62438acb13403311baa7901e8255
愛媛県,2022-03,南局生第210121053号,2022-03-23,2022-03-23,2027-03-31,① 飲食店営業,デイサービス虹,北宇和郡松野町,,,,,,new,wayback:20220519121155:https://www.pref.ehime.jp/opendata-catalog/dataset/2344/resource/11680/%E6%96%B0%E8%A6%8F%E9%A3%9F%E5%93%81%E5%96%B6%E6%A5%AD%E8%A8%B1%E5%8F%AF%E6%96%BD%E8%A8%AD%EF%BC%88%E4%BB%A4%E5%92%8C4%E5%B9%B43%E6%9C%88%EF%BC%89.xls,3661491ad687aa266462b723876a1b3a689e62438acb13403311baa7901e8255
愛媛県,2022-03,南局生第210121174号,2022-03-09,2022-03-09,2027-03-31,① 飲食店営業,宇佐美商店×B.C.R宇和島,宇和島市,,,,,,new,wayback:20220519121155:https://www.pref.ehime.jp/opendata-catalog/dataset/2344/resource/11680/%E6%96%B0%E8%A6%8F%E9%A3%9F%E5%93%81%E5%96%B6%E6%A5%AD%E8%A8%B1%E5%8F%AF%E6%96%BD%E8%A8%AD%EF%BC%88%E4%BB%A4%E5%92%8C4%E5%B9%B43%E6%9C%88%EF%BC%89.xls,3661491ad687aa266462b723876a1b3a689e62438acb13403311baa7901e8255
愛媛県,2022-03,南局生第210121179号,2022-03-01,2022-03-01,2027-03-31,① 飲食店営業,千代丸ｆｉｓｈｉｎｇ,宇和島市,,,,,,new,wayback:20220519121155:https://www.pref.ehime.jp/opendata-catalog/dataset/2344/resource/11680/%E6%96%B0%E8%A6%8F%E9%A3%9F%E5%93%81%E5%96%B6%E6%A5%AD%E8%A8%B1%E5%8F%AF%E6%96%BD%E8%A8%AD%EF%BC%88%E4%BB%A4%E5%92%8C4%E5%B9%B43%E6%9C%88%EF%BC%89.xls,3661491ad687aa266462b723876a1b3a689e62438acb13403311baa7901e8255
愛媛県,2022-03,南局生第210121180号,2022-03-11,2022-03-11,2027-03-31,① 飲食店営業,はるめし,南宇和郡愛南町,,,,,,new,wayback:20220519121155:https://www.pref.ehime.jp/opendata-catalog/dataset/2344/resource/11680/%E6%96%B0%E8%A6%8F%E9%A3%9F%E5%93%81%E5%96%B6%E6%A5%AD%E8%A8%B1%E5%8F%AF%E6%96%BD%E8%A8%AD%EF%BC%88%E4%BB%A4%E5%92%8C4%E5%B9%B43%E6%9C%88%EF%BC%89.xls,3661491ad687aa266462b723876a1b3a689e62438acb13403311baa7901e8255
愛媛県,2022-03,南局生第210121181号,2022-03-17,2022-03-17,2027-03-31,① 飲食店営業,ｅ－ｓｐｏｒｔｓ ｓｐａｃｅ ｅ－ＮＹＯ,宇和島市,,,,,,new,wayback:20220519121155:https://www.pref.ehime.jp/opendata-catalog/dataset/2344/resource/11680/%E6%96%B0%E8%A6%8F%E9%A3%9F%E5%93%81%E5%96%B6%E6%A5%AD%E8%A8%B1%E5%8F%AF%E6%96%BD%E8%A8%AD%EF%BC%88%E4%BB%A4%E5%92%8C4%E5%B9%B43%E6%9C%88%EF%BC%89.xls,3661491ad687aa266462b723876a1b3a689e62438acb13403311baa7901e8255
愛媛県,2022-03,南局生第210121182号,2022-03-14,2022-03-14,2027-03-31,① 飲食店営業,モスバーガー宇和島店,宇和島市,,,,,,new,wayback:20220519121155:https://www.pref.ehime.jp/opendata-catalog/dataset/2344/resource/11680/%E6%96%B0%E8%A6%8F%E9%A3%9F%E5%93%81%E5%96%B6%E6%A5%AD%E8%A8%B1%E5%8F%AF%E6%96%BD%E8%A8%AD%EF%BC%88%E4%BB%A4%E5%92%8C4%E5%B9%B43%E6%9C%88%EF%BC%89.xls,3661491ad687aa266462b723876a1b3a689e62438acb13403311baa7901e8255
愛媛県,2022-03,南局生第210121183号,2022-03-14,2022-03-14,2027-03-31,① 飲食店営業,どっこいしょ,宇和島市,,,,,,new,wayback:20220519121155:https://www.pref.ehime.jp/opendata-catalog/dataset/2344/resource/11680/%E6%96%B0%E8%A6%8F%E9%A3%9F%E5%93%81%E5%96%B6%E6%A5%AD%E8%A8%B1%E5%8F%AF%E6%96%BD%E8%A8%AD%EF%BC%88%E4%BB%A4%E5%92%8C4%E5%B9%B43%E6%9C%88%EF%BC%89.xls,3661491ad687aa266462b723876a1b3a689e62438acb13403311baa7901e8255
愛媛県,2022-03,南局生第210121184号,2022-03-14,2022-03-14,2027-03-31,① 飲食店営業,ぽれ,宇和島市,,,,,,new,wayback:20220519121155:https://www.pref.ehime.jp/opendata-catalog/dataset/2344/resource/11680/%E6%96%B0%E8%A6%8F%E9%A3%9F%E5%93%81%E5%96%B6%E6%A5%AD%E8%A8%B1%E5%8F%AF%E6%96%BD%E8%A8%AD%EF%BC%88%E4%BB%A4%E5%92%8C4%E5%B9%B43%E6%9C%88%EF%BC%89.xls,3661491ad687aa266462b723876a1b3a689e62438acb13403311baa7901e8255
愛媛県,2022-03,南局生第210121185号,2022-03-14,2022-03-14,2027-03-31,① 飲食店営業,かずみ,宇和島市,,,,,,new,wayback:20220519121155:https://www.pref.ehime.jp/opendata-catalog/dataset/2344/resource/11680/%E6%96%B0%E8%A6%8F%E9%A3%9F%E5%93%81%E5%96%B6%E6%A5%AD%E8%A8%B1%E5%8F%AF%E6%96%BD%E8%A8%AD%EF%BC%88%E4%BB%A4%E5%92%8C4%E5%B9%B43%E6%9C%88%EF%BC%89.xls,3661491ad687aa266462b723876a1b3a689e62438acb13403311baa7901e8255
愛媛県,2022-03,南局生第210121186号,2022-03-14,2022-03-14,2027-03-31,① 飲食店営業,焼肉ダイニング　ホルモン村,宇和島市,,,,,,new,wayback:20220519121155:https://www.pref.ehime.jp/opendata-catalog/dataset/2344/resource/11680/%E6%96%B0%E8%A6%8F%E9%A3%9F%E5%93%81%E5%96%B6%E6%A5%AD%E8%A8%B1%E5%8F%AF%E6%96%BD%E8%A8%AD%EF%BC%88%E4%BB%A4%E5%92%8C4%E5%B9%B43%E6%9C%88%EF%BC%89.xls,3661491ad687aa266462b723876a1b3a689e62438acb13403311baa7901e8255
愛媛県,2022-03,南局生第210121187号,2022-03-14,2022-03-14,2027-03-31,① 飲食店営業,ホカホカ弁当　一番・くうたろう,宇和島市,,,,,,new,wayback:20220519121155:https://www.pref.ehime.jp/opendata-catalog/dataset/2344/resource/11680/%E6%96%B0%E8%A6%8F%E9%A3%9F%E5%93%81%E5%96%B6%E6%A5%AD%E8%A8%B1%E5%8F%AF%E6%96%BD%E8%A8%AD%EF%BC%88%E4%BB%A4%E5%92%8C4%E5%B9%B43%E6%9C%88%EF%BC%89.xls,3661491ad687aa266462b723876a1b3a689e62438acb13403311baa7901e8255
愛媛県,2022-03,南局生第210121188号,2022-03-14,2022-03-14,2027-03-31,① 飲食店営業,焼肉レストラン国安,宇和島市,,,,,,new,wayback:20220519121155:https://www.pref.ehime.jp/opendata-catalog/dataset/2344/resource/11680/%E6%96%B0%E8%A6%8F%E9%A3%9F%E5%93%81%E5%96%B6%E6%A5%AD%E8%A8%B1%E5%8F%AF%E6%96%BD%E8%A8%AD%EF%BC%88%E4%BB%A4%E5%92%8C4%E5%B9%B43%E6%9C%88%EF%BC%89.xls,3661491ad687aa266462b723876a1b3a689e62438acb13403311baa7901e8255
愛媛県,2022-03,南局生第210121189号,2022-03-14,2022-03-14,2027-03-31,① 飲食店営業,クーロンヌ,宇和島市,,,,,,new,wayback:20220519121155:https://www.pref.ehime.jp/opendata-catalog/dataset/2344/resource/11680/%E6%96%B0%E8%A6%8F%E9%A3%9F%E5%93%81%E5%96%B6%E6%A5%AD%E8%A8%B1%E5%8F%AF%E6%96%BD%E8%A8%AD%EF%BC%88%E4%BB%A4%E5%92%8C4%E5%B9%B43%E6%9C%88%EF%BC%89.xls,3661491ad687aa266462b723876a1b3a689e62438acb13403311baa7901e8255
愛媛県,2022-03,南局生第210121190号,2022-03-14,2022-03-14,2027-03-31,① 飲食店営業,ラポール恵美須,宇和島市,,,,,,new,wayback:20220519121155:https://www.pref.ehime.jp/opendata-catalog/dataset/2344/resource/11680/%E6%96%B0%E8%A6%8F%E9%A3%9F%E5%93%81%E5%96%B6%E6%A5%AD%E8%A8%B1%E5%8F%AF%E6%96%BD%E8%A8%AD%EF%BC%88%E4%BB%A4%E5%92%8C4%E5%B9%B43%E6%9C%88%EF%BC%89.xls,3661491ad687aa266462b723876a1b3a689e62438acb13403311baa7901e8255
愛媛県,2022-03,南局生第210121191号,2022-03-14,2022-03-14,2027-03-31,① 飲食店営業,食楽夢むすび,宇和島市,,,,,,new,wayback:20220519121155:https://www.pref.ehime.jp/opendata-catalog/dataset/2344/resource/11680/%E6%96%B0%E8%A6%8F%E9%A3%9F%E5%93%81%E5%96%B6%E6%A5%AD%E8%A8%B1%E5%8F%AF%E6%96%BD%E8%A8%AD%EF%BC%88%E4%BB%A4%E5%92%8C4%E5%B9%B43%E6%9C%88%EF%BC%89.xls,3661491ad687aa266462b723876a1b3a689e62438acb13403311baa7901e8255
愛媛県,2022-03,南局生第210121192号,2022-03-14,2022-03-14,2027-03-31,① 飲食店営業,千鳥寿司,宇和島市,,,,,,new,wayback:20220519121155:https://www.pref.ehime.jp/opendata-catalog/dataset/2344/resource/11680/%E6%96%B0%E8%A6%8F%E9%A3%9F%E5%93%81%E5%96%B6%E6%A5%AD%E8%A8%B1%E5%8F%AF%E6%96%BD%E8%A8%AD%EF%BC%88%E4%BB%A4%E5%92%8C4%E5%B9%B43%E6%9C%88%EF%BC%89.xls,3661491ad687aa266462b723876a1b3a689e62438acb13403311baa7901e8255
愛媛県,2022-03,南局生第210121193号,2022-03-14,2022-03-14,2027-03-31,① 飲食店営業,友＆愛,宇和島市,,,,,,new,wayback:20220519121155:https://www.pref.ehime.jp/opendata-catalog/dataset/2344/resource/11680/%E6%96%B0%E8%A6%8F%E9%A3%9F%E5%93%81%E5%96%B6%E6%A5%AD%E8%A8%B1%E5%8F%AF%E6%96%BD%E8%A8%AD%EF%BC%88%E4%BB%A4%E5%92%8C4%E5%B9%B43%E6%9C%88%EF%BC%89.xls,3661491ad687aa266462b723876a1b3a689e62438acb13403311baa7901e8255
愛媛県,2022-03,南局生第210121194号,2022-03-14,2022-03-14,2027-03-31,① 飲食店営業,ファミリーマート宇和島三間店,宇和島市,,,,,,new,wayback:20220519121155:https://www.pref.ehime.jp/opendata-catalog/dataset/2344/resource/11680/%E6%96%B0%E8%A6%8F%E9%A3%9F%E5%93%81%E5%96%B6%E6%A5%AD%E8%A8%B1%E5%8F%AF%E6%96%BD%E8%A8%AD%EF%BC%88%E4%BB%A4%E5%92%8C4%E5%B9%B43%E6%9C%88%EF%BC%89.xls,3661491ad687aa266462b723876a1b3a689e62438acb13403311baa7901e8255
愛媛県,2022-03,南局生第210121195号,2022-03-14,2022-03-14,2027-03-31,① 飲食店営業,フレール,宇和島市,,,,,,new,wayback:20220519121155:https://www.pref.ehime.jp/opendata-catalog/dataset/2344/resource/11680/%E6%96%B0%E8%A6%8F%E9%A3%9F%E5%93%81%E5%96%B6%E6%A5%AD%E8%A8%B1%E5%8F%AF%E6%96%BD%E8%A8%AD%EF%BC%88%E4%BB%A4%E5%92%8C4%E5%B9%B43%E6%9C%88%EF%BC%89.xls,3661491ad687aa266462b723876a1b3a689e62438acb13403311baa7901e8255
愛媛県,2022-03,南局生第210121196号,2022-03-14,2022-03-14,2027-03-31,① 飲食店営業,スナック　真珠,宇和島市,,,,,,new,wayback:20220519121155:https://www.pref.ehime.jp/opendata-catalog/dataset/2344/resource/11680/%E6%96%B0%E8%A6%8F%E9%A3%9F%E5%93%81%E5%96%B6%E6%A5%AD%E8%A8%B1%E5%8F%AF%E6%96%BD%E8%A8%AD%EF%BC%88%E4%BB%A4%E5%92%8C4%E5%B9%B43%E6%9C%88%EF%BC%89.xls,3661491ad687aa266462b723876a1b3a689e62438acb13403311baa7901e8255
愛媛県,2022-03,南局生第210121197号,2022-03-14,2022-03-14,2027-03-31,① 飲食店営業,農家民宿　のうみん,宇和島市,,,,,,new,wayback:20220519121155:https://www.pref.ehime.jp/opendata-catalog/dataset/2344/resource/11680/%E6%96%B0%E8%A6%8F%E9%A3%9F%E5%93%81%E5%96%B6%E6%A5%AD%E8%A8%B1%E5%8F%AF%E6%96%BD%E8%A8%AD%EF%BC%88%E4%BB%A4%E5%92%8C4%E5%B9%B43%E6%9C%88%EF%BC%89.xls,3661491ad687aa266462b723876a1b3a689e62438acb13403311baa7901e8255
愛媛県,2022-03,南局生第210121198号,2022-03-14,2022-03-14,2027-03-31,① 飲食店営業,ナイト・プロムナード　恋ごころ,宇和島市,,,,,,new,wayback:20220519121155:https://www.pref.ehime.jp/opendata-catalog/dataset/2344/resource/11680/%E6%96%B0%E8%A6%8F%E9%A3%9F%E5%93%81%E5%96%B6%E6%A5%AD%E8%A8%B1%E5%8F%AF%E6%96%BD%E8%A8%AD%EF%BC%88%E4%BB%A4%E5%92%8C4%E5%B9%B43%E6%9C%88%EF%BC%89.xls,3661491ad687aa266462b723876a1b3a689e62438acb13403311baa7901e8255
愛媛県,2022-03,南局生第210121199号,2022-03-14,2022-03-14,2027-03-31,① 飲食店営業,割烹・居酒屋　国安,宇和島市,,,,,,new,wayback:20220519121155:https://www.pref.ehime.jp/opendata-catalog/dataset/2344/resource/11680/%E6%96%B0%E8%A6%8F%E9%A3%9F%E5%93%81%E5%96%B6%E6%A5%AD%E8%A8%B1%E5%8F%AF%E6%96%BD%E8%A8%AD%EF%BC%88%E4%BB%A4%E5%92%8C4%E5%B9%B43%E6%9C%88%EF%BC%89.xls,3661491ad687aa266462b723876a1b3a689e62438acb13403311baa7901e8255
愛媛県,2022-03,南局生第210121200号,2022-03-14,2022-03-14,2027-03-31,① 飲食店営業,Ｃｉｅｌ-シエル-,宇和島市,,,,,,new,wayback:20220519121155:https://www.pref.ehime.jp/opendata-catalog/dataset/2344/resource/11680/%E6%96%B0%E8%A6%8F%E9%A3%9F%E5%93%81%E5%96%B6%E6%A5%AD%E8%A8%B1%E5%8F%AF%E6%96%BD%E8%A8%AD%EF%BC%88%E4%BB%A4%E5%92%8C4%E5%B9%B43%E6%9C%88%EF%BC%89.xls,3661491ad687aa266462b723876a1b3a689e62438acb13403311baa7901e8255
愛媛県,2022-03,南局生第210121201号,2022-03-14,2022-03-14,2027-03-31,① 飲食店営業,手づけ一本食堂,宇和島市,,,,,,new,wayback:20220519121155:https://www.pref.ehime.jp/opendata-catalog/dataset/2344/resource/11680/%E6%96%B0%E8%A6%8F%E9%A3%9F%E5%93%81%E5%96%B6%E6%A5%AD%E8%A8%B1%E5%8F%AF%E6%96%BD%E8%A8%AD%EF%BC%88%E4%BB%A4%E5%92%8C4%E5%B9%B43%E6%9C%88%EF%BC%89.xls,3661491ad687aa266462b723876a1b3a689e62438acb13403311baa7901e8255
愛媛県,2022-03,南局生第210121202号,2022-03-14,2022-03-14,2027-03-31,① 飲食店営業,磯,宇和島市,,,,,,new,wayback:20220519121155:https://www.pref.ehime.jp/opendata-catalog/dataset/2344/resource/11680/%E6%96%B0%E8%A6%8F%E9%A3%9F%E5%93%81%E5%96%B6%E6%A5%AD%E8%A8%B1%E5%8F%AF%E6%96%BD%E8%A8%AD%EF%BC%88%E4%BB%A4%E5%92%8C4%E5%B9%B43%E6%9C%88%EF%BC%89.xls,3661491ad687aa266462b723876a1b3a689e62438acb13403311baa7901e8255
愛媛県,2022-03,南局生第210121203号,2022-03-14,2022-03-14,2027-03-31,① 飲食店営業,ファミリー,宇和島市,,,,,,new,wayback:20220519121155:https://www.pref.ehime.jp/opendata-catalog/dataset/2344/resource/11680/%E6%96%B0%E8%A6%8F%E9%A3%9F%E5%93%81%E5%96%B6%E6%A5%AD%E8%A8%B1%E5%8F%AF%E6%96%BD%E8%A8%AD%EF%BC%88%E4%BB%A4%E5%92%8C4%E5%B9%B43%E6%9C%88%EF%BC%89.xls,3661491ad687aa266462b723876a1b3a689e62438acb13403311baa7901e8255
愛媛県,2022-03,南局生第210121204号,2022-03-14,2022-03-14,2027-03-31,① 飲食店営業,木屋旅館,宇和島市,,,,,,new,wayback:20220519121155:https://www.pref.ehime.jp/opendata-catalog/dataset/2344/resource/11680/%E6%96%B0%E8%A6%8F%E9%A3%9F%E5%93%81%E5%96%B6%E6%A5%AD%E8%A8%B1%E5%8F%AF%E6%96%BD%E8%A8%AD%EF%BC%88%E4%BB%A4%E5%92%8C4%E5%B9%B43%E6%9C%88%EF%BC%89.xls,3661491ad687aa266462b723876a1b3a689e62438acb13403311baa7901e8255
愛媛県,2022-03,南局生第210121205号,2022-03-14,2022-03-14,2027-03-31,① 飲食店営業,薬師神商店,宇和島市,,,,,,new,wayback:20220519121155:https://www.pref.ehime.jp/opendata-catalog/dataset/2344/resource/11680/%E6%96%B0%E8%A6%8F%E9%A3%9F%E5%93%81%E5%96%B6%E6%A5%AD%E8%A8%B1%E5%8F%AF%E6%96%BD%E8%A8%AD%EF%BC%88%E4%BB%A4%E5%92%8C4%E5%B9%B43%E6%9C%88%EF%BC%89.xls,3661491ad687aa266462b723876a1b3a689e62438acb13403311baa7901e8255
愛媛県,2022-03,南局生第210121206号,2022-03-14,2022-03-14,2027-03-31,① 飲食店営業,農家民宿　風山の里,南宇和郡愛南町,,,,,,new,wayback:20220519121155:https://www.pref.ehime.jp/opendata-catalog/dataset/2344/resource/11680/%E6%96%B0%E8%A6%8F%E9%A3%9F%E5%93%81%E5%96%B6%E6%A5%AD%E8%A8%B1%E5%8F%AF%E6%96%BD%E8%A8%AD%EF%BC%88%E4%BB%A4%E5%92%8C4%E5%B9%B43%E6%9C%88%EF%BC%89.xls,3661491ad687aa266462b723876a1b3a689e62438acb13403311baa7901e8255
愛媛県,2022-03,南局生第210121207号,2022-03-14,2022-03-14,2027-03-31,① 飲食店営業,歌謡クラブ　舞鶴,南宇和郡愛南町,,,,,,new,wayback:20220519121155:https://www.pref.ehime.jp/opendata-catalog/dataset/2344/resource/11680/%E6%96%B0%E8%A6%8F%E9%A3%9F%E5%93%81%E5%96%B6%E6%A5%AD%E8%A8%B1%E5%8F%AF%E6%96%BD%E8%A8%AD%EF%BC%88%E4%BB%A4%E5%92%8C4%E5%B9%B43%E6%9C%88%EF%BC%89.xls,3661491ad687aa266462b723876a1b3a689e62438acb13403311baa7901e8255
愛媛県,2022-03,南局生第210121208号,2022-03-25,2022-03-25,2027-03-31,① 飲食店営業,コーヒー　３０・３０,南宇和郡愛南町,,,,,,new,wayback:20220519121155:https://www.pref.ehime.jp/opendata-catalog/dataset/2344/resource/11680/%E6%96%B0%E8%A6%8F%E9%A3%9F%E5%93%81%E5%96%B6%E6%A5%AD%E8%A8%B1%E5%8F%AF%E6%96%BD%E8%A8%AD%EF%BC%88%E4%BB%A4%E5%92%8C4%E5%B9%B43%E6%9C%88%EF%BC%89.xls,3661491ad687aa266462b723876a1b3a689e62438acb13403311baa7901e8255
愛媛県,2022-03,南局生第210121209号,2022-03-14,2022-03-14,2027-03-31,① 飲食店営業,小料理　しみず,南宇和郡愛南町,,,,,,new,wayback:20220519121155:https://www.pref.ehime.jp/opendata-catalog/dataset/2344/resource/11680/%E6%96%B0%E8%A6%8F%E9%A3%9F%E5%93%81%E5%96%B6%E6%A5%AD%E8%A8%B1%E5%8F%AF%E6%96%BD%E8%A8%AD%EF%BC%88%E4%BB%A4%E5%92%8C4%E5%B9%B43%E6%9C%88%EF%BC%89.xls,3661491ad687aa266462b723876a1b3a689e62438acb13403311baa7901e8255
愛媛県,2022-03,南局生第210121210号,2022-03-14,2022-03-14,2027-03-31,① 飲食店営業,桜坂,南宇和郡愛南町,,,,,,new,wayback:20220519121155:https://www.pref.ehime.jp/opendata-catalog/dataset/2344/resource/11680/%E6%96%B0%E8%A6%8F%E9%A3%9F%E5%93%81%E5%96%B6%E6%A5%AD%E8%A8%B1%E5%8F%AF%E6%96%BD%E8%A8%AD%EF%BC%88%E4%BB%A4%E5%92%8C4%E5%B9%B43%E6%9C%88%EF%BC%89.xls,3661491ad687aa266462b723876a1b3a689e62438acb13403311baa7901e8255
愛媛県,2022-03,南局生第210121211号,2022-03-14,2022-03-14,2027-03-31,① 飲食店営業,岡本鮮魚,南宇和郡愛南町,,,,,,new,wayback:20220519121155:https://www.pref.ehime.jp/opendata-catalog/dataset/2344/resource/11680/%E6%96%B0%E8%A6%8F%E9%A3%9F%E5%93%81%E5%96%B6%E6%A5%AD%E8%A8%B1%E5%8F%AF%E6%96%BD%E8%A8%AD%EF%BC%88%E4%BB%A4%E5%92%8C4%E5%B9%B43%E6%9C%88%EF%BC%89.xls,3661491ad687aa266462b723876a1b3a689e62438acb13403311baa7901e8255
愛媛県,2022-03,南局生第210121212号,2022-03-14,2022-03-14,2027-03-31,① 飲食店営業,愛南町ゆらり内海,南宇和郡愛南町,,,,,,new,wayback:20220519121155:https://www.pref.ehime.jp/opendata-catalog/dataset/2344/resource/11680/%E6%96%B0%E8%A6%8F%E9%A3%9F%E5%93%81%E5%96%B6%E6%A5%AD%E8%A8%B1%E5%8F%AF%E6%96%BD%E8%A8%AD%EF%BC%88%E4%BB%A4%E5%92%8C4%E5%B9%B43%E6%9C%88%EF%BC%89.xls,3661491ad687aa266462b723876a1b3a689e62438acb13403311baa7901e8255
愛媛県,2022-03,南局生第210121213号,2022-03-25,2022-03-25,2027-03-31,① 飲食店営業,仕出し・弁当おおもり,南宇和郡愛南町,,,,,,new,wayback:20220519121155:https://www.pref.ehime.jp/opendata-catalog/dataset/2344/resource/11680/%E6%96%B0%E8%A6%8F%E9%A3%9F%E5%93%81%E5%96%B6%E6%A5%AD%E8%A8%B1%E5%8F%AF%E6%96%BD%E8%A8%AD%EF%BC%88%E4%BB%A4%E5%92%8C4%E5%B9%B43%E6%9C%88%EF%BC%89.xls,3661491ad687aa266462b723876a1b3a689e62438acb13403311baa7901e8255
愛媛県,2022-03,南局生第210121214号,2022-03-14,2022-03-14,2027-03-31,① 飲食店営業,カラオケ　柏坂,南宇和郡愛南町,,,,,,new,wayback:20220519121155:https://www.pref.ehime.jp/opendata-catalog/dataset/2344/resource/11680/%E6%96%B0%E8%A6%8F%E9%A3%9F%E5%93%81%E5%96%B6%E6%A5%AD%E8%A8%B1%E5%8F%AF%E6%96%BD%E8%A8%AD%EF%BC%88%E4%BB%A4%E5%92%8C4%E5%B9%B43%E6%9C%88%EF%BC%89.xls,3661491ad687aa266462b723876a1b3a689e62438acb13403311baa7901e8255
愛媛県,2022-03,南局生第210121215号,2022-03-14,2022-03-14,2027-03-31,① 飲食店営業,山出憩いの里　やすらぎ交流館,南宇和郡愛南町,,,,,,new,wayback:20220519121155:https://www.pref.ehime.jp/opendata-catalog/dataset/2344/resource/11680/%E6%96%B0%E8%A6%8F%E9%A3%9F%E5%93%81%E5%96%B6%E6%A5%AD%E8%A8%B1%E5%8F%AF%E6%96%BD%E8%A8%AD%EF%BC%88%E4%BB%A4%E5%92%8C4%E5%B9%B43%E6%9C%88%EF%BC%89.xls,3661491ad687aa266462b723876a1b3a689e62438acb13403311baa7901e8255
愛媛県,2022-03,南局生第210121216号,2022-03-14,2022-03-14,2027-03-31,① 飲食店営業,カフェレスト（喫茶・軽食）　かつやま,北宇和郡鬼北町,,,,,,new,wayback:20220519121155:https://www.pref.ehime.jp/opendata-catalog/dataset/2344/resource/11680/%E6%96%B0%E8%A6%8F%E9%A3%9F%E5%93%81%E5%96%B6%E6%A5%AD%E8%A8%B1%E5%8F%AF%E6%96%BD%E8%A8%AD%EF%BC%88%E4%BB%A4%E5%92%8C4%E5%B9%B43%E6%9C%88%EF%BC%89.xls,3661491ad687aa266462b723876a1b3a689e62438acb13403311baa7901e8255
愛媛県,2022-03,南局生第210121217号,2022-03-14,2022-03-14,2027-03-31,① 飲食店営業,好屋,北宇和郡鬼北町,,,,,,new,wayback:20220519121155:https://www.pref.ehime.jp/opendata-catalog/dataset/2344/resource/11680/%E6%96%B0%E8%A6%8F%E9%A3%9F%E5%93%81%E5%96%B6%E6%A5%AD%E8%A8%B1%E5%8F%AF%E6%96%BD%E8%A8%AD%EF%BC%88%E4%BB%A4%E5%92%8C4%E5%B9%B43%E6%9C%88%EF%BC%89.xls,3661491ad687aa266462b723876a1b3a689e62438acb13403311baa7901e8255
愛媛県,2022-03,南局生第210121218号,2022-03-14,2022-03-14,2027-03-31,⑪ 菓子製造業,障がい者就労支援施設　みもざ,北宇和郡鬼北町,,,,,,new,wayback:20220519121155:https://www.pref.ehime.jp/opendata-catalog/dataset/2344/resource/11680/%E6%96%B0%E8%A6%8F%E9%A3%9F%E5%93%81%E5%96%B6%E6%A5%AD%E8%A8%B1%E5%8F%AF%E6%96%BD%E8%A8%AD%EF%BC%88%E4%BB%A4%E5%92%8C4%E5%B9%B43%E6%9C%88%EF%BC%89.xls,3661491ad687aa266462b723876a1b3a689e62438acb13403311baa7901e8255
愛媛県,2022-03,南局生第210121219号,2022-03-14,2022-03-14,2027-03-31,① 飲食店営業,ファミリーマート鬼北奈良店,北宇和郡鬼北町,,,,,,new,wayback:20220519121155:https://www.pref.ehime.jp/opendata-catalog/dataset/2344/resource/11680/%E6%96%B0%E8%A6%8F%E9%A3%9F%E5%93%81%E5%96%B6%E6%A5%AD%E8%A8%B1%E5%8F%AF%E6%96%BD%E8%A8%AD%EF%BC%88%E4%BB%A4%E5%92%8C4%E5%B9%B43%E6%9C%88%EF%BC%89.xls,3661491ad687aa266462b723876a1b3a689e62438acb13403311baa7901e8255
愛媛県,2022-03,南局生第210121220号,2022-03-14,2022-03-14,2027-03-31,① 飲食店営業,ファミリーマート松野虹の森店,北宇和郡松野町,,,,,,new,wayback:20220519121155:https://www.pref.ehime.jp/opendata-catalog/dataset/2344/resource/11680/%E6%96%B0%E8%A6%8F%E9%A3%9F%E5%93%81%E5%96%B6%E6%A5%AD%E8%A8%B1%E5%8F%AF%E6%96%BD%E8%A8%AD%EF%BC%88%E4%BB%A4%E5%92%8C4%E5%B9%B43%E6%9C%88%EF%BC%89.xls,3661491ad687aa266462b723876a1b3a689e62438acb13403311baa7901e8255
愛媛県,2022-03,南局生第210121221号,2022-03-14,2022-03-14,2027-03-31,① 飲食店営業,魚剛,北宇和郡松野町,,,,,,new,wayback:20220519121155:https://www.pref.ehime.jp/opendata-catalog/dataset/2344/resource/11680/%E6%96%B0%E8%A6%8F%E9%A3%9F%E5%93%81%E5%96%B6%E6%A5%AD%E8%A8%B1%E5%8F%AF%E6%96%BD%E8%A8%AD%EF%BC%88%E4%BB%A4%E5%92%8C4%E5%B9%B43%E6%9C%88%EF%BC%89.xls,3661491ad687aa266462b723876a1b3a689e62438acb13403311baa7901e8255
愛媛県,2022-03,南局生第210121222号,2022-03-14,2022-03-14,2027-03-31,① 飲食店営業,トミー,北宇和郡松野町,,,,,,new,wayback:20220519121155:https://www.pref.ehime.jp/opendata-catalog/dataset/2344/resource/11680/%E6%96%B0%E8%A6%8F%E9%A3%9F%E5%93%81%E5%96%B6%E6%A5%AD%E8%A8%B1%E5%8F%AF%E6%96%BD%E8%A8%AD%EF%BC%88%E4%BB%A4%E5%92%8C4%E5%B9%B43%E6%9C%88%EF%BC%89.xls,3661491ad687aa266462b723876a1b3a689e62438acb13403311baa7901e8255
愛媛県,2022-03,南局生第210121223号,2022-03-14,2022-03-14,2027-03-31,① 飲食店営業,森の国,北宇和郡松野町,,,,,,new,wayback:20220519121155:https://www.pref.ehime.jp/opendata-catalog/dataset/2344/resource/11680/%E6%96%B0%E8%A6%8F%E9%A3%9F%E5%93%81%E5%96%B6%E6%A5%AD%E8%A8%B1%E5%8F%AF%E6%96%BD%E8%A8%AD%EF%BC%88%E4%BB%A4%E5%92%8C4%E5%B9%B43%E6%9C%88%EF%BC%89.xls,3661491ad687aa266462b723876a1b3a689e62438acb13403311baa7901e8255
愛媛県,2022-03,南局生第210121224号,2022-03-14,2022-03-14,2027-03-31,① 飲食店営業,道の駅　虹の森公園まつの　フードコーナー,北宇和郡松野町,,,,,,new,wayback:20220519121155:https://www.pref.ehime.jp/opendata-catalog/dataset/2344/resource/11680/%E6%96%B0%E8%A6%8F%E9%A3%9F%E5%93%81%E5%96%B6%E6%A5%AD%E8%A8%B1%E5%8F%AF%E6%96%BD%E8%A8%AD%EF%BC%88%E4%BB%A4%E5%92%8C4%E5%B9%B43%E6%9C%88%EF%BC%89.xls,3661491ad687aa266462b723876a1b3a689e62438acb13403311baa7901e8255
愛媛県,2022-03,南局生第210121225号,2022-03-14,2022-03-14,2027-03-31,① 飲食店営業,道の駅　虹の森公園まつの　レストラン遊鶴羽,北宇和郡松野町,,,,,,new,wayback:20220519121155:https://www.pref.ehime.jp/opendata-catalog/dataset/2344/resource/11680/%E6%96%B0%E8%A6%8F%E9%A3%9F%E5%93%81%E5%96%B6%E6%A5%AD%E8%A8%B1%E5%8F%AF%E6%96%BD%E8%A8%AD%EF%BC%88%E4%BB%A4%E5%92%8C4%E5%B9%B43%E6%9C%88%EF%BC%89.xls,3661491ad687aa266462b723876a1b3a689e62438acb13403311baa7901e8255
愛媛県,2022-03,南局生第210121226号,2022-03-22,2022-03-22,2027-03-31,① 飲食店営業,ハマグチ亭,宇和島市,,,,,,new,wayback:20220519121155:https://www.pref.ehime.jp/opendata-catalog/dataset/2344/resource/11680/%E6%96%B0%E8%A6%8F%E9%A3%9F%E5%93%81%E5%96%B6%E6%A5%AD%E8%A8%B1%E5%8F%AF%E6%96%BD%E8%A8%AD%EF%BC%88%E4%BB%A4%E5%92%8C4%E5%B9%B43%E6%9C%88%EF%BC%89.xls,3661491ad687aa266462b723876a1b3a689e62438acb13403311baa7901e8255
愛媛県,2022-03,南局生第210121227号,2022-03-22,2022-03-22,2027-03-31,① 飲食店営業,ＫＩＴＣＨＥＮ　ＮＩＣＯＲＩ,宇和島市,,,,,,new,wayback:20220519121155:https://www.pref.ehime.jp/opendata-catalog/dataset/2344/resource/11680/%E6%96%B0%E8%A6%8F%E9%A3%9F%E5%93%81%E5%96%B6%E6%A5%AD%E8%A8%B1%E5%8F%AF%E6%96%BD%E8%A8%AD%EF%BC%88%E4%BB%A4%E5%92%8C4%E5%B9%B43%E6%9C%88%EF%BC%89.xls,3661491ad687aa266462b723876a1b3a689e62438acb13403311baa7901e8255
愛媛県,2022-03,南局生第210301011号,2022-03-15,2022-03-15,2027-03-31,③ 食肉販売業,肉専門店セキモト,北宇和郡松野町,,,,,,new,wayback:20220519121155:https://www.pref.ehime.jp/opendata-catalog/dataset/2344/resource/11680/%E6%96%B0%E8%A6%8F%E9%A3%9F%E5%93%81%E5%96%B6%E6%A5%AD%E8%A8%B1%E5%8F%AF%E6%96%BD%E8%A8%AD%EF%BC%88%E4%BB%A4%E5%92%8C4%E5%B9%B43%E6%9C%88%EF%BC%89.xls,3661491ad687aa266462b723876a1b3a689e62438acb13403311baa7901e8255
愛媛県,2022-03,南局生第210401034号,2022-03-14,2022-03-14,2027-03-31,④ 魚介類販売業,岡本鮮魚,南宇和郡愛南町,,,,,,new,wayback:20220519121155:https://www.pref.ehime.jp/opendata-catalog/dataset/2344/resource/11680/%E6%96%B0%E8%A6%8F%E9%A3%9F%E5%93%81%E5%96%B6%E6%A5%AD%E8%A8%B1%E5%8F%AF%E6%96%BD%E8%A8%AD%EF%BC%88%E4%BB%A4%E5%92%8C4%E5%B9%B43%E6%9C%88%EF%BC%89.xls,3661491ad687aa266462b723876a1b3a689e62438acb13403311baa7901e8255
愛媛県,2022-03,南局生第210401035号,2022-03-14,2022-03-14,2027-03-31,④ 魚介類販売業,魚剛,北宇和郡松野町,,,,,,new,wayback:20220519121155:https://www.pref.ehime.jp/opendata-catalog/dataset/2344/resource/11680/%E6%96%B0%E8%A6%8F%E9%A3%9F%E5%93%81%E5%96%B6%E6%A5%AD%E8%A8%B1%E5%8F%AF%E6%96%BD%E8%A8%AD%EF%BC%88%E4%BB%A4%E5%92%8C4%E5%B9%B43%E6%9C%88%EF%BC%89.xls,3661491ad687aa266462b723876a1b3a689e62438acb13403311baa7901e8255
愛媛県,2022-03,南局生第210401036号,2022-03-14,2022-03-14,2027-03-31,④ 魚介類販売業,スーパーくずかわ,北宇和郡鬼北町,,,,,,new,wayback:20220519121155:https://www.pref.ehime.jp/opendata-catalog/dataset/2344/resource/11680/%E6%96%B0%E8%A6%8F%E9%A3%9F%E5%93%81%E5%96%B6%E6%A5%AD%E8%A8%B1%E5%8F%AF%E6%96%BD%E8%A8%AD%EF%BC%88%E4%BB%A4%E5%92%8C4%E5%B9%B43%E6%9C%88%EF%BC%89.xls,3661491ad687aa266462b723876a1b3a689e62438acb13403311baa7901e8255
愛媛県,2022-03,南局生第210401037号,2022-03-14,2022-03-14,2027-03-31,④ 魚介類販売業,中平鮮魚店,宇和島市,,,,,,new,wayback:20220519121155:https://www.pref.ehime.jp/opendata-catalog/dataset/2344/resource/11680/%E6%96%B0%E8%A6%8F%E9%A3%9F%E5%93%81%E5%96%B6%E6%A5%AD%E8%A8%B1%E5%8F%AF%E6%96%BD%E8%A8%AD%EF%BC%88%E4%BB%A4%E5%92%8C4%E5%B9%B43%E6%9C%88%EF%BC%89.xls,3661491ad687aa266462b723876a1b3a689e62438acb13403311baa7901e8255
愛媛県,2022-03,南局生第210401038号,2022-03-14,2022-03-14,2027-03-31,④ 魚介類販売業,エコショップひろみ,北宇和郡鬼北町,,,,,,new,wayback:20220519121155:https://www.pref.ehime.jp/opendata-catalog/dataset/2344/resource/11680/%E6%96%B0%E8%A6%8F%E9%A3%9F%E5%93%81%E5%96%B6%E6%A5%AD%E8%A8%B1%E5%8F%AF%E6%96%BD%E8%A8%AD%EF%BC%88%E4%BB%A4%E5%92%8C4%E5%B9%B43%E6%9C%88%EF%BC%89.xls,3661491ad687aa266462b723876a1b3a689e62438acb13403311baa7901e8255
愛媛県,2022-03,南局生第210501001号,2022-03-14,2022-03-14,2027-03-31,⑤ 魚介類競り売り営業,愛南漁業協同組合御荘地方卸売市場,南宇和郡愛南町,,,,,,new,wayback:20220519121155:https://www.pref.ehime.jp/opendata-catalog/dataset/2344/resource/11680/%E6%96%B0%E8%A6%8F%E9%A3%9F%E5%93%81%E5%96%B6%E6%A5%AD%E8%A8%B1%E5%8F%AF%E6%96%BD%E8%A8%AD%EF%BC%88%E4%BB%A4%E5%92%8C4%E5%B9%B43%E6%9C%88%EF%BC%89.xls,3661491ad687aa266462b723876a1b3a689e62438acb13403311baa7901e8255
愛媛県,2022-03,南局生第211101044号,2022-03-14,2022-03-14,2027-03-31,⑪ 菓子製造業,愛南町ゆらり内海,南宇和郡愛南町,,,,,,new,wayback:20220519121155:https://www.pref.ehime.jp/opendata-catalog/dataset/2344/resource/11680/%E6%96%B0%E8%A6%8F%E9%A3%9F%E5%93%81%E5%96%B6%E6%A5%AD%E8%A8%B1%E5%8F%AF%E6%96%BD%E8%A8%AD%EF%BC%88%E4%BB%A4%E5%92%8C4%E5%B9%B43%E6%9C%88%EF%BC%89.xls,3661491ad687aa266462b723876a1b3a689e62438acb13403311baa7901e8255
愛媛県,2022-03,南局生第211101045号,2022-03-14,2022-03-14,2027-03-31,① 飲食店営業,障がい者就労支援施設　みもざ,北宇和郡鬼北町,,,,,,new,wayback:20220519121155:https://www.pref.ehime.jp/opendata-catalog/dataset/2344/resource/11680/%E6%96%B0%E8%A6%8F%E9%A3%9F%E5%93%81%E5%96%B6%E6%A5%AD%E8%A8%B1%E5%8F%AF%E6%96%BD%E8%A8%AD%EF%BC%88%E4%BB%A4%E5%92%8C4%E5%B9%B43%E6%9C%88%EF%BC%89.xls,3661491ad687aa266462b723876a1b3a689e62438acb13403311baa7901e8255
愛媛県,2022-03,南局生第211101046号,2022-03-14,2022-03-14,2027-03-31,⑪ 菓子製造業,森の国,北宇和郡松野町,,,,,,new,wayback:20220519121155:https://www.pref.ehime.jp/opendata-catalog/dataset/2344/resource/11680/%E6%96%B0%E8%A6%8F%E9%A3%9F%E5%93%81%E5%96%B6%E6%A5%AD%E8%A8%B1%E5%8F%AF%E6%96%BD%E8%A8%AD%EF%BC%88%E4%BB%A4%E5%92%8C4%E5%B9%B43%E6%9C%88%EF%BC%89.xls,3661491ad687aa266462b723876a1b3a689e62438acb13403311baa7901e8255
愛媛県,2022-03,南局生第211101047号,2022-03-14,2022-03-14,2027-03-31,⑪ 菓子製造業,ひかり工房,宇和島市,,,,,,new,wayback:20220519121155:https://www.pref.ehime.jp/opendata-catalog/dataset/2344/resource/11680/%E6%96%B0%E8%A6%8F%E9%A3%9F%E5%93%81%E5%96%B6%E6%A5%AD%E8%A8%B1%E5%8F%AF%E6%96%BD%E8%A8%AD%EF%BC%88%E4%BB%A4%E5%92%8C4%E5%B9%B43%E6%9C%88%EF%BC%89.xls,3661491ad687aa266462b723876a1b3a689e62438acb13403311baa7901e8255
愛媛県,2022-03,南局生第211101048号,2022-03-14,2022-03-14,2027-03-31,⑪ 菓子製造業,パールサンセット,宇和島市,,,,,,new,wayback:20220519121155:https://www.pref.ehime.jp/opendata-catalog/dataset/2344/resource/11680/%E6%96%B0%E8%A6%8F%E9%A3%9F%E5%93%81%E5%96%B6%E6%A5%AD%E8%A8%B1%E5%8F%AF%E6%96%BD%E8%A8%AD%EF%BC%88%E4%BB%A4%E5%92%8C4%E5%B9%B43%E6%9C%88%EF%BC%89.xls,3661491ad687aa266462b723876a1b3a689e62438acb13403311baa7901e8255
愛媛県,2022-03,南局生第211101049号,2022-03-14,2022-03-14,2027-03-31,⑪ 菓子製造業,プティ・フルール,宇和島市,,,,,,new,wayback:20220519121155:https://www.pref.ehime.jp/opendata-catalog/dataset/2344/resource/11680/%E6%96%B0%E8%A6%8F%E9%A3%9F%E5%93%81%E5%96%B6%E6%A5%AD%E8%A8%B1%E5%8F%AF%E6%96%BD%E8%A8%AD%EF%BC%88%E4%BB%A4%E5%92%8C4%E5%B9%B43%E6%9C%88%EF%BC%89.xls,3661491ad687aa266462b723876a1b3a689e62438acb13403311baa7901e8255
愛媛県,2022-03,南局生第211101050号,2022-03-14,2022-03-14,2027-03-31,⑪ 菓子製造業,メゾン・ド・ソレイユ,宇和島市,,,,,,new,wayback:20220519121155:https://www.pref.ehime.jp/opendata-catalog/dataset/2344/resource/11680/%E6%96%B0%E8%A6%8F%E9%A3%9F%E5%93%81%E5%96%B6%E6%A5%AD%E8%A8%B1%E5%8F%AF%E6%96%BD%E8%A8%AD%EF%BC%88%E4%BB%A4%E5%92%8C4%E5%B9%B43%E6%9C%88%EF%BC%89.xls,3661491ad687aa266462b723876a1b3a689e62438acb13403311baa7901e8255
愛媛県,2022-03,南局生第211101051号,2022-03-14,2022-03-14,2027-03-31,⑪ 菓子製造業,曽我屋パン店,宇和島市,,,,,,new,wayback:20220519121155:https://www.pref.ehime.jp/opendata-catalog/dataset/2344/resource/11680/%E6%96%B0%E8%A6%8F%E9%A3%9F%E5%93%81%E5%96%B6%E6%A5%AD%E8%A8%B1%E5%8F%AF%E6%96%BD%E8%A8%AD%EF%BC%88%E4%BB%A4%E5%92%8C4%E5%B9%B43%E6%9C%88%EF%BC%89.xls,3661491ad687aa266462b723876a1b3a689e62438acb13403311baa7901e8255
愛媛県,2022-03,南局生第211101052号,2022-03-14,2022-03-14,2027-03-31,⑪ 菓子製造業,浜田三島堂,宇和島市,,,,,,new,wayback:20220519121155:https://www.pref.ehime.jp/opendata-catalog/dataset/2344/resource/11680/%E6%96%B0%E8%A6%8F%E9%A3%9F%E5%93%81%E5%96%B6%E6%A5%AD%E8%A8%B1%E5%8F%AF%E6%96%BD%E8%A8%AD%EF%BC%88%E4%BB%A4%E5%92%8C4%E5%B9%B43%E6%9C%88%EF%BC%89.xls,3661491ad687aa266462b723876a1b3a689e62438acb13403311baa7901e8255
愛媛県,2022-03,南局生第211101053号,2022-03-14,2022-03-14,2027-03-31,⑪ 菓子製造業,原田明月堂,南宇和郡愛南町,,,,,,new,wayback:20220519121155:https://www.pref.ehime.jp/opendata-catalog/dataset/2344/resource/11680/%E6%96%B0%E8%A6%8F%E9%A3%9F%E5%93%81%E5%96%B6%E6%A5%AD%E8%A8%B1%E5%8F%AF%E6%96%BD%E8%A8%AD%EF%BC%88%E4%BB%A4%E5%92%8C4%E5%B9%B43%E6%9C%88%EF%BC%89.xls,3661491ad687aa266462b723876a1b3a689e62438acb13403311baa7901e8255
愛媛県,2022-03,南局生第211101054号,2022-03-14,2022-03-14,2027-03-31,⑪ 菓子製造業,道の駅　虹の森公園まつの　加工室（菓子）,北宇和郡松野町,,,,,,new,wayback:20220519121155:https://www.pref.ehime.jp/opendata-catalog/dataset/2344/resource/11680/%E6%96%B0%E8%A6%8F%E9%A3%9F%E5%93%81%E5%96%B6%E6%A5%AD%E8%A8%B1%E5%8F%AF%E6%96%BD%E8%A8%AD%EF%BC%88%E4%BB%A4%E5%92%8C4%E5%B9%B43%E6%9C%88%EF%BC%89.xls,3661491ad687aa266462b723876a1b3a689e62438acb13403311baa7901e8255
愛媛県,2022-03,南局生第211101055号,2022-03-15,2022-03-15,2027-03-31,⑪ 菓子製造業,フェザンフィレール,北宇和郡鬼北町,,,,,,new,wayback:20220519121155:https://www.pref.ehime.jp/opendata-catalog/dataset/2344/resource/11680/%E6%96%B0%E8%A6%8F%E9%A3%9F%E5%93%81%E5%96%B6%E6%A5%AD%E8%A8%B1%E5%8F%AF%E6%96%BD%E8%A8%AD%EF%BC%88%E4%BB%A4%E5%92%8C4%E5%B9%B43%E6%9C%88%EF%BC%89.xls,3661491ad687aa266462b723876a1b3a689e62438acb13403311baa7901e8255
愛媛県,2022-03,南局生第211201006号,2022-03-14,2022-03-14,2027-03-31,⑫ アイスクリーム類製造業,愛南町ゆらり内海,南宇和郡愛南町,,,,,,new,wayback:20220519121155:https://www.pref.ehime.jp/opendata-catalog/dataset/2344/resource/11680/%E6%96%B0%E8%A6%8F%E9%A3%9F%E5%93%81%E5%96%B6%E6%A5%AD%E8%A8%B1%E5%8F%AF%E6%96%BD%E8%A8%AD%EF%BC%88%E4%BB%A4%E5%92%8C4%E5%B9%B43%E6%9C%88%EF%BC%89.xls,3661491ad687aa266462b723876a1b3a689e62438acb13403311baa7901e8255
愛媛県,2022-03,南局生第211201007号,2022-03-14,2022-03-14,2027-03-31,⑫ アイスクリーム類製造業,道の駅　虹の森公園まつの　アイスクリーム製造所,北宇和郡松野町,,,,,,new,wayback:20220519121155:https://www.pref.ehime.jp/opendata-catalog/dataset/2344/resource/11680/%E6%96%B0%E8%A6%8F%E9%A3%9F%E5%93%81%E5%96%B6%E6%A5%AD%E8%A8%B1%E5%8F%AF%E6%96%BD%E8%A8%AD%EF%BC%88%E4%BB%A4%E5%92%8C4%E5%B9%B43%E6%9C%88%EF%BC%89.xls,3661491ad687aa266462b723876a1b3a689e62438acb13403311baa7901e8255
愛媛県,2022-03,南局生第211601022号,2022-03-03,2022-03-03,2027-03-31,⑯ 水産製品製造業,山崎鮮魚店,宇和島市,,,,,,new,wayback:20220519121155:https://www.pref.ehime.jp/opendata-catalog/dataset/2344/resource/11680/%E6%96%B0%E8%A6%8F%E9%A3%9F%E5%93%81%E5%96%B6%E6%A5%AD%E8%A8%B1%E5%8F%AF%E6%96%BD%E8%A8%AD%EF%BC%88%E4%BB%A4%E5%92%8C4%E5%B9%B43%E6%9C%88%EF%BC%89.xls,3661491ad687aa266462b723876a1b3a689e62438acb13403311baa7901e8255
愛媛県,2022-03,南局生第211601025号,2022-03-14,2022-03-14,2027-03-31,⑯ 水産製品製造業,株式会社　南予ビージョイ　坂下津事業所,宇和島市,,,,,,new,wayback:20220519121155:https://www.pref.ehime.jp/opendata-catalog/dataset/2344/resource/11680/%E6%96%B0%E8%A6%8F%E9%A3%9F%E5%93%81%E5%96%B6%E6%A5%AD%E8%A8%B1%E5%8F%AF%E6%96%BD%E8%A8%AD%EF%BC%88%E4%BB%A4%E5%92%8C4%E5%B9%B43%E6%9C%88%EF%BC%89.xls,3661491ad687aa266462b723876a1b3a689e62438acb13403311baa7901e8255
愛媛県,2022-03,南局生第211601026号,2022-03-14,2022-03-14,2027-03-31,⑯ 水産製品製造業,井上蒲鉾本舗,宇和島市,,,,,,new,wayback:20220519121155:https://www.pref.ehime.jp/opendata-catalog/dataset/2344/resource/11680/%E6%96%B0%E8%A6%8F%E9%A3%9F%E5%93%81%E5%96%B6%E6%A5%AD%E8%A8%B1%E5%8F%AF%E6%96%BD%E8%A8%AD%EF%BC%88%E4%BB%A4%E5%92%8C4%E5%B9%B43%E6%9C%88%EF%BC%89.xls,3661491ad687aa266462b723876a1b3a689e62438acb13403311baa7901e8255
愛媛県,2022-03,南局生第211601027号,2022-03-14,2022-03-14,2027-03-31,⑯ 水産製品製造業,野中かまぼこ店,宇和島市,,,,,,new,wayback:20220519121155:https://www.pref.ehime.jp/opendata-catalog/dataset/2344/resource/11680/%E6%96%B0%E8%A6%8F%E9%A3%9F%E5%93%81%E5%96%B6%E6%A5%AD%E8%A8%B1%E5%8F%AF%E6%96%BD%E8%A8%AD%EF%BC%88%E4%BB%A4%E5%92%8C4%E5%B9%B43%E6%9C%88%EF%BC%89.xls,3661491ad687aa266462b723876a1b3a689e62438acb13403311baa7901e8255
愛媛県,2022-03,南局生第211901001号,2022-03-14,2022-03-14,2027-03-31,⑲ 食用油脂製造業,企業組合森の風,北宇和郡鬼北町,,,,,,new,wayback:20220519121155:https://www.pref.ehime.jp/opendata-catalog/dataset/2344/resource/11680/%E6%96%B0%E8%A6%8F%E9%A3%9F%E5%93%81%E5%96%B6%E6%A5%AD%E8%A8%B1%E5%8F%AF%E6%96%BD%E8%A8%AD%EF%BC%88%E4%BB%A4%E5%92%8C4%E5%B9%B43%E6%9C%88%EF%BC%89.xls,3661491ad687aa266462b723876a1b3a689e62438acb13403311baa7901e8255
愛媛県,2022-03,南局生第212001006号,2022-03-14,2022-03-14,2027-03-31,⑳ みそ又はしょうゆ製造業,あさひ,宇和島市,,,,,,new,wayback:20220519121155:https://www.pref.ehime.jp/opendata-catalog/dataset/2344/resource/11680/%E6%96%B0%E8%A6%8F%E9%A3%9F%E5%93%81%E5%96%B6%E6%A5%AD%E8%A8%B1%E5%8F%AF%E6%96%BD%E8%A8%AD%EF%BC%88%E4%BB%A4%E5%92%8C4%E5%B9%B43%E6%9C%88%EF%BC%89.xls,3661491ad687aa266462b723876a1b3a689e62438acb13403311baa7901e8255
愛媛県,2022-03,南局生第212101001号,2022-03-14,2022-03-14,2027-03-31,㉑ 酒類製造業,名門サカイ,宇和島市,,,,,,new,wayback:20220519121155:https://www.pref.ehime.jp/opendata-catalog/dataset/2344/resource/11680/%E6%96%B0%E8%A6%8F%E9%A3%9F%E5%93%81%E5%96%B6%E6%A5%AD%E8%A8%B1%E5%8F%AF%E6%96%BD%E8%A8%AD%EF%BC%88%E4%BB%A4%E5%92%8C4%E5%B9%B43%E6%9C%88%EF%BC%89.xls,3661491ad687aa266462b723876a1b3a689e62438acb13403311baa7901e8255
愛媛県,2022-03,南局生第212501021号,2022-03-11,2022-03-11,2027-03-31,㉕ そうざい製造業,はるめし,南宇和郡愛南町,,,,,,new,wayback:20220519121155:https://www.pref.ehime.jp/opendata-catalog/dataset/2344/resource/11680/%E6%96%B0%E8%A6%8F%E9%A3%9F%E5%93%81%E5%96%B6%E6%A5%AD%E8%A8%B1%E5%8F%AF%E6%96%BD%E8%A8%AD%EF%BC%88%E4%BB%A4%E5%92%8C4%E5%B9%B43%E6%9C%88%EF%BC%89.xls,3661491ad687aa266462b723876a1b3a689e62438acb13403311baa7901e8255
愛媛県,2022-03,南局生第212501022号,2022-03-14,2022-03-14,2027-03-31,㉕ そうざい製造業,岡本鮮魚,南宇和郡愛南町,,,,,,new,wayback:20220519121155:https://www.pref.ehime.jp/opendata-catalog/dataset/2344/resource/11680/%E6%96%B0%E8%A6%8F%E9%A3%9F%E5%93%81%E5%96%B6%E6%A5%AD%E8%A8%B1%E5%8F%AF%E6%96%BD%E8%A8%AD%EF%BC%88%E4%BB%A4%E5%92%8C4%E5%B9%B43%E6%9C%88%EF%BC%89.xls,3661491ad687aa266462b723876a1b3a689e62438acb13403311baa7901e8255
愛媛県,2022-03,南局生第212501023号,2022-03-14,2022-03-14,2027-03-31,㉕ そうざい製造業,吉見屋,宇和島市,,,,,,new,wayback:20220519121155:https://www.pref.ehime.jp/opendata-catalog/dataset/2344/resource/11680/%E6%96%B0%E8%A6%8F%E9%A3%9F%E5%93%81%E5%96%B6%E6%A5%AD%E8%A8%B1%E5%8F%AF%E6%96%BD%E8%A8%AD%EF%BC%88%E4%BB%A4%E5%92%8C4%E5%B9%B43%E6%9C%88%EF%BC%89.xls,3661491ad687aa266462b723876a1b3a689e62438acb13403311baa7901e8255
愛媛県,2022-03,南局生第212501024号,2022-03-14,2022-03-14,2027-03-31,㉕ そうざい製造業,Ｋ－Ｋｉｔｃｈｅｎ,宇和島市,,,,,,new,wayback:20220519121155:https://www.pref.ehime.jp/opendata-catalog/dataset/2344/resource/11680/%E6%96%B0%E8%A6%8F%E9%A3%9F%E5%93%81%E5%96%B6%E6%A5%AD%E8%A8%B1%E5%8F%AF%E6%96%BD%E8%A8%AD%EF%BC%88%E4%BB%A4%E5%92%8C4%E5%B9%B43%E6%9C%88%EF%BC%89.xls,3661491ad687aa266462b723876a1b3a689e62438acb13403311baa7901e8255
愛媛県,2022-03,南局生第212501025号,2022-03-14,2022-03-14,2027-03-31,㉕ そうざい製造業,工房まき,宇和島市,,,,,,new,wayback:20220519121155:https://www.pref.ehime.jp/opendata-catalog/dataset/2344/resource/11680/%E6%96%B0%E8%A6%8F%E9%A3%9F%E5%93%81%E5%96%B6%E6%A5%AD%E8%A8%B1%E5%8F%AF%E6%96%BD%E8%A8%AD%EF%BC%88%E4%BB%A4%E5%92%8C4%E5%B9%B43%E6%9C%88%EF%BC%89.xls,3661491ad687aa266462b723876a1b3a689e62438acb13403311baa7901e8255
愛媛県,2022-03,南局生第212501026号,2022-03-14,2022-03-14,2027-03-31,㉕ そうざい製造業,株式会社きむら,宇和島市,,,,,,new,wayback:20220519121155:https://www.pref.ehime.jp/opendata-catalog/dataset/2344/resource/11680/%E6%96%B0%E8%A6%8F%E9%A3%9F%E5%93%81%E5%96%B6%E6%A5%AD%E8%A8%B1%E5%8F%AF%E6%96%BD%E8%A8%AD%EF%BC%88%E4%BB%A4%E5%92%8C4%E5%B9%B43%E6%9C%88%EF%BC%89.xls,3661491ad687aa266462b723876a1b3a689e62438acb13403311baa7901e8255
愛媛県,2022-03,南局生第212501027号,2022-03-14,2022-03-14,2027-03-31,㉕ そうざい製造業,三間チロリン村,宇和島市,,,,,,new,wayback:20220519121155:https://www.pref.ehime.jp/opendata-catalog/dataset/2344/resource/11680/%E6%96%B0%E8%A6%8F%E9%A3%9F%E5%93%81%E5%96%B6%E6%A5%AD%E8%A8%B1%E5%8F%AF%E6%96%BD%E8%A8%AD%EF%BC%88%E4%BB%A4%E5%92%8C4%E5%B9%B43%E6%9C%88%EF%BC%89.xls,3661491ad687aa266462b723876a1b3a689e62438acb13403311baa7901e8255
愛媛県,2022-03,南局生第212501028号,2022-03-14,2022-03-14,2027-03-31,㉕ そうざい製造業,しみず,南宇和郡愛南町,,,,,,new,wayback:20220519121155:https://www.pref.ehime.jp/opendata-catalog/dataset/2344/resource/11680/%E6%96%B0%E8%A6%8F%E9%A3%9F%E5%93%81%E5%96%B6%E6%A5%AD%E8%A8%B1%E5%8F%AF%E6%96%BD%E8%A8%AD%EF%BC%88%E4%BB%A4%E5%92%8C4%E5%B9%B43%E6%9C%88%EF%BC%89.xls,3661491ad687aa266462b723876a1b3a689e62438acb13403311baa7901e8255
愛媛県,2022-03,南局生第212501029号,2022-03-14,2022-03-14,2027-03-31,㉕ そうざい製造業,道の駅　虹の森公園まつの　加工室（そうざい）,北宇和郡松野町,,,,,,new,wayback:20220519121155:https://www.pref.ehime.jp/opendata-catalog/dataset/2344/resource/11680/%E6%96%B0%E8%A6%8F%E9%A3%9F%E5%93%81%E5%96%B6%E6%A5%AD%E8%A8%B1%E5%8F%AF%E6%96%BD%E8%A8%AD%EF%BC%88%E4%BB%A4%E5%92%8C4%E5%B9%B43%E6%9C%88%EF%BC%89.xls,3661491ad687aa266462b723876a1b3a689e62438acb13403311baa7901e8255
愛媛県,2022-03,南局生第212501030号,2022-03-14,2022-03-14,2027-03-31,㉕ そうざい製造業,きむもこ,宇和島市,,,,,,new,wayback:20220519121155:https://www.pref.ehime.jp/opendata-catalog/dataset/2344/resource/11680/%E6%96%B0%E8%A6%8F%E9%A3%9F%E5%93%81%E5%96%B6%E6%A5%AD%E8%A8%B1%E5%8F%AF%E6%96%BD%E8%A8%AD%EF%BC%88%E4%BB%A4%E5%92%8C4%E5%B9%B43%E6%9C%88%EF%BC%89.xls,3661491ad687aa266462b723876a1b3a689e62438acb13403311baa7901e8255
愛媛県,2022-03,南局生第212501031号,2022-03-15,2022-03-15,2027-03-31,㉕ そうざい製造業,フェザンフィレール,北宇和郡鬼北町,,,,,,new,wayback:20220519121155:https://www.pref.ehime.jp/opendata-catalog/dataset/2344/resource/11680/%E6%96%B0%E8%A6%8F%E9%A3%9F%E5%93%81%E5%96%B6%E6%A5%AD%E8%A8%B1%E5%8F%AF%E6%96%BD%E8%A8%AD%EF%BC%88%E4%BB%A4%E5%92%8C4%E5%B9%B43%E6%9C%88%EF%BC%89.xls,3661491ad687aa266462b723876a1b3a689e62438acb13403311baa7901e8255
愛媛県,2022-03,南局生第212901003号,2022-03-09,2022-03-09,2027-03-31,㉙ 漬物製造業,佐野理恵,宇和島市,,,,,,new,wayback:20220519121155:https://www.pref.ehime.jp/opendata-catalog/dataset/2344/resource/11680/%E6%96%B0%E8%A6%8F%E9%A3%9F%E5%93%81%E5%96%B6%E6%A5%AD%E8%A8%B1%E5%8F%AF%E6%96%BD%E8%A8%AD%EF%BC%88%E4%BB%A4%E5%92%8C4%E5%B9%B43%E6%9C%88%EF%BC%89.xls,3661491ad687aa266462b723876a1b3a689e62438acb13403311baa7901e8255
愛媛県,2022-03,南局生第212901004号,2022-03-22,2022-03-22,2027-03-31,㉙ 漬物製造業,高田農園,北宇和郡松野町,,,,,,new,wayback:20220519121155:https://www.pref.ehime.jp/opendata-catalog/dataset/2344/resource/11680/%E6%96%B0%E8%A6%8F%E9%A3%9F%E5%93%81%E5%96%B6%E6%A5%AD%E8%A8%B1%E5%8F%AF%E6%96%BD%E8%A8%AD%EF%BC%88%E4%BB%A4%E5%92%8C4%E5%B9%B43%E6%9C%88%EF%BC%89.xls,3661491ad687aa266462b723876a1b3a689e62438acb13403311baa7901e8255
愛媛県,2022-03,南局生第213001007号,2022-03-25,2022-03-25,2027-03-31,㉚ 密封包装食品製造業,道の駅「みしょうＭＩＣ」,南宇和郡愛南町,,,,,,new,wayback:20220519121155:https://www.pref.ehime.jp/opendata-catalog/dataset/2344/resource/11680/%E6%96%B0%E8%A6%8F%E9%A3%9F%E5%93%81%E5%96%B6%E6%A5%AD%E8%A8%B1%E5%8F%AF%E6%96%BD%E8%A8%AD%EF%BC%88%E4%BB%A4%E5%92%8C4%E5%B9%B43%E6%9C%88%EF%BC%89.xls,3661491ad687aa266462b723876a1b3a689e62438acb13403311baa7901e8255
愛媛県,2022-03,八保第210121303号,2022-03-29,2022-03-29,2027-03-31,① 飲食店営業,サポートおおず,大洲市,,,,,,new,wayback:20220519121155:https://www.pref.ehime.jp/opendata-catalog/dataset/2344/resource/11680/%E6%96%B0%E8%A6%8F%E9%A3%9F%E5%93%81%E5%96%B6%E6%A5%AD%E8%A8%B1%E5%8F%AF%E6%96%BD%E8%A8%AD%EF%BC%88%E4%BB%A4%E5%92%8C4%E5%B9%B43%E6%9C%88%EF%BC%89.xls,3661491ad687aa266462b723876a1b3a689e62438acb13403311baa7901e8255
愛媛県,2022-03,八保第210111005号,2022-03-11,2022-03-11,2027-03-31,① 飲食店営業,福ちゃんラーメン,大洲市,,,,,,new,wayback:20220519121155:https://www.pref.ehime.jp/opendata-catalog/dataset/2344/resource/11680/%E6%96%B0%E8%A6%8F%E9%A3%9F%E5%93%81%E5%96%B6%E6%A5%AD%E8%A8%B1%E5%8F%AF%E6%96%BD%E8%A8%AD%EF%BC%88%E4%BB%A4%E5%92%8C4%E5%B9%B43%E6%9C%88%EF%BC%89.xls,3661491ad687aa266462b723876a1b3a689e62438acb13403311baa7901e8255
愛媛県,2022-03,八保第210111006号,2022-03-22,2022-03-22,2027-03-31,① 飲食店営業,こびとぱん,喜多郡内子町,,,,,,new,wayback:20220519121155:https://www.pref.ehime.jp/opendata-catalog/dataset/2344/resource/11680/%E6%96%B0%E8%A6%8F%E9%A3%9F%E5%93%81%E5%96%B6%E6%A5%AD%E8%A8%B1%E5%8F%AF%E6%96%BD%E8%A8%AD%EF%BC%88%E4%BB%A4%E5%92%8C4%E5%B9%B43%E6%9C%88%EF%BC%89.xls,3661491ad687aa266462b723876a1b3a689e62438acb13403311baa7901e8255
愛媛県,2022-03,八保第210121093号,2022-03-10,2022-03-10,2027-03-31,① 飲食店営業,川魚料理なかつか,大洲市,,,,,,new,wayback:20220519121155:https://www.pref.ehime.jp/opendata-catalog/dataset/2344/resource/11680/%E6%96%B0%E8%A6%8F%E9%A3%9F%E5%93%81%E5%96%B6%E6%A5%AD%E8%A8%B1%E5%8F%AF%E6%96%BD%E8%A8%AD%EF%BC%88%E4%BB%A4%E5%92%8C4%E5%B9%B43%E6%9C%88%EF%BC%89.xls,3661491ad687aa266462b723876a1b3a689e62438acb13403311baa7901e8255
愛媛県,2022-03,八保第210121231号,2022-03-07,2022-03-07,2027-03-31,① 飲食店営業,カフェ　ランドナー,喜多郡内子町,,,,,,new,wayback:20220519121155:https://www.pref.ehime.jp/opendata-catalog/dataset/2344/resource/11680/%E6%96%B0%E8%A6%8F%E9%A3%9F%E5%93%81%E5%96%B6%E6%A5%AD%E8%A8%B1%E5%8F%AF%E6%96%BD%E8%A8%AD%EF%BC%88%E4%BB%A4%E5%92%8C4%E5%B9%B43%E6%9C%88%EF%BC%89.xls,3661491ad687aa266462b723876a1b3a689e62438acb13403311baa7901e8255
愛媛県,2022-03,八保第210121236号,2022-03-31,2022-03-31,2027-03-31,① 飲食店営業,寿司　谷口鮮魚,西予市,,,,,,new,wayback:20220519121155:https://www.pref.ehime.jp/opendata-catalog/dataset/2344/resource/11680/%E6%96%B0%E8%A6%8F%E9%A3%9F%E5%93%81%E5%96%B6%E6%A5%AD%E8%A8%B1%E5%8F%AF%E6%96%BD%E8%A8%AD%EF%BC%88%E4%BB%A4%E5%92%8C4%E5%B9%B43%E6%9C%88%EF%BC%89.xls,3661491ad687aa266462b723876a1b3a689e62438acb13403311baa7901e8255
愛媛県,2022-03,八保第210121238号,2022-03-04,2022-03-04,2027-03-31,① 飲食店営業,創造空間　土の種,八幡浜市,,,,,,new,wayback:20220519121155:https://www.pref.ehime.jp/opendata-catalog/dataset/2344/resource/11680/%E6%96%B0%E8%A6%8F%E9%A3%9F%E5%93%81%E5%96%B6%E6%A5%AD%E8%A8%B1%E5%8F%AF%E6%96%BD%E8%A8%AD%EF%BC%88%E4%BB%A4%E5%92%8C4%E5%B9%B43%E6%9C%88%EF%BC%89.xls,3661491ad687aa266462b723876a1b3a689e62438acb13403311baa7901e8255
愛媛県,2022-03,八保第210121239号,2022-03-01,2022-03-01,2027-03-31,① 飲食店営業,元祖からあげ本舗ゲンマル大洲店,大洲市,,,,,,new,wayback:20220519121155:https://www.pref.ehime.jp/opendata-catalog/dataset/2344/resource/11680/%E6%96%B0%E8%A6%8F%E9%A3%9F%E5%93%81%E5%96%B6%E6%A5%AD%E8%A8%B1%E5%8F%AF%E6%96%BD%E8%A8%AD%EF%BC%88%E4%BB%A4%E5%92%8C4%E5%B9%B43%E6%9C%88%EF%BC%89.xls,3661491ad687aa266462b723876a1b3a689e62438acb13403311baa7901e8255
愛媛県,2022-03,八保第210121240号,2022-03-22,2022-03-22,2027-03-31,① 飲食店営業,谷本蒲鉾店　おあしすぷらざ,八幡浜市,,,,,,new,wayback:20220519121155:https://www.pref.ehime.jp/opendata-catalog/dataset/2344/resource/11680/%E6%96%B0%E8%A6%8F%E9%A3%9F%E5%93%81%E5%96%B6%E6%A5%AD%E8%A8%B1%E5%8F%AF%E6%96%BD%E8%A8%AD%EF%BC%88%E4%BB%A4%E5%92%8C4%E5%B9%B43%E6%9C%88%EF%BC%89.xls,3661491ad687aa266462b723876a1b3a689e62438acb13403311baa7901e8255
愛媛県,2022-03,八保第210121241号,2022-03-10,2022-03-10,2027-03-31,① 飲食店営業,みらいフードサービス帝京第五高校事業所,大洲市,,,,,,new,wayback:20220519121155:https://www.pref.ehime.jp/opendata-catalog/dataset/2344/resource/11680/%E6%96%B0%E8%A6%8F%E9%A3%9F%E5%93%81%E5%96%B6%E6%A5%AD%E8%A8%B1%E5%8F%AF%E6%96%BD%E8%A8%AD%EF%BC%88%E4%BB%A4%E5%92%8C4%E5%B9%B43%E6%9C%88%EF%BC%89.xls,3661491ad687aa266462b723876a1b3a689e62438acb13403311baa7901e8255
愛媛県,2022-03,八保第210121242号,2022-03-05,2022-03-05,2027-03-31,① 飲食店営業,ＢＲＡＳＳＥＲＩＥ　ＷＩＬＬ,八幡浜市,,,,,,new,wayback:20220519121155:https://www.pref.ehime.jp/opendata-catalog/dataset/2344/resource/11680/%E6%96%B0%E8%A6%8F%E9%A3%9F%E5%93%81%E5%96%B6%E6%A5%AD%E8%A8%B1%E5%8F%AF%E6%96%BD%E8%A8%AD%EF%BC%88%E4%BB%A4%E5%92%8C4%E5%B9%B43%E6%9C%88%EF%BC%89.xls,3661491ad687aa266462b723876a1b3a689e62438acb13403311baa7901e8255
愛媛県,2022-03,八保第210121243号,2022-03-05,2022-03-05,2027-03-31,① 飲食店営業,ビジネスホテル水仙,八幡浜市,,,,,,new,wayback:20220519121155:https://www.pref.ehime.jp/opendata-catalog/dataset/2344/resource/11680/%E6%96%B0%E8%A6%8F%E9%A3%9F%E5%93%81%E5%96%B6%E6%A5%AD%E8%A8%B1%E5%8F%AF%E6%96%BD%E8%A8%AD%EF%BC%88%E4%BB%A4%E5%92%8C4%E5%B9%B43%E6%9C%88%EF%BC%89.xls,3661491ad687aa266462b723876a1b3a689e62438acb13403311baa7901e8255
愛媛県,2022-03,八保第210121244号,2022-03-05,2022-03-05,2027-03-31,① 飲食店営業,デリー,八幡浜市,,,,,,new,wayback:20220519121155:https://www.pref.ehime.jp/opendata-catalog/dataset/2344/resource/11680/%E6%96%B0%E8%A6%8F%E9%A3%9F%E5%93%81%E5%96%B6%E6%A5%AD%E8%A8%B1%E5%8F%AF%E6%96%BD%E8%A8%AD%EF%BC%88%E4%BB%A4%E5%92%8C4%E5%B9%B43%E6%9C%88%EF%BC%89.xls,3661491ad687aa266462b723876a1b3a689e62438acb13403311baa7901e8255
愛媛県,2022-03,八保第210121245号,2022-03-05,2022-03-05,2027-03-31,① 飲食店営業,CVSデイリーアドホック,八幡浜市,,,,,,new,wayback:20220519121155:https://www.pref.ehime.jp/opendata-catalog/dataset/2344/resource/11680/%E6%96%B0%E8%A6%8F%E9%A3%9F%E5%93%81%E5%96%B6%E6%A5%AD%E8%A8%B1%E5%8F%AF%E6%96%BD%E8%A8%AD%EF%BC%88%E4%BB%A4%E5%92%8C4%E5%B9%B43%E6%9C%88%EF%BC%89.xls,3661491ad687aa266462b723876a1b3a689e62438acb13403311baa7901e8255
愛媛県,2022-03,八保第210121246号,2022-03-05,2022-03-05,2027-03-31,① 飲食店営業,ヤマザキショップ八幡浜なかた店,八幡浜市,,,,,,new,wayback:20220519121155:https://www.pref.ehime.jp/opendata-catalog/dataset/2344/resource/11680/%E6%96%B0%E8%A6%8F%E9%A3%9F%E5%93%81%E5%96%B6%E6%A5%AD%E8%A8%B1%E5%8F%AF%E6%96%BD%E8%A8%AD%EF%BC%88%E4%BB%A4%E5%92%8C4%E5%B9%B43%E6%9C%88%EF%BC%89.xls,3661491ad687aa266462b723876a1b3a689e62438acb13403311baa7901e8255
愛媛県,2022-03,八保第210121247号,2022-03-05,2022-03-05,2027-03-31,① 飲食店営業,大島屋,八幡浜市,,,,,,new,wayback:20220519121155:https://www.pref.ehime.jp/opendata-catalog/dataset/2344/resource/11680/%E6%96%B0%E8%A6%8F%E9%A3%9F%E5%93%81%E5%96%B6%E6%A5%AD%E8%A8%B1%E5%8F%AF%E6%96%BD%E8%A8%AD%EF%BC%88%E4%BB%A4%E5%92%8C4%E5%B9%B43%E6%9C%88%EF%BC%89.xls,3661491ad687aa266462b723876a1b3a689e62438acb13403311baa7901e8255
愛媛県,2022-03,八保第210121248号,2022-03-05,2022-03-05,2027-03-31,① 飲食店営業,ファミリーマート保内町店,八幡浜市,,,,,,new,wayback:20220519121155:https://www.pref.ehime.jp/opendata-catalog/dataset/2344/resource/11680/%E6%96%B0%E8%A6%8F%E9%A3%9F%E5%93%81%E5%96%B6%E6%A5%AD%E8%A8%B1%E5%8F%AF%E6%96%BD%E8%A8%AD%EF%BC%88%E4%BB%A4%E5%92%8C4%E5%B9%B43%E6%9C%88%EF%BC%89.xls,3661491ad687aa266462b723876a1b3a689e62438acb13403311baa7901e8255
愛媛県,2022-03,八保第210121249号,2022-03-05,2022-03-05,2027-03-31,① 飲食店営業,味楽食堂,八幡浜市,,,,,,new,wayback:20220519121155:https://www.pref.ehime.jp/opendata-catalog/dataset/2344/resource/11680/%E6%96%B0%E8%A6%8F%E9%A3%9F%E5%93%81%E5%96%B6%E6%A5%AD%E8%A8%B1%E5%8F%AF%E6%96%BD%E8%A8%AD%EF%BC%88%E4%BB%A4%E5%92%8C4%E5%B9%B43%E6%9C%88%EF%BC%89.xls,3661491ad687aa266462b723876a1b3a689e62438acb13403311baa7901e8255
愛媛県,2022-03,八保第210121250号,2022-03-05,2022-03-05,2027-03-31,① 飲食店営業,ジョイフル愛媛保内店,八幡浜市,,,,,,new,wayback:20220519121155:https://www.pref.ehime.jp/opendata-catalog/dataset/2344/resource/11680/%E6%96%B0%E8%A6%8F%E9%A3%9F%E5%93%81%E5%96%B6%E6%A5%AD%E8%A8%B1%E5%8F%AF%E6%96%BD%E8%A8%AD%EF%BC%88%E4%BB%A4%E5%92%8C4%E5%B9%B43%E6%9C%88%EF%BC%89.xls,3661491ad687aa266462b723876a1b3a689e62438acb13403311baa7901e8255
愛媛県,2022-03,八保第210121251号,2022-03-05,2022-03-05,2027-03-31,① 飲食店営業,きらら売店,西宇和郡伊方町,,,,,,new,wayback:20220519121155:https://www.pref.ehime.jp/opendata-catalog/dataset/2344/resource/11680/%E6%96%B0%E8%A6%8F%E9%A3%9F%E5%93%81%E5%96%B6%E6%A5%AD%E8%A8%B1%E5%8F%AF%E6%96%BD%E8%A8%AD%EF%BC%88%E4%BB%A4%E5%92%8C4%E5%B9%B43%E6%9C%88%EF%BC%89.xls,3661491ad687aa266462b723876a1b3a689e62438acb13403311baa7901e8255
愛媛県,2022-03,八保第210121252号,2022-03-07,2022-03-07,2027-03-31,① 飲食店営業,ファミリーマート八幡浜昭和通店,八幡浜市,,,,,,new,wayback:20220519121155:https://www.pref.ehime.jp/opendata-catalog/dataset/2344/resource/11680/%E6%96%B0%E8%A6%8F%E9%A3%9F%E5%93%81%E5%96%B6%E6%A5%AD%E8%A8%B1%E5%8F%AF%E6%96%BD%E8%A8%AD%EF%BC%88%E4%BB%A4%E5%92%8C4%E5%B9%B43%E6%9C%88%EF%BC%89.xls,3661491ad687aa266462b723876a1b3a689e62438acb13403311baa7901e8255
愛媛県,2022-03,八保第210121253号,2022-03-07,2022-03-07,2027-03-31,① 飲食店営業,菊池鮮魚店,西予市,,,,,,new,wayback:20220519121155:https://www.pref.ehime.jp/opendata-catalog/dataset/2344/resource/11680/%E6%96%B0%E8%A6%8F%E9%A3%9F%E5%93%81%E5%96%B6%E6%A5%AD%E8%A8%B1%E5%8F%AF%E6%96%BD%E8%A8%AD%EF%BC%88%E4%BB%A4%E5%92%8C4%E5%B9%B43%E6%9C%88%EF%BC%89.xls,3661491ad687aa266462b723876a1b3a689e62438acb13403311baa7901e8255
愛媛県,2022-03,八保第210121254号,2022-03-07,2022-03-07,2027-03-31,① 飲食店営業,井上鮮魚店,西予市,,,,,,new,wayback:20220519121155:https://www.pref.ehime.jp/opendata-catalog/dataset/2344/resource/11680/%E6%96%B0%E8%A6%8F%E9%A3%9F%E5%93%81%E5%96%B6%E6%A5%AD%E8%A8%B1%E5%8F%AF%E6%96%BD%E8%A8%AD%EF%BC%88%E4%BB%A4%E5%92%8C4%E5%B9%B43%E6%9C%88%EF%BC%89.xls,3661491ad687aa266462b723876a1b3a689e62438acb13403311baa7901e8255
愛媛県,2022-03,八保第210121255号,2022-03-07,2022-03-07,2027-03-31,① 飲食店営業,お食事の店　たちばな,西予市,,,,,,new,wayback:20220519121155:https://www.pref.ehime.jp/opendata-catalog/dataset/2344/resource/11680/%E6%96%B0%E8%A6%8F%E9%A3%9F%E5%93%81%E5%96%B6%E6%A5%AD%E8%A8%B1%E5%8F%AF%E6%96%BD%E8%A8%AD%EF%BC%88%E4%BB%A4%E5%92%8C4%E5%B9%B43%E6%9C%88%EF%BC%89.xls,3661491ad687aa266462b723876a1b3a689e62438acb13403311baa7901e8255
愛媛県,2022-03,八保第210121256号,2022-03-07,2022-03-07,2027-03-31,① 飲食店営業,エンジェル,西予市,,,,,,new,wayback:20220519121155:https://www.pref.ehime.jp/opendata-catalog/dataset/2344/resource/11680/%E6%96%B0%E8%A6%8F%E9%A3%9F%E5%93%81%E5%96%B6%E6%A5%AD%E8%A8%B1%E5%8F%AF%E6%96%BD%E8%A8%AD%EF%BC%88%E4%BB%A4%E5%92%8C4%E5%B9%B43%E6%9C%88%EF%BC%89.xls,3661491ad687aa266462b723876a1b3a689e62438acb13403311baa7901e8255
愛媛県,2022-03,八保第210121257号,2022-03-07,2022-03-07,2027-03-31,① 飲食店営業,常楽苑（上）,西予市,,,,,,new,wayback:20220519121155:https://www.pref.ehime.jp/opendata-catalog/dataset/2344/resource/11680/%E6%96%B0%E8%A6%8F%E9%A3%9F%E5%93%81%E5%96%B6%E6%A5%AD%E8%A8%B1%E5%8F%AF%E6%96%BD%E8%A8%AD%EF%BC%88%E4%BB%A4%E5%92%8C4%E5%B9%B43%E6%9C%88%EF%BC%89.xls,3661491ad687aa266462b723876a1b3a689e62438acb13403311baa7901e8255
愛媛県,2022-03,八保第210121258号,2022-03-07,2022-03-07,2027-03-31,① 飲食店営業,神山鮮魚,西予市,,,,,,new,wayback:20220519121155:https://www.pref.ehime.jp/opendata-catalog/dataset/2344/resource/11680/%E6%96%B0%E8%A6%8F%E9%A3%9F%E5%93%81%E5%96%B6%E6%A5%AD%E8%A8%B1%E5%8F%AF%E6%96%BD%E8%A8%AD%EF%BC%88%E4%BB%A4%E5%92%8C4%E5%B9%B43%E6%9C%88%EF%BC%89.xls,3661491ad687aa266462b723876a1b3a689e62438acb13403311baa7901e8255
愛媛県,2022-03,八保第210121259号,2022-03-07,2022-03-07,2027-03-31,① 飲食店営業,バイパス一二三,西予市,,,,,,new,wayback:20220519121155:https://www.pref.ehime.jp/opendata-catalog/dataset/2344/resource/11680/%E6%96%B0%E8%A6%8F%E9%A3%9F%E5%93%81%E5%96%B6%E6%A5%AD%E8%A8%B1%E5%8F%AF%E6%96%BD%E8%A8%AD%EF%BC%88%E4%BB%A4%E5%92%8C4%E5%B9%B43%E6%9C%88%EF%BC%89.xls,3661491ad687aa266462b723876a1b3a689e62438acb13403311baa7901e8255
愛媛県,2022-03,八保第210121260号,2022-03-07,2022-03-07,2027-03-31,① 飲食店営業,御食事処　勝,西予市,,,,,,new,wayback:20220519121155:https://www.pref.ehime.jp/opendata-catalog/dataset/2344/resource/11680/%E6%96%B0%E8%A6%8F%E9%A3%9F%E5%93%81%E5%96%B6%E6%A5%AD%E8%A8%B1%E5%8F%AF%E6%96%BD%E8%A8%AD%EF%BC%88%E4%BB%A4%E5%92%8C4%E5%B9%B43%E6%9C%88%EF%BC%89.xls,3661491ad687aa266462b723876a1b3a689e62438acb13403311baa7901e8255
愛媛県,2022-03,八保第210121261号,2022-03-07,2022-03-07,2027-03-31,① 飲食店営業,鉄板焼美ゆき宇和店,西予市,,,,,,new,wayback:20220519121155:https://www.pref.ehime.jp/opendata-catalog/dataset/2344/resource/11680/%E6%96%B0%E8%A6%8F%E9%A3%9F%E5%93%81%E5%96%B6%E6%A5%AD%E8%A8%B1%E5%8F%AF%E6%96%BD%E8%A8%AD%EF%BC%88%E4%BB%A4%E5%92%8C4%E5%B9%B43%E6%9C%88%EF%BC%89.xls,3661491ad687aa266462b723876a1b3a689e62438acb13403311baa7901e8255
愛媛県,2022-03,八保第210121262号,2022-03-11,2022-03-11,2027-03-31,① 飲食店営業,アトリエ・カフェ　Ｐｉ・Ｐｉ,西宇和郡伊方町,,,,,,new,wayback:20220519121155:https://www.pref.ehime.jp/opendata-catalog/dataset/2344/resource/11680/%E6%96%B0%E8%A6%8F%E9%A3%9F%E5%93%81%E5%96%B6%E6%A5%AD%E8%A8%B1%E5%8F%AF%E6%96%BD%E8%A8%AD%EF%BC%88%E4%BB%A4%E5%92%8C4%E5%B9%B43%E6%9C%88%EF%BC%89.xls,3661491ad687aa266462b723876a1b3a689e62438acb13403311baa7901e8255
愛媛県,2022-03,八保第210121263号,2022-03-29,2022-03-29,2027-03-31,① 飲食店営業,エーム4490,大洲市,,,,,,new,wayback:20220519121155:https://www.pref.ehime.jp/opendata-catalog/dataset/2344/resource/11680/%E6%96%B0%E8%A6%8F%E9%A3%9F%E5%93%81%E5%96%B6%E6%A5%AD%E8%A8%B1%E5%8F%AF%E6%96%BD%E8%A8%AD%EF%BC%88%E4%BB%A4%E5%92%8C4%E5%B9%B43%E6%9C%88%EF%BC%89.xls,3661491ad687aa266462b723876a1b3a689e62438acb13403311baa7901e8255
愛媛県,2022-03,八保第210121264号,2022-03-30,2022-03-30,2027-03-31,① 飲食店営業,エーム4491,喜多郡内子町,,,,,,new,wayback:20220519121155:https://www.pref.ehime.jp/opendata-catalog/dataset/2344/resource/11680/%E6%96%B0%E8%A6%8F%E9%A3%9F%E5%93%81%E5%96%B6%E6%A5%AD%E8%A8%B1%E5%8F%AF%E6%96%BD%E8%A8%AD%EF%BC%88%E4%BB%A4%E5%92%8C4%E5%B9%B43%E6%9C%88%EF%BC%89.xls,3661491ad687aa266462b723876a1b3a689e62438acb13403311baa7901e8255
愛媛県,2022-03,八保第210121265号,2022-03-16,2022-03-16,2027-03-31,① 飲食店営業,Ｃａｆｅ　Ｌｅ　Ｐｅｔｉｔ　Ｐｏｎｔ（プチポン）,八幡浜市,,,,,,new,wayback:20220519121155:https://www.pref.ehime.jp/opendata-catalog/dataset/2344/resource/11680/%E6%96%B0%E8%A6%8F%E9%A3%9F%E5%93%81%E5%96%B6%E6%A5%AD%E8%A8%B1%E5%8F%AF%E6%96%BD%E8%A8%AD%EF%BC%88%E4%BB%A4%E5%92%8C4%E5%B9%B43%E6%9C%88%EF%BC%89.xls,3661491ad687aa266462b723876a1b3a689e62438acb13403311baa7901e8255
愛媛県,2022-03,八保第210121266号,2022-03-18,2022-03-18,2027-03-31,① 飲食店営業,をへや,西宇和郡伊方町,,,,,,new,wayback:20220519121155:https://www.pref.ehime.jp/opendata-catalog/dataset/2344/resource/11680/%E6%96%B0%E8%A6%8F%E9%A3%9F%E5%93%81%E5%96%B6%E6%A5%AD%E8%A8%B1%E5%8F%AF%E6%96%BD%E8%A8%AD%EF%BC%88%E4%BB%A4%E5%92%8C4%E5%B9%B43%E6%9C%88%EF%BC%89.xls,3661491ad687aa266462b723876a1b3a689e62438acb13403311baa7901e8255
愛媛県,2022-03,八保第210121267号,2022-03-08,2022-03-08,2027-03-31,① 飲食店営業,コミュニティースペース　みそぎの里,喜多郡内子町,,,,,,new,wayback:20220519121155:https://www.pref.ehime.jp/opendata-catalog/dataset/2344/resource/11680/%E6%96%B0%E8%A6%8F%E9%A3%9F%E5%93%81%E5%96%B6%E6%A5%AD%E8%A8%B1%E5%8F%AF%E6%96%BD%E8%A8%AD%EF%BC%88%E4%BB%A4%E5%92%8C4%E5%B9%B43%E6%9C%88%EF%BC%89.xls,3661491ad687aa266462b723876a1b3a689e62438acb13403311baa7901e8255
愛媛県,2022-03,八保第210121268号,2022-03-08,2022-03-08,2027-03-31,① 飲食店営業,お好みハウスおおした,喜多郡内子町,,,,,,new,wayback:20220519121155:https://www.pref.ehime.jp/opendata-catalog/dataset/2344/resource/11680/%E6%96%B0%E8%A6%8F%E9%A3%9F%E5%93%81%E5%96%B6%E6%A5%AD%E8%A8%B1%E5%8F%AF%E6%96%BD%E8%A8%AD%EF%BC%88%E4%BB%A4%E5%92%8C4%E5%B9%B43%E6%9C%88%EF%BC%89.xls,3661491ad687aa266462b723876a1b3a689e62438acb13403311baa7901e8255
愛媛県,2022-03,八保第210121269号,2022-03-08,2022-03-08,2027-03-31,① 飲食店営業,季節料理　小福,喜多郡内子町,,,,,,new,wayback:20220519121155:https://www.pref.ehime.jp/opendata-catalog/dataset/2344/resource/11680/%E6%96%B0%E8%A6%8F%E9%A3%9F%E5%93%81%E5%96%B6%E6%A5%AD%E8%A8%B1%E5%8F%AF%E6%96%BD%E8%A8%AD%EF%BC%88%E4%BB%A4%E5%92%8C4%E5%B9%B43%E6%9C%88%EF%BC%89.xls,3661491ad687aa266462b723876a1b3a689e62438acb13403311baa7901e8255
愛媛県,2022-03,八保第210121270号,2022-03-08,2022-03-08,2027-03-31,① 飲食店営業,きまぐれカフェ　花悠々,喜多郡内子町,,,,,,new,wayback:20220519121155:https://www.pref.ehime.jp/opendata-catalog/dataset/2344/resource/11680/%E6%96%B0%E8%A6%8F%E9%A3%9F%E5%93%81%E5%96%B6%E6%A5%AD%E8%A8%B1%E5%8F%AF%E6%96%BD%E8%A8%AD%EF%BC%88%E4%BB%A4%E5%92%8C4%E5%B9%B43%E6%9C%88%EF%BC%89.xls,3661491ad687aa266462b723876a1b3a689e62438acb13403311baa7901e8255
愛媛県,2022-03,八保第210121271号,2022-03-08,2022-03-08,2027-03-31,① 飲食店営業,クックハウス,喜多郡内子町,,,,,,new,wayback:20220519121155:https://www.pref.ehime.jp/opendata-catalog/dataset/2344/resource/11680/%E6%96%B0%E8%A6%8F%E9%A3%9F%E5%93%81%E5%96%B6%E6%A5%AD%E8%A8%B1%E5%8F%AF%E6%96%BD%E8%A8%AD%EF%BC%88%E4%BB%A4%E5%92%8C4%E5%B9%B43%E6%9C%88%EF%BC%89.xls,3661491ad687aa266462b723876a1b3a689e62438acb13403311baa7901e8255
愛媛県,2022-03,八保第210121272号,2022-03-08,2022-03-08,2027-03-31,① 飲食店営業,日清医療食品株式会社　緑風荘事業所,喜多郡内子町,,,,,,new,wayback:20220519121155:https://www.pref.ehime.jp/opendata-catalog/dataset/2344/resource/11680/%E6%96%B0%E8%A6%8F%E9%A3%9F%E5%93%81%E5%96%B6%E6%A5%AD%E8%A8%B1%E5%8F%AF%E6%96%BD%E8%A8%AD%EF%BC%88%E4%BB%A4%E5%92%8C4%E5%B9%B43%E6%9C%88%EF%BC%89.xls,3661491ad687aa266462b723876a1b3a689e62438acb13403311baa7901e8255
愛媛県,2022-03,八保第210121273号,2022-03-08,2022-03-08,2027-03-31,① 飲食店営業,木蠟資料館上芳我邸　ｃａｆｅくら,喜多郡内子町,,,,,,new,wayback:20220519121155:https://www.pref.ehime.jp/opendata-catalog/dataset/2344/resource/11680/%E6%96%B0%E8%A6%8F%E9%A3%9F%E5%93%81%E5%96%B6%E6%A5%AD%E8%A8%B1%E5%8F%AF%E6%96%BD%E8%A8%AD%EF%BC%88%E4%BB%A4%E5%92%8C4%E5%B9%B43%E6%9C%88%EF%BC%89.xls,3661491ad687aa266462b723876a1b3a689e62438acb13403311baa7901e8255
愛媛県,2022-03,八保第210121274号,2022-03-08,2022-03-08,2027-03-31,① 飲食店営業,有限会社田子屋,大洲市,,,,,,new,wayback:20220519121155:https://www.pref.ehime.jp/opendata-catalog/dataset/2344/resource/11680/%E6%96%B0%E8%A6%8F%E9%A3%9F%E5%93%81%E5%96%B6%E6%A5%AD%E8%A8%B1%E5%8F%AF%E6%96%BD%E8%A8%AD%EF%BC%88%E4%BB%A4%E5%92%8C4%E5%B9%B43%E6%9C%88%EF%BC%89.xls,3661491ad687aa266462b723876a1b3a689e62438acb13403311baa7901e8255
愛媛県,2022-03,八保第210121275号,2022-03-11,2022-03-11,2027-03-31,① 飲食店営業,ＨＯＴＥＬ　ＡＺ　愛媛内子店,喜多郡内子町,,,,,,new,wayback:20220519121155:https://www.pref.ehime.jp/opendata-catalog/dataset/2344/resource/11680/%E6%96%B0%E8%A6%8F%E9%A3%9F%E5%93%81%E5%96%B6%E6%A5%AD%E8%A8%B1%E5%8F%AF%E6%96%BD%E8%A8%AD%EF%BC%88%E4%BB%A4%E5%92%8C4%E5%B9%B43%E6%9C%88%EF%BC%89.xls,3661491ad687aa266462b723876a1b3a689e62438acb13403311baa7901e8255
愛媛県,2022-03,八保第210121276号,2022-03-11,2022-03-11,2027-03-31,① 飲食店営業,Ｃｏｈａｋｕ,大洲市,,,,,,new,wayback:20220519121155:https://www.pref.ehime.jp/opendata-catalog/dataset/2344/resource/11680/%E6%96%B0%E8%A6%8F%E9%A3%9F%E5%93%81%E5%96%B6%E6%A5%AD%E8%A8%B1%E5%8F%AF%E6%96%BD%E8%A8%AD%EF%BC%88%E4%BB%A4%E5%92%8C4%E5%B9%B43%E6%9C%88%EF%BC%89.xls,3661491ad687aa266462b723876a1b3a689e62438acb13403311baa7901e8255
愛媛県,2022-03,八保第210121277号,2022-03-11,2022-03-11,2027-03-31,① 飲食店営業,大洲五志喜めんそーれ,大洲市,,,,,,new,wayback:20220519121155:https://www.pref.ehime.jp/opendata-catalog/dataset/2344/resource/11680/%E6%96%B0%E8%A6%8F%E9%A3%9F%E5%93%81%E5%96%B6%E6%A5%AD%E8%A8%B1%E5%8F%AF%E6%96%BD%E8%A8%AD%EF%BC%88%E4%BB%A4%E5%92%8C4%E5%B9%B43%E6%9C%88%EF%BC%89.xls,3661491ad687aa266462b723876a1b3a689e62438acb13403311baa7901e8255
愛媛県,2022-03,八保第210121278号,2022-03-11,2022-03-11,2027-03-31,① 飲食店営業,レストラン比来野,大洲市,,,,,,new,wayback:20220519121155:https://www.pref.ehime.jp/opendata-catalog/dataset/2344/resource/11680/%E6%96%B0%E8%A6%8F%E9%A3%9F%E5%93%81%E5%96%B6%E6%A5%AD%E8%A8%B1%E5%8F%AF%E6%96%BD%E8%A8%AD%EF%BC%88%E4%BB%A4%E5%92%8C4%E5%B9%B43%E6%9C%88%EF%BC%89.xls,3661491ad687aa266462b723876a1b3a689e62438acb13403311baa7901e8255
愛媛県,2022-03,八保第210121279号,2022-03-11,2022-03-11,2027-03-31,① 飲食店営業,カラオケ　Ｂａｒ　きゃろっと,大洲市,,,,,,new,wayback:20220519121155:https://www.pref.ehime.jp/opendata-catalog/dataset/2344/resource/11680/%E6%96%B0%E8%A6%8F%E9%A3%9F%E5%93%81%E5%96%B6%E6%A5%AD%E8%A8%B1%E5%8F%AF%E6%96%BD%E8%A8%AD%EF%BC%88%E4%BB%A4%E5%92%8C4%E5%B9%B43%E6%9C%88%EF%BC%89.xls,3661491ad687aa266462b723876a1b3a689e62438acb13403311baa7901e8255
愛媛県,2022-03,八保第210121280号,2022-03-11,2022-03-11,2027-03-31,① 飲食店営業,あか月,大洲市,,,,,,new,wayback:20220519121155:https://www.pref.ehime.jp/opendata-catalog/dataset/2344/resource/11680/%E6%96%B0%E8%A6%8F%E9%A3%9F%E5%93%81%E5%96%B6%E6%A5%AD%E8%A8%B1%E5%8F%AF%E6%96%BD%E8%A8%AD%EF%BC%88%E4%BB%A4%E5%92%8C4%E5%B9%B43%E6%9C%88%EF%BC%89.xls,3661491ad687aa266462b723876a1b3a689e62438acb13403311baa7901e8255
愛媛県,2022-03,八保第210121281号,2022-03-11,2022-03-11,2027-03-31,① 飲食店営業,ふかせ,大洲市,,,,,,new,wayback:20220519121155:https://www.pref.ehime.jp/opendata-catalog/dataset/2344/resource/11680/%E6%96%B0%E8%A6%8F%E9%A3%9F%E5%93%81%E5%96%B6%E6%A5%AD%E8%A8%B1%E5%8F%AF%E6%96%BD%E8%A8%AD%EF%BC%88%E4%BB%A4%E5%92%8C4%E5%B9%B43%E6%9C%88%EF%BC%89.xls,3661491ad687aa266462b723876a1b3a689e62438acb13403311baa7901e8255
愛媛県,2022-03,八保第210121282号,2022-03-11,2022-03-11,2027-03-31,① 飲食店営業,博多乃風　らーめん　大郷,大洲市,,,,,,new,wayback:20220519121155:https://www.pref.ehime.jp/opendata-catalog/dataset/2344/resource/11680/%E6%96%B0%E8%A6%8F%E9%A3%9F%E5%93%81%E5%96%B6%E6%A5%AD%E8%A8%B1%E5%8F%AF%E6%96%BD%E8%A8%AD%EF%BC%88%E4%BB%A4%E5%92%8C4%E5%B9%B43%E6%9C%88%EF%BC%89.xls,3661491ad687aa266462b723876a1b3a689e62438acb13403311baa7901e8255
愛媛県,2022-03,八保第210121283号,2022-03-11,2022-03-11,2027-03-31,① 飲食店営業,山美呼食堂,大洲市,,,,,,new,wayback:20220519121155:https://www.pref.ehime.jp/opendata-catalog/dataset/2344/resource/11680/%E6%96%B0%E8%A6%8F%E9%A3%9F%E5%93%81%E5%96%B6%E6%A5%AD%E8%A8%B1%E5%8F%AF%E6%96%BD%E8%A8%AD%EF%BC%88%E4%BB%A4%E5%92%8C4%E5%B9%B43%E6%9C%88%EF%BC%89.xls,3661491ad687aa266462b723876a1b3a689e62438acb13403311baa7901e8255
愛媛県,2022-03,八保第210121284号,2022-03-11,2022-03-11,2027-03-31,① 飲食店営業,かわい料理店,大洲市,,,,,,new,wayback:20220519121155:https://www.pref.ehime.jp/opendata-catalog/dataset/2344/resource/11680/%E6%96%B0%E8%A6%8F%E9%A3%9F%E5%93%81%E5%96%B6%E6%A5%AD%E8%A8%B1%E5%8F%AF%E6%96%BD%E8%A8%AD%EF%BC%88%E4%BB%A4%E5%92%8C4%E5%B9%B43%E6%9C%88%EF%BC%89.xls,3661491ad687aa266462b723876a1b3a689e62438acb13403311baa7901e8255
愛媛県,2022-03,八保第210121285号,2022-03-11,2022-03-11,2027-03-31,① 飲食店営業,カラオケ喫茶　竹泉,大洲市,,,,,,new,wayback:20220519121155:https://www.pref.ehime.jp/opendata-catalog/dataset/2344/resource/11680/%E6%96%B0%E8%A6%8F%E9%A3%9F%E5%93%81%E5%96%B6%E6%A5%AD%E8%A8%B1%E5%8F%AF%E6%96%BD%E8%A8%AD%EF%BC%88%E4%BB%A4%E5%92%8C4%E5%B9%B43%E6%9C%88%EF%BC%89.xls,3661491ad687aa266462b723876a1b3a689e62438acb13403311baa7901e8255
愛媛県,2022-03,八保第210121286号,2022-03-11,2022-03-11,2027-03-31,① 飲食店営業,豚太郎平野店,大洲市,,,,,,new,wayback:20220519121155:https://www.pref.ehime.jp/opendata-catalog/dataset/2344/resource/11680/%E6%96%B0%E8%A6%8F%E9%A3%9F%E5%93%81%E5%96%B6%E6%A5%AD%E8%A8%B1%E5%8F%AF%E6%96%BD%E8%A8%AD%EF%BC%88%E4%BB%A4%E5%92%8C4%E5%B9%B43%E6%9C%88%EF%BC%89.xls,3661491ad687aa266462b723876a1b3a689e62438acb13403311baa7901e8255
愛媛県,2022-03,八保第210121287号,2022-03-25,2022-03-25,2027-03-31,① 飲食店営業,フジグラン大洲（鮮魚）,大洲市,,,,,,new,wayback:20220519121155:https://www.pref.ehime.jp/opendata-catalog/dataset/2344/resource/11680/%E6%96%B0%E8%A6%8F%E9%A3%9F%E5%93%81%E5%96%B6%E6%A5%AD%E8%A8%B1%E5%8F%AF%E6%96%BD%E8%A8%AD%EF%BC%88%E4%BB%A4%E5%92%8C4%E5%B9%B43%E6%9C%88%EF%BC%89.xls,3661491ad687aa266462b723876a1b3a689e62438acb13403311baa7901e8255
愛媛県,2022-03,八保第210121288号,2022-03-25,2022-03-25,2027-03-31,① 飲食店営業,フジグラン大洲（デリカ）,大洲市,,,,,,new,wayback:20220519121155:https://www.pref.ehime.jp/opendata-catalog/dataset/2344/resource/11680/%E6%96%B0%E8%A6%8F%E9%A3%9F%E5%93%81%E5%96%B6%E6%A5%AD%E8%A8%B1%E5%8F%AF%E6%96%BD%E8%A8%AD%EF%BC%88%E4%BB%A4%E5%92%8C4%E5%B9%B43%E6%9C%88%EF%BC%89.xls,3661491ad687aa266462b723876a1b3a689e62438acb13403311baa7901e8255
愛媛県,2022-03,八保第210121289号,2022-03-11,2022-03-11,2027-03-31,① 飲食店営業,大和,大洲市,,,,,,new,wayback:20220519121155:https://www.pref.ehime.jp/opendata-catalog/dataset/2344/resource/11680/%E6%96%B0%E8%A6%8F%E9%A3%9F%E5%93%81%E5%96%B6%E6%A5%AD%E8%A8%B1%E5%8F%AF%E6%96%BD%E8%A8%AD%EF%BC%88%E4%BB%A4%E5%92%8C4%E5%B9%B43%E6%9C%88%EF%BC%89.xls,3661491ad687aa266462b723876a1b3a689e62438acb13403311baa7901e8255
愛媛県,2022-03,八保第210121290号,2022-03-11,2022-03-11,2027-03-31,① 飲食店営業,ラ・ムー大洲店,大洲市,,,,,,new,wayback:20220519121155:https://www.pref.ehime.jp/opendata-catalog/dataset/2344/resource/11680/%E6%96%B0%E8%A6%8F%E9%A3%9F%E5%93%81%E5%96%B6%E6%A5%AD%E8%A8%B1%E5%8F%AF%E6%96%BD%E8%A8%AD%EF%BC%88%E4%BB%A4%E5%92%8C4%E5%B9%B43%E6%9C%88%EF%BC%89.xls,3661491ad687aa266462b723876a1b3a689e62438acb13403311baa7901e8255
愛媛県,2022-03,八保第210121291号,2022-03-11,2022-03-11,2027-03-31,① 飲食店営業,ローソン伊方町三崎店,西宇和郡伊方町,,,,,,new,wayback:20220519121155:https://www.pref.ehime.jp/opendata-catalog/dataset/2344/resource/11680/%E6%96%B0%E8%A6%8F%E9%A3%9F%E5%93%81%E5%96%B6%E6%A5%AD%E8%A8%B1%E5%8F%AF%E6%96%BD%E8%A8%AD%EF%BC%88%E4%BB%A4%E5%92%8C4%E5%B9%B43%E6%9C%88%EF%BC%89.xls,3661491ad687aa266462b723876a1b3a689e62438acb13403311baa7901e8255
愛媛県,2022-03,八保第210121292号,2022-03-11,2022-03-11,2027-03-31,① 飲食店営業,お好み焼ヴェッカー,大洲市,,,,,,new,wayback:20220519121155:https://www.pref.ehime.jp/opendata-catalog/dataset/2344/resource/11680/%E6%96%B0%E8%A6%8F%E9%A3%9F%E5%93%81%E5%96%B6%E6%A5%AD%E8%A8%B1%E5%8F%AF%E6%96%BD%E8%A8%AD%EF%BC%88%E4%BB%A4%E5%92%8C4%E5%B9%B43%E6%9C%88%EF%BC%89.xls,3661491ad687aa266462b723876a1b3a689e62438acb13403311baa7901e8255
愛媛県,2022-03,八保第210121293号,2022-03-11,2022-03-11,2027-03-31,① 飲食店営業,丸亀製麺伊予大洲,大洲市,,,,,,new,wayback:20220519121155:https://www.pref.ehime.jp/opendata-catalog/dataset/2344/resource/11680/%E6%96%B0%E8%A6%8F%E9%A3%9F%E5%93%81%E5%96%B6%E6%A5%AD%E8%A8%B1%E5%8F%AF%E6%96%BD%E8%A8%AD%EF%BC%88%E4%BB%A4%E5%92%8C4%E5%B9%B43%E6%9C%88%EF%BC%89.xls,3661491ad687aa266462b723876a1b3a689e62438acb13403311baa7901e8255
愛媛県,2022-03,八保第210121294号,2022-03-11,2022-03-11,2028-03-31,① 飲食店営業,エーム4438,大洲市,,,,,,new,wayback:20220519121155:https://www.pref.ehime.jp/opendata-catalog/dataset/2344/resource/11680/%E6%96%B0%E8%A6%8F%E9%A3%9F%E5%93%81%E5%96%B6%E6%A5%AD%E8%A8%B1%E5%8F%AF%E6%96%BD%E8%A8%AD%EF%BC%88%E4%BB%A4%E5%92%8C4%E5%B9%B43%E6%9C%88%EF%BC%89.xls,3661491ad687aa266462b723876a1b3a689e62438acb13403311baa7901e8255
愛媛県,2022-03,八保第210121295号,2022-03-11,2022-03-11,2027-03-31,① 飲食店営業,カラオケ幸,大洲市,,,,,,new,wayback:20220519121155:https://www.pref.ehime.jp/opendata-catalog/dataset/2344/resource/11680/%E6%96%B0%E8%A6%8F%E9%A3%9F%E5%93%81%E5%96%B6%E6%A5%AD%E8%A8%B1%E5%8F%AF%E6%96%BD%E8%A8%AD%EF%BC%88%E4%BB%A4%E5%92%8C4%E5%B9%B43%E6%9C%88%EF%BC%89.xls,3661491ad687aa266462b723876a1b3a689e62438acb13403311baa7901e8255
愛媛県,2022-03,八保第210121296号,2022-03-11,2022-03-11,2027-03-31,① 飲食店営業,ファミリーマート宇和大江店,西予市,,,,,,new,wayback:20220519121155:https://www.pref.ehime.jp/opendata-catalog/dataset/2344/resource/11680/%E6%96%B0%E8%A6%8F%E9%A3%9F%E5%93%81%E5%96%B6%E6%A5%AD%E8%A8%B1%E5%8F%AF%E6%96%BD%E8%A8%AD%EF%BC%88%E4%BB%A4%E5%92%8C4%E5%B9%B43%E6%9C%88%EF%BC%89.xls,3661491ad687aa266462b723876a1b3a689e62438acb13403311baa7901e8255
愛媛県,2022-03,八保第210121297号,2022-03-11,2022-03-11,2027-03-31,① 飲食店営業,ファミリーマート大洲新谷店,大洲市,,,,,,new,wayback:20220519121155:https://www.pref.ehime.jp/opendata-catalog/dataset/2344/resource/11680/%E6%96%B0%E8%A6%8F%E9%A3%9F%E5%93%81%E5%96%B6%E6%A5%AD%E8%A8%B1%E5%8F%AF%E6%96%BD%E8%A8%AD%EF%BC%88%E4%BB%A4%E5%92%8C4%E5%B9%B43%E6%9C%88%EF%BC%89.xls,3661491ad687aa266462b723876a1b3a689e62438acb13403311baa7901e8255
愛媛県,2022-03,八保第210121298号,2022-03-25,2022-03-25,2027-03-31,① 飲食店営業,かあちゃん工房,西予市,,,,,,new,wayback:20220519121155:https://www.pref.ehime.jp/opendata-catalog/dataset/2344/resource/11680/%E6%96%B0%E8%A6%8F%E9%A3%9F%E5%93%81%E5%96%B6%E6%A5%AD%E8%A8%B1%E5%8F%AF%E6%96%BD%E8%A8%AD%EF%BC%88%E4%BB%A4%E5%92%8C4%E5%B9%B43%E6%9C%88%EF%BC%89.xls,3661491ad687aa266462b723876a1b3a689e62438acb13403311baa7901e8255
愛媛県,2022-03,八保第210121299号,2022-03-23,2022-03-23,2027-03-31,① 飲食店営業,カラオケ　さくらんぼ,西予市,,,,,,new,wayback:20220519121155:https://www.pref.ehime.jp/opendata-catalog/dataset/2344/resource/11680/%E6%96%B0%E8%A6%8F%E9%A3%9F%E5%93%81%E5%96%B6%E6%A5%AD%E8%A8%B1%E5%8F%AF%E6%96%BD%E8%A8%AD%EF%BC%88%E4%BB%A4%E5%92%8C4%E5%B9%B43%E6%9C%88%EF%BC%89.xls,3661491ad687aa266462b723876a1b3a689e62438acb13403311baa7901e8255
愛媛県,2022-03,八保第210121300号,2022-03-18,2022-03-18,2027-03-31,① 飲食店営業,だんだんいち　風,西宇和郡伊方町,,,,,,new,wayback:20220519121155:https://www.pref.ehime.jp/opendata-catalog/dataset/2344/resource/11680/%E6%96%B0%E8%A6%8F%E9%A3%9F%E5%93%81%E5%96%B6%E6%A5%AD%E8%A8%B1%E5%8F%AF%E6%96%BD%E8%A8%AD%EF%BC%88%E4%BB%A4%E5%92%8C4%E5%B9%B43%E6%9C%88%EF%BC%89.xls,3661491ad687aa266462b723876a1b3a689e62438acb13403311baa7901e8255
愛媛県,2022-03,八保第210121301号,2022-03-25,2022-03-25,2027-03-31,① 飲食店営業,フジグラン大洲（催事場）,大洲市,,,,,,new,wayback:20220519121155:https://www.pref.ehime.jp/opendata-catalog/dataset/2344/resource/11680/%E6%96%B0%E8%A6%8F%E9%A3%9F%E5%93%81%E5%96%B6%E6%A5%AD%E8%A8%B1%E5%8F%AF%E6%96%BD%E8%A8%AD%EF%BC%88%E4%BB%A4%E5%92%8C4%E5%B9%B43%E6%9C%88%EF%BC%89.xls,3661491ad687aa266462b723876a1b3a689e62438acb13403311baa7901e8255
愛媛県,2022-03,八保第210121234号,2022-03-15,2022-03-15,2027-03-31,① 飲食店営業,居酒屋　灯,喜多郡内子町,,,,,,new,wayback:20220519121155:https://www.pref.ehime.jp/opendata-catalog/dataset/2344/resource/11680/%E6%96%B0%E8%A6%8F%E9%A3%9F%E5%93%81%E5%96%B6%E6%A5%AD%E8%A8%B1%E5%8F%AF%E6%96%BD%E8%A8%AD%EF%BC%88%E4%BB%A4%E5%92%8C4%E5%B9%B43%E6%9C%88%EF%BC%89.xls,3661491ad687aa266462b723876a1b3a689e62438acb13403311baa7901e8255
愛媛県,2022-03,八保第210201002号,2022-03-07,2022-03-07,2027-03-31,② 調理機能を有する自動販売機（要許可）,みかめ海の駅　潮彩館,西予市,,,,,,new,wayback:20220519121155:https://www.pref.ehime.jp/opendata-catalog/dataset/2344/resource/11680/%E6%96%B0%E8%A6%8F%E9%A3%9F%E5%93%81%E5%96%B6%E6%A5%AD%E8%A8%B1%E5%8F%AF%E6%96%BD%E8%A8%AD%EF%BC%88%E4%BB%A4%E5%92%8C4%E5%B9%B43%E6%9C%88%EF%BC%89.xls,3661491ad687aa266462b723876a1b3a689e62438acb13403311baa7901e8255
愛媛県,2022-03,八保第210201003号,2022-03-22,2022-03-22,2027-03-31,② 調理機能を有する自動販売機（要許可）,有限会社今岡商店,大洲市,,,,,,new,wayback:20220519121155:https://www.pref.ehime.jp/opendata-catalog/dataset/2344/resource/11680/%E6%96%B0%E8%A6%8F%E9%A3%9F%E5%93%81%E5%96%B6%E6%A5%AD%E8%A8%B1%E5%8F%AF%E6%96%BD%E8%A8%AD%EF%BC%88%E4%BB%A4%E5%92%8C4%E5%B9%B43%E6%9C%88%EF%BC%89.xls,3661491ad687aa266462b723876a1b3a689e62438acb13403311baa7901e8255
愛媛県,2022-03,八保第210301011号,2022-03-25,2022-03-25,2027-03-31,③ 食肉販売業,フジグラン大洲（精肉）,大洲市,,,,,,new,wayback:20220519121155:https://www.pref.ehime.jp/opendata-catalog/dataset/2344/resource/11680/%E6%96%B0%E8%A6%8F%E9%A3%9F%E5%93%81%E5%96%B6%E6%A5%AD%E8%A8%B1%E5%8F%AF%E6%96%BD%E8%A8%AD%EF%BC%88%E4%BB%A4%E5%92%8C4%E5%B9%B43%E6%9C%88%EF%BC%89.xls,3661491ad687aa266462b723876a1b3a689e62438acb13403311baa7901e8255
愛媛県,2022-03,八保第210301012号,2022-03-11,2022-03-11,2027-03-31,③ 食肉販売業,ラ・ムー大洲店,大洲市,,,,,,new,wayback:20220519121155:https://www.pref.ehime.jp/opendata-catalog/dataset/2344/resource/11680/%E6%96%B0%E8%A6%8F%E9%A3%9F%E5%93%81%E5%96%B6%E6%A5%AD%E8%A8%B1%E5%8F%AF%E6%96%BD%E8%A8%AD%EF%BC%88%E4%BB%A4%E5%92%8C4%E5%B9%B43%E6%9C%88%EF%BC%89.xls,3661491ad687aa266462b723876a1b3a689e62438acb13403311baa7901e8255
愛媛県,2022-03,八保第210401023号,2022-03-07,2022-03-07,2027-03-31,④ 魚介類販売業,菊池鮮魚店,西予市,,,,,,new,wayback:20220519121155:https://www.pref.ehime.jp/opendata-catalog/dataset/2344/resource/11680/%E6%96%B0%E8%A6%8F%E9%A3%9F%E5%93%81%E5%96%B6%E6%A5%AD%E8%A8%B1%E5%8F%AF%E6%96%BD%E8%A8%AD%EF%BC%88%E4%BB%A4%E5%92%8C4%E5%B9%B43%E6%9C%88%EF%BC%89.xls,3661491ad687aa266462b723876a1b3a689e62438acb13403311baa7901e8255
愛媛県,2022-03,八保第210401024号,2022-03-07,2022-03-07,2027-03-31,④ 魚介類販売業,株式会社マルウ水産,西予市,,,,,,new,wayback:20220519121155:https://www.pref.ehime.jp/opendata-catalog/dataset/2344/resource/11680/%E6%96%B0%E8%A6%8F%E9%A3%9F%E5%93%81%E5%96%B6%E6%A5%AD%E8%A8%B1%E5%8F%AF%E6%96%BD%E8%A8%AD%EF%BC%88%E4%BB%A4%E5%92%8C4%E5%B9%B43%E6%9C%88%EF%BC%89.xls,3661491ad687aa266462b723876a1b3a689e62438acb13403311baa7901e8255
愛媛県,2022-03,八保第210401025号,2022-03-07,2022-03-07,2027-03-31,④ 魚介類販売業,みかめ海の駅潮彩館,西予市,,,,,,new,wayback:20220519121155:https://www.pref.ehime.jp/opendata-catalog/dataset/2344/resource/11680/%E6%96%B0%E8%A6%8F%E9%A3%9F%E5%93%81%E5%96%B6%E6%A5%AD%E8%A8%B1%E5%8F%AF%E6%96%BD%E8%A8%AD%EF%BC%88%E4%BB%A4%E5%92%8C4%E5%B9%B43%E6%9C%88%EF%BC%89.xls,3661491ad687aa266462b723876a1b3a689e62438acb13403311baa7901e8255
愛媛県,2022-03,八保第210401026号,2022-03-07,2022-03-07,2027-03-31,④ 魚介類販売業,Ｙショップヤマザキ　ＪＡひがしうわ高山店,西予市,,,,,,new,wayback:20220519121155:https://www.pref.ehime.jp/opendata-catalog/dataset/2344/resource/11680/%E6%96%B0%E8%A6%8F%E9%A3%9F%E5%93%81%E5%96%B6%E6%A5%AD%E8%A8%B1%E5%8F%AF%E6%96%BD%E8%A8%AD%EF%BC%88%E4%BB%A4%E5%92%8C4%E5%B9%B43%E6%9C%88%EF%BC%89.xls,3661491ad687aa266462b723876a1b3a689e62438acb13403311baa7901e8255
愛媛県,2022-03,八保第210401027号,2022-03-11,2022-03-11,2027-03-31,④ 魚介類販売業,大野鮮魚店,大洲市,,,,,,new,wayback:20220519121155:https://www.pref.ehime.jp/opendata-catalog/dataset/2344/resource/11680/%E6%96%B0%E8%A6%8F%E9%A3%9F%E5%93%81%E5%96%B6%E6%A5%AD%E8%A8%B1%E5%8F%AF%E6%96%BD%E8%A8%AD%EF%BC%88%E4%BB%A4%E5%92%8C4%E5%B9%B43%E6%9C%88%EF%BC%89.xls,3661491ad687aa266462b723876a1b3a689e62438acb13403311baa7901e8255
愛媛県,2022-03,八保第210401028号,2022-03-25,2022-03-25,2027-03-31,④ 魚介類販売業,フジグラン大洲（鮮魚）,大洲市,,,,,,new,wayback:20220519121155:https://www.pref.ehime.jp/opendata-catalog/dataset/2344/resource/11680/%E6%96%B0%E8%A6%8F%E9%A3%9F%E5%93%81%E5%96%B6%E6%A5%AD%E8%A8%B1%E5%8F%AF%E6%96%BD%E8%A8%AD%EF%BC%88%E4%BB%A4%E5%92%8C4%E5%B9%B43%E6%9C%88%EF%BC%89.xls,3661491ad687aa266462b723876a1b3a689e62438acb13403311baa7901e8255
愛媛県,2022-03,八保第210401029号,2022-03-11,2022-03-11,2027-03-31,④ 魚介類販売業,大和,大洲市,,,,,,new,wayback:20220519121155:https://www.pref.ehime.jp/opendata-catalog/dataset/2344/resource/11680/%E6%96%B0%E8%A6%8F%E9%A3%9F%E5%93%81%E5%96%B6%E6%A5%AD%E8%A8%B1%E5%8F%AF%E6%96%BD%E8%A8%AD%EF%BC%88%E4%BB%A4%E5%92%8C4%E5%B9%B43%E6%9C%88%EF%BC%89.xls,3661491ad687aa266462b723876a1b3a689e62438acb13403311baa7901e8255
愛媛県,2022-03,八保第210901003号,2022-03-11,2022-03-11,2028-03-31,⑨ 食肉処理業,ＪＡえひめアイパックス株式会社,大洲市,,,,,,new,wayback:20220519121155:https://www.pref.ehime.jp/opendata-catalog/dataset/2344/resource/11680/%E6%96%B0%E8%A6%8F%E9%A3%9F%E5%93%81%E5%96%B6%E6%A5%AD%E8%A8%B1%E5%8F%AF%E6%96%BD%E8%A8%AD%EF%BC%88%E4%BB%A4%E5%92%8C4%E5%B9%B43%E6%9C%88%EF%BC%89.xls,3661491ad687aa266462b723876a1b3a689e62438acb13403311baa7901e8255
愛媛県,2022-03,八保第211101041号,2022-03-09,2022-03-09,2027-03-31,⑪ 菓子製造業,シャトレーゼ　大洲店,大洲市,,,,,,new,wayback:20220519121155:https://www.pref.ehime.jp/opendata-catalog/dataset/2344/resource/11680/%E6%96%B0%E8%A6%8F%E9%A3%9F%E5%93%81%E5%96%B6%E6%A5%AD%E8%A8%B1%E5%8F%AF%E6%96%BD%E8%A8%AD%EF%BC%88%E4%BB%A4%E5%92%8C4%E5%B9%B43%E6%9C%88%EF%BC%89.xls,3661491ad687aa266462b723876a1b3a689e62438acb13403311baa7901e8255
愛媛県,2022-03,八保第211101042号,2022-03-15,2022-03-15,2027-03-31,⑪ 菓子製造業,宮ちゃん,喜多郡内子町,,,,,,new,wayback:20220519121155:https://www.pref.ehime.jp/opendata-catalog/dataset/2344/resource/11680/%E6%96%B0%E8%A6%8F%E9%A3%9F%E5%93%81%E5%96%B6%E6%A5%AD%E8%A8%B1%E5%8F%AF%E6%96%BD%E8%A8%AD%EF%BC%88%E4%BB%A4%E5%92%8C4%E5%B9%B43%E6%9C%88%EF%BC%89.xls,3661491ad687aa266462b723876a1b3a689e62438acb13403311baa7901e8255
愛媛県,2022-03,八保第211101043号,2022-03-24,2022-03-24,2027-03-31,⑪ 菓子製造業,株式会社ヒューネット　風の谷うちこおろぎファーム内子営業所,喜多郡内子町,,,,,,new,wayback:20220519121155:https://www.pref.ehime.jp/opendata-catalog/dataset/2344/resource/11680/%E6%96%B0%E8%A6%8F%E9%A3%9F%E5%93%81%E5%96%B6%E6%A5%AD%E8%A8%B1%E5%8F%AF%E6%96%BD%E8%A8%AD%EF%BC%88%E4%BB%A4%E5%92%8C4%E5%B9%B43%E6%9C%88%EF%BC%89.xls,3661491ad687aa266462b723876a1b3a689e62438acb13403311baa7901e8255
愛媛県,2022-03,八保第211101044号,2022-03-05,2022-03-05,2027-03-31,⑪ 菓子製造業,（有）一笑堂本舗,八幡浜市,,,,,,new,wayback:20220519121155:https://www.pref.ehime.jp/opendata-catalog/dataset/2344/resource/11680/%E6%96%B0%E8%A6%8F%E9%A3%9F%E5%93%81%E5%96%B6%E6%A5%AD%E8%A8%B1%E5%8F%AF%E6%96%BD%E8%A8%AD%EF%BC%88%E4%BB%A4%E5%92%8C4%E5%B9%B43%E6%9C%88%EF%BC%89.xls,3661491ad687aa266462b723876a1b3a689e62438acb13403311baa7901e8255
愛媛県,2022-03,八保第211101045号,2022-03-10,2022-03-10,2027-03-31,⑪ 菓子製造業,なつみ屋,大洲市,,,,,,new,wayback:20220519121155:https://www.pref.ehime.jp/opendata-catalog/dataset/2344/resource/11680/%E6%96%B0%E8%A6%8F%E9%A3%9F%E5%93%81%E5%96%B6%E6%A5%AD%E8%A8%B1%E5%8F%AF%E6%96%BD%E8%A8%AD%EF%BC%88%E4%BB%A4%E5%92%8C4%E5%B9%B43%E6%9C%88%EF%BC%89.xls,3661491ad687aa266462b723876a1b3a689e62438acb13403311baa7901e8255
愛媛県,2022-03,八保第211101046号,2022-03-07,2022-03-07,2027-03-31,⑪ 菓子製造業,チロル,西予市,,,,,,new,wayback:20220519121155:https://www.pref.ehime.jp/opendata-catalog/dataset/2344/resource/11680/%E6%96%B0%E8%A6%8F%E9%A3%9F%E5%93%81%E5%96%B6%E6%A5%AD%E8%A8%B1%E5%8F%AF%E6%96%BD%E8%A8%AD%EF%BC%88%E4%BB%A4%E5%92%8C4%E5%B9%B43%E6%9C%88%EF%BC%89.xls,3661491ad687aa266462b723876a1b3a689e62438acb13403311baa7901e8255
愛媛県,2022-03,八保第211101047号,2022-03-16,2022-03-16,2027-03-31,⑪ 菓子製造業,Ｃａｆｅ　Ｌｅ　Ｐｅｔｉｔ　Ｐｏｎｔ（プチポン）,八幡浜市,,,,,,new,wayback:20220519121155:https://www.pref.ehime.jp/opendata-catalog/dataset/2344/resource/11680/%E6%96%B0%E8%A6%8F%E9%A3%9F%E5%93%81%E5%96%B6%E6%A5%AD%E8%A8%B1%E5%8F%AF%E6%96%BD%E8%A8%AD%EF%BC%88%E4%BB%A4%E5%92%8C4%E5%B9%B43%E6%9C%88%EF%BC%89.xls,3661491ad687aa266462b723876a1b3a689e62438acb13403311baa7901e8255
愛媛県,2022-03,八保第211101048号,2022-03-09,2022-03-09,2027-03-31,⑪ 菓子製造業,ＢＲＥＡＤ　＆　ＳＷＥＥＴＳ　ｙｕｍｅｈｏｎｏｋａ,大洲市,,,,,,new,wayback:20220519121155:https://www.pref.ehime.jp/opendata-catalog/dataset/2344/resource/11680/%E6%96%B0%E8%A6%8F%E9%A3%9F%E5%93%81%E5%96%B6%E6%A5%AD%E8%A8%B1%E5%8F%AF%E6%96%BD%E8%A8%AD%EF%BC%88%E4%BB%A4%E5%92%8C4%E5%B9%B43%E6%9C%88%EF%BC%89.xls,3661491ad687aa266462b723876a1b3a689e62438acb13403311baa7901e8255
愛媛県,2022-03,八保第211101049号,2022-03-08,2022-03-08,2027-03-31,⑪ 菓子製造業,上町スーパー,喜多郡内子町,,,,,,new,wayback:20220519121155:https://www.pref.ehime.jp/opendata-catalog/dataset/2344/resource/11680/%E6%96%B0%E8%A6%8F%E9%A3%9F%E5%93%81%E5%96%B6%E6%A5%AD%E8%A8%B1%E5%8F%AF%E6%96%BD%E8%A8%AD%EF%BC%88%E4%BB%A4%E5%92%8C4%E5%B9%B43%E6%9C%88%EF%BC%89.xls,3661491ad687aa266462b723876a1b3a689e62438acb13403311baa7901e8255
愛媛県,2022-03,八保第211101050号,2022-03-08,2022-03-08,2027-03-31,⑪ 菓子製造業,宮栄商事有限会社,喜多郡内子町,,,,,,new,wayback:20220519121155:https://www.pref.ehime.jp/opendata-catalog/dataset/2344/resource/11680/%E6%96%B0%E8%A6%8F%E9%A3%9F%E5%93%81%E5%96%B6%E6%A5%AD%E8%A8%B1%E5%8F%AF%E6%96%BD%E8%A8%AD%EF%BC%88%E4%BB%A4%E5%92%8C4%E5%B9%B43%E6%9C%88%EF%BC%89.xls,3661491ad687aa266462b723876a1b3a689e62438acb13403311baa7901e8255
愛媛県,2022-03,八保第211101051号,2022-03-08,2022-03-08,2027-03-31,⑪ 菓子製造業,菜月自然農園,喜多郡内子町,,,,,,new,wayback:20220519121155:https://www.pref.ehime.jp/opendata-catalog/dataset/2344/resource/11680/%E6%96%B0%E8%A6%8F%E9%A3%9F%E5%93%81%E5%96%B6%E6%A5%AD%E8%A8%B1%E5%8F%AF%E6%96%BD%E8%A8%AD%EF%BC%88%E4%BB%A4%E5%92%8C4%E5%B9%B43%E6%9C%88%EF%BC%89.xls,3661491ad687aa266462b723876a1b3a689e62438acb13403311baa7901e8255
愛媛県,2022-03,八保第211101052号,2022-03-08,2022-03-08,2027-03-31,⑪ 菓子製造業,大野製菓,喜多郡内子町,,,,,,new,wayback:20220519121155:https://www.pref.ehime.jp/opendata-catalog/dataset/2344/resource/11680/%E6%96%B0%E8%A6%8F%E9%A3%9F%E5%93%81%E5%96%B6%E6%A5%AD%E8%A8%B1%E5%8F%AF%E6%96%BD%E8%A8%AD%EF%BC%88%E4%BB%A4%E5%92%8C4%E5%B9%B43%E6%9C%88%EF%BC%89.xls,3661491ad687aa266462b723876a1b3a689e62438acb13403311baa7901e8255
愛媛県,2022-03,八保第211101053号,2022-03-11,2022-03-11,2027-03-31,⑪ 菓子製造業,山栄堂,大洲市,,,,,,new,wayback:20220519121155:https://www.pref.ehime.jp/opendata-catalog/dataset/2344/resource/11680/%E6%96%B0%E8%A6%8F%E9%A3%9F%E5%93%81%E5%96%B6%E6%A5%AD%E8%A8%B1%E5%8F%AF%E6%96%BD%E8%A8%AD%EF%BC%88%E4%BB%A4%E5%92%8C4%E5%B9%B43%E6%9C%88%EF%BC%89.xls,3661491ad687aa266462b723876a1b3a689e62438acb13403311baa7901e8255
愛媛県,2022-03,八保第211101054号,2022-03-11,2022-03-11,2027-03-31,⑪ 菓子製造業,ヤマトヤ,大洲市,,,,,,new,wayback:20220519121155:https://www.pref.ehime.jp/opendata-catalog/dataset/2344/resource/11680/%E6%96%B0%E8%A6%8F%E9%A3%9F%E5%93%81%E5%96%B6%E6%A5%AD%E8%A8%B1%E5%8F%AF%E6%96%BD%E8%A8%AD%EF%BC%88%E4%BB%A4%E5%92%8C4%E5%B9%B43%E6%9C%88%EF%BC%89.xls,3661491ad687aa266462b723876a1b3a689e62438acb13403311baa7901e8255
愛媛県,2022-03,八保第211101055号,2022-03-11,2022-03-11,2027-03-31,⑪ 菓子製造業,七寶堂,大洲市,,,,,,new,wayback:20220519121155:https://www.pref.ehime.jp/opendata-catalog/dataset/2344/resource/11680/%E6%96%B0%E8%A6%8F%E9%A3%9F%E5%93%81%E5%96%B6%E6%A5%AD%E8%A8%B1%E5%8F%AF%E6%96%BD%E8%A8%AD%EF%BC%88%E4%BB%A4%E5%92%8C4%E5%B9%B43%E6%9C%88%EF%BC%89.xls,3661491ad687aa266462b723876a1b3a689e62438acb13403311baa7901e8255
愛媛県,2022-03,八保第211101056号,2022-03-11,2022-03-11,2027-03-31,⑪ 菓子製造業,フレッシュバリュー大洲店,大洲市,,,,,,new,wayback:20220519121155:https://www.pref.ehime.jp/opendata-catalog/dataset/2344/resource/11680/%E6%96%B0%E8%A6%8F%E9%A3%9F%E5%93%81%E5%96%B6%E6%A5%AD%E8%A8%B1%E5%8F%AF%E6%96%BD%E8%A8%AD%EF%BC%88%E4%BB%A4%E5%92%8C4%E5%B9%B43%E6%9C%88%EF%BC%89.xls,3661491ad687aa266462b723876a1b3a689e62438acb13403311baa7901e8255
愛媛県,2022-03,八保第211401004号,2022-03-05,2022-03-05,2027-03-31,⑭ 清涼飲料水製造業,西南開発株式会社（クリクラ西南）,八幡浜市,,,,,,new,wayback:20220519121155:https://www.pref.ehime.jp/opendata-catalog/dataset/2344/resource/11680/%E6%96%B0%E8%A6%8F%E9%A3%9F%E5%93%81%E5%96%B6%E6%A5%AD%E8%A8%B1%E5%8F%AF%E6%96%BD%E8%A8%AD%EF%BC%88%E4%BB%A4%E5%92%8C4%E5%B9%B43%E6%9C%88%EF%BC%89.xls,3661491ad687aa266462b723876a1b3a689e62438acb13403311baa7901e8255
愛媛県,2022-03,八保第211401005号,2022-03-07,2022-03-07,2027-03-31,⑭ 清涼飲料水製造業,みかめ海の駅潮彩館,西予市,,,,,,new,wayback:20220519121155:https://www.pref.ehime.jp/opendata-catalog/dataset/2344/resource/11680/%E6%96%B0%E8%A6%8F%E9%A3%9F%E5%93%81%E5%96%B6%E6%A5%AD%E8%A8%B1%E5%8F%AF%E6%96%BD%E8%A8%AD%EF%BC%88%E4%BB%A4%E5%92%8C4%E5%B9%B43%E6%9C%88%EF%BC%89.xls,3661491ad687aa266462b723876a1b3a689e62438acb13403311baa7901e8255
愛媛県,2022-03,八保第211601010号,2022-03-05,2022-03-05,2027-03-31,⑯ 水産製品製造業,きらら売店,西宇和郡伊方町,,,,,,new,wayback:20220519121155:https://www.pref.ehime.jp/opendata-catalog/dataset/2344/resource/11680/%E6%96%B0%E8%A6%8F%E9%A3%9F%E5%93%81%E5%96%B6%E6%A5%AD%E8%A8%B1%E5%8F%AF%E6%96%BD%E8%A8%AD%EF%BC%88%E4%BB%A4%E5%92%8C4%E5%B9%B43%E6%9C%88%EF%BC%89.xls,3661491ad687aa266462b723876a1b3a689e62438acb13403311baa7901e8255
愛媛県,2022-03,八保第212001005号,2022-03-08,2022-03-08,2027-03-31,⑳ みそ又はしょうゆ製造業,えひめ中央農業協同組合　加工部　小田醸造場,喜多郡内子町,,,,,,new,wayback:20220519121155:https://www.pref.ehime.jp/opendata-catalog/dataset/2344/resource/11680/%E6%96%B0%E8%A6%8F%E9%A3%9F%E5%93%81%E5%96%B6%E6%A5%AD%E8%A8%B1%E5%8F%AF%E6%96%BD%E8%A8%AD%EF%BC%88%E4%BB%A4%E5%92%8C4%E5%B9%B43%E6%9C%88%EF%BC%89.xls,3661491ad687aa266462b723876a1b3a689e62438acb13403311baa7901e8255
愛媛県,2022-03,八保第212001006号,2022-03-11,2022-03-11,2027-03-31,⑳ みそ又はしょうゆ製造業,（有）ひじかわ特産開発,大洲市,,,,,,new,wayback:20220519121155:https://www.pref.ehime.jp/opendata-catalog/dataset/2344/resource/11680/%E6%96%B0%E8%A6%8F%E9%A3%9F%E5%93%81%E5%96%B6%E6%A5%AD%E8%A8%B1%E5%8F%AF%E6%96%BD%E8%A8%AD%EF%BC%88%E4%BB%A4%E5%92%8C4%E5%B9%B43%E6%9C%88%EF%BC%89.xls,3661491ad687aa266462b723876a1b3a689e62438acb13403311baa7901e8255
愛媛県,2022-03,八保第212201007号,2022-03-25,2022-03-25,2027-03-31,㉒ 豆腐製造業,城戸豆腐店,大洲市,,,,,,new,wayback:20220519121155:https://www.pref.ehime.jp/opendata-catalog/dataset/2344/resource/11680/%E6%96%B0%E8%A6%8F%E9%A3%9F%E5%93%81%E5%96%B6%E6%A5%AD%E8%A8%B1%E5%8F%AF%E6%96%BD%E8%A8%AD%EF%BC%88%E4%BB%A4%E5%92%8C4%E5%B9%B43%E6%9C%88%EF%BC%89.xls,3661491ad687aa266462b723876a1b3a689e62438acb13403311baa7901e8255
愛媛県,2022-03,八保第212501029号,2022-03-05,2022-03-05,2027-03-31,㉕ そうざい製造業,ビジネスホテル水仙,八幡浜市,,,,,,new,wayback:20220519121155:https://www.pref.ehime.jp/opendata-catalog/dataset/2344/resource/11680/%E6%96%B0%E8%A6%8F%E9%A3%9F%E5%93%81%E5%96%B6%E6%A5%AD%E8%A8%B1%E5%8F%AF%E6%96%BD%E8%A8%AD%EF%BC%88%E4%BB%A4%E5%92%8C4%E5%B9%B43%E6%9C%88%EF%BC%89.xls,3661491ad687aa266462b723876a1b3a689e62438acb13403311baa7901e8255
愛媛県,2022-03,八保第212501030号,2022-03-05,2022-03-05,2027-03-31,㉕ そうざい製造業,味楽食堂,八幡浜市,,,,,,new,wayback:20220519121155:https://www.pref.ehime.jp/opendata-catalog/dataset/2344/resource/11680/%E6%96%B0%E8%A6%8F%E9%A3%9F%E5%93%81%E5%96%B6%E6%A5%AD%E8%A8%B1%E5%8F%AF%E6%96%BD%E8%A8%AD%EF%BC%88%E4%BB%A4%E5%92%8C4%E5%B9%B43%E6%9C%88%EF%BC%89.xls,3661491ad687aa266462b723876a1b3a689e62438acb13403311baa7901e8255
愛媛県,2022-03,八保第212501031号,2022-03-07,2022-03-07,2027-03-31,㉕ そうざい製造業,てんぽ屋,西予市,,,,,,new,wayback:20220519121155:https://www.pref.ehime.jp/opendata-catalog/dataset/2344/resource/11680/%E6%96%B0%E8%A6%8F%E9%A3%9F%E5%93%81%E5%96%B6%E6%A5%AD%E8%A8%B1%E5%8F%AF%E6%96%BD%E8%A8%AD%EF%BC%88%E4%BB%A4%E5%92%8C4%E5%B9%B43%E6%9C%88%EF%BC%89.xls,3661491ad687aa266462b723876a1b3a689e62438acb13403311baa7901e8255
愛媛県,2022-03,八保第212501032号,2022-03-07,2022-03-07,2027-03-31,㉕ そうざい製造業,井上鮮魚店,西予市,,,,,,new,wayback:20220519121155:https://www.pref.ehime.jp/opendata-catalog/dataset/2344/resource/11680/%E6%96%B0%E8%A6%8F%E9%A3%9F%E5%93%81%E5%96%B6%E6%A5%AD%E8%A8%B1%E5%8F%AF%E6%96%BD%E8%A8%AD%EF%BC%88%E4%BB%A4%E5%92%8C4%E5%B9%B43%E6%9C%88%EF%BC%89.xls,3661491ad687aa266462b723876a1b3a689e62438acb13403311baa7901e8255
愛媛県,2022-03,八保第212501033号,2022-03-07,2022-03-07,2027-03-31,㉕ そうざい製造業,株式会社マルウ水産,西予市,,,,,,new,wayback:20220519121155:https://www.pref.ehime.jp/opendata-catalog/dataset/2344/resource/11680/%E6%96%B0%E8%A6%8F%E9%A3%9F%E5%93%81%E5%96%B6%E6%A5%AD%E8%A8%B1%E5%8F%AF%E6%96%BD%E8%A8%AD%EF%BC%88%E4%BB%A4%E5%92%8C4%E5%B9%B43%E6%9C%88%EF%BC%89.xls,3661491ad687aa266462b723876a1b3a689e62438acb13403311baa7901e8255
愛媛県,2022-03,八保第212501034号,2022-03-22,2022-03-22,2027-03-31,㉕ そうざい製造業,若草,大洲市,,,,,,new,wayback:20220519121155:https://www.pref.ehime.jp/opendata-catalog/dataset/2344/resource/11680/%E6%96%B0%E8%A6%8F%E9%A3%9F%E5%93%81%E5%96%B6%E6%A5%AD%E8%A8%B1%E5%8F%AF%E6%96%BD%E8%A8%AD%EF%BC%88%E4%BB%A4%E5%92%8C4%E5%B9%B43%E6%9C%88%EF%BC%89.xls,3661491ad687aa266462b723876a1b3a689e62438acb13403311baa7901e8255
愛媛県,2022-03,八保第212501035号,2022-03-16,2022-03-16,2027-03-31,㉕ そうざい製造業,マリン,八幡浜市,,,,,,new,wayback:20220519121155:https://www.pref.ehime.jp/opendata-catalog/dataset/2344/resource/11680/%E6%96%B0%E8%A6%8F%E9%A3%9F%E5%93%81%E5%96%B6%E6%A5%AD%E8%A8%B1%E5%8F%AF%E6%96%BD%E8%A8%AD%EF%BC%88%E4%BB%A4%E5%92%8C4%E5%B9%B43%E6%9C%88%EF%BC%89.xls,3661491ad687aa266462b723876a1b3a689e62438acb13403311baa7901e8255
愛媛県,2022-03,八保第212501036号,2022-03-08,2022-03-08,2027-03-31,㉕ そうざい製造業,橘,喜多郡内子町,,,,,,new,wayback:20220519121155:https://www.pref.ehime.jp/opendata-catalog/dataset/2344/resource/11680/%E6%96%B0%E8%A6%8F%E9%A3%9F%E5%93%81%E5%96%B6%E6%A5%AD%E8%A8%B1%E5%8F%AF%E6%96%BD%E8%A8%AD%EF%BC%88%E4%BB%A4%E5%92%8C4%E5%B9%B43%E6%9C%88%EF%BC%89.xls,3661491ad687aa266462b723876a1b3a689e62438acb13403311baa7901e8255
愛媛県,2022-03,八保第212501037号,2022-03-08,2022-03-08,2027-03-31,㉕ そうざい製造業,あぐりそうざい,喜多郡内子町,,,,,,new,wayback:20220519121155:https://www.pref.ehime.jp/opendata-catalog/dataset/2344/resource/11680/%E6%96%B0%E8%A6%8F%E9%A3%9F%E5%93%81%E5%96%B6%E6%A5%AD%E8%A8%B1%E5%8F%AF%E6%96%BD%E8%A8%AD%EF%BC%88%E4%BB%A4%E5%92%8C4%E5%B9%B43%E6%9C%88%EF%BC%89.xls,3661491ad687aa266462b723876a1b3a689e62438acb13403311baa7901e8255
愛媛県,2022-03,八保第212501038号,2022-03-11,2022-03-11,2027-03-31,㉕ そうざい製造業,カネヒチ,大洲市,,,,,,new,wayback:20220519121155:https://www.pref.ehime.jp/opendata-catalog/dataset/2344/resource/11680/%E6%96%B0%E8%A6%8F%E9%A3%9F%E5%93%81%E5%96%B6%E6%A5%AD%E8%A8%B1%E5%8F%AF%E6%96%BD%E8%A8%AD%EF%BC%88%E4%BB%A4%E5%92%8C4%E5%B9%B43%E6%9C%88%EF%BC%89.xls,3661491ad687aa266462b723876a1b3a689e62438acb13403311baa7901e8255
愛媛県,2022-03,八保第212501039号,2022-03-11,2022-03-11,2027-03-31,㉕ そうざい製造業,料苑たる井,大洲市,,,,,,new,wayback:20220519121155:https://www.pref.ehime.jp/opendata-catalog/dataset/2344/resource/11680/%E6%96%B0%E8%A6%8F%E9%A3%9F%E5%93%81%E5%96%B6%E6%A5%AD%E8%A8%B1%E5%8F%AF%E6%96%BD%E8%A8%AD%EF%BC%88%E4%BB%A4%E5%92%8C4%E5%B9%B43%E6%9C%88%EF%BC%89.xls,3661491ad687aa266462b723876a1b3a689e62438acb13403311baa7901e8255
愛媛県,2022-03,八保第212501040号,2022-03-11,2022-03-11,2027-03-31,㉕ そうざい製造業,楠﨑養鰻場,大洲市,,,,,,new,wayback:20220519121155:https://www.pref.ehime.jp/opendata-catalog/dataset/2344/resource/11680/%E6%96%B0%E8%A6%8F%E9%A3%9F%E5%93%81%E5%96%B6%E6%A5%AD%E8%A8%B1%E5%8F%AF%E6%96%BD%E8%A8%AD%EF%BC%88%E4%BB%A4%E5%92%8C4%E5%B9%B43%E6%9C%88%EF%BC%89.xls,3661491ad687aa266462b723876a1b3a689e62438acb13403311baa7901e8255
愛媛県,2022-03,八保第212701001号,2022-03-11,2022-03-11,2027-03-31,㉗ 冷凍食品製造業,くみあい食品工業株式会社,大洲市,,,,,,new,wayback:20220519121155:https://www.pref.ehime.jp/opendata-catalog/dataset/2344/resource/11680/%E6%96%B0%E8%A6%8F%E9%A3%9F%E5%93%81%E5%96%B6%E6%A5%AD%E8%A8%B1%E5%8F%AF%E6%96%BD%E8%A8%AD%EF%BC%88%E4%BB%A4%E5%92%8C4%E5%B9%B43%E6%9C%88%EF%BC%89.xls,3661491ad687aa266462b723876a1b3a689e62438acb13403311baa7901e8255
愛媛県,2022-03,八保第213001007号,2022-03-16,2022-03-16,2027-03-31,㉚ 密封包装食品製造業,シーフードセンター八幡浜,八幡浜市,,,,,,new,wayback:20220519121155:https://www.pref.ehime.jp/opendata-catalog/dataset/2344/resource/11680/%E6%96%B0%E8%A6%8F%E9%A3%9F%E5%93%81%E5%96%B6%E6%A5%AD%E8%A8%B1%E5%8F%AF%E6%96%BD%E8%A8%AD%EF%BC%88%E4%BB%A4%E5%92%8C4%E5%B9%B43%E6%9C%88%EF%BC%89.xls,3661491ad687aa266462b723876a1b3a689e62438acb13403311baa7901e8255
