source_authority,source_snapshot_date,permit_number,initial_permit_date,permit_date,permit_expiry_date,business_type,facility_name,facility_address,municipality_code,town_id,latitude,longitude,application_type,record_scope,source_url,source_sha256
松山市,2026-03-31,第00001996号,,,,飲食店営業,つけ麺大王　石井店,松山市北土居５丁目１６－２９,382019,,,,,all,https://www.city.matsuyama.ehime.jp/shisei/opendata/metadata/shokuhin.files/382019_food_business_all_2026031.csv,d1c623faaa6450b45a31873a3344cee7e569f4a5478d7a293029327e832c61fe
松山市,2026-03-31,第00002034号,,,,飲食店営業,酒井屋,松山市高浜町６丁目１６０９－３,382019,,,,,all,https://www.city.matsuyama.ehime.jp/shisei/opendata/metadata/shokuhin.files/382019_food_business_all_2026031.csv,d1c623faaa6450b45a31873a3344cee7e569f4a5478d7a293029327e832c61fe
松山市,2026-03-31,第00002076号,,,,飲食店営業,金龍園,松山市萱町６丁目９７－７,382019,,,,,all,https://www.city.matsuyama.ehime.jp/shisei/opendata/metadata/shokuhin.files/382019_food_business_all_2026031.csv,d1c623faaa6450b45a31873a3344cee7e569f4a5478d7a293029327e832c61fe
松山市,2026-03-31,第00002075号,,,,飲食店営業,ブーケ,松山市三津２丁目１１－１８,382019,,,,,all,https://www.city.matsuyama.ehime.jp/shisei/opendata/metadata/shokuhin.files/382019_food_business_all_2026031.csv,d1c623faaa6450b45a31873a3344cee7e569f4a5478d7a293029327e832c61fe
松山市,2026-03-31,第00002159号,,,,飲食店営業,１・２・３,松山市此花町３－１８,382019,,,,,all,https://www.city.matsuyama.ehime.jp/shisei/opendata/metadata/shokuhin.files/382019_food_business_all_2026031.csv,d1c623faaa6450b45a31873a3344cee7e569f4a5478d7a293029327e832c61fe
松山市,2026-03-31,第00001959号,,,,飲食店営業,ファミリーレストラン　レンガ屋,松山市問屋町９－４４,382019,,,,,all,https://www.city.matsuyama.ehime.jp/shisei/opendata/metadata/shokuhin.files/382019_food_business_all_2026031.csv,d1c623faaa6450b45a31873a3344cee7e569f4a5478d7a293029327e832c61fe
松山市,2026-03-31,第00002052号,,,,飲食店営業,勝山協食,松山市清水町３丁目９１－１,382019,,,,,all,https://www.city.matsuyama.ehime.jp/shisei/opendata/metadata/shokuhin.files/382019_food_business_all_2026031.csv,d1c623faaa6450b45a31873a3344cee7e569f4a5478d7a293029327e832c61fe
松山市,2026-03-31,第00002375号,,,,飲食店営業,城山荘,松山市丸ノ内１,382019,,,,,all,https://www.city.matsuyama.ehime.jp/shisei/opendata/metadata/shokuhin.files/382019_food_business_all_2026031.csv,d1c623faaa6450b45a31873a3344cee7e569f4a5478d7a293029327e832c61fe
松山市,2026-03-31,第00002201号,,,,飲食店営業,一文寿し,松山市北土居４丁目５－６,382019,,,,,all,https://www.city.matsuyama.ehime.jp/shisei/opendata/metadata/shokuhin.files/382019_food_business_all_2026031.csv,d1c623faaa6450b45a31873a3344cee7e569f4a5478d7a293029327e832c61fe
松山市,2026-03-31,第00002173号,,,,飲食店営業,割烹新﨑,松山市喜与町１丁目１０－９,382019,,,,,all,https://www.city.matsuyama.ehime.jp/shisei/opendata/metadata/shokuhin.files/382019_food_business_all_2026031.csv,d1c623faaa6450b45a31873a3344cee7e569f4a5478d7a293029327e832c61fe
松山市,2026-03-31,第00001962号,,,,飲食店営業,りつこの部屋,松山市久万ノ台９１７－１,382019,,,,,all,https://www.city.matsuyama.ehime.jp/shisei/opendata/metadata/shokuhin.files/382019_food_business_all_2026031.csv,d1c623faaa6450b45a31873a3344cee7e569f4a5478d7a293029327e832c61fe
松山市,2026-03-31,第00002252号,,,,飲食店営業,雁飯店,松山市木屋町２丁目７－２０,382019,,,,,all,https://www.city.matsuyama.ehime.jp/shisei/opendata/metadata/shokuhin.files/382019_food_business_all_2026031.csv,d1c623faaa6450b45a31873a3344cee7e569f4a5478d7a293029327e832c61fe
松山市,2026-03-31,第00002051号,,,,飲食店営業,豚太郎１１号店,松山市久米窪田町１１７０－３,382019,,,,,all,https://www.city.matsuyama.ehime.jp/shisei/opendata/metadata/shokuhin.files/382019_food_business_all_2026031.csv,d1c623faaa6450b45a31873a3344cee7e569f4a5478d7a293029327e832c61fe
松山市,2026-03-31,第00002276号,,,,飲食店営業,道後一会,松山市道後喜多町３－１８,382019,,,,,all,https://www.city.matsuyama.ehime.jp/shisei/opendata/metadata/shokuhin.files/382019_food_business_all_2026031.csv,d1c623faaa6450b45a31873a3344cee7e569f4a5478d7a293029327e832c61fe
松山市,2026-03-31,第00002207号,,,,飲食店営業,ふるみつ食堂,松山市古三津５丁目８－２２,382019,,,,,all,https://www.city.matsuyama.ehime.jp/shisei/opendata/metadata/shokuhin.files/382019_food_business_all_2026031.csv,d1c623faaa6450b45a31873a3344cee7e569f4a5478d7a293029327e832c61fe
松山市,2026-03-31,第00002118号,,,,飲食店営業,ダイニングバー　フルフル,松山市大街道２丁目６－２ラッキー大街道ビル２Ｆ,382019,,,,,all,https://www.city.matsuyama.ehime.jp/shisei/opendata/metadata/shokuhin.files/382019_food_business_all_2026031.csv,d1c623faaa6450b45a31873a3344cee7e569f4a5478d7a293029327e832c61fe
松山市,2026-03-31,第00001963号,,,,飲食店営業,海鮮文殊亭千舟町店,松山市千舟町２丁目７－３ホテルＮｏ１松山１Ｆ,382019,,,,,all,https://www.city.matsuyama.ehime.jp/shisei/opendata/metadata/shokuhin.files/382019_food_business_all_2026031.csv,d1c623faaa6450b45a31873a3344cee7e569f4a5478d7a293029327e832c61fe
松山市,2026-03-31,第00002000号,,,,飲食店営業,トアル食堂,松山市土居田町６３０八束第３ビル１Ｆ,382019,,,,,all,https://www.city.matsuyama.ehime.jp/shisei/opendata/metadata/shokuhin.files/382019_food_business_all_2026031.csv,d1c623faaa6450b45a31873a3344cee7e569f4a5478d7a293029327e832c61fe
松山市,2026-03-31,第00002197号,,,,飲食店営業,元祖かっしゃ焼　松山店,松山市東石井５丁目１３－１１東石井ビル１０２,382019,,,,,all,https://www.city.matsuyama.ehime.jp/shisei/opendata/metadata/shokuhin.files/382019_food_business_all_2026031.csv,d1c623faaa6450b45a31873a3344cee7e569f4a5478d7a293029327e832c61fe
松山市,2026-03-31,第00002186号,,,,飲食店営業,焼肉大門,松山市大手町１丁目１３－３,382019,,,,,all,https://www.city.matsuyama.ehime.jp/shisei/opendata/metadata/shokuhin.files/382019_food_business_all_2026031.csv,d1c623faaa6450b45a31873a3344cee7e569f4a5478d7a293029327e832c61fe
松山市,2026-03-31,第00002314号,,,,飲食店営業,いよ狸,松山市道後湯之町１８－２,382019,,,,,all,https://www.city.matsuyama.ehime.jp/shisei/opendata/metadata/shokuhin.files/382019_food_business_all_2026031.csv,d1c623faaa6450b45a31873a3344cee7e569f4a5478d7a293029327e832c61fe
松山市,2026-03-31,第00002379号,,,,飲食店営業,どんとフジグラン松山店,松山市宮西１丁目２－１フジグラン松山２Ｆ,382019,,,,,all,https://www.city.matsuyama.ehime.jp/shisei/opendata/metadata/shokuhin.files/382019_food_business_all_2026031.csv,d1c623faaa6450b45a31873a3344cee7e569f4a5478d7a293029327e832c61fe
松山市,2026-03-31,第00002269号,,,,飲食店営業,味彩そば　菊音,松山市高岡町１２７－６１Ｆ,382019,,,,,all,https://www.city.matsuyama.ehime.jp/shisei/opendata/metadata/shokuhin.files/382019_food_business_all_2026031.csv,d1c623faaa6450b45a31873a3344cee7e569f4a5478d7a293029327e832c61fe
松山市,2026-03-31,第00002270号,,,,飲食店営業,愛大御幸寮フードショップ,松山市御幸２丁目３－１５御幸学生宿舎内１Ｆ,382019,,,,,all,https://www.city.matsuyama.ehime.jp/shisei/opendata/metadata/shokuhin.files/382019_food_business_all_2026031.csv,d1c623faaa6450b45a31873a3344cee7e569f4a5478d7a293029327e832c61fe
松山市,2026-03-31,第00002268号,,,,飲食店営業,奥道後ゴルフクラブ,松山市八反地乙１０２,382019,,,,,all,https://www.city.matsuyama.ehime.jp/shisei/opendata/metadata/shokuhin.files/382019_food_business_all_2026031.csv,d1c623faaa6450b45a31873a3344cee7e569f4a5478d7a293029327e832c61fe
松山市,2026-03-31,第00002088号,,,,飲食店営業,Ｊａｐａｎｅｓｅ　Ｄｉｎｉｎｇ　にの,松山市三番町４丁目１１－３第二内海ビル１Ｆ,382019,,,,,all,https://www.city.matsuyama.ehime.jp/shisei/opendata/metadata/shokuhin.files/382019_food_business_all_2026031.csv,d1c623faaa6450b45a31873a3344cee7e569f4a5478d7a293029327e832c61fe
松山市,2026-03-31,第00002044号,,,,飲食店営業,お好み焼き　鉄屋,松山市高砂町３丁目２－３０,382019,,,,,all,https://www.city.matsuyama.ehime.jp/shisei/opendata/metadata/shokuhin.files/382019_food_business_all_2026031.csv,d1c623faaa6450b45a31873a3344cee7e569f4a5478d7a293029327e832c61fe
松山市,2026-03-31,第00002198号,,,,飲食店営業,うどんや　まる,松山市南吉田町２７９８－４７,382019,,,,,all,https://www.city.matsuyama.ehime.jp/shisei/opendata/metadata/shokuhin.files/382019_food_business_all_2026031.csv,d1c623faaa6450b45a31873a3344cee7e569f4a5478d7a293029327e832c61fe
松山市,2026-03-31,第00002192号,,,,飲食店営業,さなえワークス一番町,松山市一番町１丁目９－１５フジコビルＧ　６Ｆ,382019,,,,,all,https://www.city.matsuyama.ehime.jp/shisei/opendata/metadata/shokuhin.files/382019_food_business_all_2026031.csv,d1c623faaa6450b45a31873a3344cee7e569f4a5478d7a293029327e832c61fe
松山市,2026-03-31,第00002412号,,,,飲食店営業,つじがはな,松山市緑町１丁目４－５１Ｆ,382019,,,,,all,https://www.city.matsuyama.ehime.jp/shisei/opendata/metadata/shokuhin.files/382019_food_business_all_2026031.csv,d1c623faaa6450b45a31873a3344cee7e569f4a5478d7a293029327e832c61fe
松山市,2026-03-31,第00002256号,,,,飲食店営業,ステーキ食堂垣生店,松山市西垣生町２０７－２フジ垣生店敷地内,382019,,,,,all,https://www.city.matsuyama.ehime.jp/shisei/opendata/metadata/shokuhin.files/382019_food_business_all_2026031.csv,d1c623faaa6450b45a31873a3344cee7e569f4a5478d7a293029327e832c61fe
松山市,2026-03-31,第00002175号,,,,飲食店営業,Ｏｓｔｅｒｉａ　ｃａｓａ　ｍｉａ,松山市二番町２丁目５－２０Ｍビル１階,382019,,,,,all,https://www.city.matsuyama.ehime.jp/shisei/opendata/metadata/shokuhin.files/382019_food_business_all_2026031.csv,d1c623faaa6450b45a31873a3344cee7e569f4a5478d7a293029327e832c61fe
松山市,2026-03-31,第00002066号,,,,飲食店営業,ＮＯＴＲＥ,松山市岩崎町２丁目１２－１パークハイツ野本１Ｆ,382019,,,,,all,https://www.city.matsuyama.ehime.jp/shisei/opendata/metadata/shokuhin.files/382019_food_business_all_2026031.csv,d1c623faaa6450b45a31873a3344cee7e569f4a5478d7a293029327e832c61fe
松山市,2026-03-31,第00002193号,,,,飲食店営業,くら寿司　松山宮西店,松山市宮西２丁目４－３７,382019,,,,,all,https://www.city.matsuyama.ehime.jp/shisei/opendata/metadata/shokuhin.files/382019_food_business_all_2026031.csv,d1c623faaa6450b45a31873a3344cee7e569f4a5478d7a293029327e832c61fe
松山市,2026-03-31,第00002364号,,,,飲食店営業,イタリアンキッチン　伊太めし屋,松山市南久米町１７１－５笠井第２ビル１０２号,382019,,,,,all,https://www.city.matsuyama.ehime.jp/shisei/opendata/metadata/shokuhin.files/382019_food_business_all_2026031.csv,d1c623faaa6450b45a31873a3344cee7e569f4a5478d7a293029327e832c61fe
松山市,2026-03-31,第00002133号,,,,飲食店営業,松ちゃん,松山市道後湯之町４－４－１,382019,,,,,all,https://www.city.matsuyama.ehime.jp/shisei/opendata/metadata/shokuhin.files/382019_food_business_all_2026031.csv,d1c623faaa6450b45a31873a3344cee7e569f4a5478d7a293029327e832c61fe
松山市,2026-03-31,第00002333号,,,,飲食店営業,心鮮,松山市北立花町６－１１,382019,,,,,all,https://www.city.matsuyama.ehime.jp/shisei/opendata/metadata/shokuhin.files/382019_food_business_all_2026031.csv,d1c623faaa6450b45a31873a3344cee7e569f4a5478d7a293029327e832c61fe
松山市,2026-03-31,第00001950号,,,,飲食店営業,日光寿し,松山市高岡町８６０－４４,382019,,,,,all,https://www.city.matsuyama.ehime.jp/shisei/opendata/metadata/shokuhin.files/382019_food_business_all_2026031.csv,d1c623faaa6450b45a31873a3344cee7e569f4a5478d7a293029327e832c61fe
松山市,2026-03-31,第00002373号,,,,飲食店営業,つけめん　蔵木,松山市大街道２丁目５－７ロンドンヤビル　１Ｆ,382019,,,,,all,https://www.city.matsuyama.ehime.jp/shisei/opendata/metadata/shokuhin.files/382019_food_business_all_2026031.csv,d1c623faaa6450b45a31873a3344cee7e569f4a5478d7a293029327e832c61fe
松山市,2026-03-31,第00002208号,,,,飲食店営業,すたみな亭　松山店,松山市福音寺町３－１,382019,,,,,all,https://www.city.matsuyama.ehime.jp/shisei/opendata/metadata/shokuhin.files/382019_food_business_all_2026031.csv,d1c623faaa6450b45a31873a3344cee7e569f4a5478d7a293029327e832c61fe
松山市,2026-03-31,第00001974号,,,,飲食店営業,カフェゆず,松山市永木町２丁目１－４８えひめ文化健康センター（ひめぶん）１階,382019,,,,,all,https://www.city.matsuyama.ehime.jp/shisei/opendata/metadata/shokuhin.files/382019_food_business_all_2026031.csv,d1c623faaa6450b45a31873a3344cee7e569f4a5478d7a293029327e832c61fe
松山市,2026-03-31,第00002319号,,,,飲食店営業,風風亭久米店,松山市来住町１４６２－１,382019,,,,,all,https://www.city.matsuyama.ehime.jp/shisei/opendata/metadata/shokuhin.files/382019_food_business_all_2026031.csv,d1c623faaa6450b45a31873a3344cee7e569f4a5478d7a293029327e832c61fe
松山市,2026-03-31,第00001952号,,,,飲食店営業,ＢＩＳＴＲＯ横濱,松山市樽味町４丁目３－３１,382019,,,,,all,https://www.city.matsuyama.ehime.jp/shisei/opendata/metadata/shokuhin.files/382019_food_business_all_2026031.csv,d1c623faaa6450b45a31873a3344cee7e569f4a5478d7a293029327e832c61fe
松山市,2026-03-31,第00002334号,,,,飲食店営業,和食処　秀,松山市北条辻４３２－３,382019,,,,,all,https://www.city.matsuyama.ehime.jp/shisei/opendata/metadata/shokuhin.files/382019_food_business_all_2026031.csv,d1c623faaa6450b45a31873a3344cee7e569f4a5478d7a293029327e832c61fe
松山市,2026-03-31,第00002160号,,,,飲食店営業,華や加,松山市三番町３丁目２－１,382019,,,,,all,https://www.city.matsuyama.ehime.jp/shisei/opendata/metadata/shokuhin.files/382019_food_business_all_2026031.csv,d1c623faaa6450b45a31873a3344cee7e569f4a5478d7a293029327e832c61fe
松山市,2026-03-31,第00001984号,,,,飲食店営業,からあげや　カリッジュパルティ・フジ衣山店,松山市衣山１丁目１８８パルティ・フジ衣山１Ｆ,382019,,,,,all,https://www.city.matsuyama.ehime.jp/shisei/opendata/metadata/shokuhin.files/382019_food_business_all_2026031.csv,d1c623faaa6450b45a31873a3344cee7e569f4a5478d7a293029327e832c61fe
松山市,2026-03-31,第00001986号,,,,飲食店営業,向日葵亭,松山市道後樋又９－１９第２森ビル１０１,382019,,,,,all,https://www.city.matsuyama.ehime.jp/shisei/opendata/metadata/shokuhin.files/382019_food_business_all_2026031.csv,d1c623faaa6450b45a31873a3344cee7e569f4a5478d7a293029327e832c61fe
松山市,2026-03-31,第00002369号,,,,飲食店営業,愛媛のすし処　伊勢信,松山市三番町２丁目８－３ミナトビル２Ｆ南号,382019,,,,,all,https://www.city.matsuyama.ehime.jp/shisei/opendata/metadata/shokuhin.files/382019_food_business_all_2026031.csv,d1c623faaa6450b45a31873a3344cee7e569f4a5478d7a293029327e832c61fe
松山市,2026-03-31,第00002170号,,,,飲食店営業,ル・ルパ,松山市文京町４－２樋又キャンパス１階,382019,,,,,all,https://www.city.matsuyama.ehime.jp/shisei/opendata/metadata/shokuhin.files/382019_food_business_all_2026031.csv,d1c623faaa6450b45a31873a3344cee7e569f4a5478d7a293029327e832c61fe
松山市,2026-03-31,第00002246号,,,,飲食店営業,テロワール,松山市藤原町６１７,382019,,,,,all,https://www.city.matsuyama.ehime.jp/shisei/opendata/metadata/shokuhin.files/382019_food_business_all_2026031.csv,d1c623faaa6450b45a31873a3344cee7e569f4a5478d7a293029327e832c61fe
松山市,2026-03-31,第00001740号,,,,飲食店営業,若葉寿司,松山市居相４丁目２２－１７,382019,,,,,all,https://www.city.matsuyama.ehime.jp/shisei/opendata/metadata/shokuhin.files/382019_food_business_all_2026031.csv,d1c623faaa6450b45a31873a3344cee7e569f4a5478d7a293029327e832c61fe
松山市,2026-03-31,第00001754号,,,,飲食店営業,海鮮ダイニング　魚勝,松山市新立町３－１７１Ｆ,382019,,,,,all,https://www.city.matsuyama.ehime.jp/shisei/opendata/metadata/shokuhin.files/382019_food_business_all_2026031.csv,d1c623faaa6450b45a31873a3344cee7e569f4a5478d7a293029327e832c61fe
松山市,2026-03-31,第00001761号,,,,飲食店営業,お好み焼き　くじら,松山市道後北代６－１９,382019,,,,,all,https://www.city.matsuyama.ehime.jp/shisei/opendata/metadata/shokuhin.files/382019_food_business_all_2026031.csv,d1c623faaa6450b45a31873a3344cee7e569f4a5478d7a293029327e832c61fe
松山市,2026-03-31,第00001766号,,,,飲食店営業,お好み焼き利休,松山市古三津２丁目３－１２,382019,,,,,all,https://www.city.matsuyama.ehime.jp/shisei/opendata/metadata/shokuhin.files/382019_food_business_all_2026031.csv,d1c623faaa6450b45a31873a3344cee7e569f4a5478d7a293029327e832c61fe
松山市,2026-03-31,第00001776号,,,,飲食店営業,チャーリーズベジタブル,松山市歩行町２丁目３－１６,382019,,,,,all,https://www.city.matsuyama.ehime.jp/shisei/opendata/metadata/shokuhin.files/382019_food_business_all_2026031.csv,d1c623faaa6450b45a31873a3344cee7e569f4a5478d7a293029327e832c61fe
松山市,2026-03-31,第00001787号,,,,飲食店営業,松山鯛めし　秋嘉,松山市大街道３丁目５－１,382019,,,,,all,https://www.city.matsuyama.ehime.jp/shisei/opendata/metadata/shokuhin.files/382019_food_business_all_2026031.csv,d1c623faaa6450b45a31873a3344cee7e569f4a5478d7a293029327e832c61fe
松山市,2026-03-31,第00001800号,,,,飲食店営業,ｇｏｈａｎ　ｆａｃｔｏｒｙ,松山市山越２丁目１１－１７１Ｆ,382019,,,,,all,https://www.city.matsuyama.ehime.jp/shisei/opendata/metadata/shokuhin.files/382019_food_business_all_2026031.csv,d1c623faaa6450b45a31873a3344cee7e569f4a5478d7a293029327e832c61fe
松山市,2026-03-31,第00001804号,,,,飲食店営業,都寿し,松山市三番町２丁目３－１,382019,,,,,all,https://www.city.matsuyama.ehime.jp/shisei/opendata/metadata/shokuhin.files/382019_food_business_all_2026031.csv,d1c623faaa6450b45a31873a3344cee7e569f4a5478d7a293029327e832c61fe
松山市,2026-03-31,第00001816号,,,,飲食店営業,東京油組総本店　松山組,松山市千舟町５丁目１－６ミヤケビル１Ｆ北,382019,,,,,all,https://www.city.matsuyama.ehime.jp/shisei/opendata/metadata/shokuhin.files/382019_food_business_all_2026031.csv,d1c623faaa6450b45a31873a3344cee7e569f4a5478d7a293029327e832c61fe
松山市,2026-03-31,第00001830号,,,,飲食店営業,ラディーチェ,松山市二番町３丁目４－１５,382019,,,,,all,https://www.city.matsuyama.ehime.jp/shisei/opendata/metadata/shokuhin.files/382019_food_business_all_2026031.csv,d1c623faaa6450b45a31873a3344cee7e569f4a5478d7a293029327e832c61fe
松山市,2026-03-31,第00001843号,,,,飲食店営業,コーヒーレスト　Ａｉ　あい,松山市下伊台町１４３６－１１Ｆ,382019,,,,,all,https://www.city.matsuyama.ehime.jp/shisei/opendata/metadata/shokuhin.files/382019_food_business_all_2026031.csv,d1c623faaa6450b45a31873a3344cee7e569f4a5478d7a293029327e832c61fe
松山市,2026-03-31,第00001848号,,,,飲食店営業,ＹＵＫＡＲＩ,松山市西長戸町１１３－９,382019,,,,,all,https://www.city.matsuyama.ehime.jp/shisei/opendata/metadata/shokuhin.files/382019_food_business_all_2026031.csv,d1c623faaa6450b45a31873a3344cee7e569f4a5478d7a293029327e832c61fe
松山市,2026-03-31,第00001850号,,,,飲食店営業,どらもみじ　グリーン　ベース,松山市泊町８０２,382019,,,,,all,https://www.city.matsuyama.ehime.jp/shisei/opendata/metadata/shokuhin.files/382019_food_business_all_2026031.csv,d1c623faaa6450b45a31873a3344cee7e569f4a5478d7a293029327e832c61fe
松山市,2026-03-31,第00001862号,,,,飲食店営業,鮨の間,松山市一番町１丁目２－７テンアベニューノースビル１Ｆ,382019,,,,,all,https://www.city.matsuyama.ehime.jp/shisei/opendata/metadata/shokuhin.files/382019_food_business_all_2026031.csv,d1c623faaa6450b45a31873a3344cee7e569f4a5478d7a293029327e832c61fe
松山市,2026-03-31,第00001870号,,,,飲食店営業,ＶＩＲＴＵＯＳＯ,松山市生石町５１６－３ロイヤルサクラメント４０１号,382019,,,,,all,https://www.city.matsuyama.ehime.jp/shisei/opendata/metadata/shokuhin.files/382019_food_business_all_2026031.csv,d1c623faaa6450b45a31873a3344cee7e569f4a5478d7a293029327e832c61fe
松山市,2026-03-31,第00001874号,,,,飲食店営業,焼肉まんぷく,松山市旭町４８－４ハイツ旭町１Ｆ手前,382019,,,,,all,https://www.city.matsuyama.ehime.jp/shisei/opendata/metadata/shokuhin.files/382019_food_business_all_2026031.csv,d1c623faaa6450b45a31873a3344cee7e569f4a5478d7a293029327e832c61fe
松山市,2026-03-31,第00001883号,,,,飲食店営業,しののめ　菜,松山市二番町３丁目４－１４,382019,,,,,all,https://www.city.matsuyama.ehime.jp/shisei/opendata/metadata/shokuhin.files/382019_food_business_all_2026031.csv,d1c623faaa6450b45a31873a3344cee7e569f4a5478d7a293029327e832c61fe
松山市,2026-03-31,第00001898号,,,,飲食店営業,地鶏　白醤油拉麺　鶏真　本店,松山市三番町２丁目１－１２,382019,,,,,all,https://www.city.matsuyama.ehime.jp/shisei/opendata/metadata/shokuhin.files/382019_food_business_all_2026031.csv,d1c623faaa6450b45a31873a3344cee7e569f4a5478d7a293029327e832c61fe
松山市,2026-03-31,第00001897号,,,,飲食店営業,瓢箪の花,松山市二番町１丁目４ー２５,382019,,,,,all,https://www.city.matsuyama.ehime.jp/shisei/opendata/metadata/shokuhin.files/382019_food_business_all_2026031.csv,d1c623faaa6450b45a31873a3344cee7e569f4a5478d7a293029327e832c61fe
松山市,2026-03-31,第00001906号,,,,飲食店営業,ＰＲ,松山市二番町２丁目４－１６いさみビル４Ｆ,382019,,,,,all,https://www.city.matsuyama.ehime.jp/shisei/opendata/metadata/shokuhin.files/382019_food_business_all_2026031.csv,d1c623faaa6450b45a31873a3344cee7e569f4a5478d7a293029327e832c61fe
松山市,2026-03-31,第00001911号,,,,飲食店営業,麺屋はなび　松山大街道店,松山市大街道２丁目２－５,382019,,,,,all,https://www.city.matsuyama.ehime.jp/shisei/opendata/metadata/shokuhin.files/382019_food_business_all_2026031.csv,d1c623faaa6450b45a31873a3344cee7e569f4a5478d7a293029327e832c61fe
松山市,2026-03-31,第00001926号,,,,飲食店営業,Ｊふらんく空港通り店,松山市空港通６丁目１２－５,382019,,,,,all,https://www.city.matsuyama.ehime.jp/shisei/opendata/metadata/shokuhin.files/382019_food_business_all_2026031.csv,d1c623faaa6450b45a31873a3344cee7e569f4a5478d7a293029327e832c61fe
松山市,2026-03-31,第00001931号,,,,飲食店営業,あたたみ本店,松山市千舟町７丁目３－３,382019,,,,,all,https://www.city.matsuyama.ehime.jp/shisei/opendata/metadata/shokuhin.files/382019_food_business_all_2026031.csv,d1c623faaa6450b45a31873a3344cee7e569f4a5478d7a293029327e832c61fe
松山市,2026-03-31,第00001947号,,,,飲食店営業,愛媛県厚生連健診センター,松山市鷹子町５３３－１２Ｆ,382019,,,,,all,https://www.city.matsuyama.ehime.jp/shisei/opendata/metadata/shokuhin.files/382019_food_business_all_2026031.csv,d1c623faaa6450b45a31873a3344cee7e569f4a5478d7a293029327e832c61fe
松山市,2026-03-31,第00001967号,,,,飲食店営業,漁師割烹　睦翔丸,松山市睦月甲２１９３－１５,382019,,,,,all,https://www.city.matsuyama.ehime.jp/shisei/opendata/metadata/shokuhin.files/382019_food_business_all_2026031.csv,d1c623faaa6450b45a31873a3344cee7e569f4a5478d7a293029327e832c61fe
松山市,2026-03-31,第00001969号,,,,飲食店営業,ＤｏｇＲｕｎ＆Ｃａｆｅ　ＦＯＲＴＵＮＡ,松山市下伊台町１０４４－１,382019,,,,,all,https://www.city.matsuyama.ehime.jp/shisei/opendata/metadata/shokuhin.files/382019_food_business_all_2026031.csv,d1c623faaa6450b45a31873a3344cee7e569f4a5478d7a293029327e832c61fe
松山市,2026-03-31,第00002037号,,,,飲食店営業,ＬＡ　ＦＯＮＴＥ,松山市南江戸１丁目３－３１エルエディフィシオ１Ｆ,382019,,,,,all,https://www.city.matsuyama.ehime.jp/shisei/opendata/metadata/shokuhin.files/382019_food_business_all_2026031.csv,d1c623faaa6450b45a31873a3344cee7e569f4a5478d7a293029327e832c61fe
松山市,2026-03-31,第00002056号,,,,飲食店営業,かどや道後駅前店,松山市道後湯之町６－１２,382019,,,,,all,https://www.city.matsuyama.ehime.jp/shisei/opendata/metadata/shokuhin.files/382019_food_business_all_2026031.csv,d1c623faaa6450b45a31873a3344cee7e569f4a5478d7a293029327e832c61fe
松山市,2026-03-31,第00002139号,,,,飲食店営業,勘介,松山市余戸南１丁目１２－１９,382019,,,,,all,https://www.city.matsuyama.ehime.jp/shisei/opendata/metadata/shokuhin.files/382019_food_business_all_2026031.csv,d1c623faaa6450b45a31873a3344cee7e569f4a5478d7a293029327e832c61fe
松山市,2026-03-31,第00002182号,,,,飲食店営業,うなぎや松おか,松山市末広町１８－７,382019,,,,,all,https://www.city.matsuyama.ehime.jp/shisei/opendata/metadata/shokuhin.files/382019_food_business_all_2026031.csv,d1c623faaa6450b45a31873a3344cee7e569f4a5478d7a293029327e832c61fe
松山市,2026-03-31,第00002236号,,,,飲食店営業,お食事処　城下,松山市三番町２丁目４－１９八束ビル１Ｆ,382019,,,,,all,https://www.city.matsuyama.ehime.jp/shisei/opendata/metadata/shokuhin.files/382019_food_business_all_2026031.csv,d1c623faaa6450b45a31873a3344cee7e569f4a5478d7a293029327e832c61fe
松山市,2026-03-31,第00002235号,,,,飲食店営業,ｚｅｎｓｈｉｎ厨房　忠香,松山市南斎院町９３４－８,382019,,,,,all,https://www.city.matsuyama.ehime.jp/shisei/opendata/metadata/shokuhin.files/382019_food_business_all_2026031.csv,d1c623faaa6450b45a31873a3344cee7e569f4a5478d7a293029327e832c61fe
松山市,2026-03-31,第00002339号,,,,飲食店営業,らーめん食堂　ろくの家,松山市別府町４７２－１,382019,,,,,all,https://www.city.matsuyama.ehime.jp/shisei/opendata/metadata/shokuhin.files/382019_food_business_all_2026031.csv,d1c623faaa6450b45a31873a3344cee7e569f4a5478d7a293029327e832c61fe
松山市,2026-03-31,第00002387号,,,,飲食店営業,焼肉・ロジー,松山市三番町８丁目１０－３仲田ビル１Ｆ西号室,382019,,,,,all,https://www.city.matsuyama.ehime.jp/shisei/opendata/metadata/shokuhin.files/382019_food_business_all_2026031.csv,d1c623faaa6450b45a31873a3344cee7e569f4a5478d7a293029327e832c61fe
松山市,2026-03-31,第00002389号,,,,飲食店営業,ｆｅｕ,松山市高浜町５丁目２２５９－１,382019,,,,,all,https://www.city.matsuyama.ehime.jp/shisei/opendata/metadata/shokuhin.files/382019_food_business_all_2026031.csv,d1c623faaa6450b45a31873a3344cee7e569f4a5478d7a293029327e832c61fe
松山市,2026-03-31,第00002400号,,,,飲食店営業,牧野,松山市千舟町４丁目１－４ヒラキビル１Ｆ,382019,,,,,all,https://www.city.matsuyama.ehime.jp/shisei/opendata/metadata/shokuhin.files/382019_food_business_all_2026031.csv,d1c623faaa6450b45a31873a3344cee7e569f4a5478d7a293029327e832c61fe
松山市,2026-03-31,第00002398号,,,,飲食店営業,カプリーン,松山市和気町２丁目９０３－１,382019,,,,,all,https://www.city.matsuyama.ehime.jp/shisei/opendata/metadata/shokuhin.files/382019_food_business_all_2026031.csv,d1c623faaa6450b45a31873a3344cee7e569f4a5478d7a293029327e832c61fe
松山市,2026-03-31,第00002425号,,,,飲食店営業,焼肉　貴,松山市三番町１丁目１６－５第二クリーンビル１Ｆ南西,382019,,,,,all,https://www.city.matsuyama.ehime.jp/shisei/opendata/metadata/shokuhin.files/382019_food_business_all_2026031.csv,d1c623faaa6450b45a31873a3344cee7e569f4a5478d7a293029327e832c61fe
松山市,2026-03-31,第00000005号,,,,飲食店営業,（株）はま寿司　松山保免,松山市保免上１丁目１６－２４,382019,,,,,all,https://www.city.matsuyama.ehime.jp/shisei/opendata/metadata/shokuhin.files/382019_food_business_all_2026031.csv,d1c623faaa6450b45a31873a3344cee7e569f4a5478d7a293029327e832c61fe
松山市,2026-03-31,第00000015号,,,,飲食店営業,ｅ－ｓｐｉｃｅ　愛媛が薫るＢＥＥＦ　ＣＵＲＲＹ製造・直売所,松山市西一万町８－１６,382019,,,,,all,https://www.city.matsuyama.ehime.jp/shisei/opendata/metadata/shokuhin.files/382019_food_business_all_2026031.csv,d1c623faaa6450b45a31873a3344cee7e569f4a5478d7a293029327e832c61fe
松山市,2026-03-31,第00000052号,,,,飲食店営業,江戸切りそばゆで太郎松山北吉田店,松山市北吉田町１９５－１,382019,,,,,all,https://www.city.matsuyama.ehime.jp/shisei/opendata/metadata/shokuhin.files/382019_food_business_all_2026031.csv,d1c623faaa6450b45a31873a3344cee7e569f4a5478d7a293029327e832c61fe
松山市,2026-03-31,第00000064号,,,,飲食店営業,にっしー,松山市道後一万９－２３シェ・ブー道後１Ｆ,382019,,,,,all,https://www.city.matsuyama.ehime.jp/shisei/opendata/metadata/shokuhin.files/382019_food_business_all_2026031.csv,d1c623faaa6450b45a31873a3344cee7e569f4a5478d7a293029327e832c61fe
松山市,2026-03-31,第00000068号,,,,飲食店営業,ミカサスカサ,松山市三番町１丁目１３－７,382019,,,,,all,https://www.city.matsuyama.ehime.jp/shisei/opendata/metadata/shokuhin.files/382019_food_business_all_2026031.csv,d1c623faaa6450b45a31873a3344cee7e569f4a5478d7a293029327e832c61fe
松山市,2026-03-31,第00000080号,,,,飲食店営業,お好み～　Ｋｉｒａｒｉ,松山市西長戸町２７１－９,382019,,,,,all,https://www.city.matsuyama.ehime.jp/shisei/opendata/metadata/shokuhin.files/382019_food_business_all_2026031.csv,d1c623faaa6450b45a31873a3344cee7e569f4a5478d7a293029327e832c61fe
松山市,2026-03-31,第00000078号,,,,飲食店営業,喫茶かのこ,松山市古川南３丁目１７－２７,382019,,,,,all,https://www.city.matsuyama.ehime.jp/shisei/opendata/metadata/shokuhin.files/382019_food_business_all_2026031.csv,d1c623faaa6450b45a31873a3344cee7e569f4a5478d7a293029327e832c61fe
松山市,2026-03-31,第00000085号,,,,飲食店営業,Ｎｏｍａｄ　Ｋｉｔｃｈｅｎ,松山市北条辻４３３－１,382019,,,,,all,https://www.city.matsuyama.ehime.jp/shisei/opendata/metadata/shokuhin.files/382019_food_business_all_2026031.csv,d1c623faaa6450b45a31873a3344cee7e569f4a5478d7a293029327e832c61fe
松山市,2026-03-31,第00000083号,,,,飲食店営業,ホルモン花天,松山市祇園町５－２２Ｄ－ＲＡＴＩＯ　１０３号,382019,,,,,all,https://www.city.matsuyama.ehime.jp/shisei/opendata/metadata/shokuhin.files/382019_food_business_all_2026031.csv,d1c623faaa6450b45a31873a3344cee7e569f4a5478d7a293029327e832c61fe
松山市,2026-03-31,第00000121号,,,,飲食店営業,こみんか藤乃里,松山市平井町１４１２,382019,,,,,all,https://www.city.matsuyama.ehime.jp/shisei/opendata/metadata/shokuhin.files/382019_food_business_all_2026031.csv,d1c623faaa6450b45a31873a3344cee7e569f4a5478d7a293029327e832c61fe
松山市,2026-03-31,第00000136号,,,,飲食店営業,焼肉　天,松山市一番町１丁目４－６,382019,,,,,all,https://www.city.matsuyama.ehime.jp/shisei/opendata/metadata/shokuhin.files/382019_food_business_all_2026031.csv,d1c623faaa6450b45a31873a3344cee7e569f4a5478d7a293029327e832c61fe
松山市,2026-03-31,第00000137号,,,,飲食店営業,株式会社Ｊ．Ｓ　ｆａｃｔｏｒｙ,松山市二番町３丁目２－１８ドゥ・イマージュ３１　２階,382019,,,,,all,https://www.city.matsuyama.ehime.jp/shisei/opendata/metadata/shokuhin.files/382019_food_business_all_2026031.csv,d1c623faaa6450b45a31873a3344cee7e569f4a5478d7a293029327e832c61fe
松山市,2026-03-31,第00000146号,,,,飲食店営業,えくぼ,松山市中村４丁目１３－２６,382019,,,,,all,https://www.city.matsuyama.ehime.jp/shisei/opendata/metadata/shokuhin.files/382019_food_business_all_2026031.csv,d1c623faaa6450b45a31873a3344cee7e569f4a5478d7a293029327e832c61fe
松山市,2026-03-31,第00000154号,,,,飲食店営業,プネウマカレー松山店,松山市三番町３丁目５－７本江ビル１階西,382019,,,,,all,https://www.city.matsuyama.ehime.jp/shisei/opendata/metadata/shokuhin.files/382019_food_business_all_2026031.csv,d1c623faaa6450b45a31873a3344cee7e569f4a5478d7a293029327e832c61fe
松山市,2026-03-31,第00000181号,,,,飲食店営業,＃そうる’ｄ　ＯＵＴ,松山市清水町２丁目１５－１０フレンドリー清水１Ｆ,382019,,,,,all,https://www.city.matsuyama.ehime.jp/shisei/opendata/metadata/shokuhin.files/382019_food_business_all_2026031.csv,d1c623faaa6450b45a31873a3344cee7e569f4a5478d7a293029327e832c61fe
松山市,2026-03-31,第00000177号,,,,飲食店営業,ｃａｆｅ＆ｂａｒＬｉｔｔｌｅ　Ｋｉｔｃｈｅｎ,松山市二番町３丁目３－１,382019,,,,,all,https://www.city.matsuyama.ehime.jp/shisei/opendata/metadata/shokuhin.files/382019_food_business_all_2026031.csv,d1c623faaa6450b45a31873a3344cee7e569f4a5478d7a293029327e832c61fe
松山市,2026-03-31,第00000186号,,,,飲食店営業,麺屋勝十銭,松山市三番町１丁目９－９永田ビル１Ｆ,382019,,,,,all,https://www.city.matsuyama.ehime.jp/shisei/opendata/metadata/shokuhin.files/382019_food_business_all_2026031.csv,d1c623faaa6450b45a31873a3344cee7e569f4a5478d7a293029327e832c61fe
松山市,2026-03-31,第00002242号,,,,飲食店営業,（株）松山生協　三津店,松山市古三津２丁目１８－２７,382019,,,,,all,https://www.city.matsuyama.ehime.jp/shisei/opendata/metadata/shokuhin.files/382019_food_business_all_2026031.csv,d1c623faaa6450b45a31873a3344cee7e569f4a5478d7a293029327e832c61fe
松山市,2026-03-31,第00002324号,,,,飲食店営業,おにぎり屋　ふみちゃん,松山市東方町甲３８６－２,382019,,,,,all,https://www.city.matsuyama.ehime.jp/shisei/opendata/metadata/shokuhin.files/382019_food_business_all_2026031.csv,d1c623faaa6450b45a31873a3344cee7e569f4a5478d7a293029327e832c61fe
松山市,2026-03-31,第00002086号,,,,飲食店営業,ゆっくりクラブ,松山市三番町７丁目１１－６１Ｆ,382019,,,,,all,https://www.city.matsuyama.ehime.jp/shisei/opendata/metadata/shokuhin.files/382019_food_business_all_2026031.csv,d1c623faaa6450b45a31873a3344cee7e569f4a5478d7a293029327e832c61fe
松山市,2026-03-31,第00002219号,,,,飲食店営業,とんび家,松山市宮西１丁目２－１フジグラン松山店内１Ｆ,382019,,,,,all,https://www.city.matsuyama.ehime.jp/shisei/opendata/metadata/shokuhin.files/382019_food_business_all_2026031.csv,d1c623faaa6450b45a31873a3344cee7e569f4a5478d7a293029327e832c61fe
松山市,2026-03-31,第00002131号,,,,飲食店営業,松山市松山南学校給食共同調理場,松山市井門町１０８４－１,382019,,,,,all,https://www.city.matsuyama.ehime.jp/shisei/opendata/metadata/shokuhin.files/382019_food_business_all_2026031.csv,d1c623faaa6450b45a31873a3344cee7e569f4a5478d7a293029327e832c61fe
松山市,2026-03-31,第00002151号,,,,飲食店営業,ひだま里,松山市土手内１２１－１２,382019,,,,,all,https://www.city.matsuyama.ehime.jp/shisei/opendata/metadata/shokuhin.files/382019_food_business_all_2026031.csv,d1c623faaa6450b45a31873a3344cee7e569f4a5478d7a293029327e832c61fe
松山市,2026-03-31,第00002292号,,,,飲食店営業,マルナカ美沢店（惣菜）,松山市美沢２丁目５－２６,382019,,,,,all,https://www.city.matsuyama.ehime.jp/shisei/opendata/metadata/shokuhin.files/382019_food_business_all_2026031.csv,d1c623faaa6450b45a31873a3344cee7e569f4a5478d7a293029327e832c61fe
松山市,2026-03-31,第00002182号,,,,飲食店営業,メフォス　０２８０７号店,松山市下難波甲１２５－１,382019,,,,,all,https://www.city.matsuyama.ehime.jp/shisei/opendata/metadata/shokuhin.files/382019_food_business_all_2026031.csv,d1c623faaa6450b45a31873a3344cee7e569f4a5478d7a293029327e832c61fe
松山市,2026-03-31,第00002223号,,,,飲食店営業,マルヨシセンター余戸店（寿司）,松山市余戸東１丁目１０－４０,382019,,,,,all,https://www.city.matsuyama.ehime.jp/shisei/opendata/metadata/shokuhin.files/382019_food_business_all_2026031.csv,d1c623faaa6450b45a31873a3344cee7e569f4a5478d7a293029327e832c61fe
松山市,2026-03-31,第00002224号,,,,飲食店営業,マルヨシセンター余戸店（惣菜）,松山市余戸東１丁目１０－４０,382019,,,,,all,https://www.city.matsuyama.ehime.jp/shisei/opendata/metadata/shokuhin.files/382019_food_business_all_2026031.csv,d1c623faaa6450b45a31873a3344cee7e569f4a5478d7a293029327e832c61fe
松山市,2026-03-31,第00002177号,,,,飲食店営業,生活協同組合　コープえひめデリカセンター,松山市南土居町５１３－６,382019,,,,,all,https://www.city.matsuyama.ehime.jp/shisei/opendata/metadata/shokuhin.files/382019_food_business_all_2026031.csv,d1c623faaa6450b45a31873a3344cee7e569f4a5478d7a293029327e832c61fe
松山市,2026-03-31,第00002176号,,,,飲食店営業,スーパーＡＢＣ　石井店,松山市北土居３丁目８－１１,382019,,,,,all,https://www.city.matsuyama.ehime.jp/shisei/opendata/metadata/shokuhin.files/382019_food_business_all_2026031.csv,d1c623faaa6450b45a31873a3344cee7e569f4a5478d7a293029327e832c61fe
松山市,2026-03-31,第00002072号,,,,飲食店営業,登佐屋上町,松山市北条７９５,382019,,,,,all,https://www.city.matsuyama.ehime.jp/shisei/opendata/metadata/shokuhin.files/382019_food_business_all_2026031.csv,d1c623faaa6450b45a31873a3344cee7e569f4a5478d7a293029327e832c61fe
松山市,2026-03-31,第00002054号,,,,飲食店営業,（一階）スカイショップ,松山市南吉田町２７３１　先官有地松山空港ビル１階,382019,,,,,all,https://www.city.matsuyama.ehime.jp/shisei/opendata/metadata/shokuhin.files/382019_food_business_all_2026031.csv,d1c623faaa6450b45a31873a3344cee7e569f4a5478d7a293029327e832c61fe
松山市,2026-03-31,第00002320号,,,,飲食店営業,生活協同組合コープえひめ　コープ久米,松山市鷹子町７０,382019,,,,,all,https://www.city.matsuyama.ehime.jp/shisei/opendata/metadata/shokuhin.files/382019_food_business_all_2026031.csv,d1c623faaa6450b45a31873a3344cee7e569f4a5478d7a293029327e832c61fe
松山市,2026-03-31,第00002257号,,,,飲食店営業,安平畜産,松山市南吉田町１４５８,382019,,,,,all,https://www.city.matsuyama.ehime.jp/shisei/opendata/metadata/shokuhin.files/382019_food_business_all_2026031.csv,d1c623faaa6450b45a31873a3344cee7e569f4a5478d7a293029327e832c61fe
松山市,2026-03-31,第00001895号,,,,飲食店営業,やまのべフードサービスセントラルキッチン,松山市南吉田町６１８－２,382019,,,,,all,https://www.city.matsuyama.ehime.jp/shisei/opendata/metadata/shokuhin.files/382019_food_business_all_2026031.csv,d1c623faaa6450b45a31873a3344cee7e569f4a5478d7a293029327e832c61fe
松山市,2026-03-31,第00001903号,,,,飲食店営業,古市庵・おむすび紀行,松山市湊町５丁目１－１株式会社伊予鉄髙島屋　ＢＦ,382019,,,,,all,https://www.city.matsuyama.ehime.jp/shisei/opendata/metadata/shokuhin.files/382019_food_business_all_2026031.csv,d1c623faaa6450b45a31873a3344cee7e569f4a5478d7a293029327e832c61fe
松山市,2026-03-31,第00002058号,,,,飲食店営業,西エレベーター前催事,松山市湊町５丁目１－１株式会社伊予鉄髙島屋　ＢＦ,382019,,,,,all,https://www.city.matsuyama.ehime.jp/shisei/opendata/metadata/shokuhin.files/382019_food_business_all_2026031.csv,d1c623faaa6450b45a31873a3344cee7e569f4a5478d7a293029327e832c61fe
松山市,2026-03-31,第00002138号,,,,飲食店営業,松山市浮穴学校給食共同調理場,松山市森松町８３２－１,382019,,,,,all,https://www.city.matsuyama.ehime.jp/shisei/opendata/metadata/shokuhin.files/382019_food_business_all_2026031.csv,d1c623faaa6450b45a31873a3344cee7e569f4a5478d7a293029327e832c61fe
松山市,2026-03-31,第00000011号,,,,飲食店営業,健杏果想,松山市古川北１丁目１９－３２,382019,,,,,all,https://www.city.matsuyama.ehime.jp/shisei/opendata/metadata/shokuhin.files/382019_food_business_all_2026031.csv,d1c623faaa6450b45a31873a3344cee7e569f4a5478d7a293029327e832c61fe
松山市,2026-03-31,第00000034号,,,,飲食店営業,近藤ミールサービス第２セントラルキッチン,松山市竹原町６２８－１１階,382019,,,,,all,https://www.city.matsuyama.ehime.jp/shisei/opendata/metadata/shokuhin.files/382019_food_business_all_2026031.csv,d1c623faaa6450b45a31873a3344cee7e569f4a5478d7a293029327e832c61fe
松山市,2026-03-31,第00000056号,,,,飲食店営業,モンド,松山市大可賀１丁目４－５,382019,,,,,all,https://www.city.matsuyama.ehime.jp/shisei/opendata/metadata/shokuhin.files/382019_food_business_all_2026031.csv,d1c623faaa6450b45a31873a3344cee7e569f4a5478d7a293029327e832c61fe
松山市,2026-03-31,第00000057号,,,,飲食店営業,Ｓｅａ風丼,松山市本町６丁目２－１２ザイオンビル　２Ｆ,382019,,,,,all,https://www.city.matsuyama.ehime.jp/shisei/opendata/metadata/shokuhin.files/382019_food_business_all_2026031.csv,d1c623faaa6450b45a31873a3344cee7e569f4a5478d7a293029327e832c61fe
松山市,2026-03-31,第00000067号,,,,飲食店営業,京美　松山銀天街店,松山市湊町４丁目１０－６港町ビル１Ｆ,382019,,,,,all,https://www.city.matsuyama.ehime.jp/shisei/opendata/metadata/shokuhin.files/382019_food_business_all_2026031.csv,d1c623faaa6450b45a31873a3344cee7e569f4a5478d7a293029327e832c61fe
松山市,2026-03-31,第00000072号,,,,飲食店営業,合同会社　むてき縁,松山市二番町１丁目４－３,382019,,,,,all,https://www.city.matsuyama.ehime.jp/shisei/opendata/metadata/shokuhin.files/382019_food_business_all_2026031.csv,d1c623faaa6450b45a31873a3344cee7e569f4a5478d7a293029327e832c61fe
松山市,2026-03-31,第00000079号,,,,飲食店営業,ままくる,松山市和泉南３丁目１０－１９,382019,,,,,all,https://www.city.matsuyama.ehime.jp/shisei/opendata/metadata/shokuhin.files/382019_food_business_all_2026031.csv,d1c623faaa6450b45a31873a3344cee7e569f4a5478d7a293029327e832c61fe
松山市,2026-03-31,第00000103号,,,,飲食店営業,アルコバレーノ,松山市朝生田町１丁目１－１８杉住宅南支店ビル１０１号室,382019,,,,,all,https://www.city.matsuyama.ehime.jp/shisei/opendata/metadata/shokuhin.files/382019_food_business_all_2026031.csv,d1c623faaa6450b45a31873a3344cee7e569f4a5478d7a293029327e832c61fe
松山市,2026-03-31,第00000114号,,,,飲食店営業,八光邸,松山市保免上１丁目４－６,382019,,,,,all,https://www.city.matsuyama.ehime.jp/shisei/opendata/metadata/shokuhin.files/382019_food_business_all_2026031.csv,d1c623faaa6450b45a31873a3344cee7e569f4a5478d7a293029327e832c61fe
松山市,2026-03-31,第00000118号,,,,飲食店営業,永田屋,松山市平和通２丁目１－１石丸ビル１Ｆ,382019,,,,,all,https://www.city.matsuyama.ehime.jp/shisei/opendata/metadata/shokuhin.files/382019_food_business_all_2026031.csv,d1c623faaa6450b45a31873a3344cee7e569f4a5478d7a293029327e832c61fe
松山市,2026-03-31,第00000126号,,,,飲食店営業,お弁当の福松,松山市北梅本町３２６１－６,382019,,,,,all,https://www.city.matsuyama.ehime.jp/shisei/opendata/metadata/shokuhin.files/382019_food_business_all_2026031.csv,d1c623faaa6450b45a31873a3344cee7e569f4a5478d7a293029327e832c61fe
松山市,2026-03-31,第00000162号,,,,飲食店営業,ひなた弁当,松山市中央１丁目１２－３３きくちビル１階,382019,,,,,all,https://www.city.matsuyama.ehime.jp/shisei/opendata/metadata/shokuhin.files/382019_food_business_all_2026031.csv,d1c623faaa6450b45a31873a3344cee7e569f4a5478d7a293029327e832c61fe
松山市,2026-03-31,第00001995号,,,,飲食店営業,６４２,松山市南吉田町１８６１,382019,,,,,all,https://www.city.matsuyama.ehime.jp/shisei/opendata/metadata/shokuhin.files/382019_food_business_all_2026031.csv,d1c623faaa6450b45a31873a3344cee7e569f4a5478d7a293029327e832c61fe
松山市,2026-03-31,第00002371号,,,,飲食店営業,松山東雲女子大学・松山東雲短期大学生活協同組合食堂,松山市桑原３丁目２－１,382019,,,,,all,https://www.city.matsuyama.ehime.jp/shisei/opendata/metadata/shokuhin.files/382019_food_business_all_2026031.csv,d1c623faaa6450b45a31873a3344cee7e569f4a5478d7a293029327e832c61fe
松山市,2026-03-31,第00002155号,,,,飲食店営業,日本銀行　松山支店,松山市三番町４丁目１０－２３Ｆ,382019,,,,,all,https://www.city.matsuyama.ehime.jp/shisei/opendata/metadata/shokuhin.files/382019_food_business_all_2026031.csv,d1c623faaa6450b45a31873a3344cee7e569f4a5478d7a293029327e832c61fe
松山市,2026-03-31,第00002150号,,,,飲食店営業,愛媛銀行本店　社員食堂,松山市勝山町２丁目１２Ｆ,382019,,,,,all,https://www.city.matsuyama.ehime.jp/shisei/opendata/metadata/shokuhin.files/382019_food_business_all_2026031.csv,d1c623faaa6450b45a31873a3344cee7e569f4a5478d7a293029327e832c61fe
松山市,2026-03-31,第00002123号,,,,飲食店営業,梶浦病院　ＬＯＨＡＳ,松山市三番町４丁目４－５４Ｆ,382019,,,,,all,https://www.city.matsuyama.ehime.jp/shisei/opendata/metadata/shokuhin.files/382019_food_business_all_2026031.csv,d1c623faaa6450b45a31873a3344cee7e569f4a5478d7a293029327e832c61fe
松山市,2026-03-31,第00002220号,,,,飲食店営業,ケアビレッジ瀬戸風,松山市古三津４丁目６００－１,382019,,,,,all,https://www.city.matsuyama.ehime.jp/shisei/opendata/metadata/shokuhin.files/382019_food_business_all_2026031.csv,d1c623faaa6450b45a31873a3344cee7e569f4a5478d7a293029327e832c61fe
松山市,2026-03-31,第00002335号,,,,飲食店営業,ベストケア・デイサービスセンター山越,松山市山越６丁目２－３３,382019,,,,,all,https://www.city.matsuyama.ehime.jp/shisei/opendata/metadata/shokuhin.files/382019_food_business_all_2026031.csv,d1c623faaa6450b45a31873a3344cee7e569f4a5478d7a293029327e832c61fe
松山市,2026-03-31,第00001991号,,,,飲食店営業,４６５２,松山市星岡町４丁目１３－２０,382019,,,,,all,https://www.city.matsuyama.ehime.jp/shisei/opendata/metadata/shokuhin.files/382019_food_business_all_2026031.csv,d1c623faaa6450b45a31873a3344cee7e569f4a5478d7a293029327e832c61fe
松山市,2026-03-31,第00002060号,,,,飲食店営業,伊予銀行　道後平寮,松山市南白水１丁目２２－１１Ｆ,382019,,,,,all,https://www.city.matsuyama.ehime.jp/shisei/opendata/metadata/shokuhin.files/382019_food_business_all_2026031.csv,d1c623faaa6450b45a31873a3344cee7e569f4a5478d7a293029327e832c61fe
松山市,2026-03-31,第00002378号,,,,飲食店営業,日清医療食品株式会社道後ベテルホーム事業所,松山市祝谷６丁目１２７７,382019,,,,,all,https://www.city.matsuyama.ehime.jp/shisei/opendata/metadata/shokuhin.files/382019_food_business_all_2026031.csv,d1c623faaa6450b45a31873a3344cee7e569f4a5478d7a293029327e832c61fe
松山市,2026-03-31,第00002380号,,,,飲食店営業,日清医療食品株式会社しらさぎ苑事業所,松山市祓川１丁目２－２８,382019,,,,,all,https://www.city.matsuyama.ehime.jp/shisei/opendata/metadata/shokuhin.files/382019_food_business_all_2026031.csv,d1c623faaa6450b45a31873a3344cee7e569f4a5478d7a293029327e832c61fe
松山市,2026-03-31,第00001801号,,,,飲食店営業,クロス・サービス,松山市来住町１４５８－４,382019,,,,,all,https://www.city.matsuyama.ehime.jp/shisei/opendata/metadata/shokuhin.files/382019_food_business_all_2026031.csv,d1c623faaa6450b45a31873a3344cee7e569f4a5478d7a293029327e832c61fe
松山市,2026-03-31,第00001922号,,,,飲食店営業,エル・セレーノ松山道後,松山市道後町２丁目９－４０,382019,,,,,all,https://www.city.matsuyama.ehime.jp/shisei/opendata/metadata/shokuhin.files/382019_food_business_all_2026031.csv,d1c623faaa6450b45a31873a3344cee7e569f4a5478d7a293029327e832c61fe
松山市,2026-03-31,第00002216号,,,,飲食店営業,日清医療食品株式会社海辺の郷事業所,松山市柳原７３９,382019,,,,,all,https://www.city.matsuyama.ehime.jp/shisei/opendata/metadata/shokuhin.files/382019_food_business_all_2026031.csv,d1c623faaa6450b45a31873a3344cee7e569f4a5478d7a293029327e832c61fe
松山市,2026-03-31,第00002265号,,,,飲食店営業,日清医療食品株式会社松山協和病院事業所,松山市立花５丁目１－５３,382019,,,,,all,https://www.city.matsuyama.ehime.jp/shisei/opendata/metadata/shokuhin.files/382019_food_business_all_2026031.csv,d1c623faaa6450b45a31873a3344cee7e569f4a5478d7a293029327e832c61fe
松山市,2026-03-31,第00002367号,,,,飲食店営業,日清医療食品株式会社四国がんセンター事業所,松山市南梅本町甲１６０１階,382019,,,,,all,https://www.city.matsuyama.ehime.jp/shisei/opendata/metadata/shokuhin.files/382019_food_business_all_2026031.csv,d1c623faaa6450b45a31873a3344cee7e569f4a5478d7a293029327e832c61fe
松山市,2026-03-31,第00002402号,,,,飲食店営業,愛媛新聞社食堂,松山市大手町１丁目１２－１旧館３階,382019,,,,,all,https://www.city.matsuyama.ehime.jp/shisei/opendata/metadata/shokuhin.files/382019_food_business_all_2026031.csv,d1c623faaa6450b45a31873a3344cee7e569f4a5478d7a293029327e832c61fe
松山市,2026-03-31,第00002401号,,,,飲食店営業,デイサービス　サンケア潮見,松山市吉藤４丁目７－２６,382019,,,,,all,https://www.city.matsuyama.ehime.jp/shisei/opendata/metadata/shokuhin.files/382019_food_business_all_2026031.csv,d1c623faaa6450b45a31873a3344cee7e569f4a5478d7a293029327e832c61fe
松山市,2026-03-31,第00002404号,,,,飲食店営業,４７７２５,松山市馬木町７００,382019,,,,,all,https://www.city.matsuyama.ehime.jp/shisei/opendata/metadata/shokuhin.files/382019_food_business_all_2026031.csv,d1c623faaa6450b45a31873a3344cee7e569f4a5478d7a293029327e832c61fe
松山市,2026-03-31,第00002397号,,,,飲食店営業,日清医療食品株式会社愛媛県立中央病院事業所,松山市春日町８３,382019,,,,,all,https://www.city.matsuyama.ehime.jp/shisei/opendata/metadata/shokuhin.files/382019_food_business_all_2026031.csv,d1c623faaa6450b45a31873a3344cee7e569f4a5478d7a293029327e832c61fe
松山市,2026-03-31,第00000010号,,,,飲食店営業,聖カタリナ学園高等学校聖母寮,松山市藤原町４６８,382019,,,,,all,https://www.city.matsuyama.ehime.jp/shisei/opendata/metadata/shokuhin.files/382019_food_business_all_2026031.csv,d1c623faaa6450b45a31873a3344cee7e569f4a5478d7a293029327e832c61fe
松山市,2026-03-31,第00000031号,,,,飲食店営業,ゆうゆう北条厨房内　日米クック,松山市河野中須賀１４５－２０,382019,,,,,all,https://www.city.matsuyama.ehime.jp/shisei/opendata/metadata/shokuhin.files/382019_food_business_all_2026031.csv,d1c623faaa6450b45a31873a3344cee7e569f4a5478d7a293029327e832c61fe
松山市,2026-03-31,第00002069号,,,,飲食店営業,ＪＡえひめ中央　本所４Ｆ,松山市千舟町８丁目１２８－１,382019,,,,,all,https://www.city.matsuyama.ehime.jp/shisei/opendata/metadata/shokuhin.files/382019_food_business_all_2026031.csv,d1c623faaa6450b45a31873a3344cee7e569f4a5478d7a293029327e832c61fe
松山市,2026-03-31,第00001927号,,,,飲食店営業,ＪＡ愛媛厚生連　２Ｆ,松山市鷹子町５３３－１,382019,,,,,all,https://www.city.matsuyama.ehime.jp/shisei/opendata/metadata/shokuhin.files/382019_food_business_all_2026031.csv,d1c623faaa6450b45a31873a3344cee7e569f4a5478d7a293029327e832c61fe
松山市,2026-03-31,第00002142号,,,,飲食店営業,関西タクシー,松山市三津１丁目６－３２,382019,,,,,all,https://www.city.matsuyama.ehime.jp/shisei/opendata/metadata/shokuhin.files/382019_food_business_all_2026031.csv,d1c623faaa6450b45a31873a3344cee7e569f4a5478d7a293029327e832c61fe
松山市,2026-03-31,第00002113号,,,,飲食店営業,コーヒーハウス　ピノ,松山市南久米町６７０ー５,382019,,,,,all,https://www.city.matsuyama.ehime.jp/shisei/opendata/metadata/shokuhin.files/382019_food_business_all_2026031.csv,d1c623faaa6450b45a31873a3344cee7e569f4a5478d7a293029327e832c61fe
松山市,2026-03-31,第00002234号,,,,飲食店営業,ファミリープラザ　トミナガ,松山市中島大浦３０６３,382019,,,,,all,https://www.city.matsuyama.ehime.jp/shisei/opendata/metadata/shokuhin.files/382019_food_business_all_2026031.csv,d1c623faaa6450b45a31873a3344cee7e569f4a5478d7a293029327e832c61fe
松山市,2026-03-31,第00002329号,,,,飲食店営業,おでん　四十四,松山市高砂町１丁目６－２４,382019,,,,,all,https://www.city.matsuyama.ehime.jp/shisei/opendata/metadata/shokuhin.files/382019_food_business_all_2026031.csv,d1c623faaa6450b45a31873a3344cee7e569f4a5478d7a293029327e832c61fe
松山市,2026-03-31,第00002077号,,,,飲食店営業,くいしんぼう喫茶　グールマン,松山市北梅本町甲７８８－３,382019,,,,,all,https://www.city.matsuyama.ehime.jp/shisei/opendata/metadata/shokuhin.files/382019_food_business_all_2026031.csv,d1c623faaa6450b45a31873a3344cee7e569f4a5478d7a293029327e832c61fe
松山市,2026-03-31,第00002244号,,,,飲食店営業,プラーナ,松山市東石井６丁目１２－３２宮内ビル１Ｆ,382019,,,,,all,https://www.city.matsuyama.ehime.jp/shisei/opendata/metadata/shokuhin.files/382019_food_business_all_2026031.csv,d1c623faaa6450b45a31873a3344cee7e569f4a5478d7a293029327e832c61fe
松山市,2026-03-31,第00002093号,,,,飲食店営業,居酒屋　八乃寿,松山市二番町２丁目５－３,382019,,,,,all,https://www.city.matsuyama.ehime.jp/shisei/opendata/metadata/shokuhin.files/382019_food_business_all_2026031.csv,d1c623faaa6450b45a31873a3344cee7e569f4a5478d7a293029327e832c61fe
松山市,2026-03-31,第00002279号,,,,飲食店営業,ＴＲＡＳＨ,松山市二番町２丁目８－５グリーングラスビル地下１Ｆ,382019,,,,,all,https://www.city.matsuyama.ehime.jp/shisei/opendata/metadata/shokuhin.files/382019_food_business_all_2026031.csv,d1c623faaa6450b45a31873a3344cee7e569f4a5478d7a293029327e832c61fe
松山市,2026-03-31,第00002111号,,,,飲食店営業,秋田屋,松山市三番町２丁目８－２２井筒ビル２Ｆ,382019,,,,,all,https://www.city.matsuyama.ehime.jp/shisei/opendata/metadata/shokuhin.files/382019_food_business_all_2026031.csv,d1c623faaa6450b45a31873a3344cee7e569f4a5478d7a293029327e832c61fe
松山市,2026-03-31,第00002114号,,,,飲食店営業,Ｔｉｐｉｔｉｎａｓ,松山市三番町２丁目６番１８参番館ビル２Ｆ,382019,,,,,all,https://www.city.matsuyama.ehime.jp/shisei/opendata/metadata/shokuhin.files/382019_food_business_all_2026031.csv,d1c623faaa6450b45a31873a3344cee7e569f4a5478d7a293029327e832c61fe
松山市,2026-03-31,第00002435号,,,,飲食店営業,㈲スーパータナカ,松山市恵原町甲818,382019,,,,,all,https://www.city.matsuyama.ehime.jp/shisei/opendata/metadata/shokuhin.files/382019_food_business_all_2026031.csv,d1c623faaa6450b45a31873a3344cee7e569f4a5478d7a293029327e832c61fe
松山市,2026-03-31,第00002310号,,,,飲食店営業,ｃａｍｅｌ　Ｋ,松山市錦町３３－３,382019,,,,,all,https://www.city.matsuyama.ehime.jp/shisei/opendata/metadata/shokuhin.files/382019_food_business_all_2026031.csv,d1c623faaa6450b45a31873a3344cee7e569f4a5478d7a293029327e832c61fe
松山市,2026-03-31,第00002171号,,,,飲食店営業,赤乃れん,松山市湊町３丁目８－１,382019,,,,,all,https://www.city.matsuyama.ehime.jp/shisei/opendata/metadata/shokuhin.files/382019_food_business_all_2026031.csv,d1c623faaa6450b45a31873a3344cee7e569f4a5478d7a293029327e832c61fe
松山市,2026-03-31,第00002026号,,,,飲食店営業,モリキヨ食品,松山市柳原５１０－４,382019,,,,,all,https://www.city.matsuyama.ehime.jp/shisei/opendata/metadata/shokuhin.files/382019_food_business_all_2026031.csv,d1c623faaa6450b45a31873a3344cee7e569f4a5478d7a293029327e832c61fe
松山市,2026-03-31,第00002298号,,,,飲食店営業,ファミリーマート清住店,松山市清住１丁目２－６,382019,,,,,all,https://www.city.matsuyama.ehime.jp/shisei/opendata/metadata/shokuhin.files/382019_food_business_all_2026031.csv,d1c623faaa6450b45a31873a3344cee7e569f4a5478d7a293029327e832c61fe
松山市,2026-03-31,第00002042号,,,,飲食店営業,愛媛学園事業部　ＣＡＦＥ　にこら,松山市勝山町１丁目５－２,382019,,,,,all,https://www.city.matsuyama.ehime.jp/shisei/opendata/metadata/shokuhin.files/382019_food_business_all_2026031.csv,d1c623faaa6450b45a31873a3344cee7e569f4a5478d7a293029327e832c61fe
松山市,2026-03-31,第00002062号,,,,飲食店営業,ファミリーマート西垣生店,松山市西垣生町２６１－１,382019,,,,,all,https://www.city.matsuyama.ehime.jp/shisei/opendata/metadata/shokuhin.files/382019_food_business_all_2026031.csv,d1c623faaa6450b45a31873a3344cee7e569f4a5478d7a293029327e832c61fe
松山市,2026-03-31,第00002156号,,,,飲食店営業,ファミリーマート山越四丁目店,松山市山越４丁目４－３０,382019,,,,,all,https://www.city.matsuyama.ehime.jp/shisei/opendata/metadata/shokuhin.files/382019_food_business_all_2026031.csv,d1c623faaa6450b45a31873a3344cee7e569f4a5478d7a293029327e832c61fe
松山市,2026-03-31,第00002144号,,,,飲食店営業,カフェ凛,松山市小栗６丁目１－３１新光小栗ビル１Ｆ,382019,,,,,all,https://www.city.matsuyama.ehime.jp/shisei/opendata/metadata/shokuhin.files/382019_food_business_all_2026031.csv,d1c623faaa6450b45a31873a3344cee7e569f4a5478d7a293029327e832c61fe
松山市,2026-03-31,第00002121号,,,,飲食店営業,ＰＩＮＥ　ＣＯＮＥ　ＣＡＦＥ,松山市朝生田町６丁目５－３１,382019,,,,,all,https://www.city.matsuyama.ehime.jp/shisei/opendata/metadata/shokuhin.files/382019_food_business_all_2026031.csv,d1c623faaa6450b45a31873a3344cee7e569f4a5478d7a293029327e832c61fe
松山市,2026-03-31,第00002250号,,,,飲食店営業,ローソン道後ハイカラ通店,松山市道後湯之町２０－２４,382019,,,,,all,https://www.city.matsuyama.ehime.jp/shisei/opendata/metadata/shokuhin.files/382019_food_business_all_2026031.csv,d1c623faaa6450b45a31873a3344cee7e569f4a5478d7a293029327e832c61fe
松山市,2026-03-31,第00002415号,,,,飲食店営業,スナック　エバモー,松山市二番町２丁目８－１４梶原ビル２Ｆ,382019,,,,,all,https://www.city.matsuyama.ehime.jp/shisei/opendata/metadata/shokuhin.files/382019_food_business_all_2026031.csv,d1c623faaa6450b45a31873a3344cee7e569f4a5478d7a293029327e832c61fe
松山市,2026-03-31,第00002084号,,,,飲食店営業,スナック　華,松山市二番町２丁目７－９ベラミビル３Ｆ,382019,,,,,all,https://www.city.matsuyama.ehime.jp/shisei/opendata/metadata/shokuhin.files/382019_food_business_all_2026031.csv,d1c623faaa6450b45a31873a3344cee7e569f4a5478d7a293029327e832c61fe
松山市,2026-03-31,第00002302号,,,,飲食店営業,ファミリーマート　南梅本店,松山市南梅本町９１７－１,382019,,,,,all,https://www.city.matsuyama.ehime.jp/shisei/opendata/metadata/shokuhin.files/382019_food_business_all_2026031.csv,d1c623faaa6450b45a31873a3344cee7e569f4a5478d7a293029327e832c61fe
松山市,2026-03-31,第00002312号,,,,飲食店営業,セラ,松山市道後町１丁目５－３２２Ｆ,382019,,,,,all,https://www.city.matsuyama.ehime.jp/shisei/opendata/metadata/shokuhin.files/382019_food_business_all_2026031.csv,d1c623faaa6450b45a31873a3344cee7e569f4a5478d7a293029327e832c61fe
松山市,2026-03-31,第00001970号,,,,飲食店営業,昭栄食品,松山市南梅本町８０８－１,382019,,,,,all,https://www.city.matsuyama.ehime.jp/shisei/opendata/metadata/shokuhin.files/382019_food_business_all_2026031.csv,d1c623faaa6450b45a31873a3344cee7e569f4a5478d7a293029327e832c61fe
松山市,2026-03-31,第00002124号,,,,飲食店営業,ローソン松山東野二丁目店,松山市東野２丁目５－２５,382019,,,,,all,https://www.city.matsuyama.ehime.jp/shisei/opendata/metadata/shokuhin.files/382019_food_business_all_2026031.csv,d1c623faaa6450b45a31873a3344cee7e569f4a5478d7a293029327e832c61fe
松山市,2026-03-31,第00001999号,,,,飲食店営業,ファミリーマート　河原町店,松山市河原町２－４,382019,,,,,all,https://www.city.matsuyama.ehime.jp/shisei/opendata/metadata/shokuhin.files/382019_food_business_all_2026031.csv,d1c623faaa6450b45a31873a3344cee7e569f4a5478d7a293029327e832c61fe
松山市,2026-03-31,第00002448号,,,,飲食店営業,司,松山市土橋町６４－１,382019,,,,,all,https://www.city.matsuyama.ehime.jp/shisei/opendata/metadata/shokuhin.files/382019_food_business_all_2026031.csv,d1c623faaa6450b45a31873a3344cee7e569f4a5478d7a293029327e832c61fe
松山市,2026-03-31,第00002130号,,,,飲食店営業,ごはんとお酒　なが坂,松山市宮田町５－１,382019,,,,,all,https://www.city.matsuyama.ehime.jp/shisei/opendata/metadata/shokuhin.files/382019_food_business_all_2026031.csv,d1c623faaa6450b45a31873a3344cee7e569f4a5478d7a293029327e832c61fe
松山市,2026-03-31,第00002313号,,,,飲食店営業,おたふく,松山市千舟町２丁目８－８,382019,,,,,all,https://www.city.matsuyama.ehime.jp/shisei/opendata/metadata/shokuhin.files/382019_food_business_all_2026031.csv,d1c623faaa6450b45a31873a3344cee7e569f4a5478d7a293029327e832c61fe
松山市,2026-03-31,第00002179号,,,,飲食店営業,田中戸,松山市住吉２丁目８－１１Ｆ,382019,,,,,all,https://www.city.matsuyama.ehime.jp/shisei/opendata/metadata/shokuhin.files/382019_food_business_all_2026031.csv,d1c623faaa6450b45a31873a3344cee7e569f4a5478d7a293029327e832c61fe
松山市,2026-03-31,第00002395号,,,,飲食店営業,小鉄,松山市三番町２丁目１０－２高岡ビル１Ｆ,382019,,,,,all,https://www.city.matsuyama.ehime.jp/shisei/opendata/metadata/shokuhin.files/382019_food_business_all_2026031.csv,d1c623faaa6450b45a31873a3344cee7e569f4a5478d7a293029327e832c61fe
松山市,2026-03-31,第00001954号,,,,飲食店営業,コミュニティースペース　ぴあ,松山市美沢１丁目１０－３８,382019,,,,,all,https://www.city.matsuyama.ehime.jp/shisei/opendata/metadata/shokuhin.files/382019_food_business_all_2026031.csv,d1c623faaa6450b45a31873a3344cee7e569f4a5478d7a293029327e832c61fe
松山市,2026-03-31,第00002040号,,,,飲食店営業,ビストロダイニング　ブランべック,松山市三番町１丁目１５－１マドンナＴＯＷＮＲＩＴＺビル１０６,382019,,,,,all,https://www.city.matsuyama.ehime.jp/shisei/opendata/metadata/shokuhin.files/382019_food_business_all_2026031.csv,d1c623faaa6450b45a31873a3344cee7e569f4a5478d7a293029327e832c61fe
松山市,2026-03-31,第00002289号,,,,飲食店営業,マルナカ美沢店（焼魚）,松山市美沢２丁目５－２６,382019,,,,,all,https://www.city.matsuyama.ehime.jp/shisei/opendata/metadata/shokuhin.files/382019_food_business_all_2026031.csv,d1c623faaa6450b45a31873a3344cee7e569f4a5478d7a293029327e832c61fe
松山市,2026-03-31,第00002087号,,,,飲食店営業,鉄板居酒屋　昇,松山市三番町２丁目６－３エフローゼビル１Ｆ　１０Ｄ号,382019,,,,,all,https://www.city.matsuyama.ehime.jp/shisei/opendata/metadata/shokuhin.files/382019_food_business_all_2026031.csv,d1c623faaa6450b45a31873a3344cee7e569f4a5478d7a293029327e832c61fe
松山市,2026-03-31,第00002338号,,,,飲食店営業,道後まどんな,松山市道後湯之町１５－２４,382019,,,,,all,https://www.city.matsuyama.ehime.jp/shisei/opendata/metadata/shokuhin.files/382019_food_business_all_2026031.csv,d1c623faaa6450b45a31873a3344cee7e569f4a5478d7a293029327e832c61fe
松山市,2026-03-31,第00002154号,,,,飲食店営業,やきとり大安,松山市山西町８５１－１１Ｆ,382019,,,,,all,https://www.city.matsuyama.ehime.jp/shisei/opendata/metadata/shokuhin.files/382019_food_business_all_2026031.csv,d1c623faaa6450b45a31873a3344cee7e569f4a5478d7a293029327e832c61fe
松山市,2026-03-31,第00002337号,,,,飲食店営業,秀伝,松山市祇園町５－２２Ｄ－ＲＡＴＩＯ　１０２,382019,,,,,all,https://www.city.matsuyama.ehime.jp/shisei/opendata/metadata/shokuhin.files/382019_food_business_all_2026031.csv,d1c623faaa6450b45a31873a3344cee7e569f4a5478d7a293029327e832c61fe
松山市,2026-03-31,第00002030号,,,,飲食店営業,セブン‐イレブン松山竹原町店,松山市竹原町６２７－１,382019,,,,,all,https://www.city.matsuyama.ehime.jp/shisei/opendata/metadata/shokuhin.files/382019_food_business_all_2026031.csv,d1c623faaa6450b45a31873a3344cee7e569f4a5478d7a293029327e832c61fe
松山市,2026-03-31,第00002152号,,,,飲食店営業,一進丸,松山市大街道２丁目１－５,382019,,,,,all,https://www.city.matsuyama.ehime.jp/shisei/opendata/metadata/shokuhin.files/382019_food_business_all_2026031.csv,d1c623faaa6450b45a31873a3344cee7e569f4a5478d7a293029327e832c61fe
松山市,2026-03-31,第00001978号,,,,飲食店営業,焼酎おいで,松山市北土居２丁目１６－１１,382019,,,,,all,https://www.city.matsuyama.ehime.jp/shisei/opendata/metadata/shokuhin.files/382019_food_business_all_2026031.csv,d1c623faaa6450b45a31873a3344cee7e569f4a5478d7a293029327e832c61fe
松山市,2026-03-31,第00002405号,,,,飲食店営業,ガノータ,松山市喜与町２丁目５－１,382019,,,,,all,https://www.city.matsuyama.ehime.jp/shisei/opendata/metadata/shokuhin.files/382019_food_business_all_2026031.csv,d1c623faaa6450b45a31873a3344cee7e569f4a5478d7a293029327e832c61fe
松山市,2026-03-31,第00002331号,,,,飲食店営業,モア,松山市味酒町１丁目４－３堀ビル１Ｆ、Ｂ１Ｆ,382019,,,,,all,https://www.city.matsuyama.ehime.jp/shisei/opendata/metadata/shokuhin.files/382019_food_business_all_2026031.csv,d1c623faaa6450b45a31873a3344cee7e569f4a5478d7a293029327e832c61fe
松山市,2026-03-31,第00002411号,,,,飲食店営業,肴と炭火焼　玉,松山市二番町３丁目８－７熊本ビル１Ｆ,382019,,,,,all,https://www.city.matsuyama.ehime.jp/shisei/opendata/metadata/shokuhin.files/382019_food_business_all_2026031.csv,d1c623faaa6450b45a31873a3344cee7e569f4a5478d7a293029327e832c61fe
松山市,2026-03-31,第00002332号,,,,飲食店営業,菜,松山市中央１丁目１２－３５岩本ビル１Ｆ,382019,,,,,all,https://www.city.matsuyama.ehime.jp/shisei/opendata/metadata/shokuhin.files/382019_food_business_all_2026031.csv,d1c623faaa6450b45a31873a3344cee7e569f4a5478d7a293029327e832c61fe
松山市,2026-03-31,第00002307号,,,,飲食店営業,炭火焼鳥　だんだん,松山市一番町２丁目２－１藤岡ビル１Ｆ　中,382019,,,,,all,https://www.city.matsuyama.ehime.jp/shisei/opendata/metadata/shokuhin.files/382019_food_business_all_2026031.csv,d1c623faaa6450b45a31873a3344cee7e569f4a5478d7a293029327e832c61fe
松山市,2026-03-31,第00002393号,,,,飲食店営業,Ｍｉｌｌｅ　Ｖａｇｕｅ　ＯＮＥ,松山市二番町２丁目５－４３１２ヶ月ビル１Ｆ,382019,,,,,all,https://www.city.matsuyama.ehime.jp/shisei/opendata/metadata/shokuhin.files/382019_food_business_all_2026031.csv,d1c623faaa6450b45a31873a3344cee7e569f4a5478d7a293029327e832c61fe
松山市,2026-03-31,第00002372号,,,,飲食店営業,にわ・とりのすけ二番町本店,松山市二番町２丁目５－１８正牟丹吾亭ビル２Ｆ,382019,,,,,all,https://www.city.matsuyama.ehime.jp/shisei/opendata/metadata/shokuhin.files/382019_food_business_all_2026031.csv,d1c623faaa6450b45a31873a3344cee7e569f4a5478d7a293029327e832c61fe
松山市,2026-03-31,第00002362号,,,,飲食店営業,セントバー,松山市二番町２丁目５－８コンチビル２Ｆ,382019,,,,,all,https://www.city.matsuyama.ehime.jp/shisei/opendata/metadata/shokuhin.files/382019_food_business_all_2026031.csv,d1c623faaa6450b45a31873a3344cee7e569f4a5478d7a293029327e832c61fe
松山市,2026-03-31,第00001957号,,,,飲食店営業,メンバーズ　志野,松山市一番町１丁目３－１１１８ミツワビル　３Ｆ,382019,,,,,all,https://www.city.matsuyama.ehime.jp/shisei/opendata/metadata/shokuhin.files/382019_food_business_all_2026031.csv,d1c623faaa6450b45a31873a3344cee7e569f4a5478d7a293029327e832c61fe
松山市,2026-03-31,第00002194号,,,,飲食店営業,炭火焼　煉,松山市湊町４丁目９－８１Ｆ,382019,,,,,all,https://www.city.matsuyama.ehime.jp/shisei/opendata/metadata/shokuhin.files/382019_food_business_all_2026031.csv,d1c623faaa6450b45a31873a3344cee7e569f4a5478d7a293029327e832c61fe
松山市,2026-03-31,第00002258号,,,,飲食店営業,空飛ぶたこ焼　かっちゃん祝谷店,松山市祝谷５丁目７１４－１,382019,,,,,all,https://www.city.matsuyama.ehime.jp/shisei/opendata/metadata/shokuhin.files/382019_food_business_all_2026031.csv,d1c623faaa6450b45a31873a3344cee7e569f4a5478d7a293029327e832c61fe
松山市,2026-03-31,第00001949号,,,,飲食店営業,セピア,松山市枝松５丁目６ー１８２、３Ｆ,382019,,,,,all,https://www.city.matsuyama.ehime.jp/shisei/opendata/metadata/shokuhin.files/382019_food_business_all_2026031.csv,d1c623faaa6450b45a31873a3344cee7e569f4a5478d7a293029327e832c61fe
松山市,2026-03-31,第00002080号,,,,飲食店営業,宇和島鯛めし　丸水,松山市道後湯之町１３－１０,382019,,,,,all,https://www.city.matsuyama.ehime.jp/shisei/opendata/metadata/shokuhin.files/382019_food_business_all_2026031.csv,d1c623faaa6450b45a31873a3344cee7e569f4a5478d7a293029327e832c61fe
松山市,2026-03-31,第00002196号,,,,飲食店営業,セブン‐イレブン松山一番町１丁目店,松山市一番町１丁目４－１１,382019,,,,,all,https://www.city.matsuyama.ehime.jp/shisei/opendata/metadata/shokuhin.files/382019_food_business_all_2026031.csv,d1c623faaa6450b45a31873a3344cee7e569f4a5478d7a293029327e832c61fe
松山市,2026-03-31,第00002048号,,,,飲食店営業,ローソン松山大橋町店,松山市大橋町３７３－１,382019,,,,,all,https://www.city.matsuyama.ehime.jp/shisei/opendata/metadata/shokuhin.files/382019_food_business_all_2026031.csv,d1c623faaa6450b45a31873a3344cee7e569f4a5478d7a293029327e832c61fe
松山市,2026-03-31,第00002391号,,,,飲食店営業,Ｂｒｉｌｌｉａ,松山市三番町１丁目１０－１６相原ビル１Ｆ,382019,,,,,all,https://www.city.matsuyama.ehime.jp/shisei/opendata/metadata/shokuhin.files/382019_food_business_all_2026031.csv,d1c623faaa6450b45a31873a3344cee7e569f4a5478d7a293029327e832c61fe
松山市,2026-03-31,第00002321号,,,,飲食店営業,炭焼き　とり福,松山市二番町２丁目２－７第２イクシードビル　１Ｆ,382019,,,,,all,https://www.city.matsuyama.ehime.jp/shisei/opendata/metadata/shokuhin.files/382019_food_business_all_2026031.csv,d1c623faaa6450b45a31873a3344cee7e569f4a5478d7a293029327e832c61fe
松山市,2026-03-31,第00002174号,,,,飲食店営業,隣花庵,松山市小栗５丁目１０－７,382019,,,,,all,https://www.city.matsuyama.ehime.jp/shisei/opendata/metadata/shokuhin.files/382019_food_business_all_2026031.csv,d1c623faaa6450b45a31873a3344cee7e569f4a5478d7a293029327e832c61fe
松山市,2026-03-31,第00002271号,,,,飲食店営業,セブン－イレブン松山北斎院町店,松山市北斎院町１９－１,382019,,,,,all,https://www.city.matsuyama.ehime.jp/shisei/opendata/metadata/shokuhin.files/382019_food_business_all_2026031.csv,d1c623faaa6450b45a31873a3344cee7e569f4a5478d7a293029327e832c61fe
松山市,2026-03-31,第00002297号,,,,飲食店営業,セブン－イレブン松山平和通１丁目店,松山市平和通１丁目３－９,382019,,,,,all,https://www.city.matsuyama.ehime.jp/shisei/opendata/metadata/shokuhin.files/382019_food_business_all_2026031.csv,d1c623faaa6450b45a31873a3344cee7e569f4a5478d7a293029327e832c61fe
松山市,2026-03-31,第00002079号,,,,飲食店営業,Ｂａｒ　ＦＤ,松山市一番町１丁目１１－６チャイクロビル３Ｆ,382019,,,,,all,https://www.city.matsuyama.ehime.jp/shisei/opendata/metadata/shokuhin.files/382019_food_business_all_2026031.csv,d1c623faaa6450b45a31873a3344cee7e569f4a5478d7a293029327e832c61fe
松山市,2026-03-31,第00002447号,,,,飲食店営業,ｂａｒ麓～ｆｕｍｏｔｏ～,松山市二番町１丁目１０－７すぎのビル３Ｆ,382019,,,,,all,https://www.city.matsuyama.ehime.jp/shisei/opendata/metadata/shokuhin.files/382019_food_business_all_2026031.csv,d1c623faaa6450b45a31873a3344cee7e569f4a5478d7a293029327e832c61fe
松山市,2026-03-31,第00002092号,,,,飲食店営業,どらもみじ　グリーン,松山市泊町９０７,382019,,,,,all,https://www.city.matsuyama.ehime.jp/shisei/opendata/metadata/shokuhin.files/382019_food_business_all_2026031.csv,d1c623faaa6450b45a31873a3344cee7e569f4a5478d7a293029327e832c61fe
松山市,2026-03-31,第00002135号,,,,飲食店営業,ｃａｆｅ　加佐波野,松山市下難波乙１４５－３４日中活動支援棟　２階,382019,,,,,all,https://www.city.matsuyama.ehime.jp/shisei/opendata/metadata/shokuhin.files/382019_food_business_all_2026031.csv,d1c623faaa6450b45a31873a3344cee7e569f4a5478d7a293029327e832c61fe
松山市,2026-03-31,第00002449号,,,,飲食店営業,ひぎりやき　大街道店,松山市大街道２丁目５－１丸栄ビル１Ｆ,382019,,,,,all,https://www.city.matsuyama.ehime.jp/shisei/opendata/metadata/shokuhin.files/382019_food_business_all_2026031.csv,d1c623faaa6450b45a31873a3344cee7e569f4a5478d7a293029327e832c61fe
松山市,2026-03-31,第00001951号,,,,飲食店営業,みいきほ,松山市三番町５丁目３－８フレッシュリーブス５０１,382019,,,,,all,https://www.city.matsuyama.ehime.jp/shisei/opendata/metadata/shokuhin.files/382019_food_business_all_2026031.csv,d1c623faaa6450b45a31873a3344cee7e569f4a5478d7a293029327e832c61fe
松山市,2026-03-31,第00001973号,,,,飲食店営業,夢家族,松山市平井町１５０４,382019,,,,,all,https://www.city.matsuyama.ehime.jp/shisei/opendata/metadata/shokuhin.files/382019_food_business_all_2026031.csv,d1c623faaa6450b45a31873a3344cee7e569f4a5478d7a293029327e832c61fe
松山市,2026-03-31,第00002204号,,,,飲食店営業,洋菓子工房ＰＥＡＣＥ,松山市下難波１４２７－６２,382019,,,,,all,https://www.city.matsuyama.ehime.jp/shisei/opendata/metadata/shokuhin.files/382019_food_business_all_2026031.csv,d1c623faaa6450b45a31873a3344cee7e569f4a5478d7a293029327e832c61fe
松山市,2026-03-31,第00002053号,,,,飲食店営業,スカイラウンジ,松山市南吉田町２７３１松山空港ターミナルビル３階,382019,,,,,all,https://www.city.matsuyama.ehime.jp/shisei/opendata/metadata/shokuhin.files/382019_food_business_all_2026031.csv,d1c623faaa6450b45a31873a3344cee7e569f4a5478d7a293029327e832c61fe
松山市,2026-03-31,第00002446号,,,,飲食店営業,Ｌｉｆｅ,松山市二番町１丁目５－５Ｍタワービル３Ｆ,382019,,,,,all,https://www.city.matsuyama.ehime.jp/shisei/opendata/metadata/shokuhin.files/382019_food_business_all_2026031.csv,d1c623faaa6450b45a31873a3344cee7e569f4a5478d7a293029327e832c61fe
松山市,2026-03-31,第00002318号,,,,飲食店営業,想咲料理と焼酎と　桜介,松山市三番町２丁目６－１８参番館ビル４階,382019,,,,,all,https://www.city.matsuyama.ehime.jp/shisei/opendata/metadata/shokuhin.files/382019_food_business_all_2026031.csv,d1c623faaa6450b45a31873a3344cee7e569f4a5478d7a293029327e832c61fe
松山市,2026-03-31,第00001988号,,,,飲食店営業,八百金,松山市古川北４丁目１２－４,382019,,,,,all,https://www.city.matsuyama.ehime.jp/shisei/opendata/metadata/shokuhin.files/382019_food_business_all_2026031.csv,d1c623faaa6450b45a31873a3344cee7e569f4a5478d7a293029327e832c61fe
松山市,2026-03-31,第00002259号,,,,飲食店営業,パルム,松山市三番町２丁目１０－１０スカイタワービル３Ｆ,382019,,,,,all,https://www.city.matsuyama.ehime.jp/shisei/opendata/metadata/shokuhin.files/382019_food_business_all_2026031.csv,d1c623faaa6450b45a31873a3344cee7e569f4a5478d7a293029327e832c61fe
松山市,2026-03-31,第00002357号,,,,飲食店営業,メンバーズ　あすか,松山市二番町１丁目１０－７すぎのビル５Ｆ,382019,,,,,all,https://www.city.matsuyama.ehime.jp/shisei/opendata/metadata/shokuhin.files/382019_food_business_all_2026031.csv,d1c623faaa6450b45a31873a3344cee7e569f4a5478d7a293029327e832c61fe
松山市,2026-03-31,第00002392号,,,,飲食店営業,ｃａｆｅ　ｂａｒ　Sｔｏｒｙ,松山市二番町２丁目７－２３ミツワビル６ビル　６Ｆ,382019,,,,,all,https://www.city.matsuyama.ehime.jp/shisei/opendata/metadata/shokuhin.files/382019_food_business_all_2026031.csv,d1c623faaa6450b45a31873a3344cee7e569f4a5478d7a293029327e832c61fe
松山市,2026-03-31,第00001717号,,,,飲食店営業,ル・ノワール,松山市二番町２丁目６－１０クロスビル２Ｆ,382019,,,,,all,https://www.city.matsuyama.ehime.jp/shisei/opendata/metadata/shokuhin.files/382019_food_business_all_2026031.csv,d1c623faaa6450b45a31873a3344cee7e569f4a5478d7a293029327e832c61fe
松山市,2026-03-31,第00001724号,,,,飲食店営業,カラオケくうかん　ＹＥＬＬ,松山市二番町２丁目７－３内海ビル２Ｆ,382019,,,,,all,https://www.city.matsuyama.ehime.jp/shisei/opendata/metadata/shokuhin.files/382019_food_business_all_2026031.csv,d1c623faaa6450b45a31873a3344cee7e569f4a5478d7a293029327e832c61fe
松山市,2026-03-31,第00001725号,,,,飲食店営業,焼鳥　翼,松山市空港通６丁目１２－３,382019,,,,,all,https://www.city.matsuyama.ehime.jp/shisei/opendata/metadata/shokuhin.files/382019_food_business_all_2026031.csv,d1c623faaa6450b45a31873a3344cee7e569f4a5478d7a293029327e832c61fe
松山市,2026-03-31,第00001728号,,,,飲食店営業,ローソン松山北条バイパス店,松山市中西外５６－１,382019,,,,,all,https://www.city.matsuyama.ehime.jp/shisei/opendata/metadata/shokuhin.files/382019_food_business_all_2026031.csv,d1c623faaa6450b45a31873a3344cee7e569f4a5478d7a293029327e832c61fe
松山市,2026-03-31,第00001734号,,,,飲食店営業,夏萌,松山市二番町１丁目３－５自遊館５Ｆ,382019,,,,,all,https://www.city.matsuyama.ehime.jp/shisei/opendata/metadata/shokuhin.files/382019_food_business_all_2026031.csv,d1c623faaa6450b45a31873a3344cee7e569f4a5478d7a293029327e832c61fe
松山市,2026-03-31,第00001732号,,,,飲食店営業,Ｓｉｎｃｅｒｉｔｙ,松山市二番町１丁目３－３サンプラザビル８８　４Ａ,382019,,,,,all,https://www.city.matsuyama.ehime.jp/shisei/opendata/metadata/shokuhin.files/382019_food_business_all_2026031.csv,d1c623faaa6450b45a31873a3344cee7e569f4a5478d7a293029327e832c61fe
松山市,2026-03-31,第00001743号,,,,飲食店営業,Ｃｈｏｃｏ　ｂａｒ,松山市三番町２丁目６－２第１キスケビル１Ｆ,382019,,,,,all,https://www.city.matsuyama.ehime.jp/shisei/opendata/metadata/shokuhin.files/382019_food_business_all_2026031.csv,d1c623faaa6450b45a31873a3344cee7e569f4a5478d7a293029327e832c61fe
松山市,2026-03-31,第00001744号,,,,飲食店営業,Ｐｏｃｏ　Ｌｏｃｏ,松山市二番町２丁目５－１１菅ビル１Ｆ,382019,,,,,all,https://www.city.matsuyama.ehime.jp/shisei/opendata/metadata/shokuhin.files/382019_food_business_all_2026031.csv,d1c623faaa6450b45a31873a3344cee7e569f4a5478d7a293029327e832c61fe
松山市,2026-03-31,第00001741号,,,,飲食店営業,周施人,松山市永木町２丁目３－１９佐川ビル１Ｆ,382019,,,,,all,https://www.city.matsuyama.ehime.jp/shisei/opendata/metadata/shokuhin.files/382019_food_business_all_2026031.csv,d1c623faaa6450b45a31873a3344cee7e569f4a5478d7a293029327e832c61fe
松山市,2026-03-31,第00001755号,,,,飲食店営業,ラヴィアンローズ,松山市道後湯之町４－２２マックスビジョン１Ｆ,382019,,,,,all,https://www.city.matsuyama.ehime.jp/shisei/opendata/metadata/shokuhin.files/382019_food_business_all_2026031.csv,d1c623faaa6450b45a31873a3344cee7e569f4a5478d7a293029327e832c61fe
松山市,2026-03-31,第00001752号,,,,飲食店営業,Ｔｕｒｎｅｒ’ｓ　ｃａｆｅ,松山市北立花町７－３,382019,,,,,all,https://www.city.matsuyama.ehime.jp/shisei/opendata/metadata/shokuhin.files/382019_food_business_all_2026031.csv,d1c623faaa6450b45a31873a3344cee7e569f4a5478d7a293029327e832c61fe
松山市,2026-03-31,第00001753号,,,,飲食店営業,ピックオーバー,松山市三番町２丁目１０－５第１アークビル　４Ｆ,382019,,,,,all,https://www.city.matsuyama.ehime.jp/shisei/opendata/metadata/shokuhin.files/382019_food_business_all_2026031.csv,d1c623faaa6450b45a31873a3344cee7e569f4a5478d7a293029327e832c61fe
松山市,2026-03-31,第00001758号,,,,飲食店営業,カフェ＆バー　ＧＡＲＡＫＴＡ,松山市千舟町５丁目６－３千舟町相原ビル１階,382019,,,,,all,https://www.city.matsuyama.ehime.jp/shisei/opendata/metadata/shokuhin.files/382019_food_business_all_2026031.csv,d1c623faaa6450b45a31873a3344cee7e569f4a5478d7a293029327e832c61fe
松山市,2026-03-31,第00001746号,,,,飲食店営業,Ｂａｒ　ＯＮＥ　ＰＩＥＣＥ,松山市一番町２丁目５－２７パークワンビル２Ｆ,382019,,,,,all,https://www.city.matsuyama.ehime.jp/shisei/opendata/metadata/shokuhin.files/382019_food_business_all_2026031.csv,d1c623faaa6450b45a31873a3344cee7e569f4a5478d7a293029327e832c61fe
松山市,2026-03-31,第00001748号,,,,飲食店営業,メンバーズ　ちょび,松山市二番町１丁目５－３０古唐人ＡＮＥＸ　３Ｆ,382019,,,,,all,https://www.city.matsuyama.ehime.jp/shisei/opendata/metadata/shokuhin.files/382019_food_business_all_2026031.csv,d1c623faaa6450b45a31873a3344cee7e569f4a5478d7a293029327e832c61fe
松山市,2026-03-31,第00001751号,,,,飲食店営業,歌ごえホール　藤,松山市北条８９５本町ハイツ１０１,382019,,,,,all,https://www.city.matsuyama.ehime.jp/shisei/opendata/metadata/shokuhin.files/382019_food_business_all_2026031.csv,d1c623faaa6450b45a31873a3344cee7e569f4a5478d7a293029327e832c61fe
松山市,2026-03-31,第00001750号,,,,飲食店営業,２ＦＩＮＧＥＲ　ＣＬＵＢ,松山市三番町２丁目６－２キスケ第１ビル４０３,382019,,,,,all,https://www.city.matsuyama.ehime.jp/shisei/opendata/metadata/shokuhin.files/382019_food_business_all_2026031.csv,d1c623faaa6450b45a31873a3344cee7e569f4a5478d7a293029327e832c61fe
松山市,2026-03-31,第00001749号,,,,飲食店営業,Ｙ’ｓ　ＣｏＣｏ,松山市朝生田町１丁目１－１２,382019,,,,,all,https://www.city.matsuyama.ehime.jp/shisei/opendata/metadata/shokuhin.files/382019_food_business_all_2026031.csv,d1c623faaa6450b45a31873a3344cee7e569f4a5478d7a293029327e832c61fe
松山市,2026-03-31,第00001745号,,,,飲食店営業,Ｅｄｅｎ,松山市二番町１丁目２－９第一ジョイフルビル３Ｆ,382019,,,,,all,https://www.city.matsuyama.ehime.jp/shisei/opendata/metadata/shokuhin.files/382019_food_business_all_2026031.csv,d1c623faaa6450b45a31873a3344cee7e569f4a5478d7a293029327e832c61fe
松山市,2026-03-31,第00001760号,,,,飲食店営業,居酒屋みさお,松山市二番町２丁目５－４,382019,,,,,all,https://www.city.matsuyama.ehime.jp/shisei/opendata/metadata/shokuhin.files/382019_food_business_all_2026031.csv,d1c623faaa6450b45a31873a3344cee7e569f4a5478d7a293029327e832c61fe
松山市,2026-03-31,第00001759号,,,,飲食店営業,ＣＯＯ,松山市二番町１丁目１０－４番町ビル４Ｆ,382019,,,,,all,https://www.city.matsuyama.ehime.jp/shisei/opendata/metadata/shokuhin.files/382019_food_business_all_2026031.csv,d1c623faaa6450b45a31873a3344cee7e569f4a5478d7a293029327e832c61fe
松山市,2026-03-31,第00001764号,,,,飲食店営業,姫,松山市山越２丁目１－２８,382019,,,,,all,https://www.city.matsuyama.ehime.jp/shisei/opendata/metadata/shokuhin.files/382019_food_business_all_2026031.csv,d1c623faaa6450b45a31873a3344cee7e569f4a5478d7a293029327e832c61fe
松山市,2026-03-31,第00001763号,,,,飲食店営業,Ｂａｒ　ＳＨＩＲＡＫＩ,松山市二番町１丁目５－２古唐人Ⅱ　８Ｆ,382019,,,,,all,https://www.city.matsuyama.ehime.jp/shisei/opendata/metadata/shokuhin.files/382019_food_business_all_2026031.csv,d1c623faaa6450b45a31873a3344cee7e569f4a5478d7a293029327e832c61fe
松山市,2026-03-31,第00001765号,,,,飲食店営業,ＪＯＪＯ,松山市三番町１丁目１０－１３トキビル４Ｆ,382019,,,,,all,https://www.city.matsuyama.ehime.jp/shisei/opendata/metadata/shokuhin.files/382019_food_business_all_2026031.csv,d1c623faaa6450b45a31873a3344cee7e569f4a5478d7a293029327e832c61fe
松山市,2026-03-31,第00001762号,,,,飲食店営業,ＢＡＲ　ＦＵＧ,松山市二番町１丁目９－１３マジョリカハウス２Ｆ,382019,,,,,all,https://www.city.matsuyama.ehime.jp/shisei/opendata/metadata/shokuhin.files/382019_food_business_all_2026031.csv,d1c623faaa6450b45a31873a3344cee7e569f4a5478d7a293029327e832c61fe
松山市,2026-03-31,第00001775号,,,,飲食店営業,沙樹,松山市二番町１丁目５－３古唐人星館　３階,382019,,,,,all,https://www.city.matsuyama.ehime.jp/shisei/opendata/metadata/shokuhin.files/382019_food_business_all_2026031.csv,d1c623faaa6450b45a31873a3344cee7e569f4a5478d7a293029327e832c61fe
松山市,2026-03-31,第00001769号,,,,飲食店営業,ビストロにしおか,松山市一番町２丁目１－１飛鳥ビル５Ｆ,382019,,,,,all,https://www.city.matsuyama.ehime.jp/shisei/opendata/metadata/shokuhin.files/382019_food_business_all_2026031.csv,d1c623faaa6450b45a31873a3344cee7e569f4a5478d7a293029327e832c61fe
松山市,2026-03-31,第00001772号,,,,飲食店営業,言の葉,松山市二番町１丁目３－１古唐人夢館２Ｆ,382019,,,,,all,https://www.city.matsuyama.ehime.jp/shisei/opendata/metadata/shokuhin.files/382019_food_business_all_2026031.csv,d1c623faaa6450b45a31873a3344cee7e569f4a5478d7a293029327e832c61fe
松山市,2026-03-31,第00001773号,,,,飲食店営業,ＬＩＬＡＣ　ＤＡＹＳ　ＣＡＦＥ,松山市大街道３丁目２－３８若松ビル２Ｆ,382019,,,,,all,https://www.city.matsuyama.ehime.jp/shisei/opendata/metadata/shokuhin.files/382019_food_business_all_2026031.csv,d1c623faaa6450b45a31873a3344cee7e569f4a5478d7a293029327e832c61fe
松山市,2026-03-31,第00001770号,,,,飲食店営業,スナックＭＯＲＥ,松山市三番町１丁目１６－４ハーフビル３Ｆ,382019,,,,,all,https://www.city.matsuyama.ehime.jp/shisei/opendata/metadata/shokuhin.files/382019_food_business_all_2026031.csv,d1c623faaa6450b45a31873a3344cee7e569f4a5478d7a293029327e832c61fe
松山市,2026-03-31,第00001774号,,,,飲食店営業,スナックメンバーズ　リブ・エルザ,松山市二番町２丁目１－１第２６ミツワビル３Ｆ,382019,,,,,all,https://www.city.matsuyama.ehime.jp/shisei/opendata/metadata/shokuhin.files/382019_food_business_all_2026031.csv,d1c623faaa6450b45a31873a3344cee7e569f4a5478d7a293029327e832c61fe
松山市,2026-03-31,第00001771号,,,,飲食店営業,カラオケ喫茶　けい,松山市湊町８丁目１０８１Ｆ,382019,,,,,all,https://www.city.matsuyama.ehime.jp/shisei/opendata/metadata/shokuhin.files/382019_food_business_all_2026031.csv,d1c623faaa6450b45a31873a3344cee7e569f4a5478d7a293029327e832c61fe
松山市,2026-03-31,第00001767号,,,,飲食店営業,Ｂａｒ　Ｂｒｅａｋ　Ｔｈｒｏｕｇｈ,松山市二番町１丁目１０－４番町ビル３Ｆ,382019,,,,,all,https://www.city.matsuyama.ehime.jp/shisei/opendata/metadata/shokuhin.files/382019_food_business_all_2026031.csv,d1c623faaa6450b45a31873a3344cee7e569f4a5478d7a293029327e832c61fe
松山市,2026-03-31,第00001768号,,,,飲食店営業,ｂａｒ　岳,松山市二番町２丁目２－７第２イクシードビル４Ｆ,382019,,,,,all,https://www.city.matsuyama.ehime.jp/shisei/opendata/metadata/shokuhin.files/382019_food_business_all_2026031.csv,d1c623faaa6450b45a31873a3344cee7e569f4a5478d7a293029327e832c61fe
松山市,2026-03-31,第00001791号,,,,飲食店営業,Ｂａｒ　ｖｉｌ．,松山市一番町２丁目５－２４ピカソビル４０１,382019,,,,,all,https://www.city.matsuyama.ehime.jp/shisei/opendata/metadata/shokuhin.files/382019_food_business_all_2026031.csv,d1c623faaa6450b45a31873a3344cee7e569f4a5478d7a293029327e832c61fe
松山市,2026-03-31,第00001792号,,,,飲食店営業,イコイ,松山市辰巳町１ー６－２,382019,,,,,all,https://www.city.matsuyama.ehime.jp/shisei/opendata/metadata/shokuhin.files/382019_food_business_all_2026031.csv,d1c623faaa6450b45a31873a3344cee7e569f4a5478d7a293029327e832c61fe
松山市,2026-03-31,第00001789号,,,,飲食店営業,Ｓａｌｏｏｎ　ｂａｒ　白檀,松山市二番町２丁目８－４えり友ビル２Ｆ北側,382019,,,,,all,https://www.city.matsuyama.ehime.jp/shisei/opendata/metadata/shokuhin.files/382019_food_business_all_2026031.csv,d1c623faaa6450b45a31873a3344cee7e569f4a5478d7a293029327e832c61fe
松山市,2026-03-31,第00001781号,,,,飲食店営業,スポーツ＆レストランバー　ＳＰＯＲＴ,松山市二番町１丁目５－５Ｍタワービル５Ｆ,382019,,,,,all,https://www.city.matsuyama.ehime.jp/shisei/opendata/metadata/shokuhin.files/382019_food_business_all_2026031.csv,d1c623faaa6450b45a31873a3344cee7e569f4a5478d7a293029327e832c61fe
松山市,2026-03-31,第00001786号,,,,飲食店営業,ｉｔｔｅｎ,松山市二番町２丁目９－２森恵ビル５Ｆ　５０１号室,382019,,,,,all,https://www.city.matsuyama.ehime.jp/shisei/opendata/metadata/shokuhin.files/382019_food_business_all_2026031.csv,d1c623faaa6450b45a31873a3344cee7e569f4a5478d7a293029327e832c61fe
松山市,2026-03-31,第00001788号,,,,飲食店営業,スナック　ＫＡＲＩＮ,松山市道後湯之町６－２３１Ｆ,382019,,,,,all,https://www.city.matsuyama.ehime.jp/shisei/opendata/metadata/shokuhin.files/382019_food_business_all_2026031.csv,d1c623faaa6450b45a31873a3344cee7e569f4a5478d7a293029327e832c61fe
松山市,2026-03-31,第00001785号,,,,飲食店営業,焼き鳥さつき,松山市湊町６丁目４－１６高須賀ビル１Ｆ,382019,,,,,all,https://www.city.matsuyama.ehime.jp/shisei/opendata/metadata/shokuhin.files/382019_food_business_all_2026031.csv,d1c623faaa6450b45a31873a3344cee7e569f4a5478d7a293029327e832c61fe
松山市,2026-03-31,第00001784号,,,,飲食店営業,かぎ家,松山市室町２丁目５－３竹田ビル１Ｆ,382019,,,,,all,https://www.city.matsuyama.ehime.jp/shisei/opendata/metadata/shokuhin.files/382019_food_business_all_2026031.csv,d1c623faaa6450b45a31873a3344cee7e569f4a5478d7a293029327e832c61fe
松山市,2026-03-31,第00001783号,,,,飲食店営業,ＤＪ　ｐｅｒｆｏｒｍａｎｃｅ　ＢａｒＴＲＡＮＳ,松山市二番町２丁目４－１１ＧＸビル６Ｆ,382019,,,,,all,https://www.city.matsuyama.ehime.jp/shisei/opendata/metadata/shokuhin.files/382019_food_business_all_2026031.csv,d1c623faaa6450b45a31873a3344cee7e569f4a5478d7a293029327e832c61fe
松山市,2026-03-31,第00001795号,,,,飲食店営業,カラオケ・スナック　秀,松山市南吉田町１８７７－４１Ｆ,382019,,,,,all,https://www.city.matsuyama.ehime.jp/shisei/opendata/metadata/shokuhin.files/382019_food_business_all_2026031.csv,d1c623faaa6450b45a31873a3344cee7e569f4a5478d7a293029327e832c61fe
松山市,2026-03-31,第00001794号,,,,飲食店営業,ザしんぷる,松山市三番町２丁目１０－１０スカイタワービル５Ｆ,382019,,,,,all,https://www.city.matsuyama.ehime.jp/shisei/opendata/metadata/shokuhin.files/382019_food_business_all_2026031.csv,d1c623faaa6450b45a31873a3344cee7e569f4a5478d7a293029327e832c61fe
松山市,2026-03-31,第00001793号,,,,飲食店営業,お好み焼居酒屋　吾恵紋,松山市住吉２丁目２－１１,382019,,,,,all,https://www.city.matsuyama.ehime.jp/shisei/opendata/metadata/shokuhin.files/382019_food_business_all_2026031.csv,d1c623faaa6450b45a31873a3344cee7e569f4a5478d7a293029327e832c61fe
松山市,2026-03-31,第00001798号,,,,飲食店営業,らふれすや,松山市三番町２丁目１０－１０スカイタワービル１Ｆ,382019,,,,,all,https://www.city.matsuyama.ehime.jp/shisei/opendata/metadata/shokuhin.files/382019_food_business_all_2026031.csv,d1c623faaa6450b45a31873a3344cee7e569f4a5478d7a293029327e832c61fe
松山市,2026-03-31,第00001797号,,,,飲食店営業,青木,松山市二番町１丁目３－１３古唐人花館４Ｆ,382019,,,,,all,https://www.city.matsuyama.ehime.jp/shisei/opendata/metadata/shokuhin.files/382019_food_business_all_2026031.csv,d1c623faaa6450b45a31873a3344cee7e569f4a5478d7a293029327e832c61fe
松山市,2026-03-31,第00001803号,,,,飲食店営業,夜桜セブン,松山市二番町１丁目５－１４１０４弐番館３Ｆ,382019,,,,,all,https://www.city.matsuyama.ehime.jp/shisei/opendata/metadata/shokuhin.files/382019_food_business_all_2026031.csv,d1c623faaa6450b45a31873a3344cee7e569f4a5478d7a293029327e832c61fe
松山市,2026-03-31,第00001806号,,,,飲食店営業,ワインショップ　Ｂ＆Ｂ,松山市一番町２丁目１－１飛鳥ビル４Ｆ,382019,,,,,all,https://www.city.matsuyama.ehime.jp/shisei/opendata/metadata/shokuhin.files/382019_food_business_all_2026031.csv,d1c623faaa6450b45a31873a3344cee7e569f4a5478d7a293029327e832c61fe
松山市,2026-03-31,第00001815号,,,,飲食店営業,会員制　いち。,松山市二番町１丁目２－９第一ジョイフルビル３－１,382019,,,,,all,https://www.city.matsuyama.ehime.jp/shisei/opendata/metadata/shokuhin.files/382019_food_business_all_2026031.csv,d1c623faaa6450b45a31873a3344cee7e569f4a5478d7a293029327e832c61fe
松山市,2026-03-31,第00001813号,,,,飲食店営業,香月,松山市二番町２丁目６－１０クロスビル２Ｆ西,382019,,,,,all,https://www.city.matsuyama.ehime.jp/shisei/opendata/metadata/shokuhin.files/382019_food_business_all_2026031.csv,d1c623faaa6450b45a31873a3344cee7e569f4a5478d7a293029327e832c61fe
松山市,2026-03-31,第00001814号,,,,飲食店営業,スナック茶慕,松山市正円寺１丁目８－５,382019,,,,,all,https://www.city.matsuyama.ehime.jp/shisei/opendata/metadata/shokuhin.files/382019_food_business_all_2026031.csv,d1c623faaa6450b45a31873a3344cee7e569f4a5478d7a293029327e832c61fe
松山市,2026-03-31,第00001807号,,,,飲食店営業,ＶＵＬＧＡＲ,松山市二番町２丁目５－８北国ビル３Ｆ,382019,,,,,all,https://www.city.matsuyama.ehime.jp/shisei/opendata/metadata/shokuhin.files/382019_food_business_all_2026031.csv,d1c623faaa6450b45a31873a3344cee7e569f4a5478d7a293029327e832c61fe
松山市,2026-03-31,第00001810号,,,,飲食店営業,カラオケＳｏｌａ,松山市南吉田町１６９１－２２Ｆ,382019,,,,,all,https://www.city.matsuyama.ehime.jp/shisei/opendata/metadata/shokuhin.files/382019_food_business_all_2026031.csv,d1c623faaa6450b45a31873a3344cee7e569f4a5478d7a293029327e832c61fe
松山市,2026-03-31,第00001817号,,,,飲食店営業,琴小路,松山市二番町１丁目３－３サンプラザ８８　２Ｆ,382019,,,,,all,https://www.city.matsuyama.ehime.jp/shisei/opendata/metadata/shokuhin.files/382019_food_business_all_2026031.csv,d1c623faaa6450b45a31873a3344cee7e569f4a5478d7a293029327e832c61fe
松山市,2026-03-31,第00001818号,,,,飲食店営業,スナック　スズラン,松山市住吉２丁目６－１９,382019,,,,,all,https://www.city.matsuyama.ehime.jp/shisei/opendata/metadata/shokuhin.files/382019_food_business_all_2026031.csv,d1c623faaa6450b45a31873a3344cee7e569f4a5478d7a293029327e832c61fe
松山市,2026-03-31,第00001819号,,,,飲食店営業,ＢＡＲ　平乃,松山市三番町２丁目５－１４三番町村松ビル１Ｆ,382019,,,,,all,https://www.city.matsuyama.ehime.jp/shisei/opendata/metadata/shokuhin.files/382019_food_business_all_2026031.csv,d1c623faaa6450b45a31873a3344cee7e569f4a5478d7a293029327e832c61fe
松山市,2026-03-31,第00001820号,,,,飲食店営業,居酒屋れん,松山市北条辻１４０６－１ジュンハウスビル１Ｆ,382019,,,,,all,https://www.city.matsuyama.ehime.jp/shisei/opendata/metadata/shokuhin.files/382019_food_business_all_2026031.csv,d1c623faaa6450b45a31873a3344cee7e569f4a5478d7a293029327e832c61fe
松山市,2026-03-31,第00001823号,,,,飲食店営業,カラオケスタジオ　ＯＮＥ,松山市西長戸町１１３－２２,382019,,,,,all,https://www.city.matsuyama.ehime.jp/shisei/opendata/metadata/shokuhin.files/382019_food_business_all_2026031.csv,d1c623faaa6450b45a31873a3344cee7e569f4a5478d7a293029327e832c61fe
松山市,2026-03-31,第00001822号,,,,飲食店営業,ＶＡＰＥ　ＳＨＯＰ＆ＢＡＲ　００９６,松山市湊町３丁目１０－１,382019,,,,,all,https://www.city.matsuyama.ehime.jp/shisei/opendata/metadata/shokuhin.files/382019_food_business_all_2026031.csv,d1c623faaa6450b45a31873a3344cee7e569f4a5478d7a293029327e832c61fe
松山市,2026-03-31,第00001827号,,,,飲食店営業,ＢＡＲ　Ｒｅ：ＳＴＡ,松山市三番町２丁目１０－３新玉産業ビル３Ｆ北側,382019,,,,,all,https://www.city.matsuyama.ehime.jp/shisei/opendata/metadata/shokuhin.files/382019_food_business_all_2026031.csv,d1c623faaa6450b45a31873a3344cee7e569f4a5478d7a293029327e832c61fe
松山市,2026-03-31,第00001826号,,,,飲食店営業,ＢＡＲ　Ｒｅ：ＳＥＴ,松山市三番町２丁目１０－３新玉産業ビル３Ｆ南側,382019,,,,,all,https://www.city.matsuyama.ehime.jp/shisei/opendata/metadata/shokuhin.files/382019_food_business_all_2026031.csv,d1c623faaa6450b45a31873a3344cee7e569f4a5478d7a293029327e832c61fe
松山市,2026-03-31,第00001828号,,,,飲食店営業,メンバーズ　豆狸,松山市二番町１丁目８－２ニック３３ビル　６Ｆ,382019,,,,,all,https://www.city.matsuyama.ehime.jp/shisei/opendata/metadata/shokuhin.files/382019_food_business_all_2026031.csv,d1c623faaa6450b45a31873a3344cee7e569f4a5478d7a293029327e832c61fe
松山市,2026-03-31,第00001825号,,,,飲食店営業,スナック楽華,松山市千舟町２丁目８－１８田坂ビル２Ｆ,382019,,,,,all,https://www.city.matsuyama.ehime.jp/shisei/opendata/metadata/shokuhin.files/382019_food_business_all_2026031.csv,d1c623faaa6450b45a31873a3344cee7e569f4a5478d7a293029327e832c61fe
松山市,2026-03-31,第00001824号,,,,飲食店営業,カラオケ喫茶ＧＡＫＵ,松山市由良町７６８,382019,,,,,all,https://www.city.matsuyama.ehime.jp/shisei/opendata/metadata/shokuhin.files/382019_food_business_all_2026031.csv,d1c623faaa6450b45a31873a3344cee7e569f4a5478d7a293029327e832c61fe
松山市,2026-03-31,第00001832号,,,,飲食店営業,あきら,松山市二番町２丁目６－１２三好ビル５Ｆ,382019,,,,,all,https://www.city.matsuyama.ehime.jp/shisei/opendata/metadata/shokuhin.files/382019_food_business_all_2026031.csv,d1c623faaa6450b45a31873a3344cee7e569f4a5478d7a293029327e832c61fe
松山市,2026-03-31,第00001829号,,,,飲食店営業,夢響,松山市二番町３丁目７－１８,382019,,,,,all,https://www.city.matsuyama.ehime.jp/shisei/opendata/metadata/shokuhin.files/382019_food_business_all_2026031.csv,d1c623faaa6450b45a31873a3344cee7e569f4a5478d7a293029327e832c61fe
松山市,2026-03-31,第00001831号,,,,飲食店営業,Ｂａｒ　Ｇｒｏｂａｌ。,松山市千舟町２丁目８－１８田坂ビル２Ｆ,382019,,,,,all,https://www.city.matsuyama.ehime.jp/shisei/opendata/metadata/shokuhin.files/382019_food_business_all_2026031.csv,d1c623faaa6450b45a31873a3344cee7e569f4a5478d7a293029327e832c61fe
松山市,2026-03-31,第00001845号,,,,飲食店営業,どうごゆけむりかふぇ,松山市道後湯之町３－１６,382019,,,,,all,https://www.city.matsuyama.ehime.jp/shisei/opendata/metadata/shokuhin.files/382019_food_business_all_2026031.csv,d1c623faaa6450b45a31873a3344cee7e569f4a5478d7a293029327e832c61fe
松山市,2026-03-31,第00001844号,,,,飲食店営業,１０ＦＡＣＴＯＲＹ　道後店,松山市道後湯之町１２－３４１Ｆ,382019,,,,,all,https://www.city.matsuyama.ehime.jp/shisei/opendata/metadata/shokuhin.files/382019_food_business_all_2026031.csv,d1c623faaa6450b45a31873a3344cee7e569f4a5478d7a293029327e832c61fe
松山市,2026-03-31,第00001840号,,,,飲食店営業,たこ焼酒場　俺蛸,松山市末広町１８－９,382019,,,,,all,https://www.city.matsuyama.ehime.jp/shisei/opendata/metadata/shokuhin.files/382019_food_business_all_2026031.csv,d1c623faaa6450b45a31873a3344cee7e569f4a5478d7a293029327e832c61fe
松山市,2026-03-31,第00001838号,,,,飲食店営業,カラオケカフェ　こころ,松山市西石井１丁目９－２２第９４杉フラット１Ｆ,382019,,,,,all,https://www.city.matsuyama.ehime.jp/shisei/opendata/metadata/shokuhin.files/382019_food_business_all_2026031.csv,d1c623faaa6450b45a31873a3344cee7e569f4a5478d7a293029327e832c61fe
松山市,2026-03-31,第00001852号,,,,飲食店営業,茶々茶,松山市二番町１丁目５－１８アベニール神戸館Ｂ１Ｆ,382019,,,,,all,https://www.city.matsuyama.ehime.jp/shisei/opendata/metadata/shokuhin.files/382019_food_business_all_2026031.csv,d1c623faaa6450b45a31873a3344cee7e569f4a5478d7a293029327e832c61fe
松山市,2026-03-31,第00001849号,,,,飲食店営業,ｃｏｎｃｅｎｔ,松山市一番町２丁目４－１５西山店舗１Ｆ,382019,,,,,all,https://www.city.matsuyama.ehime.jp/shisei/opendata/metadata/shokuhin.files/382019_food_business_all_2026031.csv,d1c623faaa6450b45a31873a3344cee7e569f4a5478d7a293029327e832c61fe
松山市,2026-03-31,第00001853号,,,,飲食店営業,１０ＦＡＣＴＯＲＹ　松山本店,松山市大街道３丁目２－２５,382019,,,,,all,https://www.city.matsuyama.ehime.jp/shisei/opendata/metadata/shokuhin.files/382019_food_business_all_2026031.csv,d1c623faaa6450b45a31873a3344cee7e569f4a5478d7a293029327e832c61fe
松山市,2026-03-31,第00001858号,,,,飲食店営業,７　ＮａＮａ,松山市二番町２丁目６－１１江戸長ビル３Ｆ,382019,,,,,all,https://www.city.matsuyama.ehime.jp/shisei/opendata/metadata/shokuhin.files/382019_food_business_all_2026031.csv,d1c623faaa6450b45a31873a3344cee7e569f4a5478d7a293029327e832c61fe
松山市,2026-03-31,第00001859号,,,,飲食店営業,スナック奈津,松山市三番町２丁目５－８１Ｆ,382019,,,,,all,https://www.city.matsuyama.ehime.jp/shisei/opendata/metadata/shokuhin.files/382019_food_business_all_2026031.csv,d1c623faaa6450b45a31873a3344cee7e569f4a5478d7a293029327e832c61fe
松山市,2026-03-31,第00001860号,,,,飲食店営業,ＢＡＲ　宝樹,松山市二番町２丁目５－８北国ビル５階,382019,,,,,all,https://www.city.matsuyama.ehime.jp/shisei/opendata/metadata/shokuhin.files/382019_food_business_all_2026031.csv,d1c623faaa6450b45a31873a3344cee7e569f4a5478d7a293029327e832c61fe
松山市,2026-03-31,第00001869号,,,,飲食店営業,ＪＡ愛媛厚生連,松山市鷹子町５３３－１,382019,,,,,all,https://www.city.matsuyama.ehime.jp/shisei/opendata/metadata/shokuhin.files/382019_food_business_all_2026031.csv,d1c623faaa6450b45a31873a3344cee7e569f4a5478d7a293029327e832c61fe
松山市,2026-03-31,第00001873号,,,,飲食店営業,創作お菓子アトリエ　あん庵,松山市束本１丁目２－３２１Ｆ,382019,,,,,all,https://www.city.matsuyama.ehime.jp/shisei/opendata/metadata/shokuhin.files/382019_food_business_all_2026031.csv,d1c623faaa6450b45a31873a3344cee7e569f4a5478d7a293029327e832c61fe
松山市,2026-03-31,第00001868号,,,,飲食店営業,からあげ専門店　あげ松,松山市旭町４８－４ハイツ旭町１Ｆ奥,382019,,,,,all,https://www.city.matsuyama.ehime.jp/shisei/opendata/metadata/shokuhin.files/382019_food_business_all_2026031.csv,d1c623faaa6450b45a31873a3344cee7e569f4a5478d7a293029327e832c61fe
松山市,2026-03-31,第00001876号,,,,飲食店営業,Ｂ・Ｒ・Ｍ,松山市二番町２丁目１－１６第２アークビル３Ｆ,382019,,,,,all,https://www.city.matsuyama.ehime.jp/shisei/opendata/metadata/shokuhin.files/382019_food_business_all_2026031.csv,d1c623faaa6450b45a31873a3344cee7e569f4a5478d7a293029327e832c61fe
松山市,2026-03-31,第00001875号,,,,飲食店営業,ＫＵＬＵ,松山市三番町２丁目１０－５第一アークビル３Ｆ,382019,,,,,all,https://www.city.matsuyama.ehime.jp/shisei/opendata/metadata/shokuhin.files/382019_food_business_all_2026031.csv,d1c623faaa6450b45a31873a3344cee7e569f4a5478d7a293029327e832c61fe
松山市,2026-03-31,第00001884号,,,,飲食店営業,阿吽,松山市二番町３丁目５－１１アマーレビル２Ｆ,382019,,,,,all,https://www.city.matsuyama.ehime.jp/shisei/opendata/metadata/shokuhin.files/382019_food_business_all_2026031.csv,d1c623faaa6450b45a31873a3344cee7e569f4a5478d7a293029327e832c61fe
松山市,2026-03-31,第00001885号,,,,飲食店営業,ｄｉｎｉｎｇ　ｂａｒ　ｕｉ,松山市湊町５丁目３－１新川ビル２階,382019,,,,,all,https://www.city.matsuyama.ehime.jp/shisei/opendata/metadata/shokuhin.files/382019_food_business_all_2026031.csv,d1c623faaa6450b45a31873a3344cee7e569f4a5478d7a293029327e832c61fe
松山市,2026-03-31,第00001889号,,,,飲食店営業,ＢＡＲ　Ｗｅｅｄ,松山市二番町１丁目２－１アドレスビル２階,382019,,,,,all,https://www.city.matsuyama.ehime.jp/shisei/opendata/metadata/shokuhin.files/382019_food_business_all_2026031.csv,d1c623faaa6450b45a31873a3344cee7e569f4a5478d7a293029327e832c61fe
松山市,2026-03-31,第00001890号,,,,飲食店営業,Ｃｈｉｅｎ,松山市二番町１丁目１０－７杉野ビル１Ｆ,382019,,,,,all,https://www.city.matsuyama.ehime.jp/shisei/opendata/metadata/shokuhin.files/382019_food_business_all_2026031.csv,d1c623faaa6450b45a31873a3344cee7e569f4a5478d7a293029327e832c61fe
松山市,2026-03-31,第00001892号,,,,飲食店営業,かふ,松山市平井町１４５１,382019,,,,,all,https://www.city.matsuyama.ehime.jp/shisei/opendata/metadata/shokuhin.files/382019_food_business_all_2026031.csv,d1c623faaa6450b45a31873a3344cee7e569f4a5478d7a293029327e832c61fe
松山市,2026-03-31,第00001893号,,,,飲食店営業,麒麟,松山市衣山５丁目１４－６,382019,,,,,all,https://www.city.matsuyama.ehime.jp/shisei/opendata/metadata/shokuhin.files/382019_food_business_all_2026031.csv,d1c623faaa6450b45a31873a3344cee7e569f4a5478d7a293029327e832c61fe
松山市,2026-03-31,第00001901号,,,,飲食店営業,Ａ．Ｌｂａｔｒｏ　大街道店,松山市大街道２丁目１－２,382019,,,,,all,https://www.city.matsuyama.ehime.jp/shisei/opendata/metadata/shokuhin.files/382019_food_business_all_2026031.csv,d1c623faaa6450b45a31873a3344cee7e569f4a5478d7a293029327e832c61fe
松山市,2026-03-31,第00001894号,,,,飲食店営業,Ａ．Ｌｂａｔｒｏ　本店,松山市大街道２丁目３－１５木藤ビル１Ｆ,382019,,,,,all,https://www.city.matsuyama.ehime.jp/shisei/opendata/metadata/shokuhin.files/382019_food_business_all_2026031.csv,d1c623faaa6450b45a31873a3344cee7e569f4a5478d7a293029327e832c61fe
松山市,2026-03-31,第00001896号,,,,飲食店営業,Ｔ２,松山市三番町２丁目１０－１トキワビル２Ｆ,382019,,,,,all,https://www.city.matsuyama.ehime.jp/shisei/opendata/metadata/shokuhin.files/382019_food_business_all_2026031.csv,d1c623faaa6450b45a31873a3344cee7e569f4a5478d7a293029327e832c61fe
松山市,2026-03-31,第00001899号,,,,飲食店営業,ハマヤコーヒーショップ,松山市一番町３丁目１－１地階１階,382019,,,,,all,https://www.city.matsuyama.ehime.jp/shisei/opendata/metadata/shokuhin.files/382019_food_business_all_2026031.csv,d1c623faaa6450b45a31873a3344cee7e569f4a5478d7a293029327e832c61fe
松山市,2026-03-31,第00001902号,,,,飲食店営業,花あかり,松山市来住町１４７９－７,382019,,,,,all,https://www.city.matsuyama.ehime.jp/shisei/opendata/metadata/shokuhin.files/382019_food_business_all_2026031.csv,d1c623faaa6450b45a31873a3344cee7e569f4a5478d7a293029327e832c61fe
松山市,2026-03-31,第00001905号,,,,飲食店営業,笠組,松山市喜与町２丁目３－１３,382019,,,,,all,https://www.city.matsuyama.ehime.jp/shisei/opendata/metadata/shokuhin.files/382019_food_business_all_2026031.csv,d1c623faaa6450b45a31873a3344cee7e569f4a5478d7a293029327e832c61fe
松山市,2026-03-31,第00001904号,,,,飲食店営業,結月,松山市一番町２丁目５－２４ピカソビル３０１,382019,,,,,all,https://www.city.matsuyama.ehime.jp/shisei/opendata/metadata/shokuhin.files/382019_food_business_all_2026031.csv,d1c623faaa6450b45a31873a3344cee7e569f4a5478d7a293029327e832c61fe
松山市,2026-03-31,第00001907号,,,,飲食店営業,Ｂａｒ　Ｒｏｃｋｅｙｅ,松山市二番町２丁目７－１横浜館ビル６Ｆ,382019,,,,,all,https://www.city.matsuyama.ehime.jp/shisei/opendata/metadata/shokuhin.files/382019_food_business_all_2026031.csv,d1c623faaa6450b45a31873a3344cee7e569f4a5478d7a293029327e832c61fe
松山市,2026-03-31,第00001910号,,,,飲食店営業,樹立,松山市庄甲１０８,382019,,,,,all,https://www.city.matsuyama.ehime.jp/shisei/opendata/metadata/shokuhin.files/382019_food_business_all_2026031.csv,d1c623faaa6450b45a31873a3344cee7e569f4a5478d7a293029327e832c61fe
松山市,2026-03-31,第00001919号,,,,飲食店営業,道後もなか,松山市道後湯之町１４－２２,382019,,,,,all,https://www.city.matsuyama.ehime.jp/shisei/opendata/metadata/shokuhin.files/382019_food_business_all_2026031.csv,d1c623faaa6450b45a31873a3344cee7e569f4a5478d7a293029327e832c61fe
松山市,2026-03-31,第00001921号,,,,飲食店営業,一品料理　爺屋三番町店,松山市三番町１丁目１１－１０Ｉｓｓｅｉビル１Ｆ,382019,,,,,all,https://www.city.matsuyama.ehime.jp/shisei/opendata/metadata/shokuhin.files/382019_food_business_all_2026031.csv,d1c623faaa6450b45a31873a3344cee7e569f4a5478d7a293029327e832c61fe
松山市,2026-03-31,第00001923号,,,,飲食店営業,Ｃｌｕｂ　Ｌｉｌｙ　雅,松山市二番町２丁目７－１８コア・二番町ビル４階Ｃ号室,382019,,,,,all,https://www.city.matsuyama.ehime.jp/shisei/opendata/metadata/shokuhin.files/382019_food_business_all_2026031.csv,d1c623faaa6450b45a31873a3344cee7e569f4a5478d7a293029327e832c61fe
松山市,2026-03-31,第00001924号,,,,飲食店営業,ＢＩＧＡＰＰＬＥ,松山市千舟町５丁目７－６ニッシン商事千舟町ビル２Ｆ,382019,,,,,all,https://www.city.matsuyama.ehime.jp/shisei/opendata/metadata/shokuhin.files/382019_food_business_all_2026031.csv,d1c623faaa6450b45a31873a3344cee7e569f4a5478d7a293029327e832c61fe
松山市,2026-03-31,第00001936号,,,,飲食店営業,ファミリーマート松山和気店,松山市太山寺町８３９－４,382019,,,,,all,https://www.city.matsuyama.ehime.jp/shisei/opendata/metadata/shokuhin.files/382019_food_business_all_2026031.csv,d1c623faaa6450b45a31873a3344cee7e569f4a5478d7a293029327e832c61fe
松山市,2026-03-31,第00001930号,,,,飲食店営業,ＲＥＰＬＵＳ,松山市南久米町１４５－１竹乃井ビル１０７,382019,,,,,all,https://www.city.matsuyama.ehime.jp/shisei/opendata/metadata/shokuhin.files/382019_food_business_all_2026031.csv,d1c623faaa6450b45a31873a3344cee7e569f4a5478d7a293029327e832c61fe
松山市,2026-03-31,第00001937号,,,,飲食店営業,ミサイル,松山市二番町２丁目１－１６第２アークビル　２Ｆ,382019,,,,,all,https://www.city.matsuyama.ehime.jp/shisei/opendata/metadata/shokuhin.files/382019_food_business_all_2026031.csv,d1c623faaa6450b45a31873a3344cee7e569f4a5478d7a293029327e832c61fe
松山市,2026-03-31,第00001943号,,,,飲食店営業,やきとりちゃん,松山市千舟町４丁目１－４ヒラキビル１Ｆ,382019,,,,,all,https://www.city.matsuyama.ehime.jp/shisei/opendata/metadata/shokuhin.files/382019_food_business_all_2026031.csv,d1c623faaa6450b45a31873a3344cee7e569f4a5478d7a293029327e832c61fe
松山市,2026-03-31,第00001944号,,,,飲食店営業,ｐｕｂｌｉｃ　ｂａｒ．ＫＰ,松山市二番町２丁目２－２黒田ビル2F,382019,,,,,all,https://www.city.matsuyama.ehime.jp/shisei/opendata/metadata/shokuhin.files/382019_food_business_all_2026031.csv,d1c623faaa6450b45a31873a3344cee7e569f4a5478d7a293029327e832c61fe
松山市,2026-03-31,第00001942号,,,,飲食店営業,ｆｒｅｅ　ｓｔｙｌｅ　ｂａｒ．ＥＡＳＹ,松山市二番町２丁目２－２黒田ビル３階,382019,,,,,all,https://www.city.matsuyama.ehime.jp/shisei/opendata/metadata/shokuhin.files/382019_food_business_all_2026031.csv,d1c623faaa6450b45a31873a3344cee7e569f4a5478d7a293029327e832c61fe
松山市,2026-03-31,第00001948号,,,,飲食店営業,ＢＡＲＲＡＧＡＮ,松山市一番町２丁目４－１５,382019,,,,,all,https://www.city.matsuyama.ehime.jp/shisei/opendata/metadata/shokuhin.files/382019_food_business_all_2026031.csv,d1c623faaa6450b45a31873a3344cee7e569f4a5478d7a293029327e832c61fe
松山市,2026-03-31,第00001966号,,,,飲食店営業,ヴェスターレ,松山市二番町１丁目８－２ニック３３ビル４Ｆ,382019,,,,,all,https://www.city.matsuyama.ehime.jp/shisei/opendata/metadata/shokuhin.files/382019_food_business_all_2026031.csv,d1c623faaa6450b45a31873a3344cee7e569f4a5478d7a293029327e832c61fe
松山市,2026-03-31,第00002009号,,,,飲食店営業,ローソン松山サクラメント通り店,松山市南江戸２丁目８－２０,382019,,,,,all,https://www.city.matsuyama.ehime.jp/shisei/opendata/metadata/shokuhin.files/382019_food_business_all_2026031.csv,d1c623faaa6450b45a31873a3344cee7e569f4a5478d7a293029327e832c61fe
松山市,2026-03-31,第00002003号,,,,飲食店営業,ローソン松山南江戸店,松山市南江戸３丁目１－２０,382019,,,,,all,https://www.city.matsuyama.ehime.jp/shisei/opendata/metadata/shokuhin.files/382019_food_business_all_2026031.csv,d1c623faaa6450b45a31873a3344cee7e569f4a5478d7a293029327e832c61fe
松山市,2026-03-31,第00002015号,,,,飲食店営業,ローソン松山赤十字病院南棟店,松山市文京町１南棟２階,382019,,,,,all,https://www.city.matsuyama.ehime.jp/shisei/opendata/metadata/shokuhin.files/382019_food_business_all_2026031.csv,d1c623faaa6450b45a31873a3344cee7e569f4a5478d7a293029327e832c61fe
松山市,2026-03-31,第00002011号,,,,飲食店営業,ローソン松山北梅本店,松山市北梅本町甲８７４－１,382019,,,,,all,https://www.city.matsuyama.ehime.jp/shisei/opendata/metadata/shokuhin.files/382019_food_business_all_2026031.csv,d1c623faaa6450b45a31873a3344cee7e569f4a5478d7a293029327e832c61fe
松山市,2026-03-31,第00002021号,,,,飲食店営業,ｃｌｕｂ　Ｓｉｒｅｎｅ,松山市一番町２丁目１－１３第２７ミツワビル５階,382019,,,,,all,https://www.city.matsuyama.ehime.jp/shisei/opendata/metadata/shokuhin.files/382019_food_business_all_2026031.csv,d1c623faaa6450b45a31873a3344cee7e569f4a5478d7a293029327e832c61fe
松山市,2026-03-31,第00002020号,,,,飲食店営業,タリーズコーヒー松山赤十字病院店,松山市文京町１南棟２Ｆ,382019,,,,,all,https://www.city.matsuyama.ehime.jp/shisei/opendata/metadata/shokuhin.files/382019_food_business_all_2026031.csv,d1c623faaa6450b45a31873a3344cee7e569f4a5478d7a293029327e832c61fe
松山市,2026-03-31,第00002143号,,,,飲食店営業,ｙ　ａｂｕｅｌｏ,松山市清水町１丁目２－１０１階,382019,,,,,all,https://www.city.matsuyama.ehime.jp/shisei/opendata/metadata/shokuhin.files/382019_food_business_all_2026031.csv,d1c623faaa6450b45a31873a3344cee7e569f4a5478d7a293029327e832c61fe
松山市,2026-03-31,第00002167号,,,,飲食店営業,カラオケ喫茶・スナック　星,松山市古川西１丁目１－２５松田マンション１Ｆ,382019,,,,,all,https://www.city.matsuyama.ehime.jp/shisei/opendata/metadata/shokuhin.files/382019_food_business_all_2026031.csv,d1c623faaa6450b45a31873a3344cee7e569f4a5478d7a293029327e832c61fe
松山市,2026-03-31,第00002169号,,,,飲食店営業,Ｔ．Ｇ．Ｃ,松山市二番町２丁目４－９岸坊ビル２Ｆ,382019,,,,,all,https://www.city.matsuyama.ehime.jp/shisei/opendata/metadata/shokuhin.files/382019_food_business_all_2026031.csv,d1c623faaa6450b45a31873a3344cee7e569f4a5478d7a293029327e832c61fe
松山市,2026-03-31,第00002184号,,,,飲食店営業,ネコヤナギ,松山市二番町１丁目１０－４番町ビル３Ｆ,382019,,,,,all,https://www.city.matsuyama.ehime.jp/shisei/opendata/metadata/shokuhin.files/382019_food_business_all_2026031.csv,d1c623faaa6450b45a31873a3344cee7e569f4a5478d7a293029327e832c61fe
松山市,2026-03-31,第00002183号,,,,飲食店営業,メンバーズ　華凜,松山市二番町１丁目５－３１ＡＩＢＡＲＡ二番町ビル４Ｆ,382019,,,,,all,https://www.city.matsuyama.ehime.jp/shisei/opendata/metadata/shokuhin.files/382019_food_business_all_2026031.csv,d1c623faaa6450b45a31873a3344cee7e569f4a5478d7a293029327e832c61fe
松山市,2026-03-31,第00002217号,,,,飲食店営業,きらら,松山市森松町５１９－１,382019,,,,,all,https://www.city.matsuyama.ehime.jp/shisei/opendata/metadata/shokuhin.files/382019_food_business_all_2026031.csv,d1c623faaa6450b45a31873a3344cee7e569f4a5478d7a293029327e832c61fe
松山市,2026-03-31,第00002211号,,,,飲食店営業,（株）久万山マルシェ　三津店,松山市会津町７－７セブンスター三津店内,382019,,,,,all,https://www.city.matsuyama.ehime.jp/shisei/opendata/metadata/shokuhin.files/382019_food_business_all_2026031.csv,d1c623faaa6450b45a31873a3344cee7e569f4a5478d7a293029327e832c61fe
松山市,2026-03-31,第00002262号,,,,飲食店営業,Ｐｉｅｃｅｆｕｌ　ＣｏｆｆｅｅＲｏａｓｔｅｒ,松山市萱町１丁目４－１第一グリーンビル１０１,382019,,,,,all,https://www.city.matsuyama.ehime.jp/shisei/opendata/metadata/shokuhin.files/382019_food_business_all_2026031.csv,d1c623faaa6450b45a31873a3344cee7e569f4a5478d7a293029327e832c61fe
松山市,2026-03-31,第00002263号,,,,飲食店営業,アチーヴ学園,松山市大街道３丁目６－４ＭＵＫＡＩビル３Ｆ,382019,,,,,all,https://www.city.matsuyama.ehime.jp/shisei/opendata/metadata/shokuhin.files/382019_food_business_all_2026031.csv,d1c623faaa6450b45a31873a3344cee7e569f4a5478d7a293029327e832c61fe
松山市,2026-03-31,第00002264号,,,,飲食店営業,（株）久万山マルシェ　大街道店,松山市大街道１丁目４－６－２高木ビル１Ｆ,382019,,,,,all,https://www.city.matsuyama.ehime.jp/shisei/opendata/metadata/shokuhin.files/382019_food_business_all_2026031.csv,d1c623faaa6450b45a31873a3344cee7e569f4a5478d7a293029327e832c61fe
松山市,2026-03-31,第00002284号,,,,飲食店営業,一,松山市三番町２丁目５－２０,382019,,,,,all,https://www.city.matsuyama.ehime.jp/shisei/opendata/metadata/shokuhin.files/382019_food_business_all_2026031.csv,d1c623faaa6450b45a31873a3344cee7e569f4a5478d7a293029327e832c61fe
松山市,2026-03-31,第00002286号,,,,飲食店営業,ふぁんたじ屋,松山市湊町３丁目７－１１第３朝日ビル３階,382019,,,,,all,https://www.city.matsuyama.ehime.jp/shisei/opendata/metadata/shokuhin.files/382019_food_business_all_2026031.csv,d1c623faaa6450b45a31873a3344cee7e569f4a5478d7a293029327e832c61fe
松山市,2026-03-31,第00002340号,,,,飲食店営業,（有）おいなはれ,松山市一番町１丁目５－１４八束ビル１Ｆ,382019,,,,,all,https://www.city.matsuyama.ehime.jp/shisei/opendata/metadata/shokuhin.files/382019_food_business_all_2026031.csv,d1c623faaa6450b45a31873a3344cee7e569f4a5478d7a293029327e832c61fe
松山市,2026-03-31,第00002351号,,,,飲食店営業,心の湯　釜爺,松山市道後湯之町１８－１,382019,,,,,all,https://www.city.matsuyama.ehime.jp/shisei/opendata/metadata/shokuhin.files/382019_food_business_all_2026031.csv,d1c623faaa6450b45a31873a3344cee7e569f4a5478d7a293029327e832c61fe
松山市,2026-03-31,第00002350号,,,,飲食店営業,愛ｌａｂｏ／県民バル,松山市湊町３丁目５－２３岡本ビル１階テナント,382019,,,,,all,https://www.city.matsuyama.ehime.jp/shisei/opendata/metadata/shokuhin.files/382019_food_business_all_2026031.csv,d1c623faaa6450b45a31873a3344cee7e569f4a5478d7a293029327e832c61fe
松山市,2026-03-31,第00002352号,,,,飲食店営業,セブン－イレブン松山須賀町店,松山市須賀町６－３,382019,,,,,all,https://www.city.matsuyama.ehime.jp/shisei/opendata/metadata/shokuhin.files/382019_food_business_all_2026031.csv,d1c623faaa6450b45a31873a3344cee7e569f4a5478d7a293029327e832c61fe
松山市,2026-03-31,第00002353号,,,,飲食店営業,ピザハット松山城南店,松山市越智３丁目４－２３Ｓキャメリア１０２,382019,,,,,all,https://www.city.matsuyama.ehime.jp/shisei/opendata/metadata/shokuhin.files/382019_food_business_all_2026031.csv,d1c623faaa6450b45a31873a3344cee7e569f4a5478d7a293029327e832c61fe
松山市,2026-03-31,第00002381号,,,,飲食店営業,ＬｉｖｅＣａｆｅＢａｒものおと,松山市一番町２丁目４－６第一吾妻ビル４Ｆ,382019,,,,,all,https://www.city.matsuyama.ehime.jp/shisei/opendata/metadata/shokuhin.files/382019_food_business_all_2026031.csv,d1c623faaa6450b45a31873a3344cee7e569f4a5478d7a293029327e832c61fe
松山市,2026-03-31,第00002383号,,,,飲食店営業,ティアラ,松山市二番町１丁目３－１古唐人夢館ビル２Ｆ,382019,,,,,all,https://www.city.matsuyama.ehime.jp/shisei/opendata/metadata/shokuhin.files/382019_food_business_all_2026031.csv,d1c623faaa6450b45a31873a3344cee7e569f4a5478d7a293029327e832c61fe
松山市,2026-03-31,第00002384号,,,,飲食店営業,まるはち料理店,松山市北久米町１１０３－１２,382019,,,,,all,https://www.city.matsuyama.ehime.jp/shisei/opendata/metadata/shokuhin.files/382019_food_business_all_2026031.csv,d1c623faaa6450b45a31873a3344cee7e569f4a5478d7a293029327e832c61fe
松山市,2026-03-31,第00002388号,,,,飲食店営業,（株）久万山　フルコベジタ,松山市和泉南５丁目１－２２ことぶきビル１Ｆ,382019,,,,,all,https://www.city.matsuyama.ehime.jp/shisei/opendata/metadata/shokuhin.files/382019_food_business_all_2026031.csv,d1c623faaa6450b45a31873a3344cee7e569f4a5478d7a293029327e832c61fe
松山市,2026-03-31,第00002431号,,,,飲食店営業,八～ｃｏｕｎｔｒｙ　ｈｏｕｓｅ～,松山市八反地甲１３１,382019,,,,,all,https://www.city.matsuyama.ehime.jp/shisei/opendata/metadata/shokuhin.files/382019_food_business_all_2026031.csv,d1c623faaa6450b45a31873a3344cee7e569f4a5478d7a293029327e832c61fe
松山市,2026-03-31,第00002421号,,,,飲食店営業,Ｂａｒ　ＯＴａＮｅ,松山市三番町２丁目９－２シエロビル２Ｆ,382019,,,,,all,https://www.city.matsuyama.ehime.jp/shisei/opendata/metadata/shokuhin.files/382019_food_business_all_2026031.csv,d1c623faaa6450b45a31873a3344cee7e569f4a5478d7a293029327e832c61fe
松山市,2026-03-31,第00002426号,,,,飲食店営業,Ｂｅｒｅ（ベーレ）,松山市三番町１丁目１２－４第３安永ビル３Ｆ,382019,,,,,all,https://www.city.matsuyama.ehime.jp/shisei/opendata/metadata/shokuhin.files/382019_food_business_all_2026031.csv,d1c623faaa6450b45a31873a3344cee7e569f4a5478d7a293029327e832c61fe
松山市,2026-03-31,第00002430号,,,,飲食店営業,もつ鍋　うる月　別館,松山市三番町１丁目４－７第３ウメハラビル　２Ｆ,382019,,,,,all,https://www.city.matsuyama.ehime.jp/shisei/opendata/metadata/shokuhin.files/382019_food_business_all_2026031.csv,d1c623faaa6450b45a31873a3344cee7e569f4a5478d7a293029327e832c61fe
松山市,2026-03-31,第00002432号,,,,飲食店営業,もつ鍋　うる月,松山市三番町１丁目４－７第３ウメハラビル　１Ｆ,382019,,,,,all,https://www.city.matsuyama.ehime.jp/shisei/opendata/metadata/shokuhin.files/382019_food_business_all_2026031.csv,d1c623faaa6450b45a31873a3344cee7e569f4a5478d7a293029327e832c61fe
松山市,2026-03-31,第00002428号,,,,飲食店営業,ビアホール　うる月,松山市三番町１丁目４－７第３ウメハラビル　３Ｆ,382019,,,,,all,https://www.city.matsuyama.ehime.jp/shisei/opendata/metadata/shokuhin.files/382019_food_business_all_2026031.csv,d1c623faaa6450b45a31873a3344cee7e569f4a5478d7a293029327e832c61fe
松山市,2026-03-31,第00002439号,,,,飲食店営業,楽音座　ＴＡＮＯＮＥＺＡ,松山市大街道２丁目１－１エムズビル５階,382019,,,,,all,https://www.city.matsuyama.ehime.jp/shisei/opendata/metadata/shokuhin.files/382019_food_business_all_2026031.csv,d1c623faaa6450b45a31873a3344cee7e569f4a5478d7a293029327e832c61fe
松山市,2026-03-31,第00002438号,,,,飲食店営業,ＴＲＩＰＬＥ　ＣＲＯＷＮ,松山市一番町２丁目５－２５ＧＯＯＤ　ＷＩＮビル１Ｆ・２Ｆ,382019,,,,,all,https://www.city.matsuyama.ehime.jp/shisei/opendata/metadata/shokuhin.files/382019_food_business_all_2026031.csv,d1c623faaa6450b45a31873a3344cee7e569f4a5478d7a293029327e832c61fe
松山市,2026-03-31,第00002440号,,,,飲食店営業,Ｅｍｉｌｉａ,松山市二番町２丁目６－１０クロスビル１Ｆ,382019,,,,,all,https://www.city.matsuyama.ehime.jp/shisei/opendata/metadata/shokuhin.files/382019_food_business_all_2026031.csv,d1c623faaa6450b45a31873a3344cee7e569f4a5478d7a293029327e832c61fe
松山市,2026-03-31,第00000006号,,,,飲食店営業,会員制　真野,松山市二番町１丁目１－４－１０近代ビル５Ｆ,382019,,,,,all,https://www.city.matsuyama.ehime.jp/shisei/opendata/metadata/shokuhin.files/382019_food_business_all_2026031.csv,d1c623faaa6450b45a31873a3344cee7e569f4a5478d7a293029327e832c61fe
松山市,2026-03-31,第00000002号,,,,飲食店営業,Ｂａｒ　Ｗａｎ＆Ｃｏ,松山市三番町２丁目９－２シエロビル２Ｆ－Ｂ,382019,,,,,all,https://www.city.matsuyama.ehime.jp/shisei/opendata/metadata/shokuhin.files/382019_food_business_all_2026031.csv,d1c623faaa6450b45a31873a3344cee7e569f4a5478d7a293029327e832c61fe
松山市,2026-03-31,第00000008号,,,,飲食店営業,Ｊｕｎ,松山市二番町１丁目１０－４番町ビル４Ｆ　４０７,382019,,,,,all,https://www.city.matsuyama.ehime.jp/shisei/opendata/metadata/shokuhin.files/382019_food_business_all_2026031.csv,d1c623faaa6450b45a31873a3344cee7e569f4a5478d7a293029327e832c61fe
松山市,2026-03-31,第00000009号,,,,飲食店営業,Ｃａｆｅ＆Ｄｉｎｉｎｇ　Ｎｕｅｖｏ,松山市和田甲２１４－１２,382019,,,,,all,https://www.city.matsuyama.ehime.jp/shisei/opendata/metadata/shokuhin.files/382019_food_business_all_2026031.csv,d1c623faaa6450b45a31873a3344cee7e569f4a5478d7a293029327e832c61fe
松山市,2026-03-31,第00000029号,,,,飲食店営業,にこ,松山市二番町１丁目８－２ニック３３ビル２Ｆ　Ｅ号室,382019,,,,,all,https://www.city.matsuyama.ehime.jp/shisei/opendata/metadata/shokuhin.files/382019_food_business_all_2026031.csv,d1c623faaa6450b45a31873a3344cee7e569f4a5478d7a293029327e832c61fe
松山市,2026-03-31,第00000028号,,,,飲食店営業,能三酒場,松山市二番町２丁目５－２リアル二番町ビル１Ｆ,382019,,,,,all,https://www.city.matsuyama.ehime.jp/shisei/opendata/metadata/shokuhin.files/382019_food_business_all_2026031.csv,d1c623faaa6450b45a31873a3344cee7e569f4a5478d7a293029327e832c61fe
松山市,2026-03-31,第00000030号,,,,飲食店営業,ｗｈｉｔｅ　ｓｎｏｗ　平和通り店,松山市平和通１丁目４－６千鶴興産ビル２Ｆ,382019,,,,,all,https://www.city.matsuyama.ehime.jp/shisei/opendata/metadata/shokuhin.files/382019_food_business_all_2026031.csv,d1c623faaa6450b45a31873a3344cee7e569f4a5478d7a293029327e832c61fe
松山市,2026-03-31,第00000036号,,,,飲食店営業,ちゃんがらや,松山市花園町４－８,382019,,,,,all,https://www.city.matsuyama.ehime.jp/shisei/opendata/metadata/shokuhin.files/382019_food_business_all_2026031.csv,d1c623faaa6450b45a31873a3344cee7e569f4a5478d7a293029327e832c61fe
松山市,2026-03-31,第00000032号,,,,飲食店営業,ラウンジたなか,松山市二番町２丁目７－１８コア二番町ビル４階Ｂ,382019,,,,,all,https://www.city.matsuyama.ehime.jp/shisei/opendata/metadata/shokuhin.files/382019_food_business_all_2026031.csv,d1c623faaa6450b45a31873a3344cee7e569f4a5478d7a293029327e832c61fe
松山市,2026-03-31,第00000033号,,,,飲食店営業,キティホール,松山市河原町１３８５Ｆ,382019,,,,,all,https://www.city.matsuyama.ehime.jp/shisei/opendata/metadata/shokuhin.files/382019_food_business_all_2026031.csv,d1c623faaa6450b45a31873a3344cee7e569f4a5478d7a293029327e832c61fe
松山市,2026-03-31,第00000045号,,,,飲食店営業,平田商店,松山市清水町４丁目２－２武田ビル１Ｆ,382019,,,,,all,https://www.city.matsuyama.ehime.jp/shisei/opendata/metadata/shokuhin.files/382019_food_business_all_2026031.csv,d1c623faaa6450b45a31873a3344cee7e569f4a5478d7a293029327e832c61fe
松山市,2026-03-31,第00000048号,,,,飲食店営業,ＢＡＲ　しんのすけ,松山市二番町２丁目７－１８コア二番町ビル３階,382019,,,,,all,https://www.city.matsuyama.ehime.jp/shisei/opendata/metadata/shokuhin.files/382019_food_business_all_2026031.csv,d1c623faaa6450b45a31873a3344cee7e569f4a5478d7a293029327e832c61fe
松山市,2026-03-31,第00000046号,,,,飲食店営業,ＯＲＣＨＩＤＥＡ,松山市新立町３－２４１階,382019,,,,,all,https://www.city.matsuyama.ehime.jp/shisei/opendata/metadata/shokuhin.files/382019_food_business_all_2026031.csv,d1c623faaa6450b45a31873a3344cee7e569f4a5478d7a293029327e832c61fe
松山市,2026-03-31,第00000051号,,,,飲食店営業,恋文,松山市二番町一丁目７－１１青娥２番館５Ｆ東,382019,,,,,all,https://www.city.matsuyama.ehime.jp/shisei/opendata/metadata/shokuhin.files/382019_food_business_all_2026031.csv,d1c623faaa6450b45a31873a3344cee7e569f4a5478d7a293029327e832c61fe
松山市,2026-03-31,第00000055号,,,,飲食店営業,瀧野,松山市二番町１丁目８－２ニックビル３３　２Ｆ,382019,,,,,all,https://www.city.matsuyama.ehime.jp/shisei/opendata/metadata/shokuhin.files/382019_food_business_all_2026031.csv,d1c623faaa6450b45a31873a3344cee7e569f4a5478d7a293029327e832c61fe
松山市,2026-03-31,第00000054号,,,,飲食店営業,アクア,松山市二番町２丁目６－１０ＣＲＯＳＳＢＬ３Ｆ西,382019,,,,,all,https://www.city.matsuyama.ehime.jp/shisei/opendata/metadata/shokuhin.files/382019_food_business_all_2026031.csv,d1c623faaa6450b45a31873a3344cee7e569f4a5478d7a293029327e832c61fe
松山市,2026-03-31,第00000061号,,,,飲食店営業,エムズガーデン　Ｌｕｌｕ,松山市二番町２丁目６－１１江戸長ビル２Ｆ,382019,,,,,all,https://www.city.matsuyama.ehime.jp/shisei/opendata/metadata/shokuhin.files/382019_food_business_all_2026031.csv,d1c623faaa6450b45a31873a3344cee7e569f4a5478d7a293029327e832c61fe
松山市,2026-03-31,第00000062号,,,,飲食店営業,ＣＬＵＢ　ＯＺ,松山市二番町２丁目９－１Ｆショコラビル４Ｆ,382019,,,,,all,https://www.city.matsuyama.ehime.jp/shisei/opendata/metadata/shokuhin.files/382019_food_business_all_2026031.csv,d1c623faaa6450b45a31873a3344cee7e569f4a5478d7a293029327e832c61fe
松山市,2026-03-31,第00000058号,,,,飲食店営業,居酒屋あかり,松山市花園町７－２,382019,,,,,all,https://www.city.matsuyama.ehime.jp/shisei/opendata/metadata/shokuhin.files/382019_food_business_all_2026031.csv,d1c623faaa6450b45a31873a3344cee7e569f4a5478d7a293029327e832c61fe
松山市,2026-03-31,第00000065号,,,,飲食店営業,から太郎,松山市二番町１丁目２－４１Ｆ,382019,,,,,all,https://www.city.matsuyama.ehime.jp/shisei/opendata/metadata/shokuhin.files/382019_food_business_all_2026031.csv,d1c623faaa6450b45a31873a3344cee7e569f4a5478d7a293029327e832c61fe
松山市,2026-03-31,第00000070号,,,,飲食店営業,グラナダ,松山市二番町２丁目１－８江戸長ビル３Ｆ　３０１号,382019,,,,,all,https://www.city.matsuyama.ehime.jp/shisei/opendata/metadata/shokuhin.files/382019_food_business_all_2026031.csv,d1c623faaa6450b45a31873a3344cee7e569f4a5478d7a293029327e832c61fe
松山市,2026-03-31,第00000077号,,,,飲食店営業,ナイトイン・世津子,松山市北条辻１４０６－１３７３ＨＯＵＳＥ　１Ｆ,382019,,,,,all,https://www.city.matsuyama.ehime.jp/shisei/opendata/metadata/shokuhin.files/382019_food_business_all_2026031.csv,d1c623faaa6450b45a31873a3344cee7e569f4a5478d7a293029327e832c61fe
松山市,2026-03-31,第00000082号,,,,飲食店営業,Ｃｈａｚｅｌ,松山市二番町１丁目９－４Ｔ－ＹＯＵＮＧビル2Ｆ,382019,,,,,all,https://www.city.matsuyama.ehime.jp/shisei/opendata/metadata/shokuhin.files/382019_food_business_all_2026031.csv,d1c623faaa6450b45a31873a3344cee7e569f4a5478d7a293029327e832c61fe
松山市,2026-03-31,第00000084号,,,,飲食店営業,ハナウタ,松山市土居田町４０６－５土居田町ビル１階,382019,,,,,all,https://www.city.matsuyama.ehime.jp/shisei/opendata/metadata/shokuhin.files/382019_food_business_all_2026031.csv,d1c623faaa6450b45a31873a3344cee7e569f4a5478d7a293029327e832c61fe
松山市,2026-03-31,第00000092号,,,,飲食店営業,燦,松山市山越６丁目７－５３花吉ビル１Ｆ,382019,,,,,all,https://www.city.matsuyama.ehime.jp/shisei/opendata/metadata/shokuhin.files/382019_food_business_all_2026031.csv,d1c623faaa6450b45a31873a3344cee7e569f4a5478d7a293029327e832c61fe
松山市,2026-03-31,第00000098号,,,,飲食店営業,デメキン,松山市三番町４丁目６－２０廣瀬ビル２Ｆ,382019,,,,,all,https://www.city.matsuyama.ehime.jp/shisei/opendata/metadata/shokuhin.files/382019_food_business_all_2026031.csv,d1c623faaa6450b45a31873a3344cee7e569f4a5478d7a293029327e832c61fe
松山市,2026-03-31,第00000099号,,,,飲食店営業,セブンーイレブン北条土手内店,松山市土手内１５－５,382019,,,,,all,https://www.city.matsuyama.ehime.jp/shisei/opendata/metadata/shokuhin.files/382019_food_business_all_2026031.csv,d1c623faaa6450b45a31873a3344cee7e569f4a5478d7a293029327e832c61fe
松山市,2026-03-31,第00000116号,,,,飲食店営業,Ａ　Ｓａｎｔé,松山市三番町３丁目５－７本江ビル１階（東）,382019,,,,,all,https://www.city.matsuyama.ehime.jp/shisei/opendata/metadata/shokuhin.files/382019_food_business_all_2026031.csv,d1c623faaa6450b45a31873a3344cee7e569f4a5478d7a293029327e832c61fe
松山市,2026-03-31,第00000122号,,,,飲食店営業,ＬＥ　ＣＬＵＢ,松山市二番町１丁目９－２０キーホールビル　Ｂ１Ｆ,382019,,,,,all,https://www.city.matsuyama.ehime.jp/shisei/opendata/metadata/shokuhin.files/382019_food_business_all_2026031.csv,d1c623faaa6450b45a31873a3344cee7e569f4a5478d7a293029327e832c61fe
松山市,2026-03-31,第00000124号,,,,飲食店営業,居酒屋びぃ,松山市三番町２丁目５－１１Ｆ,382019,,,,,all,https://www.city.matsuyama.ehime.jp/shisei/opendata/metadata/shokuhin.files/382019_food_business_all_2026031.csv,d1c623faaa6450b45a31873a3344cee7e569f4a5478d7a293029327e832c61fe
松山市,2026-03-31,第00000123号,,,,飲食店営業,居酒屋　わいわい,松山市大手町２丁目９－１７１Ｆ,382019,,,,,all,https://www.city.matsuyama.ehime.jp/shisei/opendata/metadata/shokuhin.files/382019_food_business_all_2026031.csv,d1c623faaa6450b45a31873a3344cee7e569f4a5478d7a293029327e832c61fe
松山市,2026-03-31,第00000127号,,,,飲食店営業,Ｍａｔｔｈｅｗ,松山市三番町２丁目１０－６ＰＬＵＭ三番町３Ｆ,382019,,,,,all,https://www.city.matsuyama.ehime.jp/shisei/opendata/metadata/shokuhin.files/382019_food_business_all_2026031.csv,d1c623faaa6450b45a31873a3344cee7e569f4a5478d7a293029327e832c61fe
松山市,2026-03-31,第00000131号,,,,飲食店営業,ピザハット　ＪＲ松山駅前店,松山市三番町８丁目３２５－２松山市農協ビル別館１Ｆ,382019,,,,,all,https://www.city.matsuyama.ehime.jp/shisei/opendata/metadata/shokuhin.files/382019_food_business_all_2026031.csv,d1c623faaa6450b45a31873a3344cee7e569f4a5478d7a293029327e832c61fe
松山市,2026-03-31,第00000132号,,,,飲食店営業,スナック灯,松山市二番町１丁目５－１７相原二番町ビル２Ｆ,382019,,,,,all,https://www.city.matsuyama.ehime.jp/shisei/opendata/metadata/shokuhin.files/382019_food_business_all_2026031.csv,d1c623faaa6450b45a31873a3344cee7e569f4a5478d7a293029327e832c61fe
松山市,2026-03-31,第00000139号,,,,飲食店営業,しまのぱんかふぇ　ｔｅｔｏｔｅ,松山市熊田甲６９６,382019,,,,,all,https://www.city.matsuyama.ehime.jp/shisei/opendata/metadata/shokuhin.files/382019_food_business_all_2026031.csv,d1c623faaa6450b45a31873a3344cee7e569f4a5478d7a293029327e832c61fe
松山市,2026-03-31,第00000138号,,,,飲食店営業,スナック今夕,松山市北条辻１４０６３７３ＨＯＵＳＥ　１Ｆ,382019,,,,,all,https://www.city.matsuyama.ehime.jp/shisei/opendata/metadata/shokuhin.files/382019_food_business_all_2026031.csv,d1c623faaa6450b45a31873a3344cee7e569f4a5478d7a293029327e832c61fe
松山市,2026-03-31,第00000156号,,,,飲食店営業,とにまる,松山市居相４丁目１７－３０,382019,,,,,all,https://www.city.matsuyama.ehime.jp/shisei/opendata/metadata/shokuhin.files/382019_food_business_all_2026031.csv,d1c623faaa6450b45a31873a3344cee7e569f4a5478d7a293029327e832c61fe
松山市,2026-03-31,第00000163号,,,,飲食店営業,（株）谷本蒲鉾店　道後店,松山市道後湯之町２０,382019,,,,,all,https://www.city.matsuyama.ehime.jp/shisei/opendata/metadata/shokuhin.files/382019_food_business_all_2026031.csv,d1c623faaa6450b45a31873a3344cee7e569f4a5478d7a293029327e832c61fe
松山市,2026-03-31,第00000164号,,,,飲食店営業,ＢＡＲ　ｂａｒ　ｂａｒ,松山市二番町１丁目５－１８アヴェニール神戸館３階南,382019,,,,,all,https://www.city.matsuyama.ehime.jp/shisei/opendata/metadata/shokuhin.files/382019_food_business_all_2026031.csv,d1c623faaa6450b45a31873a3344cee7e569f4a5478d7a293029327e832c61fe
松山市,2026-03-31,第00000168号,,,,飲食店営業,Ｐｈａｌａｅｎｏｐｓｉｓ,松山市二番町１丁目９－１４ラフォーレ２０２　１階,382019,,,,,all,https://www.city.matsuyama.ehime.jp/shisei/opendata/metadata/shokuhin.files/382019_food_business_all_2026031.csv,d1c623faaa6450b45a31873a3344cee7e569f4a5478d7a293029327e832c61fe
松山市,2026-03-31,第00000173号,,,,飲食店営業,ビジネスラウンジ,松山市南吉田町２７３１松山空港ターミナルビル２階,382019,,,,,all,https://www.city.matsuyama.ehime.jp/shisei/opendata/metadata/shokuhin.files/382019_food_business_all_2026031.csv,d1c623faaa6450b45a31873a3344cee7e569f4a5478d7a293029327e832c61fe
松山市,2026-03-31,第00000185号,,,,飲食店営業,ｍａｎａ,松山市三番町１丁目９－９永田ビル４Ｆ,382019,,,,,all,https://www.city.matsuyama.ehime.jp/shisei/opendata/metadata/shokuhin.files/382019_food_business_all_2026031.csv,d1c623faaa6450b45a31873a3344cee7e569f4a5478d7a293029327e832c61fe
松山市,2026-03-31,第00002112号,,,,飲食店営業,三葉屋,松山市湊町３丁目５－２４３Ｆ,382019,,,,,all,https://www.city.matsuyama.ehime.jp/shisei/opendata/metadata/shokuhin.files/382019_food_business_all_2026031.csv,d1c623faaa6450b45a31873a3344cee7e569f4a5478d7a293029327e832c61fe
松山市,2026-03-31,第00002418号,,,,飲食店営業,シャルム,松山市和泉南３丁目４－４０アーバンコート花椿１Ｆ,382019,,,,,all,https://www.city.matsuyama.ehime.jp/shisei/opendata/metadata/shokuhin.files/382019_food_business_all_2026031.csv,d1c623faaa6450b45a31873a3344cee7e569f4a5478d7a293029327e832c61fe
松山市,2026-03-31,第00002311号,,,,飲食店営業,よろいや,松山市中島大浦２０２９－３,382019,,,,,all,https://www.city.matsuyama.ehime.jp/shisei/opendata/metadata/shokuhin.files/382019_food_business_all_2026031.csv,d1c623faaa6450b45a31873a3344cee7e569f4a5478d7a293029327e832c61fe
松山市,2026-03-31,第00002100号,,,,飲食店営業,ホテルアビス松山,松山市一番町４丁目１－８,382019,,,,,all,https://www.city.matsuyama.ehime.jp/shisei/opendata/metadata/shokuhin.files/382019_food_business_all_2026031.csv,d1c623faaa6450b45a31873a3344cee7e569f4a5478d7a293029327e832c61fe
松山市,2026-03-31,第00002180号,,,,飲食店営業,大和屋本店　２階第２厨房,松山市道後湯之町２０－８,382019,,,,,all,https://www.city.matsuyama.ehime.jp/shisei/opendata/metadata/shokuhin.files/382019_food_business_all_2026031.csv,d1c623faaa6450b45a31873a3344cee7e569f4a5478d7a293029327e832c61fe
松山市,2026-03-31,第00002181号,,,,飲食店営業,大和屋本店　４階第３厨房,松山市道後湯之町２０－８,382019,,,,,all,https://www.city.matsuyama.ehime.jp/shisei/opendata/metadata/shokuhin.files/382019_food_business_all_2026031.csv,d1c623faaa6450b45a31873a3344cee7e569f4a5478d7a293029327e832c61fe
松山市,2026-03-31,第00002038号,,,,飲食店営業,ふじや,松山市道後湯之町７－２３,382019,,,,,all,https://www.city.matsuyama.ehime.jp/shisei/opendata/metadata/shokuhin.files/382019_food_business_all_2026031.csv,d1c623faaa6450b45a31873a3344cee7e569f4a5478d7a293029327e832c61fe
松山市,2026-03-31,第00001861号,,,,飲食店営業,寿浬庵　アパホテル店,松山市本町２丁目５－５アパホテル内１Ｆ,382019,,,,,all,https://www.city.matsuyama.ehime.jp/shisei/opendata/metadata/shokuhin.files/382019_food_business_all_2026031.csv,d1c623faaa6450b45a31873a3344cee7e569f4a5478d7a293029327e832c61fe
松山市,2026-03-31,第00001929号,,,,飲食店営業,旅館　浦田荘,松山市北吉田町１６６－１,382019,,,,,all,https://www.city.matsuyama.ehime.jp/shisei/opendata/metadata/shokuhin.files/382019_food_business_all_2026031.csv,d1c623faaa6450b45a31873a3344cee7e569f4a5478d7a293029327e832c61fe
松山市,2026-03-31,第00002240号,,,,飲食店営業,浜さき,松山市小浜４－１,382019,,,,,all,https://www.city.matsuyama.ehime.jp/shisei/opendata/metadata/shokuhin.files/382019_food_business_all_2026031.csv,d1c623faaa6450b45a31873a3344cee7e569f4a5478d7a293029327e832c61fe
松山市,2026-03-31,第00002102号,,,,喫茶店営業,２Ｆ　社員食堂,松山市宮西１丁目２－１フジグラン松山,382019,,,,,all,https://www.city.matsuyama.ehime.jp/shisei/opendata/metadata/shokuhin.files/382019_food_business_all_2026031.csv,d1c623faaa6450b45a31873a3344cee7e569f4a5478d7a293029327e832c61fe
松山市,2026-03-31,第00002103号,,,,喫茶店営業,ＮＴＴ松山研修センター　事務室,松山市南江戸町１２８３－１本館１Ｆ,382019,,,,,all,https://www.city.matsuyama.ehime.jp/shisei/opendata/metadata/shokuhin.files/382019_food_business_all_2026031.csv,d1c623faaa6450b45a31873a3344cee7e569f4a5478d7a293029327e832c61fe
松山市,2026-03-31,第00002104号,,,,喫茶店営業,セブンスター　別府店　従食,松山市別府町５２７（従業員食堂）,382019,,,,,all,https://www.city.matsuyama.ehime.jp/shisei/opendata/metadata/shokuhin.files/382019_food_business_all_2026031.csv,d1c623faaa6450b45a31873a3344cee7e569f4a5478d7a293029327e832c61fe
松山市,2026-03-31,第00002105号,,,,喫茶店営業,セブンスター　別府店　１Ｆ店内,松山市別府町５２７喫茶コーナー,382019,,,,,all,https://www.city.matsuyama.ehime.jp/shisei/opendata/metadata/shokuhin.files/382019_food_business_all_2026031.csv,d1c623faaa6450b45a31873a3344cee7e569f4a5478d7a293029327e832c61fe
松山市,2026-03-31,第00002106号,,,,喫茶店営業,愛媛大学生活協同組合,松山市文京町３生協売店入口,382019,,,,,all,https://www.city.matsuyama.ehime.jp/shisei/opendata/metadata/shokuhin.files/382019_food_business_all_2026031.csv,d1c623faaa6450b45a31873a3344cee7e569f4a5478d7a293029327e832c61fe
松山市,2026-03-31,第00002107号,,,,喫茶店営業,スーパーＡＢＣ（店内）,松山市北土居町３７５－１,382019,,,,,all,https://www.city.matsuyama.ehime.jp/shisei/opendata/metadata/shokuhin.files/382019_food_business_all_2026031.csv,d1c623faaa6450b45a31873a3344cee7e569f4a5478d7a293029327e832c61fe
松山市,2026-03-31,第00002108号,,,,喫茶店営業,スーパーＡＢＣ（休憩室）,松山市北土居町３７５－１,382019,,,,,all,https://www.city.matsuyama.ehime.jp/shisei/opendata/metadata/shokuhin.files/382019_food_business_all_2026031.csv,d1c623faaa6450b45a31873a3344cee7e569f4a5478d7a293029327e832c61fe
松山市,2026-03-31,第00002109号,,,,喫茶店営業,愛媛銀行　事務センター,松山市千舟町５丁目６－１,382019,,,,,all,https://www.city.matsuyama.ehime.jp/shisei/opendata/metadata/shokuhin.files/382019_food_business_all_2026031.csv,d1c623faaa6450b45a31873a3344cee7e569f4a5478d7a293029327e832c61fe
松山市,2026-03-31,第00002110号,,,,喫茶店営業,イオン松山店　従業員食堂,松山市天山１丁目１３－５,382019,,,,,all,https://www.city.matsuyama.ehime.jp/shisei/opendata/metadata/shokuhin.files/382019_food_business_all_2026031.csv,d1c623faaa6450b45a31873a3344cee7e569f4a5478d7a293029327e832c61fe
松山市,2026-03-31,第00002119号,,,,喫茶店営業,ネッツトヨタＪ・Ｓｐｏｔ空港通店①,松山市空港通２丁目６－３３,382019,,,,,all,https://www.city.matsuyama.ehime.jp/shisei/opendata/metadata/shokuhin.files/382019_food_business_all_2026031.csv,d1c623faaa6450b45a31873a3344cee7e569f4a5478d7a293029327e832c61fe
松山市,2026-03-31,第00002120号,,,,喫茶店営業,ネッツトヨタＪ・Ｓｐｏｔ空港通店②,松山市空港通２丁目６－３３,382019,,,,,all,https://www.city.matsuyama.ehime.jp/shisei/opendata/metadata/shokuhin.files/382019_food_business_all_2026031.csv,d1c623faaa6450b45a31873a3344cee7e569f4a5478d7a293029327e832c61fe
松山市,2026-03-31,第00002330号,,,,喫茶店営業,Ａコープハトマート山越,松山市山越２丁目６６４－１,382019,,,,,all,https://www.city.matsuyama.ehime.jp/shisei/opendata/metadata/shokuhin.files/382019_food_business_all_2026031.csv,d1c623faaa6450b45a31873a3344cee7e569f4a5478d7a293029327e832c61fe
松山市,2026-03-31,第00002022号,,,,喫茶店営業,Ａコープハトマート北条,松山市北条辻４４５－３,382019,,,,,all,https://www.city.matsuyama.ehime.jp/shisei/opendata/metadata/shokuhin.files/382019_food_business_all_2026031.csv,d1c623faaa6450b45a31873a3344cee7e569f4a5478d7a293029327e832c61fe
松山市,2026-03-31,第00002128号,,,,喫茶店営業,株式会社エヌ・ピー・シー,松山市西垣生町２８８９Ｃ棟２Ｆ食堂内,382019,,,,,all,https://www.city.matsuyama.ehime.jp/shisei/opendata/metadata/shokuhin.files/382019_food_business_all_2026031.csv,d1c623faaa6450b45a31873a3344cee7e569f4a5478d7a293029327e832c61fe
松山市,2026-03-31,第00002288号,,,,喫茶店営業,マルナカ美沢店,松山市美沢２丁目５－２６,382019,,,,,all,https://www.city.matsuyama.ehime.jp/shisei/opendata/metadata/shokuhin.files/382019_food_business_all_2026031.csv,d1c623faaa6450b45a31873a3344cee7e569f4a5478d7a293029327e832c61fe
松山市,2026-03-31,第00002068号,,,,喫茶店営業,バーニングブラッド１,松山市空港通２丁目１１－１,382019,,,,,all,https://www.city.matsuyama.ehime.jp/shisei/opendata/metadata/shokuhin.files/382019_food_business_all_2026031.csv,d1c623faaa6450b45a31873a3344cee7e569f4a5478d7a293029327e832c61fe
松山市,2026-03-31,第00002134号,,,,喫茶店営業,オートエボリューション　車検工場,松山市久米窪田町６９９－１,382019,,,,,all,https://www.city.matsuyama.ehime.jp/shisei/opendata/metadata/shokuhin.files/382019_food_business_all_2026031.csv,d1c623faaa6450b45a31873a3344cee7e569f4a5478d7a293029327e832c61fe
松山市,2026-03-31,第00002070号,,,,喫茶店営業,天山トロン温泉,松山市福音寺町７５０,382019,,,,,all,https://www.city.matsuyama.ehime.jp/shisei/opendata/metadata/shokuhin.files/382019_food_business_all_2026031.csv,d1c623faaa6450b45a31873a3344cee7e569f4a5478d7a293029327e832c61fe
松山市,2026-03-31,第00002091号,,,,喫茶店営業,くすりのレデイ　古川店,松山市古川北１丁目２５－１４,382019,,,,,all,https://www.city.matsuyama.ehime.jp/shisei/opendata/metadata/shokuhin.files/382019_food_business_all_2026031.csv,d1c623faaa6450b45a31873a3344cee7e569f4a5478d7a293029327e832c61fe
松山市,2026-03-31,第00002065号,,,,喫茶店営業,いすゞ自動車中国四国(株),松山市土居町５７５,382019,,,,,all,https://www.city.matsuyama.ehime.jp/shisei/opendata/metadata/shokuhin.files/382019_food_business_all_2026031.csv,d1c623faaa6450b45a31873a3344cee7e569f4a5478d7a293029327e832c61fe
松山市,2026-03-31,第00002071号,,,,喫茶店営業,松山中央ボウル,松山市中央１丁目３－２０２Ｆ,382019,,,,,all,https://www.city.matsuyama.ehime.jp/shisei/opendata/metadata/shokuhin.files/382019_food_business_all_2026031.csv,d1c623faaa6450b45a31873a3344cee7e569f4a5478d7a293029327e832c61fe
松山市,2026-03-31,第00002136号,,,,喫茶店営業,松山第一交通株式会社,松山市土居田町８４８－８,382019,,,,,all,https://www.city.matsuyama.ehime.jp/shisei/opendata/metadata/shokuhin.files/382019_food_business_all_2026031.csv,d1c623faaa6450b45a31873a3344cee7e569f4a5478d7a293029327e832c61fe
松山市,2026-03-31,第00001888号,,,,喫茶店営業,フジ夏目店（水自動販売機）,松山市夏目甲７９,382019,,,,,all,https://www.city.matsuyama.ehime.jp/shisei/opendata/metadata/shokuhin.files/382019_food_business_all_2026031.csv,d1c623faaa6450b45a31873a3344cee7e569f4a5478d7a293029327e832c61fe
松山市,2026-03-31,第00001934号,,,,喫茶店営業,ＪＡ厚生連健診センターＣＶＭ２,松山市鷹子町５３３－１,382019,,,,,all,https://www.city.matsuyama.ehime.jp/shisei/opendata/metadata/shokuhin.files/382019_food_business_all_2026031.csv,d1c623faaa6450b45a31873a3344cee7e569f4a5478d7a293029327e832c61fe
松山市,2026-03-31,第00002019号,,,,喫茶店営業,秀光ビルド　松山支店,松山市小坂４丁目９－８,382019,,,,,all,https://www.city.matsuyama.ehime.jp/shisei/opendata/metadata/shokuhin.files/382019_food_business_all_2026031.csv,d1c623faaa6450b45a31873a3344cee7e569f4a5478d7a293029327e832c61fe
松山市,2026-03-31,第00000094号,,,,喫茶店営業,くすりのレデイ　宮西店,松山市味酒町２丁目１４－２１,382019,,,,,all,https://www.city.matsuyama.ehime.jp/shisei/opendata/metadata/shokuhin.files/382019_food_business_all_2026031.csv,d1c623faaa6450b45a31873a3344cee7e569f4a5478d7a293029327e832c61fe
松山市,2026-03-31,第00000091号,,,,喫茶店営業,フィットネスクラブレフコ松山店,松山市衣山１丁目２１６２Ｆ,382019,,,,,all,https://www.city.matsuyama.ehime.jp/shisei/opendata/metadata/shokuhin.files/382019_food_business_all_2026031.csv,d1c623faaa6450b45a31873a3344cee7e569f4a5478d7a293029327e832c61fe
松山市,2026-03-31,第00000171号,,,,喫茶店営業,（株）松山生協　椿店,松山市古川南１丁目１４－３０,382019,,,,,all,https://www.city.matsuyama.ehime.jp/shisei/opendata/metadata/shokuhin.files/382019_food_business_all_2026031.csv,d1c623faaa6450b45a31873a3344cee7e569f4a5478d7a293029327e832c61fe
松山市,2026-03-31,第00000172号,,,,喫茶店営業,（株）松山生協　三津店,松山市古三津２丁目１８－２７,382019,,,,,all,https://www.city.matsuyama.ehime.jp/shisei/opendata/metadata/shokuhin.files/382019_food_business_all_2026031.csv,d1c623faaa6450b45a31873a3344cee7e569f4a5478d7a293029327e832c61fe
松山市,2026-03-31,第00002336号,,,,喫茶店営業,瓶泥舎びいどろ・ぎやまん・ガラス美術館,松山市道後緑台７－２１,382019,,,,,all,https://www.city.matsuyama.ehime.jp/shisei/opendata/metadata/shokuhin.files/382019_food_business_all_2026031.csv,d1c623faaa6450b45a31873a3344cee7e569f4a5478d7a293029327e832c61fe
松山市,2026-03-31,第00002132号,,,,喫茶店営業,Ｍ３ゴルフセンター,松山市中西外８８６,382019,,,,,all,https://www.city.matsuyama.ehime.jp/shisei/opendata/metadata/shokuhin.files/382019_food_business_all_2026031.csv,d1c623faaa6450b45a31873a3344cee7e569f4a5478d7a293029327e832c61fe
松山市,2026-03-31,第00002226号,,,,喫茶店営業,マルヨシセンター余戸店（フレッシュジュース）,松山市余戸東１丁目１０－４０,382019,,,,,all,https://www.city.matsuyama.ehime.jp/shisei/opendata/metadata/shokuhin.files/382019_food_business_all_2026031.csv,d1c623faaa6450b45a31873a3344cee7e569f4a5478d7a293029327e832c61fe
松山市,2026-03-31,第00002218号,,,,喫茶店営業,マルヨシセンター余戸店（コーヒー）,松山市余戸東１丁目１０－４０,382019,,,,,all,https://www.city.matsuyama.ehime.jp/shisei/opendata/metadata/shokuhin.files/382019_food_business_all_2026031.csv,d1c623faaa6450b45a31873a3344cee7e569f4a5478d7a293029327e832c61fe
松山市,2026-03-31,第00002386号,,,,喫茶店営業,生活協同組合コープえひめ　コープ久米,松山市鷹子町７０,382019,,,,,all,https://www.city.matsuyama.ehime.jp/shisei/opendata/metadata/shokuhin.files/382019_food_business_all_2026031.csv,d1c623faaa6450b45a31873a3344cee7e569f4a5478d7a293029327e832c61fe
松山市,2026-03-31,第00001971号,,,,菓子製造業,昭栄食品,松山市南梅本町８０８－１,382019,,,,,all,https://www.city.matsuyama.ehime.jp/shisei/opendata/metadata/shokuhin.files/382019_food_business_all_2026031.csv,d1c623faaa6450b45a31873a3344cee7e569f4a5478d7a293029327e832c61fe
松山市,2026-03-31,第00002245号,,,,菓子製造業,空飛ぶたこ焼　かっちゃん祝谷店,松山市祝谷５丁目７１４－１,382019,,,,,all,https://www.city.matsuyama.ehime.jp/shisei/opendata/metadata/shokuhin.files/382019_food_business_all_2026031.csv,d1c623faaa6450b45a31873a3344cee7e569f4a5478d7a293029327e832c61fe
松山市,2026-03-31,第00002094号,,,,菓子製造業,どらもみじ　グリーン,松山市泊町９０７,382019,,,,,all,https://www.city.matsuyama.ehime.jp/shisei/opendata/metadata/shokuhin.files/382019_food_business_all_2026031.csv,d1c623faaa6450b45a31873a3344cee7e569f4a5478d7a293029327e832c61fe
松山市,2026-03-31,第00001837号,,,,菓子製造業,たこ焼酒場　俺蛸,松山市末広町１８－９,382019,,,,,all,https://www.city.matsuyama.ehime.jp/shisei/opendata/metadata/shokuhin.files/382019_food_business_all_2026031.csv,d1c623faaa6450b45a31873a3344cee7e569f4a5478d7a293029327e832c61fe
松山市,2026-03-31,第00002266号,,,,菓子製造業,（株）久万山マルシェ　大街道店,松山市大街道１丁目４－６－２高木ビル１Ｆ,382019,,,,,all,https://www.city.matsuyama.ehime.jp/shisei/opendata/metadata/shokuhin.files/382019_food_business_all_2026031.csv,d1c623faaa6450b45a31873a3344cee7e569f4a5478d7a293029327e832c61fe
松山市,2026-03-31,第00000155号,,,,菓子製造業,とにまる,松山市居相４丁目１７－３０,382019,,,,,all,https://www.city.matsuyama.ehime.jp/shisei/opendata/metadata/shokuhin.files/382019_food_business_all_2026031.csv,d1c623faaa6450b45a31873a3344cee7e569f4a5478d7a293029327e832c61fe
松山市,2026-03-31,第00002033号,,,,菓子製造業,稲田製菓舗,松山市祇園町３－３２,382019,,,,,all,https://www.city.matsuyama.ehime.jp/shisei/opendata/metadata/shokuhin.files/382019_food_business_all_2026031.csv,d1c623faaa6450b45a31873a3344cee7e569f4a5478d7a293029327e832c61fe
松山市,2026-03-31,第00002115号,,,,菓子製造業,三葉屋,松山市湊町３丁目５－２４,382019,,,,,all,https://www.city.matsuyama.ehime.jp/shisei/opendata/metadata/shokuhin.files/382019_food_business_all_2026031.csv,d1c623faaa6450b45a31873a3344cee7e569f4a5478d7a293029327e832c61fe
松山市,2026-03-31,第00002413号,,,,菓子製造業,シャルム,松山市和泉南３丁目４－４０アーバンコート花椿１Ｆ,382019,,,,,all,https://www.city.matsuyama.ehime.jp/shisei/opendata/metadata/shokuhin.files/382019_food_business_all_2026031.csv,d1c623faaa6450b45a31873a3344cee7e569f4a5478d7a293029327e832c61fe
松山市,2026-03-31,第00002277号,,,,菓子製造業,ＫＥＮＴ　ＢＡＫＥＲＹ,松山市西長戸町９５０ー１田所テナントビル,382019,,,,,all,https://www.city.matsuyama.ehime.jp/shisei/opendata/metadata/shokuhin.files/382019_food_business_all_2026031.csv,d1c623faaa6450b45a31873a3344cee7e569f4a5478d7a293029327e832c61fe
松山市,2026-03-31,第00002281号,,,,菓子製造業,フジ松末店（パネッテ）,松山市松末１丁目４－５フジ松末店内,382019,,,,,all,https://www.city.matsuyama.ehime.jp/shisei/opendata/metadata/shokuhin.files/382019_food_business_all_2026031.csv,d1c623faaa6450b45a31873a3344cee7e569f4a5478d7a293029327e832c61fe
松山市,2026-03-31,第00002255号,,,,菓子製造業,松山市農家生活研究グループ,松山市津吉町５４５,382019,,,,,all,https://www.city.matsuyama.ehime.jp/shisei/opendata/metadata/shokuhin.files/382019_food_business_all_2026031.csv,d1c623faaa6450b45a31873a3344cee7e569f4a5478d7a293029327e832c61fe
松山市,2026-03-31,第00002043号,,,,菓子製造業,愛媛学園事業部　ＣＡＦＥ　にこら,松山市勝山町１丁目５－２,382019,,,,,all,https://www.city.matsuyama.ehime.jp/shisei/opendata/metadata/shokuhin.files/382019_food_business_all_2026031.csv,d1c623faaa6450b45a31873a3344cee7e569f4a5478d7a293029327e832c61fe
松山市,2026-03-31,第00002283号,,,,菓子製造業,一庵,松山市湊町５丁目１－１株式会社伊予鉄髙島屋Ｂ１Ｆ,382019,,,,,all,https://www.city.matsuyama.ehime.jp/shisei/opendata/metadata/shokuhin.files/382019_food_business_all_2026031.csv,d1c623faaa6450b45a31873a3344cee7e569f4a5478d7a293029327e832c61fe
松山市,2026-03-31,第00002282号,,,,菓子製造業,中央催事Ｃ,松山市湊町５丁目１－１株式会社伊予鉄髙島屋Ｂ１Ｆ,382019,,,,,all,https://www.city.matsuyama.ehime.jp/shisei/opendata/metadata/shokuhin.files/382019_food_business_all_2026031.csv,d1c623faaa6450b45a31873a3344cee7e569f4a5478d7a293029327e832c61fe
松山市,2026-03-31,第00002414号,,,,菓子製造業,ラッキー食品,松山市南高井町２３１,382019,,,,,all,https://www.city.matsuyama.ehime.jp/shisei/opendata/metadata/shokuhin.files/382019_food_business_all_2026031.csv,d1c623faaa6450b45a31873a3344cee7e569f4a5478d7a293029327e832c61fe
松山市,2026-03-31,第00002078号,,,,菓子製造業,株式会社　上野昆布,松山市山西町８９９,382019,,,,,all,https://www.city.matsuyama.ehime.jp/shisei/opendata/metadata/shokuhin.files/382019_food_business_all_2026031.csv,d1c623faaa6450b45a31873a3344cee7e569f4a5478d7a293029327e832c61fe
松山市,2026-03-31,第00002129号,,,,菓子製造業,一休館,松山市祓川１丁目１－１４,382019,,,,,all,https://www.city.matsuyama.ehime.jp/shisei/opendata/metadata/shokuhin.files/382019_food_business_all_2026031.csv,d1c623faaa6450b45a31873a3344cee7e569f4a5478d7a293029327e832c61fe
松山市,2026-03-31,第00002308号,,,,菓子製造業,福祉工房　いだい清風園,松山市下伊台町１０４８－２,382019,,,,,all,https://www.city.matsuyama.ehime.jp/shisei/opendata/metadata/shokuhin.files/382019_food_business_all_2026031.csv,d1c623faaa6450b45a31873a3344cee7e569f4a5478d7a293029327e832c61fe
松山市,2026-03-31,第00001979号,,,,菓子製造業,Ｓｌｏｗ　Ａｇｉｎｇ　ＣａｆｅＹｕｋｉｃｈｉ,松山市中須賀３丁目４－９田中ビル１Ｆ,382019,,,,,all,https://www.city.matsuyama.ehime.jp/shisei/opendata/metadata/shokuhin.files/382019_food_business_all_2026031.csv,d1c623faaa6450b45a31873a3344cee7e569f4a5478d7a293029327e832c61fe
松山市,2026-03-31,第00001956号,,,,菓子製造業,佐々木食品株式会社,松山市西垣生町３８６－２,382019,,,,,all,https://www.city.matsuyama.ehime.jp/shisei/opendata/metadata/shokuhin.files/382019_food_business_all_2026031.csv,d1c623faaa6450b45a31873a3344cee7e569f4a5478d7a293029327e832c61fe
松山市,2026-03-31,第00002222号,,,,菓子製造業,マルヨシセンター余戸店,松山市余戸東１丁目１０－４０,382019,,,,,all,https://www.city.matsuyama.ehime.jp/shisei/opendata/metadata/shokuhin.files/382019_food_business_all_2026031.csv,d1c623faaa6450b45a31873a3344cee7e569f4a5478d7a293029327e832c61fe
松山市,2026-03-31,第00002434号,,,,菓子製造業,ひぎりやき　大街道店,松山市大街道２丁目５－１丸栄ビル１Ｆ,382019,,,,,all,https://www.city.matsuyama.ehime.jp/shisei/opendata/metadata/shokuhin.files/382019_food_business_all_2026031.csv,d1c623faaa6450b45a31873a3344cee7e569f4a5478d7a293029327e832c61fe
松山市,2026-03-31,第00002273号,,,,菓子製造業,四国明治株式会社　松山工場　４号棟,松山市中須賀３丁目３０３３－１１９,382019,,,,,all,https://www.city.matsuyama.ehime.jp/shisei/opendata/metadata/shokuhin.files/382019_food_business_all_2026031.csv,d1c623faaa6450b45a31873a3344cee7e569f4a5478d7a293029327e832c61fe
松山市,2026-03-31,第00002209号,,,,菓子製造業,洋菓子工房ＰＥＡＣＥ,松山市下難波１４２７－６２,382019,,,,,all,https://www.city.matsuyama.ehime.jp/shisei/opendata/metadata/shokuhin.files/382019_food_business_all_2026031.csv,d1c623faaa6450b45a31873a3344cee7e569f4a5478d7a293029327e832c61fe
松山市,2026-03-31,第00002306号,,,,菓子製造業,コープえひめ久米店,松山市鷹子町７０,382019,,,,,all,https://www.city.matsuyama.ehime.jp/shisei/opendata/metadata/shokuhin.files/382019_food_business_all_2026031.csv,d1c623faaa6450b45a31873a3344cee7e569f4a5478d7a293029327e832c61fe
松山市,2026-03-31,第00001790号,,,,菓子製造業,イコイ,松山市辰巳町１ー６－２,382019,,,,,all,https://www.city.matsuyama.ehime.jp/shisei/opendata/metadata/shokuhin.files/382019_food_business_all_2026031.csv,d1c623faaa6450b45a31873a3344cee7e569f4a5478d7a293029327e832c61fe
松山市,2026-03-31,第00001846号,,,,菓子製造業,リー・ベーリーズ,松山市下難波甲１４２７－１０,382019,,,,,all,https://www.city.matsuyama.ehime.jp/shisei/opendata/metadata/shokuhin.files/382019_food_business_all_2026031.csv,d1c623faaa6450b45a31873a3344cee7e569f4a5478d7a293029327e832c61fe
松山市,2026-03-31,第00001835号,,,,菓子製造業,どうごゆけむりかふぇ,松山市道後湯之町３－１６,382019,,,,,all,https://www.city.matsuyama.ehime.jp/shisei/opendata/metadata/shokuhin.files/382019_food_business_all_2026031.csv,d1c623faaa6450b45a31873a3344cee7e569f4a5478d7a293029327e832c61fe
松山市,2026-03-31,第00001855号,,,,菓子製造業,ｍａｍｉ,松山市余戸南３丁目７－３１,382019,,,,,all,https://www.city.matsuyama.ehime.jp/shisei/opendata/metadata/shokuhin.files/382019_food_business_all_2026031.csv,d1c623faaa6450b45a31873a3344cee7e569f4a5478d7a293029327e832c61fe
松山市,2026-03-31,第00001856号,,,,菓子製造業,ｒｅｊｅｔｏｎ,松山市平井町１３９５－４,382019,,,,,all,https://www.city.matsuyama.ehime.jp/shisei/opendata/metadata/shokuhin.files/382019_food_business_all_2026031.csv,d1c623faaa6450b45a31873a3344cee7e569f4a5478d7a293029327e832c61fe
松山市,2026-03-31,第00001872号,,,,菓子製造業,創作お菓子アトリエ　あん庵,松山市束本１丁目２－３２１Ｆ,382019,,,,,all,https://www.city.matsuyama.ehime.jp/shisei/opendata/metadata/shokuhin.files/382019_food_business_all_2026031.csv,d1c623faaa6450b45a31873a3344cee7e569f4a5478d7a293029327e832c61fe
松山市,2026-03-31,第00001880号,,,,菓子製造業,ＲーＫüｃｈｅ　Ｄｅｌｉｋａｔｅｓｓｅｎ,松山市和田３７３－１６１Ｆ,382019,,,,,all,https://www.city.matsuyama.ehime.jp/shisei/opendata/metadata/shokuhin.files/382019_food_business_all_2026031.csv,d1c623faaa6450b45a31873a3344cee7e569f4a5478d7a293029327e832c61fe
松山市,2026-03-31,第00001935号,,,,菓子製造業,ファミリーマート松山和気店,松山市太山寺町８３９－４,382019,,,,,all,https://www.city.matsuyama.ehime.jp/shisei/opendata/metadata/shokuhin.files/382019_food_business_all_2026031.csv,d1c623faaa6450b45a31873a3344cee7e569f4a5478d7a293029327e832c61fe
松山市,2026-03-31,第00002137号,,,,菓子製造業,お菓子工房　Ｃｏｎｃｅｒｔｏ,松山市御幸２丁目２－１４１Ｆ,382019,,,,,all,https://www.city.matsuyama.ehime.jp/shisei/opendata/metadata/shokuhin.files/382019_food_business_all_2026031.csv,d1c623faaa6450b45a31873a3344cee7e569f4a5478d7a293029327e832c61fe
松山市,2026-03-31,第00002212号,,,,菓子製造業,丸温松山中央青果株式会社,松山市久万ノ台３４８－１,382019,,,,,all,https://www.city.matsuyama.ehime.jp/shisei/opendata/metadata/shokuhin.files/382019_food_business_all_2026031.csv,d1c623faaa6450b45a31873a3344cee7e569f4a5478d7a293029327e832c61fe
松山市,2026-03-31,第00002285号,,,,菓子製造業,株式会社くらいち,松山市山越４丁目２－５メゾンミヤザキ山越１Ｆ（１０１）,382019,,,,,all,https://www.city.matsuyama.ehime.jp/shisei/opendata/metadata/shokuhin.files/382019_food_business_all_2026031.csv,d1c623faaa6450b45a31873a3344cee7e569f4a5478d7a293029327e832c61fe
松山市,2026-03-31,第00002346号,,,,菓子製造業,芋ぴっぴ。,松山市大街道３丁目５－６,382019,,,,,all,https://www.city.matsuyama.ehime.jp/shisei/opendata/metadata/shokuhin.files/382019_food_business_all_2026031.csv,d1c623faaa6450b45a31873a3344cee7e569f4a5478d7a293029327e832c61fe
松山市,2026-03-31,第00000014号,,,,菓子製造業,三日月とカフェ新空港通り店,松山市南江戸４丁目１２４９－２,382019,,,,,all,https://www.city.matsuyama.ehime.jp/shisei/opendata/metadata/shokuhin.files/382019_food_business_all_2026031.csv,d1c623faaa6450b45a31873a3344cee7e569f4a5478d7a293029327e832c61fe
松山市,2026-03-31,第00000071号,,,,菓子製造業,純生カステラ キミとホイップ 松山銀天街店,松山市湊町４丁目９ー２２オーシャンビル１Ｆ,382019,,,,,all,https://www.city.matsuyama.ehime.jp/shisei/opendata/metadata/shokuhin.files/382019_food_business_all_2026031.csv,d1c623faaa6450b45a31873a3344cee7e569f4a5478d7a293029327e832c61fe
松山市,2026-03-31,第00000081号,,,,菓子製造業,Ｓｔｅａｖｅｎ’s　ｂａｋｅ　ｓｈｏｐ,松山市萱町４丁目４－４村上古町ビル３０１,382019,,,,,all,https://www.city.matsuyama.ehime.jp/shisei/opendata/metadata/shokuhin.files/382019_food_business_all_2026031.csv,d1c623faaa6450b45a31873a3344cee7e569f4a5478d7a293029327e832c61fe
松山市,2026-03-31,第00000086号,,,,菓子製造業,Ｓｏｌａｍａｍｅ　ｃａｆｅ,松山市溝辺町２７４－１バイオレットマンション１Ｆ,382019,,,,,all,https://www.city.matsuyama.ehime.jp/shisei/opendata/metadata/shokuhin.files/382019_food_business_all_2026031.csv,d1c623faaa6450b45a31873a3344cee7e569f4a5478d7a293029327e832c61fe
松山市,2026-03-31,第00000140号,,,,菓子製造業,しまのぱんかふぇ　ｔｅｔｏｔｅ,松山市熊田甲６９６,382019,,,,,all,https://www.city.matsuyama.ehime.jp/shisei/opendata/metadata/shokuhin.files/382019_food_business_all_2026031.csv,d1c623faaa6450b45a31873a3344cee7e569f4a5478d7a293029327e832c61fe
松山市,2026-03-31,第00000180号,,,,菓子製造業,株式会社名所堂南吉田工場,松山市南吉田町１３－１,382019,,,,,all,https://www.city.matsuyama.ehime.jp/shisei/opendata/metadata/shokuhin.files/382019_food_business_all_2026031.csv,d1c623faaa6450b45a31873a3344cee7e569f4a5478d7a293029327e832c61fe
松山市,2026-03-31,第00000179号,,,,菓子製造業,ＨＡＰＰＹＳＡＬＯＮ　メルモ,松山市喜与町１丁目５－２パルフェ喜与町６０１,382019,,,,,all,https://www.city.matsuyama.ehime.jp/shisei/opendata/metadata/shokuhin.files/382019_food_business_all_2026031.csv,d1c623faaa6450b45a31873a3344cee7e569f4a5478d7a293029327e832c61fe
松山市,2026-03-31,第00002376号,,,,アイスクリーム類製造業,城山荘,松山市丸ノ内１,382019,,,,,all,https://www.city.matsuyama.ehime.jp/shisei/opendata/metadata/shokuhin.files/382019_food_business_all_2026031.csv,d1c623faaa6450b45a31873a3344cee7e569f4a5478d7a293029327e832c61fe
松山市,2026-03-31,第00001841号,,,,アイスクリーム類製造業,１０ＦＡＣＴＯＲＹ　道後店,松山市道後湯之町１２－３４１Ｆ,382019,,,,,all,https://www.city.matsuyama.ehime.jp/shisei/opendata/metadata/shokuhin.files/382019_food_business_all_2026031.csv,d1c623faaa6450b45a31873a3344cee7e569f4a5478d7a293029327e832c61fe
松山市,2026-03-31,第00001854号,,,,アイスクリーム類製造業,１０ＦＡＣＴＯＲＹ　松山本店,松山市大街道３丁目２－２５,382019,,,,,all,https://www.city.matsuyama.ehime.jp/shisei/opendata/metadata/shokuhin.files/382019_food_business_all_2026031.csv,d1c623faaa6450b45a31873a3344cee7e569f4a5478d7a293029327e832c61fe
松山市,2026-03-31,第00002261号,,,,アイスクリーム類製造業,（株）久万山マルシェ　大街道店,松山市大街道１丁目４－６－２高木ビル１Ｆ,382019,,,,,all,https://www.city.matsuyama.ehime.jp/shisei/opendata/metadata/shokuhin.files/382019_food_business_all_2026031.csv,d1c623faaa6450b45a31873a3344cee7e569f4a5478d7a293029327e832c61fe
松山市,2026-03-31,第00002429号,,,,アイスクリーム類製造業,ル・ルパ,松山市文京町４－２樋又キャンパス１階,382019,,,,,all,https://www.city.matsuyama.ehime.jp/shisei/opendata/metadata/shokuhin.files/382019_food_business_all_2026031.csv,d1c623faaa6450b45a31873a3344cee7e569f4a5478d7a293029327e832c61fe
松山市,2026-03-31,第00001917号,,,,アイスクリーム類製造業,道後もなか,松山市道後湯之町１４－２２,382019,,,,,all,https://www.city.matsuyama.ehime.jp/shisei/opendata/metadata/shokuhin.files/382019_food_business_all_2026031.csv,d1c623faaa6450b45a31873a3344cee7e569f4a5478d7a293029327e832c61fe
松山市,2026-03-31,第00002178号,,,,そうざい製造業,生活協同組合　コープえひめデリカセンター,松山市南土居町５１３－６,382019,,,,,all,https://www.city.matsuyama.ehime.jp/shisei/opendata/metadata/shokuhin.files/382019_food_business_all_2026031.csv,d1c623faaa6450b45a31873a3344cee7e569f4a5478d7a293029327e832c61fe
松山市,2026-03-31,第00001985号,,,,そうざい製造業,大黒屋　調理場,松山市木屋町３丁目１２－１５（１Ｆ）,382019,,,,,all,https://www.city.matsuyama.ehime.jp/shisei/opendata/metadata/shokuhin.files/382019_food_business_all_2026031.csv,d1c623faaa6450b45a31873a3344cee7e569f4a5478d7a293029327e832c61fe
松山市,2026-03-31,第00002074号,,,,そうざい製造業,登佐屋上町,松山市北条７９５,382019,,,,,all,https://www.city.matsuyama.ehime.jp/shisei/opendata/metadata/shokuhin.files/382019_food_business_all_2026031.csv,d1c623faaa6450b45a31873a3344cee7e569f4a5478d7a293029327e832c61fe
松山市,2026-03-31,第00001812号,,,,そうざい製造業,唐揚げ　とくもと,松山市三番町２丁目７－３チェックイン松山１Ｆ,382019,,,,,all,https://www.city.matsuyama.ehime.jp/shisei/opendata/metadata/shokuhin.files/382019_food_business_all_2026031.csv,d1c623faaa6450b45a31873a3344cee7e569f4a5478d7a293029327e832c61fe
松山市,2026-03-31,第00001833号,,,,そうざい製造業,中国料理　万寿,松山市二番町１丁目４－２４,382019,,,,,all,https://www.city.matsuyama.ehime.jp/shisei/opendata/metadata/shokuhin.files/382019_food_business_all_2026031.csv,d1c623faaa6450b45a31873a3344cee7e569f4a5478d7a293029327e832c61fe
松山市,2026-03-31,第00001920号,,,,そうざい製造業,９４Ｂ,松山市湊町３丁目１－１１野本ビル２Ｆ,382019,,,,,all,https://www.city.matsuyama.ehime.jp/shisei/opendata/metadata/shokuhin.files/382019_food_business_all_2026031.csv,d1c623faaa6450b45a31873a3344cee7e569f4a5478d7a293029327e832c61fe
松山市,2026-03-31,第00001928号,,,,そうざい製造業,松山畜産プロセスセンター,松山市安城寺町５７１－２３Ｆ,382019,,,,,all,https://www.city.matsuyama.ehime.jp/shisei/opendata/metadata/shokuhin.files/382019_food_business_all_2026031.csv,d1c623faaa6450b45a31873a3344cee7e569f4a5478d7a293029327e832c61fe
松山市,2026-03-31,第00001933号,,,,そうざい製造業,ＭＡＭＭＡ　ＭＥＡＴ,松山市住吉２丁目１－５１Ｆ,382019,,,,,all,https://www.city.matsuyama.ehime.jp/shisei/opendata/metadata/shokuhin.files/382019_food_business_all_2026031.csv,d1c623faaa6450b45a31873a3344cee7e569f4a5478d7a293029327e832c61fe
松山市,2026-03-31,第00002081号,,,,そうざい製造業,割烹鶏　一八,松山市二番町２丁目５－１４１Ｆ,382019,,,,,all,https://www.city.matsuyama.ehime.jp/shisei/opendata/metadata/shokuhin.files/382019_food_business_all_2026031.csv,d1c623faaa6450b45a31873a3344cee7e569f4a5478d7a293029327e832c61fe
松山市,2026-03-31,第00002140号,,,,そうざい製造業,勘介,松山市余戸南１丁目１２－１９,382019,,,,,all,https://www.city.matsuyama.ehime.jp/shisei/opendata/metadata/shokuhin.files/382019_food_business_all_2026031.csv,d1c623faaa6450b45a31873a3344cee7e569f4a5478d7a293029327e832c61fe
松山市,2026-03-31,第00002444号,,,,そうざい製造業,狩人の空デリバリー,松山市二番町３丁目８－２２橋本ビル４Ｆ,382019,,,,,all,https://www.city.matsuyama.ehime.jp/shisei/opendata/metadata/shokuhin.files/382019_food_business_all_2026031.csv,d1c623faaa6450b45a31873a3344cee7e569f4a5478d7a293029327e832c61fe
松山市,2026-03-31,第00000035号,,,,そうざい製造業,近藤ミールサービス第２セントラルキッチン,松山市竹原町６２８－１１階,382019,,,,,all,https://www.city.matsuyama.ehime.jp/shisei/opendata/metadata/shokuhin.files/382019_food_business_all_2026031.csv,d1c623faaa6450b45a31873a3344cee7e569f4a5478d7a293029327e832c61fe
松山市,2026-03-31,第00000059号,,,,そうざい製造業,L’ａｒｔ　ｄｅ　ｖｉｅ（ラドビ）,松山市堀江町１７６９－７,382019,,,,,all,https://www.city.matsuyama.ehime.jp/shisei/opendata/metadata/shokuhin.files/382019_food_business_all_2026031.csv,d1c623faaa6450b45a31873a3344cee7e569f4a5478d7a293029327e832c61fe
松山市,2026-03-31,第00000117号,,,,そうざい製造業,あたたみ,松山市千舟町７丁目３－３,382019,,,,,all,https://www.city.matsuyama.ehime.jp/shisei/opendata/metadata/shokuhin.files/382019_food_business_all_2026031.csv,d1c623faaa6450b45a31873a3344cee7e569f4a5478d7a293029327e832c61fe
松山市,2026-03-31,第00000178号,,,,そうざい製造業,＃そうる’ｄ　ＯＵＴ,松山市清水町２丁目１５－１０フレンドリー清水１Ｆ,382019,,,,,all,https://www.city.matsuyama.ehime.jp/shisei/opendata/metadata/shokuhin.files/382019_food_business_all_2026031.csv,d1c623faaa6450b45a31873a3344cee7e569f4a5478d7a293029327e832c61fe
松山市,2026-03-31,第00002225号,,,,みそ製造業,松野醸造有限会社,松山市宮西３丁目３－１６,382019,,,,,all,https://www.city.matsuyama.ehime.jp/shisei/opendata/metadata/shokuhin.files/382019_food_business_all_2026031.csv,d1c623faaa6450b45a31873a3344cee7e569f4a5478d7a293029327e832c61fe
松山市,2026-03-31,第00002394号,,,,めん類製造業,有限会社　中島屋食品,松山市福音寺町５５２ー３,382019,,,,,all,https://www.city.matsuyama.ehime.jp/shisei/opendata/metadata/shokuhin.files/382019_food_business_all_2026031.csv,d1c623faaa6450b45a31873a3344cee7e569f4a5478d7a293029327e832c61fe
松山市,2026-03-31,第00001989号,,,,めん類製造業,株式会社新栄食品,松山市南高井町９５２,382019,,,,,all,https://www.city.matsuyama.ehime.jp/shisei/opendata/metadata/shokuhin.files/382019_food_business_all_2026031.csv,d1c623faaa6450b45a31873a3344cee7e569f4a5478d7a293029327e832c61fe
松山市,2026-03-31,第00002437号,,,,魚介類販売業,㈲スーパータナカ,松山市恵原町甲818,382019,,,,,all,https://www.city.matsuyama.ehime.jp/shisei/opendata/metadata/shokuhin.files/382019_food_business_all_2026031.csv,d1c623faaa6450b45a31873a3344cee7e569f4a5478d7a293029327e832c61fe
松山市,2026-03-31,第00002251号,,,,魚介類販売業,（株）松山生協　三津店,松山市古三津２丁目１８－２７,382019,,,,,all,https://www.city.matsuyama.ehime.jp/shisei/opendata/metadata/shokuhin.files/382019_food_business_all_2026031.csv,d1c623faaa6450b45a31873a3344cee7e569f4a5478d7a293029327e832c61fe
松山市,2026-03-31,第00002291号,,,,魚介類販売業,マルナカ美沢店,松山市美沢２丁目５－２６,382019,,,,,all,https://www.city.matsuyama.ehime.jp/shisei/opendata/metadata/shokuhin.files/382019_food_business_all_2026031.csv,d1c623faaa6450b45a31873a3344cee7e569f4a5478d7a293029327e832c61fe
松山市,2026-03-31,第00002082号,,,,魚介類販売業,株式会社佐田岬の鬼,松山市南吉田町１４９７－１,382019,,,,,all,https://www.city.matsuyama.ehime.jp/shisei/opendata/metadata/shokuhin.files/382019_food_business_all_2026031.csv,d1c623faaa6450b45a31873a3344cee7e569f4a5478d7a293029327e832c61fe
松山市,2026-03-31,第00002408号,,,,魚介類販売業,有限会社嶋矢水産,松山市三津２丁目８－８,382019,,,,,all,https://www.city.matsuyama.ehime.jp/shisei/opendata/metadata/shokuhin.files/382019_food_business_all_2026031.csv,d1c623faaa6450b45a31873a3344cee7e569f4a5478d7a293029327e832c61fe
松山市,2026-03-31,第00002232号,,,,魚介類販売業,マルヨシセンター余戸店,松山市余戸東１丁目１０－４０,382019,,,,,all,https://www.city.matsuyama.ehime.jp/shisei/opendata/metadata/shokuhin.files/382019_food_business_all_2026031.csv,d1c623faaa6450b45a31873a3344cee7e569f4a5478d7a293029327e832c61fe
松山市,2026-03-31,第00002409号,,,,魚介類販売業,(株)山鮮,松山市天山３丁目２－２２,382019,,,,,all,https://www.city.matsuyama.ehime.jp/shisei/opendata/metadata/shokuhin.files/382019_food_business_all_2026031.csv,d1c623faaa6450b45a31873a3344cee7e569f4a5478d7a293029327e832c61fe
松山市,2026-03-31,第00002047号,,,,魚介類販売業,（株）カネセイ水産　松山工場,松山市南吉田町２４４４－１,382019,,,,,all,https://www.city.matsuyama.ehime.jp/shisei/opendata/metadata/shokuhin.files/382019_food_business_all_2026031.csv,d1c623faaa6450b45a31873a3344cee7e569f4a5478d7a293029327e832c61fe
松山市,2026-03-31,第00002315号,,,,魚介類販売業,生活協同組合コープえひめ　コープ久米,松山市鷹子町７０,382019,,,,,all,https://www.city.matsuyama.ehime.jp/shisei/opendata/metadata/shokuhin.files/382019_food_business_all_2026031.csv,d1c623faaa6450b45a31873a3344cee7e569f4a5478d7a293029327e832c61fe
松山市,2026-03-31,第00000167号,,,,魚介類販売業,アジアＢＣ,松山市久万ノ台３４８－１中央市場関連店舗１－Ｂ－１,382019,,,,,all,https://www.city.matsuyama.ehime.jp/shisei/opendata/metadata/shokuhin.files/382019_food_business_all_2026031.csv,d1c623faaa6450b45a31873a3344cee7e569f4a5478d7a293029327e832c61fe
松山市,2026-03-31,第00002327号,,,,食肉処理業,(株)さんきょう,松山市清住２丁目１０４０－３,382019,,,,,all,https://www.city.matsuyama.ehime.jp/shisei/opendata/metadata/shokuhin.files/382019_food_business_all_2026031.csv,d1c623faaa6450b45a31873a3344cee7e569f4a5478d7a293029327e832c61fe
松山市,2026-03-31,第00001994号,,,,食肉処理業,クリタ商会,松山市北条辻１０００－１２，１００２－９,382019,,,,,all,https://www.city.matsuyama.ehime.jp/shisei/opendata/metadata/shokuhin.files/382019_food_business_all_2026031.csv,d1c623faaa6450b45a31873a3344cee7e569f4a5478d7a293029327e832c61fe
松山市,2026-03-31,第00002344号,,,,食肉処理業,狩人の空デリバリー,松山市二番町３丁目８－２２橋本ビル３Ｆ,382019,,,,,all,https://www.city.matsuyama.ehime.jp/shisei/opendata/metadata/shokuhin.files/382019_food_business_all_2026031.csv,d1c623faaa6450b45a31873a3344cee7e569f4a5478d7a293029327e832c61fe
松山市,2026-03-31,第00002326号,,,,食肉販売業,（株）清水精肉店,松山市恵原町甲２９９,382019,,,,,all,https://www.city.matsuyama.ehime.jp/shisei/opendata/metadata/shokuhin.files/382019_food_business_all_2026031.csv,d1c623faaa6450b45a31873a3344cee7e569f4a5478d7a293029327e832c61fe
松山市,2026-03-31,第00002161号,,,,食肉販売業,城南ビーフＭ．Ｋ,松山市南斎院町９４３,382019,,,,,all,https://www.city.matsuyama.ehime.jp/shisei/opendata/metadata/shokuhin.files/382019_food_business_all_2026031.csv,d1c623faaa6450b45a31873a3344cee7e569f4a5478d7a293029327e832c61fe
松山市,2026-03-31,第00001961号,,,,食肉販売業,有限会社木村屋精肉店,松山市湊町６丁目６－１１Ｆ,382019,,,,,all,https://www.city.matsuyama.ehime.jp/shisei/opendata/metadata/shokuhin.files/382019_food_business_all_2026031.csv,d1c623faaa6450b45a31873a3344cee7e569f4a5478d7a293029327e832c61fe
松山市,2026-03-31,第00002253号,,,,食肉販売業,（株）松山生協　三津店,松山市古三津２丁目１８－２７,382019,,,,,all,https://www.city.matsuyama.ehime.jp/shisei/opendata/metadata/shokuhin.files/382019_food_business_all_2026031.csv,d1c623faaa6450b45a31873a3344cee7e569f4a5478d7a293029327e832c61fe
松山市,2026-03-31,第00002248号,,,,食肉販売業,ニッシン・グルメビーフ株式会社松山第一工場,松山市勝岡町１１６３－１３,382019,,,,,all,https://www.city.matsuyama.ehime.jp/shisei/opendata/metadata/shokuhin.files/382019_food_business_all_2026031.csv,d1c623faaa6450b45a31873a3344cee7e569f4a5478d7a293029327e832c61fe
松山市,2026-03-31,第00002023号,,,,食肉販売業,Ａコープハトマート北条,松山市北条辻４４５－３,382019,,,,,all,https://www.city.matsuyama.ehime.jp/shisei/opendata/metadata/shokuhin.files/382019_food_business_all_2026031.csv,d1c623faaa6450b45a31873a3344cee7e569f4a5478d7a293029327e832c61fe
松山市,2026-03-31,第00002290号,,,,食肉販売業,マルナカ美沢店,松山市美沢２丁目５－２６,382019,,,,,all,https://www.city.matsuyama.ehime.jp/shisei/opendata/metadata/shokuhin.files/382019_food_business_all_2026031.csv,d1c623faaa6450b45a31873a3344cee7e569f4a5478d7a293029327e832c61fe
松山市,2026-03-31,第00002228号,,,,食肉販売業,マルヨシセンター余戸店,松山市余戸東１丁目１０－４０,382019,,,,,all,https://www.city.matsuyama.ehime.jp/shisei/opendata/metadata/shokuhin.files/382019_food_business_all_2026031.csv,d1c623faaa6450b45a31873a3344cee7e569f4a5478d7a293029327e832c61fe
松山市,2026-03-31,第00002317号,,,,食肉販売業,生活協同組合コープえひめ　コープ久米,松山市鷹子町７０,382019,,,,,all,https://www.city.matsuyama.ehime.jp/shisei/opendata/metadata/shokuhin.files/382019_food_business_all_2026031.csv,d1c623faaa6450b45a31873a3344cee7e569f4a5478d7a293029327e832c61fe
松山市,2026-03-31,第00000175号,,,,食肉販売業,やっぱりステーキ松山ロープウェー通り店　２Ｆ,松山市大街道３丁目２－２７２Ｆ,382019,,,,,all,https://www.city.matsuyama.ehime.jp/shisei/opendata/metadata/shokuhin.files/382019_food_business_all_2026031.csv,d1c623faaa6450b45a31873a3344cee7e569f4a5478d7a293029327e832c61fe
松山市,2026-03-31,第00002406号,,,,食品の冷凍又は冷蔵業,有限会社嶋矢水産,松山市三津２丁目８－８,382019,,,,,all,https://www.city.matsuyama.ehime.jp/shisei/opendata/metadata/shokuhin.files/382019_food_business_all_2026031.csv,d1c623faaa6450b45a31873a3344cee7e569f4a5478d7a293029327e832c61fe
松山市,2026-03-31,第00001990号,,,,食品の冷凍又は冷蔵業,大黒屋　調理場,松山市木屋町３丁目１２－１５（１Ｆ）,382019,,,,,all,https://www.city.matsuyama.ehime.jp/shisei/opendata/metadata/shokuhin.files/382019_food_business_all_2026031.csv,d1c623faaa6450b45a31873a3344cee7e569f4a5478d7a293029327e832c61fe
松山市,2026-03-31,第00001915号,,,,食品の冷凍又は冷蔵業,株式会社小泉製菓,松山市北立花町３－８,382019,,,,,all,https://www.city.matsuyama.ehime.jp/shisei/opendata/metadata/shokuhin.files/382019_food_business_all_2026031.csv,d1c623faaa6450b45a31873a3344cee7e569f4a5478d7a293029327e832c61fe
松山市,2026-03-31,第00001932号,,,,食品の冷凍又は冷蔵業,ＭＡＭＭＡ　ＭＥＡＴ,松山市住吉２丁目１－５１Ｆ,382019,,,,,all,https://www.city.matsuyama.ehime.jp/shisei/opendata/metadata/shokuhin.files/382019_food_business_all_2026031.csv,d1c623faaa6450b45a31873a3344cee7e569f4a5478d7a293029327e832c61fe
松山市,2026-03-31,第00002141号,,,,食品の冷凍又は冷蔵業,勘介,松山市余戸南１丁目１２－１９,382019,,,,,all,https://www.city.matsuyama.ehime.jp/shisei/opendata/metadata/shokuhin.files/382019_food_business_all_2026031.csv,d1c623faaa6450b45a31873a3344cee7e569f4a5478d7a293029327e832c61fe
松山市,2026-03-31,第00002342号,,,,食品の冷凍又は冷蔵業,狩人の空デリバリー,松山市二番町３丁目８－２２橋本ビル４Ｆ,382019,,,,,all,https://www.city.matsuyama.ehime.jp/shisei/opendata/metadata/shokuhin.files/382019_food_business_all_2026031.csv,d1c623faaa6450b45a31873a3344cee7e569f4a5478d7a293029327e832c61fe
松山市,2026-03-31,第00000016号,,,,食品の冷凍又は冷蔵業,ｅ－ｓｐｉｃｅ　愛媛が薫るＢＥＥＦ　ＣＵＲＲＹ製造・直売所,松山市西一万町８－１６,382019,,,,,all,https://www.city.matsuyama.ehime.jp/shisei/opendata/metadata/shokuhin.files/382019_food_business_all_2026031.csv,d1c623faaa6450b45a31873a3344cee7e569f4a5478d7a293029327e832c61fe
松山市,2026-03-31,第00000049号,,,,食品の冷凍又は冷蔵業,サンホウ食品株式会社,松山市勝岡町２７０－１,382019,,,,,all,https://www.city.matsuyama.ehime.jp/shisei/opendata/metadata/shokuhin.files/382019_food_business_all_2026031.csv,d1c623faaa6450b45a31873a3344cee7e569f4a5478d7a293029327e832c61fe
松山市,2026-03-31,第00000125号,,,,食品の冷凍又は冷蔵業,俺のフレンチ松山,松山市二番町３丁目７－１２クオルタ松山１Ｆ,382019,,,,,all,https://www.city.matsuyama.ehime.jp/shisei/opendata/metadata/shokuhin.files/382019_food_business_all_2026031.csv,d1c623faaa6450b45a31873a3344cee7e569f4a5478d7a293029327e832c61fe
松山市,2026-03-31,第00000128号,,,,食品の冷凍又は冷蔵業,ラ・セーラ,松山市千舟町３丁目２－４鴻池ビル２Ｆ,382019,,,,,all,https://www.city.matsuyama.ehime.jp/shisei/opendata/metadata/shokuhin.files/382019_food_business_all_2026031.csv,d1c623faaa6450b45a31873a3344cee7e569f4a5478d7a293029327e832c61fe
松山市,2026-03-31,第00000130号,,,,食品の冷凍又は冷蔵業,ナポリピザ松山,松山市美沢１丁目４－１９,382019,,,,,all,https://www.city.matsuyama.ehime.jp/shisei/opendata/metadata/shokuhin.files/382019_food_business_all_2026031.csv,d1c623faaa6450b45a31873a3344cee7e569f4a5478d7a293029327e832c61fe
松山市,2026-03-31,第00002036号,,,,清涼飲料水製造業,天きん企画販売,松山市中村１丁目３－１３,382019,,,,,all,https://www.city.matsuyama.ehime.jp/shisei/opendata/metadata/shokuhin.files/382019_food_business_all_2026031.csv,d1c623faaa6450b45a31873a3344cee7e569f4a5478d7a293029327e832c61fe
松山市,2026-03-31,第00002035号,,,,添加物製造業,株式会社大阪ソーダ松山工場,松山市北吉田町７７,382019,,,,,all,https://www.city.matsuyama.ehime.jp/shisei/opendata/metadata/shokuhin.files/382019_food_business_all_2026031.csv,d1c623faaa6450b45a31873a3344cee7e569f4a5478d7a293029327e832c61fe
