{"type": "FeatureCollection", "features": [{"type": "Feature", "properties": {"month": "2024-09", "mesh_500m": "503266222", "new_restaurant_permits": 15, "unique_facilities": 15, "mesh_500m_center_lat": 33.85208333333334, "mesh_500m_center_lon": 132.784375}, "geometry": {"type": "Polygon", "coordinates": [[[132.78125, 33.85], [132.7875, 33.85], [132.7875, 33.85416666666667], [132.78125, 33.85416666666667], [132.78125, 33.85]]]}}, {"type": "Feature", "properties": {"month": "2024-09", "mesh_500m": "503256702", "new_restaurant_permits": 2, "unique_facilities": 2, "mesh_500m_center_lat": 33.81041666666667, "mesh_500m_center_lon": 132.75937499999998}, "geometry": {"type": "Polygon", "coordinates": [[[132.75625, 33.80833333333333], [132.7625, 33.80833333333333], [132.7625, 33.8125], [132.75625, 33.8125], [132.75625, 33.80833333333333]]]}}, {"type": "Feature", "properties": {"month": "2024-09", "mesh_500m": "503256704", "new_restaurant_permits": 2, "unique_facilities": 2, "mesh_500m_center_lat": 33.81458333333333, "mesh_500m_center_lon": 132.75937499999998}, "geometry": {"type": "Polygon", "coordinates": [[[132.75625, 33.8125], [132.7625, 33.8125], [132.7625, 33.81666666666667], [132.75625, 33.81666666666667], [132.75625, 33.8125]]]}}, {"type": "Feature", "properties": {"month": "2024-09", "mesh_500m": "503256721", "new_restaurant_permits": 2, "unique_facilities": 2, "mesh_500m_center_lat": 33.81041666666667, "mesh_500m_center_lon": 132.778125}, "geometry": {"type": "Polygon", "coordinates": [[[132.775, 33.80833333333333], [132.78125, 33.80833333333333], [132.78125, 33.8125], [132.775, 33.8125], [132.775, 33.80833333333333]]]}}, {"type": "Feature", "properties": {"month": "2024-09", "mesh_500m": "503256723", "new_restaurant_permits": 2, "unique_facilities": 2, "mesh_500m_center_lat": 33.81458333333333, "mesh_500m_center_lon": 132.778125}, "geometry": {"type": "Polygon", "coordinates": [[[132.775, 33.8125], [132.78125, 33.8125], [132.78125, 33.81666666666667], [132.775, 33.81666666666667], [132.775, 33.8125]]]}}, {"type": "Feature", "properties": {"month": "2024-09", "mesh_500m": "503256902", "new_restaurant_permits": 2, "unique_facilities": 2, "mesh_500m_center_lat": 33.827083333333334, "mesh_500m_center_lon": 132.75937499999998}, "geometry": {"type": "Polygon", "coordinates": [[[132.75625, 33.825], [132.7625, 33.825], [132.7625, 33.82916666666667], [132.75625, 33.82916666666667], [132.75625, 33.825]]]}}, {"type": "Feature", "properties": {"month": "2024-09", "mesh_500m": "503255683", "new_restaurant_permits": 1, "unique_facilities": 1, "mesh_500m_center_lat": 33.806250000000006, "mesh_500m_center_lon": 132.72812499999998}, "geometry": {"type": "Polygon", "coordinates": [[[132.725, 33.80416666666667], [132.73125, 33.80416666666667], [132.73125, 33.80833333333334], [132.725, 33.80833333333334], [132.725, 33.80416666666667]]]}}, {"type": "Feature", "properties": {"month": "2024-09", "mesh_500m": "503255982", "new_restaurant_permits": 1, "unique_facilities": 1, "mesh_500m_center_lat": 33.827083333333334, "mesh_500m_center_lon": 132.734375}, "geometry": {"type": "Polygon", "coordinates": [[[132.73125, 33.825], [132.73749999999998, 33.825], [132.73749999999998, 33.82916666666667], [132.73125, 33.82916666666667], [132.73125, 33.825]]]}}, {"type": "Feature", "properties": {"month": "2024-09", "mesh_500m": "503256731", "new_restaurant_permits": 1, "unique_facilities": 1, "mesh_500m_center_lat": 33.81041666666667, "mesh_500m_center_lon": 132.79062499999998}, "geometry": {"type": "Polygon", "coordinates": [[[132.7875, 33.80833333333333], [132.79375, 33.80833333333333], [132.79375, 33.8125], [132.7875, 33.8125], [132.7875, 33.80833333333333]]]}}, {"type": "Feature", "properties": {"month": "2024-09", "mesh_500m": "503256813", "new_restaurant_permits": 1, "unique_facilities": 1, "mesh_500m_center_lat": 33.82291666666667, "mesh_500m_center_lon": 132.765625}, "geometry": {"type": "Polygon", "coordinates": [[[132.7625, 33.82083333333334], [132.76874999999998, 33.82083333333334], [132.76874999999998, 33.82500000000001], [132.7625, 33.82500000000001], [132.7625, 33.82083333333334]]]}}, {"type": "Feature", "properties": {"month": "2024-09", "mesh_500m": "503256814", "new_restaurant_permits": 1, "unique_facilities": 1, "mesh_500m_center_lat": 33.82291666666667, "mesh_500m_center_lon": 132.77187499999997}, "geometry": {"type": "Polygon", "coordinates": [[[132.76874999999998, 33.82083333333334], [132.77499999999998, 33.82083333333334], [132.77499999999998, 33.82500000000001], [132.76874999999998, 33.82500000000001], [132.76874999999998, 33.82083333333334]]]}}, {"type": "Feature", "properties": {"month": "2024-09", "mesh_500m": "503256821", "new_restaurant_permits": 1, "unique_facilities": 1, "mesh_500m_center_lat": 33.81875000000001, "mesh_500m_center_lon": 132.778125}, "geometry": {"type": "Polygon", "coordinates": [[[132.775, 33.81666666666667], [132.78125, 33.81666666666667], [132.78125, 33.82083333333334], [132.775, 33.82083333333334], [132.775, 33.81666666666667]]]}}, {"type": "Feature", "properties": {"month": "2024-09", "mesh_500m": "503256903", "new_restaurant_permits": 1, "unique_facilities": 1, "mesh_500m_center_lat": 33.83125000000001, "mesh_500m_center_lon": 132.753125}, "geometry": {"type": "Polygon", "coordinates": [[[132.75, 33.82916666666667], [132.75625, 33.82916666666667], [132.75625, 33.83333333333334], [132.75, 33.83333333333334], [132.75, 33.82916666666667]]]}}, {"type": "Feature", "properties": {"month": "2024-09", "mesh_500m": "503256911", "new_restaurant_permits": 1, "unique_facilities": 1, "mesh_500m_center_lat": 33.827083333333334, "mesh_500m_center_lon": 132.765625}, "geometry": {"type": "Polygon", "coordinates": [[[132.7625, 33.825], [132.76874999999998, 33.825], [132.76874999999998, 33.82916666666667], [132.7625, 33.82916666666667], [132.7625, 33.825]]]}}, {"type": "Feature", "properties": {"month": "2024-09", "mesh_500m": "503256912", "new_restaurant_permits": 1, "unique_facilities": 1, "mesh_500m_center_lat": 33.827083333333334, "mesh_500m_center_lon": 132.77187499999997}, "geometry": {"type": "Polygon", "coordinates": [[[132.76874999999998, 33.825], [132.77499999999998, 33.825], [132.77499999999998, 33.82916666666667], [132.76874999999998, 33.82916666666667], [132.76874999999998, 33.825]]]}}, {"type": "Feature", "properties": {"month": "2024-09", "mesh_500m": "503256913", "new_restaurant_permits": 1, "unique_facilities": 1, "mesh_500m_center_lat": 33.83125000000001, "mesh_500m_center_lon": 132.765625}, "geometry": {"type": "Polygon", "coordinates": [[[132.7625, 33.82916666666667], [132.76874999999998, 33.82916666666667], [132.76874999999998, 33.83333333333334], [132.7625, 33.83333333333334], [132.7625, 33.82916666666667]]]}}, {"type": "Feature", "properties": {"month": "2024-09", "mesh_500m": "503256923", "new_restaurant_permits": 1, "unique_facilities": 1, "mesh_500m_center_lat": 33.83125000000001, "mesh_500m_center_lon": 132.778125}, "geometry": {"type": "Polygon", "coordinates": [[[132.775, 33.82916666666667], [132.78125, 33.82916666666667], [132.78125, 33.83333333333334], [132.775, 33.83333333333334], [132.775, 33.82916666666667]]]}}, {"type": "Feature", "properties": {"month": "2024-09", "mesh_500m": "503265194", "new_restaurant_permits": 1, "unique_facilities": 1, "mesh_500m_center_lat": 33.84791666666668, "mesh_500m_center_lon": 132.746875}, "geometry": {"type": "Polygon", "coordinates": [[[132.74375, 33.84583333333334], [132.75, 33.84583333333334], [132.75, 33.85000000000001], [132.74375, 33.85000000000001], [132.74375, 33.84583333333334]]]}}, {"type": "Feature", "properties": {"month": "2024-09", "mesh_500m": "503265273", "new_restaurant_permits": 1, "unique_facilities": 1, "mesh_500m_center_lat": 33.85625, "mesh_500m_center_lon": 132.715625}, "geometry": {"type": "Polygon", "coordinates": [[[132.7125, 33.85416666666667], [132.71875, 33.85416666666667], [132.71875, 33.85833333333334], [132.7125, 33.85833333333334], [132.7125, 33.85416666666667]]]}}, {"type": "Feature", "properties": {"month": "2024-09", "mesh_500m": "503265292", "new_restaurant_permits": 1, "unique_facilities": 1, "mesh_500m_center_lat": 33.85208333333334, "mesh_500m_center_lon": 132.746875}, "geometry": {"type": "Polygon", "coordinates": [[[132.74375, 33.85], [132.75, 33.85], [132.75, 33.85416666666667], [132.74375, 33.85416666666667], [132.74375, 33.85]]]}}, {"type": "Feature", "properties": {"month": "2024-09", "mesh_500m": "503265371", "new_restaurant_permits": 1, "unique_facilities": 1, "mesh_500m_center_lat": 33.860416666666666, "mesh_500m_center_lon": 132.715625}, "geometry": {"type": "Polygon", "coordinates": [[[132.7125, 33.858333333333334], [132.71875, 33.858333333333334], [132.71875, 33.862500000000004], [132.7125, 33.862500000000004], [132.7125, 33.858333333333334]]]}}, {"type": "Feature", "properties": {"month": "2024-09", "mesh_500m": "503265373", "new_restaurant_permits": 1, "unique_facilities": 1, "mesh_500m_center_lat": 33.86458333333334, "mesh_500m_center_lon": 132.715625}, "geometry": {"type": "Polygon", "coordinates": [[[132.7125, 33.862500000000004], [132.71875, 33.862500000000004], [132.71875, 33.866666666666674], [132.7125, 33.866666666666674], [132.7125, 33.862500000000004]]]}}, {"type": "Feature", "properties": {"month": "2024-09", "mesh_500m": "503265374", "new_restaurant_permits": 1, "unique_facilities": 1, "mesh_500m_center_lat": 33.86458333333334, "mesh_500m_center_lon": 132.721875}, "geometry": {"type": "Polygon", "coordinates": [[[132.71875, 33.862500000000004], [132.725, 33.862500000000004], [132.725, 33.866666666666674], [132.71875, 33.866666666666674], [132.71875, 33.862500000000004]]]}}, {"type": "Feature", "properties": {"month": "2024-09", "mesh_500m": "503265381", "new_restaurant_permits": 1, "unique_facilities": 1, "mesh_500m_center_lat": 33.860416666666666, "mesh_500m_center_lon": 132.72812499999998}, "geometry": {"type": "Polygon", "coordinates": [[[132.725, 33.858333333333334], [132.73125, 33.858333333333334], [132.73125, 33.862500000000004], [132.725, 33.862500000000004], [132.725, 33.858333333333334]]]}}, {"type": "Feature", "properties": {"month": "2024-09", "mesh_500m": "503266031", "new_restaurant_permits": 1, "unique_facilities": 1, "mesh_500m_center_lat": 33.835416666666674, "mesh_500m_center_lon": 132.79062499999998}, "geometry": {"type": "Polygon", "coordinates": [[[132.7875, 33.833333333333336], [132.79375, 33.833333333333336], [132.79375, 33.837500000000006], [132.7875, 33.837500000000006], [132.7875, 33.833333333333336]]]}}, {"type": "Feature", "properties": {"month": "2024-09", "mesh_500m": "503266123", "new_restaurant_permits": 1, "unique_facilities": 1, "mesh_500m_center_lat": 33.84791666666668, "mesh_500m_center_lon": 132.778125}, "geometry": {"type": "Polygon", "coordinates": [[[132.775, 33.84583333333334], [132.78125, 33.84583333333334], [132.78125, 33.85000000000001], [132.775, 33.85000000000001], [132.775, 33.84583333333334]]]}}, {"type": "Feature", "properties": {"month": "2024-09", "mesh_500m": "503266134", "new_restaurant_permits": 1, "unique_facilities": 1, "mesh_500m_center_lat": 33.84791666666668, "mesh_500m_center_lon": 132.796875}, "geometry": {"type": "Polygon", "coordinates": [[[132.79375, 33.84583333333334], [132.79999999999998, 33.84583333333334], [132.79999999999998, 33.85000000000001], [132.79375, 33.85000000000001], [132.79375, 33.84583333333334]]]}}, {"type": "Feature", "properties": {"month": "2024-09", "mesh_500m": "503266203", "new_restaurant_permits": 1, "unique_facilities": 1, "mesh_500m_center_lat": 33.85625, "mesh_500m_center_lon": 132.753125}, "geometry": {"type": "Polygon", "coordinates": [[[132.75, 33.85416666666667], [132.75625, 33.85416666666667], [132.75625, 33.85833333333334], [132.75, 33.85833333333334], [132.75, 33.85416666666667]]]}}, {"type": "Feature", "properties": {"month": "2024-09", "mesh_500m": "503266212", "new_restaurant_permits": 1, "unique_facilities": 1, "mesh_500m_center_lat": 33.85208333333334, "mesh_500m_center_lon": 132.77187499999997}, "geometry": {"type": "Polygon", "coordinates": [[[132.76874999999998, 33.85], [132.77499999999998, 33.85], [132.77499999999998, 33.85416666666667], [132.76874999999998, 33.85416666666667], [132.76874999999998, 33.85]]]}}, {"type": "Feature", "properties": {"month": "2024-09", "mesh_500m": "503266303", "new_restaurant_permits": 1, "unique_facilities": 1, "mesh_500m_center_lat": 33.86458333333334, "mesh_500m_center_lon": 132.753125}, "geometry": {"type": "Polygon", "coordinates": [[[132.75, 33.862500000000004], [132.75625, 33.862500000000004], [132.75625, 33.866666666666674], [132.75, 33.866666666666674], [132.75, 33.862500000000004]]]}}, {"type": "Feature", "properties": {"month": "2024-09", "mesh_500m": "503266401", "new_restaurant_permits": 1, "unique_facilities": 1, "mesh_500m_center_lat": 33.868750000000006, "mesh_500m_center_lon": 132.753125}, "geometry": {"type": "Polygon", "coordinates": [[[132.75, 33.86666666666667], [132.75625, 33.86666666666667], [132.75625, 33.87083333333334], [132.75, 33.87083333333334], [132.75, 33.86666666666667]]]}}, {"type": "Feature", "properties": {"month": "2024-09", "mesh_500m": "503266402", "new_restaurant_permits": 1, "unique_facilities": 1, "mesh_500m_center_lat": 33.868750000000006, "mesh_500m_center_lon": 132.75937499999998}, "geometry": {"type": "Polygon", "coordinates": [[[132.75625, 33.86666666666667], [132.7625, 33.86666666666667], [132.7625, 33.87083333333334], [132.75625, 33.87083333333334], [132.75625, 33.86666666666667]]]}}, {"type": "Feature", "properties": {"month": "2024-09", "mesh_500m": "503276412", "new_restaurant_permits": 1, "unique_facilities": 1, "mesh_500m_center_lat": 33.952083333333334, "mesh_500m_center_lon": 132.77187499999997}, "geometry": {"type": "Polygon", "coordinates": [[[132.76874999999998, 33.95], [132.77499999999998, 33.95], [132.77499999999998, 33.95416666666667], [132.76874999999998, 33.95416666666667], [132.76874999999998, 33.95]]]}}, {"type": "Feature", "properties": {"month": "2024-09", "mesh_500m": "503276631", "new_restaurant_permits": 1, "unique_facilities": 1, "mesh_500m_center_lat": 33.96875, "mesh_500m_center_lon": 132.79062499999998}, "geometry": {"type": "Polygon", "coordinates": [[[132.7875, 33.96666666666667], [132.79375, 33.96666666666667], [132.79375, 33.97083333333334], [132.7875, 33.97083333333334], [132.7875, 33.96666666666667]]]}}, {"type": "Feature", "properties": {"month": "2024-10", "mesh_500m": "503255992", "new_restaurant_permits": 1, "unique_facilities": 1, "mesh_500m_center_lat": 33.827083333333334, "mesh_500m_center_lon": 132.746875}, "geometry": {"type": "Polygon", "coordinates": [[[132.74375, 33.825], [132.75, 33.825], [132.75, 33.82916666666667], [132.74375, 33.82916666666667], [132.74375, 33.825]]]}}, {"type": "Feature", "properties": {"month": "2024-10", "mesh_500m": "503256721", "new_restaurant_permits": 1, "unique_facilities": 1, "mesh_500m_center_lat": 33.81041666666667, "mesh_500m_center_lon": 132.778125}, "geometry": {"type": "Polygon", "coordinates": [[[132.775, 33.80833333333333], [132.78125, 33.80833333333333], [132.78125, 33.8125], [132.775, 33.8125], [132.775, 33.80833333333333]]]}}, {"type": "Feature", "properties": {"month": "2024-10", "mesh_500m": "503256812", "new_restaurant_permits": 1, "unique_facilities": 1, "mesh_500m_center_lat": 33.81875000000001, "mesh_500m_center_lon": 132.77187499999997}, "geometry": {"type": "Polygon", "coordinates": [[[132.76874999999998, 33.81666666666667], [132.77499999999998, 33.81666666666667], [132.77499999999998, 33.82083333333334], [132.76874999999998, 33.82083333333334], [132.76874999999998, 33.81666666666667]]]}}, {"type": "Feature", "properties": {"month": "2024-10", "mesh_500m": "503256914", "new_restaurant_permits": 1, "unique_facilities": 1, "mesh_500m_center_lat": 33.83125000000001, "mesh_500m_center_lon": 132.77187499999997}, "geometry": {"type": "Polygon", "coordinates": [[[132.76874999999998, 33.82916666666667], [132.77499999999998, 33.82916666666667], [132.77499999999998, 33.83333333333334], [132.76874999999998, 33.83333333333334], [132.76874999999998, 33.82916666666667]]]}}, {"type": "Feature", "properties": {"month": "2024-10", "mesh_500m": "503256923", "new_restaurant_permits": 1, "unique_facilities": 1, "mesh_500m_center_lat": 33.83125000000001, "mesh_500m_center_lon": 132.778125}, "geometry": {"type": "Polygon", "coordinates": [[[132.775, 33.82916666666667], [132.78125, 33.82916666666667], [132.78125, 33.83333333333334], [132.775, 33.83333333333334], [132.775, 33.82916666666667]]]}}, {"type": "Feature", "properties": {"month": "2024-10", "mesh_500m": "503265094", "new_restaurant_permits": 1, "unique_facilities": 1, "mesh_500m_center_lat": 33.83958333333334, "mesh_500m_center_lon": 132.746875}, "geometry": {"type": "Polygon", "coordinates": [[[132.74375, 33.837500000000006], [132.75, 33.837500000000006], [132.75, 33.841666666666676], [132.74375, 33.841666666666676], [132.74375, 33.837500000000006]]]}}, {"type": "Feature", "properties": {"month": "2024-10", "mesh_500m": "503265373", "new_restaurant_permits": 1, "unique_facilities": 1, "mesh_500m_center_lat": 33.86458333333334, "mesh_500m_center_lon": 132.715625}, "geometry": {"type": "Polygon", "coordinates": [[[132.7125, 33.862500000000004], [132.71875, 33.862500000000004], [132.71875, 33.866666666666674], [132.7125, 33.866666666666674], [132.7125, 33.862500000000004]]]}}, {"type": "Feature", "properties": {"month": "2024-10", "mesh_500m": "503265374", "new_restaurant_permits": 1, "unique_facilities": 1, "mesh_500m_center_lat": 33.86458333333334, "mesh_500m_center_lon": 132.721875}, "geometry": {"type": "Polygon", "coordinates": [[[132.71875, 33.862500000000004], [132.725, 33.862500000000004], [132.725, 33.866666666666674], [132.71875, 33.866666666666674], [132.71875, 33.862500000000004]]]}}, {"type": "Feature", "properties": {"month": "2024-10", "mesh_500m": "503266101", "new_restaurant_permits": 1, "unique_facilities": 1, "mesh_500m_center_lat": 33.84375, "mesh_500m_center_lon": 132.753125}, "geometry": {"type": "Polygon", "coordinates": [[[132.75, 33.84166666666667], [132.75625, 33.84166666666667], [132.75625, 33.84583333333334], [132.75, 33.84583333333334], [132.75, 33.84166666666667]]]}}, {"type": "Feature", "properties": {"month": "2024-10", "mesh_500m": "503266302", "new_restaurant_permits": 1, "unique_facilities": 1, "mesh_500m_center_lat": 33.860416666666666, "mesh_500m_center_lon": 132.75937499999998}, "geometry": {"type": "Polygon", "coordinates": [[[132.75625, 33.858333333333334], [132.7625, 33.858333333333334], [132.7625, 33.862500000000004], [132.75625, 33.862500000000004], [132.75625, 33.858333333333334]]]}}, {"type": "Feature", "properties": {"month": "2024-10", "mesh_500m": "503276314", "new_restaurant_permits": 1, "unique_facilities": 1, "mesh_500m_center_lat": 33.94791666666667, "mesh_500m_center_lon": 132.77187499999997}, "geometry": {"type": "Polygon", "coordinates": [[[132.76874999999998, 33.94583333333334], [132.77499999999998, 33.94583333333334], [132.77499999999998, 33.95000000000001], [132.76874999999998, 33.95000000000001], [132.76874999999998, 33.94583333333334]]]}}, {"type": "Feature", "properties": {"month": "2024-11", "mesh_500m": "503256904", "new_restaurant_permits": 3, "unique_facilities": 3, "mesh_500m_center_lat": 33.83125000000001, "mesh_500m_center_lon": 132.75937499999998}, "geometry": {"type": "Polygon", "coordinates": [[[132.75625, 33.82916666666667], [132.7625, 33.82916666666667], [132.7625, 33.83333333333334], [132.75625, 33.83333333333334], [132.75625, 33.82916666666667]]]}}, {"type": "Feature", "properties": {"month": "2024-11", "mesh_500m": "503255992", "new_restaurant_permits": 2, "unique_facilities": 2, "mesh_500m_center_lat": 33.827083333333334, "mesh_500m_center_lon": 132.746875}, "geometry": {"type": "Polygon", "coordinates": [[[132.74375, 33.825], [132.75, 33.825], [132.75, 33.82916666666667], [132.74375, 33.82916666666667], [132.74375, 33.825]]]}}, {"type": "Feature", "properties": {"month": "2024-11", "mesh_500m": "503256711", "new_restaurant_permits": 2, "unique_facilities": 2, "mesh_500m_center_lat": 33.81041666666667, "mesh_500m_center_lon": 132.765625}, "geometry": {"type": "Polygon", "coordinates": [[[132.7625, 33.80833333333333], [132.76874999999998, 33.80833333333333], [132.76874999999998, 33.8125], [132.7625, 33.8125], [132.7625, 33.80833333333333]]]}}, {"type": "Feature", "properties": {"month": "2024-11", "mesh_500m": "503256814", "new_restaurant_permits": 2, "unique_facilities": 2, "mesh_500m_center_lat": 33.82291666666667, "mesh_500m_center_lon": 132.77187499999997}, "geometry": {"type": "Polygon", "coordinates": [[[132.76874999999998, 33.82083333333334], [132.77499999999998, 33.82083333333334], [132.77499999999998, 33.82500000000001], [132.76874999999998, 33.82500000000001], [132.76874999999998, 33.82083333333334]]]}}, {"type": "Feature", "properties": {"month": "2024-11", "mesh_500m": "503256924", "new_restaurant_permits": 2, "unique_facilities": 2, "mesh_500m_center_lat": 33.83125000000001, "mesh_500m_center_lon": 132.784375}, "geometry": {"type": "Polygon", "coordinates": [[[132.78125, 33.82916666666667], [132.7875, 33.82916666666667], [132.7875, 33.83333333333334], [132.78125, 33.83333333333334], [132.78125, 33.82916666666667]]]}}, {"type": "Feature", "properties": {"month": "2024-11", "mesh_500m": "503265373", "new_restaurant_permits": 2, "unique_facilities": 2, "mesh_500m_center_lat": 33.86458333333334, "mesh_500m_center_lon": 132.715625}, "geometry": {"type": "Polygon", "coordinates": [[[132.7125, 33.862500000000004], [132.71875, 33.862500000000004], [132.71875, 33.866666666666674], [132.7125, 33.866666666666674], [132.7125, 33.862500000000004]]]}}, {"type": "Feature", "properties": {"month": "2024-11", "mesh_500m": "503266024", "new_restaurant_permits": 2, "unique_facilities": 2, "mesh_500m_center_lat": 33.83958333333334, "mesh_500m_center_lon": 132.784375}, "geometry": {"type": "Polygon", "coordinates": [[[132.78125, 33.837500000000006], [132.7875, 33.837500000000006], [132.7875, 33.841666666666676], [132.78125, 33.841666666666676], [132.78125, 33.837500000000006]]]}}, {"type": "Feature", "properties": {"month": "2024-11", "mesh_500m": "503255782", "new_restaurant_permits": 1, "unique_facilities": 1, "mesh_500m_center_lat": 33.81041666666667, "mesh_500m_center_lon": 132.734375}, "geometry": {"type": "Polygon", "coordinates": [[[132.73125, 33.80833333333333], [132.73749999999998, 33.80833333333333], [132.73749999999998, 33.8125], [132.73125, 33.8125], [132.73125, 33.80833333333333]]]}}, {"type": "Feature", "properties": {"month": "2024-11", "mesh_500m": "503255794", "new_restaurant_permits": 1, "unique_facilities": 1, "mesh_500m_center_lat": 33.81458333333333, "mesh_500m_center_lon": 132.746875}, "geometry": {"type": "Polygon", "coordinates": [[[132.74375, 33.8125], [132.75, 33.8125], [132.75, 33.81666666666667], [132.74375, 33.81666666666667], [132.74375, 33.8125]]]}}, {"type": "Feature", "properties": {"month": "2024-11", "mesh_500m": "503255892", "new_restaurant_permits": 1, "unique_facilities": 1, "mesh_500m_center_lat": 33.81875000000001, "mesh_500m_center_lon": 132.746875}, "geometry": {"type": "Polygon", "coordinates": [[[132.74375, 33.81666666666667], [132.75, 33.81666666666667], [132.75, 33.82083333333334], [132.74375, 33.82083333333334], [132.74375, 33.81666666666667]]]}}, {"type": "Feature", "properties": {"month": "2024-11", "mesh_500m": "503255893", "new_restaurant_permits": 1, "unique_facilities": 1, "mesh_500m_center_lat": 33.82291666666667, "mesh_500m_center_lon": 132.74062500000002}, "geometry": {"type": "Polygon", "coordinates": [[[132.7375, 33.82083333333334], [132.74375, 33.82083333333334], [132.74375, 33.82500000000001], [132.7375, 33.82500000000001], [132.7375, 33.82083333333334]]]}}, {"type": "Feature", "properties": {"month": "2024-11", "mesh_500m": "503255972", "new_restaurant_permits": 1, "unique_facilities": 1, "mesh_500m_center_lat": 33.827083333333334, "mesh_500m_center_lon": 132.721875}, "geometry": {"type": "Polygon", "coordinates": [[[132.71875, 33.825], [132.725, 33.825], [132.725, 33.82916666666667], [132.71875, 33.82916666666667], [132.71875, 33.825]]]}}, {"type": "Feature", "properties": {"month": "2024-11", "mesh_500m": "503255981", "new_restaurant_permits": 1, "unique_facilities": 1, "mesh_500m_center_lat": 33.827083333333334, "mesh_500m_center_lon": 132.72812499999998}, "geometry": {"type": "Polygon", "coordinates": [[[132.725, 33.825], [132.73125, 33.825], [132.73125, 33.82916666666667], [132.725, 33.82916666666667], [132.725, 33.825]]]}}, {"type": "Feature", "properties": {"month": "2024-11", "mesh_500m": "503255991", "new_restaurant_permits": 1, "unique_facilities": 1, "mesh_500m_center_lat": 33.827083333333334, "mesh_500m_center_lon": 132.74062500000002}, "geometry": {"type": "Polygon", "coordinates": [[[132.7375, 33.825], [132.74375, 33.825], [132.74375, 33.82916666666667], [132.7375, 33.82916666666667], [132.7375, 33.825]]]}}, {"type": "Feature", "properties": {"month": "2024-11", "mesh_500m": "503255994", "new_restaurant_permits": 1, "unique_facilities": 1, "mesh_500m_center_lat": 33.83125000000001, "mesh_500m_center_lon": 132.746875}, "geometry": {"type": "Polygon", "coordinates": [[[132.74375, 33.82916666666667], [132.75, 33.82916666666667], [132.75, 33.83333333333334], [132.74375, 33.83333333333334], [132.74375, 33.82916666666667]]]}}, {"type": "Feature", "properties": {"month": "2024-11", "mesh_500m": "503256622", "new_restaurant_permits": 1, "unique_facilities": 1, "mesh_500m_center_lat": 33.80208333333333, "mesh_500m_center_lon": 132.784375}, "geometry": {"type": "Polygon", "coordinates": [[[132.78125, 33.8], [132.7875, 33.8], [132.7875, 33.80416666666667], [132.78125, 33.80416666666667], [132.78125, 33.8]]]}}, {"type": "Feature", "properties": {"month": "2024-11", "mesh_500m": "503256631", "new_restaurant_permits": 1, "unique_facilities": 1, "mesh_500m_center_lat": 33.80208333333333, "mesh_500m_center_lon": 132.79062499999998}, "geometry": {"type": "Polygon", "coordinates": [[[132.7875, 33.8], [132.79375, 33.8], [132.79375, 33.80416666666667], [132.7875, 33.80416666666667], [132.7875, 33.8]]]}}, {"type": "Feature", "properties": {"month": "2024-11", "mesh_500m": "503256722", "new_restaurant_permits": 1, "unique_facilities": 1, "mesh_500m_center_lat": 33.81041666666667, "mesh_500m_center_lon": 132.784375}, "geometry": {"type": "Polygon", "coordinates": [[[132.78125, 33.80833333333333], [132.7875, 33.80833333333333], [132.7875, 33.8125], [132.78125, 33.8125], [132.78125, 33.80833333333333]]]}}, {"type": "Feature", "properties": {"month": "2024-11", "mesh_500m": "503256802", "new_restaurant_permits": 1, "unique_facilities": 1, "mesh_500m_center_lat": 33.81875000000001, "mesh_500m_center_lon": 132.75937499999998}, "geometry": {"type": "Polygon", "coordinates": [[[132.75625, 33.81666666666667], [132.7625, 33.81666666666667], [132.7625, 33.82083333333334], [132.75625, 33.82083333333334], [132.75625, 33.81666666666667]]]}}, {"type": "Feature", "properties": {"month": "2024-11", "mesh_500m": "503256923", "new_restaurant_permits": 1, "unique_facilities": 1, "mesh_500m_center_lat": 33.83125000000001, "mesh_500m_center_lon": 132.778125}, "geometry": {"type": "Polygon", "coordinates": [[[132.775, 33.82916666666667], [132.78125, 33.82916666666667], [132.78125, 33.83333333333334], [132.775, 33.83333333333334], [132.775, 33.82916666666667]]]}}, {"type": "Feature", "properties": {"month": "2024-11", "mesh_500m": "503256941", "new_restaurant_permits": 1, "unique_facilities": 1, "mesh_500m_center_lat": 33.827083333333334, "mesh_500m_center_lon": 132.80312500000002}, "geometry": {"type": "Polygon", "coordinates": [[[132.8, 33.825], [132.80625, 33.825], [132.80625, 33.82916666666667], [132.8, 33.82916666666667], [132.8, 33.825]]]}}, {"type": "Feature", "properties": {"month": "2024-11", "mesh_500m": "503265273", "new_restaurant_permits": 1, "unique_facilities": 1, "mesh_500m_center_lat": 33.85625, "mesh_500m_center_lon": 132.715625}, "geometry": {"type": "Polygon", "coordinates": [[[132.7125, 33.85416666666667], [132.71875, 33.85416666666667], [132.71875, 33.85833333333334], [132.7125, 33.85833333333334], [132.7125, 33.85416666666667]]]}}, {"type": "Feature", "properties": {"month": "2024-11", "mesh_500m": "503265283", "new_restaurant_permits": 1, "unique_facilities": 1, "mesh_500m_center_lat": 33.85625, "mesh_500m_center_lon": 132.72812499999998}, "geometry": {"type": "Polygon", "coordinates": [[[132.725, 33.85416666666667], [132.73125, 33.85416666666667], [132.73125, 33.85833333333334], [132.725, 33.85833333333334], [132.725, 33.85416666666667]]]}}, {"type": "Feature", "properties": {"month": "2024-11", "mesh_500m": "503265362", "new_restaurant_permits": 1, "unique_facilities": 1, "mesh_500m_center_lat": 33.860416666666666, "mesh_500m_center_lon": 132.70937499999997}, "geometry": {"type": "Polygon", "coordinates": [[[132.70624999999998, 33.858333333333334], [132.71249999999998, 33.858333333333334], [132.71249999999998, 33.862500000000004], [132.70624999999998, 33.862500000000004], [132.70624999999998, 33.858333333333334]]]}}, {"type": "Feature", "properties": {"month": "2024-11", "mesh_500m": "503265383", "new_restaurant_permits": 1, "unique_facilities": 1, "mesh_500m_center_lat": 33.86458333333334, "mesh_500m_center_lon": 132.72812499999998}, "geometry": {"type": "Polygon", "coordinates": [[[132.725, 33.862500000000004], [132.73125, 33.862500000000004], [132.73125, 33.866666666666674], [132.725, 33.866666666666674], [132.725, 33.862500000000004]]]}}, {"type": "Feature", "properties": {"month": "2024-11", "mesh_500m": "503265791", "new_restaurant_permits": 1, "unique_facilities": 1, "mesh_500m_center_lat": 33.89375, "mesh_500m_center_lon": 132.74062500000002}, "geometry": {"type": "Polygon", "coordinates": [[[132.7375, 33.891666666666666], [132.74375, 33.891666666666666], [132.74375, 33.895833333333336], [132.7375, 33.895833333333336], [132.7375, 33.891666666666666]]]}}, {"type": "Feature", "properties": {"month": "2024-11", "mesh_500m": "503266134", "new_restaurant_permits": 1, "unique_facilities": 1, "mesh_500m_center_lat": 33.84791666666668, "mesh_500m_center_lon": 132.796875}, "geometry": {"type": "Polygon", "coordinates": [[[132.79375, 33.84583333333334], [132.79999999999998, 33.84583333333334], [132.79999999999998, 33.85000000000001], [132.79375, 33.85000000000001], [132.79375, 33.84583333333334]]]}}, {"type": "Feature", "properties": {"month": "2024-11", "mesh_500m": "503266231", "new_restaurant_permits": 1, "unique_facilities": 1, "mesh_500m_center_lat": 33.85208333333334, "mesh_500m_center_lon": 132.79062499999998}, "geometry": {"type": "Polygon", "coordinates": [[[132.7875, 33.85], [132.79375, 33.85], [132.79375, 33.85416666666667], [132.7875, 33.85416666666667], [132.7875, 33.85]]]}}, {"type": "Feature", "properties": {"month": "2024-11", "mesh_500m": "503275701", "new_restaurant_permits": 1, "unique_facilities": 1, "mesh_500m_center_lat": 33.97708333333334, "mesh_500m_center_lon": 132.628125}, "geometry": {"type": "Polygon", "coordinates": [[[132.625, 33.975], [132.63125, 33.975], [132.63125, 33.97916666666667], [132.625, 33.97916666666667], [132.625, 33.975]]]}}, {"type": "Feature", "properties": {"month": "2024-11", "mesh_500m": "503276412", "new_restaurant_permits": 1, "unique_facilities": 1, "mesh_500m_center_lat": 33.952083333333334, "mesh_500m_center_lon": 132.77187499999997}, "geometry": {"type": "Polygon", "coordinates": [[[132.76874999999998, 33.95], [132.77499999999998, 33.95], [132.77499999999998, 33.95416666666667], [132.76874999999998, 33.95416666666667], [132.76874999999998, 33.95]]]}}, {"type": "Feature", "properties": {"month": "2024-11", "mesh_500m": "503276512", "new_restaurant_permits": 1, "unique_facilities": 1, "mesh_500m_center_lat": 33.960416666666674, "mesh_500m_center_lon": 132.77187499999997}, "geometry": {"type": "Polygon", "coordinates": [[[132.76874999999998, 33.958333333333336], [132.77499999999998, 33.958333333333336], [132.77499999999998, 33.962500000000006], [132.76874999999998, 33.962500000000006], [132.76874999999998, 33.958333333333336]]]}}, {"type": "Feature", "properties": {"month": "2024-11", "mesh_500m": "503276521", "new_restaurant_permits": 1, "unique_facilities": 1, "mesh_500m_center_lat": 33.960416666666674, "mesh_500m_center_lon": 132.778125}, "geometry": {"type": "Polygon", "coordinates": [[[132.775, 33.958333333333336], [132.78125, 33.958333333333336], [132.78125, 33.962500000000006], [132.775, 33.962500000000006], [132.775, 33.958333333333336]]]}}, {"type": "Feature", "properties": {"month": "2024-12", "mesh_500m": "503266222", "new_restaurant_permits": 5, "unique_facilities": 5, "mesh_500m_center_lat": 33.85208333333334, "mesh_500m_center_lon": 132.784375}, "geometry": {"type": "Polygon", "coordinates": [[[132.78125, 33.85], [132.7875, 33.85], [132.7875, 33.85416666666667], [132.78125, 33.85416666666667], [132.78125, 33.85]]]}}, {"type": "Feature", "properties": {"month": "2024-12", "mesh_500m": "503266301", "new_restaurant_permits": 3, "unique_facilities": 3, "mesh_500m_center_lat": 33.860416666666666, "mesh_500m_center_lon": 132.753125}, "geometry": {"type": "Polygon", "coordinates": [[[132.75, 33.858333333333334], [132.75625, 33.858333333333334], [132.75625, 33.862500000000004], [132.75, 33.862500000000004], [132.75, 33.858333333333334]]]}}, {"type": "Feature", "properties": {"month": "2024-12", "mesh_500m": "503256714", "new_restaurant_permits": 2, "unique_facilities": 2, "mesh_500m_center_lat": 33.81458333333333, "mesh_500m_center_lon": 132.77187499999997}, "geometry": {"type": "Polygon", "coordinates": [[[132.76874999999998, 33.8125], [132.77499999999998, 33.8125], [132.77499999999998, 33.81666666666667], [132.76874999999998, 33.81666666666667], [132.76874999999998, 33.8125]]]}}, {"type": "Feature", "properties": {"month": "2024-12", "mesh_500m": "503256923", "new_restaurant_permits": 2, "unique_facilities": 2, "mesh_500m_center_lat": 33.83125000000001, "mesh_500m_center_lon": 132.778125}, "geometry": {"type": "Polygon", "coordinates": [[[132.775, 33.82916666666667], [132.78125, 33.82916666666667], [132.78125, 33.83333333333334], [132.775, 33.83333333333334], [132.775, 33.82916666666667]]]}}, {"type": "Feature", "properties": {"month": "2024-12", "mesh_500m": "503266401", "new_restaurant_permits": 2, "unique_facilities": 2, "mesh_500m_center_lat": 33.868750000000006, "mesh_500m_center_lon": 132.753125}, "geometry": {"type": "Polygon", "coordinates": [[[132.75, 33.86666666666667], [132.75625, 33.86666666666667], [132.75625, 33.87083333333334], [132.75, 33.87083333333334], [132.75, 33.86666666666667]]]}}, {"type": "Feature", "properties": {"month": "2024-12", "mesh_500m": "503255971", "new_restaurant_permits": 1, "unique_facilities": 1, "mesh_500m_center_lat": 33.827083333333334, "mesh_500m_center_lon": 132.715625}, "geometry": {"type": "Polygon", "coordinates": [[[132.7125, 33.825], [132.71875, 33.825], [132.71875, 33.82916666666667], [132.7125, 33.82916666666667], [132.7125, 33.825]]]}}, {"type": "Feature", "properties": {"month": "2024-12", "mesh_500m": "503256514", "new_restaurant_permits": 1, "unique_facilities": 1, "mesh_500m_center_lat": 33.797916666666666, "mesh_500m_center_lon": 132.77187499999997}, "geometry": {"type": "Polygon", "coordinates": [[[132.76874999999998, 33.795833333333334], [132.77499999999998, 33.795833333333334], [132.77499999999998, 33.800000000000004], [132.76874999999998, 33.800000000000004], [132.76874999999998, 33.795833333333334]]]}}, {"type": "Feature", "properties": {"month": "2024-12", "mesh_500m": "503256711", "new_restaurant_permits": 1, "unique_facilities": 1, "mesh_500m_center_lat": 33.81041666666667, "mesh_500m_center_lon": 132.765625}, "geometry": {"type": "Polygon", "coordinates": [[[132.7625, 33.80833333333333], [132.76874999999998, 33.80833333333333], [132.76874999999998, 33.8125], [132.7625, 33.8125], [132.7625, 33.80833333333333]]]}}, {"type": "Feature", "properties": {"month": "2024-12", "mesh_500m": "503256712", "new_restaurant_permits": 1, "unique_facilities": 1, "mesh_500m_center_lat": 33.81041666666667, "mesh_500m_center_lon": 132.77187499999997}, "geometry": {"type": "Polygon", "coordinates": [[[132.76874999999998, 33.80833333333333], [132.77499999999998, 33.80833333333333], [132.77499999999998, 33.8125], [132.76874999999998, 33.8125], [132.76874999999998, 33.80833333333333]]]}}, {"type": "Feature", "properties": {"month": "2024-12", "mesh_500m": "503256721", "new_restaurant_permits": 1, "unique_facilities": 1, "mesh_500m_center_lat": 33.81041666666667, "mesh_500m_center_lon": 132.778125}, "geometry": {"type": "Polygon", "coordinates": [[[132.775, 33.80833333333333], [132.78125, 33.80833333333333], [132.78125, 33.8125], [132.775, 33.8125], [132.775, 33.80833333333333]]]}}, {"type": "Feature", "properties": {"month": "2024-12", "mesh_500m": "503256732", "new_restaurant_permits": 1, "unique_facilities": 1, "mesh_500m_center_lat": 33.81041666666667, "mesh_500m_center_lon": 132.796875}, "geometry": {"type": "Polygon", "coordinates": [[[132.79375, 33.80833333333333], [132.79999999999998, 33.80833333333333], [132.79999999999998, 33.8125], [132.79375, 33.8125], [132.79375, 33.80833333333333]]]}}, {"type": "Feature", "properties": {"month": "2024-12", "mesh_500m": "503256803", "new_restaurant_permits": 1, "unique_facilities": 1, "mesh_500m_center_lat": 33.82291666666667, "mesh_500m_center_lon": 132.753125}, "geometry": {"type": "Polygon", "coordinates": [[[132.75, 33.82083333333334], [132.75625, 33.82083333333334], [132.75625, 33.82500000000001], [132.75, 33.82500000000001], [132.75, 33.82083333333334]]]}}, {"type": "Feature", "properties": {"month": "2024-12", "mesh_500m": "503256821", "new_restaurant_permits": 1, "unique_facilities": 1, "mesh_500m_center_lat": 33.81875000000001, "mesh_500m_center_lon": 132.778125}, "geometry": {"type": "Polygon", "coordinates": [[[132.775, 33.81666666666667], [132.78125, 33.81666666666667], [132.78125, 33.82083333333334], [132.775, 33.82083333333334], [132.775, 33.81666666666667]]]}}, {"type": "Feature", "properties": {"month": "2024-12", "mesh_500m": "503256924", "new_restaurant_permits": 1, "unique_facilities": 1, "mesh_500m_center_lat": 33.83125000000001, "mesh_500m_center_lon": 132.784375}, "geometry": {"type": "Polygon", "coordinates": [[[132.78125, 33.82916666666667], [132.7875, 33.82916666666667], [132.7875, 33.83333333333334], [132.78125, 33.83333333333334], [132.78125, 33.82916666666667]]]}}, {"type": "Feature", "properties": {"month": "2024-12", "mesh_500m": "503265094", "new_restaurant_permits": 1, "unique_facilities": 1, "mesh_500m_center_lat": 33.83958333333334, "mesh_500m_center_lon": 132.746875}, "geometry": {"type": "Polygon", "coordinates": [[[132.74375, 33.837500000000006], [132.75, 33.837500000000006], [132.75, 33.841666666666676], [132.74375, 33.841666666666676], [132.74375, 33.837500000000006]]]}}, {"type": "Feature", "properties": {"month": "2024-12", "mesh_500m": "503265292", "new_restaurant_permits": 1, "unique_facilities": 1, "mesh_500m_center_lat": 33.85208333333334, "mesh_500m_center_lon": 132.746875}, "geometry": {"type": "Polygon", "coordinates": [[[132.74375, 33.85], [132.75, 33.85], [132.75, 33.85416666666667], [132.74375, 33.85416666666667], [132.74375, 33.85]]]}}, {"type": "Feature", "properties": {"month": "2024-12", "mesh_500m": "503265381", "new_restaurant_permits": 1, "unique_facilities": 1, "mesh_500m_center_lat": 33.860416666666666, "mesh_500m_center_lon": 132.72812499999998}, "geometry": {"type": "Polygon", "coordinates": [[[132.725, 33.858333333333334], [132.73125, 33.858333333333334], [132.73125, 33.862500000000004], [132.725, 33.862500000000004], [132.725, 33.858333333333334]]]}}, {"type": "Feature", "properties": {"month": "2024-12", "mesh_500m": "503265474", "new_restaurant_permits": 1, "unique_facilities": 1, "mesh_500m_center_lat": 33.87291666666667, "mesh_500m_center_lon": 132.721875}, "geometry": {"type": "Polygon", "coordinates": [[[132.71875, 33.87083333333334], [132.725, 33.87083333333334], [132.725, 33.87500000000001], [132.71875, 33.87500000000001], [132.71875, 33.87083333333334]]]}}, {"type": "Feature", "properties": {"month": "2024-12", "mesh_500m": "503265661", "new_restaurant_permits": 1, "unique_facilities": 1, "mesh_500m_center_lat": 33.88541666666667, "mesh_500m_center_lon": 132.703125}, "geometry": {"type": "Polygon", "coordinates": [[[132.7, 33.88333333333333], [132.70624999999998, 33.88333333333333], [132.70624999999998, 33.8875], [132.7, 33.8875], [132.7, 33.88333333333333]]]}}, {"type": "Feature", "properties": {"month": "2024-12", "mesh_500m": "503265783", "new_restaurant_permits": 1, "unique_facilities": 1, "mesh_500m_center_lat": 33.897916666666674, "mesh_500m_center_lon": 132.72812499999998}, "geometry": {"type": "Polygon", "coordinates": [[[132.725, 33.895833333333336], [132.73125, 33.895833333333336], [132.73125, 33.900000000000006], [132.725, 33.900000000000006], [132.725, 33.895833333333336]]]}}, {"type": "Feature", "properties": {"month": "2024-12", "mesh_500m": "503266022", "new_restaurant_permits": 1, "unique_facilities": 1, "mesh_500m_center_lat": 33.835416666666674, "mesh_500m_center_lon": 132.784375}, "geometry": {"type": "Polygon", "coordinates": [[[132.78125, 33.833333333333336], [132.7875, 33.833333333333336], [132.7875, 33.837500000000006], [132.78125, 33.837500000000006], [132.78125, 33.833333333333336]]]}}, {"type": "Feature", "properties": {"month": "2024-12", "mesh_500m": "503266024", "new_restaurant_permits": 1, "unique_facilities": 1, "mesh_500m_center_lat": 33.83958333333334, "mesh_500m_center_lon": 132.784375}, "geometry": {"type": "Polygon", "coordinates": [[[132.78125, 33.837500000000006], [132.7875, 33.837500000000006], [132.7875, 33.841666666666676], [132.78125, 33.841666666666676], [132.78125, 33.837500000000006]]]}}, {"type": "Feature", "properties": {"month": "2024-12", "mesh_500m": "503266101", "new_restaurant_permits": 1, "unique_facilities": 1, "mesh_500m_center_lat": 33.84375, "mesh_500m_center_lon": 132.753125}, "geometry": {"type": "Polygon", "coordinates": [[[132.75, 33.84166666666667], [132.75625, 33.84166666666667], [132.75625, 33.84583333333334], [132.75, 33.84583333333334], [132.75, 33.84166666666667]]]}}, {"type": "Feature", "properties": {"month": "2024-12", "mesh_500m": "503266124", "new_restaurant_permits": 1, "unique_facilities": 1, "mesh_500m_center_lat": 33.84791666666668, "mesh_500m_center_lon": 132.784375}, "geometry": {"type": "Polygon", "coordinates": [[[132.78125, 33.84583333333334], [132.7875, 33.84583333333334], [132.7875, 33.85000000000001], [132.78125, 33.85000000000001], [132.78125, 33.84583333333334]]]}}, {"type": "Feature", "properties": {"month": "2024-12", "mesh_500m": "503266134", "new_restaurant_permits": 1, "unique_facilities": 1, "mesh_500m_center_lat": 33.84791666666668, "mesh_500m_center_lon": 132.796875}, "geometry": {"type": "Polygon", "coordinates": [[[132.79375, 33.84583333333334], [132.79999999999998, 33.84583333333334], [132.79999999999998, 33.85000000000001], [132.79375, 33.85000000000001], [132.79375, 33.84583333333334]]]}}, {"type": "Feature", "properties": {"month": "2024-12", "mesh_500m": "503266221", "new_restaurant_permits": 1, "unique_facilities": 1, "mesh_500m_center_lat": 33.85208333333334, "mesh_500m_center_lon": 132.778125}, "geometry": {"type": "Polygon", "coordinates": [[[132.775, 33.85], [132.78125, 33.85], [132.78125, 33.85416666666667], [132.775, 33.85416666666667], [132.775, 33.85]]]}}, {"type": "Feature", "properties": {"month": "2024-12", "mesh_500m": "503266223", "new_restaurant_permits": 1, "unique_facilities": 1, "mesh_500m_center_lat": 33.85625, "mesh_500m_center_lon": 132.778125}, "geometry": {"type": "Polygon", "coordinates": [[[132.775, 33.85416666666667], [132.78125, 33.85416666666667], [132.78125, 33.85833333333334], [132.775, 33.85833333333334], [132.775, 33.85416666666667]]]}}, {"type": "Feature", "properties": {"month": "2024-12", "mesh_500m": "503266224", "new_restaurant_permits": 1, "unique_facilities": 1, "mesh_500m_center_lat": 33.85625, "mesh_500m_center_lon": 132.784375}, "geometry": {"type": "Polygon", "coordinates": [[[132.78125, 33.85416666666667], [132.7875, 33.85416666666667], [132.7875, 33.85833333333334], [132.78125, 33.85833333333334], [132.78125, 33.85416666666667]]]}}, {"type": "Feature", "properties": {"month": "2024-12", "mesh_500m": "503266231", "new_restaurant_permits": 1, "unique_facilities": 1, "mesh_500m_center_lat": 33.85208333333334, "mesh_500m_center_lon": 132.79062499999998}, "geometry": {"type": "Polygon", "coordinates": [[[132.7875, 33.85], [132.79375, 33.85], [132.79375, 33.85416666666667], [132.7875, 33.85416666666667], [132.7875, 33.85]]]}}, {"type": "Feature", "properties": {"month": "2025-01", "mesh_500m": "503266222", "new_restaurant_permits": 2, "unique_facilities": 2, "mesh_500m_center_lat": 33.85208333333334, "mesh_500m_center_lon": 132.784375}, "geometry": {"type": "Polygon", "coordinates": [[[132.78125, 33.85], [132.7875, 33.85], [132.7875, 33.85416666666667], [132.78125, 33.85416666666667], [132.78125, 33.85]]]}}, {"type": "Feature", "properties": {"month": "2025-01", "mesh_500m": "503256704", "new_restaurant_permits": 1, "unique_facilities": 1, "mesh_500m_center_lat": 33.81458333333333, "mesh_500m_center_lon": 132.75937499999998}, "geometry": {"type": "Polygon", "coordinates": [[[132.75625, 33.8125], [132.7625, 33.8125], [132.7625, 33.81666666666667], [132.75625, 33.81666666666667], [132.75625, 33.8125]]]}}, {"type": "Feature", "properties": {"month": "2025-01", "mesh_500m": "503256814", "new_restaurant_permits": 1, "unique_facilities": 1, "mesh_500m_center_lat": 33.82291666666667, "mesh_500m_center_lon": 132.77187499999997}, "geometry": {"type": "Polygon", "coordinates": [[[132.76874999999998, 33.82083333333334], [132.77499999999998, 33.82083333333334], [132.77499999999998, 33.82500000000001], [132.76874999999998, 33.82500000000001], [132.76874999999998, 33.82083333333334]]]}}, {"type": "Feature", "properties": {"month": "2025-01", "mesh_500m": "503256823", "new_restaurant_permits": 1, "unique_facilities": 1, "mesh_500m_center_lat": 33.82291666666667, "mesh_500m_center_lon": 132.778125}, "geometry": {"type": "Polygon", "coordinates": [[[132.775, 33.82083333333334], [132.78125, 33.82083333333334], [132.78125, 33.82500000000001], [132.775, 33.82500000000001], [132.775, 33.82083333333334]]]}}, {"type": "Feature", "properties": {"month": "2025-01", "mesh_500m": "503256911", "new_restaurant_permits": 1, "unique_facilities": 1, "mesh_500m_center_lat": 33.827083333333334, "mesh_500m_center_lon": 132.765625}, "geometry": {"type": "Polygon", "coordinates": [[[132.7625, 33.825], [132.76874999999998, 33.825], [132.76874999999998, 33.82916666666667], [132.7625, 33.82916666666667], [132.7625, 33.825]]]}}, {"type": "Feature", "properties": {"month": "2025-01", "mesh_500m": "503265364", "new_restaurant_permits": 1, "unique_facilities": 1, "mesh_500m_center_lat": 33.86458333333334, "mesh_500m_center_lon": 132.70937499999997}, "geometry": {"type": "Polygon", "coordinates": [[[132.70624999999998, 33.862500000000004], [132.71249999999998, 33.862500000000004], [132.71249999999998, 33.866666666666674], [132.70624999999998, 33.866666666666674], [132.70624999999998, 33.862500000000004]]]}}, {"type": "Feature", "properties": {"month": "2025-01", "mesh_500m": "503265791", "new_restaurant_permits": 1, "unique_facilities": 1, "mesh_500m_center_lat": 33.89375, "mesh_500m_center_lon": 132.74062500000002}, "geometry": {"type": "Polygon", "coordinates": [[[132.7375, 33.891666666666666], [132.74375, 33.891666666666666], [132.74375, 33.895833333333336], [132.7375, 33.895833333333336], [132.7375, 33.891666666666666]]]}}, {"type": "Feature", "properties": {"month": "2025-01", "mesh_500m": "503266212", "new_restaurant_permits": 1, "unique_facilities": 1, "mesh_500m_center_lat": 33.85208333333334, "mesh_500m_center_lon": 132.77187499999997}, "geometry": {"type": "Polygon", "coordinates": [[[132.76874999999998, 33.85], [132.77499999999998, 33.85], [132.77499999999998, 33.85416666666667], [132.76874999999998, 33.85416666666667], [132.76874999999998, 33.85]]]}}, {"type": "Feature", "properties": {"month": "2025-02", "mesh_500m": "503266222", "new_restaurant_permits": 6, "unique_facilities": 6, "mesh_500m_center_lat": 33.85208333333334, "mesh_500m_center_lon": 132.784375}, "geometry": {"type": "Polygon", "coordinates": [[[132.78125, 33.85], [132.7875, 33.85], [132.7875, 33.85416666666667], [132.78125, 33.85416666666667], [132.78125, 33.85]]]}}, {"type": "Feature", "properties": {"month": "2025-02", "mesh_500m": "503256732", "new_restaurant_permits": 2, "unique_facilities": 2, "mesh_500m_center_lat": 33.81041666666667, "mesh_500m_center_lon": 132.796875}, "geometry": {"type": "Polygon", "coordinates": [[[132.79375, 33.80833333333333], [132.79999999999998, 33.80833333333333], [132.79999999999998, 33.8125], [132.79375, 33.8125], [132.79375, 33.80833333333333]]]}}, {"type": "Feature", "properties": {"month": "2025-02", "mesh_500m": "503256931", "new_restaurant_permits": 2, "unique_facilities": 2, "mesh_500m_center_lat": 33.827083333333334, "mesh_500m_center_lon": 132.79062499999998}, "geometry": {"type": "Polygon", "coordinates": [[[132.7875, 33.825], [132.79375, 33.825], [132.79375, 33.82916666666667], [132.7875, 33.82916666666667], [132.7875, 33.825]]]}}, {"type": "Feature", "properties": {"month": "2025-02", "mesh_500m": "503265372", "new_restaurant_permits": 2, "unique_facilities": 2, "mesh_500m_center_lat": 33.860416666666666, "mesh_500m_center_lon": 132.721875}, "geometry": {"type": "Polygon", "coordinates": [[[132.71875, 33.858333333333334], [132.725, 33.858333333333334], [132.725, 33.862500000000004], [132.71875, 33.862500000000004], [132.71875, 33.858333333333334]]]}}, {"type": "Feature", "properties": {"month": "2025-02", "mesh_500m": "503265383", "new_restaurant_permits": 2, "unique_facilities": 2, "mesh_500m_center_lat": 33.86458333333334, "mesh_500m_center_lon": 132.72812499999998}, "geometry": {"type": "Polygon", "coordinates": [[[132.725, 33.862500000000004], [132.73125, 33.862500000000004], [132.73125, 33.866666666666674], [132.725, 33.866666666666674], [132.725, 33.862500000000004]]]}}, {"type": "Feature", "properties": {"month": "2025-02", "mesh_500m": "503255683", "new_restaurant_permits": 1, "unique_facilities": 1, "mesh_500m_center_lat": 33.806250000000006, "mesh_500m_center_lon": 132.72812499999998}, "geometry": {"type": "Polygon", "coordinates": [[[132.725, 33.80416666666667], [132.73125, 33.80416666666667], [132.73125, 33.80833333333334], [132.725, 33.80833333333334], [132.725, 33.80416666666667]]]}}, {"type": "Feature", "properties": {"month": "2025-02", "mesh_500m": "503255982", "new_restaurant_permits": 1, "unique_facilities": 1, "mesh_500m_center_lat": 33.827083333333334, "mesh_500m_center_lon": 132.734375}, "geometry": {"type": "Polygon", "coordinates": [[[132.73125, 33.825], [132.73749999999998, 33.825], [132.73749999999998, 33.82916666666667], [132.73125, 33.82916666666667], [132.73125, 33.825]]]}}, {"type": "Feature", "properties": {"month": "2025-02", "mesh_500m": "503256704", "new_restaurant_permits": 1, "unique_facilities": 1, "mesh_500m_center_lat": 33.81458333333333, "mesh_500m_center_lon": 132.75937499999998}, "geometry": {"type": "Polygon", "coordinates": [[[132.75625, 33.8125], [132.7625, 33.8125], [132.7625, 33.81666666666667], [132.75625, 33.81666666666667], [132.75625, 33.8125]]]}}, {"type": "Feature", "properties": {"month": "2025-02", "mesh_500m": "503256711", "new_restaurant_permits": 1, "unique_facilities": 1, "mesh_500m_center_lat": 33.81041666666667, "mesh_500m_center_lon": 132.765625}, "geometry": {"type": "Polygon", "coordinates": [[[132.7625, 33.80833333333333], [132.76874999999998, 33.80833333333333], [132.76874999999998, 33.8125], [132.7625, 33.8125], [132.7625, 33.80833333333333]]]}}, {"type": "Feature", "properties": {"month": "2025-02", "mesh_500m": "503256713", "new_restaurant_permits": 1, "unique_facilities": 1, "mesh_500m_center_lat": 33.81458333333333, "mesh_500m_center_lon": 132.765625}, "geometry": {"type": "Polygon", "coordinates": [[[132.7625, 33.8125], [132.76874999999998, 33.8125], [132.76874999999998, 33.81666666666667], [132.7625, 33.81666666666667], [132.7625, 33.8125]]]}}, {"type": "Feature", "properties": {"month": "2025-02", "mesh_500m": "503256751", "new_restaurant_permits": 1, "unique_facilities": 1, "mesh_500m_center_lat": 33.81041666666667, "mesh_500m_center_lon": 132.815625}, "geometry": {"type": "Polygon", "coordinates": [[[132.8125, 33.80833333333333], [132.81875, 33.80833333333333], [132.81875, 33.8125], [132.8125, 33.8125], [132.8125, 33.80833333333333]]]}}, {"type": "Feature", "properties": {"month": "2025-02", "mesh_500m": "503256814", "new_restaurant_permits": 1, "unique_facilities": 1, "mesh_500m_center_lat": 33.82291666666667, "mesh_500m_center_lon": 132.77187499999997}, "geometry": {"type": "Polygon", "coordinates": [[[132.76874999999998, 33.82083333333334], [132.77499999999998, 33.82083333333334], [132.77499999999998, 33.82500000000001], [132.76874999999998, 33.82500000000001], [132.76874999999998, 33.82083333333334]]]}}, {"type": "Feature", "properties": {"month": "2025-02", "mesh_500m": "503256823", "new_restaurant_permits": 1, "unique_facilities": 1, "mesh_500m_center_lat": 33.82291666666667, "mesh_500m_center_lon": 132.778125}, "geometry": {"type": "Polygon", "coordinates": [[[132.775, 33.82083333333334], [132.78125, 33.82083333333334], [132.78125, 33.82500000000001], [132.775, 33.82500000000001], [132.775, 33.82083333333334]]]}}, {"type": "Feature", "properties": {"month": "2025-02", "mesh_500m": "503256904", "new_restaurant_permits": 1, "unique_facilities": 1, "mesh_500m_center_lat": 33.83125000000001, "mesh_500m_center_lon": 132.75937499999998}, "geometry": {"type": "Polygon", "coordinates": [[[132.75625, 33.82916666666667], [132.7625, 33.82916666666667], [132.7625, 33.83333333333334], [132.75625, 33.83333333333334], [132.75625, 33.82916666666667]]]}}, {"type": "Feature", "properties": {"month": "2025-02", "mesh_500m": "503256911", "new_restaurant_permits": 1, "unique_facilities": 1, "mesh_500m_center_lat": 33.827083333333334, "mesh_500m_center_lon": 132.765625}, "geometry": {"type": "Polygon", "coordinates": [[[132.7625, 33.825], [132.76874999999998, 33.825], [132.76874999999998, 33.82916666666667], [132.7625, 33.82916666666667], [132.7625, 33.825]]]}}, {"type": "Feature", "properties": {"month": "2025-02", "mesh_500m": "503265091", "new_restaurant_permits": 1, "unique_facilities": 1, "mesh_500m_center_lat": 33.835416666666674, "mesh_500m_center_lon": 132.74062500000002}, "geometry": {"type": "Polygon", "coordinates": [[[132.7375, 33.833333333333336], [132.74375, 33.833333333333336], [132.74375, 33.837500000000006], [132.7375, 33.837500000000006], [132.7375, 33.833333333333336]]]}}, {"type": "Feature", "properties": {"month": "2025-02", "mesh_500m": "503265092", "new_restaurant_permits": 1, "unique_facilities": 1, "mesh_500m_center_lat": 33.835416666666674, "mesh_500m_center_lon": 132.746875}, "geometry": {"type": "Polygon", "coordinates": [[[132.74375, 33.833333333333336], [132.75, 33.833333333333336], [132.75, 33.837500000000006], [132.74375, 33.837500000000006], [132.74375, 33.833333333333336]]]}}, {"type": "Feature", "properties": {"month": "2025-02", "mesh_500m": "503265371", "new_restaurant_permits": 1, "unique_facilities": 1, "mesh_500m_center_lat": 33.860416666666666, "mesh_500m_center_lon": 132.715625}, "geometry": {"type": "Polygon", "coordinates": [[[132.7125, 33.858333333333334], [132.71875, 33.858333333333334], [132.71875, 33.862500000000004], [132.7125, 33.862500000000004], [132.7125, 33.858333333333334]]]}}, {"type": "Feature", "properties": {"month": "2025-02", "mesh_500m": "503266021", "new_restaurant_permits": 1, "unique_facilities": 1, "mesh_500m_center_lat": 33.835416666666674, "mesh_500m_center_lon": 132.778125}, "geometry": {"type": "Polygon", "coordinates": [[[132.775, 33.833333333333336], [132.78125, 33.833333333333336], [132.78125, 33.837500000000006], [132.775, 33.837500000000006], [132.775, 33.833333333333336]]]}}, {"type": "Feature", "properties": {"month": "2025-02", "mesh_500m": "503266122", "new_restaurant_permits": 1, "unique_facilities": 1, "mesh_500m_center_lat": 33.84375, "mesh_500m_center_lon": 132.784375}, "geometry": {"type": "Polygon", "coordinates": [[[132.78125, 33.84166666666667], [132.7875, 33.84166666666667], [132.7875, 33.84583333333334], [132.78125, 33.84583333333334], [132.78125, 33.84166666666667]]]}}, {"type": "Feature", "properties": {"month": "2025-02", "mesh_500m": "503266124", "new_restaurant_permits": 1, "unique_facilities": 1, "mesh_500m_center_lat": 33.84791666666668, "mesh_500m_center_lon": 132.784375}, "geometry": {"type": "Polygon", "coordinates": [[[132.78125, 33.84583333333334], [132.7875, 33.84583333333334], [132.7875, 33.85000000000001], [132.78125, 33.85000000000001], [132.78125, 33.84583333333334]]]}}, {"type": "Feature", "properties": {"month": "2025-02", "mesh_500m": "503266143", "new_restaurant_permits": 1, "unique_facilities": 1, "mesh_500m_center_lat": 33.84791666666668, "mesh_500m_center_lon": 132.80312500000002}, "geometry": {"type": "Polygon", "coordinates": [[[132.8, 33.84583333333334], [132.80625, 33.84583333333334], [132.80625, 33.85000000000001], [132.8, 33.85000000000001], [132.8, 33.84583333333334]]]}}, {"type": "Feature", "properties": {"month": "2025-02", "mesh_500m": "503266231", "new_restaurant_permits": 1, "unique_facilities": 1, "mesh_500m_center_lat": 33.85208333333334, "mesh_500m_center_lon": 132.79062499999998}, "geometry": {"type": "Polygon", "coordinates": [[[132.7875, 33.85], [132.79375, 33.85], [132.79375, 33.85416666666667], [132.7875, 33.85416666666667], [132.7875, 33.85]]]}}, {"type": "Feature", "properties": {"month": "2025-02", "mesh_500m": "503266401", "new_restaurant_permits": 1, "unique_facilities": 1, "mesh_500m_center_lat": 33.868750000000006, "mesh_500m_center_lon": 132.753125}, "geometry": {"type": "Polygon", "coordinates": [[[132.75, 33.86666666666667], [132.75625, 33.86666666666667], [132.75625, 33.87083333333334], [132.75, 33.87083333333334], [132.75, 33.86666666666667]]]}}, {"type": "Feature", "properties": {"month": "2025-02", "mesh_500m": "503275501", "new_restaurant_permits": 1, "unique_facilities": 1, "mesh_500m_center_lat": 33.960416666666674, "mesh_500m_center_lon": 132.628125}, "geometry": {"type": "Polygon", "coordinates": [[[132.625, 33.958333333333336], [132.63125, 33.958333333333336], [132.63125, 33.962500000000006], [132.625, 33.962500000000006], [132.625, 33.958333333333336]]]}}, {"type": "Feature", "properties": {"month": "2025-03", "mesh_500m": "503256712", "new_restaurant_permits": 2, "unique_facilities": 2, "mesh_500m_center_lat": 33.81041666666667, "mesh_500m_center_lon": 132.77187499999997}, "geometry": {"type": "Polygon", "coordinates": [[[132.76874999999998, 33.80833333333333], [132.77499999999998, 33.80833333333333], [132.77499999999998, 33.8125], [132.76874999999998, 33.8125], [132.76874999999998, 33.80833333333333]]]}}, {"type": "Feature", "properties": {"month": "2025-03", "mesh_500m": "503256814", "new_restaurant_permits": 2, "unique_facilities": 2, "mesh_500m_center_lat": 33.82291666666667, "mesh_500m_center_lon": 132.77187499999997}, "geometry": {"type": "Polygon", "coordinates": [[[132.76874999999998, 33.82083333333334], [132.77499999999998, 33.82083333333334], [132.77499999999998, 33.82500000000001], [132.76874999999998, 33.82500000000001], [132.76874999999998, 33.82083333333334]]]}}, {"type": "Feature", "properties": {"month": "2025-03", "mesh_500m": "503255782", "new_restaurant_permits": 1, "unique_facilities": 1, "mesh_500m_center_lat": 33.81041666666667, "mesh_500m_center_lon": 132.734375}, "geometry": {"type": "Polygon", "coordinates": [[[132.73125, 33.80833333333333], [132.73749999999998, 33.80833333333333], [132.73749999999998, 33.8125], [132.73125, 33.8125], [132.73125, 33.80833333333333]]]}}, {"type": "Feature", "properties": {"month": "2025-03", "mesh_500m": "503256634", "new_restaurant_permits": 1, "unique_facilities": 1, "mesh_500m_center_lat": 33.806250000000006, "mesh_500m_center_lon": 132.796875}, "geometry": {"type": "Polygon", "coordinates": [[[132.79375, 33.80416666666667], [132.79999999999998, 33.80416666666667], [132.79999999999998, 33.80833333333334], [132.79375, 33.80833333333334], [132.79375, 33.80416666666667]]]}}, {"type": "Feature", "properties": {"month": "2025-03", "mesh_500m": "503256803", "new_restaurant_permits": 1, "unique_facilities": 1, "mesh_500m_center_lat": 33.82291666666667, "mesh_500m_center_lon": 132.753125}, "geometry": {"type": "Polygon", "coordinates": [[[132.75, 33.82083333333334], [132.75625, 33.82083333333334], [132.75625, 33.82500000000001], [132.75, 33.82500000000001], [132.75, 33.82083333333334]]]}}, {"type": "Feature", "properties": {"month": "2025-03", "mesh_500m": "503256823", "new_restaurant_permits": 1, "unique_facilities": 1, "mesh_500m_center_lat": 33.82291666666667, "mesh_500m_center_lon": 132.778125}, "geometry": {"type": "Polygon", "coordinates": [[[132.775, 33.82083333333334], [132.78125, 33.82083333333334], [132.78125, 33.82500000000001], [132.775, 33.82500000000001], [132.775, 33.82083333333334]]]}}, {"type": "Feature", "properties": {"month": "2025-03", "mesh_500m": "503256902", "new_restaurant_permits": 1, "unique_facilities": 1, "mesh_500m_center_lat": 33.827083333333334, "mesh_500m_center_lon": 132.75937499999998}, "geometry": {"type": "Polygon", "coordinates": [[[132.75625, 33.825], [132.7625, 33.825], [132.7625, 33.82916666666667], [132.75625, 33.82916666666667], [132.75625, 33.825]]]}}, {"type": "Feature", "properties": {"month": "2025-03", "mesh_500m": "503256914", "new_restaurant_permits": 1, "unique_facilities": 1, "mesh_500m_center_lat": 33.83125000000001, "mesh_500m_center_lon": 132.77187499999997}, "geometry": {"type": "Polygon", "coordinates": [[[132.76874999999998, 33.82916666666667], [132.77499999999998, 33.82916666666667], [132.77499999999998, 33.83333333333334], [132.76874999999998, 33.83333333333334], [132.76874999999998, 33.82916666666667]]]}}, {"type": "Feature", "properties": {"month": "2025-03", "mesh_500m": "503256923", "new_restaurant_permits": 1, "unique_facilities": 1, "mesh_500m_center_lat": 33.83125000000001, "mesh_500m_center_lon": 132.778125}, "geometry": {"type": "Polygon", "coordinates": [[[132.775, 33.82916666666667], [132.78125, 33.82916666666667], [132.78125, 33.83333333333334], [132.775, 33.83333333333334], [132.775, 33.82916666666667]]]}}, {"type": "Feature", "properties": {"month": "2025-03", "mesh_500m": "503256924", "new_restaurant_permits": 1, "unique_facilities": 1, "mesh_500m_center_lat": 33.83125000000001, "mesh_500m_center_lon": 132.784375}, "geometry": {"type": "Polygon", "coordinates": [[[132.78125, 33.82916666666667], [132.7875, 33.82916666666667], [132.7875, 33.83333333333334], [132.78125, 33.83333333333334], [132.78125, 33.82916666666667]]]}}, {"type": "Feature", "properties": {"month": "2025-03", "mesh_500m": "503256934", "new_restaurant_permits": 1, "unique_facilities": 1, "mesh_500m_center_lat": 33.83125000000001, "mesh_500m_center_lon": 132.796875}, "geometry": {"type": "Polygon", "coordinates": [[[132.79375, 33.82916666666667], [132.79999999999998, 33.82916666666667], [132.79999999999998, 33.83333333333334], [132.79375, 33.83333333333334], [132.79375, 33.82916666666667]]]}}, {"type": "Feature", "properties": {"month": "2025-03", "mesh_500m": "503265092", "new_restaurant_permits": 1, "unique_facilities": 1, "mesh_500m_center_lat": 33.835416666666674, "mesh_500m_center_lon": 132.746875}, "geometry": {"type": "Polygon", "coordinates": [[[132.74375, 33.833333333333336], [132.75, 33.833333333333336], [132.75, 33.837500000000006], [132.74375, 33.837500000000006], [132.74375, 33.833333333333336]]]}}, {"type": "Feature", "properties": {"month": "2025-03", "mesh_500m": "503265273", "new_restaurant_permits": 1, "unique_facilities": 1, "mesh_500m_center_lat": 33.85625, "mesh_500m_center_lon": 132.715625}, "geometry": {"type": "Polygon", "coordinates": [[[132.7125, 33.85416666666667], [132.71875, 33.85416666666667], [132.71875, 33.85833333333334], [132.7125, 33.85833333333334], [132.7125, 33.85416666666667]]]}}, {"type": "Feature", "properties": {"month": "2025-03", "mesh_500m": "503265283", "new_restaurant_permits": 1, "unique_facilities": 1, "mesh_500m_center_lat": 33.85625, "mesh_500m_center_lon": 132.72812499999998}, "geometry": {"type": "Polygon", "coordinates": [[[132.725, 33.85416666666667], [132.73125, 33.85416666666667], [132.73125, 33.85833333333334], [132.725, 33.85833333333334], [132.725, 33.85416666666667]]]}}, {"type": "Feature", "properties": {"month": "2025-03", "mesh_500m": "503265481", "new_restaurant_permits": 1, "unique_facilities": 1, "mesh_500m_center_lat": 33.868750000000006, "mesh_500m_center_lon": 132.72812499999998}, "geometry": {"type": "Polygon", "coordinates": [[[132.725, 33.86666666666667], [132.73125, 33.86666666666667], [132.73125, 33.87083333333334], [132.725, 33.87083333333334], [132.725, 33.86666666666667]]]}}, {"type": "Feature", "properties": {"month": "2025-03", "mesh_500m": "503265492", "new_restaurant_permits": 1, "unique_facilities": 1, "mesh_500m_center_lat": 33.868750000000006, "mesh_500m_center_lon": 132.746875}, "geometry": {"type": "Polygon", "coordinates": [[[132.74375, 33.86666666666667], [132.75, 33.86666666666667], [132.75, 33.87083333333334], [132.74375, 33.87083333333334], [132.74375, 33.86666666666667]]]}}, {"type": "Feature", "properties": {"month": "2025-03", "mesh_500m": "503266022", "new_restaurant_permits": 1, "unique_facilities": 1, "mesh_500m_center_lat": 33.835416666666674, "mesh_500m_center_lon": 132.784375}, "geometry": {"type": "Polygon", "coordinates": [[[132.78125, 33.833333333333336], [132.7875, 33.833333333333336], [132.7875, 33.837500000000006], [132.78125, 33.837500000000006], [132.78125, 33.833333333333336]]]}}, {"type": "Feature", "properties": {"month": "2025-03", "mesh_500m": "503266033", "new_restaurant_permits": 1, "unique_facilities": 1, "mesh_500m_center_lat": 33.83958333333334, "mesh_500m_center_lon": 132.79062499999998}, "geometry": {"type": "Polygon", "coordinates": [[[132.7875, 33.837500000000006], [132.79375, 33.837500000000006], [132.79375, 33.841666666666676], [132.7875, 33.841666666666676], [132.7875, 33.837500000000006]]]}}, {"type": "Feature", "properties": {"month": "2025-03", "mesh_500m": "503266133", "new_restaurant_permits": 1, "unique_facilities": 1, "mesh_500m_center_lat": 33.84791666666668, "mesh_500m_center_lon": 132.79062499999998}, "geometry": {"type": "Polygon", "coordinates": [[[132.7875, 33.84583333333334], [132.79375, 33.84583333333334], [132.79375, 33.85000000000001], [132.7875, 33.85000000000001], [132.7875, 33.84583333333334]]]}}, {"type": "Feature", "properties": {"month": "2025-03", "mesh_500m": "503266201", "new_restaurant_permits": 1, "unique_facilities": 1, "mesh_500m_center_lat": 33.85208333333334, "mesh_500m_center_lon": 132.753125}, "geometry": {"type": "Polygon", "coordinates": [[[132.75, 33.85], [132.75625, 33.85], [132.75625, 33.85416666666667], [132.75, 33.85416666666667], [132.75, 33.85]]]}}, {"type": "Feature", "properties": {"month": "2025-03", "mesh_500m": "503266203", "new_restaurant_permits": 1, "unique_facilities": 1, "mesh_500m_center_lat": 33.85625, "mesh_500m_center_lon": 132.753125}, "geometry": {"type": "Polygon", "coordinates": [[[132.75, 33.85416666666667], [132.75625, 33.85416666666667], [132.75625, 33.85833333333334], [132.75, 33.85833333333334], [132.75, 33.85416666666667]]]}}, {"type": "Feature", "properties": {"month": "2025-03", "mesh_500m": "503266222", "new_restaurant_permits": 1, "unique_facilities": 1, "mesh_500m_center_lat": 33.85208333333334, "mesh_500m_center_lon": 132.784375}, "geometry": {"type": "Polygon", "coordinates": [[[132.78125, 33.85], [132.7875, 33.85], [132.7875, 33.85416666666667], [132.78125, 33.85416666666667], [132.78125, 33.85]]]}}, {"type": "Feature", "properties": {"month": "2025-03", "mesh_500m": "503266224", "new_restaurant_permits": 1, "unique_facilities": 1, "mesh_500m_center_lat": 33.85625, "mesh_500m_center_lon": 132.784375}, "geometry": {"type": "Polygon", "coordinates": [[[132.78125, 33.85416666666667], [132.7875, 33.85416666666667], [132.7875, 33.85833333333334], [132.78125, 33.85833333333334], [132.78125, 33.85416666666667]]]}}, {"type": "Feature", "properties": {"month": "2025-03", "mesh_500m": "503266403", "new_restaurant_permits": 1, "unique_facilities": 1, "mesh_500m_center_lat": 33.87291666666667, "mesh_500m_center_lon": 132.753125}, "geometry": {"type": "Polygon", "coordinates": [[[132.75, 33.87083333333334], [132.75625, 33.87083333333334], [132.75625, 33.87500000000001], [132.75, 33.87500000000001], [132.75, 33.87083333333334]]]}}, {"type": "Feature", "properties": {"month": "2025-03", "mesh_500m": "503276521", "new_restaurant_permits": 1, "unique_facilities": 1, "mesh_500m_center_lat": 33.960416666666674, "mesh_500m_center_lon": 132.778125}, "geometry": {"type": "Polygon", "coordinates": [[[132.775, 33.958333333333336], [132.78125, 33.958333333333336], [132.78125, 33.962500000000006], [132.775, 33.962500000000006], [132.775, 33.958333333333336]]]}}, {"type": "Feature", "properties": {"month": "2025-04", "mesh_500m": "503256634", "new_restaurant_permits": 2, "unique_facilities": 2, "mesh_500m_center_lat": 33.806250000000006, "mesh_500m_center_lon": 132.796875}, "geometry": {"type": "Polygon", "coordinates": [[[132.79375, 33.80416666666667], [132.79999999999998, 33.80416666666667], [132.79999999999998, 33.80833333333334], [132.79375, 33.80833333333334], [132.79375, 33.80416666666667]]]}}, {"type": "Feature", "properties": {"month": "2025-04", "mesh_500m": "503255854", "new_restaurant_permits": 1, "unique_facilities": 1, "mesh_500m_center_lat": 33.82291666666667, "mesh_500m_center_lon": 132.69687499999998}, "geometry": {"type": "Polygon", "coordinates": [[[132.69375, 33.82083333333334], [132.7, 33.82083333333334], [132.7, 33.82500000000001], [132.69375, 33.82500000000001], [132.69375, 33.82083333333334]]]}}, {"type": "Feature", "properties": {"month": "2025-04", "mesh_500m": "503256712", "new_restaurant_permits": 1, "unique_facilities": 1, "mesh_500m_center_lat": 33.81041666666667, "mesh_500m_center_lon": 132.77187499999997}, "geometry": {"type": "Polygon", "coordinates": [[[132.76874999999998, 33.80833333333333], [132.77499999999998, 33.80833333333333], [132.77499999999998, 33.8125], [132.76874999999998, 33.8125], [132.76874999999998, 33.80833333333333]]]}}, {"type": "Feature", "properties": {"month": "2025-04", "mesh_500m": "503256731", "new_restaurant_permits": 1, "unique_facilities": 1, "mesh_500m_center_lat": 33.81041666666667, "mesh_500m_center_lon": 132.79062499999998}, "geometry": {"type": "Polygon", "coordinates": [[[132.7875, 33.80833333333333], [132.79375, 33.80833333333333], [132.79375, 33.8125], [132.7875, 33.8125], [132.7875, 33.80833333333333]]]}}, {"type": "Feature", "properties": {"month": "2025-04", "mesh_500m": "503256801", "new_restaurant_permits": 1, "unique_facilities": 1, "mesh_500m_center_lat": 33.81875000000001, "mesh_500m_center_lon": 132.753125}, "geometry": {"type": "Polygon", "coordinates": [[[132.75, 33.81666666666667], [132.75625, 33.81666666666667], [132.75625, 33.82083333333334], [132.75, 33.82083333333334], [132.75, 33.81666666666667]]]}}, {"type": "Feature", "properties": {"month": "2025-04", "mesh_500m": "503256804", "new_restaurant_permits": 1, "unique_facilities": 1, "mesh_500m_center_lat": 33.82291666666667, "mesh_500m_center_lon": 132.75937499999998}, "geometry": {"type": "Polygon", "coordinates": [[[132.75625, 33.82083333333334], [132.7625, 33.82083333333334], [132.7625, 33.82500000000001], [132.75625, 33.82500000000001], [132.75625, 33.82083333333334]]]}}, {"type": "Feature", "properties": {"month": "2025-04", "mesh_500m": "503256931", "new_restaurant_permits": 1, "unique_facilities": 1, "mesh_500m_center_lat": 33.827083333333334, "mesh_500m_center_lon": 132.79062499999998}, "geometry": {"type": "Polygon", "coordinates": [[[132.7875, 33.825], [132.79375, 33.825], [132.79375, 33.82916666666667], [132.7875, 33.82916666666667], [132.7875, 33.825]]]}}, {"type": "Feature", "properties": {"month": "2025-04", "mesh_500m": "503265373", "new_restaurant_permits": 1, "unique_facilities": 1, "mesh_500m_center_lat": 33.86458333333334, "mesh_500m_center_lon": 132.715625}, "geometry": {"type": "Polygon", "coordinates": [[[132.7125, 33.862500000000004], [132.71875, 33.862500000000004], [132.71875, 33.866666666666674], [132.7125, 33.866666666666674], [132.7125, 33.862500000000004]]]}}, {"type": "Feature", "properties": {"month": "2025-04", "mesh_500m": "503265792", "new_restaurant_permits": 1, "unique_facilities": 1, "mesh_500m_center_lat": 33.89375, "mesh_500m_center_lon": 132.746875}, "geometry": {"type": "Polygon", "coordinates": [[[132.74375, 33.891666666666666], [132.75, 33.891666666666666], [132.75, 33.895833333333336], [132.74375, 33.895833333333336], [132.74375, 33.891666666666666]]]}}, {"type": "Feature", "properties": {"month": "2025-04", "mesh_500m": "503266203", "new_restaurant_permits": 1, "unique_facilities": 1, "mesh_500m_center_lat": 33.85625, "mesh_500m_center_lon": 132.753125}, "geometry": {"type": "Polygon", "coordinates": [[[132.75, 33.85416666666667], [132.75625, 33.85416666666667], [132.75625, 33.85833333333334], [132.75, 33.85833333333334], [132.75, 33.85416666666667]]]}}, {"type": "Feature", "properties": {"month": "2025-04", "mesh_500m": "503266212", "new_restaurant_permits": 1, "unique_facilities": 1, "mesh_500m_center_lat": 33.85208333333334, "mesh_500m_center_lon": 132.77187499999997}, "geometry": {"type": "Polygon", "coordinates": [[[132.76874999999998, 33.85], [132.77499999999998, 33.85], [132.77499999999998, 33.85416666666667], [132.76874999999998, 33.85416666666667], [132.76874999999998, 33.85]]]}}, {"type": "Feature", "properties": {"month": "2025-04", "mesh_500m": "503266221", "new_restaurant_permits": 1, "unique_facilities": 1, "mesh_500m_center_lat": 33.85208333333334, "mesh_500m_center_lon": 132.778125}, "geometry": {"type": "Polygon", "coordinates": [[[132.775, 33.85], [132.78125, 33.85], [132.78125, 33.85416666666667], [132.775, 33.85416666666667], [132.775, 33.85]]]}}, {"type": "Feature", "properties": {"month": "2025-04", "mesh_500m": "503266222", "new_restaurant_permits": 1, "unique_facilities": 1, "mesh_500m_center_lat": 33.85208333333334, "mesh_500m_center_lon": 132.784375}, "geometry": {"type": "Polygon", "coordinates": [[[132.78125, 33.85], [132.7875, 33.85], [132.7875, 33.85416666666667], [132.78125, 33.85416666666667], [132.78125, 33.85]]]}}, {"type": "Feature", "properties": {"month": "2025-04", "mesh_500m": "503266302", "new_restaurant_permits": 1, "unique_facilities": 1, "mesh_500m_center_lat": 33.860416666666666, "mesh_500m_center_lon": 132.75937499999998}, "geometry": {"type": "Polygon", "coordinates": [[[132.75625, 33.858333333333334], [132.7625, 33.858333333333334], [132.7625, 33.862500000000004], [132.75625, 33.862500000000004], [132.75625, 33.858333333333334]]]}}, {"type": "Feature", "properties": {"month": "2025-05", "mesh_500m": "503266222", "new_restaurant_permits": 4, "unique_facilities": 4, "mesh_500m_center_lat": 33.85208333333334, "mesh_500m_center_lon": 132.784375}, "geometry": {"type": "Polygon", "coordinates": [[[132.78125, 33.85], [132.7875, 33.85], [132.7875, 33.85416666666667], [132.78125, 33.85416666666667], [132.78125, 33.85]]]}}, {"type": "Feature", "properties": {"month": "2025-05", "mesh_500m": "503255971", "new_restaurant_permits": 3, "unique_facilities": 3, "mesh_500m_center_lat": 33.827083333333334, "mesh_500m_center_lon": 132.715625}, "geometry": {"type": "Polygon", "coordinates": [[[132.7125, 33.825], [132.71875, 33.825], [132.71875, 33.82916666666667], [132.7125, 33.82916666666667], [132.7125, 33.825]]]}}, {"type": "Feature", "properties": {"month": "2025-05", "mesh_500m": "503255983", "new_restaurant_permits": 2, "unique_facilities": 2, "mesh_500m_center_lat": 33.83125000000001, "mesh_500m_center_lon": 132.72812499999998}, "geometry": {"type": "Polygon", "coordinates": [[[132.725, 33.82916666666667], [132.73125, 33.82916666666667], [132.73125, 33.83333333333334], [132.725, 33.83333333333334], [132.725, 33.82916666666667]]]}}, {"type": "Feature", "properties": {"month": "2025-05", "mesh_500m": "503265274", "new_restaurant_permits": 2, "unique_facilities": 2, "mesh_500m_center_lat": 33.85625, "mesh_500m_center_lon": 132.721875}, "geometry": {"type": "Polygon", "coordinates": [[[132.71875, 33.85416666666667], [132.725, 33.85416666666667], [132.725, 33.85833333333334], [132.71875, 33.85833333333334], [132.71875, 33.85416666666667]]]}}, {"type": "Feature", "properties": {"month": "2025-05", "mesh_500m": "503265381", "new_restaurant_permits": 2, "unique_facilities": 2, "mesh_500m_center_lat": 33.860416666666666, "mesh_500m_center_lon": 132.72812499999998}, "geometry": {"type": "Polygon", "coordinates": [[[132.725, 33.858333333333334], [132.73125, 33.858333333333334], [132.73125, 33.862500000000004], [132.725, 33.862500000000004], [132.725, 33.858333333333334]]]}}, {"type": "Feature", "properties": {"month": "2025-05", "mesh_500m": "503266203", "new_restaurant_permits": 2, "unique_facilities": 2, "mesh_500m_center_lat": 33.85625, "mesh_500m_center_lon": 132.753125}, "geometry": {"type": "Polygon", "coordinates": [[[132.75, 33.85416666666667], [132.75625, 33.85416666666667], [132.75625, 33.85833333333334], [132.75, 33.85833333333334], [132.75, 33.85416666666667]]]}}, {"type": "Feature", "properties": {"month": "2025-05", "mesh_500m": "503266303", "new_restaurant_permits": 2, "unique_facilities": 2, "mesh_500m_center_lat": 33.86458333333334, "mesh_500m_center_lon": 132.753125}, "geometry": {"type": "Polygon", "coordinates": [[[132.75, 33.862500000000004], [132.75625, 33.862500000000004], [132.75625, 33.866666666666674], [132.75, 33.866666666666674], [132.75, 33.862500000000004]]]}}, {"type": "Feature", "properties": {"month": "2025-05", "mesh_500m": "503255782", "new_restaurant_permits": 1, "unique_facilities": 1, "mesh_500m_center_lat": 33.81041666666667, "mesh_500m_center_lon": 132.734375}, "geometry": {"type": "Polygon", "coordinates": [[[132.73125, 33.80833333333333], [132.73749999999998, 33.80833333333333], [132.73749999999998, 33.8125], [132.73125, 33.8125], [132.73125, 33.80833333333333]]]}}, {"type": "Feature", "properties": {"month": "2025-05", "mesh_500m": "503255892", "new_restaurant_permits": 1, "unique_facilities": 1, "mesh_500m_center_lat": 33.81875000000001, "mesh_500m_center_lon": 132.746875}, "geometry": {"type": "Polygon", "coordinates": [[[132.74375, 33.81666666666667], [132.75, 33.81666666666667], [132.75, 33.82083333333334], [132.74375, 33.82083333333334], [132.74375, 33.81666666666667]]]}}, {"type": "Feature", "properties": {"month": "2025-05", "mesh_500m": "503255992", "new_restaurant_permits": 1, "unique_facilities": 1, "mesh_500m_center_lat": 33.827083333333334, "mesh_500m_center_lon": 132.746875}, "geometry": {"type": "Polygon", "coordinates": [[[132.74375, 33.825], [132.75, 33.825], [132.75, 33.82916666666667], [132.74375, 33.82916666666667], [132.74375, 33.825]]]}}, {"type": "Feature", "properties": {"month": "2025-05", "mesh_500m": "503255994", "new_restaurant_permits": 1, "unique_facilities": 1, "mesh_500m_center_lat": 33.83125000000001, "mesh_500m_center_lon": 132.746875}, "geometry": {"type": "Polygon", "coordinates": [[[132.74375, 33.82916666666667], [132.75, 33.82916666666667], [132.75, 33.83333333333334], [132.74375, 33.83333333333334], [132.74375, 33.82916666666667]]]}}, {"type": "Feature", "properties": {"month": "2025-05", "mesh_500m": "503256721", "new_restaurant_permits": 1, "unique_facilities": 1, "mesh_500m_center_lat": 33.81041666666667, "mesh_500m_center_lon": 132.778125}, "geometry": {"type": "Polygon", "coordinates": [[[132.775, 33.80833333333333], [132.78125, 33.80833333333333], [132.78125, 33.8125], [132.775, 33.8125], [132.775, 33.80833333333333]]]}}, {"type": "Feature", "properties": {"month": "2025-05", "mesh_500m": "503256732", "new_restaurant_permits": 1, "unique_facilities": 1, "mesh_500m_center_lat": 33.81041666666667, "mesh_500m_center_lon": 132.796875}, "geometry": {"type": "Polygon", "coordinates": [[[132.79375, 33.80833333333333], [132.79999999999998, 33.80833333333333], [132.79999999999998, 33.8125], [132.79375, 33.8125], [132.79375, 33.80833333333333]]]}}, {"type": "Feature", "properties": {"month": "2025-05", "mesh_500m": "503256811", "new_restaurant_permits": 1, "unique_facilities": 1, "mesh_500m_center_lat": 33.81875000000001, "mesh_500m_center_lon": 132.765625}, "geometry": {"type": "Polygon", "coordinates": [[[132.7625, 33.81666666666667], [132.76874999999998, 33.81666666666667], [132.76874999999998, 33.82083333333334], [132.7625, 33.82083333333334], [132.7625, 33.81666666666667]]]}}, {"type": "Feature", "properties": {"month": "2025-05", "mesh_500m": "503256823", "new_restaurant_permits": 1, "unique_facilities": 1, "mesh_500m_center_lat": 33.82291666666667, "mesh_500m_center_lon": 132.778125}, "geometry": {"type": "Polygon", "coordinates": [[[132.775, 33.82083333333334], [132.78125, 33.82083333333334], [132.78125, 33.82500000000001], [132.775, 33.82500000000001], [132.775, 33.82083333333334]]]}}, {"type": "Feature", "properties": {"month": "2025-05", "mesh_500m": "503256912", "new_restaurant_permits": 1, "unique_facilities": 1, "mesh_500m_center_lat": 33.827083333333334, "mesh_500m_center_lon": 132.77187499999997}, "geometry": {"type": "Polygon", "coordinates": [[[132.76874999999998, 33.825], [132.77499999999998, 33.825], [132.77499999999998, 33.82916666666667], [132.76874999999998, 33.82916666666667], [132.76874999999998, 33.825]]]}}, {"type": "Feature", "properties": {"month": "2025-05", "mesh_500m": "503256923", "new_restaurant_permits": 1, "unique_facilities": 1, "mesh_500m_center_lat": 33.83125000000001, "mesh_500m_center_lon": 132.778125}, "geometry": {"type": "Polygon", "coordinates": [[[132.775, 33.82916666666667], [132.78125, 33.82916666666667], [132.78125, 33.83333333333334], [132.775, 33.83333333333334], [132.775, 33.82916666666667]]]}}, {"type": "Feature", "properties": {"month": "2025-05", "mesh_500m": "503265093", "new_restaurant_permits": 1, "unique_facilities": 1, "mesh_500m_center_lat": 33.83958333333334, "mesh_500m_center_lon": 132.74062500000002}, "geometry": {"type": "Polygon", "coordinates": [[[132.7375, 33.837500000000006], [132.74375, 33.837500000000006], [132.74375, 33.841666666666676], [132.7375, 33.841666666666676], [132.7375, 33.837500000000006]]]}}, {"type": "Feature", "properties": {"month": "2025-05", "mesh_500m": "503265094", "new_restaurant_permits": 1, "unique_facilities": 1, "mesh_500m_center_lat": 33.83958333333334, "mesh_500m_center_lon": 132.746875}, "geometry": {"type": "Polygon", "coordinates": [[[132.74375, 33.837500000000006], [132.75, 33.837500000000006], [132.75, 33.841666666666676], [132.74375, 33.841666666666676], [132.74375, 33.837500000000006]]]}}, {"type": "Feature", "properties": {"month": "2025-05", "mesh_500m": "503265194", "new_restaurant_permits": 1, "unique_facilities": 1, "mesh_500m_center_lat": 33.84791666666668, "mesh_500m_center_lon": 132.746875}, "geometry": {"type": "Polygon", "coordinates": [[[132.74375, 33.84583333333334], [132.75, 33.84583333333334], [132.75, 33.85000000000001], [132.74375, 33.85000000000001], [132.74375, 33.84583333333334]]]}}, {"type": "Feature", "properties": {"month": "2025-05", "mesh_500m": "503265273", "new_restaurant_permits": 1, "unique_facilities": 1, "mesh_500m_center_lat": 33.85625, "mesh_500m_center_lon": 132.715625}, "geometry": {"type": "Polygon", "coordinates": [[[132.7125, 33.85416666666667], [132.71875, 33.85416666666667], [132.71875, 33.85833333333334], [132.7125, 33.85833333333334], [132.7125, 33.85416666666667]]]}}, {"type": "Feature", "properties": {"month": "2025-05", "mesh_500m": "503265283", "new_restaurant_permits": 1, "unique_facilities": 1, "mesh_500m_center_lat": 33.85625, "mesh_500m_center_lon": 132.72812499999998}, "geometry": {"type": "Polygon", "coordinates": [[[132.725, 33.85416666666667], [132.73125, 33.85416666666667], [132.73125, 33.85833333333334], [132.725, 33.85833333333334], [132.725, 33.85416666666667]]]}}, {"type": "Feature", "properties": {"month": "2025-05", "mesh_500m": "503265292", "new_restaurant_permits": 1, "unique_facilities": 1, "mesh_500m_center_lat": 33.85208333333334, "mesh_500m_center_lon": 132.746875}, "geometry": {"type": "Polygon", "coordinates": [[[132.74375, 33.85], [132.75, 33.85], [132.75, 33.85416666666667], [132.74375, 33.85416666666667], [132.74375, 33.85]]]}}, {"type": "Feature", "properties": {"month": "2025-05", "mesh_500m": "503265373", "new_restaurant_permits": 1, "unique_facilities": 1, "mesh_500m_center_lat": 33.86458333333334, "mesh_500m_center_lon": 132.715625}, "geometry": {"type": "Polygon", "coordinates": [[[132.7125, 33.862500000000004], [132.71875, 33.862500000000004], [132.71875, 33.866666666666674], [132.7125, 33.866666666666674], [132.7125, 33.862500000000004]]]}}, {"type": "Feature", "properties": {"month": "2025-05", "mesh_500m": "503265472", "new_restaurant_permits": 1, "unique_facilities": 1, "mesh_500m_center_lat": 33.868750000000006, "mesh_500m_center_lon": 132.721875}, "geometry": {"type": "Polygon", "coordinates": [[[132.71875, 33.86666666666667], [132.725, 33.86666666666667], [132.725, 33.87083333333334], [132.71875, 33.87083333333334], [132.71875, 33.86666666666667]]]}}, {"type": "Feature", "properties": {"month": "2025-05", "mesh_500m": "503266031", "new_restaurant_permits": 1, "unique_facilities": 1, "mesh_500m_center_lat": 33.835416666666674, "mesh_500m_center_lon": 132.79062499999998}, "geometry": {"type": "Polygon", "coordinates": [[[132.7875, 33.833333333333336], [132.79375, 33.833333333333336], [132.79375, 33.837500000000006], [132.7875, 33.837500000000006], [132.7875, 33.833333333333336]]]}}, {"type": "Feature", "properties": {"month": "2025-05", "mesh_500m": "503266101", "new_restaurant_permits": 1, "unique_facilities": 1, "mesh_500m_center_lat": 33.84375, "mesh_500m_center_lon": 132.753125}, "geometry": {"type": "Polygon", "coordinates": [[[132.75, 33.84166666666667], [132.75625, 33.84166666666667], [132.75625, 33.84583333333334], [132.75, 33.84583333333334], [132.75, 33.84166666666667]]]}}, {"type": "Feature", "properties": {"month": "2025-05", "mesh_500m": "503266223", "new_restaurant_permits": 1, "unique_facilities": 1, "mesh_500m_center_lat": 33.85625, "mesh_500m_center_lon": 132.778125}, "geometry": {"type": "Polygon", "coordinates": [[[132.775, 33.85416666666667], [132.78125, 33.85416666666667], [132.78125, 33.85833333333334], [132.775, 33.85833333333334], [132.775, 33.85416666666667]]]}}, {"type": "Feature", "properties": {"month": "2025-05", "mesh_500m": "503266231", "new_restaurant_permits": 1, "unique_facilities": 1, "mesh_500m_center_lat": 33.85208333333334, "mesh_500m_center_lon": 132.79062499999998}, "geometry": {"type": "Polygon", "coordinates": [[[132.7875, 33.85], [132.79375, 33.85], [132.79375, 33.85416666666667], [132.7875, 33.85416666666667], [132.7875, 33.85]]]}}, {"type": "Feature", "properties": {"month": "2025-05", "mesh_500m": "503276521", "new_restaurant_permits": 1, "unique_facilities": 1, "mesh_500m_center_lat": 33.960416666666674, "mesh_500m_center_lon": 132.778125}, "geometry": {"type": "Polygon", "coordinates": [[[132.775, 33.958333333333336], [132.78125, 33.958333333333336], [132.78125, 33.962500000000006], [132.775, 33.962500000000006], [132.775, 33.958333333333336]]]}}, {"type": "Feature", "properties": {"month": "2025-06", "mesh_500m": "503256711", "new_restaurant_permits": 2, "unique_facilities": 2, "mesh_500m_center_lat": 33.81041666666667, "mesh_500m_center_lon": 132.765625}, "geometry": {"type": "Polygon", "coordinates": [[[132.7625, 33.80833333333333], [132.76874999999998, 33.80833333333333], [132.76874999999998, 33.8125], [132.7625, 33.8125], [132.7625, 33.80833333333333]]]}}, {"type": "Feature", "properties": {"month": "2025-06", "mesh_500m": "503256712", "new_restaurant_permits": 2, "unique_facilities": 2, "mesh_500m_center_lat": 33.81041666666667, "mesh_500m_center_lon": 132.77187499999997}, "geometry": {"type": "Polygon", "coordinates": [[[132.76874999999998, 33.80833333333333], [132.77499999999998, 33.80833333333333], [132.77499999999998, 33.8125], [132.76874999999998, 33.8125], [132.76874999999998, 33.80833333333333]]]}}, {"type": "Feature", "properties": {"month": "2025-06", "mesh_500m": "503256741", "new_restaurant_permits": 2, "unique_facilities": 2, "mesh_500m_center_lat": 33.81041666666667, "mesh_500m_center_lon": 132.80312500000002}, "geometry": {"type": "Polygon", "coordinates": [[[132.8, 33.80833333333333], [132.80625, 33.80833333333333], [132.80625, 33.8125], [132.8, 33.8125], [132.8, 33.80833333333333]]]}}, {"type": "Feature", "properties": {"month": "2025-06", "mesh_500m": "503256823", "new_restaurant_permits": 2, "unique_facilities": 2, "mesh_500m_center_lat": 33.82291666666667, "mesh_500m_center_lon": 132.778125}, "geometry": {"type": "Polygon", "coordinates": [[[132.775, 33.82083333333334], [132.78125, 33.82083333333334], [132.78125, 33.82500000000001], [132.775, 33.82500000000001], [132.775, 33.82083333333334]]]}}, {"type": "Feature", "properties": {"month": "2025-06", "mesh_500m": "503255683", "new_restaurant_permits": 1, "unique_facilities": 1, "mesh_500m_center_lat": 33.806250000000006, "mesh_500m_center_lon": 132.72812499999998}, "geometry": {"type": "Polygon", "coordinates": [[[132.725, 33.80416666666667], [132.73125, 33.80416666666667], [132.73125, 33.80833333333334], [132.725, 33.80833333333334], [132.725, 33.80416666666667]]]}}, {"type": "Feature", "properties": {"month": "2025-06", "mesh_500m": "503255893", "new_restaurant_permits": 1, "unique_facilities": 1, "mesh_500m_center_lat": 33.82291666666667, "mesh_500m_center_lon": 132.74062500000002}, "geometry": {"type": "Polygon", "coordinates": [[[132.7375, 33.82083333333334], [132.74375, 33.82083333333334], [132.74375, 33.82500000000001], [132.7375, 33.82500000000001], [132.7375, 33.82083333333334]]]}}, {"type": "Feature", "properties": {"month": "2025-06", "mesh_500m": "503255964", "new_restaurant_permits": 1, "unique_facilities": 1, "mesh_500m_center_lat": 33.83125000000001, "mesh_500m_center_lon": 132.70937499999997}, "geometry": {"type": "Polygon", "coordinates": [[[132.70624999999998, 33.82916666666667], [132.71249999999998, 33.82916666666667], [132.71249999999998, 33.83333333333334], [132.70624999999998, 33.83333333333334], [132.70624999999998, 33.82916666666667]]]}}, {"type": "Feature", "properties": {"month": "2025-06", "mesh_500m": "503255974", "new_restaurant_permits": 1, "unique_facilities": 1, "mesh_500m_center_lat": 33.83125000000001, "mesh_500m_center_lon": 132.721875}, "geometry": {"type": "Polygon", "coordinates": [[[132.71875, 33.82916666666667], [132.725, 33.82916666666667], [132.725, 33.83333333333334], [132.71875, 33.83333333333334], [132.71875, 33.82916666666667]]]}}, {"type": "Feature", "properties": {"month": "2025-06", "mesh_500m": "503255982", "new_restaurant_permits": 1, "unique_facilities": 1, "mesh_500m_center_lat": 33.827083333333334, "mesh_500m_center_lon": 132.734375}, "geometry": {"type": "Polygon", "coordinates": [[[132.73125, 33.825], [132.73749999999998, 33.825], [132.73749999999998, 33.82916666666667], [132.73125, 33.82916666666667], [132.73125, 33.825]]]}}, {"type": "Feature", "properties": {"month": "2025-06", "mesh_500m": "503256613", "new_restaurant_permits": 1, "unique_facilities": 1, "mesh_500m_center_lat": 33.806250000000006, "mesh_500m_center_lon": 132.765625}, "geometry": {"type": "Polygon", "coordinates": [[[132.7625, 33.80416666666667], [132.76874999999998, 33.80416666666667], [132.76874999999998, 33.80833333333334], [132.7625, 33.80833333333334], [132.7625, 33.80416666666667]]]}}, {"type": "Feature", "properties": {"month": "2025-06", "mesh_500m": "503256624", "new_restaurant_permits": 1, "unique_facilities": 1, "mesh_500m_center_lat": 33.806250000000006, "mesh_500m_center_lon": 132.784375}, "geometry": {"type": "Polygon", "coordinates": [[[132.78125, 33.80416666666667], [132.7875, 33.80416666666667], [132.7875, 33.80833333333334], [132.78125, 33.80833333333334], [132.78125, 33.80416666666667]]]}}, {"type": "Feature", "properties": {"month": "2025-06", "mesh_500m": "503256702", "new_restaurant_permits": 1, "unique_facilities": 1, "mesh_500m_center_lat": 33.81041666666667, "mesh_500m_center_lon": 132.75937499999998}, "geometry": {"type": "Polygon", "coordinates": [[[132.75625, 33.80833333333333], [132.7625, 33.80833333333333], [132.7625, 33.8125], [132.75625, 33.8125], [132.75625, 33.80833333333333]]]}}, {"type": "Feature", "properties": {"month": "2025-06", "mesh_500m": "503256703", "new_restaurant_permits": 1, "unique_facilities": 1, "mesh_500m_center_lat": 33.81458333333333, "mesh_500m_center_lon": 132.753125}, "geometry": {"type": "Polygon", "coordinates": [[[132.75, 33.8125], [132.75625, 33.8125], [132.75625, 33.81666666666667], [132.75, 33.81666666666667], [132.75, 33.8125]]]}}, {"type": "Feature", "properties": {"month": "2025-06", "mesh_500m": "503256724", "new_restaurant_permits": 1, "unique_facilities": 1, "mesh_500m_center_lat": 33.81458333333333, "mesh_500m_center_lon": 132.784375}, "geometry": {"type": "Polygon", "coordinates": [[[132.78125, 33.8125], [132.7875, 33.8125], [132.7875, 33.81666666666667], [132.78125, 33.81666666666667], [132.78125, 33.8125]]]}}, {"type": "Feature", "properties": {"month": "2025-06", "mesh_500m": "503256732", "new_restaurant_permits": 1, "unique_facilities": 1, "mesh_500m_center_lat": 33.81041666666667, "mesh_500m_center_lon": 132.796875}, "geometry": {"type": "Polygon", "coordinates": [[[132.79375, 33.80833333333333], [132.79999999999998, 33.80833333333333], [132.79999999999998, 33.8125], [132.79375, 33.8125], [132.79375, 33.80833333333333]]]}}, {"type": "Feature", "properties": {"month": "2025-06", "mesh_500m": "503256802", "new_restaurant_permits": 1, "unique_facilities": 1, "mesh_500m_center_lat": 33.81875000000001, "mesh_500m_center_lon": 132.75937499999998}, "geometry": {"type": "Polygon", "coordinates": [[[132.75625, 33.81666666666667], [132.7625, 33.81666666666667], [132.7625, 33.82083333333334], [132.75625, 33.82083333333334], [132.75625, 33.81666666666667]]]}}, {"type": "Feature", "properties": {"month": "2025-06", "mesh_500m": "503256803", "new_restaurant_permits": 1, "unique_facilities": 1, "mesh_500m_center_lat": 33.82291666666667, "mesh_500m_center_lon": 132.753125}, "geometry": {"type": "Polygon", "coordinates": [[[132.75, 33.82083333333334], [132.75625, 33.82083333333334], [132.75625, 33.82500000000001], [132.75, 33.82500000000001], [132.75, 33.82083333333334]]]}}, {"type": "Feature", "properties": {"month": "2025-06", "mesh_500m": "503256814", "new_restaurant_permits": 1, "unique_facilities": 1, "mesh_500m_center_lat": 33.82291666666667, "mesh_500m_center_lon": 132.77187499999997}, "geometry": {"type": "Polygon", "coordinates": [[[132.76874999999998, 33.82083333333334], [132.77499999999998, 33.82083333333334], [132.77499999999998, 33.82500000000001], [132.76874999999998, 33.82500000000001], [132.76874999999998, 33.82083333333334]]]}}, {"type": "Feature", "properties": {"month": "2025-06", "mesh_500m": "503256822", "new_restaurant_permits": 1, "unique_facilities": 1, "mesh_500m_center_lat": 33.81875000000001, "mesh_500m_center_lon": 132.784375}, "geometry": {"type": "Polygon", "coordinates": [[[132.78125, 33.81666666666667], [132.7875, 33.81666666666667], [132.7875, 33.82083333333334], [132.78125, 33.82083333333334], [132.78125, 33.81666666666667]]]}}, {"type": "Feature", "properties": {"month": "2025-06", "mesh_500m": "503256914", "new_restaurant_permits": 1, "unique_facilities": 1, "mesh_500m_center_lat": 33.83125000000001, "mesh_500m_center_lon": 132.77187499999997}, "geometry": {"type": "Polygon", "coordinates": [[[132.76874999999998, 33.82916666666667], [132.77499999999998, 33.82916666666667], [132.77499999999998, 33.83333333333334], [132.76874999999998, 33.83333333333334], [132.76874999999998, 33.82916666666667]]]}}, {"type": "Feature", "properties": {"month": "2025-06", "mesh_500m": "503256923", "new_restaurant_permits": 1, "unique_facilities": 1, "mesh_500m_center_lat": 33.83125000000001, "mesh_500m_center_lon": 132.778125}, "geometry": {"type": "Polygon", "coordinates": [[[132.775, 33.82916666666667], [132.78125, 33.82916666666667], [132.78125, 33.83333333333334], [132.775, 33.83333333333334], [132.775, 33.82916666666667]]]}}, {"type": "Feature", "properties": {"month": "2025-06", "mesh_500m": "503265283", "new_restaurant_permits": 1, "unique_facilities": 1, "mesh_500m_center_lat": 33.85625, "mesh_500m_center_lon": 132.72812499999998}, "geometry": {"type": "Polygon", "coordinates": [[[132.725, 33.85416666666667], [132.73125, 33.85416666666667], [132.73125, 33.85833333333334], [132.725, 33.85833333333334], [132.725, 33.85416666666667]]]}}, {"type": "Feature", "properties": {"month": "2025-06", "mesh_500m": "503266021", "new_restaurant_permits": 1, "unique_facilities": 1, "mesh_500m_center_lat": 33.835416666666674, "mesh_500m_center_lon": 132.778125}, "geometry": {"type": "Polygon", "coordinates": [[[132.775, 33.833333333333336], [132.78125, 33.833333333333336], [132.78125, 33.837500000000006], [132.775, 33.837500000000006], [132.775, 33.833333333333336]]]}}, {"type": "Feature", "properties": {"month": "2025-06", "mesh_500m": "503266022", "new_restaurant_permits": 1, "unique_facilities": 1, "mesh_500m_center_lat": 33.835416666666674, "mesh_500m_center_lon": 132.784375}, "geometry": {"type": "Polygon", "coordinates": [[[132.78125, 33.833333333333336], [132.7875, 33.833333333333336], [132.7875, 33.837500000000006], [132.78125, 33.837500000000006], [132.78125, 33.833333333333336]]]}}, {"type": "Feature", "properties": {"month": "2025-06", "mesh_500m": "503266101", "new_restaurant_permits": 1, "unique_facilities": 1, "mesh_500m_center_lat": 33.84375, "mesh_500m_center_lon": 132.753125}, "geometry": {"type": "Polygon", "coordinates": [[[132.75, 33.84166666666667], [132.75625, 33.84166666666667], [132.75625, 33.84583333333334], [132.75, 33.84583333333334], [132.75, 33.84166666666667]]]}}, {"type": "Feature", "properties": {"month": "2025-06", "mesh_500m": "503266223", "new_restaurant_permits": 1, "unique_facilities": 1, "mesh_500m_center_lat": 33.85625, "mesh_500m_center_lon": 132.778125}, "geometry": {"type": "Polygon", "coordinates": [[[132.775, 33.85416666666667], [132.78125, 33.85416666666667], [132.78125, 33.85833333333334], [132.775, 33.85833333333334], [132.775, 33.85416666666667]]]}}, {"type": "Feature", "properties": {"month": "2025-06", "mesh_500m": "503266303", "new_restaurant_permits": 1, "unique_facilities": 1, "mesh_500m_center_lat": 33.86458333333334, "mesh_500m_center_lon": 132.753125}, "geometry": {"type": "Polygon", "coordinates": [[[132.75, 33.862500000000004], [132.75625, 33.862500000000004], [132.75625, 33.866666666666674], [132.75, 33.866666666666674], [132.75, 33.862500000000004]]]}}, {"type": "Feature", "properties": {"month": "2025-06", "mesh_500m": "503276314", "new_restaurant_permits": 1, "unique_facilities": 1, "mesh_500m_center_lat": 33.94791666666667, "mesh_500m_center_lon": 132.77187499999997}, "geometry": {"type": "Polygon", "coordinates": [[[132.76874999999998, 33.94583333333334], [132.77499999999998, 33.94583333333334], [132.77499999999998, 33.95000000000001], [132.76874999999998, 33.95000000000001], [132.76874999999998, 33.94583333333334]]]}}, {"type": "Feature", "properties": {"month": "2025-06", "mesh_500m": "503276712", "new_restaurant_permits": 1, "unique_facilities": 1, "mesh_500m_center_lat": 33.97708333333334, "mesh_500m_center_lon": 132.77187499999997}, "geometry": {"type": "Polygon", "coordinates": [[[132.76874999999998, 33.975], [132.77499999999998, 33.975], [132.77499999999998, 33.97916666666667], [132.76874999999998, 33.97916666666667], [132.76874999999998, 33.975]]]}}, {"type": "Feature", "properties": {"month": "2025-07", "mesh_500m": "503255992", "new_restaurant_permits": 2, "unique_facilities": 2, "mesh_500m_center_lat": 33.827083333333334, "mesh_500m_center_lon": 132.746875}, "geometry": {"type": "Polygon", "coordinates": [[[132.74375, 33.825], [132.75, 33.825], [132.75, 33.82916666666667], [132.74375, 33.82916666666667], [132.74375, 33.825]]]}}, {"type": "Feature", "properties": {"month": "2025-07", "mesh_500m": "503255971", "new_restaurant_permits": 1, "unique_facilities": 1, "mesh_500m_center_lat": 33.827083333333334, "mesh_500m_center_lon": 132.715625}, "geometry": {"type": "Polygon", "coordinates": [[[132.7125, 33.825], [132.71875, 33.825], [132.71875, 33.82916666666667], [132.7125, 33.82916666666667], [132.7125, 33.825]]]}}, {"type": "Feature", "properties": {"month": "2025-07", "mesh_500m": "503255972", "new_restaurant_permits": 1, "unique_facilities": 1, "mesh_500m_center_lat": 33.827083333333334, "mesh_500m_center_lon": 132.721875}, "geometry": {"type": "Polygon", "coordinates": [[[132.71875, 33.825], [132.725, 33.825], [132.725, 33.82916666666667], [132.71875, 33.82916666666667], [132.71875, 33.825]]]}}, {"type": "Feature", "properties": {"month": "2025-07", "mesh_500m": "503256702", "new_restaurant_permits": 1, "unique_facilities": 1, "mesh_500m_center_lat": 33.81041666666667, "mesh_500m_center_lon": 132.75937499999998}, "geometry": {"type": "Polygon", "coordinates": [[[132.75625, 33.80833333333333], [132.7625, 33.80833333333333], [132.7625, 33.8125], [132.75625, 33.8125], [132.75625, 33.80833333333333]]]}}, {"type": "Feature", "properties": {"month": "2025-07", "mesh_500m": "503256802", "new_restaurant_permits": 1, "unique_facilities": 1, "mesh_500m_center_lat": 33.81875000000001, "mesh_500m_center_lon": 132.75937499999998}, "geometry": {"type": "Polygon", "coordinates": [[[132.75625, 33.81666666666667], [132.7625, 33.81666666666667], [132.7625, 33.82083333333334], [132.75625, 33.82083333333334], [132.75625, 33.81666666666667]]]}}, {"type": "Feature", "properties": {"month": "2025-07", "mesh_500m": "503256811", "new_restaurant_permits": 1, "unique_facilities": 1, "mesh_500m_center_lat": 33.81875000000001, "mesh_500m_center_lon": 132.765625}, "geometry": {"type": "Polygon", "coordinates": [[[132.7625, 33.81666666666667], [132.76874999999998, 33.81666666666667], [132.76874999999998, 33.82083333333334], [132.7625, 33.82083333333334], [132.7625, 33.81666666666667]]]}}, {"type": "Feature", "properties": {"month": "2025-07", "mesh_500m": "503256913", "new_restaurant_permits": 1, "unique_facilities": 1, "mesh_500m_center_lat": 33.83125000000001, "mesh_500m_center_lon": 132.765625}, "geometry": {"type": "Polygon", "coordinates": [[[132.7625, 33.82916666666667], [132.76874999999998, 33.82916666666667], [132.76874999999998, 33.83333333333334], [132.7625, 33.83333333333334], [132.7625, 33.82916666666667]]]}}, {"type": "Feature", "properties": {"month": "2025-07", "mesh_500m": "503256933", "new_restaurant_permits": 1, "unique_facilities": 1, "mesh_500m_center_lat": 33.83125000000001, "mesh_500m_center_lon": 132.79062499999998}, "geometry": {"type": "Polygon", "coordinates": [[[132.7875, 33.82916666666667], [132.79375, 33.82916666666667], [132.79375, 33.83333333333334], [132.7875, 33.83333333333334], [132.7875, 33.82916666666667]]]}}, {"type": "Feature", "properties": {"month": "2025-07", "mesh_500m": "503265471", "new_restaurant_permits": 1, "unique_facilities": 1, "mesh_500m_center_lat": 33.868750000000006, "mesh_500m_center_lon": 132.715625}, "geometry": {"type": "Polygon", "coordinates": [[[132.7125, 33.86666666666667], [132.71875, 33.86666666666667], [132.71875, 33.87083333333334], [132.7125, 33.87083333333334], [132.7125, 33.86666666666667]]]}}, {"type": "Feature", "properties": {"month": "2025-07", "mesh_500m": "503265882", "new_restaurant_permits": 1, "unique_facilities": 1, "mesh_500m_center_lat": 33.90208333333334, "mesh_500m_center_lon": 132.734375}, "geometry": {"type": "Polygon", "coordinates": [[[132.73125, 33.900000000000006], [132.73749999999998, 33.900000000000006], [132.73749999999998, 33.904166666666676], [132.73125, 33.904166666666676], [132.73125, 33.900000000000006]]]}}, {"type": "Feature", "properties": {"month": "2025-07", "mesh_500m": "503266001", "new_restaurant_permits": 1, "unique_facilities": 1, "mesh_500m_center_lat": 33.835416666666674, "mesh_500m_center_lon": 132.753125}, "geometry": {"type": "Polygon", "coordinates": [[[132.75, 33.833333333333336], [132.75625, 33.833333333333336], [132.75625, 33.837500000000006], [132.75, 33.837500000000006], [132.75, 33.833333333333336]]]}}, {"type": "Feature", "properties": {"month": "2025-07", "mesh_500m": "503266022", "new_restaurant_permits": 1, "unique_facilities": 1, "mesh_500m_center_lat": 33.835416666666674, "mesh_500m_center_lon": 132.784375}, "geometry": {"type": "Polygon", "coordinates": [[[132.78125, 33.833333333333336], [132.7875, 33.833333333333336], [132.7875, 33.837500000000006], [132.78125, 33.837500000000006], [132.78125, 33.833333333333336]]]}}, {"type": "Feature", "properties": {"month": "2025-07", "mesh_500m": "503266222", "new_restaurant_permits": 1, "unique_facilities": 1, "mesh_500m_center_lat": 33.85208333333334, "mesh_500m_center_lon": 132.784375}, "geometry": {"type": "Polygon", "coordinates": [[[132.78125, 33.85], [132.7875, 33.85], [132.7875, 33.85416666666667], [132.78125, 33.85416666666667], [132.78125, 33.85]]]}}, {"type": "Feature", "properties": {"month": "2025-07", "mesh_500m": "503274482", "new_restaurant_permits": 1, "unique_facilities": 1, "mesh_500m_center_lat": 33.952083333333334, "mesh_500m_center_lon": 132.609375}, "geometry": {"type": "Polygon", "coordinates": [[[132.60625, 33.95], [132.61249999999998, 33.95], [132.61249999999998, 33.95416666666667], [132.60625, 33.95416666666667], [132.60625, 33.95]]]}}, {"type": "Feature", "properties": {"month": "2025-08", "mesh_500m": "503265373", "new_restaurant_permits": 3, "unique_facilities": 3, "mesh_500m_center_lat": 33.86458333333334, "mesh_500m_center_lon": 132.715625}, "geometry": {"type": "Polygon", "coordinates": [[[132.7125, 33.862500000000004], [132.71875, 33.862500000000004], [132.71875, 33.866666666666674], [132.7125, 33.866666666666674], [132.7125, 33.862500000000004]]]}}, {"type": "Feature", "properties": {"month": "2025-08", "mesh_500m": "503265372", "new_restaurant_permits": 2, "unique_facilities": 2, "mesh_500m_center_lat": 33.860416666666666, "mesh_500m_center_lon": 132.721875}, "geometry": {"type": "Polygon", "coordinates": [[[132.71875, 33.858333333333334], [132.725, 33.858333333333334], [132.725, 33.862500000000004], [132.71875, 33.862500000000004], [132.71875, 33.858333333333334]]]}}, {"type": "Feature", "properties": {"month": "2025-08", "mesh_500m": "503266024", "new_restaurant_permits": 2, "unique_facilities": 2, "mesh_500m_center_lat": 33.83958333333334, "mesh_500m_center_lon": 132.784375}, "geometry": {"type": "Polygon", "coordinates": [[[132.78125, 33.837500000000006], [132.7875, 33.837500000000006], [132.7875, 33.841666666666676], [132.78125, 33.841666666666676], [132.78125, 33.837500000000006]]]}}, {"type": "Feature", "properties": {"month": "2025-08", "mesh_500m": "503266101", "new_restaurant_permits": 2, "unique_facilities": 2, "mesh_500m_center_lat": 33.84375, "mesh_500m_center_lon": 132.753125}, "geometry": {"type": "Polygon", "coordinates": [[[132.75, 33.84166666666667], [132.75625, 33.84166666666667], [132.75625, 33.84583333333334], [132.75, 33.84583333333334], [132.75, 33.84166666666667]]]}}, {"type": "Feature", "properties": {"month": "2025-08", "mesh_500m": "503266222", "new_restaurant_permits": 2, "unique_facilities": 2, "mesh_500m_center_lat": 33.85208333333334, "mesh_500m_center_lon": 132.784375}, "geometry": {"type": "Polygon", "coordinates": [[[132.78125, 33.85], [132.7875, 33.85], [132.7875, 33.85416666666667], [132.78125, 33.85416666666667], [132.78125, 33.85]]]}}, {"type": "Feature", "properties": {"month": "2025-08", "mesh_500m": "503255782", "new_restaurant_permits": 1, "unique_facilities": 1, "mesh_500m_center_lat": 33.81041666666667, "mesh_500m_center_lon": 132.734375}, "geometry": {"type": "Polygon", "coordinates": [[[132.73125, 33.80833333333333], [132.73749999999998, 33.80833333333333], [132.73749999999998, 33.8125], [132.73125, 33.8125], [132.73125, 33.80833333333333]]]}}, {"type": "Feature", "properties": {"month": "2025-08", "mesh_500m": "503255793", "new_restaurant_permits": 1, "unique_facilities": 1, "mesh_500m_center_lat": 33.81458333333333, "mesh_500m_center_lon": 132.74062500000002}, "geometry": {"type": "Polygon", "coordinates": [[[132.7375, 33.8125], [132.74375, 33.8125], [132.74375, 33.81666666666667], [132.7375, 33.81666666666667], [132.7375, 33.8125]]]}}, {"type": "Feature", "properties": {"month": "2025-08", "mesh_500m": "503255873", "new_restaurant_permits": 1, "unique_facilities": 1, "mesh_500m_center_lat": 33.82291666666667, "mesh_500m_center_lon": 132.715625}, "geometry": {"type": "Polygon", "coordinates": [[[132.7125, 33.82083333333334], [132.71875, 33.82083333333334], [132.71875, 33.82500000000001], [132.7125, 33.82500000000001], [132.7125, 33.82083333333334]]]}}, {"type": "Feature", "properties": {"month": "2025-08", "mesh_500m": "503255894", "new_restaurant_permits": 1, "unique_facilities": 1, "mesh_500m_center_lat": 33.82291666666667, "mesh_500m_center_lon": 132.746875}, "geometry": {"type": "Polygon", "coordinates": [[[132.74375, 33.82083333333334], [132.75, 33.82083333333334], [132.75, 33.82500000000001], [132.74375, 33.82500000000001], [132.74375, 33.82083333333334]]]}}, {"type": "Feature", "properties": {"month": "2025-08", "mesh_500m": "503255971", "new_restaurant_permits": 1, "unique_facilities": 1, "mesh_500m_center_lat": 33.827083333333334, "mesh_500m_center_lon": 132.715625}, "geometry": {"type": "Polygon", "coordinates": [[[132.7125, 33.825], [132.71875, 33.825], [132.71875, 33.82916666666667], [132.7125, 33.82916666666667], [132.7125, 33.825]]]}}, {"type": "Feature", "properties": {"month": "2025-08", "mesh_500m": "503255992", "new_restaurant_permits": 1, "unique_facilities": 1, "mesh_500m_center_lat": 33.827083333333334, "mesh_500m_center_lon": 132.746875}, "geometry": {"type": "Polygon", "coordinates": [[[132.74375, 33.825], [132.75, 33.825], [132.75, 33.82916666666667], [132.74375, 33.82916666666667], [132.74375, 33.825]]]}}, {"type": "Feature", "properties": {"month": "2025-08", "mesh_500m": "503256524", "new_restaurant_permits": 1, "unique_facilities": 1, "mesh_500m_center_lat": 33.797916666666666, "mesh_500m_center_lon": 132.784375}, "geometry": {"type": "Polygon", "coordinates": [[[132.78125, 33.795833333333334], [132.7875, 33.795833333333334], [132.7875, 33.800000000000004], [132.78125, 33.800000000000004], [132.78125, 33.795833333333334]]]}}, {"type": "Feature", "properties": {"month": "2025-08", "mesh_500m": "503256721", "new_restaurant_permits": 1, "unique_facilities": 1, "mesh_500m_center_lat": 33.81041666666667, "mesh_500m_center_lon": 132.778125}, "geometry": {"type": "Polygon", "coordinates": [[[132.775, 33.80833333333333], [132.78125, 33.80833333333333], [132.78125, 33.8125], [132.775, 33.8125], [132.775, 33.80833333333333]]]}}, {"type": "Feature", "properties": {"month": "2025-08", "mesh_500m": "503256752", "new_restaurant_permits": 1, "unique_facilities": 1, "mesh_500m_center_lat": 33.81041666666667, "mesh_500m_center_lon": 132.82187499999998}, "geometry": {"type": "Polygon", "coordinates": [[[132.81875, 33.80833333333333], [132.825, 33.80833333333333], [132.825, 33.8125], [132.81875, 33.8125], [132.81875, 33.80833333333333]]]}}, {"type": "Feature", "properties": {"month": "2025-08", "mesh_500m": "503256803", "new_restaurant_permits": 1, "unique_facilities": 1, "mesh_500m_center_lat": 33.82291666666667, "mesh_500m_center_lon": 132.753125}, "geometry": {"type": "Polygon", "coordinates": [[[132.75, 33.82083333333334], [132.75625, 33.82083333333334], [132.75625, 33.82500000000001], [132.75, 33.82500000000001], [132.75, 33.82083333333334]]]}}, {"type": "Feature", "properties": {"month": "2025-08", "mesh_500m": "503256804", "new_restaurant_permits": 1, "unique_facilities": 1, "mesh_500m_center_lat": 33.82291666666667, "mesh_500m_center_lon": 132.75937499999998}, "geometry": {"type": "Polygon", "coordinates": [[[132.75625, 33.82083333333334], [132.7625, 33.82083333333334], [132.7625, 33.82500000000001], [132.75625, 33.82500000000001], [132.75625, 33.82083333333334]]]}}, {"type": "Feature", "properties": {"month": "2025-08", "mesh_500m": "503256823", "new_restaurant_permits": 1, "unique_facilities": 1, "mesh_500m_center_lat": 33.82291666666667, "mesh_500m_center_lon": 132.778125}, "geometry": {"type": "Polygon", "coordinates": [[[132.775, 33.82083333333334], [132.78125, 33.82083333333334], [132.78125, 33.82500000000001], [132.775, 33.82500000000001], [132.775, 33.82083333333334]]]}}, {"type": "Feature", "properties": {"month": "2025-08", "mesh_500m": "503256902", "new_restaurant_permits": 1, "unique_facilities": 1, "mesh_500m_center_lat": 33.827083333333334, "mesh_500m_center_lon": 132.75937499999998}, "geometry": {"type": "Polygon", "coordinates": [[[132.75625, 33.825], [132.7625, 33.825], [132.7625, 33.82916666666667], [132.75625, 33.82916666666667], [132.75625, 33.825]]]}}, {"type": "Feature", "properties": {"month": "2025-08", "mesh_500m": "503256903", "new_restaurant_permits": 1, "unique_facilities": 1, "mesh_500m_center_lat": 33.83125000000001, "mesh_500m_center_lon": 132.753125}, "geometry": {"type": "Polygon", "coordinates": [[[132.75, 33.82916666666667], [132.75625, 33.82916666666667], [132.75625, 33.83333333333334], [132.75, 33.83333333333334], [132.75, 33.82916666666667]]]}}, {"type": "Feature", "properties": {"month": "2025-08", "mesh_500m": "503256933", "new_restaurant_permits": 1, "unique_facilities": 1, "mesh_500m_center_lat": 33.83125000000001, "mesh_500m_center_lon": 132.79062499999998}, "geometry": {"type": "Polygon", "coordinates": [[[132.7875, 33.82916666666667], [132.79375, 33.82916666666667], [132.79375, 33.83333333333334], [132.7875, 33.83333333333334], [132.7875, 33.82916666666667]]]}}, {"type": "Feature", "properties": {"month": "2025-08", "mesh_500m": "503265292", "new_restaurant_permits": 1, "unique_facilities": 1, "mesh_500m_center_lat": 33.85208333333334, "mesh_500m_center_lon": 132.746875}, "geometry": {"type": "Polygon", "coordinates": [[[132.74375, 33.85], [132.75, 33.85], [132.75, 33.85416666666667], [132.74375, 33.85416666666667], [132.74375, 33.85]]]}}, {"type": "Feature", "properties": {"month": "2025-08", "mesh_500m": "503265294", "new_restaurant_permits": 1, "unique_facilities": 1, "mesh_500m_center_lat": 33.85625, "mesh_500m_center_lon": 132.746875}, "geometry": {"type": "Polygon", "coordinates": [[[132.74375, 33.85416666666667], [132.75, 33.85416666666667], [132.75, 33.85833333333334], [132.74375, 33.85833333333334], [132.74375, 33.85416666666667]]]}}, {"type": "Feature", "properties": {"month": "2025-08", "mesh_500m": "503265381", "new_restaurant_permits": 1, "unique_facilities": 1, "mesh_500m_center_lat": 33.860416666666666, "mesh_500m_center_lon": 132.72812499999998}, "geometry": {"type": "Polygon", "coordinates": [[[132.725, 33.858333333333334], [132.73125, 33.858333333333334], [132.73125, 33.862500000000004], [132.725, 33.862500000000004], [132.725, 33.858333333333334]]]}}, {"type": "Feature", "properties": {"month": "2025-08", "mesh_500m": "503266022", "new_restaurant_permits": 1, "unique_facilities": 1, "mesh_500m_center_lat": 33.835416666666674, "mesh_500m_center_lon": 132.784375}, "geometry": {"type": "Polygon", "coordinates": [[[132.78125, 33.833333333333336], [132.7875, 33.833333333333336], [132.7875, 33.837500000000006], [132.78125, 33.837500000000006], [132.78125, 33.833333333333336]]]}}, {"type": "Feature", "properties": {"month": "2025-08", "mesh_500m": "503266221", "new_restaurant_permits": 1, "unique_facilities": 1, "mesh_500m_center_lat": 33.85208333333334, "mesh_500m_center_lon": 132.778125}, "geometry": {"type": "Polygon", "coordinates": [[[132.775, 33.85], [132.78125, 33.85], [132.78125, 33.85416666666667], [132.775, 33.85416666666667], [132.775, 33.85]]]}}, {"type": "Feature", "properties": {"month": "2025-08", "mesh_500m": "503266304", "new_restaurant_permits": 1, "unique_facilities": 1, "mesh_500m_center_lat": 33.86458333333334, "mesh_500m_center_lon": 132.75937499999998}, "geometry": {"type": "Polygon", "coordinates": [[[132.75625, 33.862500000000004], [132.7625, 33.862500000000004], [132.7625, 33.866666666666674], [132.75625, 33.866666666666674], [132.75625, 33.862500000000004]]]}}, {"type": "Feature", "properties": {"month": "2025-08", "mesh_500m": "503276314", "new_restaurant_permits": 1, "unique_facilities": 1, "mesh_500m_center_lat": 33.94791666666667, "mesh_500m_center_lon": 132.77187499999997}, "geometry": {"type": "Polygon", "coordinates": [[[132.76874999999998, 33.94583333333334], [132.77499999999998, 33.94583333333334], [132.77499999999998, 33.95000000000001], [132.76874999999998, 33.95000000000001], [132.76874999999998, 33.94583333333334]]]}}, {"type": "Feature", "properties": {"month": "2025-08", "mesh_500m": "503276421", "new_restaurant_permits": 1, "unique_facilities": 1, "mesh_500m_center_lat": 33.952083333333334, "mesh_500m_center_lon": 132.778125}, "geometry": {"type": "Polygon", "coordinates": [[[132.775, 33.95], [132.78125, 33.95], [132.78125, 33.95416666666667], [132.775, 33.95416666666667], [132.775, 33.95]]]}}, {"type": "Feature", "properties": {"month": "2025-08", "mesh_500m": "503276521", "new_restaurant_permits": 1, "unique_facilities": 1, "mesh_500m_center_lat": 33.960416666666674, "mesh_500m_center_lon": 132.778125}, "geometry": {"type": "Polygon", "coordinates": [[[132.775, 33.958333333333336], [132.78125, 33.958333333333336], [132.78125, 33.962500000000006], [132.775, 33.962500000000006], [132.775, 33.958333333333336]]]}}, {"type": "Feature", "properties": {"month": "2025-09", "mesh_500m": "503256803", "new_restaurant_permits": 2, "unique_facilities": 2, "mesh_500m_center_lat": 33.82291666666667, "mesh_500m_center_lon": 132.753125}, "geometry": {"type": "Polygon", "coordinates": [[[132.75, 33.82083333333334], [132.75625, 33.82083333333334], [132.75625, 33.82500000000001], [132.75, 33.82500000000001], [132.75, 33.82083333333334]]]}}, {"type": "Feature", "properties": {"month": "2025-09", "mesh_500m": "503256823", "new_restaurant_permits": 2, "unique_facilities": 2, "mesh_500m_center_lat": 33.82291666666667, "mesh_500m_center_lon": 132.778125}, "geometry": {"type": "Polygon", "coordinates": [[[132.775, 33.82083333333334], [132.78125, 33.82083333333334], [132.78125, 33.82500000000001], [132.775, 33.82500000000001], [132.775, 33.82083333333334]]]}}, {"type": "Feature", "properties": {"month": "2025-09", "mesh_500m": "503266222", "new_restaurant_permits": 2, "unique_facilities": 2, "mesh_500m_center_lat": 33.85208333333334, "mesh_500m_center_lon": 132.784375}, "geometry": {"type": "Polygon", "coordinates": [[[132.78125, 33.85], [132.7875, 33.85], [132.7875, 33.85416666666667], [132.78125, 33.85416666666667], [132.78125, 33.85]]]}}, {"type": "Feature", "properties": {"month": "2025-09", "mesh_500m": "503255792", "new_restaurant_permits": 1, "unique_facilities": 1, "mesh_500m_center_lat": 33.81041666666667, "mesh_500m_center_lon": 132.746875}, "geometry": {"type": "Polygon", "coordinates": [[[132.74375, 33.80833333333333], [132.75, 33.80833333333333], [132.75, 33.8125], [132.74375, 33.8125], [132.74375, 33.80833333333333]]]}}, {"type": "Feature", "properties": {"month": "2025-09", "mesh_500m": "503255794", "new_restaurant_permits": 1, "unique_facilities": 1, "mesh_500m_center_lat": 33.81458333333333, "mesh_500m_center_lon": 132.746875}, "geometry": {"type": "Polygon", "coordinates": [[[132.74375, 33.8125], [132.75, 33.8125], [132.75, 33.81666666666667], [132.74375, 33.81666666666667], [132.74375, 33.8125]]]}}, {"type": "Feature", "properties": {"month": "2025-09", "mesh_500m": "503256633", "new_restaurant_permits": 1, "unique_facilities": 1, "mesh_500m_center_lat": 33.806250000000006, "mesh_500m_center_lon": 132.79062499999998}, "geometry": {"type": "Polygon", "coordinates": [[[132.7875, 33.80416666666667], [132.79375, 33.80416666666667], [132.79375, 33.80833333333334], [132.7875, 33.80833333333334], [132.7875, 33.80416666666667]]]}}, {"type": "Feature", "properties": {"month": "2025-09", "mesh_500m": "503256721", "new_restaurant_permits": 1, "unique_facilities": 1, "mesh_500m_center_lat": 33.81041666666667, "mesh_500m_center_lon": 132.778125}, "geometry": {"type": "Polygon", "coordinates": [[[132.775, 33.80833333333333], [132.78125, 33.80833333333333], [132.78125, 33.8125], [132.775, 33.8125], [132.775, 33.80833333333333]]]}}, {"type": "Feature", "properties": {"month": "2025-09", "mesh_500m": "503256744", "new_restaurant_permits": 1, "unique_facilities": 1, "mesh_500m_center_lat": 33.81458333333333, "mesh_500m_center_lon": 132.809375}, "geometry": {"type": "Polygon", "coordinates": [[[132.80625, 33.8125], [132.8125, 33.8125], [132.8125, 33.81666666666667], [132.80625, 33.81666666666667], [132.80625, 33.8125]]]}}, {"type": "Feature", "properties": {"month": "2025-09", "mesh_500m": "503256814", "new_restaurant_permits": 1, "unique_facilities": 1, "mesh_500m_center_lat": 33.82291666666667, "mesh_500m_center_lon": 132.77187499999997}, "geometry": {"type": "Polygon", "coordinates": [[[132.76874999999998, 33.82083333333334], [132.77499999999998, 33.82083333333334], [132.77499999999998, 33.82500000000001], [132.76874999999998, 33.82500000000001], [132.76874999999998, 33.82083333333334]]]}}, {"type": "Feature", "properties": {"month": "2025-09", "mesh_500m": "503256931", "new_restaurant_permits": 1, "unique_facilities": 1, "mesh_500m_center_lat": 33.827083333333334, "mesh_500m_center_lon": 132.79062499999998}, "geometry": {"type": "Polygon", "coordinates": [[[132.7875, 33.825], [132.79375, 33.825], [132.79375, 33.82916666666667], [132.7875, 33.82916666666667], [132.7875, 33.825]]]}}, {"type": "Feature", "properties": {"month": "2025-09", "mesh_500m": "503256934", "new_restaurant_permits": 1, "unique_facilities": 1, "mesh_500m_center_lat": 33.83125000000001, "mesh_500m_center_lon": 132.796875}, "geometry": {"type": "Polygon", "coordinates": [[[132.79375, 33.82916666666667], [132.79999999999998, 33.82916666666667], [132.79999999999998, 33.83333333333334], [132.79375, 33.83333333333334], [132.79375, 33.82916666666667]]]}}, {"type": "Feature", "properties": {"month": "2025-09", "mesh_500m": "503265372", "new_restaurant_permits": 1, "unique_facilities": 1, "mesh_500m_center_lat": 33.860416666666666, "mesh_500m_center_lon": 132.721875}, "geometry": {"type": "Polygon", "coordinates": [[[132.71875, 33.858333333333334], [132.725, 33.858333333333334], [132.725, 33.862500000000004], [132.71875, 33.862500000000004], [132.71875, 33.858333333333334]]]}}, {"type": "Feature", "properties": {"month": "2025-09", "mesh_500m": "503265373", "new_restaurant_permits": 1, "unique_facilities": 1, "mesh_500m_center_lat": 33.86458333333334, "mesh_500m_center_lon": 132.715625}, "geometry": {"type": "Polygon", "coordinates": [[[132.7125, 33.862500000000004], [132.71875, 33.862500000000004], [132.71875, 33.866666666666674], [132.7125, 33.866666666666674], [132.7125, 33.862500000000004]]]}}, {"type": "Feature", "properties": {"month": "2025-09", "mesh_500m": "503265462", "new_restaurant_permits": 1, "unique_facilities": 1, "mesh_500m_center_lat": 33.868750000000006, "mesh_500m_center_lon": 132.70937499999997}, "geometry": {"type": "Polygon", "coordinates": [[[132.70624999999998, 33.86666666666667], [132.71249999999998, 33.86666666666667], [132.71249999999998, 33.87083333333334], [132.70624999999998, 33.87083333333334], [132.70624999999998, 33.86666666666667]]]}}, {"type": "Feature", "properties": {"month": "2025-09", "mesh_500m": "503266033", "new_restaurant_permits": 1, "unique_facilities": 1, "mesh_500m_center_lat": 33.83958333333334, "mesh_500m_center_lon": 132.79062499999998}, "geometry": {"type": "Polygon", "coordinates": [[[132.7875, 33.837500000000006], [132.79375, 33.837500000000006], [132.79375, 33.841666666666676], [132.7875, 33.841666666666676], [132.7875, 33.837500000000006]]]}}, {"type": "Feature", "properties": {"month": "2025-09", "mesh_500m": "503266132", "new_restaurant_permits": 1, "unique_facilities": 1, "mesh_500m_center_lat": 33.84375, "mesh_500m_center_lon": 132.796875}, "geometry": {"type": "Polygon", "coordinates": [[[132.79375, 33.84166666666667], [132.79999999999998, 33.84166666666667], [132.79999999999998, 33.84583333333334], [132.79375, 33.84583333333334], [132.79375, 33.84166666666667]]]}}, {"type": "Feature", "properties": {"month": "2025-09", "mesh_500m": "503266301", "new_restaurant_permits": 1, "unique_facilities": 1, "mesh_500m_center_lat": 33.860416666666666, "mesh_500m_center_lon": 132.753125}, "geometry": {"type": "Polygon", "coordinates": [[[132.75, 33.858333333333334], [132.75625, 33.858333333333334], [132.75625, 33.862500000000004], [132.75, 33.862500000000004], [132.75, 33.858333333333334]]]}}, {"type": "Feature", "properties": {"month": "2025-09", "mesh_500m": "503275403", "new_restaurant_permits": 1, "unique_facilities": 1, "mesh_500m_center_lat": 33.95625000000001, "mesh_500m_center_lon": 132.628125}, "geometry": {"type": "Polygon", "coordinates": [[[132.625, 33.95416666666667], [132.63125, 33.95416666666667], [132.63125, 33.95833333333334], [132.625, 33.95833333333334], [132.625, 33.95416666666667]]]}}, {"type": "Feature", "properties": {"month": "2025-09", "mesh_500m": "503276512", "new_restaurant_permits": 1, "unique_facilities": 1, "mesh_500m_center_lat": 33.960416666666674, "mesh_500m_center_lon": 132.77187499999997}, "geometry": {"type": "Polygon", "coordinates": [[[132.76874999999998, 33.958333333333336], [132.77499999999998, 33.958333333333336], [132.77499999999998, 33.962500000000006], [132.76874999999998, 33.962500000000006], [132.76874999999998, 33.958333333333336]]]}}, {"type": "Feature", "properties": {"month": "2025-09", "mesh_500m": "503276522", "new_restaurant_permits": 1, "unique_facilities": 1, "mesh_500m_center_lat": 33.960416666666674, "mesh_500m_center_lon": 132.784375}, "geometry": {"type": "Polygon", "coordinates": [[[132.78125, 33.958333333333336], [132.7875, 33.958333333333336], [132.7875, 33.962500000000006], [132.78125, 33.962500000000006], [132.78125, 33.958333333333336]]]}}, {"type": "Feature", "properties": {"month": "2025-10", "mesh_500m": "503265371", "new_restaurant_permits": 2, "unique_facilities": 2, "mesh_500m_center_lat": 33.860416666666666, "mesh_500m_center_lon": 132.715625}, "geometry": {"type": "Polygon", "coordinates": [[[132.7125, 33.858333333333334], [132.71875, 33.858333333333334], [132.71875, 33.862500000000004], [132.7125, 33.862500000000004], [132.7125, 33.858333333333334]]]}}, {"type": "Feature", "properties": {"month": "2025-10", "mesh_500m": "503266222", "new_restaurant_permits": 2, "unique_facilities": 2, "mesh_500m_center_lat": 33.85208333333334, "mesh_500m_center_lon": 132.784375}, "geometry": {"type": "Polygon", "coordinates": [[[132.78125, 33.85], [132.7875, 33.85], [132.7875, 33.85416666666667], [132.78125, 33.85416666666667], [132.78125, 33.85]]]}}, {"type": "Feature", "properties": {"month": "2025-10", "mesh_500m": "503255981", "new_restaurant_permits": 1, "unique_facilities": 1, "mesh_500m_center_lat": 33.827083333333334, "mesh_500m_center_lon": 132.72812499999998}, "geometry": {"type": "Polygon", "coordinates": [[[132.725, 33.825], [132.73125, 33.825], [132.73125, 33.82916666666667], [132.725, 33.82916666666667], [132.725, 33.825]]]}}, {"type": "Feature", "properties": {"month": "2025-10", "mesh_500m": "503256914", "new_restaurant_permits": 1, "unique_facilities": 1, "mesh_500m_center_lat": 33.83125000000001, "mesh_500m_center_lon": 132.77187499999997}, "geometry": {"type": "Polygon", "coordinates": [[[132.76874999999998, 33.82916666666667], [132.77499999999998, 33.82916666666667], [132.77499999999998, 33.83333333333334], [132.76874999999998, 33.83333333333334], [132.76874999999998, 33.82916666666667]]]}}, {"type": "Feature", "properties": {"month": "2025-10", "mesh_500m": "503256923", "new_restaurant_permits": 1, "unique_facilities": 1, "mesh_500m_center_lat": 33.83125000000001, "mesh_500m_center_lon": 132.778125}, "geometry": {"type": "Polygon", "coordinates": [[[132.775, 33.82916666666667], [132.78125, 33.82916666666667], [132.78125, 33.83333333333334], [132.775, 33.83333333333334], [132.775, 33.82916666666667]]]}}, {"type": "Feature", "properties": {"month": "2025-10", "mesh_500m": "503256934", "new_restaurant_permits": 1, "unique_facilities": 1, "mesh_500m_center_lat": 33.83125000000001, "mesh_500m_center_lon": 132.796875}, "geometry": {"type": "Polygon", "coordinates": [[[132.79375, 33.82916666666667], [132.79999999999998, 33.82916666666667], [132.79999999999998, 33.83333333333334], [132.79375, 33.83333333333334], [132.79375, 33.82916666666667]]]}}, {"type": "Feature", "properties": {"month": "2025-10", "mesh_500m": "503265783", "new_restaurant_permits": 1, "unique_facilities": 1, "mesh_500m_center_lat": 33.897916666666674, "mesh_500m_center_lon": 132.72812499999998}, "geometry": {"type": "Polygon", "coordinates": [[[132.725, 33.895833333333336], [132.73125, 33.895833333333336], [132.73125, 33.900000000000006], [132.725, 33.900000000000006], [132.725, 33.895833333333336]]]}}, {"type": "Feature", "properties": {"month": "2025-10", "mesh_500m": "503266231", "new_restaurant_permits": 1, "unique_facilities": 1, "mesh_500m_center_lat": 33.85208333333334, "mesh_500m_center_lon": 132.79062499999998}, "geometry": {"type": "Polygon", "coordinates": [[[132.7875, 33.85], [132.79375, 33.85], [132.79375, 33.85416666666667], [132.7875, 33.85416666666667], [132.7875, 33.85]]]}}, {"type": "Feature", "properties": {"month": "2025-10", "mesh_500m": "503276421", "new_restaurant_permits": 1, "unique_facilities": 1, "mesh_500m_center_lat": 33.952083333333334, "mesh_500m_center_lon": 132.778125}, "geometry": {"type": "Polygon", "coordinates": [[[132.775, 33.95], [132.78125, 33.95], [132.78125, 33.95416666666667], [132.775, 33.95416666666667], [132.775, 33.95]]]}}, {"type": "Feature", "properties": {"month": "2025-11", "mesh_500m": "503266222", "new_restaurant_permits": 6, "unique_facilities": 6, "mesh_500m_center_lat": 33.85208333333334, "mesh_500m_center_lon": 132.784375}, "geometry": {"type": "Polygon", "coordinates": [[[132.78125, 33.85], [132.7875, 33.85], [132.7875, 33.85416666666667], [132.78125, 33.85416666666667], [132.78125, 33.85]]]}}, {"type": "Feature", "properties": {"month": "2025-11", "mesh_500m": "503256814", "new_restaurant_permits": 2, "unique_facilities": 2, "mesh_500m_center_lat": 33.82291666666667, "mesh_500m_center_lon": 132.77187499999997}, "geometry": {"type": "Polygon", "coordinates": [[[132.76874999999998, 33.82083333333334], [132.77499999999998, 33.82083333333334], [132.77499999999998, 33.82500000000001], [132.76874999999998, 33.82500000000001], [132.76874999999998, 33.82083333333334]]]}}, {"type": "Feature", "properties": {"month": "2025-11", "mesh_500m": "503256902", "new_restaurant_permits": 2, "unique_facilities": 2, "mesh_500m_center_lat": 33.827083333333334, "mesh_500m_center_lon": 132.75937499999998}, "geometry": {"type": "Polygon", "coordinates": [[[132.75625, 33.825], [132.7625, 33.825], [132.7625, 33.82916666666667], [132.75625, 33.82916666666667], [132.75625, 33.825]]]}}, {"type": "Feature", "properties": {"month": "2025-11", "mesh_500m": "503266103", "new_restaurant_permits": 2, "unique_facilities": 2, "mesh_500m_center_lat": 33.84791666666668, "mesh_500m_center_lon": 132.753125}, "geometry": {"type": "Polygon", "coordinates": [[[132.75, 33.84583333333334], [132.75625, 33.84583333333334], [132.75625, 33.85000000000001], [132.75, 33.85000000000001], [132.75, 33.84583333333334]]]}}, {"type": "Feature", "properties": {"month": "2025-11", "mesh_500m": "503255991", "new_restaurant_permits": 1, "unique_facilities": 1, "mesh_500m_center_lat": 33.827083333333334, "mesh_500m_center_lon": 132.74062500000002}, "geometry": {"type": "Polygon", "coordinates": [[[132.7375, 33.825], [132.74375, 33.825], [132.74375, 33.82916666666667], [132.7375, 33.82916666666667], [132.7375, 33.825]]]}}, {"type": "Feature", "properties": {"month": "2025-11", "mesh_500m": "503256704", "new_restaurant_permits": 1, "unique_facilities": 1, "mesh_500m_center_lat": 33.81458333333333, "mesh_500m_center_lon": 132.75937499999998}, "geometry": {"type": "Polygon", "coordinates": [[[132.75625, 33.8125], [132.7625, 33.8125], [132.7625, 33.81666666666667], [132.75625, 33.81666666666667], [132.75625, 33.8125]]]}}, {"type": "Feature", "properties": {"month": "2025-11", "mesh_500m": "503256753", "new_restaurant_permits": 1, "unique_facilities": 1, "mesh_500m_center_lat": 33.81458333333333, "mesh_500m_center_lon": 132.815625}, "geometry": {"type": "Polygon", "coordinates": [[[132.8125, 33.8125], [132.81875, 33.8125], [132.81875, 33.81666666666667], [132.8125, 33.81666666666667], [132.8125, 33.8125]]]}}, {"type": "Feature", "properties": {"month": "2025-11", "mesh_500m": "503256922", "new_restaurant_permits": 1, "unique_facilities": 1, "mesh_500m_center_lat": 33.827083333333334, "mesh_500m_center_lon": 132.784375}, "geometry": {"type": "Polygon", "coordinates": [[[132.78125, 33.825], [132.7875, 33.825], [132.7875, 33.82916666666667], [132.78125, 33.82916666666667], [132.78125, 33.825]]]}}, {"type": "Feature", "properties": {"month": "2025-11", "mesh_500m": "503256934", "new_restaurant_permits": 1, "unique_facilities": 1, "mesh_500m_center_lat": 33.83125000000001, "mesh_500m_center_lon": 132.796875}, "geometry": {"type": "Polygon", "coordinates": [[[132.79375, 33.82916666666667], [132.79999999999998, 33.82916666666667], [132.79999999999998, 33.83333333333334], [132.79375, 33.83333333333334], [132.79375, 33.82916666666667]]]}}, {"type": "Feature", "properties": {"month": "2025-11", "mesh_500m": "503265373", "new_restaurant_permits": 1, "unique_facilities": 1, "mesh_500m_center_lat": 33.86458333333334, "mesh_500m_center_lon": 132.715625}, "geometry": {"type": "Polygon", "coordinates": [[[132.7125, 33.862500000000004], [132.71875, 33.862500000000004], [132.71875, 33.866666666666674], [132.7125, 33.866666666666674], [132.7125, 33.862500000000004]]]}}, {"type": "Feature", "properties": {"month": "2025-11", "mesh_500m": "503266023", "new_restaurant_permits": 1, "unique_facilities": 1, "mesh_500m_center_lat": 33.83958333333334, "mesh_500m_center_lon": 132.778125}, "geometry": {"type": "Polygon", "coordinates": [[[132.775, 33.837500000000006], [132.78125, 33.837500000000006], [132.78125, 33.841666666666676], [132.775, 33.841666666666676], [132.775, 33.837500000000006]]]}}, {"type": "Feature", "properties": {"month": "2025-11", "mesh_500m": "503266024", "new_restaurant_permits": 1, "unique_facilities": 1, "mesh_500m_center_lat": 33.83958333333334, "mesh_500m_center_lon": 132.784375}, "geometry": {"type": "Polygon", "coordinates": [[[132.78125, 33.837500000000006], [132.7875, 33.837500000000006], [132.7875, 33.841666666666676], [132.78125, 33.841666666666676], [132.78125, 33.837500000000006]]]}}, {"type": "Feature", "properties": {"month": "2025-11", "mesh_500m": "503266203", "new_restaurant_permits": 1, "unique_facilities": 1, "mesh_500m_center_lat": 33.85625, "mesh_500m_center_lon": 132.753125}, "geometry": {"type": "Polygon", "coordinates": [[[132.75, 33.85416666666667], [132.75625, 33.85416666666667], [132.75625, 33.85833333333334], [132.75, 33.85833333333334], [132.75, 33.85416666666667]]]}}, {"type": "Feature", "properties": {"month": "2025-11", "mesh_500m": "503266231", "new_restaurant_permits": 1, "unique_facilities": 1, "mesh_500m_center_lat": 33.85208333333334, "mesh_500m_center_lon": 132.79062499999998}, "geometry": {"type": "Polygon", "coordinates": [[[132.7875, 33.85], [132.79375, 33.85], [132.79375, 33.85416666666667], [132.7875, 33.85416666666667], [132.7875, 33.85]]]}}, {"type": "Feature", "properties": {"month": "2025-11", "mesh_500m": "503266301", "new_restaurant_permits": 1, "unique_facilities": 1, "mesh_500m_center_lat": 33.860416666666666, "mesh_500m_center_lon": 132.753125}, "geometry": {"type": "Polygon", "coordinates": [[[132.75, 33.858333333333334], [132.75625, 33.858333333333334], [132.75625, 33.862500000000004], [132.75, 33.862500000000004], [132.75, 33.858333333333334]]]}}, {"type": "Feature", "properties": {"month": "2025-11", "mesh_500m": "503275603", "new_restaurant_permits": 1, "unique_facilities": 1, "mesh_500m_center_lat": 33.97291666666668, "mesh_500m_center_lon": 132.628125}, "geometry": {"type": "Polygon", "coordinates": [[[132.625, 33.97083333333334], [132.63125, 33.97083333333334], [132.63125, 33.97500000000001], [132.625, 33.97500000000001], [132.625, 33.97083333333334]]]}}, {"type": "Feature", "properties": {"month": "2025-12", "mesh_500m": "503256814", "new_restaurant_permits": 3, "unique_facilities": 3, "mesh_500m_center_lat": 33.82291666666667, "mesh_500m_center_lon": 132.77187499999997}, "geometry": {"type": "Polygon", "coordinates": [[[132.76874999999998, 33.82083333333334], [132.77499999999998, 33.82083333333334], [132.77499999999998, 33.82500000000001], [132.76874999999998, 33.82500000000001], [132.76874999999998, 33.82083333333334]]]}}, {"type": "Feature", "properties": {"month": "2025-12", "mesh_500m": "503256821", "new_restaurant_permits": 3, "unique_facilities": 3, "mesh_500m_center_lat": 33.81875000000001, "mesh_500m_center_lon": 132.778125}, "geometry": {"type": "Polygon", "coordinates": [[[132.775, 33.81666666666667], [132.78125, 33.81666666666667], [132.78125, 33.82083333333334], [132.775, 33.82083333333334], [132.775, 33.81666666666667]]]}}, {"type": "Feature", "properties": {"month": "2025-12", "mesh_500m": "503266222", "new_restaurant_permits": 3, "unique_facilities": 3, "mesh_500m_center_lat": 33.85208333333334, "mesh_500m_center_lon": 132.784375}, "geometry": {"type": "Polygon", "coordinates": [[[132.78125, 33.85], [132.7875, 33.85], [132.7875, 33.85416666666667], [132.78125, 33.85416666666667], [132.78125, 33.85]]]}}, {"type": "Feature", "properties": {"month": "2025-12", "mesh_500m": "503256924", "new_restaurant_permits": 2, "unique_facilities": 2, "mesh_500m_center_lat": 33.83125000000001, "mesh_500m_center_lon": 132.784375}, "geometry": {"type": "Polygon", "coordinates": [[[132.78125, 33.82916666666667], [132.7875, 33.82916666666667], [132.7875, 33.83333333333334], [132.78125, 33.83333333333334], [132.78125, 33.82916666666667]]]}}, {"type": "Feature", "properties": {"month": "2025-12", "mesh_500m": "503255783", "new_restaurant_permits": 1, "unique_facilities": 1, "mesh_500m_center_lat": 33.81458333333333, "mesh_500m_center_lon": 132.72812499999998}, "geometry": {"type": "Polygon", "coordinates": [[[132.725, 33.8125], [132.73125, 33.8125], [132.73125, 33.81666666666667], [132.725, 33.81666666666667], [132.725, 33.8125]]]}}, {"type": "Feature", "properties": {"month": "2025-12", "mesh_500m": "503256702", "new_restaurant_permits": 1, "unique_facilities": 1, "mesh_500m_center_lat": 33.81041666666667, "mesh_500m_center_lon": 132.75937499999998}, "geometry": {"type": "Polygon", "coordinates": [[[132.75625, 33.80833333333333], [132.7625, 33.80833333333333], [132.7625, 33.8125], [132.75625, 33.8125], [132.75625, 33.80833333333333]]]}}, {"type": "Feature", "properties": {"month": "2025-12", "mesh_500m": "503256711", "new_restaurant_permits": 1, "unique_facilities": 1, "mesh_500m_center_lat": 33.81041666666667, "mesh_500m_center_lon": 132.765625}, "geometry": {"type": "Polygon", "coordinates": [[[132.7625, 33.80833333333333], [132.76874999999998, 33.80833333333333], [132.76874999999998, 33.8125], [132.7625, 33.8125], [132.7625, 33.80833333333333]]]}}, {"type": "Feature", "properties": {"month": "2025-12", "mesh_500m": "503256741", "new_restaurant_permits": 1, "unique_facilities": 1, "mesh_500m_center_lat": 33.81041666666667, "mesh_500m_center_lon": 132.80312500000002}, "geometry": {"type": "Polygon", "coordinates": [[[132.8, 33.80833333333333], [132.80625, 33.80833333333333], [132.80625, 33.8125], [132.8, 33.8125], [132.8, 33.80833333333333]]]}}, {"type": "Feature", "properties": {"month": "2025-12", "mesh_500m": "503256801", "new_restaurant_permits": 1, "unique_facilities": 1, "mesh_500m_center_lat": 33.81875000000001, "mesh_500m_center_lon": 132.753125}, "geometry": {"type": "Polygon", "coordinates": [[[132.75, 33.81666666666667], [132.75625, 33.81666666666667], [132.75625, 33.82083333333334], [132.75, 33.82083333333334], [132.75, 33.81666666666667]]]}}, {"type": "Feature", "properties": {"month": "2025-12", "mesh_500m": "503256812", "new_restaurant_permits": 1, "unique_facilities": 1, "mesh_500m_center_lat": 33.81875000000001, "mesh_500m_center_lon": 132.77187499999997}, "geometry": {"type": "Polygon", "coordinates": [[[132.76874999999998, 33.81666666666667], [132.77499999999998, 33.81666666666667], [132.77499999999998, 33.82083333333334], [132.76874999999998, 33.82083333333334], [132.76874999999998, 33.81666666666667]]]}}, {"type": "Feature", "properties": {"month": "2025-12", "mesh_500m": "503256912", "new_restaurant_permits": 1, "unique_facilities": 1, "mesh_500m_center_lat": 33.827083333333334, "mesh_500m_center_lon": 132.77187499999997}, "geometry": {"type": "Polygon", "coordinates": [[[132.76874999999998, 33.825], [132.77499999999998, 33.825], [132.77499999999998, 33.82916666666667], [132.76874999999998, 33.82916666666667], [132.76874999999998, 33.825]]]}}, {"type": "Feature", "properties": {"month": "2025-12", "mesh_500m": "503256914", "new_restaurant_permits": 1, "unique_facilities": 1, "mesh_500m_center_lat": 33.83125000000001, "mesh_500m_center_lon": 132.77187499999997}, "geometry": {"type": "Polygon", "coordinates": [[[132.76874999999998, 33.82916666666667], [132.77499999999998, 33.82916666666667], [132.77499999999998, 33.83333333333334], [132.76874999999998, 33.83333333333334], [132.76874999999998, 33.82916666666667]]]}}, {"type": "Feature", "properties": {"month": "2025-12", "mesh_500m": "503256934", "new_restaurant_permits": 1, "unique_facilities": 1, "mesh_500m_center_lat": 33.83125000000001, "mesh_500m_center_lon": 132.796875}, "geometry": {"type": "Polygon", "coordinates": [[[132.79375, 33.82916666666667], [132.79999999999998, 33.82916666666667], [132.79999999999998, 33.83333333333334], [132.79375, 33.83333333333334], [132.79375, 33.82916666666667]]]}}, {"type": "Feature", "properties": {"month": "2025-12", "mesh_500m": "503265272", "new_restaurant_permits": 1, "unique_facilities": 1, "mesh_500m_center_lat": 33.85208333333334, "mesh_500m_center_lon": 132.721875}, "geometry": {"type": "Polygon", "coordinates": [[[132.71875, 33.85], [132.725, 33.85], [132.725, 33.85416666666667], [132.71875, 33.85416666666667], [132.71875, 33.85]]]}}, {"type": "Feature", "properties": {"month": "2025-12", "mesh_500m": "503265284", "new_restaurant_permits": 1, "unique_facilities": 1, "mesh_500m_center_lat": 33.85625, "mesh_500m_center_lon": 132.734375}, "geometry": {"type": "Polygon", "coordinates": [[[132.73125, 33.85416666666667], [132.73749999999998, 33.85416666666667], [132.73749999999998, 33.85833333333334], [132.73125, 33.85833333333334], [132.73125, 33.85416666666667]]]}}, {"type": "Feature", "properties": {"month": "2025-12", "mesh_500m": "503266031", "new_restaurant_permits": 1, "unique_facilities": 1, "mesh_500m_center_lat": 33.835416666666674, "mesh_500m_center_lon": 132.79062499999998}, "geometry": {"type": "Polygon", "coordinates": [[[132.7875, 33.833333333333336], [132.79375, 33.833333333333336], [132.79375, 33.837500000000006], [132.7875, 33.837500000000006], [132.7875, 33.833333333333336]]]}}, {"type": "Feature", "properties": {"month": "2025-12", "mesh_500m": "503266101", "new_restaurant_permits": 1, "unique_facilities": 1, "mesh_500m_center_lat": 33.84375, "mesh_500m_center_lon": 132.753125}, "geometry": {"type": "Polygon", "coordinates": [[[132.75, 33.84166666666667], [132.75625, 33.84166666666667], [132.75625, 33.84583333333334], [132.75, 33.84583333333334], [132.75, 33.84166666666667]]]}}, {"type": "Feature", "properties": {"month": "2025-12", "mesh_500m": "503266231", "new_restaurant_permits": 1, "unique_facilities": 1, "mesh_500m_center_lat": 33.85208333333334, "mesh_500m_center_lon": 132.79062499999998}, "geometry": {"type": "Polygon", "coordinates": [[[132.7875, 33.85], [132.79375, 33.85], [132.79375, 33.85416666666667], [132.7875, 33.85416666666667], [132.7875, 33.85]]]}}, {"type": "Feature", "properties": {"month": "2025-12", "mesh_500m": "503266403", "new_restaurant_permits": 1, "unique_facilities": 1, "mesh_500m_center_lat": 33.87291666666667, "mesh_500m_center_lon": 132.753125}, "geometry": {"type": "Polygon", "coordinates": [[[132.75, 33.87083333333334], [132.75625, 33.87083333333334], [132.75625, 33.87500000000001], [132.75, 33.87500000000001], [132.75, 33.87083333333334]]]}}, {"type": "Feature", "properties": {"month": "2026-01", "mesh_500m": "503265373", "new_restaurant_permits": 2, "unique_facilities": 2, "mesh_500m_center_lat": 33.86458333333334, "mesh_500m_center_lon": 132.715625}, "geometry": {"type": "Polygon", "coordinates": [[[132.7125, 33.862500000000004], [132.71875, 33.862500000000004], [132.71875, 33.866666666666674], [132.7125, 33.866666666666674], [132.7125, 33.862500000000004]]]}}, {"type": "Feature", "properties": {"month": "2026-01", "mesh_500m": "503255991", "new_restaurant_permits": 1, "unique_facilities": 1, "mesh_500m_center_lat": 33.827083333333334, "mesh_500m_center_lon": 132.74062500000002}, "geometry": {"type": "Polygon", "coordinates": [[[132.7375, 33.825], [132.74375, 33.825], [132.74375, 33.82916666666667], [132.7375, 33.82916666666667], [132.7375, 33.825]]]}}, {"type": "Feature", "properties": {"month": "2026-01", "mesh_500m": "503256611", "new_restaurant_permits": 1, "unique_facilities": 1, "mesh_500m_center_lat": 33.80208333333333, "mesh_500m_center_lon": 132.765625}, "geometry": {"type": "Polygon", "coordinates": [[[132.7625, 33.8], [132.76874999999998, 33.8], [132.76874999999998, 33.80416666666667], [132.7625, 33.80416666666667], [132.7625, 33.8]]]}}, {"type": "Feature", "properties": {"month": "2026-01", "mesh_500m": "503256702", "new_restaurant_permits": 1, "unique_facilities": 1, "mesh_500m_center_lat": 33.81041666666667, "mesh_500m_center_lon": 132.75937499999998}, "geometry": {"type": "Polygon", "coordinates": [[[132.75625, 33.80833333333333], [132.7625, 33.80833333333333], [132.7625, 33.8125], [132.75625, 33.8125], [132.75625, 33.80833333333333]]]}}, {"type": "Feature", "properties": {"month": "2026-02", "mesh_500m": "503266222", "new_restaurant_permits": 13, "unique_facilities": 13, "mesh_500m_center_lat": 33.85208333333334, "mesh_500m_center_lon": 132.784375}, "geometry": {"type": "Polygon", "coordinates": [[[132.78125, 33.85], [132.7875, 33.85], [132.7875, 33.85416666666667], [132.78125, 33.85416666666667], [132.78125, 33.85]]]}}, {"type": "Feature", "properties": {"month": "2026-02", "mesh_500m": "503266124", "new_restaurant_permits": 3, "unique_facilities": 3, "mesh_500m_center_lat": 33.84791666666668, "mesh_500m_center_lon": 132.784375}, "geometry": {"type": "Polygon", "coordinates": [[[132.78125, 33.84583333333334], [132.7875, 33.84583333333334], [132.7875, 33.85000000000001], [132.78125, 33.85000000000001], [132.78125, 33.84583333333334]]]}}, {"type": "Feature", "properties": {"month": "2026-02", "mesh_500m": "503265092", "new_restaurant_permits": 2, "unique_facilities": 2, "mesh_500m_center_lat": 33.835416666666674, "mesh_500m_center_lon": 132.746875}, "geometry": {"type": "Polygon", "coordinates": [[[132.74375, 33.833333333333336], [132.75, 33.833333333333336], [132.75, 33.837500000000006], [132.74375, 33.837500000000006], [132.74375, 33.833333333333336]]]}}, {"type": "Feature", "properties": {"month": "2026-02", "mesh_500m": "503266132", "new_restaurant_permits": 2, "unique_facilities": 2, "mesh_500m_center_lat": 33.84375, "mesh_500m_center_lon": 132.796875}, "geometry": {"type": "Polygon", "coordinates": [[[132.79375, 33.84166666666667], [132.79999999999998, 33.84166666666667], [132.79999999999998, 33.84583333333334], [132.79375, 33.84583333333334], [132.79375, 33.84166666666667]]]}}, {"type": "Feature", "properties": {"month": "2026-02", "mesh_500m": "503255973", "new_restaurant_permits": 1, "unique_facilities": 1, "mesh_500m_center_lat": 33.83125000000001, "mesh_500m_center_lon": 132.715625}, "geometry": {"type": "Polygon", "coordinates": [[[132.7125, 33.82916666666667], [132.71875, 33.82916666666667], [132.71875, 33.83333333333334], [132.7125, 33.83333333333334], [132.7125, 33.82916666666667]]]}}, {"type": "Feature", "properties": {"month": "2026-02", "mesh_500m": "503255974", "new_restaurant_permits": 1, "unique_facilities": 1, "mesh_500m_center_lat": 33.83125000000001, "mesh_500m_center_lon": 132.721875}, "geometry": {"type": "Polygon", "coordinates": [[[132.71875, 33.82916666666667], [132.725, 33.82916666666667], [132.725, 33.83333333333334], [132.71875, 33.83333333333334], [132.71875, 33.82916666666667]]]}}, {"type": "Feature", "properties": {"month": "2026-02", "mesh_500m": "503255983", "new_restaurant_permits": 1, "unique_facilities": 1, "mesh_500m_center_lat": 33.83125000000001, "mesh_500m_center_lon": 132.72812499999998}, "geometry": {"type": "Polygon", "coordinates": [[[132.725, 33.82916666666667], [132.73125, 33.82916666666667], [132.73125, 33.83333333333334], [132.725, 33.83333333333334], [132.725, 33.82916666666667]]]}}, {"type": "Feature", "properties": {"month": "2026-02", "mesh_500m": "503255992", "new_restaurant_permits": 1, "unique_facilities": 1, "mesh_500m_center_lat": 33.827083333333334, "mesh_500m_center_lon": 132.746875}, "geometry": {"type": "Polygon", "coordinates": [[[132.74375, 33.825], [132.75, 33.825], [132.75, 33.82916666666667], [132.74375, 33.82916666666667], [132.74375, 33.825]]]}}, {"type": "Feature", "properties": {"month": "2026-02", "mesh_500m": "503256711", "new_restaurant_permits": 1, "unique_facilities": 1, "mesh_500m_center_lat": 33.81041666666667, "mesh_500m_center_lon": 132.765625}, "geometry": {"type": "Polygon", "coordinates": [[[132.7625, 33.80833333333333], [132.76874999999998, 33.80833333333333], [132.76874999999998, 33.8125], [132.7625, 33.8125], [132.7625, 33.80833333333333]]]}}, {"type": "Feature", "properties": {"month": "2026-02", "mesh_500m": "503256712", "new_restaurant_permits": 1, "unique_facilities": 1, "mesh_500m_center_lat": 33.81041666666667, "mesh_500m_center_lon": 132.77187499999997}, "geometry": {"type": "Polygon", "coordinates": [[[132.76874999999998, 33.80833333333333], [132.77499999999998, 33.80833333333333], [132.77499999999998, 33.8125], [132.76874999999998, 33.8125], [132.76874999999998, 33.80833333333333]]]}}, {"type": "Feature", "properties": {"month": "2026-02", "mesh_500m": "503256731", "new_restaurant_permits": 1, "unique_facilities": 1, "mesh_500m_center_lat": 33.81041666666667, "mesh_500m_center_lon": 132.79062499999998}, "geometry": {"type": "Polygon", "coordinates": [[[132.7875, 33.80833333333333], [132.79375, 33.80833333333333], [132.79375, 33.8125], [132.7875, 33.8125], [132.7875, 33.80833333333333]]]}}, {"type": "Feature", "properties": {"month": "2026-02", "mesh_500m": "503256753", "new_restaurant_permits": 1, "unique_facilities": 1, "mesh_500m_center_lat": 33.81458333333333, "mesh_500m_center_lon": 132.815625}, "geometry": {"type": "Polygon", "coordinates": [[[132.8125, 33.8125], [132.81875, 33.8125], [132.81875, 33.81666666666667], [132.8125, 33.81666666666667], [132.8125, 33.8125]]]}}, {"type": "Feature", "properties": {"month": "2026-02", "mesh_500m": "503256801", "new_restaurant_permits": 1, "unique_facilities": 1, "mesh_500m_center_lat": 33.81875000000001, "mesh_500m_center_lon": 132.753125}, "geometry": {"type": "Polygon", "coordinates": [[[132.75, 33.81666666666667], [132.75625, 33.81666666666667], [132.75625, 33.82083333333334], [132.75, 33.82083333333334], [132.75, 33.81666666666667]]]}}, {"type": "Feature", "properties": {"month": "2026-02", "mesh_500m": "503256811", "new_restaurant_permits": 1, "unique_facilities": 1, "mesh_500m_center_lat": 33.81875000000001, "mesh_500m_center_lon": 132.765625}, "geometry": {"type": "Polygon", "coordinates": [[[132.7625, 33.81666666666667], [132.76874999999998, 33.81666666666667], [132.76874999999998, 33.82083333333334], [132.7625, 33.82083333333334], [132.7625, 33.81666666666667]]]}}, {"type": "Feature", "properties": {"month": "2026-02", "mesh_500m": "503256814", "new_restaurant_permits": 1, "unique_facilities": 1, "mesh_500m_center_lat": 33.82291666666667, "mesh_500m_center_lon": 132.77187499999997}, "geometry": {"type": "Polygon", "coordinates": [[[132.76874999999998, 33.82083333333334], [132.77499999999998, 33.82083333333334], [132.77499999999998, 33.82500000000001], [132.76874999999998, 33.82500000000001], [132.76874999999998, 33.82083333333334]]]}}, {"type": "Feature", "properties": {"month": "2026-02", "mesh_500m": "503256823", "new_restaurant_permits": 1, "unique_facilities": 1, "mesh_500m_center_lat": 33.82291666666667, "mesh_500m_center_lon": 132.778125}, "geometry": {"type": "Polygon", "coordinates": [[[132.775, 33.82083333333334], [132.78125, 33.82083333333334], [132.78125, 33.82500000000001], [132.775, 33.82500000000001], [132.775, 33.82083333333334]]]}}, {"type": "Feature", "properties": {"month": "2026-02", "mesh_500m": "503256902", "new_restaurant_permits": 1, "unique_facilities": 1, "mesh_500m_center_lat": 33.827083333333334, "mesh_500m_center_lon": 132.75937499999998}, "geometry": {"type": "Polygon", "coordinates": [[[132.75625, 33.825], [132.7625, 33.825], [132.7625, 33.82916666666667], [132.75625, 33.82916666666667], [132.75625, 33.825]]]}}, {"type": "Feature", "properties": {"month": "2026-02", "mesh_500m": "503256912", "new_restaurant_permits": 1, "unique_facilities": 1, "mesh_500m_center_lat": 33.827083333333334, "mesh_500m_center_lon": 132.77187499999997}, "geometry": {"type": "Polygon", "coordinates": [[[132.76874999999998, 33.825], [132.77499999999998, 33.825], [132.77499999999998, 33.82916666666667], [132.76874999999998, 33.82916666666667], [132.76874999999998, 33.825]]]}}, {"type": "Feature", "properties": {"month": "2026-02", "mesh_500m": "503256934", "new_restaurant_permits": 1, "unique_facilities": 1, "mesh_500m_center_lat": 33.83125000000001, "mesh_500m_center_lon": 132.796875}, "geometry": {"type": "Polygon", "coordinates": [[[132.79375, 33.82916666666667], [132.79999999999998, 33.82916666666667], [132.79999999999998, 33.83333333333334], [132.79375, 33.83333333333334], [132.79375, 33.82916666666667]]]}}, {"type": "Feature", "properties": {"month": "2026-02", "mesh_500m": "503265273", "new_restaurant_permits": 1, "unique_facilities": 1, "mesh_500m_center_lat": 33.85625, "mesh_500m_center_lon": 132.715625}, "geometry": {"type": "Polygon", "coordinates": [[[132.7125, 33.85416666666667], [132.71875, 33.85416666666667], [132.71875, 33.85833333333334], [132.7125, 33.85833333333334], [132.7125, 33.85416666666667]]]}}, {"type": "Feature", "properties": {"month": "2026-02", "mesh_500m": "503265291", "new_restaurant_permits": 1, "unique_facilities": 1, "mesh_500m_center_lat": 33.85208333333334, "mesh_500m_center_lon": 132.74062500000002}, "geometry": {"type": "Polygon", "coordinates": [[[132.7375, 33.85], [132.74375, 33.85], [132.74375, 33.85416666666667], [132.7375, 33.85416666666667], [132.7375, 33.85]]]}}, {"type": "Feature", "properties": {"month": "2026-02", "mesh_500m": "503265373", "new_restaurant_permits": 1, "unique_facilities": 1, "mesh_500m_center_lat": 33.86458333333334, "mesh_500m_center_lon": 132.715625}, "geometry": {"type": "Polygon", "coordinates": [[[132.7125, 33.862500000000004], [132.71875, 33.862500000000004], [132.71875, 33.866666666666674], [132.7125, 33.866666666666674], [132.7125, 33.862500000000004]]]}}, {"type": "Feature", "properties": {"month": "2026-02", "mesh_500m": "503265882", "new_restaurant_permits": 1, "unique_facilities": 1, "mesh_500m_center_lat": 33.90208333333334, "mesh_500m_center_lon": 132.734375}, "geometry": {"type": "Polygon", "coordinates": [[[132.73125, 33.900000000000006], [132.73749999999998, 33.900000000000006], [132.73749999999998, 33.904166666666676], [132.73125, 33.904166666666676], [132.73125, 33.900000000000006]]]}}, {"type": "Feature", "properties": {"month": "2026-02", "mesh_500m": "503266021", "new_restaurant_permits": 1, "unique_facilities": 1, "mesh_500m_center_lat": 33.835416666666674, "mesh_500m_center_lon": 132.778125}, "geometry": {"type": "Polygon", "coordinates": [[[132.775, 33.833333333333336], [132.78125, 33.833333333333336], [132.78125, 33.837500000000006], [132.775, 33.837500000000006], [132.775, 33.833333333333336]]]}}, {"type": "Feature", "properties": {"month": "2026-02", "mesh_500m": "503266103", "new_restaurant_permits": 1, "unique_facilities": 1, "mesh_500m_center_lat": 33.84791666666668, "mesh_500m_center_lon": 132.753125}, "geometry": {"type": "Polygon", "coordinates": [[[132.75, 33.84583333333334], [132.75625, 33.84583333333334], [132.75625, 33.85000000000001], [132.75, 33.85000000000001], [132.75, 33.84583333333334]]]}}, {"type": "Feature", "properties": {"month": "2026-02", "mesh_500m": "503266201", "new_restaurant_permits": 1, "unique_facilities": 1, "mesh_500m_center_lat": 33.85208333333334, "mesh_500m_center_lon": 132.753125}, "geometry": {"type": "Polygon", "coordinates": [[[132.75, 33.85], [132.75625, 33.85], [132.75625, 33.85416666666667], [132.75, 33.85416666666667], [132.75, 33.85]]]}}, {"type": "Feature", "properties": {"month": "2026-02", "mesh_500m": "503266204", "new_restaurant_permits": 1, "unique_facilities": 1, "mesh_500m_center_lat": 33.85625, "mesh_500m_center_lon": 132.75937499999998}, "geometry": {"type": "Polygon", "coordinates": [[[132.75625, 33.85416666666667], [132.7625, 33.85416666666667], [132.7625, 33.85833333333334], [132.75625, 33.85833333333334], [132.75625, 33.85416666666667]]]}}, {"type": "Feature", "properties": {"month": "2026-02", "mesh_500m": "503266224", "new_restaurant_permits": 1, "unique_facilities": 1, "mesh_500m_center_lat": 33.85625, "mesh_500m_center_lon": 132.784375}, "geometry": {"type": "Polygon", "coordinates": [[[132.78125, 33.85416666666667], [132.7875, 33.85416666666667], [132.7875, 33.85833333333334], [132.78125, 33.85833333333334], [132.78125, 33.85416666666667]]]}}, {"type": "Feature", "properties": {"month": "2026-02", "mesh_500m": "503266301", "new_restaurant_permits": 1, "unique_facilities": 1, "mesh_500m_center_lat": 33.860416666666666, "mesh_500m_center_lon": 132.753125}, "geometry": {"type": "Polygon", "coordinates": [[[132.75, 33.858333333333334], [132.75625, 33.858333333333334], [132.75625, 33.862500000000004], [132.75, 33.862500000000004], [132.75, 33.858333333333334]]]}}, {"type": "Feature", "properties": {"month": "2026-02", "mesh_500m": "503266302", "new_restaurant_permits": 1, "unique_facilities": 1, "mesh_500m_center_lat": 33.860416666666666, "mesh_500m_center_lon": 132.75937499999998}, "geometry": {"type": "Polygon", "coordinates": [[[132.75625, 33.858333333333334], [132.7625, 33.858333333333334], [132.7625, 33.862500000000004], [132.75625, 33.862500000000004], [132.75625, 33.858333333333334]]]}}, {"type": "Feature", "properties": {"month": "2026-02", "mesh_500m": "503266303", "new_restaurant_permits": 1, "unique_facilities": 1, "mesh_500m_center_lat": 33.86458333333334, "mesh_500m_center_lon": 132.753125}, "geometry": {"type": "Polygon", "coordinates": [[[132.75, 33.862500000000004], [132.75625, 33.862500000000004], [132.75625, 33.866666666666674], [132.75, 33.866666666666674], [132.75, 33.862500000000004]]]}}, {"type": "Feature", "properties": {"month": "2026-02", "mesh_500m": "503266403", "new_restaurant_permits": 1, "unique_facilities": 1, "mesh_500m_center_lat": 33.87291666666667, "mesh_500m_center_lon": 132.753125}, "geometry": {"type": "Polygon", "coordinates": [[[132.75, 33.87083333333334], [132.75625, 33.87083333333334], [132.75625, 33.87500000000001], [132.75, 33.87500000000001], [132.75, 33.87083333333334]]]}}, {"type": "Feature", "properties": {"month": "2026-03", "mesh_500m": "503255793", "new_restaurant_permits": 4, "unique_facilities": 4, "mesh_500m_center_lat": 33.81458333333333, "mesh_500m_center_lon": 132.74062500000002}, "geometry": {"type": "Polygon", "coordinates": [[[132.7375, 33.8125], [132.74375, 33.8125], [132.74375, 33.81666666666667], [132.7375, 33.81666666666667], [132.7375, 33.8125]]]}}, {"type": "Feature", "properties": {"month": "2026-03", "mesh_500m": "503266222", "new_restaurant_permits": 3, "unique_facilities": 3, "mesh_500m_center_lat": 33.85208333333334, "mesh_500m_center_lon": 132.784375}, "geometry": {"type": "Polygon", "coordinates": [[[132.78125, 33.85], [132.7875, 33.85], [132.7875, 33.85416666666667], [132.78125, 33.85416666666667], [132.78125, 33.85]]]}}, {"type": "Feature", "properties": {"month": "2026-03", "mesh_500m": "503255981", "new_restaurant_permits": 2, "unique_facilities": 2, "mesh_500m_center_lat": 33.827083333333334, "mesh_500m_center_lon": 132.72812499999998}, "geometry": {"type": "Polygon", "coordinates": [[[132.725, 33.825], [132.73125, 33.825], [132.73125, 33.82916666666667], [132.725, 33.82916666666667], [132.725, 33.825]]]}}, {"type": "Feature", "properties": {"month": "2026-03", "mesh_500m": "503256711", "new_restaurant_permits": 2, "unique_facilities": 2, "mesh_500m_center_lat": 33.81041666666667, "mesh_500m_center_lon": 132.765625}, "geometry": {"type": "Polygon", "coordinates": [[[132.7625, 33.80833333333333], [132.76874999999998, 33.80833333333333], [132.76874999999998, 33.8125], [132.7625, 33.8125], [132.7625, 33.80833333333333]]]}}, {"type": "Feature", "properties": {"month": "2026-03", "mesh_500m": "503256732", "new_restaurant_permits": 2, "unique_facilities": 2, "mesh_500m_center_lat": 33.81041666666667, "mesh_500m_center_lon": 132.796875}, "geometry": {"type": "Polygon", "coordinates": [[[132.79375, 33.80833333333333], [132.79999999999998, 33.80833333333333], [132.79999999999998, 33.8125], [132.79375, 33.8125], [132.79375, 33.80833333333333]]]}}, {"type": "Feature", "properties": {"month": "2026-03", "mesh_500m": "503265373", "new_restaurant_permits": 2, "unique_facilities": 2, "mesh_500m_center_lat": 33.86458333333334, "mesh_500m_center_lon": 132.715625}, "geometry": {"type": "Polygon", "coordinates": [[[132.7125, 33.862500000000004], [132.71875, 33.862500000000004], [132.71875, 33.866666666666674], [132.7125, 33.866666666666674], [132.7125, 33.862500000000004]]]}}, {"type": "Feature", "properties": {"month": "2026-03", "mesh_500m": "503266101", "new_restaurant_permits": 2, "unique_facilities": 2, "mesh_500m_center_lat": 33.84375, "mesh_500m_center_lon": 132.753125}, "geometry": {"type": "Polygon", "coordinates": [[[132.75, 33.84166666666667], [132.75625, 33.84166666666667], [132.75625, 33.84583333333334], [132.75, 33.84583333333334], [132.75, 33.84166666666667]]]}}, {"type": "Feature", "properties": {"month": "2026-03", "mesh_500m": "503255782", "new_restaurant_permits": 1, "unique_facilities": 1, "mesh_500m_center_lat": 33.81041666666667, "mesh_500m_center_lon": 132.734375}, "geometry": {"type": "Polygon", "coordinates": [[[132.73125, 33.80833333333333], [132.73749999999998, 33.80833333333333], [132.73749999999998, 33.8125], [132.73125, 33.8125], [132.73125, 33.80833333333333]]]}}, {"type": "Feature", "properties": {"month": "2026-03", "mesh_500m": "503255794", "new_restaurant_permits": 1, "unique_facilities": 1, "mesh_500m_center_lat": 33.81458333333333, "mesh_500m_center_lon": 132.746875}, "geometry": {"type": "Polygon", "coordinates": [[[132.74375, 33.8125], [132.75, 33.8125], [132.75, 33.81666666666667], [132.74375, 33.81666666666667], [132.74375, 33.8125]]]}}, {"type": "Feature", "properties": {"month": "2026-03", "mesh_500m": "503255854", "new_restaurant_permits": 1, "unique_facilities": 1, "mesh_500m_center_lat": 33.82291666666667, "mesh_500m_center_lon": 132.69687499999998}, "geometry": {"type": "Polygon", "coordinates": [[[132.69375, 33.82083333333334], [132.7, 33.82083333333334], [132.7, 33.82500000000001], [132.69375, 33.82500000000001], [132.69375, 33.82083333333334]]]}}, {"type": "Feature", "properties": {"month": "2026-03", "mesh_500m": "503256702", "new_restaurant_permits": 1, "unique_facilities": 1, "mesh_500m_center_lat": 33.81041666666667, "mesh_500m_center_lon": 132.75937499999998}, "geometry": {"type": "Polygon", "coordinates": [[[132.75625, 33.80833333333333], [132.7625, 33.80833333333333], [132.7625, 33.8125], [132.75625, 33.8125], [132.75625, 33.80833333333333]]]}}, {"type": "Feature", "properties": {"month": "2026-03", "mesh_500m": "503256712", "new_restaurant_permits": 1, "unique_facilities": 1, "mesh_500m_center_lat": 33.81041666666667, "mesh_500m_center_lon": 132.77187499999997}, "geometry": {"type": "Polygon", "coordinates": [[[132.76874999999998, 33.80833333333333], [132.77499999999998, 33.80833333333333], [132.77499999999998, 33.8125], [132.76874999999998, 33.8125], [132.76874999999998, 33.80833333333333]]]}}, {"type": "Feature", "properties": {"month": "2026-03", "mesh_500m": "503256722", "new_restaurant_permits": 1, "unique_facilities": 1, "mesh_500m_center_lat": 33.81041666666667, "mesh_500m_center_lon": 132.784375}, "geometry": {"type": "Polygon", "coordinates": [[[132.78125, 33.80833333333333], [132.7875, 33.80833333333333], [132.7875, 33.8125], [132.78125, 33.8125], [132.78125, 33.80833333333333]]]}}, {"type": "Feature", "properties": {"month": "2026-03", "mesh_500m": "503256731", "new_restaurant_permits": 1, "unique_facilities": 1, "mesh_500m_center_lat": 33.81041666666667, "mesh_500m_center_lon": 132.79062499999998}, "geometry": {"type": "Polygon", "coordinates": [[[132.7875, 33.80833333333333], [132.79375, 33.80833333333333], [132.79375, 33.8125], [132.7875, 33.8125], [132.7875, 33.80833333333333]]]}}, {"type": "Feature", "properties": {"month": "2026-03", "mesh_500m": "503256814", "new_restaurant_permits": 1, "unique_facilities": 1, "mesh_500m_center_lat": 33.82291666666667, "mesh_500m_center_lon": 132.77187499999997}, "geometry": {"type": "Polygon", "coordinates": [[[132.76874999999998, 33.82083333333334], [132.77499999999998, 33.82083333333334], [132.77499999999998, 33.82500000000001], [132.76874999999998, 33.82500000000001], [132.76874999999998, 33.82083333333334]]]}}, {"type": "Feature", "properties": {"month": "2026-03", "mesh_500m": "503256823", "new_restaurant_permits": 1, "unique_facilities": 1, "mesh_500m_center_lat": 33.82291666666667, "mesh_500m_center_lon": 132.778125}, "geometry": {"type": "Polygon", "coordinates": [[[132.775, 33.82083333333334], [132.78125, 33.82083333333334], [132.78125, 33.82500000000001], [132.775, 33.82500000000001], [132.775, 33.82083333333334]]]}}, {"type": "Feature", "properties": {"month": "2026-03", "mesh_500m": "503256914", "new_restaurant_permits": 1, "unique_facilities": 1, "mesh_500m_center_lat": 33.83125000000001, "mesh_500m_center_lon": 132.77187499999997}, "geometry": {"type": "Polygon", "coordinates": [[[132.76874999999998, 33.82916666666667], [132.77499999999998, 33.82916666666667], [132.77499999999998, 33.83333333333334], [132.76874999999998, 33.83333333333334], [132.76874999999998, 33.82916666666667]]]}}, {"type": "Feature", "properties": {"month": "2026-03", "mesh_500m": "503256931", "new_restaurant_permits": 1, "unique_facilities": 1, "mesh_500m_center_lat": 33.827083333333334, "mesh_500m_center_lon": 132.79062499999998}, "geometry": {"type": "Polygon", "coordinates": [[[132.7875, 33.825], [132.79375, 33.825], [132.79375, 33.82916666666667], [132.7875, 33.82916666666667], [132.7875, 33.825]]]}}, {"type": "Feature", "properties": {"month": "2026-03", "mesh_500m": "503256933", "new_restaurant_permits": 1, "unique_facilities": 1, "mesh_500m_center_lat": 33.83125000000001, "mesh_500m_center_lon": 132.79062499999998}, "geometry": {"type": "Polygon", "coordinates": [[[132.7875, 33.82916666666667], [132.79375, 33.82916666666667], [132.79375, 33.83333333333334], [132.7875, 33.83333333333334], [132.7875, 33.82916666666667]]]}}, {"type": "Feature", "properties": {"month": "2026-03", "mesh_500m": "503265271", "new_restaurant_permits": 1, "unique_facilities": 1, "mesh_500m_center_lat": 33.85208333333334, "mesh_500m_center_lon": 132.715625}, "geometry": {"type": "Polygon", "coordinates": [[[132.7125, 33.85], [132.71875, 33.85], [132.71875, 33.85416666666667], [132.7125, 33.85416666666667], [132.7125, 33.85]]]}}, {"type": "Feature", "properties": {"month": "2026-03", "mesh_500m": "503265274", "new_restaurant_permits": 1, "unique_facilities": 1, "mesh_500m_center_lat": 33.85625, "mesh_500m_center_lon": 132.721875}, "geometry": {"type": "Polygon", "coordinates": [[[132.71875, 33.85416666666667], [132.725, 33.85416666666667], [132.725, 33.85833333333334], [132.71875, 33.85833333333334], [132.71875, 33.85416666666667]]]}}, {"type": "Feature", "properties": {"month": "2026-03", "mesh_500m": "503265283", "new_restaurant_permits": 1, "unique_facilities": 1, "mesh_500m_center_lat": 33.85625, "mesh_500m_center_lon": 132.72812499999998}, "geometry": {"type": "Polygon", "coordinates": [[[132.725, 33.85416666666667], [132.73125, 33.85416666666667], [132.73125, 33.85833333333334], [132.725, 33.85833333333334], [132.725, 33.85416666666667]]]}}, {"type": "Feature", "properties": {"month": "2026-03", "mesh_500m": "503265372", "new_restaurant_permits": 1, "unique_facilities": 1, "mesh_500m_center_lat": 33.860416666666666, "mesh_500m_center_lon": 132.721875}, "geometry": {"type": "Polygon", "coordinates": [[[132.71875, 33.858333333333334], [132.725, 33.858333333333334], [132.725, 33.862500000000004], [132.71875, 33.862500000000004], [132.71875, 33.858333333333334]]]}}, {"type": "Feature", "properties": {"month": "2026-03", "mesh_500m": "503266033", "new_restaurant_permits": 1, "unique_facilities": 1, "mesh_500m_center_lat": 33.83958333333334, "mesh_500m_center_lon": 132.79062499999998}, "geometry": {"type": "Polygon", "coordinates": [[[132.7875, 33.837500000000006], [132.79375, 33.837500000000006], [132.79375, 33.841666666666676], [132.7875, 33.841666666666676], [132.7875, 33.837500000000006]]]}}, {"type": "Feature", "properties": {"month": "2026-03", "mesh_500m": "503266034", "new_restaurant_permits": 1, "unique_facilities": 1, "mesh_500m_center_lat": 33.83958333333334, "mesh_500m_center_lon": 132.796875}, "geometry": {"type": "Polygon", "coordinates": [[[132.79375, 33.837500000000006], [132.79999999999998, 33.837500000000006], [132.79999999999998, 33.841666666666676], [132.79375, 33.841666666666676], [132.79375, 33.837500000000006]]]}}, {"type": "Feature", "properties": {"month": "2026-03", "mesh_500m": "503266103", "new_restaurant_permits": 1, "unique_facilities": 1, "mesh_500m_center_lat": 33.84791666666668, "mesh_500m_center_lon": 132.753125}, "geometry": {"type": "Polygon", "coordinates": [[[132.75, 33.84583333333334], [132.75625, 33.84583333333334], [132.75625, 33.85000000000001], [132.75, 33.85000000000001], [132.75, 33.84583333333334]]]}}, {"type": "Feature", "properties": {"month": "2026-03", "mesh_500m": "503266131", "new_restaurant_permits": 1, "unique_facilities": 1, "mesh_500m_center_lat": 33.84375, "mesh_500m_center_lon": 132.79062499999998}, "geometry": {"type": "Polygon", "coordinates": [[[132.7875, 33.84166666666667], [132.79375, 33.84166666666667], [132.79375, 33.84583333333334], [132.7875, 33.84583333333334], [132.7875, 33.84166666666667]]]}}, {"type": "Feature", "properties": {"month": "2026-03", "mesh_500m": "503266212", "new_restaurant_permits": 1, "unique_facilities": 1, "mesh_500m_center_lat": 33.85208333333334, "mesh_500m_center_lon": 132.77187499999997}, "geometry": {"type": "Polygon", "coordinates": [[[132.76874999999998, 33.85], [132.77499999999998, 33.85], [132.77499999999998, 33.85416666666667], [132.76874999999998, 33.85416666666667], [132.76874999999998, 33.85]]]}}, {"type": "Feature", "properties": {"month": "2026-03", "mesh_500m": "503266301", "new_restaurant_permits": 1, "unique_facilities": 1, "mesh_500m_center_lat": 33.860416666666666, "mesh_500m_center_lon": 132.753125}, "geometry": {"type": "Polygon", "coordinates": [[[132.75, 33.858333333333334], [132.75625, 33.858333333333334], [132.75625, 33.862500000000004], [132.75, 33.862500000000004], [132.75, 33.858333333333334]]]}}, {"type": "Feature", "properties": {"month": "2026-03", "mesh_500m": "503275701", "new_restaurant_permits": 1, "unique_facilities": 1, "mesh_500m_center_lat": 33.97708333333334, "mesh_500m_center_lon": 132.628125}, "geometry": {"type": "Polygon", "coordinates": [[[132.625, 33.975], [132.63125, 33.975], [132.63125, 33.97916666666667], [132.625, 33.97916666666667], [132.625, 33.975]]]}}, {"type": "Feature", "properties": {"month": "2026-03", "mesh_500m": "503276512", "new_restaurant_permits": 1, "unique_facilities": 1, "mesh_500m_center_lat": 33.960416666666674, "mesh_500m_center_lon": 132.77187499999997}, "geometry": {"type": "Polygon", "coordinates": [[[132.76874999999998, 33.958333333333336], [132.77499999999998, 33.958333333333336], [132.77499999999998, 33.962500000000006], [132.76874999999998, 33.962500000000006], [132.76874999999998, 33.958333333333336]]]}}, {"type": "Feature", "properties": {"month": "2026-03", "mesh_500m": "503276614", "new_restaurant_permits": 1, "unique_facilities": 1, "mesh_500m_center_lat": 33.97291666666668, "mesh_500m_center_lon": 132.77187499999997}, "geometry": {"type": "Polygon", "coordinates": [[[132.76874999999998, 33.97083333333334], [132.77499999999998, 33.97083333333334], [132.77499999999998, 33.97500000000001], [132.76874999999998, 33.97500000000001], [132.76874999999998, 33.97083333333334]]]}}, {"type": "Feature", "properties": {"month": "2026-03", "mesh_500m": "503276622", "new_restaurant_permits": 1, "unique_facilities": 1, "mesh_500m_center_lat": 33.96875, "mesh_500m_center_lon": 132.784375}, "geometry": {"type": "Polygon", "coordinates": [[[132.78125, 33.96666666666667], [132.7875, 33.96666666666667], [132.7875, 33.97083333333334], [132.78125, 33.97083333333334], [132.78125, 33.96666666666667]]]}}, {"type": "Feature", "properties": {"month": "2026-03", "mesh_500m": "503276712", "new_restaurant_permits": 1, "unique_facilities": 1, "mesh_500m_center_lat": 33.97708333333334, "mesh_500m_center_lon": 132.77187499999997}, "geometry": {"type": "Polygon", "coordinates": [[[132.76874999999998, 33.975], [132.77499999999998, 33.975], [132.77499999999998, 33.97916666666667], [132.76874999999998, 33.97916666666667], [132.76874999999998, 33.975]]]}}, {"type": "Feature", "properties": {"month": "2026-04", "mesh_500m": "503255794", "new_restaurant_permits": 2, "unique_facilities": 2, "mesh_500m_center_lat": 33.81458333333333, "mesh_500m_center_lon": 132.746875}, "geometry": {"type": "Polygon", "coordinates": [[[132.74375, 33.8125], [132.75, 33.8125], [132.75, 33.81666666666667], [132.74375, 33.81666666666667], [132.74375, 33.8125]]]}}, {"type": "Feature", "properties": {"month": "2026-04", "mesh_500m": "503266101", "new_restaurant_permits": 2, "unique_facilities": 2, "mesh_500m_center_lat": 33.84375, "mesh_500m_center_lon": 132.753125}, "geometry": {"type": "Polygon", "coordinates": [[[132.75, 33.84166666666667], [132.75625, 33.84166666666667], [132.75625, 33.84583333333334], [132.75, 33.84583333333334], [132.75, 33.84166666666667]]]}}, {"type": "Feature", "properties": {"month": "2026-04", "mesh_500m": "503266222", "new_restaurant_permits": 2, "unique_facilities": 2, "mesh_500m_center_lat": 33.85208333333334, "mesh_500m_center_lon": 132.784375}, "geometry": {"type": "Polygon", "coordinates": [[[132.78125, 33.85], [132.7875, 33.85], [132.7875, 33.85416666666667], [132.78125, 33.85416666666667], [132.78125, 33.85]]]}}, {"type": "Feature", "properties": {"month": "2026-04", "mesh_500m": "503255792", "new_restaurant_permits": 1, "unique_facilities": 1, "mesh_500m_center_lat": 33.81041666666667, "mesh_500m_center_lon": 132.746875}, "geometry": {"type": "Polygon", "coordinates": [[[132.74375, 33.80833333333333], [132.75, 33.80833333333333], [132.75, 33.8125], [132.74375, 33.8125], [132.74375, 33.80833333333333]]]}}, {"type": "Feature", "properties": {"month": "2026-04", "mesh_500m": "503255893", "new_restaurant_permits": 1, "unique_facilities": 1, "mesh_500m_center_lat": 33.82291666666667, "mesh_500m_center_lon": 132.74062500000002}, "geometry": {"type": "Polygon", "coordinates": [[[132.7375, 33.82083333333334], [132.74375, 33.82083333333334], [132.74375, 33.82500000000001], [132.7375, 33.82500000000001], [132.7375, 33.82083333333334]]]}}, {"type": "Feature", "properties": {"month": "2026-04", "mesh_500m": "503256721", "new_restaurant_permits": 1, "unique_facilities": 1, "mesh_500m_center_lat": 33.81041666666667, "mesh_500m_center_lon": 132.778125}, "geometry": {"type": "Polygon", "coordinates": [[[132.775, 33.80833333333333], [132.78125, 33.80833333333333], [132.78125, 33.8125], [132.775, 33.8125], [132.775, 33.80833333333333]]]}}, {"type": "Feature", "properties": {"month": "2026-04", "mesh_500m": "503256812", "new_restaurant_permits": 1, "unique_facilities": 1, "mesh_500m_center_lat": 33.81875000000001, "mesh_500m_center_lon": 132.77187499999997}, "geometry": {"type": "Polygon", "coordinates": [[[132.76874999999998, 33.81666666666667], [132.77499999999998, 33.81666666666667], [132.77499999999998, 33.82083333333334], [132.76874999999998, 33.82083333333334], [132.76874999999998, 33.81666666666667]]]}}, {"type": "Feature", "properties": {"month": "2026-04", "mesh_500m": "503265373", "new_restaurant_permits": 1, "unique_facilities": 1, "mesh_500m_center_lat": 33.86458333333334, "mesh_500m_center_lon": 132.715625}, "geometry": {"type": "Polygon", "coordinates": [[[132.7125, 33.862500000000004], [132.71875, 33.862500000000004], [132.71875, 33.866666666666674], [132.7125, 33.866666666666674], [132.7125, 33.862500000000004]]]}}, {"type": "Feature", "properties": {"month": "2026-04", "mesh_500m": "503266134", "new_restaurant_permits": 1, "unique_facilities": 1, "mesh_500m_center_lat": 33.84791666666668, "mesh_500m_center_lon": 132.796875}, "geometry": {"type": "Polygon", "coordinates": [[[132.79375, 33.84583333333334], [132.79999999999998, 33.84583333333334], [132.79999999999998, 33.85000000000001], [132.79375, 33.85000000000001], [132.79375, 33.84583333333334]]]}}, {"type": "Feature", "properties": {"month": "2026-04", "mesh_500m": "503266231", "new_restaurant_permits": 1, "unique_facilities": 1, "mesh_500m_center_lat": 33.85208333333334, "mesh_500m_center_lon": 132.79062499999998}, "geometry": {"type": "Polygon", "coordinates": [[[132.7875, 33.85], [132.79375, 33.85], [132.79375, 33.85416666666667], [132.7875, 33.85416666666667], [132.7875, 33.85]]]}}, {"type": "Feature", "properties": {"month": "2026-04", "mesh_500m": "503276314", "new_restaurant_permits": 1, "unique_facilities": 1, "mesh_500m_center_lat": 33.94791666666667, "mesh_500m_center_lon": 132.77187499999997}, "geometry": {"type": "Polygon", "coordinates": [[[132.76874999999998, 33.94583333333334], [132.77499999999998, 33.94583333333334], [132.77499999999998, 33.95000000000001], [132.76874999999998, 33.95000000000001], [132.76874999999998, 33.94583333333334]]]}}, {"type": "Feature", "properties": {"month": "2026-05", "mesh_500m": "503256712", "new_restaurant_permits": 1, "unique_facilities": 1, "mesh_500m_center_lat": 33.81041666666667, "mesh_500m_center_lon": 132.77187499999997}, "geometry": {"type": "Polygon", "coordinates": [[[132.76874999999998, 33.80833333333333], [132.77499999999998, 33.80833333333333], [132.77499999999998, 33.8125], [132.76874999999998, 33.8125], [132.76874999999998, 33.80833333333333]]]}}, {"type": "Feature", "properties": {"month": "2026-05", "mesh_500m": "503256801", "new_restaurant_permits": 1, "unique_facilities": 1, "mesh_500m_center_lat": 33.81875000000001, "mesh_500m_center_lon": 132.753125}, "geometry": {"type": "Polygon", "coordinates": [[[132.75, 33.81666666666667], [132.75625, 33.81666666666667], [132.75625, 33.82083333333334], [132.75, 33.82083333333334], [132.75, 33.81666666666667]]]}}, {"type": "Feature", "properties": {"month": "2026-05", "mesh_500m": "503256812", "new_restaurant_permits": 1, "unique_facilities": 1, "mesh_500m_center_lat": 33.81875000000001, "mesh_500m_center_lon": 132.77187499999997}, "geometry": {"type": "Polygon", "coordinates": [[[132.76874999999998, 33.81666666666667], [132.77499999999998, 33.81666666666667], [132.77499999999998, 33.82083333333334], [132.76874999999998, 33.82083333333334], [132.76874999999998, 33.81666666666667]]]}}, {"type": "Feature", "properties": {"month": "2026-05", "mesh_500m": "503256823", "new_restaurant_permits": 1, "unique_facilities": 1, "mesh_500m_center_lat": 33.82291666666667, "mesh_500m_center_lon": 132.778125}, "geometry": {"type": "Polygon", "coordinates": [[[132.775, 33.82083333333334], [132.78125, 33.82083333333334], [132.78125, 33.82500000000001], [132.775, 33.82500000000001], [132.775, 33.82083333333334]]]}}, {"type": "Feature", "properties": {"month": "2026-05", "mesh_500m": "503256934", "new_restaurant_permits": 1, "unique_facilities": 1, "mesh_500m_center_lat": 33.83125000000001, "mesh_500m_center_lon": 132.796875}, "geometry": {"type": "Polygon", "coordinates": [[[132.79375, 33.82916666666667], [132.79999999999998, 33.82916666666667], [132.79999999999998, 33.83333333333334], [132.79375, 33.83333333333334], [132.79375, 33.82916666666667]]]}}, {"type": "Feature", "properties": {"month": "2026-05", "mesh_500m": "503265882", "new_restaurant_permits": 1, "unique_facilities": 1, "mesh_500m_center_lat": 33.90208333333334, "mesh_500m_center_lon": 132.734375}, "geometry": {"type": "Polygon", "coordinates": [[[132.73125, 33.900000000000006], [132.73749999999998, 33.900000000000006], [132.73749999999998, 33.904166666666676], [132.73125, 33.904166666666676], [132.73125, 33.900000000000006]]]}}, {"type": "Feature", "properties": {"month": "2026-05", "mesh_500m": "503266222", "new_restaurant_permits": 1, "unique_facilities": 1, "mesh_500m_center_lat": 33.85208333333334, "mesh_500m_center_lon": 132.784375}, "geometry": {"type": "Polygon", "coordinates": [[[132.78125, 33.85], [132.7875, 33.85], [132.7875, 33.85416666666667], [132.78125, 33.85416666666667], [132.78125, 33.85]]]}}, {"type": "Feature", "properties": {"month": "2026-06", "mesh_500m": "503256923", "new_restaurant_permits": 2, "unique_facilities": 2, "mesh_500m_center_lat": 33.83125000000001, "mesh_500m_center_lon": 132.778125}, "geometry": {"type": "Polygon", "coordinates": [[[132.775, 33.82916666666667], [132.78125, 33.82916666666667], [132.78125, 33.83333333333334], [132.775, 33.83333333333334], [132.775, 33.82916666666667]]]}}, {"type": "Feature", "properties": {"month": "2026-06", "mesh_500m": "503255792", "new_restaurant_permits": 1, "unique_facilities": 1, "mesh_500m_center_lat": 33.81041666666667, "mesh_500m_center_lon": 132.746875}, "geometry": {"type": "Polygon", "coordinates": [[[132.74375, 33.80833333333333], [132.75, 33.80833333333333], [132.75, 33.8125], [132.74375, 33.8125], [132.74375, 33.80833333333333]]]}}, {"type": "Feature", "properties": {"month": "2026-06", "mesh_500m": "503255964", "new_restaurant_permits": 1, "unique_facilities": 1, "mesh_500m_center_lat": 33.83125000000001, "mesh_500m_center_lon": 132.70937499999997}, "geometry": {"type": "Polygon", "coordinates": [[[132.70624999999998, 33.82916666666667], [132.71249999999998, 33.82916666666667], [132.71249999999998, 33.83333333333334], [132.70624999999998, 33.83333333333334], [132.70624999999998, 33.82916666666667]]]}}, {"type": "Feature", "properties": {"month": "2026-06", "mesh_500m": "503255982", "new_restaurant_permits": 1, "unique_facilities": 1, "mesh_500m_center_lat": 33.827083333333334, "mesh_500m_center_lon": 132.734375}, "geometry": {"type": "Polygon", "coordinates": [[[132.73125, 33.825], [132.73749999999998, 33.825], [132.73749999999998, 33.82916666666667], [132.73125, 33.82916666666667], [132.73125, 33.825]]]}}, {"type": "Feature", "properties": {"month": "2026-06", "mesh_500m": "503255992", "new_restaurant_permits": 1, "unique_facilities": 1, "mesh_500m_center_lat": 33.827083333333334, "mesh_500m_center_lon": 132.746875}, "geometry": {"type": "Polygon", "coordinates": [[[132.74375, 33.825], [132.75, 33.825], [132.75, 33.82916666666667], [132.74375, 33.82916666666667], [132.74375, 33.825]]]}}, {"type": "Feature", "properties": {"month": "2026-06", "mesh_500m": "503256744", "new_restaurant_permits": 1, "unique_facilities": 1, "mesh_500m_center_lat": 33.81458333333333, "mesh_500m_center_lon": 132.809375}, "geometry": {"type": "Polygon", "coordinates": [[[132.80625, 33.8125], [132.8125, 33.8125], [132.8125, 33.81666666666667], [132.80625, 33.81666666666667], [132.80625, 33.8125]]]}}, {"type": "Feature", "properties": {"month": "2026-06", "mesh_500m": "503256813", "new_restaurant_permits": 1, "unique_facilities": 1, "mesh_500m_center_lat": 33.82291666666667, "mesh_500m_center_lon": 132.765625}, "geometry": {"type": "Polygon", "coordinates": [[[132.7625, 33.82083333333334], [132.76874999999998, 33.82083333333334], [132.76874999999998, 33.82500000000001], [132.7625, 33.82500000000001], [132.7625, 33.82083333333334]]]}}, {"type": "Feature", "properties": {"month": "2026-06", "mesh_500m": "503256902", "new_restaurant_permits": 1, "unique_facilities": 1, "mesh_500m_center_lat": 33.827083333333334, "mesh_500m_center_lon": 132.75937499999998}, "geometry": {"type": "Polygon", "coordinates": [[[132.75625, 33.825], [132.7625, 33.825], [132.7625, 33.82916666666667], [132.75625, 33.82916666666667], [132.75625, 33.825]]]}}, {"type": "Feature", "properties": {"month": "2026-06", "mesh_500m": "503266023", "new_restaurant_permits": 1, "unique_facilities": 1, "mesh_500m_center_lat": 33.83958333333334, "mesh_500m_center_lon": 132.778125}, "geometry": {"type": "Polygon", "coordinates": [[[132.775, 33.837500000000006], [132.78125, 33.837500000000006], [132.78125, 33.841666666666676], [132.775, 33.841666666666676], [132.775, 33.837500000000006]]]}}, {"type": "Feature", "properties": {"month": "2026-06", "mesh_500m": "503266231", "new_restaurant_permits": 1, "unique_facilities": 1, "mesh_500m_center_lat": 33.85208333333334, "mesh_500m_center_lon": 132.79062499999998}, "geometry": {"type": "Polygon", "coordinates": [[[132.7875, 33.85], [132.79375, 33.85], [132.79375, 33.85416666666667], [132.7875, 33.85416666666667], [132.7875, 33.85]]]}}, {"type": "Feature", "properties": {"month": "2026-06", "mesh_500m": "503276614", "new_restaurant_permits": 1, "unique_facilities": 1, "mesh_500m_center_lat": 33.97291666666668, "mesh_500m_center_lon": 132.77187499999997}, "geometry": {"type": "Polygon", "coordinates": [[[132.76874999999998, 33.97083333333334], [132.77499999999998, 33.97083333333334], [132.77499999999998, 33.97500000000001], [132.76874999999998, 33.97500000000001], [132.76874999999998, 33.97083333333334]]]}}, {"type": "Feature", "properties": {"month": "2026-07", "mesh_500m": "503266222", "new_restaurant_permits": 3, "unique_facilities": 3, "mesh_500m_center_lat": 33.85208333333334, "mesh_500m_center_lon": 132.784375}, "geometry": {"type": "Polygon", "coordinates": [[[132.78125, 33.85], [132.7875, 33.85], [132.7875, 33.85416666666667], [132.78125, 33.85416666666667], [132.78125, 33.85]]]}}, {"type": "Feature", "properties": {"month": "2026-07", "mesh_500m": "503255971", "new_restaurant_permits": 2, "unique_facilities": 1, "mesh_500m_center_lat": 33.827083333333334, "mesh_500m_center_lon": 132.715625}, "geometry": {"type": "Polygon", "coordinates": [[[132.7125, 33.825], [132.71875, 33.825], [132.71875, 33.82916666666667], [132.7125, 33.82916666666667], [132.7125, 33.825]]]}}, {"type": "Feature", "properties": {"month": "2026-07", "mesh_500m": "503256704", "new_restaurant_permits": 2, "unique_facilities": 1, "mesh_500m_center_lat": 33.81458333333333, "mesh_500m_center_lon": 132.75937499999998}, "geometry": {"type": "Polygon", "coordinates": [[[132.75625, 33.8125], [132.7625, 33.8125], [132.7625, 33.81666666666667], [132.75625, 33.81666666666667], [132.75625, 33.8125]]]}}, {"type": "Feature", "properties": {"month": "2026-07", "mesh_500m": "503255793", "new_restaurant_permits": 1, "unique_facilities": 1, "mesh_500m_center_lat": 33.81458333333333, "mesh_500m_center_lon": 132.74062500000002}, "geometry": {"type": "Polygon", "coordinates": [[[132.7375, 33.8125], [132.74375, 33.8125], [132.74375, 33.81666666666667], [132.7375, 33.81666666666667], [132.7375, 33.8125]]]}}, {"type": "Feature", "properties": {"month": "2026-07", "mesh_500m": "503255972", "new_restaurant_permits": 1, "unique_facilities": 1, "mesh_500m_center_lat": 33.827083333333334, "mesh_500m_center_lon": 132.721875}, "geometry": {"type": "Polygon", "coordinates": [[[132.71875, 33.825], [132.725, 33.825], [132.725, 33.82916666666667], [132.71875, 33.82916666666667], [132.71875, 33.825]]]}}, {"type": "Feature", "properties": {"month": "2026-07", "mesh_500m": "503255992", "new_restaurant_permits": 1, "unique_facilities": 1, "mesh_500m_center_lat": 33.827083333333334, "mesh_500m_center_lon": 132.746875}, "geometry": {"type": "Polygon", "coordinates": [[[132.74375, 33.825], [132.75, 33.825], [132.75, 33.82916666666667], [132.74375, 33.82916666666667], [132.74375, 33.825]]]}}, {"type": "Feature", "properties": {"month": "2026-07", "mesh_500m": "503256713", "new_restaurant_permits": 1, "unique_facilities": 1, "mesh_500m_center_lat": 33.81458333333333, "mesh_500m_center_lon": 132.765625}, "geometry": {"type": "Polygon", "coordinates": [[[132.7625, 33.8125], [132.76874999999998, 33.8125], [132.76874999999998, 33.81666666666667], [132.7625, 33.81666666666667], [132.7625, 33.8125]]]}}, {"type": "Feature", "properties": {"month": "2026-07", "mesh_500m": "503256721", "new_restaurant_permits": 1, "unique_facilities": 1, "mesh_500m_center_lat": 33.81041666666667, "mesh_500m_center_lon": 132.778125}, "geometry": {"type": "Polygon", "coordinates": [[[132.775, 33.80833333333333], [132.78125, 33.80833333333333], [132.78125, 33.8125], [132.775, 33.8125], [132.775, 33.80833333333333]]]}}, {"type": "Feature", "properties": {"month": "2026-07", "mesh_500m": "503256811", "new_restaurant_permits": 1, "unique_facilities": 1, "mesh_500m_center_lat": 33.81875000000001, "mesh_500m_center_lon": 132.765625}, "geometry": {"type": "Polygon", "coordinates": [[[132.7625, 33.81666666666667], [132.76874999999998, 33.81666666666667], [132.76874999999998, 33.82083333333334], [132.7625, 33.82083333333334], [132.7625, 33.81666666666667]]]}}, {"type": "Feature", "properties": {"month": "2026-07", "mesh_500m": "503256933", "new_restaurant_permits": 1, "unique_facilities": 1, "mesh_500m_center_lat": 33.83125000000001, "mesh_500m_center_lon": 132.79062499999998}, "geometry": {"type": "Polygon", "coordinates": [[[132.7875, 33.82916666666667], [132.79375, 33.82916666666667], [132.79375, 33.83333333333334], [132.7875, 33.83333333333334], [132.7875, 33.82916666666667]]]}}, {"type": "Feature", "properties": {"month": "2026-07", "mesh_500m": "503265373", "new_restaurant_permits": 1, "unique_facilities": 1, "mesh_500m_center_lat": 33.86458333333334, "mesh_500m_center_lon": 132.715625}, "geometry": {"type": "Polygon", "coordinates": [[[132.7125, 33.862500000000004], [132.71875, 33.862500000000004], [132.71875, 33.866666666666674], [132.7125, 33.866666666666674], [132.7125, 33.862500000000004]]]}}, {"type": "Feature", "properties": {"month": "2026-07", "mesh_500m": "503265694", "new_restaurant_permits": 1, "unique_facilities": 1, "mesh_500m_center_lat": 33.889583333333334, "mesh_500m_center_lon": 132.746875}, "geometry": {"type": "Polygon", "coordinates": [[[132.74375, 33.8875], [132.75, 33.8875], [132.75, 33.89166666666667], [132.74375, 33.89166666666667], [132.74375, 33.8875]]]}}, {"type": "Feature", "properties": {"month": "2026-07", "mesh_500m": "503266021", "new_restaurant_permits": 1, "unique_facilities": 1, "mesh_500m_center_lat": 33.835416666666674, "mesh_500m_center_lon": 132.778125}, "geometry": {"type": "Polygon", "coordinates": [[[132.775, 33.833333333333336], [132.78125, 33.833333333333336], [132.78125, 33.837500000000006], [132.775, 33.837500000000006], [132.775, 33.833333333333336]]]}}, {"type": "Feature", "properties": {"month": "2026-07", "mesh_500m": "503266022", "new_restaurant_permits": 1, "unique_facilities": 1, "mesh_500m_center_lat": 33.835416666666674, "mesh_500m_center_lon": 132.784375}, "geometry": {"type": "Polygon", "coordinates": [[[132.78125, 33.833333333333336], [132.7875, 33.833333333333336], [132.7875, 33.837500000000006], [132.78125, 33.837500000000006], [132.78125, 33.833333333333336]]]}}, {"type": "Feature", "properties": {"month": "2026-07", "mesh_500m": "503266031", "new_restaurant_permits": 1, "unique_facilities": 1, "mesh_500m_center_lat": 33.835416666666674, "mesh_500m_center_lon": 132.79062499999998}, "geometry": {"type": "Polygon", "coordinates": [[[132.7875, 33.833333333333336], [132.79375, 33.833333333333336], [132.79375, 33.837500000000006], [132.7875, 33.837500000000006], [132.7875, 33.833333333333336]]]}}, {"type": "Feature", "properties": {"month": "2026-07", "mesh_500m": "503266132", "new_restaurant_permits": 1, "unique_facilities": 1, "mesh_500m_center_lat": 33.84375, "mesh_500m_center_lon": 132.796875}, "geometry": {"type": "Polygon", "coordinates": [[[132.79375, 33.84166666666667], [132.79999999999998, 33.84166666666667], [132.79999999999998, 33.84583333333334], [132.79375, 33.84583333333334], [132.79375, 33.84166666666667]]]}}, {"type": "Feature", "properties": {"month": "2026-07", "mesh_500m": "503266403", "new_restaurant_permits": 1, "unique_facilities": 1, "mesh_500m_center_lat": 33.87291666666667, "mesh_500m_center_lon": 132.753125}, "geometry": {"type": "Polygon", "coordinates": [[[132.75, 33.87083333333334], [132.75625, 33.87083333333334], [132.75625, 33.87500000000001], [132.75, 33.87500000000001], [132.75, 33.87083333333334]]]}}, {"type": "Feature", "properties": {"month": "2026-07", "mesh_500m": "503276213", "new_restaurant_permits": 1, "unique_facilities": 1, "mesh_500m_center_lat": 33.939583333333346, "mesh_500m_center_lon": 132.765625}, "geometry": {"type": "Polygon", "coordinates": [[[132.7625, 33.93750000000001], [132.76874999999998, 33.93750000000001], [132.76874999999998, 33.94166666666668], [132.7625, 33.94166666666668], [132.7625, 33.93750000000001]]]}}]}