{"type": "FeatureCollection", "features": [{"type": "Feature", "properties": {"month": "2024-09", "mesh_1km": "50326622", "new_restaurant_permits": 15, "unique_facilities": 15, "mesh_1km_center_lat": 33.85416666666667, "mesh_1km_center_lon": 132.78125}, "geometry": {"type": "Polygon", "coordinates": [[[132.775, 33.85], [132.7875, 33.85], [132.7875, 33.858333333333334], [132.775, 33.858333333333334], [132.775, 33.85]]]}}, {"type": "Feature", "properties": {"month": "2024-09", "mesh_1km": "50325670", "new_restaurant_permits": 4, "unique_facilities": 4, "mesh_1km_center_lat": 33.8125, "mesh_1km_center_lon": 132.75625}, "geometry": {"type": "Polygon", "coordinates": [[[132.75, 33.80833333333333], [132.7625, 33.80833333333333], [132.7625, 33.81666666666666], [132.75, 33.81666666666666], [132.75, 33.80833333333333]]]}}, {"type": "Feature", "properties": {"month": "2024-09", "mesh_1km": "50325672", "new_restaurant_permits": 4, "unique_facilities": 4, "mesh_1km_center_lat": 33.8125, "mesh_1km_center_lon": 132.78125}, "geometry": {"type": "Polygon", "coordinates": [[[132.775, 33.80833333333333], [132.7875, 33.80833333333333], [132.7875, 33.81666666666666], [132.775, 33.81666666666666], [132.775, 33.80833333333333]]]}}, {"type": "Feature", "properties": {"month": "2024-09", "mesh_1km": "50325690", "new_restaurant_permits": 3, "unique_facilities": 3, "mesh_1km_center_lat": 33.829166666666666, "mesh_1km_center_lon": 132.75625}, "geometry": {"type": "Polygon", "coordinates": [[[132.75, 33.825], [132.7625, 33.825], [132.7625, 33.833333333333336], [132.75, 33.833333333333336], [132.75, 33.825]]]}}, {"type": "Feature", "properties": {"month": "2024-09", "mesh_1km": "50325691", "new_restaurant_permits": 3, "unique_facilities": 3, "mesh_1km_center_lat": 33.829166666666666, "mesh_1km_center_lon": 132.76874999999998}, "geometry": {"type": "Polygon", "coordinates": [[[132.7625, 33.825], [132.77499999999998, 33.825], [132.77499999999998, 33.833333333333336], [132.7625, 33.833333333333336], [132.7625, 33.825]]]}}, {"type": "Feature", "properties": {"month": "2024-09", "mesh_1km": "50326537", "new_restaurant_permits": 3, "unique_facilities": 3, "mesh_1km_center_lat": 33.8625, "mesh_1km_center_lon": 132.71875}, "geometry": {"type": "Polygon", "coordinates": [[[132.7125, 33.858333333333334], [132.725, 33.858333333333334], [132.725, 33.86666666666667], [132.7125, 33.86666666666667], [132.7125, 33.858333333333334]]]}}, {"type": "Feature", "properties": {"month": "2024-09", "mesh_1km": "50325681", "new_restaurant_permits": 2, "unique_facilities": 2, "mesh_1km_center_lat": 33.82083333333334, "mesh_1km_center_lon": 132.76874999999998}, "geometry": {"type": "Polygon", "coordinates": [[[132.7625, 33.81666666666667], [132.77499999999998, 33.81666666666667], [132.77499999999998, 33.825], [132.7625, 33.825], [132.7625, 33.81666666666667]]]}}, {"type": "Feature", "properties": {"month": "2024-09", "mesh_1km": "50326640", "new_restaurant_permits": 2, "unique_facilities": 2, "mesh_1km_center_lat": 33.87083333333334, "mesh_1km_center_lon": 132.75625}, "geometry": {"type": "Polygon", "coordinates": [[[132.75, 33.86666666666667], [132.7625, 33.86666666666667], [132.7625, 33.875], [132.75, 33.875], [132.75, 33.86666666666667]]]}}, {"type": "Feature", "properties": {"month": "2024-09", "mesh_1km": "50325568", "new_restaurant_permits": 1, "unique_facilities": 1, "mesh_1km_center_lat": 33.80416666666666, "mesh_1km_center_lon": 132.73125}, "geometry": {"type": "Polygon", "coordinates": [[[132.725, 33.8], [132.73749999999998, 33.8], [132.73749999999998, 33.80833333333333], [132.725, 33.80833333333333], [132.725, 33.8]]]}}, {"type": "Feature", "properties": {"month": "2024-09", "mesh_1km": "50325598", "new_restaurant_permits": 1, "unique_facilities": 1, "mesh_1km_center_lat": 33.829166666666666, "mesh_1km_center_lon": 132.73125}, "geometry": {"type": "Polygon", "coordinates": [[[132.725, 33.825], [132.73749999999998, 33.825], [132.73749999999998, 33.833333333333336], [132.725, 33.833333333333336], [132.725, 33.825]]]}}, {"type": "Feature", "properties": {"month": "2024-09", "mesh_1km": "50325673", "new_restaurant_permits": 1, "unique_facilities": 1, "mesh_1km_center_lat": 33.8125, "mesh_1km_center_lon": 132.79375}, "geometry": {"type": "Polygon", "coordinates": [[[132.7875, 33.80833333333333], [132.79999999999998, 33.80833333333333], [132.79999999999998, 33.81666666666666], [132.7875, 33.81666666666666], [132.7875, 33.80833333333333]]]}}, {"type": "Feature", "properties": {"month": "2024-09", "mesh_1km": "50325682", "new_restaurant_permits": 1, "unique_facilities": 1, "mesh_1km_center_lat": 33.82083333333334, "mesh_1km_center_lon": 132.78125}, "geometry": {"type": "Polygon", "coordinates": [[[132.775, 33.81666666666667], [132.7875, 33.81666666666667], [132.7875, 33.825], [132.775, 33.825], [132.775, 33.81666666666667]]]}}, {"type": "Feature", "properties": {"month": "2024-09", "mesh_1km": "50325692", "new_restaurant_permits": 1, "unique_facilities": 1, "mesh_1km_center_lat": 33.829166666666666, "mesh_1km_center_lon": 132.78125}, "geometry": {"type": "Polygon", "coordinates": [[[132.775, 33.825], [132.7875, 33.825], [132.7875, 33.833333333333336], [132.775, 33.833333333333336], [132.775, 33.825]]]}}, {"type": "Feature", "properties": {"month": "2024-09", "mesh_1km": "50326519", "new_restaurant_permits": 1, "unique_facilities": 1, "mesh_1km_center_lat": 33.84583333333333, "mesh_1km_center_lon": 132.74375}, "geometry": {"type": "Polygon", "coordinates": [[[132.7375, 33.84166666666667], [132.75, 33.84166666666667], [132.75, 33.85], [132.7375, 33.85], [132.7375, 33.84166666666667]]]}}, {"type": "Feature", "properties": {"month": "2024-09", "mesh_1km": "50326527", "new_restaurant_permits": 1, "unique_facilities": 1, "mesh_1km_center_lat": 33.85416666666667, "mesh_1km_center_lon": 132.71875}, "geometry": {"type": "Polygon", "coordinates": [[[132.7125, 33.85], [132.725, 33.85], [132.725, 33.858333333333334], [132.7125, 33.858333333333334], [132.7125, 33.85]]]}}, {"type": "Feature", "properties": {"month": "2024-09", "mesh_1km": "50326529", "new_restaurant_permits": 1, "unique_facilities": 1, "mesh_1km_center_lat": 33.85416666666667, "mesh_1km_center_lon": 132.74375}, "geometry": {"type": "Polygon", "coordinates": [[[132.7375, 33.85], [132.75, 33.85], [132.75, 33.858333333333334], [132.7375, 33.858333333333334], [132.7375, 33.85]]]}}, {"type": "Feature", "properties": {"month": "2024-09", "mesh_1km": "50326538", "new_restaurant_permits": 1, "unique_facilities": 1, "mesh_1km_center_lat": 33.8625, "mesh_1km_center_lon": 132.73125}, "geometry": {"type": "Polygon", "coordinates": [[[132.725, 33.858333333333334], [132.73749999999998, 33.858333333333334], [132.73749999999998, 33.86666666666667], [132.725, 33.86666666666667], [132.725, 33.858333333333334]]]}}, {"type": "Feature", "properties": {"month": "2024-09", "mesh_1km": "50326603", "new_restaurant_permits": 1, "unique_facilities": 1, "mesh_1km_center_lat": 33.837500000000006, "mesh_1km_center_lon": 132.79375}, "geometry": {"type": "Polygon", "coordinates": [[[132.7875, 33.833333333333336], [132.79999999999998, 33.833333333333336], [132.79999999999998, 33.84166666666667], [132.7875, 33.84166666666667], [132.7875, 33.833333333333336]]]}}, {"type": "Feature", "properties": {"month": "2024-09", "mesh_1km": "50326612", "new_restaurant_permits": 1, "unique_facilities": 1, "mesh_1km_center_lat": 33.84583333333333, "mesh_1km_center_lon": 132.78125}, "geometry": {"type": "Polygon", "coordinates": [[[132.775, 33.84166666666667], [132.7875, 33.84166666666667], [132.7875, 33.85], [132.775, 33.85], [132.775, 33.84166666666667]]]}}, {"type": "Feature", "properties": {"month": "2024-09", "mesh_1km": "50326613", "new_restaurant_permits": 1, "unique_facilities": 1, "mesh_1km_center_lat": 33.84583333333333, "mesh_1km_center_lon": 132.79375}, "geometry": {"type": "Polygon", "coordinates": [[[132.7875, 33.84166666666667], [132.79999999999998, 33.84166666666667], [132.79999999999998, 33.85], [132.7875, 33.85], [132.7875, 33.84166666666667]]]}}, {"type": "Feature", "properties": {"month": "2024-09", "mesh_1km": "50326620", "new_restaurant_permits": 1, "unique_facilities": 1, "mesh_1km_center_lat": 33.85416666666667, "mesh_1km_center_lon": 132.75625}, "geometry": {"type": "Polygon", "coordinates": [[[132.75, 33.85], [132.7625, 33.85], [132.7625, 33.858333333333334], [132.75, 33.858333333333334], [132.75, 33.85]]]}}, {"type": "Feature", "properties": {"month": "2024-09", "mesh_1km": "50326621", "new_restaurant_permits": 1, "unique_facilities": 1, "mesh_1km_center_lat": 33.85416666666667, "mesh_1km_center_lon": 132.76874999999998}, "geometry": {"type": "Polygon", "coordinates": [[[132.7625, 33.85], [132.77499999999998, 33.85], [132.77499999999998, 33.858333333333334], [132.7625, 33.858333333333334], [132.7625, 33.85]]]}}, {"type": "Feature", "properties": {"month": "2024-09", "mesh_1km": "50326630", "new_restaurant_permits": 1, "unique_facilities": 1, "mesh_1km_center_lat": 33.8625, "mesh_1km_center_lon": 132.75625}, "geometry": {"type": "Polygon", "coordinates": [[[132.75, 33.858333333333334], [132.7625, 33.858333333333334], [132.7625, 33.86666666666667], [132.75, 33.86666666666667], [132.75, 33.858333333333334]]]}}, {"type": "Feature", "properties": {"month": "2024-09", "mesh_1km": "50327641", "new_restaurant_permits": 1, "unique_facilities": 1, "mesh_1km_center_lat": 33.954166666666666, "mesh_1km_center_lon": 132.76874999999998}, "geometry": {"type": "Polygon", "coordinates": [[[132.7625, 33.95], [132.77499999999998, 33.95], [132.77499999999998, 33.958333333333336], [132.7625, 33.958333333333336], [132.7625, 33.95]]]}}, {"type": "Feature", "properties": {"month": "2024-09", "mesh_1km": "50327663", "new_restaurant_permits": 1, "unique_facilities": 1, "mesh_1km_center_lat": 33.97083333333333, "mesh_1km_center_lon": 132.79375}, "geometry": {"type": "Polygon", "coordinates": [[[132.7875, 33.96666666666667], [132.79999999999998, 33.96666666666667], [132.79999999999998, 33.975], [132.7875, 33.975], [132.7875, 33.96666666666667]]]}}, {"type": "Feature", "properties": {"month": "2024-10", "mesh_1km": "50326537", "new_restaurant_permits": 2, "unique_facilities": 2, "mesh_1km_center_lat": 33.8625, "mesh_1km_center_lon": 132.71875}, "geometry": {"type": "Polygon", "coordinates": [[[132.7125, 33.858333333333334], [132.725, 33.858333333333334], [132.725, 33.86666666666667], [132.7125, 33.86666666666667], [132.7125, 33.858333333333334]]]}}, {"type": "Feature", "properties": {"month": "2024-10", "mesh_1km": "50325599", "new_restaurant_permits": 1, "unique_facilities": 1, "mesh_1km_center_lat": 33.829166666666666, "mesh_1km_center_lon": 132.74375}, "geometry": {"type": "Polygon", "coordinates": [[[132.7375, 33.825], [132.75, 33.825], [132.75, 33.833333333333336], [132.7375, 33.833333333333336], [132.7375, 33.825]]]}}, {"type": "Feature", "properties": {"month": "2024-10", "mesh_1km": "50325672", "new_restaurant_permits": 1, "unique_facilities": 1, "mesh_1km_center_lat": 33.8125, "mesh_1km_center_lon": 132.78125}, "geometry": {"type": "Polygon", "coordinates": [[[132.775, 33.80833333333333], [132.7875, 33.80833333333333], [132.7875, 33.81666666666666], [132.775, 33.81666666666666], [132.775, 33.80833333333333]]]}}, {"type": "Feature", "properties": {"month": "2024-10", "mesh_1km": "50325681", "new_restaurant_permits": 1, "unique_facilities": 1, "mesh_1km_center_lat": 33.82083333333334, "mesh_1km_center_lon": 132.76874999999998}, "geometry": {"type": "Polygon", "coordinates": [[[132.7625, 33.81666666666667], [132.77499999999998, 33.81666666666667], [132.77499999999998, 33.825], [132.7625, 33.825], [132.7625, 33.81666666666667]]]}}, {"type": "Feature", "properties": {"month": "2024-10", "mesh_1km": "50325691", "new_restaurant_permits": 1, "unique_facilities": 1, "mesh_1km_center_lat": 33.829166666666666, "mesh_1km_center_lon": 132.76874999999998}, "geometry": {"type": "Polygon", "coordinates": [[[132.7625, 33.825], [132.77499999999998, 33.825], [132.77499999999998, 33.833333333333336], [132.7625, 33.833333333333336], [132.7625, 33.825]]]}}, {"type": "Feature", "properties": {"month": "2024-10", "mesh_1km": "50325692", "new_restaurant_permits": 1, "unique_facilities": 1, "mesh_1km_center_lat": 33.829166666666666, "mesh_1km_center_lon": 132.78125}, "geometry": {"type": "Polygon", "coordinates": [[[132.775, 33.825], [132.7875, 33.825], [132.7875, 33.833333333333336], [132.775, 33.833333333333336], [132.775, 33.825]]]}}, {"type": "Feature", "properties": {"month": "2024-10", "mesh_1km": "50326509", "new_restaurant_permits": 1, "unique_facilities": 1, "mesh_1km_center_lat": 33.837500000000006, "mesh_1km_center_lon": 132.74375}, "geometry": {"type": "Polygon", "coordinates": [[[132.7375, 33.833333333333336], [132.75, 33.833333333333336], [132.75, 33.84166666666667], [132.7375, 33.84166666666667], [132.7375, 33.833333333333336]]]}}, {"type": "Feature", "properties": {"month": "2024-10", "mesh_1km": "50326610", "new_restaurant_permits": 1, "unique_facilities": 1, "mesh_1km_center_lat": 33.84583333333333, "mesh_1km_center_lon": 132.75625}, "geometry": {"type": "Polygon", "coordinates": [[[132.75, 33.84166666666667], [132.7625, 33.84166666666667], [132.7625, 33.85], [132.75, 33.85], [132.75, 33.84166666666667]]]}}, {"type": "Feature", "properties": {"month": "2024-10", "mesh_1km": "50326630", "new_restaurant_permits": 1, "unique_facilities": 1, "mesh_1km_center_lat": 33.8625, "mesh_1km_center_lon": 132.75625}, "geometry": {"type": "Polygon", "coordinates": [[[132.75, 33.858333333333334], [132.7625, 33.858333333333334], [132.7625, 33.86666666666667], [132.75, 33.86666666666667], [132.75, 33.858333333333334]]]}}, {"type": "Feature", "properties": {"month": "2024-10", "mesh_1km": "50327631", "new_restaurant_permits": 1, "unique_facilities": 1, "mesh_1km_center_lat": 33.94583333333334, "mesh_1km_center_lon": 132.76874999999998}, "geometry": {"type": "Polygon", "coordinates": [[[132.7625, 33.94166666666667], [132.77499999999998, 33.94166666666667], [132.77499999999998, 33.95], [132.7625, 33.95], [132.7625, 33.94166666666667]]]}}, {"type": "Feature", "properties": {"month": "2024-11", "mesh_1km": "50325599", "new_restaurant_permits": 4, "unique_facilities": 4, "mesh_1km_center_lat": 33.829166666666666, "mesh_1km_center_lon": 132.74375}, "geometry": {"type": "Polygon", "coordinates": [[[132.7375, 33.825], [132.75, 33.825], [132.75, 33.833333333333336], [132.7375, 33.833333333333336], [132.7375, 33.825]]]}}, {"type": "Feature", "properties": {"month": "2024-11", "mesh_1km": "50325690", "new_restaurant_permits": 3, "unique_facilities": 3, "mesh_1km_center_lat": 33.829166666666666, "mesh_1km_center_lon": 132.75625}, "geometry": {"type": "Polygon", "coordinates": [[[132.75, 33.825], [132.7625, 33.825], [132.7625, 33.833333333333336], [132.75, 33.833333333333336], [132.75, 33.825]]]}}, {"type": "Feature", "properties": {"month": "2024-11", "mesh_1km": "50325692", "new_restaurant_permits": 3, "unique_facilities": 3, "mesh_1km_center_lat": 33.829166666666666, "mesh_1km_center_lon": 132.78125}, "geometry": {"type": "Polygon", "coordinates": [[[132.775, 33.825], [132.7875, 33.825], [132.7875, 33.833333333333336], [132.775, 33.833333333333336], [132.775, 33.825]]]}}, {"type": "Feature", "properties": {"month": "2024-11", "mesh_1km": "50325589", "new_restaurant_permits": 2, "unique_facilities": 2, "mesh_1km_center_lat": 33.82083333333334, "mesh_1km_center_lon": 132.74375}, "geometry": {"type": "Polygon", "coordinates": [[[132.7375, 33.81666666666667], [132.75, 33.81666666666667], [132.75, 33.825], [132.7375, 33.825], [132.7375, 33.81666666666667]]]}}, {"type": "Feature", "properties": {"month": "2024-11", "mesh_1km": "50325671", "new_restaurant_permits": 2, "unique_facilities": 2, "mesh_1km_center_lat": 33.8125, "mesh_1km_center_lon": 132.76874999999998}, "geometry": {"type": "Polygon", "coordinates": [[[132.7625, 33.80833333333333], [132.77499999999998, 33.80833333333333], [132.77499999999998, 33.81666666666666], [132.7625, 33.81666666666666], [132.7625, 33.80833333333333]]]}}, {"type": "Feature", "properties": {"month": "2024-11", "mesh_1km": "50325681", "new_restaurant_permits": 2, "unique_facilities": 2, "mesh_1km_center_lat": 33.82083333333334, "mesh_1km_center_lon": 132.76874999999998}, "geometry": {"type": "Polygon", "coordinates": [[[132.7625, 33.81666666666667], [132.77499999999998, 33.81666666666667], [132.77499999999998, 33.825], [132.7625, 33.825], [132.7625, 33.81666666666667]]]}}, {"type": "Feature", "properties": {"month": "2024-11", "mesh_1km": "50326537", "new_restaurant_permits": 2, "unique_facilities": 2, "mesh_1km_center_lat": 33.8625, "mesh_1km_center_lon": 132.71875}, "geometry": {"type": "Polygon", "coordinates": [[[132.7125, 33.858333333333334], [132.725, 33.858333333333334], [132.725, 33.86666666666667], [132.7125, 33.86666666666667], [132.7125, 33.858333333333334]]]}}, {"type": "Feature", "properties": {"month": "2024-11", "mesh_1km": "50326602", "new_restaurant_permits": 2, "unique_facilities": 2, "mesh_1km_center_lat": 33.837500000000006, "mesh_1km_center_lon": 132.78125}, "geometry": {"type": "Polygon", "coordinates": [[[132.775, 33.833333333333336], [132.7875, 33.833333333333336], [132.7875, 33.84166666666667], [132.775, 33.84166666666667], [132.775, 33.833333333333336]]]}}, {"type": "Feature", "properties": {"month": "2024-11", "mesh_1km": "50325578", "new_restaurant_permits": 1, "unique_facilities": 1, "mesh_1km_center_lat": 33.8125, "mesh_1km_center_lon": 132.73125}, "geometry": {"type": "Polygon", "coordinates": [[[132.725, 33.80833333333333], [132.73749999999998, 33.80833333333333], [132.73749999999998, 33.81666666666666], [132.725, 33.81666666666666], [132.725, 33.80833333333333]]]}}, {"type": "Feature", "properties": {"month": "2024-11", "mesh_1km": "50325579", "new_restaurant_permits": 1, "unique_facilities": 1, "mesh_1km_center_lat": 33.8125, "mesh_1km_center_lon": 132.74375}, "geometry": {"type": "Polygon", "coordinates": [[[132.7375, 33.80833333333333], [132.75, 33.80833333333333], [132.75, 33.81666666666666], [132.7375, 33.81666666666666], [132.7375, 33.80833333333333]]]}}, {"type": "Feature", "properties": {"month": "2024-11", "mesh_1km": "50325597", "new_restaurant_permits": 1, "unique_facilities": 1, "mesh_1km_center_lat": 33.829166666666666, "mesh_1km_center_lon": 132.71875}, "geometry": {"type": "Polygon", "coordinates": [[[132.7125, 33.825], [132.725, 33.825], [132.725, 33.833333333333336], [132.7125, 33.833333333333336], [132.7125, 33.825]]]}}, {"type": "Feature", "properties": {"month": "2024-11", "mesh_1km": "50325598", "new_restaurant_permits": 1, "unique_facilities": 1, "mesh_1km_center_lat": 33.829166666666666, "mesh_1km_center_lon": 132.73125}, "geometry": {"type": "Polygon", "coordinates": [[[132.725, 33.825], [132.73749999999998, 33.825], [132.73749999999998, 33.833333333333336], [132.725, 33.833333333333336], [132.725, 33.825]]]}}, {"type": "Feature", "properties": {"month": "2024-11", "mesh_1km": "50325662", "new_restaurant_permits": 1, "unique_facilities": 1, "mesh_1km_center_lat": 33.80416666666666, "mesh_1km_center_lon": 132.78125}, "geometry": {"type": "Polygon", "coordinates": [[[132.775, 33.8], [132.7875, 33.8], [132.7875, 33.80833333333333], [132.775, 33.80833333333333], [132.775, 33.8]]]}}, {"type": "Feature", "properties": {"month": "2024-11", "mesh_1km": "50325663", "new_restaurant_permits": 1, "unique_facilities": 1, "mesh_1km_center_lat": 33.80416666666666, "mesh_1km_center_lon": 132.79375}, "geometry": {"type": "Polygon", "coordinates": [[[132.7875, 33.8], [132.79999999999998, 33.8], [132.79999999999998, 33.80833333333333], [132.7875, 33.80833333333333], [132.7875, 33.8]]]}}, {"type": "Feature", "properties": {"month": "2024-11", "mesh_1km": "50325672", "new_restaurant_permits": 1, "unique_facilities": 1, "mesh_1km_center_lat": 33.8125, "mesh_1km_center_lon": 132.78125}, "geometry": {"type": "Polygon", "coordinates": [[[132.775, 33.80833333333333], [132.7875, 33.80833333333333], [132.7875, 33.81666666666666], [132.775, 33.81666666666666], [132.775, 33.80833333333333]]]}}, {"type": "Feature", "properties": {"month": "2024-11", "mesh_1km": "50325680", "new_restaurant_permits": 1, "unique_facilities": 1, "mesh_1km_center_lat": 33.82083333333334, "mesh_1km_center_lon": 132.75625}, "geometry": {"type": "Polygon", "coordinates": [[[132.75, 33.81666666666667], [132.7625, 33.81666666666667], [132.7625, 33.825], [132.75, 33.825], [132.75, 33.81666666666667]]]}}, {"type": "Feature", "properties": {"month": "2024-11", "mesh_1km": "50325694", "new_restaurant_permits": 1, "unique_facilities": 1, "mesh_1km_center_lat": 33.829166666666666, "mesh_1km_center_lon": 132.80625}, "geometry": {"type": "Polygon", "coordinates": [[[132.8, 33.825], [132.8125, 33.825], [132.8125, 33.833333333333336], [132.8, 33.833333333333336], [132.8, 33.825]]]}}, {"type": "Feature", "properties": {"month": "2024-11", "mesh_1km": "50326527", "new_restaurant_permits": 1, "unique_facilities": 1, "mesh_1km_center_lat": 33.85416666666667, "mesh_1km_center_lon": 132.71875}, "geometry": {"type": "Polygon", "coordinates": [[[132.7125, 33.85], [132.725, 33.85], [132.725, 33.858333333333334], [132.7125, 33.858333333333334], [132.7125, 33.85]]]}}, {"type": "Feature", "properties": {"month": "2024-11", "mesh_1km": "50326528", "new_restaurant_permits": 1, "unique_facilities": 1, "mesh_1km_center_lat": 33.85416666666667, "mesh_1km_center_lon": 132.73125}, "geometry": {"type": "Polygon", "coordinates": [[[132.725, 33.85], [132.73749999999998, 33.85], [132.73749999999998, 33.858333333333334], [132.725, 33.858333333333334], [132.725, 33.85]]]}}, {"type": "Feature", "properties": {"month": "2024-11", "mesh_1km": "50326536", "new_restaurant_permits": 1, "unique_facilities": 1, "mesh_1km_center_lat": 33.8625, "mesh_1km_center_lon": 132.70624999999998}, "geometry": {"type": "Polygon", "coordinates": [[[132.7, 33.858333333333334], [132.71249999999998, 33.858333333333334], [132.71249999999998, 33.86666666666667], [132.7, 33.86666666666667], [132.7, 33.858333333333334]]]}}, {"type": "Feature", "properties": {"month": "2024-11", "mesh_1km": "50326538", "new_restaurant_permits": 1, "unique_facilities": 1, "mesh_1km_center_lat": 33.8625, "mesh_1km_center_lon": 132.73125}, "geometry": {"type": "Polygon", "coordinates": [[[132.725, 33.858333333333334], [132.73749999999998, 33.858333333333334], [132.73749999999998, 33.86666666666667], [132.725, 33.86666666666667], [132.725, 33.858333333333334]]]}}, {"type": "Feature", "properties": {"month": "2024-11", "mesh_1km": "50326579", "new_restaurant_permits": 1, "unique_facilities": 1, "mesh_1km_center_lat": 33.89583333333333, "mesh_1km_center_lon": 132.74375}, "geometry": {"type": "Polygon", "coordinates": [[[132.7375, 33.891666666666666], [132.75, 33.891666666666666], [132.75, 33.9], [132.7375, 33.9], [132.7375, 33.891666666666666]]]}}, {"type": "Feature", "properties": {"month": "2024-11", "mesh_1km": "50326613", "new_restaurant_permits": 1, "unique_facilities": 1, "mesh_1km_center_lat": 33.84583333333333, "mesh_1km_center_lon": 132.79375}, "geometry": {"type": "Polygon", "coordinates": [[[132.7875, 33.84166666666667], [132.79999999999998, 33.84166666666667], [132.79999999999998, 33.85], [132.7875, 33.85], [132.7875, 33.84166666666667]]]}}, {"type": "Feature", "properties": {"month": "2024-11", "mesh_1km": "50326623", "new_restaurant_permits": 1, "unique_facilities": 1, "mesh_1km_center_lat": 33.85416666666667, "mesh_1km_center_lon": 132.79375}, "geometry": {"type": "Polygon", "coordinates": [[[132.7875, 33.85], [132.79999999999998, 33.85], [132.79999999999998, 33.858333333333334], [132.7875, 33.858333333333334], [132.7875, 33.85]]]}}, {"type": "Feature", "properties": {"month": "2024-11", "mesh_1km": "50327570", "new_restaurant_permits": 1, "unique_facilities": 1, "mesh_1km_center_lat": 33.97916666666667, "mesh_1km_center_lon": 132.63125}, "geometry": {"type": "Polygon", "coordinates": [[[132.625, 33.975], [132.6375, 33.975], [132.6375, 33.983333333333334], [132.625, 33.983333333333334], [132.625, 33.975]]]}}, {"type": "Feature", "properties": {"month": "2024-11", "mesh_1km": "50327641", "new_restaurant_permits": 1, "unique_facilities": 1, "mesh_1km_center_lat": 33.954166666666666, "mesh_1km_center_lon": 132.76874999999998}, "geometry": {"type": "Polygon", "coordinates": [[[132.7625, 33.95], [132.77499999999998, 33.95], [132.77499999999998, 33.958333333333336], [132.7625, 33.958333333333336], [132.7625, 33.95]]]}}, {"type": "Feature", "properties": {"month": "2024-11", "mesh_1km": "50327651", "new_restaurant_permits": 1, "unique_facilities": 1, "mesh_1km_center_lat": 33.962500000000006, "mesh_1km_center_lon": 132.76874999999998}, "geometry": {"type": "Polygon", "coordinates": [[[132.7625, 33.958333333333336], [132.77499999999998, 33.958333333333336], [132.77499999999998, 33.96666666666667], [132.7625, 33.96666666666667], [132.7625, 33.958333333333336]]]}}, {"type": "Feature", "properties": {"month": "2024-11", "mesh_1km": "50327652", "new_restaurant_permits": 1, "unique_facilities": 1, "mesh_1km_center_lat": 33.962500000000006, "mesh_1km_center_lon": 132.78125}, "geometry": {"type": "Polygon", "coordinates": [[[132.775, 33.958333333333336], [132.7875, 33.958333333333336], [132.7875, 33.96666666666667], [132.775, 33.96666666666667], [132.775, 33.958333333333336]]]}}, {"type": "Feature", "properties": {"month": "2024-12", "mesh_1km": "50326622", "new_restaurant_permits": 8, "unique_facilities": 8, "mesh_1km_center_lat": 33.85416666666667, "mesh_1km_center_lon": 132.78125}, "geometry": {"type": "Polygon", "coordinates": [[[132.775, 33.85], [132.7875, 33.85], [132.7875, 33.858333333333334], [132.775, 33.858333333333334], [132.775, 33.85]]]}}, {"type": "Feature", "properties": {"month": "2024-12", "mesh_1km": "50325671", "new_restaurant_permits": 4, "unique_facilities": 4, "mesh_1km_center_lat": 33.8125, "mesh_1km_center_lon": 132.76874999999998}, "geometry": {"type": "Polygon", "coordinates": [[[132.7625, 33.80833333333333], [132.77499999999998, 33.80833333333333], [132.77499999999998, 33.81666666666666], [132.7625, 33.81666666666666], [132.7625, 33.80833333333333]]]}}, {"type": "Feature", "properties": {"month": "2024-12", "mesh_1km": "50325692", "new_restaurant_permits": 3, "unique_facilities": 3, "mesh_1km_center_lat": 33.829166666666666, "mesh_1km_center_lon": 132.78125}, "geometry": {"type": "Polygon", "coordinates": [[[132.775, 33.825], [132.7875, 33.825], [132.7875, 33.833333333333336], [132.775, 33.833333333333336], [132.775, 33.825]]]}}, {"type": "Feature", "properties": {"month": "2024-12", "mesh_1km": "50326630", "new_restaurant_permits": 3, "unique_facilities": 3, "mesh_1km_center_lat": 33.8625, "mesh_1km_center_lon": 132.75625}, "geometry": {"type": "Polygon", "coordinates": [[[132.75, 33.858333333333334], [132.7625, 33.858333333333334], [132.7625, 33.86666666666667], [132.75, 33.86666666666667], [132.75, 33.858333333333334]]]}}, {"type": "Feature", "properties": {"month": "2024-12", "mesh_1km": "50326602", "new_restaurant_permits": 2, "unique_facilities": 2, "mesh_1km_center_lat": 33.837500000000006, "mesh_1km_center_lon": 132.78125}, "geometry": {"type": "Polygon", "coordinates": [[[132.775, 33.833333333333336], [132.7875, 33.833333333333336], [132.7875, 33.84166666666667], [132.775, 33.84166666666667], [132.775, 33.833333333333336]]]}}, {"type": "Feature", "properties": {"month": "2024-12", "mesh_1km": "50326640", "new_restaurant_permits": 2, "unique_facilities": 2, "mesh_1km_center_lat": 33.87083333333334, "mesh_1km_center_lon": 132.75625}, "geometry": {"type": "Polygon", "coordinates": [[[132.75, 33.86666666666667], [132.7625, 33.86666666666667], [132.7625, 33.875], [132.75, 33.875], [132.75, 33.86666666666667]]]}}, {"type": "Feature", "properties": {"month": "2024-12", "mesh_1km": "50325597", "new_restaurant_permits": 1, "unique_facilities": 1, "mesh_1km_center_lat": 33.829166666666666, "mesh_1km_center_lon": 132.71875}, "geometry": {"type": "Polygon", "coordinates": [[[132.7125, 33.825], [132.725, 33.825], [132.725, 33.833333333333336], [132.7125, 33.833333333333336], [132.7125, 33.825]]]}}, {"type": "Feature", "properties": {"month": "2024-12", "mesh_1km": "50325651", "new_restaurant_permits": 1, "unique_facilities": 1, "mesh_1km_center_lat": 33.795833333333334, "mesh_1km_center_lon": 132.76874999999998}, "geometry": {"type": "Polygon", "coordinates": [[[132.7625, 33.791666666666664], [132.77499999999998, 33.791666666666664], [132.77499999999998, 33.8], [132.7625, 33.8], [132.7625, 33.791666666666664]]]}}, {"type": "Feature", "properties": {"month": "2024-12", "mesh_1km": "50325672", "new_restaurant_permits": 1, "unique_facilities": 1, "mesh_1km_center_lat": 33.8125, "mesh_1km_center_lon": 132.78125}, "geometry": {"type": "Polygon", "coordinates": [[[132.775, 33.80833333333333], [132.7875, 33.80833333333333], [132.7875, 33.81666666666666], [132.775, 33.81666666666666], [132.775, 33.80833333333333]]]}}, {"type": "Feature", "properties": {"month": "2024-12", "mesh_1km": "50325673", "new_restaurant_permits": 1, "unique_facilities": 1, "mesh_1km_center_lat": 33.8125, "mesh_1km_center_lon": 132.79375}, "geometry": {"type": "Polygon", "coordinates": [[[132.7875, 33.80833333333333], [132.79999999999998, 33.80833333333333], [132.79999999999998, 33.81666666666666], [132.7875, 33.81666666666666], [132.7875, 33.80833333333333]]]}}, {"type": "Feature", "properties": {"month": "2024-12", "mesh_1km": "50325680", "new_restaurant_permits": 1, "unique_facilities": 1, "mesh_1km_center_lat": 33.82083333333334, "mesh_1km_center_lon": 132.75625}, "geometry": {"type": "Polygon", "coordinates": [[[132.75, 33.81666666666667], [132.7625, 33.81666666666667], [132.7625, 33.825], [132.75, 33.825], [132.75, 33.81666666666667]]]}}, {"type": "Feature", "properties": {"month": "2024-12", "mesh_1km": "50325682", "new_restaurant_permits": 1, "unique_facilities": 1, "mesh_1km_center_lat": 33.82083333333334, "mesh_1km_center_lon": 132.78125}, "geometry": {"type": "Polygon", "coordinates": [[[132.775, 33.81666666666667], [132.7875, 33.81666666666667], [132.7875, 33.825], [132.775, 33.825], [132.775, 33.81666666666667]]]}}, {"type": "Feature", "properties": {"month": "2024-12", "mesh_1km": "50326509", "new_restaurant_permits": 1, "unique_facilities": 1, "mesh_1km_center_lat": 33.837500000000006, "mesh_1km_center_lon": 132.74375}, "geometry": {"type": "Polygon", "coordinates": [[[132.7375, 33.833333333333336], [132.75, 33.833333333333336], [132.75, 33.84166666666667], [132.7375, 33.84166666666667], [132.7375, 33.833333333333336]]]}}, {"type": "Feature", "properties": {"month": "2024-12", "mesh_1km": "50326529", "new_restaurant_permits": 1, "unique_facilities": 1, "mesh_1km_center_lat": 33.85416666666667, "mesh_1km_center_lon": 132.74375}, "geometry": {"type": "Polygon", "coordinates": [[[132.7375, 33.85], [132.75, 33.85], [132.75, 33.858333333333334], [132.7375, 33.858333333333334], [132.7375, 33.85]]]}}, {"type": "Feature", "properties": {"month": "2024-12", "mesh_1km": "50326538", "new_restaurant_permits": 1, "unique_facilities": 1, "mesh_1km_center_lat": 33.8625, "mesh_1km_center_lon": 132.73125}, "geometry": {"type": "Polygon", "coordinates": [[[132.725, 33.858333333333334], [132.73749999999998, 33.858333333333334], [132.73749999999998, 33.86666666666667], [132.725, 33.86666666666667], [132.725, 33.858333333333334]]]}}, {"type": "Feature", "properties": {"month": "2024-12", "mesh_1km": "50326547", "new_restaurant_permits": 1, "unique_facilities": 1, "mesh_1km_center_lat": 33.87083333333334, "mesh_1km_center_lon": 132.71875}, "geometry": {"type": "Polygon", "coordinates": [[[132.7125, 33.86666666666667], [132.725, 33.86666666666667], [132.725, 33.875], [132.7125, 33.875], [132.7125, 33.86666666666667]]]}}, {"type": "Feature", "properties": {"month": "2024-12", "mesh_1km": "50326566", "new_restaurant_permits": 1, "unique_facilities": 1, "mesh_1km_center_lat": 33.8875, "mesh_1km_center_lon": 132.70624999999998}, "geometry": {"type": "Polygon", "coordinates": [[[132.7, 33.88333333333333], [132.71249999999998, 33.88333333333333], [132.71249999999998, 33.891666666666666], [132.7, 33.891666666666666], [132.7, 33.88333333333333]]]}}, {"type": "Feature", "properties": {"month": "2024-12", "mesh_1km": "50326578", "new_restaurant_permits": 1, "unique_facilities": 1, "mesh_1km_center_lat": 33.89583333333333, "mesh_1km_center_lon": 132.73125}, "geometry": {"type": "Polygon", "coordinates": [[[132.725, 33.891666666666666], [132.73749999999998, 33.891666666666666], [132.73749999999998, 33.9], [132.725, 33.9], [132.725, 33.891666666666666]]]}}, {"type": "Feature", "properties": {"month": "2024-12", "mesh_1km": "50326610", "new_restaurant_permits": 1, "unique_facilities": 1, "mesh_1km_center_lat": 33.84583333333333, "mesh_1km_center_lon": 132.75625}, "geometry": {"type": "Polygon", "coordinates": [[[132.75, 33.84166666666667], [132.7625, 33.84166666666667], [132.7625, 33.85], [132.75, 33.85], [132.75, 33.84166666666667]]]}}, {"type": "Feature", "properties": {"month": "2024-12", "mesh_1km": "50326612", "new_restaurant_permits": 1, "unique_facilities": 1, "mesh_1km_center_lat": 33.84583333333333, "mesh_1km_center_lon": 132.78125}, "geometry": {"type": "Polygon", "coordinates": [[[132.775, 33.84166666666667], [132.7875, 33.84166666666667], [132.7875, 33.85], [132.775, 33.85], [132.775, 33.84166666666667]]]}}, {"type": "Feature", "properties": {"month": "2024-12", "mesh_1km": "50326613", "new_restaurant_permits": 1, "unique_facilities": 1, "mesh_1km_center_lat": 33.84583333333333, "mesh_1km_center_lon": 132.79375}, "geometry": {"type": "Polygon", "coordinates": [[[132.7875, 33.84166666666667], [132.79999999999998, 33.84166666666667], [132.79999999999998, 33.85], [132.7875, 33.85], [132.7875, 33.84166666666667]]]}}, {"type": "Feature", "properties": {"month": "2024-12", "mesh_1km": "50326623", "new_restaurant_permits": 1, "unique_facilities": 1, "mesh_1km_center_lat": 33.85416666666667, "mesh_1km_center_lon": 132.79375}, "geometry": {"type": "Polygon", "coordinates": [[[132.7875, 33.85], [132.79999999999998, 33.85], [132.79999999999998, 33.858333333333334], [132.7875, 33.858333333333334], [132.7875, 33.85]]]}}, {"type": "Feature", "properties": {"month": "2025-01", "mesh_1km": "50326622", "new_restaurant_permits": 2, "unique_facilities": 2, "mesh_1km_center_lat": 33.85416666666667, "mesh_1km_center_lon": 132.78125}, "geometry": {"type": "Polygon", "coordinates": [[[132.775, 33.85], [132.7875, 33.85], [132.7875, 33.858333333333334], [132.775, 33.858333333333334], [132.775, 33.85]]]}}, {"type": "Feature", "properties": {"month": "2025-01", "mesh_1km": "50325670", "new_restaurant_permits": 1, "unique_facilities": 1, "mesh_1km_center_lat": 33.8125, "mesh_1km_center_lon": 132.75625}, "geometry": {"type": "Polygon", "coordinates": [[[132.75, 33.80833333333333], [132.7625, 33.80833333333333], [132.7625, 33.81666666666666], [132.75, 33.81666666666666], [132.75, 33.80833333333333]]]}}, {"type": "Feature", "properties": {"month": "2025-01", "mesh_1km": "50325681", "new_restaurant_permits": 1, "unique_facilities": 1, "mesh_1km_center_lat": 33.82083333333334, "mesh_1km_center_lon": 132.76874999999998}, "geometry": {"type": "Polygon", "coordinates": [[[132.7625, 33.81666666666667], [132.77499999999998, 33.81666666666667], [132.77499999999998, 33.825], [132.7625, 33.825], [132.7625, 33.81666666666667]]]}}, {"type": "Feature", "properties": {"month": "2025-01", "mesh_1km": "50325682", "new_restaurant_permits": 1, "unique_facilities": 1, "mesh_1km_center_lat": 33.82083333333334, "mesh_1km_center_lon": 132.78125}, "geometry": {"type": "Polygon", "coordinates": [[[132.775, 33.81666666666667], [132.7875, 33.81666666666667], [132.7875, 33.825], [132.775, 33.825], [132.775, 33.81666666666667]]]}}, {"type": "Feature", "properties": {"month": "2025-01", "mesh_1km": "50325691", "new_restaurant_permits": 1, "unique_facilities": 1, "mesh_1km_center_lat": 33.829166666666666, "mesh_1km_center_lon": 132.76874999999998}, "geometry": {"type": "Polygon", "coordinates": [[[132.7625, 33.825], [132.77499999999998, 33.825], [132.77499999999998, 33.833333333333336], [132.7625, 33.833333333333336], [132.7625, 33.825]]]}}, {"type": "Feature", "properties": {"month": "2025-01", "mesh_1km": "50326536", "new_restaurant_permits": 1, "unique_facilities": 1, "mesh_1km_center_lat": 33.8625, "mesh_1km_center_lon": 132.70624999999998}, "geometry": {"type": "Polygon", "coordinates": [[[132.7, 33.858333333333334], [132.71249999999998, 33.858333333333334], [132.71249999999998, 33.86666666666667], [132.7, 33.86666666666667], [132.7, 33.858333333333334]]]}}, {"type": "Feature", "properties": {"month": "2025-01", "mesh_1km": "50326579", "new_restaurant_permits": 1, "unique_facilities": 1, "mesh_1km_center_lat": 33.89583333333333, "mesh_1km_center_lon": 132.74375}, "geometry": {"type": "Polygon", "coordinates": [[[132.7375, 33.891666666666666], [132.75, 33.891666666666666], [132.75, 33.9], [132.7375, 33.9], [132.7375, 33.891666666666666]]]}}, {"type": "Feature", "properties": {"month": "2025-01", "mesh_1km": "50326621", "new_restaurant_permits": 1, "unique_facilities": 1, "mesh_1km_center_lat": 33.85416666666667, "mesh_1km_center_lon": 132.76874999999998}, "geometry": {"type": "Polygon", "coordinates": [[[132.7625, 33.85], [132.77499999999998, 33.85], [132.77499999999998, 33.858333333333334], [132.7625, 33.858333333333334], [132.7625, 33.85]]]}}, {"type": "Feature", "properties": {"month": "2025-02", "mesh_1km": "50326622", "new_restaurant_permits": 6, "unique_facilities": 6, "mesh_1km_center_lat": 33.85416666666667, "mesh_1km_center_lon": 132.78125}, "geometry": {"type": "Polygon", "coordinates": [[[132.775, 33.85], [132.7875, 33.85], [132.7875, 33.858333333333334], [132.775, 33.858333333333334], [132.775, 33.85]]]}}, {"type": "Feature", "properties": {"month": "2025-02", "mesh_1km": "50326537", "new_restaurant_permits": 3, "unique_facilities": 3, "mesh_1km_center_lat": 33.8625, "mesh_1km_center_lon": 132.71875}, "geometry": {"type": "Polygon", "coordinates": [[[132.7125, 33.858333333333334], [132.725, 33.858333333333334], [132.725, 33.86666666666667], [132.7125, 33.86666666666667], [132.7125, 33.858333333333334]]]}}, {"type": "Feature", "properties": {"month": "2025-02", "mesh_1km": "50325671", "new_restaurant_permits": 2, "unique_facilities": 2, "mesh_1km_center_lat": 33.8125, "mesh_1km_center_lon": 132.76874999999998}, "geometry": {"type": "Polygon", "coordinates": [[[132.7625, 33.80833333333333], [132.77499999999998, 33.80833333333333], [132.77499999999998, 33.81666666666666], [132.7625, 33.81666666666666], [132.7625, 33.80833333333333]]]}}, {"type": "Feature", "properties": {"month": "2025-02", "mesh_1km": "50325673", "new_restaurant_permits": 2, "unique_facilities": 2, "mesh_1km_center_lat": 33.8125, "mesh_1km_center_lon": 132.79375}, "geometry": {"type": "Polygon", "coordinates": [[[132.7875, 33.80833333333333], [132.79999999999998, 33.80833333333333], [132.79999999999998, 33.81666666666666], [132.7875, 33.81666666666666], [132.7875, 33.80833333333333]]]}}, {"type": "Feature", "properties": {"month": "2025-02", "mesh_1km": "50325693", "new_restaurant_permits": 2, "unique_facilities": 2, "mesh_1km_center_lat": 33.829166666666666, "mesh_1km_center_lon": 132.79375}, "geometry": {"type": "Polygon", "coordinates": [[[132.7875, 33.825], [132.79999999999998, 33.825], [132.79999999999998, 33.833333333333336], [132.7875, 33.833333333333336], [132.7875, 33.825]]]}}, {"type": "Feature", "properties": {"month": "2025-02", "mesh_1km": "50326509", "new_restaurant_permits": 2, "unique_facilities": 2, "mesh_1km_center_lat": 33.837500000000006, "mesh_1km_center_lon": 132.74375}, "geometry": {"type": "Polygon", "coordinates": [[[132.7375, 33.833333333333336], [132.75, 33.833333333333336], [132.75, 33.84166666666667], [132.7375, 33.84166666666667], [132.7375, 33.833333333333336]]]}}, {"type": "Feature", "properties": {"month": "2025-02", "mesh_1km": "50326538", "new_restaurant_permits": 2, "unique_facilities": 2, "mesh_1km_center_lat": 33.8625, "mesh_1km_center_lon": 132.73125}, "geometry": {"type": "Polygon", "coordinates": [[[132.725, 33.858333333333334], [132.73749999999998, 33.858333333333334], [132.73749999999998, 33.86666666666667], [132.725, 33.86666666666667], [132.725, 33.858333333333334]]]}}, {"type": "Feature", "properties": {"month": "2025-02", "mesh_1km": "50326612", "new_restaurant_permits": 2, "unique_facilities": 2, "mesh_1km_center_lat": 33.84583333333333, "mesh_1km_center_lon": 132.78125}, "geometry": {"type": "Polygon", "coordinates": [[[132.775, 33.84166666666667], [132.7875, 33.84166666666667], [132.7875, 33.85], [132.775, 33.85], [132.775, 33.84166666666667]]]}}, {"type": "Feature", "properties": {"month": "2025-02", "mesh_1km": "50325568", "new_restaurant_permits": 1, "unique_facilities": 1, "mesh_1km_center_lat": 33.80416666666666, "mesh_1km_center_lon": 132.73125}, "geometry": {"type": "Polygon", "coordinates": [[[132.725, 33.8], [132.73749999999998, 33.8], [132.73749999999998, 33.80833333333333], [132.725, 33.80833333333333], [132.725, 33.8]]]}}, {"type": "Feature", "properties": {"month": "2025-02", "mesh_1km": "50325598", "new_restaurant_permits": 1, "unique_facilities": 1, "mesh_1km_center_lat": 33.829166666666666, "mesh_1km_center_lon": 132.73125}, "geometry": {"type": "Polygon", "coordinates": [[[132.725, 33.825], [132.73749999999998, 33.825], [132.73749999999998, 33.833333333333336], [132.725, 33.833333333333336], [132.725, 33.825]]]}}, {"type": "Feature", "properties": {"month": "2025-02", "mesh_1km": "50325670", "new_restaurant_permits": 1, "unique_facilities": 1, "mesh_1km_center_lat": 33.8125, "mesh_1km_center_lon": 132.75625}, "geometry": {"type": "Polygon", "coordinates": [[[132.75, 33.80833333333333], [132.7625, 33.80833333333333], [132.7625, 33.81666666666666], [132.75, 33.81666666666666], [132.75, 33.80833333333333]]]}}, {"type": "Feature", "properties": {"month": "2025-02", "mesh_1km": "50325675", "new_restaurant_permits": 1, "unique_facilities": 1, "mesh_1km_center_lat": 33.8125, "mesh_1km_center_lon": 132.81875}, "geometry": {"type": "Polygon", "coordinates": [[[132.8125, 33.80833333333333], [132.825, 33.80833333333333], [132.825, 33.81666666666666], [132.8125, 33.81666666666666], [132.8125, 33.80833333333333]]]}}, {"type": "Feature", "properties": {"month": "2025-02", "mesh_1km": "50325681", "new_restaurant_permits": 1, "unique_facilities": 1, "mesh_1km_center_lat": 33.82083333333334, "mesh_1km_center_lon": 132.76874999999998}, "geometry": {"type": "Polygon", "coordinates": [[[132.7625, 33.81666666666667], [132.77499999999998, 33.81666666666667], [132.77499999999998, 33.825], [132.7625, 33.825], [132.7625, 33.81666666666667]]]}}, {"type": "Feature", "properties": {"month": "2025-02", "mesh_1km": "50325682", "new_restaurant_permits": 1, "unique_facilities": 1, "mesh_1km_center_lat": 33.82083333333334, "mesh_1km_center_lon": 132.78125}, "geometry": {"type": "Polygon", "coordinates": [[[132.775, 33.81666666666667], [132.7875, 33.81666666666667], [132.7875, 33.825], [132.775, 33.825], [132.775, 33.81666666666667]]]}}, {"type": "Feature", "properties": {"month": "2025-02", "mesh_1km": "50325690", "new_restaurant_permits": 1, "unique_facilities": 1, "mesh_1km_center_lat": 33.829166666666666, "mesh_1km_center_lon": 132.75625}, "geometry": {"type": "Polygon", "coordinates": [[[132.75, 33.825], [132.7625, 33.825], [132.7625, 33.833333333333336], [132.75, 33.833333333333336], [132.75, 33.825]]]}}, {"type": "Feature", "properties": {"month": "2025-02", "mesh_1km": "50325691", "new_restaurant_permits": 1, "unique_facilities": 1, "mesh_1km_center_lat": 33.829166666666666, "mesh_1km_center_lon": 132.76874999999998}, "geometry": {"type": "Polygon", "coordinates": [[[132.7625, 33.825], [132.77499999999998, 33.825], [132.77499999999998, 33.833333333333336], [132.7625, 33.833333333333336], [132.7625, 33.825]]]}}, {"type": "Feature", "properties": {"month": "2025-02", "mesh_1km": "50326602", "new_restaurant_permits": 1, "unique_facilities": 1, "mesh_1km_center_lat": 33.837500000000006, "mesh_1km_center_lon": 132.78125}, "geometry": {"type": "Polygon", "coordinates": [[[132.775, 33.833333333333336], [132.7875, 33.833333333333336], [132.7875, 33.84166666666667], [132.775, 33.84166666666667], [132.775, 33.833333333333336]]]}}, {"type": "Feature", "properties": {"month": "2025-02", "mesh_1km": "50326614", "new_restaurant_permits": 1, "unique_facilities": 1, "mesh_1km_center_lat": 33.84583333333333, "mesh_1km_center_lon": 132.80625}, "geometry": {"type": "Polygon", "coordinates": [[[132.8, 33.84166666666667], [132.8125, 33.84166666666667], [132.8125, 33.85], [132.8, 33.85], [132.8, 33.84166666666667]]]}}, {"type": "Feature", "properties": {"month": "2025-02", "mesh_1km": "50326623", "new_restaurant_permits": 1, "unique_facilities": 1, "mesh_1km_center_lat": 33.85416666666667, "mesh_1km_center_lon": 132.79375}, "geometry": {"type": "Polygon", "coordinates": [[[132.7875, 33.85], [132.79999999999998, 33.85], [132.79999999999998, 33.858333333333334], [132.7875, 33.858333333333334], [132.7875, 33.85]]]}}, {"type": "Feature", "properties": {"month": "2025-02", "mesh_1km": "50326640", "new_restaurant_permits": 1, "unique_facilities": 1, "mesh_1km_center_lat": 33.87083333333334, "mesh_1km_center_lon": 132.75625}, "geometry": {"type": "Polygon", "coordinates": [[[132.75, 33.86666666666667], [132.7625, 33.86666666666667], [132.7625, 33.875], [132.75, 33.875], [132.75, 33.86666666666667]]]}}, {"type": "Feature", "properties": {"month": "2025-02", "mesh_1km": "50327550", "new_restaurant_permits": 1, "unique_facilities": 1, "mesh_1km_center_lat": 33.962500000000006, "mesh_1km_center_lon": 132.63125}, "geometry": {"type": "Polygon", "coordinates": [[[132.625, 33.958333333333336], [132.6375, 33.958333333333336], [132.6375, 33.96666666666667], [132.625, 33.96666666666667], [132.625, 33.958333333333336]]]}}, {"type": "Feature", "properties": {"month": "2025-03", "mesh_1km": "50325671", "new_restaurant_permits": 2, "unique_facilities": 2, "mesh_1km_center_lat": 33.8125, "mesh_1km_center_lon": 132.76874999999998}, "geometry": {"type": "Polygon", "coordinates": [[[132.7625, 33.80833333333333], [132.77499999999998, 33.80833333333333], [132.77499999999998, 33.81666666666666], [132.7625, 33.81666666666666], [132.7625, 33.80833333333333]]]}}, {"type": "Feature", "properties": {"month": "2025-03", "mesh_1km": "50325681", "new_restaurant_permits": 2, "unique_facilities": 2, "mesh_1km_center_lat": 33.82083333333334, "mesh_1km_center_lon": 132.76874999999998}, "geometry": {"type": "Polygon", "coordinates": [[[132.7625, 33.81666666666667], [132.77499999999998, 33.81666666666667], [132.77499999999998, 33.825], [132.7625, 33.825], [132.7625, 33.81666666666667]]]}}, {"type": "Feature", "properties": {"month": "2025-03", "mesh_1km": "50325692", "new_restaurant_permits": 2, "unique_facilities": 2, "mesh_1km_center_lat": 33.829166666666666, "mesh_1km_center_lon": 132.78125}, "geometry": {"type": "Polygon", "coordinates": [[[132.775, 33.825], [132.7875, 33.825], [132.7875, 33.833333333333336], [132.775, 33.833333333333336], [132.775, 33.825]]]}}, {"type": "Feature", "properties": {"month": "2025-03", "mesh_1km": "50326620", "new_restaurant_permits": 2, "unique_facilities": 2, "mesh_1km_center_lat": 33.85416666666667, "mesh_1km_center_lon": 132.75625}, "geometry": {"type": "Polygon", "coordinates": [[[132.75, 33.85], [132.7625, 33.85], [132.7625, 33.858333333333334], [132.75, 33.858333333333334], [132.75, 33.85]]]}}, {"type": "Feature", "properties": {"month": "2025-03", "mesh_1km": "50326622", "new_restaurant_permits": 2, "unique_facilities": 2, "mesh_1km_center_lat": 33.85416666666667, "mesh_1km_center_lon": 132.78125}, "geometry": {"type": "Polygon", "coordinates": [[[132.775, 33.85], [132.7875, 33.85], [132.7875, 33.858333333333334], [132.775, 33.858333333333334], [132.775, 33.85]]]}}, {"type": "Feature", "properties": {"month": "2025-03", "mesh_1km": "50325578", "new_restaurant_permits": 1, "unique_facilities": 1, "mesh_1km_center_lat": 33.8125, "mesh_1km_center_lon": 132.73125}, "geometry": {"type": "Polygon", "coordinates": [[[132.725, 33.80833333333333], [132.73749999999998, 33.80833333333333], [132.73749999999998, 33.81666666666666], [132.725, 33.81666666666666], [132.725, 33.80833333333333]]]}}, {"type": "Feature", "properties": {"month": "2025-03", "mesh_1km": "50325663", "new_restaurant_permits": 1, "unique_facilities": 1, "mesh_1km_center_lat": 33.80416666666666, "mesh_1km_center_lon": 132.79375}, "geometry": {"type": "Polygon", "coordinates": [[[132.7875, 33.8], [132.79999999999998, 33.8], [132.79999999999998, 33.80833333333333], [132.7875, 33.80833333333333], [132.7875, 33.8]]]}}, {"type": "Feature", "properties": {"month": "2025-03", "mesh_1km": "50325680", "new_restaurant_permits": 1, "unique_facilities": 1, "mesh_1km_center_lat": 33.82083333333334, "mesh_1km_center_lon": 132.75625}, "geometry": {"type": "Polygon", "coordinates": [[[132.75, 33.81666666666667], [132.7625, 33.81666666666667], [132.7625, 33.825], [132.75, 33.825], [132.75, 33.81666666666667]]]}}, {"type": "Feature", "properties": {"month": "2025-03", "mesh_1km": "50325682", "new_restaurant_permits": 1, "unique_facilities": 1, "mesh_1km_center_lat": 33.82083333333334, "mesh_1km_center_lon": 132.78125}, "geometry": {"type": "Polygon", "coordinates": [[[132.775, 33.81666666666667], [132.7875, 33.81666666666667], [132.7875, 33.825], [132.775, 33.825], [132.775, 33.81666666666667]]]}}, {"type": "Feature", "properties": {"month": "2025-03", "mesh_1km": "50325690", "new_restaurant_permits": 1, "unique_facilities": 1, "mesh_1km_center_lat": 33.829166666666666, "mesh_1km_center_lon": 132.75625}, "geometry": {"type": "Polygon", "coordinates": [[[132.75, 33.825], [132.7625, 33.825], [132.7625, 33.833333333333336], [132.75, 33.833333333333336], [132.75, 33.825]]]}}, {"type": "Feature", "properties": {"month": "2025-03", "mesh_1km": "50325691", "new_restaurant_permits": 1, "unique_facilities": 1, "mesh_1km_center_lat": 33.829166666666666, "mesh_1km_center_lon": 132.76874999999998}, "geometry": {"type": "Polygon", "coordinates": [[[132.7625, 33.825], [132.77499999999998, 33.825], [132.77499999999998, 33.833333333333336], [132.7625, 33.833333333333336], [132.7625, 33.825]]]}}, {"type": "Feature", "properties": {"month": "2025-03", "mesh_1km": "50325693", "new_restaurant_permits": 1, "unique_facilities": 1, "mesh_1km_center_lat": 33.829166666666666, "mesh_1km_center_lon": 132.79375}, "geometry": {"type": "Polygon", "coordinates": [[[132.7875, 33.825], [132.79999999999998, 33.825], [132.79999999999998, 33.833333333333336], [132.7875, 33.833333333333336], [132.7875, 33.825]]]}}, {"type": "Feature", "properties": {"month": "2025-03", "mesh_1km": "50326509", "new_restaurant_permits": 1, "unique_facilities": 1, "mesh_1km_center_lat": 33.837500000000006, "mesh_1km_center_lon": 132.74375}, "geometry": {"type": "Polygon", "coordinates": [[[132.7375, 33.833333333333336], [132.75, 33.833333333333336], [132.75, 33.84166666666667], [132.7375, 33.84166666666667], [132.7375, 33.833333333333336]]]}}, {"type": "Feature", "properties": {"month": "2025-03", "mesh_1km": "50326527", "new_restaurant_permits": 1, "unique_facilities": 1, "mesh_1km_center_lat": 33.85416666666667, "mesh_1km_center_lon": 132.71875}, "geometry": {"type": "Polygon", "coordinates": [[[132.7125, 33.85], [132.725, 33.85], [132.725, 33.858333333333334], [132.7125, 33.858333333333334], [132.7125, 33.85]]]}}, {"type": "Feature", "properties": {"month": "2025-03", "mesh_1km": "50326528", "new_restaurant_permits": 1, "unique_facilities": 1, "mesh_1km_center_lat": 33.85416666666667, "mesh_1km_center_lon": 132.73125}, "geometry": {"type": "Polygon", "coordinates": [[[132.725, 33.85], [132.73749999999998, 33.85], [132.73749999999998, 33.858333333333334], [132.725, 33.858333333333334], [132.725, 33.85]]]}}, {"type": "Feature", "properties": {"month": "2025-03", "mesh_1km": "50326548", "new_restaurant_permits": 1, "unique_facilities": 1, "mesh_1km_center_lat": 33.87083333333334, "mesh_1km_center_lon": 132.73125}, "geometry": {"type": "Polygon", "coordinates": [[[132.725, 33.86666666666667], [132.73749999999998, 33.86666666666667], [132.73749999999998, 33.875], [132.725, 33.875], [132.725, 33.86666666666667]]]}}, {"type": "Feature", "properties": {"month": "2025-03", "mesh_1km": "50326549", "new_restaurant_permits": 1, "unique_facilities": 1, "mesh_1km_center_lat": 33.87083333333334, "mesh_1km_center_lon": 132.74375}, "geometry": {"type": "Polygon", "coordinates": [[[132.7375, 33.86666666666667], [132.75, 33.86666666666667], [132.75, 33.875], [132.7375, 33.875], [132.7375, 33.86666666666667]]]}}, {"type": "Feature", "properties": {"month": "2025-03", "mesh_1km": "50326602", "new_restaurant_permits": 1, "unique_facilities": 1, "mesh_1km_center_lat": 33.837500000000006, "mesh_1km_center_lon": 132.78125}, "geometry": {"type": "Polygon", "coordinates": [[[132.775, 33.833333333333336], [132.7875, 33.833333333333336], [132.7875, 33.84166666666667], [132.775, 33.84166666666667], [132.775, 33.833333333333336]]]}}, {"type": "Feature", "properties": {"month": "2025-03", "mesh_1km": "50326603", "new_restaurant_permits": 1, "unique_facilities": 1, "mesh_1km_center_lat": 33.837500000000006, "mesh_1km_center_lon": 132.79375}, "geometry": {"type": "Polygon", "coordinates": [[[132.7875, 33.833333333333336], [132.79999999999998, 33.833333333333336], [132.79999999999998, 33.84166666666667], [132.7875, 33.84166666666667], [132.7875, 33.833333333333336]]]}}, {"type": "Feature", "properties": {"month": "2025-03", "mesh_1km": "50326613", "new_restaurant_permits": 1, "unique_facilities": 1, "mesh_1km_center_lat": 33.84583333333333, "mesh_1km_center_lon": 132.79375}, "geometry": {"type": "Polygon", "coordinates": [[[132.7875, 33.84166666666667], [132.79999999999998, 33.84166666666667], [132.79999999999998, 33.85], [132.7875, 33.85], [132.7875, 33.84166666666667]]]}}, {"type": "Feature", "properties": {"month": "2025-03", "mesh_1km": "50326640", "new_restaurant_permits": 1, "unique_facilities": 1, "mesh_1km_center_lat": 33.87083333333334, "mesh_1km_center_lon": 132.75625}, "geometry": {"type": "Polygon", "coordinates": [[[132.75, 33.86666666666667], [132.7625, 33.86666666666667], [132.7625, 33.875], [132.75, 33.875], [132.75, 33.86666666666667]]]}}, {"type": "Feature", "properties": {"month": "2025-03", "mesh_1km": "50327652", "new_restaurant_permits": 1, "unique_facilities": 1, "mesh_1km_center_lat": 33.962500000000006, "mesh_1km_center_lon": 132.78125}, "geometry": {"type": "Polygon", "coordinates": [[[132.775, 33.958333333333336], [132.7875, 33.958333333333336], [132.7875, 33.96666666666667], [132.775, 33.96666666666667], [132.775, 33.958333333333336]]]}}, {"type": "Feature", "properties": {"month": "2025-04", "mesh_1km": "50325663", "new_restaurant_permits": 2, "unique_facilities": 2, "mesh_1km_center_lat": 33.80416666666666, "mesh_1km_center_lon": 132.79375}, "geometry": {"type": "Polygon", "coordinates": [[[132.7875, 33.8], [132.79999999999998, 33.8], [132.79999999999998, 33.80833333333333], [132.7875, 33.80833333333333], [132.7875, 33.8]]]}}, {"type": "Feature", "properties": {"month": "2025-04", "mesh_1km": "50325680", "new_restaurant_permits": 2, "unique_facilities": 2, "mesh_1km_center_lat": 33.82083333333334, "mesh_1km_center_lon": 132.75625}, "geometry": {"type": "Polygon", "coordinates": [[[132.75, 33.81666666666667], [132.7625, 33.81666666666667], [132.7625, 33.825], [132.75, 33.825], [132.75, 33.81666666666667]]]}}, {"type": "Feature", "properties": {"month": "2025-04", "mesh_1km": "50326622", "new_restaurant_permits": 2, "unique_facilities": 2, "mesh_1km_center_lat": 33.85416666666667, "mesh_1km_center_lon": 132.78125}, "geometry": {"type": "Polygon", "coordinates": [[[132.775, 33.85], [132.7875, 33.85], [132.7875, 33.858333333333334], [132.775, 33.858333333333334], [132.775, 33.85]]]}}, {"type": "Feature", "properties": {"month": "2025-04", "mesh_1km": "50325585", "new_restaurant_permits": 1, "unique_facilities": 1, "mesh_1km_center_lat": 33.82083333333334, "mesh_1km_center_lon": 132.69375}, "geometry": {"type": "Polygon", "coordinates": [[[132.6875, 33.81666666666667], [132.7, 33.81666666666667], [132.7, 33.825], [132.6875, 33.825], [132.6875, 33.81666666666667]]]}}, {"type": "Feature", "properties": {"month": "2025-04", "mesh_1km": "50325671", "new_restaurant_permits": 1, "unique_facilities": 1, "mesh_1km_center_lat": 33.8125, "mesh_1km_center_lon": 132.76874999999998}, "geometry": {"type": "Polygon", "coordinates": [[[132.7625, 33.80833333333333], [132.77499999999998, 33.80833333333333], [132.77499999999998, 33.81666666666666], [132.7625, 33.81666666666666], [132.7625, 33.80833333333333]]]}}, {"type": "Feature", "properties": {"month": "2025-04", "mesh_1km": "50325673", "new_restaurant_permits": 1, "unique_facilities": 1, "mesh_1km_center_lat": 33.8125, "mesh_1km_center_lon": 132.79375}, "geometry": {"type": "Polygon", "coordinates": [[[132.7875, 33.80833333333333], [132.79999999999998, 33.80833333333333], [132.79999999999998, 33.81666666666666], [132.7875, 33.81666666666666], [132.7875, 33.80833333333333]]]}}, {"type": "Feature", "properties": {"month": "2025-04", "mesh_1km": "50325693", "new_restaurant_permits": 1, "unique_facilities": 1, "mesh_1km_center_lat": 33.829166666666666, "mesh_1km_center_lon": 132.79375}, "geometry": {"type": "Polygon", "coordinates": [[[132.7875, 33.825], [132.79999999999998, 33.825], [132.79999999999998, 33.833333333333336], [132.7875, 33.833333333333336], [132.7875, 33.825]]]}}, {"type": "Feature", "properties": {"month": "2025-04", "mesh_1km": "50326537", "new_restaurant_permits": 1, "unique_facilities": 1, "mesh_1km_center_lat": 33.8625, "mesh_1km_center_lon": 132.71875}, "geometry": {"type": "Polygon", "coordinates": [[[132.7125, 33.858333333333334], [132.725, 33.858333333333334], [132.725, 33.86666666666667], [132.7125, 33.86666666666667], [132.7125, 33.858333333333334]]]}}, {"type": "Feature", "properties": {"month": "2025-04", "mesh_1km": "50326579", "new_restaurant_permits": 1, "unique_facilities": 1, "mesh_1km_center_lat": 33.89583333333333, "mesh_1km_center_lon": 132.74375}, "geometry": {"type": "Polygon", "coordinates": [[[132.7375, 33.891666666666666], [132.75, 33.891666666666666], [132.75, 33.9], [132.7375, 33.9], [132.7375, 33.891666666666666]]]}}, {"type": "Feature", "properties": {"month": "2025-04", "mesh_1km": "50326620", "new_restaurant_permits": 1, "unique_facilities": 1, "mesh_1km_center_lat": 33.85416666666667, "mesh_1km_center_lon": 132.75625}, "geometry": {"type": "Polygon", "coordinates": [[[132.75, 33.85], [132.7625, 33.85], [132.7625, 33.858333333333334], [132.75, 33.858333333333334], [132.75, 33.85]]]}}, {"type": "Feature", "properties": {"month": "2025-04", "mesh_1km": "50326621", "new_restaurant_permits": 1, "unique_facilities": 1, "mesh_1km_center_lat": 33.85416666666667, "mesh_1km_center_lon": 132.76874999999998}, "geometry": {"type": "Polygon", "coordinates": [[[132.7625, 33.85], [132.77499999999998, 33.85], [132.77499999999998, 33.858333333333334], [132.7625, 33.858333333333334], [132.7625, 33.85]]]}}, {"type": "Feature", "properties": {"month": "2025-04", "mesh_1km": "50326630", "new_restaurant_permits": 1, "unique_facilities": 1, "mesh_1km_center_lat": 33.8625, "mesh_1km_center_lon": 132.75625}, "geometry": {"type": "Polygon", "coordinates": [[[132.75, 33.858333333333334], [132.7625, 33.858333333333334], [132.7625, 33.86666666666667], [132.75, 33.86666666666667], [132.75, 33.858333333333334]]]}}, {"type": "Feature", "properties": {"month": "2025-05", "mesh_1km": "50326622", "new_restaurant_permits": 5, "unique_facilities": 5, "mesh_1km_center_lat": 33.85416666666667, "mesh_1km_center_lon": 132.78125}, "geometry": {"type": "Polygon", "coordinates": [[[132.775, 33.85], [132.7875, 33.85], [132.7875, 33.858333333333334], [132.775, 33.858333333333334], [132.775, 33.85]]]}}, {"type": "Feature", "properties": {"month": "2025-05", "mesh_1km": "50325597", "new_restaurant_permits": 3, "unique_facilities": 3, "mesh_1km_center_lat": 33.829166666666666, "mesh_1km_center_lon": 132.71875}, "geometry": {"type": "Polygon", "coordinates": [[[132.7125, 33.825], [132.725, 33.825], [132.725, 33.833333333333336], [132.7125, 33.833333333333336], [132.7125, 33.825]]]}}, {"type": "Feature", "properties": {"month": "2025-05", "mesh_1km": "50326527", "new_restaurant_permits": 3, "unique_facilities": 3, "mesh_1km_center_lat": 33.85416666666667, "mesh_1km_center_lon": 132.71875}, "geometry": {"type": "Polygon", "coordinates": [[[132.7125, 33.85], [132.725, 33.85], [132.725, 33.858333333333334], [132.7125, 33.858333333333334], [132.7125, 33.85]]]}}, {"type": "Feature", "properties": {"month": "2025-05", "mesh_1km": "50325598", "new_restaurant_permits": 2, "unique_facilities": 2, "mesh_1km_center_lat": 33.829166666666666, "mesh_1km_center_lon": 132.73125}, "geometry": {"type": "Polygon", "coordinates": [[[132.725, 33.825], [132.73749999999998, 33.825], [132.73749999999998, 33.833333333333336], [132.725, 33.833333333333336], [132.725, 33.825]]]}}, {"type": "Feature", "properties": {"month": "2025-05", "mesh_1km": "50325599", "new_restaurant_permits": 2, "unique_facilities": 2, "mesh_1km_center_lat": 33.829166666666666, "mesh_1km_center_lon": 132.74375}, "geometry": {"type": "Polygon", "coordinates": [[[132.7375, 33.825], [132.75, 33.825], [132.75, 33.833333333333336], [132.7375, 33.833333333333336], [132.7375, 33.825]]]}}, {"type": "Feature", "properties": {"month": "2025-05", "mesh_1km": "50326509", "new_restaurant_permits": 2, "unique_facilities": 2, "mesh_1km_center_lat": 33.837500000000006, "mesh_1km_center_lon": 132.74375}, "geometry": {"type": "Polygon", "coordinates": [[[132.7375, 33.833333333333336], [132.75, 33.833333333333336], [132.75, 33.84166666666667], [132.7375, 33.84166666666667], [132.7375, 33.833333333333336]]]}}, {"type": "Feature", "properties": {"month": "2025-05", "mesh_1km": "50326538", "new_restaurant_permits": 2, "unique_facilities": 2, "mesh_1km_center_lat": 33.8625, "mesh_1km_center_lon": 132.73125}, "geometry": {"type": "Polygon", "coordinates": [[[132.725, 33.858333333333334], [132.73749999999998, 33.858333333333334], [132.73749999999998, 33.86666666666667], [132.725, 33.86666666666667], [132.725, 33.858333333333334]]]}}, {"type": "Feature", "properties": {"month": "2025-05", "mesh_1km": "50326620", "new_restaurant_permits": 2, "unique_facilities": 2, "mesh_1km_center_lat": 33.85416666666667, "mesh_1km_center_lon": 132.75625}, "geometry": {"type": "Polygon", "coordinates": [[[132.75, 33.85], [132.7625, 33.85], [132.7625, 33.858333333333334], [132.75, 33.858333333333334], [132.75, 33.85]]]}}, {"type": "Feature", "properties": {"month": "2025-05", "mesh_1km": "50326630", "new_restaurant_permits": 2, "unique_facilities": 2, "mesh_1km_center_lat": 33.8625, "mesh_1km_center_lon": 132.75625}, "geometry": {"type": "Polygon", "coordinates": [[[132.75, 33.858333333333334], [132.7625, 33.858333333333334], [132.7625, 33.86666666666667], [132.75, 33.86666666666667], [132.75, 33.858333333333334]]]}}, {"type": "Feature", "properties": {"month": "2025-05", "mesh_1km": "50325578", "new_restaurant_permits": 1, "unique_facilities": 1, "mesh_1km_center_lat": 33.8125, "mesh_1km_center_lon": 132.73125}, "geometry": {"type": "Polygon", "coordinates": [[[132.725, 33.80833333333333], [132.73749999999998, 33.80833333333333], [132.73749999999998, 33.81666666666666], [132.725, 33.81666666666666], [132.725, 33.80833333333333]]]}}, {"type": "Feature", "properties": {"month": "2025-05", "mesh_1km": "50325589", "new_restaurant_permits": 1, "unique_facilities": 1, "mesh_1km_center_lat": 33.82083333333334, "mesh_1km_center_lon": 132.74375}, "geometry": {"type": "Polygon", "coordinates": [[[132.7375, 33.81666666666667], [132.75, 33.81666666666667], [132.75, 33.825], [132.7375, 33.825], [132.7375, 33.81666666666667]]]}}, {"type": "Feature", "properties": {"month": "2025-05", "mesh_1km": "50325672", "new_restaurant_permits": 1, "unique_facilities": 1, "mesh_1km_center_lat": 33.8125, "mesh_1km_center_lon": 132.78125}, "geometry": {"type": "Polygon", "coordinates": [[[132.775, 33.80833333333333], [132.7875, 33.80833333333333], [132.7875, 33.81666666666666], [132.775, 33.81666666666666], [132.775, 33.80833333333333]]]}}, {"type": "Feature", "properties": {"month": "2025-05", "mesh_1km": "50325673", "new_restaurant_permits": 1, "unique_facilities": 1, "mesh_1km_center_lat": 33.8125, "mesh_1km_center_lon": 132.79375}, "geometry": {"type": "Polygon", "coordinates": [[[132.7875, 33.80833333333333], [132.79999999999998, 33.80833333333333], [132.79999999999998, 33.81666666666666], [132.7875, 33.81666666666666], [132.7875, 33.80833333333333]]]}}, {"type": "Feature", "properties": {"month": "2025-05", "mesh_1km": "50325681", "new_restaurant_permits": 1, "unique_facilities": 1, "mesh_1km_center_lat": 33.82083333333334, "mesh_1km_center_lon": 132.76874999999998}, "geometry": {"type": "Polygon", "coordinates": [[[132.7625, 33.81666666666667], [132.77499999999998, 33.81666666666667], [132.77499999999998, 33.825], [132.7625, 33.825], [132.7625, 33.81666666666667]]]}}, {"type": "Feature", "properties": {"month": "2025-05", "mesh_1km": "50325682", "new_restaurant_permits": 1, "unique_facilities": 1, "mesh_1km_center_lat": 33.82083333333334, "mesh_1km_center_lon": 132.78125}, "geometry": {"type": "Polygon", "coordinates": [[[132.775, 33.81666666666667], [132.7875, 33.81666666666667], [132.7875, 33.825], [132.775, 33.825], [132.775, 33.81666666666667]]]}}, {"type": "Feature", "properties": {"month": "2025-05", "mesh_1km": "50325691", "new_restaurant_permits": 1, "unique_facilities": 1, "mesh_1km_center_lat": 33.829166666666666, "mesh_1km_center_lon": 132.76874999999998}, "geometry": {"type": "Polygon", "coordinates": [[[132.7625, 33.825], [132.77499999999998, 33.825], [132.77499999999998, 33.833333333333336], [132.7625, 33.833333333333336], [132.7625, 33.825]]]}}, {"type": "Feature", "properties": {"month": "2025-05", "mesh_1km": "50325692", "new_restaurant_permits": 1, "unique_facilities": 1, "mesh_1km_center_lat": 33.829166666666666, "mesh_1km_center_lon": 132.78125}, "geometry": {"type": "Polygon", "coordinates": [[[132.775, 33.825], [132.7875, 33.825], [132.7875, 33.833333333333336], [132.775, 33.833333333333336], [132.775, 33.825]]]}}, {"type": "Feature", "properties": {"month": "2025-05", "mesh_1km": "50326519", "new_restaurant_permits": 1, "unique_facilities": 1, "mesh_1km_center_lat": 33.84583333333333, "mesh_1km_center_lon": 132.74375}, "geometry": {"type": "Polygon", "coordinates": [[[132.7375, 33.84166666666667], [132.75, 33.84166666666667], [132.75, 33.85], [132.7375, 33.85], [132.7375, 33.84166666666667]]]}}, {"type": "Feature", "properties": {"month": "2025-05", "mesh_1km": "50326528", "new_restaurant_permits": 1, "unique_facilities": 1, "mesh_1km_center_lat": 33.85416666666667, "mesh_1km_center_lon": 132.73125}, "geometry": {"type": "Polygon", "coordinates": [[[132.725, 33.85], [132.73749999999998, 33.85], [132.73749999999998, 33.858333333333334], [132.725, 33.858333333333334], [132.725, 33.85]]]}}, {"type": "Feature", "properties": {"month": "2025-05", "mesh_1km": "50326529", "new_restaurant_permits": 1, "unique_facilities": 1, "mesh_1km_center_lat": 33.85416666666667, "mesh_1km_center_lon": 132.74375}, "geometry": {"type": "Polygon", "coordinates": [[[132.7375, 33.85], [132.75, 33.85], [132.75, 33.858333333333334], [132.7375, 33.858333333333334], [132.7375, 33.85]]]}}, {"type": "Feature", "properties": {"month": "2025-05", "mesh_1km": "50326537", "new_restaurant_permits": 1, "unique_facilities": 1, "mesh_1km_center_lat": 33.8625, "mesh_1km_center_lon": 132.71875}, "geometry": {"type": "Polygon", "coordinates": [[[132.7125, 33.858333333333334], [132.725, 33.858333333333334], [132.725, 33.86666666666667], [132.7125, 33.86666666666667], [132.7125, 33.858333333333334]]]}}, {"type": "Feature", "properties": {"month": "2025-05", "mesh_1km": "50326547", "new_restaurant_permits": 1, "unique_facilities": 1, "mesh_1km_center_lat": 33.87083333333334, "mesh_1km_center_lon": 132.71875}, "geometry": {"type": "Polygon", "coordinates": [[[132.7125, 33.86666666666667], [132.725, 33.86666666666667], [132.725, 33.875], [132.7125, 33.875], [132.7125, 33.86666666666667]]]}}, {"type": "Feature", "properties": {"month": "2025-05", "mesh_1km": "50326603", "new_restaurant_permits": 1, "unique_facilities": 1, "mesh_1km_center_lat": 33.837500000000006, "mesh_1km_center_lon": 132.79375}, "geometry": {"type": "Polygon", "coordinates": [[[132.7875, 33.833333333333336], [132.79999999999998, 33.833333333333336], [132.79999999999998, 33.84166666666667], [132.7875, 33.84166666666667], [132.7875, 33.833333333333336]]]}}, {"type": "Feature", "properties": {"month": "2025-05", "mesh_1km": "50326610", "new_restaurant_permits": 1, "unique_facilities": 1, "mesh_1km_center_lat": 33.84583333333333, "mesh_1km_center_lon": 132.75625}, "geometry": {"type": "Polygon", "coordinates": [[[132.75, 33.84166666666667], [132.7625, 33.84166666666667], [132.7625, 33.85], [132.75, 33.85], [132.75, 33.84166666666667]]]}}, {"type": "Feature", "properties": {"month": "2025-05", "mesh_1km": "50326623", "new_restaurant_permits": 1, "unique_facilities": 1, "mesh_1km_center_lat": 33.85416666666667, "mesh_1km_center_lon": 132.79375}, "geometry": {"type": "Polygon", "coordinates": [[[132.7875, 33.85], [132.79999999999998, 33.85], [132.79999999999998, 33.858333333333334], [132.7875, 33.858333333333334], [132.7875, 33.85]]]}}, {"type": "Feature", "properties": {"month": "2025-05", "mesh_1km": "50327652", "new_restaurant_permits": 1, "unique_facilities": 1, "mesh_1km_center_lat": 33.962500000000006, "mesh_1km_center_lon": 132.78125}, "geometry": {"type": "Polygon", "coordinates": [[[132.775, 33.958333333333336], [132.7875, 33.958333333333336], [132.7875, 33.96666666666667], [132.775, 33.96666666666667], [132.775, 33.958333333333336]]]}}, {"type": "Feature", "properties": {"month": "2025-06", "mesh_1km": "50325671", "new_restaurant_permits": 4, "unique_facilities": 4, "mesh_1km_center_lat": 33.8125, "mesh_1km_center_lon": 132.76874999999998}, "geometry": {"type": "Polygon", "coordinates": [[[132.7625, 33.80833333333333], [132.77499999999998, 33.80833333333333], [132.77499999999998, 33.81666666666666], [132.7625, 33.81666666666666], [132.7625, 33.80833333333333]]]}}, {"type": "Feature", "properties": {"month": "2025-06", "mesh_1km": "50325682", "new_restaurant_permits": 3, "unique_facilities": 3, "mesh_1km_center_lat": 33.82083333333334, "mesh_1km_center_lon": 132.78125}, "geometry": {"type": "Polygon", "coordinates": [[[132.775, 33.81666666666667], [132.7875, 33.81666666666667], [132.7875, 33.825], [132.775, 33.825], [132.775, 33.81666666666667]]]}}, {"type": "Feature", "properties": {"month": "2025-06", "mesh_1km": "50325670", "new_restaurant_permits": 2, "unique_facilities": 2, "mesh_1km_center_lat": 33.8125, "mesh_1km_center_lon": 132.75625}, "geometry": {"type": "Polygon", "coordinates": [[[132.75, 33.80833333333333], [132.7625, 33.80833333333333], [132.7625, 33.81666666666666], [132.75, 33.81666666666666], [132.75, 33.80833333333333]]]}}, {"type": "Feature", "properties": {"month": "2025-06", "mesh_1km": "50325674", "new_restaurant_permits": 2, "unique_facilities": 2, "mesh_1km_center_lat": 33.8125, "mesh_1km_center_lon": 132.80625}, "geometry": {"type": "Polygon", "coordinates": [[[132.8, 33.80833333333333], [132.8125, 33.80833333333333], [132.8125, 33.81666666666666], [132.8, 33.81666666666666], [132.8, 33.80833333333333]]]}}, {"type": "Feature", "properties": {"month": "2025-06", "mesh_1km": "50325680", "new_restaurant_permits": 2, "unique_facilities": 2, "mesh_1km_center_lat": 33.82083333333334, "mesh_1km_center_lon": 132.75625}, "geometry": {"type": "Polygon", "coordinates": [[[132.75, 33.81666666666667], [132.7625, 33.81666666666667], [132.7625, 33.825], [132.75, 33.825], [132.75, 33.81666666666667]]]}}, {"type": "Feature", "properties": {"month": "2025-06", "mesh_1km": "50326602", "new_restaurant_permits": 2, "unique_facilities": 2, "mesh_1km_center_lat": 33.837500000000006, "mesh_1km_center_lon": 132.78125}, "geometry": {"type": "Polygon", "coordinates": [[[132.775, 33.833333333333336], [132.7875, 33.833333333333336], [132.7875, 33.84166666666667], [132.775, 33.84166666666667], [132.775, 33.833333333333336]]]}}, {"type": "Feature", "properties": {"month": "2025-06", "mesh_1km": "50325568", "new_restaurant_permits": 1, "unique_facilities": 1, "mesh_1km_center_lat": 33.80416666666666, "mesh_1km_center_lon": 132.73125}, "geometry": {"type": "Polygon", "coordinates": [[[132.725, 33.8], [132.73749999999998, 33.8], [132.73749999999998, 33.80833333333333], [132.725, 33.80833333333333], [132.725, 33.8]]]}}, {"type": "Feature", "properties": {"month": "2025-06", "mesh_1km": "50325589", "new_restaurant_permits": 1, "unique_facilities": 1, "mesh_1km_center_lat": 33.82083333333334, "mesh_1km_center_lon": 132.74375}, "geometry": {"type": "Polygon", "coordinates": [[[132.7375, 33.81666666666667], [132.75, 33.81666666666667], [132.75, 33.825], [132.7375, 33.825], [132.7375, 33.81666666666667]]]}}, {"type": "Feature", "properties": {"month": "2025-06", "mesh_1km": "50325596", "new_restaurant_permits": 1, "unique_facilities": 1, "mesh_1km_center_lat": 33.829166666666666, "mesh_1km_center_lon": 132.70624999999998}, "geometry": {"type": "Polygon", "coordinates": [[[132.7, 33.825], [132.71249999999998, 33.825], [132.71249999999998, 33.833333333333336], [132.7, 33.833333333333336], [132.7, 33.825]]]}}, {"type": "Feature", "properties": {"month": "2025-06", "mesh_1km": "50325597", "new_restaurant_permits": 1, "unique_facilities": 1, "mesh_1km_center_lat": 33.829166666666666, "mesh_1km_center_lon": 132.71875}, "geometry": {"type": "Polygon", "coordinates": [[[132.7125, 33.825], [132.725, 33.825], [132.725, 33.833333333333336], [132.7125, 33.833333333333336], [132.7125, 33.825]]]}}, {"type": "Feature", "properties": {"month": "2025-06", "mesh_1km": "50325598", "new_restaurant_permits": 1, "unique_facilities": 1, "mesh_1km_center_lat": 33.829166666666666, "mesh_1km_center_lon": 132.73125}, "geometry": {"type": "Polygon", "coordinates": [[[132.725, 33.825], [132.73749999999998, 33.825], [132.73749999999998, 33.833333333333336], [132.725, 33.833333333333336], [132.725, 33.825]]]}}, {"type": "Feature", "properties": {"month": "2025-06", "mesh_1km": "50325661", "new_restaurant_permits": 1, "unique_facilities": 1, "mesh_1km_center_lat": 33.80416666666666, "mesh_1km_center_lon": 132.76874999999998}, "geometry": {"type": "Polygon", "coordinates": [[[132.7625, 33.8], [132.77499999999998, 33.8], [132.77499999999998, 33.80833333333333], [132.7625, 33.80833333333333], [132.7625, 33.8]]]}}, {"type": "Feature", "properties": {"month": "2025-06", "mesh_1km": "50325662", "new_restaurant_permits": 1, "unique_facilities": 1, "mesh_1km_center_lat": 33.80416666666666, "mesh_1km_center_lon": 132.78125}, "geometry": {"type": "Polygon", "coordinates": [[[132.775, 33.8], [132.7875, 33.8], [132.7875, 33.80833333333333], [132.775, 33.80833333333333], [132.775, 33.8]]]}}, {"type": "Feature", "properties": {"month": "2025-06", "mesh_1km": "50325672", "new_restaurant_permits": 1, "unique_facilities": 1, "mesh_1km_center_lat": 33.8125, "mesh_1km_center_lon": 132.78125}, "geometry": {"type": "Polygon", "coordinates": [[[132.775, 33.80833333333333], [132.7875, 33.80833333333333], [132.7875, 33.81666666666666], [132.775, 33.81666666666666], [132.775, 33.80833333333333]]]}}, {"type": "Feature", "properties": {"month": "2025-06", "mesh_1km": "50325673", "new_restaurant_permits": 1, "unique_facilities": 1, "mesh_1km_center_lat": 33.8125, "mesh_1km_center_lon": 132.79375}, "geometry": {"type": "Polygon", "coordinates": [[[132.7875, 33.80833333333333], [132.79999999999998, 33.80833333333333], [132.79999999999998, 33.81666666666666], [132.7875, 33.81666666666666], [132.7875, 33.80833333333333]]]}}, {"type": "Feature", "properties": {"month": "2025-06", "mesh_1km": "50325681", "new_restaurant_permits": 1, "unique_facilities": 1, "mesh_1km_center_lat": 33.82083333333334, "mesh_1km_center_lon": 132.76874999999998}, "geometry": {"type": "Polygon", "coordinates": [[[132.7625, 33.81666666666667], [132.77499999999998, 33.81666666666667], [132.77499999999998, 33.825], [132.7625, 33.825], [132.7625, 33.81666666666667]]]}}, {"type": "Feature", "properties": {"month": "2025-06", "mesh_1km": "50325691", "new_restaurant_permits": 1, "unique_facilities": 1, "mesh_1km_center_lat": 33.829166666666666, "mesh_1km_center_lon": 132.76874999999998}, "geometry": {"type": "Polygon", "coordinates": [[[132.7625, 33.825], [132.77499999999998, 33.825], [132.77499999999998, 33.833333333333336], [132.7625, 33.833333333333336], [132.7625, 33.825]]]}}, {"type": "Feature", "properties": {"month": "2025-06", "mesh_1km": "50325692", "new_restaurant_permits": 1, "unique_facilities": 1, "mesh_1km_center_lat": 33.829166666666666, "mesh_1km_center_lon": 132.78125}, "geometry": {"type": "Polygon", "coordinates": [[[132.775, 33.825], [132.7875, 33.825], [132.7875, 33.833333333333336], [132.775, 33.833333333333336], [132.775, 33.825]]]}}, {"type": "Feature", "properties": {"month": "2025-06", "mesh_1km": "50326528", "new_restaurant_permits": 1, "unique_facilities": 1, "mesh_1km_center_lat": 33.85416666666667, "mesh_1km_center_lon": 132.73125}, "geometry": {"type": "Polygon", "coordinates": [[[132.725, 33.85], [132.73749999999998, 33.85], [132.73749999999998, 33.858333333333334], [132.725, 33.858333333333334], [132.725, 33.85]]]}}, {"type": "Feature", "properties": {"month": "2025-06", "mesh_1km": "50326610", "new_restaurant_permits": 1, "unique_facilities": 1, "mesh_1km_center_lat": 33.84583333333333, "mesh_1km_center_lon": 132.75625}, "geometry": {"type": "Polygon", "coordinates": [[[132.75, 33.84166666666667], [132.7625, 33.84166666666667], [132.7625, 33.85], [132.75, 33.85], [132.75, 33.84166666666667]]]}}, {"type": "Feature", "properties": {"month": "2025-06", "mesh_1km": "50326622", "new_restaurant_permits": 1, "unique_facilities": 1, "mesh_1km_center_lat": 33.85416666666667, "mesh_1km_center_lon": 132.78125}, "geometry": {"type": "Polygon", "coordinates": [[[132.775, 33.85], [132.7875, 33.85], [132.7875, 33.858333333333334], [132.775, 33.858333333333334], [132.775, 33.85]]]}}, {"type": "Feature", "properties": {"month": "2025-06", "mesh_1km": "50326630", "new_restaurant_permits": 1, "unique_facilities": 1, "mesh_1km_center_lat": 33.8625, "mesh_1km_center_lon": 132.75625}, "geometry": {"type": "Polygon", "coordinates": [[[132.75, 33.858333333333334], [132.7625, 33.858333333333334], [132.7625, 33.86666666666667], [132.75, 33.86666666666667], [132.75, 33.858333333333334]]]}}, {"type": "Feature", "properties": {"month": "2025-06", "mesh_1km": "50327631", "new_restaurant_permits": 1, "unique_facilities": 1, "mesh_1km_center_lat": 33.94583333333334, "mesh_1km_center_lon": 132.76874999999998}, "geometry": {"type": "Polygon", "coordinates": [[[132.7625, 33.94166666666667], [132.77499999999998, 33.94166666666667], [132.77499999999998, 33.95], [132.7625, 33.95], [132.7625, 33.94166666666667]]]}}, {"type": "Feature", "properties": {"month": "2025-06", "mesh_1km": "50327671", "new_restaurant_permits": 1, "unique_facilities": 1, "mesh_1km_center_lat": 33.97916666666667, "mesh_1km_center_lon": 132.76874999999998}, "geometry": {"type": "Polygon", "coordinates": [[[132.7625, 33.975], [132.77499999999998, 33.975], [132.77499999999998, 33.983333333333334], [132.7625, 33.983333333333334], [132.7625, 33.975]]]}}, {"type": "Feature", "properties": {"month": "2025-07", "mesh_1km": "50325597", "new_restaurant_permits": 2, "unique_facilities": 2, "mesh_1km_center_lat": 33.829166666666666, "mesh_1km_center_lon": 132.71875}, "geometry": {"type": "Polygon", "coordinates": [[[132.7125, 33.825], [132.725, 33.825], [132.725, 33.833333333333336], [132.7125, 33.833333333333336], [132.7125, 33.825]]]}}, {"type": "Feature", "properties": {"month": "2025-07", "mesh_1km": "50325599", "new_restaurant_permits": 2, "unique_facilities": 2, "mesh_1km_center_lat": 33.829166666666666, "mesh_1km_center_lon": 132.74375}, "geometry": {"type": "Polygon", "coordinates": [[[132.7375, 33.825], [132.75, 33.825], [132.75, 33.833333333333336], [132.7375, 33.833333333333336], [132.7375, 33.825]]]}}, {"type": "Feature", "properties": {"month": "2025-07", "mesh_1km": "50325670", "new_restaurant_permits": 1, "unique_facilities": 1, "mesh_1km_center_lat": 33.8125, "mesh_1km_center_lon": 132.75625}, "geometry": {"type": "Polygon", "coordinates": [[[132.75, 33.80833333333333], [132.7625, 33.80833333333333], [132.7625, 33.81666666666666], [132.75, 33.81666666666666], [132.75, 33.80833333333333]]]}}, {"type": "Feature", "properties": {"month": "2025-07", "mesh_1km": "50325680", "new_restaurant_permits": 1, "unique_facilities": 1, "mesh_1km_center_lat": 33.82083333333334, "mesh_1km_center_lon": 132.75625}, "geometry": {"type": "Polygon", "coordinates": [[[132.75, 33.81666666666667], [132.7625, 33.81666666666667], [132.7625, 33.825], [132.75, 33.825], [132.75, 33.81666666666667]]]}}, {"type": "Feature", "properties": {"month": "2025-07", "mesh_1km": "50325681", "new_restaurant_permits": 1, "unique_facilities": 1, "mesh_1km_center_lat": 33.82083333333334, "mesh_1km_center_lon": 132.76874999999998}, "geometry": {"type": "Polygon", "coordinates": [[[132.7625, 33.81666666666667], [132.77499999999998, 33.81666666666667], [132.77499999999998, 33.825], [132.7625, 33.825], [132.7625, 33.81666666666667]]]}}, {"type": "Feature", "properties": {"month": "2025-07", "mesh_1km": "50325691", "new_restaurant_permits": 1, "unique_facilities": 1, "mesh_1km_center_lat": 33.829166666666666, "mesh_1km_center_lon": 132.76874999999998}, "geometry": {"type": "Polygon", "coordinates": [[[132.7625, 33.825], [132.77499999999998, 33.825], [132.77499999999998, 33.833333333333336], [132.7625, 33.833333333333336], [132.7625, 33.825]]]}}, {"type": "Feature", "properties": {"month": "2025-07", "mesh_1km": "50325693", "new_restaurant_permits": 1, "unique_facilities": 1, "mesh_1km_center_lat": 33.829166666666666, "mesh_1km_center_lon": 132.79375}, "geometry": {"type": "Polygon", "coordinates": [[[132.7875, 33.825], [132.79999999999998, 33.825], [132.79999999999998, 33.833333333333336], [132.7875, 33.833333333333336], [132.7875, 33.825]]]}}, {"type": "Feature", "properties": {"month": "2025-07", "mesh_1km": "50326547", "new_restaurant_permits": 1, "unique_facilities": 1, "mesh_1km_center_lat": 33.87083333333334, "mesh_1km_center_lon": 132.71875}, "geometry": {"type": "Polygon", "coordinates": [[[132.7125, 33.86666666666667], [132.725, 33.86666666666667], [132.725, 33.875], [132.7125, 33.875], [132.7125, 33.86666666666667]]]}}, {"type": "Feature", "properties": {"month": "2025-07", "mesh_1km": "50326588", "new_restaurant_permits": 1, "unique_facilities": 1, "mesh_1km_center_lat": 33.90416666666667, "mesh_1km_center_lon": 132.73125}, "geometry": {"type": "Polygon", "coordinates": [[[132.725, 33.900000000000006], [132.73749999999998, 33.900000000000006], [132.73749999999998, 33.90833333333334], [132.725, 33.90833333333334], [132.725, 33.900000000000006]]]}}, {"type": "Feature", "properties": {"month": "2025-07", "mesh_1km": "50326600", "new_restaurant_permits": 1, "unique_facilities": 1, "mesh_1km_center_lat": 33.837500000000006, "mesh_1km_center_lon": 132.75625}, "geometry": {"type": "Polygon", "coordinates": [[[132.75, 33.833333333333336], [132.7625, 33.833333333333336], [132.7625, 33.84166666666667], [132.75, 33.84166666666667], [132.75, 33.833333333333336]]]}}, {"type": "Feature", "properties": {"month": "2025-07", "mesh_1km": "50326602", "new_restaurant_permits": 1, "unique_facilities": 1, "mesh_1km_center_lat": 33.837500000000006, "mesh_1km_center_lon": 132.78125}, "geometry": {"type": "Polygon", "coordinates": [[[132.775, 33.833333333333336], [132.7875, 33.833333333333336], [132.7875, 33.84166666666667], [132.775, 33.84166666666667], [132.775, 33.833333333333336]]]}}, {"type": "Feature", "properties": {"month": "2025-07", "mesh_1km": "50326622", "new_restaurant_permits": 1, "unique_facilities": 1, "mesh_1km_center_lat": 33.85416666666667, "mesh_1km_center_lon": 132.78125}, "geometry": {"type": "Polygon", "coordinates": [[[132.775, 33.85], [132.7875, 33.85], [132.7875, 33.858333333333334], [132.775, 33.858333333333334], [132.775, 33.85]]]}}, {"type": "Feature", "properties": {"month": "2025-07", "mesh_1km": "50327448", "new_restaurant_permits": 1, "unique_facilities": 1, "mesh_1km_center_lat": 33.954166666666666, "mesh_1km_center_lon": 132.60625}, "geometry": {"type": "Polygon", "coordinates": [[[132.6, 33.95], [132.61249999999998, 33.95], [132.61249999999998, 33.958333333333336], [132.6, 33.958333333333336], [132.6, 33.95]]]}}, {"type": "Feature", "properties": {"month": "2025-08", "mesh_1km": "50326537", "new_restaurant_permits": 5, "unique_facilities": 5, "mesh_1km_center_lat": 33.8625, "mesh_1km_center_lon": 132.71875}, "geometry": {"type": "Polygon", "coordinates": [[[132.7125, 33.858333333333334], [132.725, 33.858333333333334], [132.725, 33.86666666666667], [132.7125, 33.86666666666667], [132.7125, 33.858333333333334]]]}}, {"type": "Feature", "properties": {"month": "2025-08", "mesh_1km": "50326602", "new_restaurant_permits": 3, "unique_facilities": 3, "mesh_1km_center_lat": 33.837500000000006, "mesh_1km_center_lon": 132.78125}, "geometry": {"type": "Polygon", "coordinates": [[[132.775, 33.833333333333336], [132.7875, 33.833333333333336], [132.7875, 33.84166666666667], [132.775, 33.84166666666667], [132.775, 33.833333333333336]]]}}, {"type": "Feature", "properties": {"month": "2025-08", "mesh_1km": "50326622", "new_restaurant_permits": 3, "unique_facilities": 3, "mesh_1km_center_lat": 33.85416666666667, "mesh_1km_center_lon": 132.78125}, "geometry": {"type": "Polygon", "coordinates": [[[132.775, 33.85], [132.7875, 33.85], [132.7875, 33.858333333333334], [132.775, 33.858333333333334], [132.775, 33.85]]]}}, {"type": "Feature", "properties": {"month": "2025-08", "mesh_1km": "50325680", "new_restaurant_permits": 2, "unique_facilities": 2, "mesh_1km_center_lat": 33.82083333333334, "mesh_1km_center_lon": 132.75625}, "geometry": {"type": "Polygon", "coordinates": [[[132.75, 33.81666666666667], [132.7625, 33.81666666666667], [132.7625, 33.825], [132.75, 33.825], [132.75, 33.81666666666667]]]}}, {"type": "Feature", "properties": {"month": "2025-08", "mesh_1km": "50325690", "new_restaurant_permits": 2, "unique_facilities": 2, "mesh_1km_center_lat": 33.829166666666666, "mesh_1km_center_lon": 132.75625}, "geometry": {"type": "Polygon", "coordinates": [[[132.75, 33.825], [132.7625, 33.825], [132.7625, 33.833333333333336], [132.75, 33.833333333333336], [132.75, 33.825]]]}}, {"type": "Feature", "properties": {"month": "2025-08", "mesh_1km": "50326529", "new_restaurant_permits": 2, "unique_facilities": 2, "mesh_1km_center_lat": 33.85416666666667, "mesh_1km_center_lon": 132.74375}, "geometry": {"type": "Polygon", "coordinates": [[[132.7375, 33.85], [132.75, 33.85], [132.75, 33.858333333333334], [132.7375, 33.858333333333334], [132.7375, 33.85]]]}}, {"type": "Feature", "properties": {"month": "2025-08", "mesh_1km": "50326610", "new_restaurant_permits": 2, "unique_facilities": 2, "mesh_1km_center_lat": 33.84583333333333, "mesh_1km_center_lon": 132.75625}, "geometry": {"type": "Polygon", "coordinates": [[[132.75, 33.84166666666667], [132.7625, 33.84166666666667], [132.7625, 33.85], [132.75, 33.85], [132.75, 33.84166666666667]]]}}, {"type": "Feature", "properties": {"month": "2025-08", "mesh_1km": "50325578", "new_restaurant_permits": 1, "unique_facilities": 1, "mesh_1km_center_lat": 33.8125, "mesh_1km_center_lon": 132.73125}, "geometry": {"type": "Polygon", "coordinates": [[[132.725, 33.80833333333333], [132.73749999999998, 33.80833333333333], [132.73749999999998, 33.81666666666666], [132.725, 33.81666666666666], [132.725, 33.80833333333333]]]}}, {"type": "Feature", "properties": {"month": "2025-08", "mesh_1km": "50325579", "new_restaurant_permits": 1, "unique_facilities": 1, "mesh_1km_center_lat": 33.8125, "mesh_1km_center_lon": 132.74375}, "geometry": {"type": "Polygon", "coordinates": [[[132.7375, 33.80833333333333], [132.75, 33.80833333333333], [132.75, 33.81666666666666], [132.7375, 33.81666666666666], [132.7375, 33.80833333333333]]]}}, {"type": "Feature", "properties": {"month": "2025-08", "mesh_1km": "50325587", "new_restaurant_permits": 1, "unique_facilities": 1, "mesh_1km_center_lat": 33.82083333333334, "mesh_1km_center_lon": 132.71875}, "geometry": {"type": "Polygon", "coordinates": [[[132.7125, 33.81666666666667], [132.725, 33.81666666666667], [132.725, 33.825], [132.7125, 33.825], [132.7125, 33.81666666666667]]]}}, {"type": "Feature", "properties": {"month": "2025-08", "mesh_1km": "50325589", "new_restaurant_permits": 1, "unique_facilities": 1, "mesh_1km_center_lat": 33.82083333333334, "mesh_1km_center_lon": 132.74375}, "geometry": {"type": "Polygon", "coordinates": [[[132.7375, 33.81666666666667], [132.75, 33.81666666666667], [132.75, 33.825], [132.7375, 33.825], [132.7375, 33.81666666666667]]]}}, {"type": "Feature", "properties": {"month": "2025-08", "mesh_1km": "50325597", "new_restaurant_permits": 1, "unique_facilities": 1, "mesh_1km_center_lat": 33.829166666666666, "mesh_1km_center_lon": 132.71875}, "geometry": {"type": "Polygon", "coordinates": [[[132.7125, 33.825], [132.725, 33.825], [132.725, 33.833333333333336], [132.7125, 33.833333333333336], [132.7125, 33.825]]]}}, {"type": "Feature", "properties": {"month": "2025-08", "mesh_1km": "50325599", "new_restaurant_permits": 1, "unique_facilities": 1, "mesh_1km_center_lat": 33.829166666666666, "mesh_1km_center_lon": 132.74375}, "geometry": {"type": "Polygon", "coordinates": [[[132.7375, 33.825], [132.75, 33.825], [132.75, 33.833333333333336], [132.7375, 33.833333333333336], [132.7375, 33.825]]]}}, {"type": "Feature", "properties": {"month": "2025-08", "mesh_1km": "50325652", "new_restaurant_permits": 1, "unique_facilities": 1, "mesh_1km_center_lat": 33.795833333333334, "mesh_1km_center_lon": 132.78125}, "geometry": {"type": "Polygon", "coordinates": [[[132.775, 33.791666666666664], [132.7875, 33.791666666666664], [132.7875, 33.8], [132.775, 33.8], [132.775, 33.791666666666664]]]}}, {"type": "Feature", "properties": {"month": "2025-08", "mesh_1km": "50325672", "new_restaurant_permits": 1, "unique_facilities": 1, "mesh_1km_center_lat": 33.8125, "mesh_1km_center_lon": 132.78125}, "geometry": {"type": "Polygon", "coordinates": [[[132.775, 33.80833333333333], [132.7875, 33.80833333333333], [132.7875, 33.81666666666666], [132.775, 33.81666666666666], [132.775, 33.80833333333333]]]}}, {"type": "Feature", "properties": {"month": "2025-08", "mesh_1km": "50325675", "new_restaurant_permits": 1, "unique_facilities": 1, "mesh_1km_center_lat": 33.8125, "mesh_1km_center_lon": 132.81875}, "geometry": {"type": "Polygon", "coordinates": [[[132.8125, 33.80833333333333], [132.825, 33.80833333333333], [132.825, 33.81666666666666], [132.8125, 33.81666666666666], [132.8125, 33.80833333333333]]]}}, {"type": "Feature", "properties": {"month": "2025-08", "mesh_1km": "50325682", "new_restaurant_permits": 1, "unique_facilities": 1, "mesh_1km_center_lat": 33.82083333333334, "mesh_1km_center_lon": 132.78125}, "geometry": {"type": "Polygon", "coordinates": [[[132.775, 33.81666666666667], [132.7875, 33.81666666666667], [132.7875, 33.825], [132.775, 33.825], [132.775, 33.81666666666667]]]}}, {"type": "Feature", "properties": {"month": "2025-08", "mesh_1km": "50325693", "new_restaurant_permits": 1, "unique_facilities": 1, "mesh_1km_center_lat": 33.829166666666666, "mesh_1km_center_lon": 132.79375}, "geometry": {"type": "Polygon", "coordinates": [[[132.7875, 33.825], [132.79999999999998, 33.825], [132.79999999999998, 33.833333333333336], [132.7875, 33.833333333333336], [132.7875, 33.825]]]}}, {"type": "Feature", "properties": {"month": "2025-08", "mesh_1km": "50326538", "new_restaurant_permits": 1, "unique_facilities": 1, "mesh_1km_center_lat": 33.8625, "mesh_1km_center_lon": 132.73125}, "geometry": {"type": "Polygon", "coordinates": [[[132.725, 33.858333333333334], [132.73749999999998, 33.858333333333334], [132.73749999999998, 33.86666666666667], [132.725, 33.86666666666667], [132.725, 33.858333333333334]]]}}, {"type": "Feature", "properties": {"month": "2025-08", "mesh_1km": "50326630", "new_restaurant_permits": 1, "unique_facilities": 1, "mesh_1km_center_lat": 33.8625, "mesh_1km_center_lon": 132.75625}, "geometry": {"type": "Polygon", "coordinates": [[[132.75, 33.858333333333334], [132.7625, 33.858333333333334], [132.7625, 33.86666666666667], [132.75, 33.86666666666667], [132.75, 33.858333333333334]]]}}, {"type": "Feature", "properties": {"month": "2025-08", "mesh_1km": "50327631", "new_restaurant_permits": 1, "unique_facilities": 1, "mesh_1km_center_lat": 33.94583333333334, "mesh_1km_center_lon": 132.76874999999998}, "geometry": {"type": "Polygon", "coordinates": [[[132.7625, 33.94166666666667], [132.77499999999998, 33.94166666666667], [132.77499999999998, 33.95], [132.7625, 33.95], [132.7625, 33.94166666666667]]]}}, {"type": "Feature", "properties": {"month": "2025-08", "mesh_1km": "50327642", "new_restaurant_permits": 1, "unique_facilities": 1, "mesh_1km_center_lat": 33.954166666666666, "mesh_1km_center_lon": 132.78125}, "geometry": {"type": "Polygon", "coordinates": [[[132.775, 33.95], [132.7875, 33.95], [132.7875, 33.958333333333336], [132.775, 33.958333333333336], [132.775, 33.95]]]}}, {"type": "Feature", "properties": {"month": "2025-08", "mesh_1km": "50327652", "new_restaurant_permits": 1, "unique_facilities": 1, "mesh_1km_center_lat": 33.962500000000006, "mesh_1km_center_lon": 132.78125}, "geometry": {"type": "Polygon", "coordinates": [[[132.775, 33.958333333333336], [132.7875, 33.958333333333336], [132.7875, 33.96666666666667], [132.775, 33.96666666666667], [132.775, 33.958333333333336]]]}}, {"type": "Feature", "properties": {"month": "2025-09", "mesh_1km": "50325579", "new_restaurant_permits": 2, "unique_facilities": 2, "mesh_1km_center_lat": 33.8125, "mesh_1km_center_lon": 132.74375}, "geometry": {"type": "Polygon", "coordinates": [[[132.7375, 33.80833333333333], [132.75, 33.80833333333333], [132.75, 33.81666666666666], [132.7375, 33.81666666666666], [132.7375, 33.80833333333333]]]}}, {"type": "Feature", "properties": {"month": "2025-09", "mesh_1km": "50325680", "new_restaurant_permits": 2, "unique_facilities": 2, "mesh_1km_center_lat": 33.82083333333334, "mesh_1km_center_lon": 132.75625}, "geometry": {"type": "Polygon", "coordinates": [[[132.75, 33.81666666666667], [132.7625, 33.81666666666667], [132.7625, 33.825], [132.75, 33.825], [132.75, 33.81666666666667]]]}}, {"type": "Feature", "properties": {"month": "2025-09", "mesh_1km": "50325682", "new_restaurant_permits": 2, "unique_facilities": 2, "mesh_1km_center_lat": 33.82083333333334, "mesh_1km_center_lon": 132.78125}, "geometry": {"type": "Polygon", "coordinates": [[[132.775, 33.81666666666667], [132.7875, 33.81666666666667], [132.7875, 33.825], [132.775, 33.825], [132.775, 33.81666666666667]]]}}, {"type": "Feature", "properties": {"month": "2025-09", "mesh_1km": "50325693", "new_restaurant_permits": 2, "unique_facilities": 2, "mesh_1km_center_lat": 33.829166666666666, "mesh_1km_center_lon": 132.79375}, "geometry": {"type": "Polygon", "coordinates": [[[132.7875, 33.825], [132.79999999999998, 33.825], [132.79999999999998, 33.833333333333336], [132.7875, 33.833333333333336], [132.7875, 33.825]]]}}, {"type": "Feature", "properties": {"month": "2025-09", "mesh_1km": "50326537", "new_restaurant_permits": 2, "unique_facilities": 2, "mesh_1km_center_lat": 33.8625, "mesh_1km_center_lon": 132.71875}, "geometry": {"type": "Polygon", "coordinates": [[[132.7125, 33.858333333333334], [132.725, 33.858333333333334], [132.725, 33.86666666666667], [132.7125, 33.86666666666667], [132.7125, 33.858333333333334]]]}}, {"type": "Feature", "properties": {"month": "2025-09", "mesh_1km": "50326622", "new_restaurant_permits": 2, "unique_facilities": 2, "mesh_1km_center_lat": 33.85416666666667, "mesh_1km_center_lon": 132.78125}, "geometry": {"type": "Polygon", "coordinates": [[[132.775, 33.85], [132.7875, 33.85], [132.7875, 33.858333333333334], [132.775, 33.858333333333334], [132.775, 33.85]]]}}, {"type": "Feature", "properties": {"month": "2025-09", "mesh_1km": "50325663", "new_restaurant_permits": 1, "unique_facilities": 1, "mesh_1km_center_lat": 33.80416666666666, "mesh_1km_center_lon": 132.79375}, "geometry": {"type": "Polygon", "coordinates": [[[132.7875, 33.8], [132.79999999999998, 33.8], [132.79999999999998, 33.80833333333333], [132.7875, 33.80833333333333], [132.7875, 33.8]]]}}, {"type": "Feature", "properties": {"month": "2025-09", "mesh_1km": "50325672", "new_restaurant_permits": 1, "unique_facilities": 1, "mesh_1km_center_lat": 33.8125, "mesh_1km_center_lon": 132.78125}, "geometry": {"type": "Polygon", "coordinates": [[[132.775, 33.80833333333333], [132.7875, 33.80833333333333], [132.7875, 33.81666666666666], [132.775, 33.81666666666666], [132.775, 33.80833333333333]]]}}, {"type": "Feature", "properties": {"month": "2025-09", "mesh_1km": "50325674", "new_restaurant_permits": 1, "unique_facilities": 1, "mesh_1km_center_lat": 33.8125, "mesh_1km_center_lon": 132.80625}, "geometry": {"type": "Polygon", "coordinates": [[[132.8, 33.80833333333333], [132.8125, 33.80833333333333], [132.8125, 33.81666666666666], [132.8, 33.81666666666666], [132.8, 33.80833333333333]]]}}, {"type": "Feature", "properties": {"month": "2025-09", "mesh_1km": "50325681", "new_restaurant_permits": 1, "unique_facilities": 1, "mesh_1km_center_lat": 33.82083333333334, "mesh_1km_center_lon": 132.76874999999998}, "geometry": {"type": "Polygon", "coordinates": [[[132.7625, 33.81666666666667], [132.77499999999998, 33.81666666666667], [132.77499999999998, 33.825], [132.7625, 33.825], [132.7625, 33.81666666666667]]]}}, {"type": "Feature", "properties": {"month": "2025-09", "mesh_1km": "50326546", "new_restaurant_permits": 1, "unique_facilities": 1, "mesh_1km_center_lat": 33.87083333333334, "mesh_1km_center_lon": 132.70624999999998}, "geometry": {"type": "Polygon", "coordinates": [[[132.7, 33.86666666666667], [132.71249999999998, 33.86666666666667], [132.71249999999998, 33.875], [132.7, 33.875], [132.7, 33.86666666666667]]]}}, {"type": "Feature", "properties": {"month": "2025-09", "mesh_1km": "50326603", "new_restaurant_permits": 1, "unique_facilities": 1, "mesh_1km_center_lat": 33.837500000000006, "mesh_1km_center_lon": 132.79375}, "geometry": {"type": "Polygon", "coordinates": [[[132.7875, 33.833333333333336], [132.79999999999998, 33.833333333333336], [132.79999999999998, 33.84166666666667], [132.7875, 33.84166666666667], [132.7875, 33.833333333333336]]]}}, {"type": "Feature", "properties": {"month": "2025-09", "mesh_1km": "50326613", "new_restaurant_permits": 1, "unique_facilities": 1, "mesh_1km_center_lat": 33.84583333333333, "mesh_1km_center_lon": 132.79375}, "geometry": {"type": "Polygon", "coordinates": [[[132.7875, 33.84166666666667], [132.79999999999998, 33.84166666666667], [132.79999999999998, 33.85], [132.7875, 33.85], [132.7875, 33.84166666666667]]]}}, {"type": "Feature", "properties": {"month": "2025-09", "mesh_1km": "50326630", "new_restaurant_permits": 1, "unique_facilities": 1, "mesh_1km_center_lat": 33.8625, "mesh_1km_center_lon": 132.75625}, "geometry": {"type": "Polygon", "coordinates": [[[132.75, 33.858333333333334], [132.7625, 33.858333333333334], [132.7625, 33.86666666666667], [132.75, 33.86666666666667], [132.75, 33.858333333333334]]]}}, {"type": "Feature", "properties": {"month": "2025-09", "mesh_1km": "50327540", "new_restaurant_permits": 1, "unique_facilities": 1, "mesh_1km_center_lat": 33.954166666666666, "mesh_1km_center_lon": 132.63125}, "geometry": {"type": "Polygon", "coordinates": [[[132.625, 33.95], [132.6375, 33.95], [132.6375, 33.958333333333336], [132.625, 33.958333333333336], [132.625, 33.95]]]}}, {"type": "Feature", "properties": {"month": "2025-09", "mesh_1km": "50327651", "new_restaurant_permits": 1, "unique_facilities": 1, "mesh_1km_center_lat": 33.962500000000006, "mesh_1km_center_lon": 132.76874999999998}, "geometry": {"type": "Polygon", "coordinates": [[[132.7625, 33.958333333333336], [132.77499999999998, 33.958333333333336], [132.77499999999998, 33.96666666666667], [132.7625, 33.96666666666667], [132.7625, 33.958333333333336]]]}}, {"type": "Feature", "properties": {"month": "2025-09", "mesh_1km": "50327652", "new_restaurant_permits": 1, "unique_facilities": 1, "mesh_1km_center_lat": 33.962500000000006, "mesh_1km_center_lon": 132.78125}, "geometry": {"type": "Polygon", "coordinates": [[[132.775, 33.958333333333336], [132.7875, 33.958333333333336], [132.7875, 33.96666666666667], [132.775, 33.96666666666667], [132.775, 33.958333333333336]]]}}, {"type": "Feature", "properties": {"month": "2025-10", "mesh_1km": "50326537", "new_restaurant_permits": 2, "unique_facilities": 2, "mesh_1km_center_lat": 33.8625, "mesh_1km_center_lon": 132.71875}, "geometry": {"type": "Polygon", "coordinates": [[[132.7125, 33.858333333333334], [132.725, 33.858333333333334], [132.725, 33.86666666666667], [132.7125, 33.86666666666667], [132.7125, 33.858333333333334]]]}}, {"type": "Feature", "properties": {"month": "2025-10", "mesh_1km": "50326622", "new_restaurant_permits": 2, "unique_facilities": 2, "mesh_1km_center_lat": 33.85416666666667, "mesh_1km_center_lon": 132.78125}, "geometry": {"type": "Polygon", "coordinates": [[[132.775, 33.85], [132.7875, 33.85], [132.7875, 33.858333333333334], [132.775, 33.858333333333334], [132.775, 33.85]]]}}, {"type": "Feature", "properties": {"month": "2025-10", "mesh_1km": "50325598", "new_restaurant_permits": 1, "unique_facilities": 1, "mesh_1km_center_lat": 33.829166666666666, "mesh_1km_center_lon": 132.73125}, "geometry": {"type": "Polygon", "coordinates": [[[132.725, 33.825], [132.73749999999998, 33.825], [132.73749999999998, 33.833333333333336], [132.725, 33.833333333333336], [132.725, 33.825]]]}}, {"type": "Feature", "properties": {"month": "2025-10", "mesh_1km": "50325691", "new_restaurant_permits": 1, "unique_facilities": 1, "mesh_1km_center_lat": 33.829166666666666, "mesh_1km_center_lon": 132.76874999999998}, "geometry": {"type": "Polygon", "coordinates": [[[132.7625, 33.825], [132.77499999999998, 33.825], [132.77499999999998, 33.833333333333336], [132.7625, 33.833333333333336], [132.7625, 33.825]]]}}, {"type": "Feature", "properties": {"month": "2025-10", "mesh_1km": "50325692", "new_restaurant_permits": 1, "unique_facilities": 1, "mesh_1km_center_lat": 33.829166666666666, "mesh_1km_center_lon": 132.78125}, "geometry": {"type": "Polygon", "coordinates": [[[132.775, 33.825], [132.7875, 33.825], [132.7875, 33.833333333333336], [132.775, 33.833333333333336], [132.775, 33.825]]]}}, {"type": "Feature", "properties": {"month": "2025-10", "mesh_1km": "50325693", "new_restaurant_permits": 1, "unique_facilities": 1, "mesh_1km_center_lat": 33.829166666666666, "mesh_1km_center_lon": 132.79375}, "geometry": {"type": "Polygon", "coordinates": [[[132.7875, 33.825], [132.79999999999998, 33.825], [132.79999999999998, 33.833333333333336], [132.7875, 33.833333333333336], [132.7875, 33.825]]]}}, {"type": "Feature", "properties": {"month": "2025-10", "mesh_1km": "50326578", "new_restaurant_permits": 1, "unique_facilities": 1, "mesh_1km_center_lat": 33.89583333333333, "mesh_1km_center_lon": 132.73125}, "geometry": {"type": "Polygon", "coordinates": [[[132.725, 33.891666666666666], [132.73749999999998, 33.891666666666666], [132.73749999999998, 33.9], [132.725, 33.9], [132.725, 33.891666666666666]]]}}, {"type": "Feature", "properties": {"month": "2025-10", "mesh_1km": "50326623", "new_restaurant_permits": 1, "unique_facilities": 1, "mesh_1km_center_lat": 33.85416666666667, "mesh_1km_center_lon": 132.79375}, "geometry": {"type": "Polygon", "coordinates": [[[132.7875, 33.85], [132.79999999999998, 33.85], [132.79999999999998, 33.858333333333334], [132.7875, 33.858333333333334], [132.7875, 33.85]]]}}, {"type": "Feature", "properties": {"month": "2025-10", "mesh_1km": "50327642", "new_restaurant_permits": 1, "unique_facilities": 1, "mesh_1km_center_lat": 33.954166666666666, "mesh_1km_center_lon": 132.78125}, "geometry": {"type": "Polygon", "coordinates": [[[132.775, 33.95], [132.7875, 33.95], [132.7875, 33.958333333333336], [132.775, 33.958333333333336], [132.775, 33.95]]]}}, {"type": "Feature", "properties": {"month": "2025-11", "mesh_1km": "50326622", "new_restaurant_permits": 6, "unique_facilities": 6, "mesh_1km_center_lat": 33.85416666666667, "mesh_1km_center_lon": 132.78125}, "geometry": {"type": "Polygon", "coordinates": [[[132.775, 33.85], [132.7875, 33.85], [132.7875, 33.858333333333334], [132.775, 33.858333333333334], [132.775, 33.85]]]}}, {"type": "Feature", "properties": {"month": "2025-11", "mesh_1km": "50325681", "new_restaurant_permits": 2, "unique_facilities": 2, "mesh_1km_center_lat": 33.82083333333334, "mesh_1km_center_lon": 132.76874999999998}, "geometry": {"type": "Polygon", "coordinates": [[[132.7625, 33.81666666666667], [132.77499999999998, 33.81666666666667], [132.77499999999998, 33.825], [132.7625, 33.825], [132.7625, 33.81666666666667]]]}}, {"type": "Feature", "properties": {"month": "2025-11", "mesh_1km": "50325690", "new_restaurant_permits": 2, "unique_facilities": 2, "mesh_1km_center_lat": 33.829166666666666, "mesh_1km_center_lon": 132.75625}, "geometry": {"type": "Polygon", "coordinates": [[[132.75, 33.825], [132.7625, 33.825], [132.7625, 33.833333333333336], [132.75, 33.833333333333336], [132.75, 33.825]]]}}, {"type": "Feature", "properties": {"month": "2025-11", "mesh_1km": "50326602", "new_restaurant_permits": 2, "unique_facilities": 2, "mesh_1km_center_lat": 33.837500000000006, "mesh_1km_center_lon": 132.78125}, "geometry": {"type": "Polygon", "coordinates": [[[132.775, 33.833333333333336], [132.7875, 33.833333333333336], [132.7875, 33.84166666666667], [132.775, 33.84166666666667], [132.775, 33.833333333333336]]]}}, {"type": "Feature", "properties": {"month": "2025-11", "mesh_1km": "50326610", "new_restaurant_permits": 2, "unique_facilities": 2, "mesh_1km_center_lat": 33.84583333333333, "mesh_1km_center_lon": 132.75625}, "geometry": {"type": "Polygon", "coordinates": [[[132.75, 33.84166666666667], [132.7625, 33.84166666666667], [132.7625, 33.85], [132.75, 33.85], [132.75, 33.84166666666667]]]}}, {"type": "Feature", "properties": {"month": "2025-11", "mesh_1km": "50325599", "new_restaurant_permits": 1, "unique_facilities": 1, "mesh_1km_center_lat": 33.829166666666666, "mesh_1km_center_lon": 132.74375}, "geometry": {"type": "Polygon", "coordinates": [[[132.7375, 33.825], [132.75, 33.825], [132.75, 33.833333333333336], [132.7375, 33.833333333333336], [132.7375, 33.825]]]}}, {"type": "Feature", "properties": {"month": "2025-11", "mesh_1km": "50325670", "new_restaurant_permits": 1, "unique_facilities": 1, "mesh_1km_center_lat": 33.8125, "mesh_1km_center_lon": 132.75625}, "geometry": {"type": "Polygon", "coordinates": [[[132.75, 33.80833333333333], [132.7625, 33.80833333333333], [132.7625, 33.81666666666666], [132.75, 33.81666666666666], [132.75, 33.80833333333333]]]}}, {"type": "Feature", "properties": {"month": "2025-11", "mesh_1km": "50325675", "new_restaurant_permits": 1, "unique_facilities": 1, "mesh_1km_center_lat": 33.8125, "mesh_1km_center_lon": 132.81875}, "geometry": {"type": "Polygon", "coordinates": [[[132.8125, 33.80833333333333], [132.825, 33.80833333333333], [132.825, 33.81666666666666], [132.8125, 33.81666666666666], [132.8125, 33.80833333333333]]]}}, {"type": "Feature", "properties": {"month": "2025-11", "mesh_1km": "50325692", "new_restaurant_permits": 1, "unique_facilities": 1, "mesh_1km_center_lat": 33.829166666666666, "mesh_1km_center_lon": 132.78125}, "geometry": {"type": "Polygon", "coordinates": [[[132.775, 33.825], [132.7875, 33.825], [132.7875, 33.833333333333336], [132.775, 33.833333333333336], [132.775, 33.825]]]}}, {"type": "Feature", "properties": {"month": "2025-11", "mesh_1km": "50325693", "new_restaurant_permits": 1, "unique_facilities": 1, "mesh_1km_center_lat": 33.829166666666666, "mesh_1km_center_lon": 132.79375}, "geometry": {"type": "Polygon", "coordinates": [[[132.7875, 33.825], [132.79999999999998, 33.825], [132.79999999999998, 33.833333333333336], [132.7875, 33.833333333333336], [132.7875, 33.825]]]}}, {"type": "Feature", "properties": {"month": "2025-11", "mesh_1km": "50326537", "new_restaurant_permits": 1, "unique_facilities": 1, "mesh_1km_center_lat": 33.8625, "mesh_1km_center_lon": 132.71875}, "geometry": {"type": "Polygon", "coordinates": [[[132.7125, 33.858333333333334], [132.725, 33.858333333333334], [132.725, 33.86666666666667], [132.7125, 33.86666666666667], [132.7125, 33.858333333333334]]]}}, {"type": "Feature", "properties": {"month": "2025-11", "mesh_1km": "50326620", "new_restaurant_permits": 1, "unique_facilities": 1, "mesh_1km_center_lat": 33.85416666666667, "mesh_1km_center_lon": 132.75625}, "geometry": {"type": "Polygon", "coordinates": [[[132.75, 33.85], [132.7625, 33.85], [132.7625, 33.858333333333334], [132.75, 33.858333333333334], [132.75, 33.85]]]}}, {"type": "Feature", "properties": {"month": "2025-11", "mesh_1km": "50326623", "new_restaurant_permits": 1, "unique_facilities": 1, "mesh_1km_center_lat": 33.85416666666667, "mesh_1km_center_lon": 132.79375}, "geometry": {"type": "Polygon", "coordinates": [[[132.7875, 33.85], [132.79999999999998, 33.85], [132.79999999999998, 33.858333333333334], [132.7875, 33.858333333333334], [132.7875, 33.85]]]}}, {"type": "Feature", "properties": {"month": "2025-11", "mesh_1km": "50326630", "new_restaurant_permits": 1, "unique_facilities": 1, "mesh_1km_center_lat": 33.8625, "mesh_1km_center_lon": 132.75625}, "geometry": {"type": "Polygon", "coordinates": [[[132.75, 33.858333333333334], [132.7625, 33.858333333333334], [132.7625, 33.86666666666667], [132.75, 33.86666666666667], [132.75, 33.858333333333334]]]}}, {"type": "Feature", "properties": {"month": "2025-11", "mesh_1km": "50327560", "new_restaurant_permits": 1, "unique_facilities": 1, "mesh_1km_center_lat": 33.97083333333333, "mesh_1km_center_lon": 132.63125}, "geometry": {"type": "Polygon", "coordinates": [[[132.625, 33.96666666666667], [132.6375, 33.96666666666667], [132.6375, 33.975], [132.625, 33.975], [132.625, 33.96666666666667]]]}}, {"type": "Feature", "properties": {"month": "2025-12", "mesh_1km": "50325681", "new_restaurant_permits": 4, "unique_facilities": 4, "mesh_1km_center_lat": 33.82083333333334, "mesh_1km_center_lon": 132.76874999999998}, "geometry": {"type": "Polygon", "coordinates": [[[132.7625, 33.81666666666667], [132.77499999999998, 33.81666666666667], [132.77499999999998, 33.825], [132.7625, 33.825], [132.7625, 33.81666666666667]]]}}, {"type": "Feature", "properties": {"month": "2025-12", "mesh_1km": "50325682", "new_restaurant_permits": 3, "unique_facilities": 3, "mesh_1km_center_lat": 33.82083333333334, "mesh_1km_center_lon": 132.78125}, "geometry": {"type": "Polygon", "coordinates": [[[132.775, 33.81666666666667], [132.7875, 33.81666666666667], [132.7875, 33.825], [132.775, 33.825], [132.775, 33.81666666666667]]]}}, {"type": "Feature", "properties": {"month": "2025-12", "mesh_1km": "50326622", "new_restaurant_permits": 3, "unique_facilities": 3, "mesh_1km_center_lat": 33.85416666666667, "mesh_1km_center_lon": 132.78125}, "geometry": {"type": "Polygon", "coordinates": [[[132.775, 33.85], [132.7875, 33.85], [132.7875, 33.858333333333334], [132.775, 33.858333333333334], [132.775, 33.85]]]}}, {"type": "Feature", "properties": {"month": "2025-12", "mesh_1km": "50325691", "new_restaurant_permits": 2, "unique_facilities": 2, "mesh_1km_center_lat": 33.829166666666666, "mesh_1km_center_lon": 132.76874999999998}, "geometry": {"type": "Polygon", "coordinates": [[[132.7625, 33.825], [132.77499999999998, 33.825], [132.77499999999998, 33.833333333333336], [132.7625, 33.833333333333336], [132.7625, 33.825]]]}}, {"type": "Feature", "properties": {"month": "2025-12", "mesh_1km": "50325692", "new_restaurant_permits": 2, "unique_facilities": 2, "mesh_1km_center_lat": 33.829166666666666, "mesh_1km_center_lon": 132.78125}, "geometry": {"type": "Polygon", "coordinates": [[[132.775, 33.825], [132.7875, 33.825], [132.7875, 33.833333333333336], [132.775, 33.833333333333336], [132.775, 33.825]]]}}, {"type": "Feature", "properties": {"month": "2025-12", "mesh_1km": "50325578", "new_restaurant_permits": 1, "unique_facilities": 1, "mesh_1km_center_lat": 33.8125, "mesh_1km_center_lon": 132.73125}, "geometry": {"type": "Polygon", "coordinates": [[[132.725, 33.80833333333333], [132.73749999999998, 33.80833333333333], [132.73749999999998, 33.81666666666666], [132.725, 33.81666666666666], [132.725, 33.80833333333333]]]}}, {"type": "Feature", "properties": {"month": "2025-12", "mesh_1km": "50325670", "new_restaurant_permits": 1, "unique_facilities": 1, "mesh_1km_center_lat": 33.8125, "mesh_1km_center_lon": 132.75625}, "geometry": {"type": "Polygon", "coordinates": [[[132.75, 33.80833333333333], [132.7625, 33.80833333333333], [132.7625, 33.81666666666666], [132.75, 33.81666666666666], [132.75, 33.80833333333333]]]}}, {"type": "Feature", "properties": {"month": "2025-12", "mesh_1km": "50325671", "new_restaurant_permits": 1, "unique_facilities": 1, "mesh_1km_center_lat": 33.8125, "mesh_1km_center_lon": 132.76874999999998}, "geometry": {"type": "Polygon", "coordinates": [[[132.7625, 33.80833333333333], [132.77499999999998, 33.80833333333333], [132.77499999999998, 33.81666666666666], [132.7625, 33.81666666666666], [132.7625, 33.80833333333333]]]}}, {"type": "Feature", "properties": {"month": "2025-12", "mesh_1km": "50325674", "new_restaurant_permits": 1, "unique_facilities": 1, "mesh_1km_center_lat": 33.8125, "mesh_1km_center_lon": 132.80625}, "geometry": {"type": "Polygon", "coordinates": [[[132.8, 33.80833333333333], [132.8125, 33.80833333333333], [132.8125, 33.81666666666666], [132.8, 33.81666666666666], [132.8, 33.80833333333333]]]}}, {"type": "Feature", "properties": {"month": "2025-12", "mesh_1km": "50325680", "new_restaurant_permits": 1, "unique_facilities": 1, "mesh_1km_center_lat": 33.82083333333334, "mesh_1km_center_lon": 132.75625}, "geometry": {"type": "Polygon", "coordinates": [[[132.75, 33.81666666666667], [132.7625, 33.81666666666667], [132.7625, 33.825], [132.75, 33.825], [132.75, 33.81666666666667]]]}}, {"type": "Feature", "properties": {"month": "2025-12", "mesh_1km": "50325693", "new_restaurant_permits": 1, "unique_facilities": 1, "mesh_1km_center_lat": 33.829166666666666, "mesh_1km_center_lon": 132.79375}, "geometry": {"type": "Polygon", "coordinates": [[[132.7875, 33.825], [132.79999999999998, 33.825], [132.79999999999998, 33.833333333333336], [132.7875, 33.833333333333336], [132.7875, 33.825]]]}}, {"type": "Feature", "properties": {"month": "2025-12", "mesh_1km": "50326527", "new_restaurant_permits": 1, "unique_facilities": 1, "mesh_1km_center_lat": 33.85416666666667, "mesh_1km_center_lon": 132.71875}, "geometry": {"type": "Polygon", "coordinates": [[[132.7125, 33.85], [132.725, 33.85], [132.725, 33.858333333333334], [132.7125, 33.858333333333334], [132.7125, 33.85]]]}}, {"type": "Feature", "properties": {"month": "2025-12", "mesh_1km": "50326528", "new_restaurant_permits": 1, "unique_facilities": 1, "mesh_1km_center_lat": 33.85416666666667, "mesh_1km_center_lon": 132.73125}, "geometry": {"type": "Polygon", "coordinates": [[[132.725, 33.85], [132.73749999999998, 33.85], [132.73749999999998, 33.858333333333334], [132.725, 33.858333333333334], [132.725, 33.85]]]}}, {"type": "Feature", "properties": {"month": "2025-12", "mesh_1km": "50326603", "new_restaurant_permits": 1, "unique_facilities": 1, "mesh_1km_center_lat": 33.837500000000006, "mesh_1km_center_lon": 132.79375}, "geometry": {"type": "Polygon", "coordinates": [[[132.7875, 33.833333333333336], [132.79999999999998, 33.833333333333336], [132.79999999999998, 33.84166666666667], [132.7875, 33.84166666666667], [132.7875, 33.833333333333336]]]}}, {"type": "Feature", "properties": {"month": "2025-12", "mesh_1km": "50326610", "new_restaurant_permits": 1, "unique_facilities": 1, "mesh_1km_center_lat": 33.84583333333333, "mesh_1km_center_lon": 132.75625}, "geometry": {"type": "Polygon", "coordinates": [[[132.75, 33.84166666666667], [132.7625, 33.84166666666667], [132.7625, 33.85], [132.75, 33.85], [132.75, 33.84166666666667]]]}}, {"type": "Feature", "properties": {"month": "2025-12", "mesh_1km": "50326623", "new_restaurant_permits": 1, "unique_facilities": 1, "mesh_1km_center_lat": 33.85416666666667, "mesh_1km_center_lon": 132.79375}, "geometry": {"type": "Polygon", "coordinates": [[[132.7875, 33.85], [132.79999999999998, 33.85], [132.79999999999998, 33.858333333333334], [132.7875, 33.858333333333334], [132.7875, 33.85]]]}}, {"type": "Feature", "properties": {"month": "2025-12", "mesh_1km": "50326640", "new_restaurant_permits": 1, "unique_facilities": 1, "mesh_1km_center_lat": 33.87083333333334, "mesh_1km_center_lon": 132.75625}, "geometry": {"type": "Polygon", "coordinates": [[[132.75, 33.86666666666667], [132.7625, 33.86666666666667], [132.7625, 33.875], [132.75, 33.875], [132.75, 33.86666666666667]]]}}, {"type": "Feature", "properties": {"month": "2026-01", "mesh_1km": "50326537", "new_restaurant_permits": 2, "unique_facilities": 2, "mesh_1km_center_lat": 33.8625, "mesh_1km_center_lon": 132.71875}, "geometry": {"type": "Polygon", "coordinates": [[[132.7125, 33.858333333333334], [132.725, 33.858333333333334], [132.725, 33.86666666666667], [132.7125, 33.86666666666667], [132.7125, 33.858333333333334]]]}}, {"type": "Feature", "properties": {"month": "2026-01", "mesh_1km": "50325599", "new_restaurant_permits": 1, "unique_facilities": 1, "mesh_1km_center_lat": 33.829166666666666, "mesh_1km_center_lon": 132.74375}, "geometry": {"type": "Polygon", "coordinates": [[[132.7375, 33.825], [132.75, 33.825], [132.75, 33.833333333333336], [132.7375, 33.833333333333336], [132.7375, 33.825]]]}}, {"type": "Feature", "properties": {"month": "2026-01", "mesh_1km": "50325661", "new_restaurant_permits": 1, "unique_facilities": 1, "mesh_1km_center_lat": 33.80416666666666, "mesh_1km_center_lon": 132.76874999999998}, "geometry": {"type": "Polygon", "coordinates": [[[132.7625, 33.8], [132.77499999999998, 33.8], [132.77499999999998, 33.80833333333333], [132.7625, 33.80833333333333], [132.7625, 33.8]]]}}, {"type": "Feature", "properties": {"month": "2026-01", "mesh_1km": "50325670", "new_restaurant_permits": 1, "unique_facilities": 1, "mesh_1km_center_lat": 33.8125, "mesh_1km_center_lon": 132.75625}, "geometry": {"type": "Polygon", "coordinates": [[[132.75, 33.80833333333333], [132.7625, 33.80833333333333], [132.7625, 33.81666666666666], [132.75, 33.81666666666666], [132.75, 33.80833333333333]]]}}, {"type": "Feature", "properties": {"month": "2026-02", "mesh_1km": "50326622", "new_restaurant_permits": 14, "unique_facilities": 14, "mesh_1km_center_lat": 33.85416666666667, "mesh_1km_center_lon": 132.78125}, "geometry": {"type": "Polygon", "coordinates": [[[132.775, 33.85], [132.7875, 33.85], [132.7875, 33.858333333333334], [132.775, 33.858333333333334], [132.775, 33.85]]]}}, {"type": "Feature", "properties": {"month": "2026-02", "mesh_1km": "50326612", "new_restaurant_permits": 3, "unique_facilities": 3, "mesh_1km_center_lat": 33.84583333333333, "mesh_1km_center_lon": 132.78125}, "geometry": {"type": "Polygon", "coordinates": [[[132.775, 33.84166666666667], [132.7875, 33.84166666666667], [132.7875, 33.85], [132.775, 33.85], [132.775, 33.84166666666667]]]}}, {"type": "Feature", "properties": {"month": "2026-02", "mesh_1km": "50326630", "new_restaurant_permits": 3, "unique_facilities": 3, "mesh_1km_center_lat": 33.8625, "mesh_1km_center_lon": 132.75625}, "geometry": {"type": "Polygon", "coordinates": [[[132.75, 33.858333333333334], [132.7625, 33.858333333333334], [132.7625, 33.86666666666667], [132.75, 33.86666666666667], [132.75, 33.858333333333334]]]}}, {"type": "Feature", "properties": {"month": "2026-02", "mesh_1km": "50325597", "new_restaurant_permits": 2, "unique_facilities": 2, "mesh_1km_center_lat": 33.829166666666666, "mesh_1km_center_lon": 132.71875}, "geometry": {"type": "Polygon", "coordinates": [[[132.7125, 33.825], [132.725, 33.825], [132.725, 33.833333333333336], [132.7125, 33.833333333333336], [132.7125, 33.825]]]}}, {"type": "Feature", "properties": {"month": "2026-02", "mesh_1km": "50325671", "new_restaurant_permits": 2, "unique_facilities": 2, "mesh_1km_center_lat": 33.8125, "mesh_1km_center_lon": 132.76874999999998}, "geometry": {"type": "Polygon", "coordinates": [[[132.7625, 33.80833333333333], [132.77499999999998, 33.80833333333333], [132.77499999999998, 33.81666666666666], [132.7625, 33.81666666666666], [132.7625, 33.80833333333333]]]}}, {"type": "Feature", "properties": {"month": "2026-02", "mesh_1km": "50325681", "new_restaurant_permits": 2, "unique_facilities": 2, "mesh_1km_center_lat": 33.82083333333334, "mesh_1km_center_lon": 132.76874999999998}, "geometry": {"type": "Polygon", "coordinates": [[[132.7625, 33.81666666666667], [132.77499999999998, 33.81666666666667], [132.77499999999998, 33.825], [132.7625, 33.825], [132.7625, 33.81666666666667]]]}}, {"type": "Feature", "properties": {"month": "2026-02", "mesh_1km": "50326509", "new_restaurant_permits": 2, "unique_facilities": 2, "mesh_1km_center_lat": 33.837500000000006, "mesh_1km_center_lon": 132.74375}, "geometry": {"type": "Polygon", "coordinates": [[[132.7375, 33.833333333333336], [132.75, 33.833333333333336], [132.75, 33.84166666666667], [132.7375, 33.84166666666667], [132.7375, 33.833333333333336]]]}}, {"type": "Feature", "properties": {"month": "2026-02", "mesh_1km": "50326613", "new_restaurant_permits": 2, "unique_facilities": 2, "mesh_1km_center_lat": 33.84583333333333, "mesh_1km_center_lon": 132.79375}, "geometry": {"type": "Polygon", "coordinates": [[[132.7875, 33.84166666666667], [132.79999999999998, 33.84166666666667], [132.79999999999998, 33.85], [132.7875, 33.85], [132.7875, 33.84166666666667]]]}}, {"type": "Feature", "properties": {"month": "2026-02", "mesh_1km": "50326620", "new_restaurant_permits": 2, "unique_facilities": 2, "mesh_1km_center_lat": 33.85416666666667, "mesh_1km_center_lon": 132.75625}, "geometry": {"type": "Polygon", "coordinates": [[[132.75, 33.85], [132.7625, 33.85], [132.7625, 33.858333333333334], [132.75, 33.858333333333334], [132.75, 33.85]]]}}, {"type": "Feature", "properties": {"month": "2026-02", "mesh_1km": "50325598", "new_restaurant_permits": 1, "unique_facilities": 1, "mesh_1km_center_lat": 33.829166666666666, "mesh_1km_center_lon": 132.73125}, "geometry": {"type": "Polygon", "coordinates": [[[132.725, 33.825], [132.73749999999998, 33.825], [132.73749999999998, 33.833333333333336], [132.725, 33.833333333333336], [132.725, 33.825]]]}}, {"type": "Feature", "properties": {"month": "2026-02", "mesh_1km": "50325599", "new_restaurant_permits": 1, "unique_facilities": 1, "mesh_1km_center_lat": 33.829166666666666, "mesh_1km_center_lon": 132.74375}, "geometry": {"type": "Polygon", "coordinates": [[[132.7375, 33.825], [132.75, 33.825], [132.75, 33.833333333333336], [132.7375, 33.833333333333336], [132.7375, 33.825]]]}}, {"type": "Feature", "properties": {"month": "2026-02", "mesh_1km": "50325673", "new_restaurant_permits": 1, "unique_facilities": 1, "mesh_1km_center_lat": 33.8125, "mesh_1km_center_lon": 132.79375}, "geometry": {"type": "Polygon", "coordinates": [[[132.7875, 33.80833333333333], [132.79999999999998, 33.80833333333333], [132.79999999999998, 33.81666666666666], [132.7875, 33.81666666666666], [132.7875, 33.80833333333333]]]}}, {"type": "Feature", "properties": {"month": "2026-02", "mesh_1km": "50325675", "new_restaurant_permits": 1, "unique_facilities": 1, "mesh_1km_center_lat": 33.8125, "mesh_1km_center_lon": 132.81875}, "geometry": {"type": "Polygon", "coordinates": [[[132.8125, 33.80833333333333], [132.825, 33.80833333333333], [132.825, 33.81666666666666], [132.8125, 33.81666666666666], [132.8125, 33.80833333333333]]]}}, {"type": "Feature", "properties": {"month": "2026-02", "mesh_1km": "50325680", "new_restaurant_permits": 1, "unique_facilities": 1, "mesh_1km_center_lat": 33.82083333333334, "mesh_1km_center_lon": 132.75625}, "geometry": {"type": "Polygon", "coordinates": [[[132.75, 33.81666666666667], [132.7625, 33.81666666666667], [132.7625, 33.825], [132.75, 33.825], [132.75, 33.81666666666667]]]}}, {"type": "Feature", "properties": {"month": "2026-02", "mesh_1km": "50325682", "new_restaurant_permits": 1, "unique_facilities": 1, "mesh_1km_center_lat": 33.82083333333334, "mesh_1km_center_lon": 132.78125}, "geometry": {"type": "Polygon", "coordinates": [[[132.775, 33.81666666666667], [132.7875, 33.81666666666667], [132.7875, 33.825], [132.775, 33.825], [132.775, 33.81666666666667]]]}}, {"type": "Feature", "properties": {"month": "2026-02", "mesh_1km": "50325690", "new_restaurant_permits": 1, "unique_facilities": 1, "mesh_1km_center_lat": 33.829166666666666, "mesh_1km_center_lon": 132.75625}, "geometry": {"type": "Polygon", "coordinates": [[[132.75, 33.825], [132.7625, 33.825], [132.7625, 33.833333333333336], [132.75, 33.833333333333336], [132.75, 33.825]]]}}, {"type": "Feature", "properties": {"month": "2026-02", "mesh_1km": "50325691", "new_restaurant_permits": 1, "unique_facilities": 1, "mesh_1km_center_lat": 33.829166666666666, "mesh_1km_center_lon": 132.76874999999998}, "geometry": {"type": "Polygon", "coordinates": [[[132.7625, 33.825], [132.77499999999998, 33.825], [132.77499999999998, 33.833333333333336], [132.7625, 33.833333333333336], [132.7625, 33.825]]]}}, {"type": "Feature", "properties": {"month": "2026-02", "mesh_1km": "50325693", "new_restaurant_permits": 1, "unique_facilities": 1, "mesh_1km_center_lat": 33.829166666666666, "mesh_1km_center_lon": 132.79375}, "geometry": {"type": "Polygon", "coordinates": [[[132.7875, 33.825], [132.79999999999998, 33.825], [132.79999999999998, 33.833333333333336], [132.7875, 33.833333333333336], [132.7875, 33.825]]]}}, {"type": "Feature", "properties": {"month": "2026-02", "mesh_1km": "50326527", "new_restaurant_permits": 1, "unique_facilities": 1, "mesh_1km_center_lat": 33.85416666666667, "mesh_1km_center_lon": 132.71875}, "geometry": {"type": "Polygon", "coordinates": [[[132.7125, 33.85], [132.725, 33.85], [132.725, 33.858333333333334], [132.7125, 33.858333333333334], [132.7125, 33.85]]]}}, {"type": "Feature", "properties": {"month": "2026-02", "mesh_1km": "50326529", "new_restaurant_permits": 1, "unique_facilities": 1, "mesh_1km_center_lat": 33.85416666666667, "mesh_1km_center_lon": 132.74375}, "geometry": {"type": "Polygon", "coordinates": [[[132.7375, 33.85], [132.75, 33.85], [132.75, 33.858333333333334], [132.7375, 33.858333333333334], [132.7375, 33.85]]]}}, {"type": "Feature", "properties": {"month": "2026-02", "mesh_1km": "50326537", "new_restaurant_permits": 1, "unique_facilities": 1, "mesh_1km_center_lat": 33.8625, "mesh_1km_center_lon": 132.71875}, "geometry": {"type": "Polygon", "coordinates": [[[132.7125, 33.858333333333334], [132.725, 33.858333333333334], [132.725, 33.86666666666667], [132.7125, 33.86666666666667], [132.7125, 33.858333333333334]]]}}, {"type": "Feature", "properties": {"month": "2026-02", "mesh_1km": "50326588", "new_restaurant_permits": 1, "unique_facilities": 1, "mesh_1km_center_lat": 33.90416666666667, "mesh_1km_center_lon": 132.73125}, "geometry": {"type": "Polygon", "coordinates": [[[132.725, 33.900000000000006], [132.73749999999998, 33.900000000000006], [132.73749999999998, 33.90833333333334], [132.725, 33.90833333333334], [132.725, 33.900000000000006]]]}}, {"type": "Feature", "properties": {"month": "2026-02", "mesh_1km": "50326602", "new_restaurant_permits": 1, "unique_facilities": 1, "mesh_1km_center_lat": 33.837500000000006, "mesh_1km_center_lon": 132.78125}, "geometry": {"type": "Polygon", "coordinates": [[[132.775, 33.833333333333336], [132.7875, 33.833333333333336], [132.7875, 33.84166666666667], [132.775, 33.84166666666667], [132.775, 33.833333333333336]]]}}, {"type": "Feature", "properties": {"month": "2026-02", "mesh_1km": "50326610", "new_restaurant_permits": 1, "unique_facilities": 1, "mesh_1km_center_lat": 33.84583333333333, "mesh_1km_center_lon": 132.75625}, "geometry": {"type": "Polygon", "coordinates": [[[132.75, 33.84166666666667], [132.7625, 33.84166666666667], [132.7625, 33.85], [132.75, 33.85], [132.75, 33.84166666666667]]]}}, {"type": "Feature", "properties": {"month": "2026-02", "mesh_1km": "50326640", "new_restaurant_permits": 1, "unique_facilities": 1, "mesh_1km_center_lat": 33.87083333333334, "mesh_1km_center_lon": 132.75625}, "geometry": {"type": "Polygon", "coordinates": [[[132.75, 33.86666666666667], [132.7625, 33.86666666666667], [132.7625, 33.875], [132.75, 33.875], [132.75, 33.86666666666667]]]}}, {"type": "Feature", "properties": {"month": "2026-03", "mesh_1km": "50325579", "new_restaurant_permits": 5, "unique_facilities": 5, "mesh_1km_center_lat": 33.8125, "mesh_1km_center_lon": 132.74375}, "geometry": {"type": "Polygon", "coordinates": [[[132.7375, 33.80833333333333], [132.75, 33.80833333333333], [132.75, 33.81666666666666], [132.7375, 33.81666666666666], [132.7375, 33.80833333333333]]]}}, {"type": "Feature", "properties": {"month": "2026-03", "mesh_1km": "50325671", "new_restaurant_permits": 3, "unique_facilities": 3, "mesh_1km_center_lat": 33.8125, "mesh_1km_center_lon": 132.76874999999998}, "geometry": {"type": "Polygon", "coordinates": [[[132.7625, 33.80833333333333], [132.77499999999998, 33.80833333333333], [132.77499999999998, 33.81666666666666], [132.7625, 33.81666666666666], [132.7625, 33.80833333333333]]]}}, {"type": "Feature", "properties": {"month": "2026-03", "mesh_1km": "50325673", "new_restaurant_permits": 3, "unique_facilities": 3, "mesh_1km_center_lat": 33.8125, "mesh_1km_center_lon": 132.79375}, "geometry": {"type": "Polygon", "coordinates": [[[132.7875, 33.80833333333333], [132.79999999999998, 33.80833333333333], [132.79999999999998, 33.81666666666666], [132.7875, 33.81666666666666], [132.7875, 33.80833333333333]]]}}, {"type": "Feature", "properties": {"month": "2026-03", "mesh_1km": "50326537", "new_restaurant_permits": 3, "unique_facilities": 3, "mesh_1km_center_lat": 33.8625, "mesh_1km_center_lon": 132.71875}, "geometry": {"type": "Polygon", "coordinates": [[[132.7125, 33.858333333333334], [132.725, 33.858333333333334], [132.725, 33.86666666666667], [132.7125, 33.86666666666667], [132.7125, 33.858333333333334]]]}}, {"type": "Feature", "properties": {"month": "2026-03", "mesh_1km": "50326610", "new_restaurant_permits": 3, "unique_facilities": 3, "mesh_1km_center_lat": 33.84583333333333, "mesh_1km_center_lon": 132.75625}, "geometry": {"type": "Polygon", "coordinates": [[[132.75, 33.84166666666667], [132.7625, 33.84166666666667], [132.7625, 33.85], [132.75, 33.85], [132.75, 33.84166666666667]]]}}, {"type": "Feature", "properties": {"month": "2026-03", "mesh_1km": "50326622", "new_restaurant_permits": 3, "unique_facilities": 3, "mesh_1km_center_lat": 33.85416666666667, "mesh_1km_center_lon": 132.78125}, "geometry": {"type": "Polygon", "coordinates": [[[132.775, 33.85], [132.7875, 33.85], [132.7875, 33.858333333333334], [132.775, 33.858333333333334], [132.775, 33.85]]]}}, {"type": "Feature", "properties": {"month": "2026-03", "mesh_1km": "50325598", "new_restaurant_permits": 2, "unique_facilities": 2, "mesh_1km_center_lat": 33.829166666666666, "mesh_1km_center_lon": 132.73125}, "geometry": {"type": "Polygon", "coordinates": [[[132.725, 33.825], [132.73749999999998, 33.825], [132.73749999999998, 33.833333333333336], [132.725, 33.833333333333336], [132.725, 33.825]]]}}, {"type": "Feature", "properties": {"month": "2026-03", "mesh_1km": "50325693", "new_restaurant_permits": 2, "unique_facilities": 2, "mesh_1km_center_lat": 33.829166666666666, "mesh_1km_center_lon": 132.79375}, "geometry": {"type": "Polygon", "coordinates": [[[132.7875, 33.825], [132.79999999999998, 33.825], [132.79999999999998, 33.833333333333336], [132.7875, 33.833333333333336], [132.7875, 33.825]]]}}, {"type": "Feature", "properties": {"month": "2026-03", "mesh_1km": "50326527", "new_restaurant_permits": 2, "unique_facilities": 2, "mesh_1km_center_lat": 33.85416666666667, "mesh_1km_center_lon": 132.71875}, "geometry": {"type": "Polygon", "coordinates": [[[132.7125, 33.85], [132.725, 33.85], [132.725, 33.858333333333334], [132.7125, 33.858333333333334], [132.7125, 33.85]]]}}, {"type": "Feature", "properties": {"month": "2026-03", "mesh_1km": "50326603", "new_restaurant_permits": 2, "unique_facilities": 2, "mesh_1km_center_lat": 33.837500000000006, "mesh_1km_center_lon": 132.79375}, "geometry": {"type": "Polygon", "coordinates": [[[132.7875, 33.833333333333336], [132.79999999999998, 33.833333333333336], [132.79999999999998, 33.84166666666667], [132.7875, 33.84166666666667], [132.7875, 33.833333333333336]]]}}, {"type": "Feature", "properties": {"month": "2026-03", "mesh_1km": "50325578", "new_restaurant_permits": 1, "unique_facilities": 1, "mesh_1km_center_lat": 33.8125, "mesh_1km_center_lon": 132.73125}, "geometry": {"type": "Polygon", "coordinates": [[[132.725, 33.80833333333333], [132.73749999999998, 33.80833333333333], [132.73749999999998, 33.81666666666666], [132.725, 33.81666666666666], [132.725, 33.80833333333333]]]}}, {"type": "Feature", "properties": {"month": "2026-03", "mesh_1km": "50325585", "new_restaurant_permits": 1, "unique_facilities": 1, "mesh_1km_center_lat": 33.82083333333334, "mesh_1km_center_lon": 132.69375}, "geometry": {"type": "Polygon", "coordinates": [[[132.6875, 33.81666666666667], [132.7, 33.81666666666667], [132.7, 33.825], [132.6875, 33.825], [132.6875, 33.81666666666667]]]}}, {"type": "Feature", "properties": {"month": "2026-03", "mesh_1km": "50325670", "new_restaurant_permits": 1, "unique_facilities": 1, "mesh_1km_center_lat": 33.8125, "mesh_1km_center_lon": 132.75625}, "geometry": {"type": "Polygon", "coordinates": [[[132.75, 33.80833333333333], [132.7625, 33.80833333333333], [132.7625, 33.81666666666666], [132.75, 33.81666666666666], [132.75, 33.80833333333333]]]}}, {"type": "Feature", "properties": {"month": "2026-03", "mesh_1km": "50325672", "new_restaurant_permits": 1, "unique_facilities": 1, "mesh_1km_center_lat": 33.8125, "mesh_1km_center_lon": 132.78125}, "geometry": {"type": "Polygon", "coordinates": [[[132.775, 33.80833333333333], [132.7875, 33.80833333333333], [132.7875, 33.81666666666666], [132.775, 33.81666666666666], [132.775, 33.80833333333333]]]}}, {"type": "Feature", "properties": {"month": "2026-03", "mesh_1km": "50325681", "new_restaurant_permits": 1, "unique_facilities": 1, "mesh_1km_center_lat": 33.82083333333334, "mesh_1km_center_lon": 132.76874999999998}, "geometry": {"type": "Polygon", "coordinates": [[[132.7625, 33.81666666666667], [132.77499999999998, 33.81666666666667], [132.77499999999998, 33.825], [132.7625, 33.825], [132.7625, 33.81666666666667]]]}}, {"type": "Feature", "properties": {"month": "2026-03", "mesh_1km": "50325682", "new_restaurant_permits": 1, "unique_facilities": 1, "mesh_1km_center_lat": 33.82083333333334, "mesh_1km_center_lon": 132.78125}, "geometry": {"type": "Polygon", "coordinates": [[[132.775, 33.81666666666667], [132.7875, 33.81666666666667], [132.7875, 33.825], [132.775, 33.825], [132.775, 33.81666666666667]]]}}, {"type": "Feature", "properties": {"month": "2026-03", "mesh_1km": "50325691", "new_restaurant_permits": 1, "unique_facilities": 1, "mesh_1km_center_lat": 33.829166666666666, "mesh_1km_center_lon": 132.76874999999998}, "geometry": {"type": "Polygon", "coordinates": [[[132.7625, 33.825], [132.77499999999998, 33.825], [132.77499999999998, 33.833333333333336], [132.7625, 33.833333333333336], [132.7625, 33.825]]]}}, {"type": "Feature", "properties": {"month": "2026-03", "mesh_1km": "50326528", "new_restaurant_permits": 1, "unique_facilities": 1, "mesh_1km_center_lat": 33.85416666666667, "mesh_1km_center_lon": 132.73125}, "geometry": {"type": "Polygon", "coordinates": [[[132.725, 33.85], [132.73749999999998, 33.85], [132.73749999999998, 33.858333333333334], [132.725, 33.858333333333334], [132.725, 33.85]]]}}, {"type": "Feature", "properties": {"month": "2026-03", "mesh_1km": "50326613", "new_restaurant_permits": 1, "unique_facilities": 1, "mesh_1km_center_lat": 33.84583333333333, "mesh_1km_center_lon": 132.79375}, "geometry": {"type": "Polygon", "coordinates": [[[132.7875, 33.84166666666667], [132.79999999999998, 33.84166666666667], [132.79999999999998, 33.85], [132.7875, 33.85], [132.7875, 33.84166666666667]]]}}, {"type": "Feature", "properties": {"month": "2026-03", "mesh_1km": "50326621", "new_restaurant_permits": 1, "unique_facilities": 1, "mesh_1km_center_lat": 33.85416666666667, "mesh_1km_center_lon": 132.76874999999998}, "geometry": {"type": "Polygon", "coordinates": [[[132.7625, 33.85], [132.77499999999998, 33.85], [132.77499999999998, 33.858333333333334], [132.7625, 33.858333333333334], [132.7625, 33.85]]]}}, {"type": "Feature", "properties": {"month": "2026-03", "mesh_1km": "50326630", "new_restaurant_permits": 1, "unique_facilities": 1, "mesh_1km_center_lat": 33.8625, "mesh_1km_center_lon": 132.75625}, "geometry": {"type": "Polygon", "coordinates": [[[132.75, 33.858333333333334], [132.7625, 33.858333333333334], [132.7625, 33.86666666666667], [132.75, 33.86666666666667], [132.75, 33.858333333333334]]]}}, {"type": "Feature", "properties": {"month": "2026-03", "mesh_1km": "50327570", "new_restaurant_permits": 1, "unique_facilities": 1, "mesh_1km_center_lat": 33.97916666666667, "mesh_1km_center_lon": 132.63125}, "geometry": {"type": "Polygon", "coordinates": [[[132.625, 33.975], [132.6375, 33.975], [132.6375, 33.983333333333334], [132.625, 33.983333333333334], [132.625, 33.975]]]}}, {"type": "Feature", "properties": {"month": "2026-03", "mesh_1km": "50327651", "new_restaurant_permits": 1, "unique_facilities": 1, "mesh_1km_center_lat": 33.962500000000006, "mesh_1km_center_lon": 132.76874999999998}, "geometry": {"type": "Polygon", "coordinates": [[[132.7625, 33.958333333333336], [132.77499999999998, 33.958333333333336], [132.77499999999998, 33.96666666666667], [132.7625, 33.96666666666667], [132.7625, 33.958333333333336]]]}}, {"type": "Feature", "properties": {"month": "2026-03", "mesh_1km": "50327661", "new_restaurant_permits": 1, "unique_facilities": 1, "mesh_1km_center_lat": 33.97083333333333, "mesh_1km_center_lon": 132.76874999999998}, "geometry": {"type": "Polygon", "coordinates": [[[132.7625, 33.96666666666667], [132.77499999999998, 33.96666666666667], [132.77499999999998, 33.975], [132.7625, 33.975], [132.7625, 33.96666666666667]]]}}, {"type": "Feature", "properties": {"month": "2026-03", "mesh_1km": "50327662", "new_restaurant_permits": 1, "unique_facilities": 1, "mesh_1km_center_lat": 33.97083333333333, "mesh_1km_center_lon": 132.78125}, "geometry": {"type": "Polygon", "coordinates": [[[132.775, 33.96666666666667], [132.7875, 33.96666666666667], [132.7875, 33.975], [132.775, 33.975], [132.775, 33.96666666666667]]]}}, {"type": "Feature", "properties": {"month": "2026-03", "mesh_1km": "50327671", "new_restaurant_permits": 1, "unique_facilities": 1, "mesh_1km_center_lat": 33.97916666666667, "mesh_1km_center_lon": 132.76874999999998}, "geometry": {"type": "Polygon", "coordinates": [[[132.7625, 33.975], [132.77499999999998, 33.975], [132.77499999999998, 33.983333333333334], [132.7625, 33.983333333333334], [132.7625, 33.975]]]}}, {"type": "Feature", "properties": {"month": "2026-04", "mesh_1km": "50325579", "new_restaurant_permits": 3, "unique_facilities": 3, "mesh_1km_center_lat": 33.8125, "mesh_1km_center_lon": 132.74375}, "geometry": {"type": "Polygon", "coordinates": [[[132.7375, 33.80833333333333], [132.75, 33.80833333333333], [132.75, 33.81666666666666], [132.7375, 33.81666666666666], [132.7375, 33.80833333333333]]]}}, {"type": "Feature", "properties": {"month": "2026-04", "mesh_1km": "50326610", "new_restaurant_permits": 2, "unique_facilities": 2, "mesh_1km_center_lat": 33.84583333333333, "mesh_1km_center_lon": 132.75625}, "geometry": {"type": "Polygon", "coordinates": [[[132.75, 33.84166666666667], [132.7625, 33.84166666666667], [132.7625, 33.85], [132.75, 33.85], [132.75, 33.84166666666667]]]}}, {"type": "Feature", "properties": {"month": "2026-04", "mesh_1km": "50326622", "new_restaurant_permits": 2, "unique_facilities": 2, "mesh_1km_center_lat": 33.85416666666667, "mesh_1km_center_lon": 132.78125}, "geometry": {"type": "Polygon", "coordinates": [[[132.775, 33.85], [132.7875, 33.85], [132.7875, 33.858333333333334], [132.775, 33.858333333333334], [132.775, 33.85]]]}}, {"type": "Feature", "properties": {"month": "2026-04", "mesh_1km": "50325589", "new_restaurant_permits": 1, "unique_facilities": 1, "mesh_1km_center_lat": 33.82083333333334, "mesh_1km_center_lon": 132.74375}, "geometry": {"type": "Polygon", "coordinates": [[[132.7375, 33.81666666666667], [132.75, 33.81666666666667], [132.75, 33.825], [132.7375, 33.825], [132.7375, 33.81666666666667]]]}}, {"type": "Feature", "properties": {"month": "2026-04", "mesh_1km": "50325672", "new_restaurant_permits": 1, "unique_facilities": 1, "mesh_1km_center_lat": 33.8125, "mesh_1km_center_lon": 132.78125}, "geometry": {"type": "Polygon", "coordinates": [[[132.775, 33.80833333333333], [132.7875, 33.80833333333333], [132.7875, 33.81666666666666], [132.775, 33.81666666666666], [132.775, 33.80833333333333]]]}}, {"type": "Feature", "properties": {"month": "2026-04", "mesh_1km": "50325681", "new_restaurant_permits": 1, "unique_facilities": 1, "mesh_1km_center_lat": 33.82083333333334, "mesh_1km_center_lon": 132.76874999999998}, "geometry": {"type": "Polygon", "coordinates": [[[132.7625, 33.81666666666667], [132.77499999999998, 33.81666666666667], [132.77499999999998, 33.825], [132.7625, 33.825], [132.7625, 33.81666666666667]]]}}, {"type": "Feature", "properties": {"month": "2026-04", "mesh_1km": "50326537", "new_restaurant_permits": 1, "unique_facilities": 1, "mesh_1km_center_lat": 33.8625, "mesh_1km_center_lon": 132.71875}, "geometry": {"type": "Polygon", "coordinates": [[[132.7125, 33.858333333333334], [132.725, 33.858333333333334], [132.725, 33.86666666666667], [132.7125, 33.86666666666667], [132.7125, 33.858333333333334]]]}}, {"type": "Feature", "properties": {"month": "2026-04", "mesh_1km": "50326613", "new_restaurant_permits": 1, "unique_facilities": 1, "mesh_1km_center_lat": 33.84583333333333, "mesh_1km_center_lon": 132.79375}, "geometry": {"type": "Polygon", "coordinates": [[[132.7875, 33.84166666666667], [132.79999999999998, 33.84166666666667], [132.79999999999998, 33.85], [132.7875, 33.85], [132.7875, 33.84166666666667]]]}}, {"type": "Feature", "properties": {"month": "2026-04", "mesh_1km": "50326623", "new_restaurant_permits": 1, "unique_facilities": 1, "mesh_1km_center_lat": 33.85416666666667, "mesh_1km_center_lon": 132.79375}, "geometry": {"type": "Polygon", "coordinates": [[[132.7875, 33.85], [132.79999999999998, 33.85], [132.79999999999998, 33.858333333333334], [132.7875, 33.858333333333334], [132.7875, 33.85]]]}}, {"type": "Feature", "properties": {"month": "2026-04", "mesh_1km": "50327631", "new_restaurant_permits": 1, "unique_facilities": 1, "mesh_1km_center_lat": 33.94583333333334, "mesh_1km_center_lon": 132.76874999999998}, "geometry": {"type": "Polygon", "coordinates": [[[132.7625, 33.94166666666667], [132.77499999999998, 33.94166666666667], [132.77499999999998, 33.95], [132.7625, 33.95], [132.7625, 33.94166666666667]]]}}, {"type": "Feature", "properties": {"month": "2026-05", "mesh_1km": "50325671", "new_restaurant_permits": 1, "unique_facilities": 1, "mesh_1km_center_lat": 33.8125, "mesh_1km_center_lon": 132.76874999999998}, "geometry": {"type": "Polygon", "coordinates": [[[132.7625, 33.80833333333333], [132.77499999999998, 33.80833333333333], [132.77499999999998, 33.81666666666666], [132.7625, 33.81666666666666], [132.7625, 33.80833333333333]]]}}, {"type": "Feature", "properties": {"month": "2026-05", "mesh_1km": "50325680", "new_restaurant_permits": 1, "unique_facilities": 1, "mesh_1km_center_lat": 33.82083333333334, "mesh_1km_center_lon": 132.75625}, "geometry": {"type": "Polygon", "coordinates": [[[132.75, 33.81666666666667], [132.7625, 33.81666666666667], [132.7625, 33.825], [132.75, 33.825], [132.75, 33.81666666666667]]]}}, {"type": "Feature", "properties": {"month": "2026-05", "mesh_1km": "50325681", "new_restaurant_permits": 1, "unique_facilities": 1, "mesh_1km_center_lat": 33.82083333333334, "mesh_1km_center_lon": 132.76874999999998}, "geometry": {"type": "Polygon", "coordinates": [[[132.7625, 33.81666666666667], [132.77499999999998, 33.81666666666667], [132.77499999999998, 33.825], [132.7625, 33.825], [132.7625, 33.81666666666667]]]}}, {"type": "Feature", "properties": {"month": "2026-05", "mesh_1km": "50325682", "new_restaurant_permits": 1, "unique_facilities": 1, "mesh_1km_center_lat": 33.82083333333334, "mesh_1km_center_lon": 132.78125}, "geometry": {"type": "Polygon", "coordinates": [[[132.775, 33.81666666666667], [132.7875, 33.81666666666667], [132.7875, 33.825], [132.775, 33.825], [132.775, 33.81666666666667]]]}}, {"type": "Feature", "properties": {"month": "2026-05", "mesh_1km": "50325693", "new_restaurant_permits": 1, "unique_facilities": 1, "mesh_1km_center_lat": 33.829166666666666, "mesh_1km_center_lon": 132.79375}, "geometry": {"type": "Polygon", "coordinates": [[[132.7875, 33.825], [132.79999999999998, 33.825], [132.79999999999998, 33.833333333333336], [132.7875, 33.833333333333336], [132.7875, 33.825]]]}}, {"type": "Feature", "properties": {"month": "2026-05", "mesh_1km": "50326588", "new_restaurant_permits": 1, "unique_facilities": 1, "mesh_1km_center_lat": 33.90416666666667, "mesh_1km_center_lon": 132.73125}, "geometry": {"type": "Polygon", "coordinates": [[[132.725, 33.900000000000006], [132.73749999999998, 33.900000000000006], [132.73749999999998, 33.90833333333334], [132.725, 33.90833333333334], [132.725, 33.900000000000006]]]}}, {"type": "Feature", "properties": {"month": "2026-05", "mesh_1km": "50326622", "new_restaurant_permits": 1, "unique_facilities": 1, "mesh_1km_center_lat": 33.85416666666667, "mesh_1km_center_lon": 132.78125}, "geometry": {"type": "Polygon", "coordinates": [[[132.775, 33.85], [132.7875, 33.85], [132.7875, 33.858333333333334], [132.775, 33.858333333333334], [132.775, 33.85]]]}}, {"type": "Feature", "properties": {"month": "2026-06", "mesh_1km": "50325692", "new_restaurant_permits": 2, "unique_facilities": 2, "mesh_1km_center_lat": 33.829166666666666, "mesh_1km_center_lon": 132.78125}, "geometry": {"type": "Polygon", "coordinates": [[[132.775, 33.825], [132.7875, 33.825], [132.7875, 33.833333333333336], [132.775, 33.833333333333336], [132.775, 33.825]]]}}, {"type": "Feature", "properties": {"month": "2026-06", "mesh_1km": "50325579", "new_restaurant_permits": 1, "unique_facilities": 1, "mesh_1km_center_lat": 33.8125, "mesh_1km_center_lon": 132.74375}, "geometry": {"type": "Polygon", "coordinates": [[[132.7375, 33.80833333333333], [132.75, 33.80833333333333], [132.75, 33.81666666666666], [132.7375, 33.81666666666666], [132.7375, 33.80833333333333]]]}}, {"type": "Feature", "properties": {"month": "2026-06", "mesh_1km": "50325596", "new_restaurant_permits": 1, "unique_facilities": 1, "mesh_1km_center_lat": 33.829166666666666, "mesh_1km_center_lon": 132.70624999999998}, "geometry": {"type": "Polygon", "coordinates": [[[132.7, 33.825], [132.71249999999998, 33.825], [132.71249999999998, 33.833333333333336], [132.7, 33.833333333333336], [132.7, 33.825]]]}}, {"type": "Feature", "properties": {"month": "2026-06", "mesh_1km": "50325598", "new_restaurant_permits": 1, "unique_facilities": 1, "mesh_1km_center_lat": 33.829166666666666, "mesh_1km_center_lon": 132.73125}, "geometry": {"type": "Polygon", "coordinates": [[[132.725, 33.825], [132.73749999999998, 33.825], [132.73749999999998, 33.833333333333336], [132.725, 33.833333333333336], [132.725, 33.825]]]}}, {"type": "Feature", "properties": {"month": "2026-06", "mesh_1km": "50325599", "new_restaurant_permits": 1, "unique_facilities": 1, "mesh_1km_center_lat": 33.829166666666666, "mesh_1km_center_lon": 132.74375}, "geometry": {"type": "Polygon", "coordinates": [[[132.7375, 33.825], [132.75, 33.825], [132.75, 33.833333333333336], [132.7375, 33.833333333333336], [132.7375, 33.825]]]}}, {"type": "Feature", "properties": {"month": "2026-06", "mesh_1km": "50325674", "new_restaurant_permits": 1, "unique_facilities": 1, "mesh_1km_center_lat": 33.8125, "mesh_1km_center_lon": 132.80625}, "geometry": {"type": "Polygon", "coordinates": [[[132.8, 33.80833333333333], [132.8125, 33.80833333333333], [132.8125, 33.81666666666666], [132.8, 33.81666666666666], [132.8, 33.80833333333333]]]}}, {"type": "Feature", "properties": {"month": "2026-06", "mesh_1km": "50325681", "new_restaurant_permits": 1, "unique_facilities": 1, "mesh_1km_center_lat": 33.82083333333334, "mesh_1km_center_lon": 132.76874999999998}, "geometry": {"type": "Polygon", "coordinates": [[[132.7625, 33.81666666666667], [132.77499999999998, 33.81666666666667], [132.77499999999998, 33.825], [132.7625, 33.825], [132.7625, 33.81666666666667]]]}}, {"type": "Feature", "properties": {"month": "2026-06", "mesh_1km": "50325690", "new_restaurant_permits": 1, "unique_facilities": 1, "mesh_1km_center_lat": 33.829166666666666, "mesh_1km_center_lon": 132.75625}, "geometry": {"type": "Polygon", "coordinates": [[[132.75, 33.825], [132.7625, 33.825], [132.7625, 33.833333333333336], [132.75, 33.833333333333336], [132.75, 33.825]]]}}, {"type": "Feature", "properties": {"month": "2026-06", "mesh_1km": "50326602", "new_restaurant_permits": 1, "unique_facilities": 1, "mesh_1km_center_lat": 33.837500000000006, "mesh_1km_center_lon": 132.78125}, "geometry": {"type": "Polygon", "coordinates": [[[132.775, 33.833333333333336], [132.7875, 33.833333333333336], [132.7875, 33.84166666666667], [132.775, 33.84166666666667], [132.775, 33.833333333333336]]]}}, {"type": "Feature", "properties": {"month": "2026-06", "mesh_1km": "50326623", "new_restaurant_permits": 1, "unique_facilities": 1, "mesh_1km_center_lat": 33.85416666666667, "mesh_1km_center_lon": 132.79375}, "geometry": {"type": "Polygon", "coordinates": [[[132.7875, 33.85], [132.79999999999998, 33.85], [132.79999999999998, 33.858333333333334], [132.7875, 33.858333333333334], [132.7875, 33.85]]]}}, {"type": "Feature", "properties": {"month": "2026-06", "mesh_1km": "50327661", "new_restaurant_permits": 1, "unique_facilities": 1, "mesh_1km_center_lat": 33.97083333333333, "mesh_1km_center_lon": 132.76874999999998}, "geometry": {"type": "Polygon", "coordinates": [[[132.7625, 33.96666666666667], [132.77499999999998, 33.96666666666667], [132.77499999999998, 33.975], [132.7625, 33.975], [132.7625, 33.96666666666667]]]}}, {"type": "Feature", "properties": {"month": "2026-07", "mesh_1km": "50325597", "new_restaurant_permits": 3, "unique_facilities": 2, "mesh_1km_center_lat": 33.829166666666666, "mesh_1km_center_lon": 132.71875}, "geometry": {"type": "Polygon", "coordinates": [[[132.7125, 33.825], [132.725, 33.825], [132.725, 33.833333333333336], [132.7125, 33.833333333333336], [132.7125, 33.825]]]}}, {"type": "Feature", "properties": {"month": "2026-07", "mesh_1km": "50326622", "new_restaurant_permits": 3, "unique_facilities": 3, "mesh_1km_center_lat": 33.85416666666667, "mesh_1km_center_lon": 132.78125}, "geometry": {"type": "Polygon", "coordinates": [[[132.775, 33.85], [132.7875, 33.85], [132.7875, 33.858333333333334], [132.775, 33.858333333333334], [132.775, 33.85]]]}}, {"type": "Feature", "properties": {"month": "2026-07", "mesh_1km": "50325670", "new_restaurant_permits": 2, "unique_facilities": 1, "mesh_1km_center_lat": 33.8125, "mesh_1km_center_lon": 132.75625}, "geometry": {"type": "Polygon", "coordinates": [[[132.75, 33.80833333333333], [132.7625, 33.80833333333333], [132.7625, 33.81666666666666], [132.75, 33.81666666666666], [132.75, 33.80833333333333]]]}}, {"type": "Feature", "properties": {"month": "2026-07", "mesh_1km": "50326602", "new_restaurant_permits": 2, "unique_facilities": 2, "mesh_1km_center_lat": 33.837500000000006, "mesh_1km_center_lon": 132.78125}, "geometry": {"type": "Polygon", "coordinates": [[[132.775, 33.833333333333336], [132.7875, 33.833333333333336], [132.7875, 33.84166666666667], [132.775, 33.84166666666667], [132.775, 33.833333333333336]]]}}, {"type": "Feature", "properties": {"month": "2026-07", "mesh_1km": "50325579", "new_restaurant_permits": 1, "unique_facilities": 1, "mesh_1km_center_lat": 33.8125, "mesh_1km_center_lon": 132.74375}, "geometry": {"type": "Polygon", "coordinates": [[[132.7375, 33.80833333333333], [132.75, 33.80833333333333], [132.75, 33.81666666666666], [132.7375, 33.81666666666666], [132.7375, 33.80833333333333]]]}}, {"type": "Feature", "properties": {"month": "2026-07", "mesh_1km": "50325599", "new_restaurant_permits": 1, "unique_facilities": 1, "mesh_1km_center_lat": 33.829166666666666, "mesh_1km_center_lon": 132.74375}, "geometry": {"type": "Polygon", "coordinates": [[[132.7375, 33.825], [132.75, 33.825], [132.75, 33.833333333333336], [132.7375, 33.833333333333336], [132.7375, 33.825]]]}}, {"type": "Feature", "properties": {"month": "2026-07", "mesh_1km": "50325671", "new_restaurant_permits": 1, "unique_facilities": 1, "mesh_1km_center_lat": 33.8125, "mesh_1km_center_lon": 132.76874999999998}, "geometry": {"type": "Polygon", "coordinates": [[[132.7625, 33.80833333333333], [132.77499999999998, 33.80833333333333], [132.77499999999998, 33.81666666666666], [132.7625, 33.81666666666666], [132.7625, 33.80833333333333]]]}}, {"type": "Feature", "properties": {"month": "2026-07", "mesh_1km": "50325672", "new_restaurant_permits": 1, "unique_facilities": 1, "mesh_1km_center_lat": 33.8125, "mesh_1km_center_lon": 132.78125}, "geometry": {"type": "Polygon", "coordinates": [[[132.775, 33.80833333333333], [132.7875, 33.80833333333333], [132.7875, 33.81666666666666], [132.775, 33.81666666666666], [132.775, 33.80833333333333]]]}}, {"type": "Feature", "properties": {"month": "2026-07", "mesh_1km": "50325681", "new_restaurant_permits": 1, "unique_facilities": 1, "mesh_1km_center_lat": 33.82083333333334, "mesh_1km_center_lon": 132.76874999999998}, "geometry": {"type": "Polygon", "coordinates": [[[132.7625, 33.81666666666667], [132.77499999999998, 33.81666666666667], [132.77499999999998, 33.825], [132.7625, 33.825], [132.7625, 33.81666666666667]]]}}, {"type": "Feature", "properties": {"month": "2026-07", "mesh_1km": "50325693", "new_restaurant_permits": 1, "unique_facilities": 1, "mesh_1km_center_lat": 33.829166666666666, "mesh_1km_center_lon": 132.79375}, "geometry": {"type": "Polygon", "coordinates": [[[132.7875, 33.825], [132.79999999999998, 33.825], [132.79999999999998, 33.833333333333336], [132.7875, 33.833333333333336], [132.7875, 33.825]]]}}, {"type": "Feature", "properties": {"month": "2026-07", "mesh_1km": "50326537", "new_restaurant_permits": 1, "unique_facilities": 1, "mesh_1km_center_lat": 33.8625, "mesh_1km_center_lon": 132.71875}, "geometry": {"type": "Polygon", "coordinates": [[[132.7125, 33.858333333333334], [132.725, 33.858333333333334], [132.725, 33.86666666666667], [132.7125, 33.86666666666667], [132.7125, 33.858333333333334]]]}}, {"type": "Feature", "properties": {"month": "2026-07", "mesh_1km": "50326569", "new_restaurant_permits": 1, "unique_facilities": 1, "mesh_1km_center_lat": 33.8875, "mesh_1km_center_lon": 132.74375}, "geometry": {"type": "Polygon", "coordinates": [[[132.7375, 33.88333333333333], [132.75, 33.88333333333333], [132.75, 33.891666666666666], [132.7375, 33.891666666666666], [132.7375, 33.88333333333333]]]}}, {"type": "Feature", "properties": {"month": "2026-07", "mesh_1km": "50326603", "new_restaurant_permits": 1, "unique_facilities": 1, "mesh_1km_center_lat": 33.837500000000006, "mesh_1km_center_lon": 132.79375}, "geometry": {"type": "Polygon", "coordinates": [[[132.7875, 33.833333333333336], [132.79999999999998, 33.833333333333336], [132.79999999999998, 33.84166666666667], [132.7875, 33.84166666666667], [132.7875, 33.833333333333336]]]}}, {"type": "Feature", "properties": {"month": "2026-07", "mesh_1km": "50326613", "new_restaurant_permits": 1, "unique_facilities": 1, "mesh_1km_center_lat": 33.84583333333333, "mesh_1km_center_lon": 132.79375}, "geometry": {"type": "Polygon", "coordinates": [[[132.7875, 33.84166666666667], [132.79999999999998, 33.84166666666667], [132.79999999999998, 33.85], [132.7875, 33.85], [132.7875, 33.84166666666667]]]}}, {"type": "Feature", "properties": {"month": "2026-07", "mesh_1km": "50326640", "new_restaurant_permits": 1, "unique_facilities": 1, "mesh_1km_center_lat": 33.87083333333334, "mesh_1km_center_lon": 132.75625}, "geometry": {"type": "Polygon", "coordinates": [[[132.75, 33.86666666666667], [132.7625, 33.86666666666667], [132.7625, 33.875], [132.75, 33.875], [132.75, 33.86666666666667]]]}}, {"type": "Feature", "properties": {"month": "2026-07", "mesh_1km": "50327621", "new_restaurant_permits": 1, "unique_facilities": 1, "mesh_1km_center_lat": 33.9375, "mesh_1km_center_lon": 132.76874999999998}, "geometry": {"type": "Polygon", "coordinates": [[[132.7625, 33.93333333333334], [132.77499999999998, 33.93333333333334], [132.77499999999998, 33.94166666666667], [132.7625, 33.94166666666667], [132.7625, 33.93333333333334]]]}}]}