window_end_month,window_start_month,mesh_500m,new_restaurant_permits_12m,active_mesh_rank,active_mesh_percentile,active_mesh_zscore,hotspot_class,mesh_500m_south,mesh_500m_west,mesh_500m_north,mesh_500m_east,mesh_500m_center_lat,mesh_500m_center_lon
2025-08,2024-09,503266222,37,1,100.0,9.8721,top_5pct_active,33.85,132.78125,33.85416666666667,132.7875,33.85208333333334,132.784375
2025-08,2024-09,503265373,9,2,99.24,1.8246,top_5pct_active,33.862500000000004,132.7125,33.866666666666674,132.71875,33.86458333333334,132.715625
2025-08,2024-09,503256814,8,3,98.48,1.5372,top_5pct_active,33.82083333333334,132.76874999999998,33.82500000000001,132.77499999999998,33.82291666666667,132.77187499999997
2025-08,2024-09,503256923,8,4,97.73,1.5372,top_5pct_active,33.82916666666667,132.775,33.83333333333334,132.78125,33.83125000000001,132.778125
2025-08,2024-09,503255992,7,5,96.97,1.2498,top_5pct_active,33.825,132.74375,33.82916666666667,132.75,33.827083333333334,132.746875
2025-08,2024-09,503256823,7,6,96.21,1.2498,top_5pct_active,33.82083333333334,132.775,33.82500000000001,132.78125,33.82291666666667,132.778125
2025-08,2024-09,503255971,6,7,95.45,0.9624,top_5pct_active,33.825,132.7125,33.82916666666667,132.71875,33.827083333333334,132.715625
2025-08,2024-09,503256711,6,8,94.7,0.9624,top_20pct_active,33.80833333333333,132.7625,33.8125,132.76874999999998,33.81041666666667,132.765625
2025-08,2024-09,503256712,6,9,93.94,0.9624,top_20pct_active,33.80833333333333,132.76874999999998,33.8125,132.77499999999998,33.81041666666667,132.77187499999997
2025-08,2024-09,503256721,6,10,93.18,0.9624,top_20pct_active,33.80833333333333,132.775,33.8125,132.78125,33.81041666666667,132.778125
2025-08,2024-09,503266101,6,11,92.42,0.9624,top_20pct_active,33.84166666666667,132.75,33.84583333333334,132.75625,33.84375,132.753125
2025-08,2024-09,503256732,5,12,91.67,0.675,top_20pct_active,33.80833333333333,132.79375,33.8125,132.79999999999998,33.81041666666667,132.796875
2025-08,2024-09,503265381,5,13,90.91,0.675,top_20pct_active,33.858333333333334,132.725,33.862500000000004,132.73125,33.860416666666666,132.72812499999998
2025-08,2024-09,503266022,5,14,90.15,0.675,top_20pct_active,33.833333333333336,132.78125,33.837500000000006,132.7875,33.835416666666674,132.784375
2025-08,2024-09,503266024,5,15,89.39,0.675,top_20pct_active,33.837500000000006,132.78125,33.841666666666676,132.7875,33.83958333333334,132.784375
2025-08,2024-09,503266203,5,16,88.64,0.675,top_20pct_active,33.85416666666667,132.75,33.85833333333334,132.75625,33.85625,132.753125
2025-08,2024-09,503255782,4,17,87.88,0.3876,top_20pct_active,33.80833333333333,132.73125,33.8125,132.73749999999998,33.81041666666667,132.734375
2025-08,2024-09,503256702,4,18,87.12,0.3876,top_20pct_active,33.80833333333333,132.75625,33.8125,132.7625,33.81041666666667,132.75937499999998
2025-08,2024-09,503256704,4,19,86.36,0.3876,top_20pct_active,33.8125,132.75625,33.81666666666667,132.7625,33.81458333333333,132.75937499999998
2025-08,2024-09,503256803,4,20,85.61,0.3876,top_20pct_active,33.82083333333334,132.75,33.82500000000001,132.75625,33.82291666666667,132.753125
2025-08,2024-09,503256902,4,21,84.85,0.3876,top_20pct_active,33.825,132.75625,33.82916666666667,132.7625,33.827083333333334,132.75937499999998
2025-08,2024-09,503256904,4,22,84.09,0.3876,top_20pct_active,33.82916666666667,132.75625,33.83333333333334,132.7625,33.83125000000001,132.75937499999998
2025-08,2024-09,503256924,4,23,83.33,0.3876,top_20pct_active,33.82916666666667,132.78125,33.83333333333334,132.7875,33.83125000000001,132.784375
2025-08,2024-09,503265273,4,24,82.58,0.3876,top_20pct_active,33.85416666666667,132.7125,33.85833333333334,132.71875,33.85625,132.715625
2025-08,2024-09,503265283,4,25,81.82,0.3876,top_20pct_active,33.85416666666667,132.725,33.85833333333334,132.73125,33.85625,132.72812499999998
2025-08,2024-09,503265292,4,26,81.06,0.3876,top_20pct_active,33.85,132.74375,33.85416666666667,132.75,33.85208333333334,132.746875
2025-08,2024-09,503265372,4,27,80.3,0.3876,top_20pct_active,33.858333333333334,132.71875,33.862500000000004,132.725,33.860416666666666,132.721875
2025-08,2024-09,503266231,4,28,79.55,0.3876,other_active,33.85,132.7875,33.85416666666667,132.79375,33.85208333333334,132.79062499999998
2025-08,2024-09,503266303,4,29,78.79,0.3876,other_active,33.862500000000004,132.75,33.866666666666674,132.75625,33.86458333333334,132.753125
2025-08,2024-09,503266401,4,30,78.03,0.3876,other_active,33.86666666666667,132.75,33.87083333333334,132.75625,33.868750000000006,132.753125
2025-08,2024-09,503276521,4,31,77.27,0.3876,other_active,33.958333333333336,132.775,33.962500000000006,132.78125,33.960416666666674,132.778125
2025-08,2024-09,503255683,3,32,76.52,0.1002,other_active,33.80416666666667,132.725,33.80833333333334,132.73125,33.806250000000006,132.72812499999998
2025-08,2024-09,503255982,3,33,75.76,0.1002,other_active,33.825,132.73125,33.82916666666667,132.73749999999998,33.827083333333334,132.734375
2025-08,2024-09,503256634,3,34,75.0,0.1002,other_active,33.80416666666667,132.79375,33.80833333333334,132.79999999999998,33.806250000000006,132.796875
2025-08,2024-09,503256802,3,35,74.24,0.1002,other_active,33.81666666666667,132.75625,33.82083333333334,132.7625,33.81875000000001,132.75937499999998
2025-08,2024-09,503256911,3,36,73.48,0.1002,other_active,33.825,132.7625,33.82916666666667,132.76874999999998,33.827083333333334,132.765625
2025-08,2024-09,503256914,3,37,72.73,0.1002,other_active,33.82916666666667,132.76874999999998,33.83333333333334,132.77499999999998,33.83125000000001,132.77187499999997
2025-08,2024-09,503256931,3,38,71.97,0.1002,other_active,33.825,132.7875,33.82916666666667,132.79375,33.827083333333334,132.79062499999998
2025-08,2024-09,503265094,3,39,71.21,0.1002,other_active,33.837500000000006,132.74375,33.841666666666676,132.75,33.83958333333334,132.746875
2025-08,2024-09,503265383,3,40,70.45,0.1002,other_active,33.862500000000004,132.725,33.866666666666674,132.73125,33.86458333333334,132.72812499999998
2025-08,2024-09,503266134,3,41,69.7,0.1002,other_active,33.84583333333334,132.79375,33.85000000000001,132.79999999999998,33.84791666666668,132.796875
2025-08,2024-09,503266212,3,42,68.94,0.1002,other_active,33.85,132.76874999999998,33.85416666666667,132.77499999999998,33.85208333333334,132.77187499999997
2025-08,2024-09,503266221,3,43,68.18,0.1002,other_active,33.85,132.775,33.85416666666667,132.78125,33.85208333333334,132.778125
2025-08,2024-09,503266223,3,44,67.42,0.1002,other_active,33.85416666666667,132.775,33.85833333333334,132.78125,33.85625,132.778125
2025-08,2024-09,503266301,3,45,66.67,0.1002,other_active,33.858333333333334,132.75,33.862500000000004,132.75625,33.860416666666666,132.753125
2025-08,2024-09,503276314,3,46,65.91,0.1002,other_active,33.94583333333334,132.76874999999998,33.95000000000001,132.77499999999998,33.94791666666667,132.77187499999997
2025-08,2024-09,503255892,2,47,65.15,-0.1873,other_active,33.81666666666667,132.74375,33.82083333333334,132.75,33.81875000000001,132.746875
2025-08,2024-09,503255893,2,48,64.39,-0.1873,other_active,33.82083333333334,132.7375,33.82500000000001,132.74375,33.82291666666667,132.74062500000002
2025-08,2024-09,503255972,2,49,63.64,-0.1873,other_active,33.825,132.71875,33.82916666666667,132.725,33.827083333333334,132.721875
2025-08,2024-09,503255983,2,50,62.88,-0.1873,other_active,33.82916666666667,132.725,33.83333333333334,132.73125,33.83125000000001,132.72812499999998
2025-08,2024-09,503255994,2,51,62.12,-0.1873,other_active,33.82916666666667,132.74375,33.83333333333334,132.75,33.83125000000001,132.746875
2025-08,2024-09,503256714,2,52,61.36,-0.1873,other_active,33.8125,132.76874999999998,33.81666666666667,132.77499999999998,33.81458333333333,132.77187499999997
2025-08,2024-09,503256723,2,53,60.61,-0.1873,other_active,33.8125,132.775,33.81666666666667,132.78125,33.81458333333333,132.778125
2025-08,2024-09,503256731,2,54,59.85,-0.1873,other_active,33.80833333333333,132.7875,33.8125,132.79375,33.81041666666667,132.79062499999998
2025-08,2024-09,503256741,2,55,59.09,-0.1873,other_active,33.80833333333333,132.8,33.8125,132.80625,33.81041666666667,132.80312500000002
2025-08,2024-09,503256804,2,56,58.33,-0.1873,other_active,33.82083333333334,132.75625,33.82500000000001,132.7625,33.82291666666667,132.75937499999998
2025-08,2024-09,503256811,2,57,57.58,-0.1873,other_active,33.81666666666667,132.7625,33.82083333333334,132.76874999999998,33.81875000000001,132.765625
2025-08,2024-09,503256821,2,58,56.82,-0.1873,other_active,33.81666666666667,132.775,33.82083333333334,132.78125,33.81875000000001,132.778125
2025-08,2024-09,503256903,2,59,56.06,-0.1873,other_active,33.82916666666667,132.75,33.83333333333334,132.75625,33.83125000000001,132.753125
2025-08,2024-09,503256912,2,60,55.3,-0.1873,other_active,33.825,132.76874999999998,33.82916666666667,132.77499999999998,33.827083333333334,132.77187499999997
2025-08,2024-09,503256913,2,61,54.55,-0.1873,other_active,33.82916666666667,132.7625,33.83333333333334,132.76874999999998,33.83125000000001,132.765625
2025-08,2024-09,503256933,2,62,53.79,-0.1873,other_active,33.82916666666667,132.7875,33.83333333333334,132.79375,33.83125000000001,132.79062499999998
2025-08,2024-09,503265092,2,63,53.03,-0.1873,other_active,33.833333333333336,132.74375,33.837500000000006,132.75,33.835416666666674,132.746875
2025-08,2024-09,503265194,2,64,52.27,-0.1873,other_active,33.84583333333334,132.74375,33.85000000000001,132.75,33.84791666666668,132.746875
2025-08,2024-09,503265274,2,65,51.52,-0.1873,other_active,33.85416666666667,132.71875,33.85833333333334,132.725,33.85625,132.721875
2025-08,2024-09,503265371,2,66,50.76,-0.1873,other_active,33.858333333333334,132.7125,33.862500000000004,132.71875,33.860416666666666,132.715625
2025-08,2024-09,503265374,2,67,50.0,-0.1873,other_active,33.862500000000004,132.71875,33.866666666666674,132.725,33.86458333333334,132.721875
2025-08,2024-09,503265791,2,68,49.24,-0.1873,other_active,33.891666666666666,132.7375,33.895833333333336,132.74375,33.89375,132.74062500000002
2025-08,2024-09,503266021,2,69,48.48,-0.1873,other_active,33.833333333333336,132.775,33.837500000000006,132.78125,33.835416666666674,132.778125
2025-08,2024-09,503266031,2,70,47.73,-0.1873,other_active,33.833333333333336,132.7875,33.837500000000006,132.79375,33.835416666666674,132.79062499999998
2025-08,2024-09,503266124,2,71,46.97,-0.1873,other_active,33.84583333333334,132.78125,33.85000000000001,132.7875,33.84791666666668,132.784375
2025-08,2024-09,503266224,2,72,46.21,-0.1873,other_active,33.85416666666667,132.78125,33.85833333333334,132.7875,33.85625,132.784375
2025-08,2024-09,503266302,2,73,45.45,-0.1873,other_active,33.858333333333334,132.75625,33.862500000000004,132.7625,33.860416666666666,132.75937499999998
2025-08,2024-09,503276412,2,74,44.7,-0.1873,other_active,33.95,132.76874999999998,33.95416666666667,132.77499999999998,33.952083333333334,132.77187499999997
2025-08,2024-09,503255793,1,75,43.94,-0.4747,other_active,33.8125,132.7375,33.81666666666667,132.74375,33.81458333333333,132.74062500000002
2025-08,2024-09,503255794,1,76,43.18,-0.4747,other_active,33.8125,132.74375,33.81666666666667,132.75,33.81458333333333,132.746875
2025-08,2024-09,503255854,1,77,42.42,-0.4747,other_active,33.82083333333334,132.69375,33.82500000000001,132.7,33.82291666666667,132.69687499999998
2025-08,2024-09,503255873,1,78,41.67,-0.4747,other_active,33.82083333333334,132.7125,33.82500000000001,132.71875,33.82291666666667,132.715625
2025-08,2024-09,503255894,1,79,40.91,-0.4747,other_active,33.82083333333334,132.74375,33.82500000000001,132.75,33.82291666666667,132.746875
2025-08,2024-09,503255964,1,80,40.15,-0.4747,other_active,33.82916666666667,132.70624999999998,33.83333333333334,132.71249999999998,33.83125000000001,132.70937499999997
2025-08,2024-09,503255974,1,81,39.39,-0.4747,other_active,33.82916666666667,132.71875,33.83333333333334,132.725,33.83125000000001,132.721875
2025-08,2024-09,503255981,1,82,38.64,-0.4747,other_active,33.825,132.725,33.82916666666667,132.73125,33.827083333333334,132.72812499999998
2025-08,2024-09,503255991,1,83,37.88,-0.4747,other_active,33.825,132.7375,33.82916666666667,132.74375,33.827083333333334,132.74062500000002
2025-08,2024-09,503256514,1,84,37.12,-0.4747,other_active,33.795833333333334,132.76874999999998,33.800000000000004,132.77499999999998,33.797916666666666,132.77187499999997
2025-08,2024-09,503256524,1,85,36.36,-0.4747,other_active,33.795833333333334,132.78125,33.800000000000004,132.7875,33.797916666666666,132.784375
2025-08,2024-09,503256613,1,86,35.61,-0.4747,other_active,33.80416666666667,132.7625,33.80833333333334,132.76874999999998,33.806250000000006,132.765625
2025-08,2024-09,503256622,1,87,34.85,-0.4747,other_active,33.8,132.78125,33.80416666666667,132.7875,33.80208333333333,132.784375
2025-08,2024-09,503256624,1,88,34.09,-0.4747,other_active,33.80416666666667,132.78125,33.80833333333334,132.7875,33.806250000000006,132.784375
2025-08,2024-09,503256631,1,89,33.33,-0.4747,other_active,33.8,132.7875,33.80416666666667,132.79375,33.80208333333333,132.79062499999998
2025-08,2024-09,503256703,1,90,32.58,-0.4747,other_active,33.8125,132.75,33.81666666666667,132.75625,33.81458333333333,132.753125
2025-08,2024-09,503256713,1,91,31.82,-0.4747,other_active,33.8125,132.7625,33.81666666666667,132.76874999999998,33.81458333333333,132.765625
2025-08,2024-09,503256722,1,92,31.06,-0.4747,other_active,33.80833333333333,132.78125,33.8125,132.7875,33.81041666666667,132.784375
2025-08,2024-09,503256724,1,93,30.3,-0.4747,other_active,33.8125,132.78125,33.81666666666667,132.7875,33.81458333333333,132.784375
2025-08,2024-09,503256751,1,94,29.55,-0.4747,other_active,33.80833333333333,132.8125,33.8125,132.81875,33.81041666666667,132.815625
2025-08,2024-09,503256752,1,95,28.79,-0.4747,other_active,33.80833333333333,132.81875,33.8125,132.825,33.81041666666667,132.82187499999998
2025-08,2024-09,503256801,1,96,28.03,-0.4747,other_active,33.81666666666667,132.75,33.82083333333334,132.75625,33.81875000000001,132.753125
2025-08,2024-09,503256812,1,97,27.27,-0.4747,other_active,33.81666666666667,132.76874999999998,33.82083333333334,132.77499999999998,33.81875000000001,132.77187499999997
2025-08,2024-09,503256813,1,98,26.52,-0.4747,other_active,33.82083333333334,132.7625,33.82500000000001,132.76874999999998,33.82291666666667,132.765625
2025-08,2024-09,503256822,1,99,25.76,-0.4747,other_active,33.81666666666667,132.78125,33.82083333333334,132.7875,33.81875000000001,132.784375
2025-08,2024-09,503256934,1,100,25.0,-0.4747,other_active,33.82916666666667,132.79375,33.83333333333334,132.79999999999998,33.83125000000001,132.796875
2025-08,2024-09,503256941,1,101,24.24,-0.4747,other_active,33.825,132.8,33.82916666666667,132.80625,33.827083333333334,132.80312500000002
2025-08,2024-09,503265091,1,102,23.48,-0.4747,other_active,33.833333333333336,132.7375,33.837500000000006,132.74375,33.835416666666674,132.74062500000002
2025-08,2024-09,503265093,1,103,22.73,-0.4747,other_active,33.837500000000006,132.7375,33.841666666666676,132.74375,33.83958333333334,132.74062500000002
2025-08,2024-09,503265294,1,104,21.97,-0.4747,other_active,33.85416666666667,132.74375,33.85833333333334,132.75,33.85625,132.746875
2025-08,2024-09,503265362,1,105,21.21,-0.4747,other_active,33.858333333333334,132.70624999999998,33.862500000000004,132.71249999999998,33.860416666666666,132.70937499999997
2025-08,2024-09,503265364,1,106,20.45,-0.4747,other_active,33.862500000000004,132.70624999999998,33.866666666666674,132.71249999999998,33.86458333333334,132.70937499999997
2025-08,2024-09,503265471,1,107,19.7,-0.4747,other_active,33.86666666666667,132.7125,33.87083333333334,132.71875,33.868750000000006,132.715625
2025-08,2024-09,503265472,1,108,18.94,-0.4747,other_active,33.86666666666667,132.71875,33.87083333333334,132.725,33.868750000000006,132.721875
2025-08,2024-09,503265474,1,109,18.18,-0.4747,other_active,33.87083333333334,132.71875,33.87500000000001,132.725,33.87291666666667,132.721875
2025-08,2024-09,503265481,1,110,17.42,-0.4747,other_active,33.86666666666667,132.725,33.87083333333334,132.73125,33.868750000000006,132.72812499999998
2025-08,2024-09,503265492,1,111,16.67,-0.4747,other_active,33.86666666666667,132.74375,33.87083333333334,132.75,33.868750000000006,132.746875
2025-08,2024-09,503265661,1,112,15.91,-0.4747,other_active,33.88333333333333,132.7,33.8875,132.70624999999998,33.88541666666667,132.703125
2025-08,2024-09,503265783,1,113,15.15,-0.4747,other_active,33.895833333333336,132.725,33.900000000000006,132.73125,33.897916666666674,132.72812499999998
2025-08,2024-09,503265792,1,114,14.39,-0.4747,other_active,33.891666666666666,132.74375,33.895833333333336,132.75,33.89375,132.746875
2025-08,2024-09,503265882,1,115,13.64,-0.4747,other_active,33.900000000000006,132.73125,33.904166666666676,132.73749999999998,33.90208333333334,132.734375
2025-08,2024-09,503266001,1,116,12.88,-0.4747,other_active,33.833333333333336,132.75,33.837500000000006,132.75625,33.835416666666674,132.753125
2025-08,2024-09,503266033,1,117,12.12,-0.4747,other_active,33.837500000000006,132.7875,33.841666666666676,132.79375,33.83958333333334,132.79062499999998
2025-08,2024-09,503266122,1,118,11.36,-0.4747,other_active,33.84166666666667,132.78125,33.84583333333334,132.7875,33.84375,132.784375
2025-08,2024-09,503266123,1,119,10.61,-0.4747,other_active,33.84583333333334,132.775,33.85000000000001,132.78125,33.84791666666668,132.778125
2025-08,2024-09,503266133,1,120,9.85,-0.4747,other_active,33.84583333333334,132.7875,33.85000000000001,132.79375,33.84791666666668,132.79062499999998
2025-08,2024-09,503266143,1,121,9.09,-0.4747,other_active,33.84583333333334,132.8,33.85000000000001,132.80625,33.84791666666668,132.80312500000002
2025-08,2024-09,503266201,1,122,8.33,-0.4747,other_active,33.85,132.75,33.85416666666667,132.75625,33.85208333333334,132.753125
2025-08,2024-09,503266304,1,123,7.58,-0.4747,other_active,33.862500000000004,132.75625,33.866666666666674,132.7625,33.86458333333334,132.75937499999998
2025-08,2024-09,503266402,1,124,6.82,-0.4747,other_active,33.86666666666667,132.75625,33.87083333333334,132.7625,33.868750000000006,132.75937499999998
2025-08,2024-09,503266403,1,125,6.06,-0.4747,other_active,33.87083333333334,132.75,33.87500000000001,132.75625,33.87291666666667,132.753125
2025-08,2024-09,503274482,1,126,5.3,-0.4747,other_active,33.95,132.60625,33.95416666666667,132.61249999999998,33.952083333333334,132.609375
2025-08,2024-09,503275501,1,127,4.55,-0.4747,other_active,33.958333333333336,132.625,33.962500000000006,132.63125,33.960416666666674,132.628125
2025-08,2024-09,503275701,1,128,3.79,-0.4747,other_active,33.975,132.625,33.97916666666667,132.63125,33.97708333333334,132.628125
2025-08,2024-09,503276421,1,129,3.03,-0.4747,other_active,33.95,132.775,33.95416666666667,132.78125,33.952083333333334,132.778125
2025-08,2024-09,503276512,1,130,2.27,-0.4747,other_active,33.958333333333336,132.76874999999998,33.962500000000006,132.77499999999998,33.960416666666674,132.77187499999997
2025-08,2024-09,503276631,1,131,1.52,-0.4747,other_active,33.96666666666667,132.7875,33.97083333333334,132.79375,33.96875,132.79062499999998
2025-08,2024-09,503276712,1,132,0.76,-0.4747,other_active,33.975,132.76874999999998,33.97916666666667,132.77499999999998,33.97708333333334,132.77187499999997
2025-09,2024-10,503266222,24,1,100.0,8.3774,top_5pct_active,33.85,132.78125,33.85416666666667,132.7875,33.85208333333334,132.784375
2025-09,2024-10,503256823,9,2,99.25,2.563,top_5pct_active,33.82083333333334,132.775,33.82500000000001,132.78125,33.82291666666667,132.778125
2025-09,2024-10,503265373,9,3,98.51,2.563,top_5pct_active,33.862500000000004,132.7125,33.866666666666674,132.71875,33.86458333333334,132.715625
2025-09,2024-10,503256814,8,4,97.76,2.1753,top_5pct_active,33.82083333333334,132.76874999999998,33.82500000000001,132.77499999999998,33.82291666666667,132.77187499999997
2025-09,2024-10,503255992,7,5,97.01,1.7877,top_5pct_active,33.825,132.74375,33.82916666666667,132.75,33.827083333333334,132.746875
2025-09,2024-10,503256923,7,6,96.27,1.7877,top_5pct_active,33.82916666666667,132.775,33.83333333333334,132.78125,33.83125000000001,132.778125
2025-09,2024-10,503255971,6,7,95.52,1.4001,top_5pct_active,33.825,132.7125,33.82916666666667,132.71875,33.827083333333334,132.715625
2025-09,2024-10,503256711,6,8,94.78,1.4001,top_20pct_active,33.80833333333333,132.7625,33.8125,132.76874999999998,33.81041666666667,132.765625
2025-09,2024-10,503256712,6,9,94.03,1.4001,top_20pct_active,33.80833333333333,132.76874999999998,33.8125,132.77499999999998,33.81041666666667,132.77187499999997
2025-09,2024-10,503256803,6,10,93.28,1.4001,top_20pct_active,33.82083333333334,132.75,33.82500000000001,132.75625,33.82291666666667,132.753125
2025-09,2024-10,503266101,6,11,92.54,1.4001,top_20pct_active,33.84166666666667,132.75,33.84583333333334,132.75625,33.84375,132.753125
2025-09,2024-10,503256721,5,12,91.79,1.0125,top_20pct_active,33.80833333333333,132.775,33.8125,132.78125,33.81041666666667,132.778125
2025-09,2024-10,503256732,5,13,91.04,1.0125,top_20pct_active,33.80833333333333,132.79375,33.8125,132.79999999999998,33.81041666666667,132.796875
2025-09,2024-10,503265372,5,14,90.3,1.0125,top_20pct_active,33.858333333333334,132.71875,33.862500000000004,132.725,33.860416666666666,132.721875
2025-09,2024-10,503266022,5,15,89.55,1.0125,top_20pct_active,33.833333333333336,132.78125,33.837500000000006,132.7875,33.835416666666674,132.784375
2025-09,2024-10,503266024,5,16,88.81,1.0125,top_20pct_active,33.837500000000006,132.78125,33.841666666666676,132.7875,33.83958333333334,132.784375
2025-09,2024-10,503255782,4,17,88.06,0.6248,top_20pct_active,33.80833333333333,132.73125,33.8125,132.73749999999998,33.81041666666667,132.734375
2025-09,2024-10,503256904,4,18,87.31,0.6248,top_20pct_active,33.82916666666667,132.75625,33.83333333333334,132.7625,33.83125000000001,132.75937499999998
2025-09,2024-10,503256924,4,19,86.57,0.6248,top_20pct_active,33.82916666666667,132.78125,33.83333333333334,132.7875,33.83125000000001,132.784375
2025-09,2024-10,503256931,4,20,85.82,0.6248,top_20pct_active,33.825,132.7875,33.82916666666667,132.79375,33.827083333333334,132.79062499999998
2025-09,2024-10,503265283,4,21,85.07,0.6248,top_20pct_active,33.85416666666667,132.725,33.85833333333334,132.73125,33.85625,132.72812499999998
2025-09,2024-10,503265381,4,22,84.33,0.6248,top_20pct_active,33.858333333333334,132.725,33.862500000000004,132.73125,33.860416666666666,132.72812499999998
2025-09,2024-10,503266203,4,23,83.58,0.6248,top_20pct_active,33.85416666666667,132.75,33.85833333333334,132.75625,33.85625,132.753125
2025-09,2024-10,503266231,4,24,82.84,0.6248,top_20pct_active,33.85,132.7875,33.85416666666667,132.79375,33.85208333333334,132.79062499999998
2025-09,2024-10,503266301,4,25,82.09,0.6248,top_20pct_active,33.858333333333334,132.75,33.862500000000004,132.75625,33.860416666666666,132.753125
2025-09,2024-10,503276521,4,26,81.34,0.6248,top_20pct_active,33.958333333333336,132.775,33.962500000000006,132.78125,33.960416666666674,132.778125
2025-09,2024-10,503256634,3,27,80.6,0.2372,top_20pct_active,33.80416666666667,132.79375,33.80833333333334,132.79999999999998,33.806250000000006,132.796875
2025-09,2024-10,503256802,3,28,79.85,0.2372,other_active,33.81666666666667,132.75625,33.82083333333334,132.7625,33.81875000000001,132.75937499999998
2025-09,2024-10,503256914,3,29,79.1,0.2372,other_active,33.82916666666667,132.76874999999998,33.83333333333334,132.77499999999998,33.83125000000001,132.77187499999997
2025-09,2024-10,503265094,3,30,78.36,0.2372,other_active,33.837500000000006,132.74375,33.841666666666676,132.75,33.83958333333334,132.746875
2025-09,2024-10,503265273,3,31,77.61,0.2372,other_active,33.85416666666667,132.7125,33.85833333333334,132.71875,33.85625,132.715625
2025-09,2024-10,503265292,3,32,76.87,0.2372,other_active,33.85,132.74375,33.85416666666667,132.75,33.85208333333334,132.746875
2025-09,2024-10,503265383,3,33,76.12,0.2372,other_active,33.862500000000004,132.725,33.866666666666674,132.73125,33.86458333333334,132.72812499999998
2025-09,2024-10,503266221,3,34,75.37,0.2372,other_active,33.85,132.775,33.85416666666667,132.78125,33.85208333333334,132.778125
2025-09,2024-10,503266223,3,35,74.63,0.2372,other_active,33.85416666666667,132.775,33.85833333333334,132.78125,33.85625,132.778125
2025-09,2024-10,503266303,3,36,73.88,0.2372,other_active,33.862500000000004,132.75,33.866666666666674,132.75625,33.86458333333334,132.753125
2025-09,2024-10,503266401,3,37,73.13,0.2372,other_active,33.86666666666667,132.75,33.87083333333334,132.75625,33.868750000000006,132.753125
2025-09,2024-10,503276314,3,38,72.39,0.2372,other_active,33.94583333333334,132.76874999999998,33.95000000000001,132.77499999999998,33.94791666666667,132.77187499999997
2025-09,2024-10,503255683,2,39,71.64,-0.1504,other_active,33.80416666666667,132.725,33.80833333333334,132.73125,33.806250000000006,132.72812499999998
2025-09,2024-10,503255794,2,40,70.9,-0.1504,other_active,33.8125,132.74375,33.81666666666667,132.75,33.81458333333333,132.746875
2025-09,2024-10,503255892,2,41,70.15,-0.1504,other_active,33.81666666666667,132.74375,33.82083333333334,132.75,33.81875000000001,132.746875
2025-09,2024-10,503255893,2,42,69.4,-0.1504,other_active,33.82083333333334,132.7375,33.82500000000001,132.74375,33.82291666666667,132.74062500000002
2025-09,2024-10,503255972,2,43,68.66,-0.1504,other_active,33.825,132.71875,33.82916666666667,132.725,33.827083333333334,132.721875
2025-09,2024-10,503255982,2,44,67.91,-0.1504,other_active,33.825,132.73125,33.82916666666667,132.73749999999998,33.827083333333334,132.734375
2025-09,2024-10,503255983,2,45,67.16,-0.1504,other_active,33.82916666666667,132.725,33.83333333333334,132.73125,33.83125000000001,132.72812499999998
2025-09,2024-10,503255994,2,46,66.42,-0.1504,other_active,33.82916666666667,132.74375,33.83333333333334,132.75,33.83125000000001,132.746875
2025-09,2024-10,503256702,2,47,65.67,-0.1504,other_active,33.80833333333333,132.75625,33.8125,132.7625,33.81041666666667,132.75937499999998
2025-09,2024-10,503256704,2,48,64.93,-0.1504,other_active,33.8125,132.75625,33.81666666666667,132.7625,33.81458333333333,132.75937499999998
2025-09,2024-10,503256714,2,49,64.18,-0.1504,other_active,33.8125,132.76874999999998,33.81666666666667,132.77499999999998,33.81458333333333,132.77187499999997
2025-09,2024-10,503256741,2,50,63.43,-0.1504,other_active,33.80833333333333,132.8,33.8125,132.80625,33.81041666666667,132.80312500000002
2025-09,2024-10,503256804,2,51,62.69,-0.1504,other_active,33.82083333333334,132.75625,33.82500000000001,132.7625,33.82291666666667,132.75937499999998
2025-09,2024-10,503256811,2,52,61.94,-0.1504,other_active,33.81666666666667,132.7625,33.82083333333334,132.76874999999998,33.81875000000001,132.765625
2025-09,2024-10,503256902,2,53,61.19,-0.1504,other_active,33.825,132.75625,33.82916666666667,132.7625,33.827083333333334,132.75937499999998
2025-09,2024-10,503256911,2,54,60.45,-0.1504,other_active,33.825,132.7625,33.82916666666667,132.76874999999998,33.827083333333334,132.765625
2025-09,2024-10,503256933,2,55,59.7,-0.1504,other_active,33.82916666666667,132.7875,33.83333333333334,132.79375,33.83125000000001,132.79062499999998
2025-09,2024-10,503256934,2,56,58.96,-0.1504,other_active,33.82916666666667,132.79375,33.83333333333334,132.79999999999998,33.83125000000001,132.796875
2025-09,2024-10,503265092,2,57,58.21,-0.1504,other_active,33.833333333333336,132.74375,33.837500000000006,132.75,33.835416666666674,132.746875
2025-09,2024-10,503265274,2,58,57.46,-0.1504,other_active,33.85416666666667,132.71875,33.85833333333334,132.725,33.85625,132.721875
2025-09,2024-10,503265791,2,59,56.72,-0.1504,other_active,33.891666666666666,132.7375,33.895833333333336,132.74375,33.89375,132.74062500000002
2025-09,2024-10,503266021,2,60,55.97,-0.1504,other_active,33.833333333333336,132.775,33.837500000000006,132.78125,33.835416666666674,132.778125
2025-09,2024-10,503266033,2,61,55.22,-0.1504,other_active,33.837500000000006,132.7875,33.841666666666676,132.79375,33.83958333333334,132.79062499999998
2025-09,2024-10,503266124,2,62,54.48,-0.1504,other_active,33.84583333333334,132.78125,33.85000000000001,132.7875,33.84791666666668,132.784375
2025-09,2024-10,503266134,2,63,53.73,-0.1504,other_active,33.84583333333334,132.79375,33.85000000000001,132.79999999999998,33.84791666666668,132.796875
2025-09,2024-10,503266212,2,64,52.99,-0.1504,other_active,33.85,132.76874999999998,33.85416666666667,132.77499999999998,33.85208333333334,132.77187499999997
2025-09,2024-10,503266224,2,65,52.24,-0.1504,other_active,33.85416666666667,132.78125,33.85833333333334,132.7875,33.85625,132.784375
2025-09,2024-10,503266302,2,66,51.49,-0.1504,other_active,33.858333333333334,132.75625,33.862500000000004,132.7625,33.860416666666666,132.75937499999998
2025-09,2024-10,503276512,2,67,50.75,-0.1504,other_active,33.958333333333336,132.76874999999998,33.962500000000006,132.77499999999998,33.960416666666674,132.77187499999997
2025-09,2024-10,503255792,1,68,50.0,-0.538,other_active,33.80833333333333,132.74375,33.8125,132.75,33.81041666666667,132.746875
2025-09,2024-10,503255793,1,69,49.25,-0.538,other_active,33.8125,132.7375,33.81666666666667,132.74375,33.81458333333333,132.74062500000002
2025-09,2024-10,503255854,1,70,48.51,-0.538,other_active,33.82083333333334,132.69375,33.82500000000001,132.7,33.82291666666667,132.69687499999998
2025-09,2024-10,503255873,1,71,47.76,-0.538,other_active,33.82083333333334,132.7125,33.82500000000001,132.71875,33.82291666666667,132.715625
2025-09,2024-10,503255894,1,72,47.01,-0.538,other_active,33.82083333333334,132.74375,33.82500000000001,132.75,33.82291666666667,132.746875
2025-09,2024-10,503255964,1,73,46.27,-0.538,other_active,33.82916666666667,132.70624999999998,33.83333333333334,132.71249999999998,33.83125000000001,132.70937499999997
2025-09,2024-10,503255974,1,74,45.52,-0.538,other_active,33.82916666666667,132.71875,33.83333333333334,132.725,33.83125000000001,132.721875
2025-09,2024-10,503255981,1,75,44.78,-0.538,other_active,33.825,132.725,33.82916666666667,132.73125,33.827083333333334,132.72812499999998
2025-09,2024-10,503255991,1,76,44.03,-0.538,other_active,33.825,132.7375,33.82916666666667,132.74375,33.827083333333334,132.74062500000002
2025-09,2024-10,503256514,1,77,43.28,-0.538,other_active,33.795833333333334,132.76874999999998,33.800000000000004,132.77499999999998,33.797916666666666,132.77187499999997
2025-09,2024-10,503256524,1,78,42.54,-0.538,other_active,33.795833333333334,132.78125,33.800000000000004,132.7875,33.797916666666666,132.784375
2025-09,2024-10,503256613,1,79,41.79,-0.538,other_active,33.80416666666667,132.7625,33.80833333333334,132.76874999999998,33.806250000000006,132.765625
2025-09,2024-10,503256622,1,80,41.04,-0.538,other_active,33.8,132.78125,33.80416666666667,132.7875,33.80208333333333,132.784375
2025-09,2024-10,503256624,1,81,40.3,-0.538,other_active,33.80416666666667,132.78125,33.80833333333334,132.7875,33.806250000000006,132.784375
2025-09,2024-10,503256631,1,82,39.55,-0.538,other_active,33.8,132.7875,33.80416666666667,132.79375,33.80208333333333,132.79062499999998
2025-09,2024-10,503256633,1,83,38.81,-0.538,other_active,33.80416666666667,132.7875,33.80833333333334,132.79375,33.806250000000006,132.79062499999998
2025-09,2024-10,503256703,1,84,38.06,-0.538,other_active,33.8125,132.75,33.81666666666667,132.75625,33.81458333333333,132.753125
2025-09,2024-10,503256713,1,85,37.31,-0.538,other_active,33.8125,132.7625,33.81666666666667,132.76874999999998,33.81458333333333,132.765625
2025-09,2024-10,503256722,1,86,36.57,-0.538,other_active,33.80833333333333,132.78125,33.8125,132.7875,33.81041666666667,132.784375
2025-09,2024-10,503256724,1,87,35.82,-0.538,other_active,33.8125,132.78125,33.81666666666667,132.7875,33.81458333333333,132.784375
2025-09,2024-10,503256731,1,88,35.07,-0.538,other_active,33.80833333333333,132.7875,33.8125,132.79375,33.81041666666667,132.79062499999998
2025-09,2024-10,503256744,1,89,34.33,-0.538,other_active,33.8125,132.80625,33.81666666666667,132.8125,33.81458333333333,132.809375
2025-09,2024-10,503256751,1,90,33.58,-0.538,other_active,33.80833333333333,132.8125,33.8125,132.81875,33.81041666666667,132.815625
2025-09,2024-10,503256752,1,91,32.84,-0.538,other_active,33.80833333333333,132.81875,33.8125,132.825,33.81041666666667,132.82187499999998
2025-09,2024-10,503256801,1,92,32.09,-0.538,other_active,33.81666666666667,132.75,33.82083333333334,132.75625,33.81875000000001,132.753125
2025-09,2024-10,503256812,1,93,31.34,-0.538,other_active,33.81666666666667,132.76874999999998,33.82083333333334,132.77499999999998,33.81875000000001,132.77187499999997
2025-09,2024-10,503256821,1,94,30.6,-0.538,other_active,33.81666666666667,132.775,33.82083333333334,132.78125,33.81875000000001,132.778125
2025-09,2024-10,503256822,1,95,29.85,-0.538,other_active,33.81666666666667,132.78125,33.82083333333334,132.7875,33.81875000000001,132.784375
2025-09,2024-10,503256903,1,96,29.1,-0.538,other_active,33.82916666666667,132.75,33.83333333333334,132.75625,33.83125000000001,132.753125
2025-09,2024-10,503256912,1,97,28.36,-0.538,other_active,33.825,132.76874999999998,33.82916666666667,132.77499999999998,33.827083333333334,132.77187499999997
2025-09,2024-10,503256913,1,98,27.61,-0.538,other_active,33.82916666666667,132.7625,33.83333333333334,132.76874999999998,33.83125000000001,132.765625
2025-09,2024-10,503256941,1,99,26.87,-0.538,other_active,33.825,132.8,33.82916666666667,132.80625,33.827083333333334,132.80312500000002
2025-09,2024-10,503265091,1,100,26.12,-0.538,other_active,33.833333333333336,132.7375,33.837500000000006,132.74375,33.835416666666674,132.74062500000002
2025-09,2024-10,503265093,1,101,25.37,-0.538,other_active,33.837500000000006,132.7375,33.841666666666676,132.74375,33.83958333333334,132.74062500000002
2025-09,2024-10,503265194,1,102,24.63,-0.538,other_active,33.84583333333334,132.74375,33.85000000000001,132.75,33.84791666666668,132.746875
2025-09,2024-10,503265294,1,103,23.88,-0.538,other_active,33.85416666666667,132.74375,33.85833333333334,132.75,33.85625,132.746875
2025-09,2024-10,503265362,1,104,23.13,-0.538,other_active,33.858333333333334,132.70624999999998,33.862500000000004,132.71249999999998,33.860416666666666,132.70937499999997
2025-09,2024-10,503265364,1,105,22.39,-0.538,other_active,33.862500000000004,132.70624999999998,33.866666666666674,132.71249999999998,33.86458333333334,132.70937499999997
2025-09,2024-10,503265371,1,106,21.64,-0.538,other_active,33.858333333333334,132.7125,33.862500000000004,132.71875,33.860416666666666,132.715625
2025-09,2024-10,503265374,1,107,20.9,-0.538,other_active,33.862500000000004,132.71875,33.866666666666674,132.725,33.86458333333334,132.721875
2025-09,2024-10,503265462,1,108,20.15,-0.538,other_active,33.86666666666667,132.70624999999998,33.87083333333334,132.71249999999998,33.868750000000006,132.70937499999997
2025-09,2024-10,503265471,1,109,19.4,-0.538,other_active,33.86666666666667,132.7125,33.87083333333334,132.71875,33.868750000000006,132.715625
2025-09,2024-10,503265472,1,110,18.66,-0.538,other_active,33.86666666666667,132.71875,33.87083333333334,132.725,33.868750000000006,132.721875
2025-09,2024-10,503265474,1,111,17.91,-0.538,other_active,33.87083333333334,132.71875,33.87500000000001,132.725,33.87291666666667,132.721875
2025-09,2024-10,503265481,1,112,17.16,-0.538,other_active,33.86666666666667,132.725,33.87083333333334,132.73125,33.868750000000006,132.72812499999998
2025-09,2024-10,503265492,1,113,16.42,-0.538,other_active,33.86666666666667,132.74375,33.87083333333334,132.75,33.868750000000006,132.746875
2025-09,2024-10,503265661,1,114,15.67,-0.538,other_active,33.88333333333333,132.7,33.8875,132.70624999999998,33.88541666666667,132.703125
2025-09,2024-10,503265783,1,115,14.93,-0.538,other_active,33.895833333333336,132.725,33.900000000000006,132.73125,33.897916666666674,132.72812499999998
2025-09,2024-10,503265792,1,116,14.18,-0.538,other_active,33.891666666666666,132.74375,33.895833333333336,132.75,33.89375,132.746875
2025-09,2024-10,503265882,1,117,13.43,-0.538,other_active,33.900000000000006,132.73125,33.904166666666676,132.73749999999998,33.90208333333334,132.734375
2025-09,2024-10,503266001,1,118,12.69,-0.538,other_active,33.833333333333336,132.75,33.837500000000006,132.75625,33.835416666666674,132.753125
2025-09,2024-10,503266031,1,119,11.94,-0.538,other_active,33.833333333333336,132.7875,33.837500000000006,132.79375,33.835416666666674,132.79062499999998
2025-09,2024-10,503266122,1,120,11.19,-0.538,other_active,33.84166666666667,132.78125,33.84583333333334,132.7875,33.84375,132.784375
2025-09,2024-10,503266132,1,121,10.45,-0.538,other_active,33.84166666666667,132.79375,33.84583333333334,132.79999999999998,33.84375,132.796875
2025-09,2024-10,503266133,1,122,9.7,-0.538,other_active,33.84583333333334,132.7875,33.85000000000001,132.79375,33.84791666666668,132.79062499999998
2025-09,2024-10,503266143,1,123,8.96,-0.538,other_active,33.84583333333334,132.8,33.85000000000001,132.80625,33.84791666666668,132.80312500000002
2025-09,2024-10,503266201,1,124,8.21,-0.538,other_active,33.85,132.75,33.85416666666667,132.75625,33.85208333333334,132.753125
2025-09,2024-10,503266304,1,125,7.46,-0.538,other_active,33.862500000000004,132.75625,33.866666666666674,132.7625,33.86458333333334,132.75937499999998
2025-09,2024-10,503266403,1,126,6.72,-0.538,other_active,33.87083333333334,132.75,33.87500000000001,132.75625,33.87291666666667,132.753125
2025-09,2024-10,503274482,1,127,5.97,-0.538,other_active,33.95,132.60625,33.95416666666667,132.61249999999998,33.952083333333334,132.609375
2025-09,2024-10,503275403,1,128,5.22,-0.538,other_active,33.95416666666667,132.625,33.95833333333334,132.63125,33.95625000000001,132.628125
2025-09,2024-10,503275501,1,129,4.48,-0.538,other_active,33.958333333333336,132.625,33.962500000000006,132.63125,33.960416666666674,132.628125
2025-09,2024-10,503275701,1,130,3.73,-0.538,other_active,33.975,132.625,33.97916666666667,132.63125,33.97708333333334,132.628125
2025-09,2024-10,503276412,1,131,2.99,-0.538,other_active,33.95,132.76874999999998,33.95416666666667,132.77499999999998,33.952083333333334,132.77187499999997
2025-09,2024-10,503276421,1,132,2.24,-0.538,other_active,33.95,132.775,33.95416666666667,132.78125,33.952083333333334,132.778125
2025-09,2024-10,503276522,1,133,1.49,-0.538,other_active,33.958333333333336,132.78125,33.962500000000006,132.7875,33.960416666666674,132.784375
2025-09,2024-10,503276712,1,134,0.75,-0.538,other_active,33.975,132.76874999999998,33.97916666666667,132.77499999999998,33.97708333333334,132.77187499999997
2025-10,2024-11,503266222,26,1,100.0,8.8054,top_5pct_active,33.85,132.78125,33.85416666666667,132.7875,33.85208333333334,132.784375
2025-10,2024-11,503256823,9,2,99.24,2.456,top_5pct_active,33.82083333333334,132.775,33.82500000000001,132.78125,33.82291666666667,132.778125
2025-10,2024-11,503256814,8,3,98.48,2.0825,top_5pct_active,33.82083333333334,132.76874999999998,33.82500000000001,132.77499999999998,33.82291666666667,132.77187499999997
2025-10,2024-11,503265373,8,4,97.73,2.0825,top_5pct_active,33.862500000000004,132.7125,33.866666666666674,132.71875,33.86458333333334,132.715625
2025-10,2024-11,503256923,7,5,96.97,1.709,top_5pct_active,33.82916666666667,132.775,33.83333333333334,132.78125,33.83125000000001,132.778125
2025-10,2024-11,503255971,6,6,96.21,1.3355,top_5pct_active,33.825,132.7125,33.82916666666667,132.71875,33.827083333333334,132.715625
2025-10,2024-11,503255992,6,7,95.45,1.3355,top_5pct_active,33.825,132.74375,33.82916666666667,132.75,33.827083333333334,132.746875
2025-10,2024-11,503256711,6,8,94.7,1.3355,top_20pct_active,33.80833333333333,132.7625,33.8125,132.76874999999998,33.81041666666667,132.765625
2025-10,2024-11,503256712,6,9,93.94,1.3355,top_20pct_active,33.80833333333333,132.76874999999998,33.8125,132.77499999999998,33.81041666666667,132.77187499999997
2025-10,2024-11,503256803,6,10,93.18,1.3355,top_20pct_active,33.82083333333334,132.75,33.82500000000001,132.75625,33.82291666666667,132.753125
2025-10,2024-11,503256732,5,11,92.42,0.962,top_20pct_active,33.80833333333333,132.79375,33.8125,132.79999999999998,33.81041666666667,132.796875
2025-10,2024-11,503265372,5,12,91.67,0.962,top_20pct_active,33.858333333333334,132.71875,33.862500000000004,132.725,33.860416666666666,132.721875
2025-10,2024-11,503266022,5,13,90.91,0.962,top_20pct_active,33.833333333333336,132.78125,33.837500000000006,132.7875,33.835416666666674,132.784375
2025-10,2024-11,503266024,5,14,90.15,0.962,top_20pct_active,33.837500000000006,132.78125,33.841666666666676,132.7875,33.83958333333334,132.784375
2025-10,2024-11,503266101,5,15,89.39,0.962,top_20pct_active,33.84166666666667,132.75,33.84583333333334,132.75625,33.84375,132.753125
2025-10,2024-11,503266231,5,16,88.64,0.962,top_20pct_active,33.85,132.7875,33.85416666666667,132.79375,33.85208333333334,132.79062499999998
2025-10,2024-11,503255782,4,17,87.88,0.5885,top_20pct_active,33.80833333333333,132.73125,33.8125,132.73749999999998,33.81041666666667,132.734375
2025-10,2024-11,503256721,4,18,87.12,0.5885,top_20pct_active,33.80833333333333,132.775,33.8125,132.78125,33.81041666666667,132.778125
2025-10,2024-11,503256904,4,19,86.36,0.5885,top_20pct_active,33.82916666666667,132.75625,33.83333333333334,132.7625,33.83125000000001,132.75937499999998
2025-10,2024-11,503256924,4,20,85.61,0.5885,top_20pct_active,33.82916666666667,132.78125,33.83333333333334,132.7875,33.83125000000001,132.784375
2025-10,2024-11,503256931,4,21,84.85,0.5885,top_20pct_active,33.825,132.7875,33.82916666666667,132.79375,33.827083333333334,132.79062499999998
2025-10,2024-11,503265283,4,22,84.09,0.5885,top_20pct_active,33.85416666666667,132.725,33.85833333333334,132.73125,33.85625,132.72812499999998
2025-10,2024-11,503265381,4,23,83.33,0.5885,top_20pct_active,33.858333333333334,132.725,33.862500000000004,132.73125,33.860416666666666,132.72812499999998
2025-10,2024-11,503266203,4,24,82.58,0.5885,top_20pct_active,33.85416666666667,132.75,33.85833333333334,132.75625,33.85625,132.753125
2025-10,2024-11,503266301,4,25,81.82,0.5885,top_20pct_active,33.858333333333334,132.75,33.862500000000004,132.75625,33.860416666666666,132.753125
2025-10,2024-11,503276521,4,26,81.06,0.5885,top_20pct_active,33.958333333333336,132.775,33.962500000000006,132.78125,33.960416666666674,132.778125
2025-10,2024-11,503256634,3,27,80.3,0.215,top_20pct_active,33.80416666666667,132.79375,33.80833333333334,132.79999999999998,33.806250000000006,132.796875
2025-10,2024-11,503256802,3,28,79.55,0.215,other_active,33.81666666666667,132.75625,33.82083333333334,132.7625,33.81875000000001,132.75937499999998
2025-10,2024-11,503256914,3,29,78.79,0.215,other_active,33.82916666666667,132.76874999999998,33.83333333333334,132.77499999999998,33.83125000000001,132.77187499999997
2025-10,2024-11,503256934,3,30,78.03,0.215,other_active,33.82916666666667,132.79375,33.83333333333334,132.79999999999998,33.83125000000001,132.796875
2025-10,2024-11,503265273,3,31,77.27,0.215,other_active,33.85416666666667,132.7125,33.85833333333334,132.71875,33.85625,132.715625
2025-10,2024-11,503265292,3,32,76.52,0.215,other_active,33.85,132.74375,33.85416666666667,132.75,33.85208333333334,132.746875
2025-10,2024-11,503265371,3,33,75.76,0.215,other_active,33.858333333333334,132.7125,33.862500000000004,132.71875,33.860416666666666,132.715625
2025-10,2024-11,503265383,3,34,75.0,0.215,other_active,33.862500000000004,132.725,33.866666666666674,132.73125,33.86458333333334,132.72812499999998
2025-10,2024-11,503266221,3,35,74.24,0.215,other_active,33.85,132.775,33.85416666666667,132.78125,33.85208333333334,132.778125
2025-10,2024-11,503266223,3,36,73.48,0.215,other_active,33.85416666666667,132.775,33.85833333333334,132.78125,33.85625,132.778125
2025-10,2024-11,503266303,3,37,72.73,0.215,other_active,33.862500000000004,132.75,33.866666666666674,132.75625,33.86458333333334,132.753125
2025-10,2024-11,503266401,3,38,71.97,0.215,other_active,33.86666666666667,132.75,33.87083333333334,132.75625,33.868750000000006,132.753125
2025-10,2024-11,503255683,2,39,71.21,-0.1585,other_active,33.80416666666667,132.725,33.80833333333334,132.73125,33.806250000000006,132.72812499999998
2025-10,2024-11,503255794,2,40,70.45,-0.1585,other_active,33.8125,132.74375,33.81666666666667,132.75,33.81458333333333,132.746875
2025-10,2024-11,503255892,2,41,69.7,-0.1585,other_active,33.81666666666667,132.74375,33.82083333333334,132.75,33.81875000000001,132.746875
2025-10,2024-11,503255893,2,42,68.94,-0.1585,other_active,33.82083333333334,132.7375,33.82500000000001,132.74375,33.82291666666667,132.74062500000002
2025-10,2024-11,503255972,2,43,68.18,-0.1585,other_active,33.825,132.71875,33.82916666666667,132.725,33.827083333333334,132.721875
2025-10,2024-11,503255981,2,44,67.42,-0.1585,other_active,33.825,132.725,33.82916666666667,132.73125,33.827083333333334,132.72812499999998
2025-10,2024-11,503255982,2,45,66.67,-0.1585,other_active,33.825,132.73125,33.82916666666667,132.73749999999998,33.827083333333334,132.734375
2025-10,2024-11,503255983,2,46,65.91,-0.1585,other_active,33.82916666666667,132.725,33.83333333333334,132.73125,33.83125000000001,132.72812499999998
2025-10,2024-11,503255994,2,47,65.15,-0.1585,other_active,33.82916666666667,132.74375,33.83333333333334,132.75,33.83125000000001,132.746875
2025-10,2024-11,503256702,2,48,64.39,-0.1585,other_active,33.80833333333333,132.75625,33.8125,132.7625,33.81041666666667,132.75937499999998
2025-10,2024-11,503256704,2,49,63.64,-0.1585,other_active,33.8125,132.75625,33.81666666666667,132.7625,33.81458333333333,132.75937499999998
2025-10,2024-11,503256714,2,50,62.88,-0.1585,other_active,33.8125,132.76874999999998,33.81666666666667,132.77499999999998,33.81458333333333,132.77187499999997
2025-10,2024-11,503256741,2,51,62.12,-0.1585,other_active,33.80833333333333,132.8,33.8125,132.80625,33.81041666666667,132.80312500000002
2025-10,2024-11,503256804,2,52,61.36,-0.1585,other_active,33.82083333333334,132.75625,33.82500000000001,132.7625,33.82291666666667,132.75937499999998
2025-10,2024-11,503256811,2,53,60.61,-0.1585,other_active,33.81666666666667,132.7625,33.82083333333334,132.76874999999998,33.81875000000001,132.765625
2025-10,2024-11,503256902,2,54,59.85,-0.1585,other_active,33.825,132.75625,33.82916666666667,132.7625,33.827083333333334,132.75937499999998
2025-10,2024-11,503256911,2,55,59.09,-0.1585,other_active,33.825,132.7625,33.82916666666667,132.76874999999998,33.827083333333334,132.765625
2025-10,2024-11,503256933,2,56,58.33,-0.1585,other_active,33.82916666666667,132.7875,33.83333333333334,132.79375,33.83125000000001,132.79062499999998
2025-10,2024-11,503265092,2,57,57.58,-0.1585,other_active,33.833333333333336,132.74375,33.837500000000006,132.75,33.835416666666674,132.746875
2025-10,2024-11,503265094,2,58,56.82,-0.1585,other_active,33.837500000000006,132.74375,33.841666666666676,132.75,33.83958333333334,132.746875
2025-10,2024-11,503265274,2,59,56.06,-0.1585,other_active,33.85416666666667,132.71875,33.85833333333334,132.725,33.85625,132.721875
2025-10,2024-11,503265783,2,60,55.3,-0.1585,other_active,33.895833333333336,132.725,33.900000000000006,132.73125,33.897916666666674,132.72812499999998
2025-10,2024-11,503265791,2,61,54.55,-0.1585,other_active,33.891666666666666,132.7375,33.895833333333336,132.74375,33.89375,132.74062500000002
2025-10,2024-11,503266021,2,62,53.79,-0.1585,other_active,33.833333333333336,132.775,33.837500000000006,132.78125,33.835416666666674,132.778125
2025-10,2024-11,503266033,2,63,53.03,-0.1585,other_active,33.837500000000006,132.7875,33.841666666666676,132.79375,33.83958333333334,132.79062499999998
2025-10,2024-11,503266124,2,64,52.27,-0.1585,other_active,33.84583333333334,132.78125,33.85000000000001,132.7875,33.84791666666668,132.784375
2025-10,2024-11,503266134,2,65,51.52,-0.1585,other_active,33.84583333333334,132.79375,33.85000000000001,132.79999999999998,33.84791666666668,132.796875
2025-10,2024-11,503266212,2,66,50.76,-0.1585,other_active,33.85,132.76874999999998,33.85416666666667,132.77499999999998,33.85208333333334,132.77187499999997
2025-10,2024-11,503266224,2,67,50.0,-0.1585,other_active,33.85416666666667,132.78125,33.85833333333334,132.7875,33.85625,132.784375
2025-10,2024-11,503276314,2,68,49.24,-0.1585,other_active,33.94583333333334,132.76874999999998,33.95000000000001,132.77499999999998,33.94791666666667,132.77187499999997
2025-10,2024-11,503276421,2,69,48.48,-0.1585,other_active,33.95,132.775,33.95416666666667,132.78125,33.952083333333334,132.778125
2025-10,2024-11,503276512,2,70,47.73,-0.1585,other_active,33.958333333333336,132.76874999999998,33.962500000000006,132.77499999999998,33.960416666666674,132.77187499999997
2025-10,2024-11,503255792,1,71,46.97,-0.5319,other_active,33.80833333333333,132.74375,33.8125,132.75,33.81041666666667,132.746875
2025-10,2024-11,503255793,1,72,46.21,-0.5319,other_active,33.8125,132.7375,33.81666666666667,132.74375,33.81458333333333,132.74062500000002
2025-10,2024-11,503255854,1,73,45.45,-0.5319,other_active,33.82083333333334,132.69375,33.82500000000001,132.7,33.82291666666667,132.69687499999998
2025-10,2024-11,503255873,1,74,44.7,-0.5319,other_active,33.82083333333334,132.7125,33.82500000000001,132.71875,33.82291666666667,132.715625
2025-10,2024-11,503255894,1,75,43.94,-0.5319,other_active,33.82083333333334,132.74375,33.82500000000001,132.75,33.82291666666667,132.746875
2025-10,2024-11,503255964,1,76,43.18,-0.5319,other_active,33.82916666666667,132.70624999999998,33.83333333333334,132.71249999999998,33.83125000000001,132.70937499999997
2025-10,2024-11,503255974,1,77,42.42,-0.5319,other_active,33.82916666666667,132.71875,33.83333333333334,132.725,33.83125000000001,132.721875
2025-10,2024-11,503255991,1,78,41.67,-0.5319,other_active,33.825,132.7375,33.82916666666667,132.74375,33.827083333333334,132.74062500000002
2025-10,2024-11,503256514,1,79,40.91,-0.5319,other_active,33.795833333333334,132.76874999999998,33.800000000000004,132.77499999999998,33.797916666666666,132.77187499999997
2025-10,2024-11,503256524,1,80,40.15,-0.5319,other_active,33.795833333333334,132.78125,33.800000000000004,132.7875,33.797916666666666,132.784375
2025-10,2024-11,503256613,1,81,39.39,-0.5319,other_active,33.80416666666667,132.7625,33.80833333333334,132.76874999999998,33.806250000000006,132.765625
2025-10,2024-11,503256622,1,82,38.64,-0.5319,other_active,33.8,132.78125,33.80416666666667,132.7875,33.80208333333333,132.784375
2025-10,2024-11,503256624,1,83,37.88,-0.5319,other_active,33.80416666666667,132.78125,33.80833333333334,132.7875,33.806250000000006,132.784375
2025-10,2024-11,503256631,1,84,37.12,-0.5319,other_active,33.8,132.7875,33.80416666666667,132.79375,33.80208333333333,132.79062499999998
2025-10,2024-11,503256633,1,85,36.36,-0.5319,other_active,33.80416666666667,132.7875,33.80833333333334,132.79375,33.806250000000006,132.79062499999998
2025-10,2024-11,503256703,1,86,35.61,-0.5319,other_active,33.8125,132.75,33.81666666666667,132.75625,33.81458333333333,132.753125
2025-10,2024-11,503256713,1,87,34.85,-0.5319,other_active,33.8125,132.7625,33.81666666666667,132.76874999999998,33.81458333333333,132.765625
2025-10,2024-11,503256722,1,88,34.09,-0.5319,other_active,33.80833333333333,132.78125,33.8125,132.7875,33.81041666666667,132.784375
2025-10,2024-11,503256724,1,89,33.33,-0.5319,other_active,33.8125,132.78125,33.81666666666667,132.7875,33.81458333333333,132.784375
2025-10,2024-11,503256731,1,90,32.58,-0.5319,other_active,33.80833333333333,132.7875,33.8125,132.79375,33.81041666666667,132.79062499999998
2025-10,2024-11,503256744,1,91,31.82,-0.5319,other_active,33.8125,132.80625,33.81666666666667,132.8125,33.81458333333333,132.809375
2025-10,2024-11,503256751,1,92,31.06,-0.5319,other_active,33.80833333333333,132.8125,33.8125,132.81875,33.81041666666667,132.815625
2025-10,2024-11,503256752,1,93,30.3,-0.5319,other_active,33.80833333333333,132.81875,33.8125,132.825,33.81041666666667,132.82187499999998
2025-10,2024-11,503256801,1,94,29.55,-0.5319,other_active,33.81666666666667,132.75,33.82083333333334,132.75625,33.81875000000001,132.753125
2025-10,2024-11,503256821,1,95,28.79,-0.5319,other_active,33.81666666666667,132.775,33.82083333333334,132.78125,33.81875000000001,132.778125
2025-10,2024-11,503256822,1,96,28.03,-0.5319,other_active,33.81666666666667,132.78125,33.82083333333334,132.7875,33.81875000000001,132.784375
2025-10,2024-11,503256903,1,97,27.27,-0.5319,other_active,33.82916666666667,132.75,33.83333333333334,132.75625,33.83125000000001,132.753125
2025-10,2024-11,503256912,1,98,26.52,-0.5319,other_active,33.825,132.76874999999998,33.82916666666667,132.77499999999998,33.827083333333334,132.77187499999997
2025-10,2024-11,503256913,1,99,25.76,-0.5319,other_active,33.82916666666667,132.7625,33.83333333333334,132.76874999999998,33.83125000000001,132.765625
2025-10,2024-11,503256941,1,100,25.0,-0.5319,other_active,33.825,132.8,33.82916666666667,132.80625,33.827083333333334,132.80312500000002
2025-10,2024-11,503265091,1,101,24.24,-0.5319,other_active,33.833333333333336,132.7375,33.837500000000006,132.74375,33.835416666666674,132.74062500000002
2025-10,2024-11,503265093,1,102,23.48,-0.5319,other_active,33.837500000000006,132.7375,33.841666666666676,132.74375,33.83958333333334,132.74062500000002
2025-10,2024-11,503265194,1,103,22.73,-0.5319,other_active,33.84583333333334,132.74375,33.85000000000001,132.75,33.84791666666668,132.746875
2025-10,2024-11,503265294,1,104,21.97,-0.5319,other_active,33.85416666666667,132.74375,33.85833333333334,132.75,33.85625,132.746875
2025-10,2024-11,503265362,1,105,21.21,-0.5319,other_active,33.858333333333334,132.70624999999998,33.862500000000004,132.71249999999998,33.860416666666666,132.70937499999997
2025-10,2024-11,503265364,1,106,20.45,-0.5319,other_active,33.862500000000004,132.70624999999998,33.866666666666674,132.71249999999998,33.86458333333334,132.70937499999997
2025-10,2024-11,503265462,1,107,19.7,-0.5319,other_active,33.86666666666667,132.70624999999998,33.87083333333334,132.71249999999998,33.868750000000006,132.70937499999997
2025-10,2024-11,503265471,1,108,18.94,-0.5319,other_active,33.86666666666667,132.7125,33.87083333333334,132.71875,33.868750000000006,132.715625
2025-10,2024-11,503265472,1,109,18.18,-0.5319,other_active,33.86666666666667,132.71875,33.87083333333334,132.725,33.868750000000006,132.721875
2025-10,2024-11,503265474,1,110,17.42,-0.5319,other_active,33.87083333333334,132.71875,33.87500000000001,132.725,33.87291666666667,132.721875
2025-10,2024-11,503265481,1,111,16.67,-0.5319,other_active,33.86666666666667,132.725,33.87083333333334,132.73125,33.868750000000006,132.72812499999998
2025-10,2024-11,503265492,1,112,15.91,-0.5319,other_active,33.86666666666667,132.74375,33.87083333333334,132.75,33.868750000000006,132.746875
2025-10,2024-11,503265661,1,113,15.15,-0.5319,other_active,33.88333333333333,132.7,33.8875,132.70624999999998,33.88541666666667,132.703125
2025-10,2024-11,503265792,1,114,14.39,-0.5319,other_active,33.891666666666666,132.74375,33.895833333333336,132.75,33.89375,132.746875
2025-10,2024-11,503265882,1,115,13.64,-0.5319,other_active,33.900000000000006,132.73125,33.904166666666676,132.73749999999998,33.90208333333334,132.734375
2025-10,2024-11,503266001,1,116,12.88,-0.5319,other_active,33.833333333333336,132.75,33.837500000000006,132.75625,33.835416666666674,132.753125
2025-10,2024-11,503266031,1,117,12.12,-0.5319,other_active,33.833333333333336,132.7875,33.837500000000006,132.79375,33.835416666666674,132.79062499999998
2025-10,2024-11,503266122,1,118,11.36,-0.5319,other_active,33.84166666666667,132.78125,33.84583333333334,132.7875,33.84375,132.784375
2025-10,2024-11,503266132,1,119,10.61,-0.5319,other_active,33.84166666666667,132.79375,33.84583333333334,132.79999999999998,33.84375,132.796875
2025-10,2024-11,503266133,1,120,9.85,-0.5319,other_active,33.84583333333334,132.7875,33.85000000000001,132.79375,33.84791666666668,132.79062499999998
2025-10,2024-11,503266143,1,121,9.09,-0.5319,other_active,33.84583333333334,132.8,33.85000000000001,132.80625,33.84791666666668,132.80312500000002
2025-10,2024-11,503266201,1,122,8.33,-0.5319,other_active,33.85,132.75,33.85416666666667,132.75625,33.85208333333334,132.753125
2025-10,2024-11,503266302,1,123,7.58,-0.5319,other_active,33.858333333333334,132.75625,33.862500000000004,132.7625,33.860416666666666,132.75937499999998
2025-10,2024-11,503266304,1,124,6.82,-0.5319,other_active,33.862500000000004,132.75625,33.866666666666674,132.7625,33.86458333333334,132.75937499999998
2025-10,2024-11,503266403,1,125,6.06,-0.5319,other_active,33.87083333333334,132.75,33.87500000000001,132.75625,33.87291666666667,132.753125
2025-10,2024-11,503274482,1,126,5.3,-0.5319,other_active,33.95,132.60625,33.95416666666667,132.61249999999998,33.952083333333334,132.609375
2025-10,2024-11,503275403,1,127,4.55,-0.5319,other_active,33.95416666666667,132.625,33.95833333333334,132.63125,33.95625000000001,132.628125
2025-10,2024-11,503275501,1,128,3.79,-0.5319,other_active,33.958333333333336,132.625,33.962500000000006,132.63125,33.960416666666674,132.628125
2025-10,2024-11,503275701,1,129,3.03,-0.5319,other_active,33.975,132.625,33.97916666666667,132.63125,33.97708333333334,132.628125
2025-10,2024-11,503276412,1,130,2.27,-0.5319,other_active,33.95,132.76874999999998,33.95416666666667,132.77499999999998,33.952083333333334,132.77187499999997
2025-10,2024-11,503276522,1,131,1.52,-0.5319,other_active,33.958333333333336,132.78125,33.962500000000006,132.7875,33.960416666666674,132.784375
2025-10,2024-11,503276712,1,132,0.76,-0.5319,other_active,33.975,132.76874999999998,33.97916666666667,132.77499999999998,33.97708333333334,132.77187499999997
2025-11,2024-12,503266222,32,1,100.0,9.6231,top_5pct_active,33.85,132.78125,33.85416666666667,132.7875,33.85208333333334,132.784375
2025-11,2024-12,503256823,9,2,99.23,2.1612,top_5pct_active,33.82083333333334,132.775,33.82500000000001,132.78125,33.82291666666667,132.778125
2025-11,2024-12,503256814,8,3,98.46,1.8368,top_5pct_active,33.82083333333334,132.76874999999998,33.82500000000001,132.77499999999998,33.82291666666667,132.77187499999997
2025-11,2024-12,503265373,7,4,97.69,1.5123,top_5pct_active,33.862500000000004,132.7125,33.866666666666674,132.71875,33.86458333333334,132.715625
2025-11,2024-12,503255971,6,5,96.92,1.1879,top_5pct_active,33.825,132.7125,33.82916666666667,132.71875,33.827083333333334,132.715625
2025-11,2024-12,503256712,6,6,96.15,1.1879,top_5pct_active,33.80833333333333,132.76874999999998,33.8125,132.77499999999998,33.81041666666667,132.77187499999997
2025-11,2024-12,503256803,6,7,95.38,1.1879,top_5pct_active,33.82083333333334,132.75,33.82500000000001,132.75625,33.82291666666667,132.753125
2025-11,2024-12,503256923,6,8,94.62,1.1879,top_20pct_active,33.82916666666667,132.775,33.83333333333334,132.78125,33.83125000000001,132.778125
2025-11,2024-12,503256732,5,9,93.85,0.8635,top_20pct_active,33.80833333333333,132.79375,33.8125,132.79999999999998,33.81041666666667,132.796875
2025-11,2024-12,503265372,5,10,93.08,0.8635,top_20pct_active,33.858333333333334,132.71875,33.862500000000004,132.725,33.860416666666666,132.721875
2025-11,2024-12,503266022,5,11,92.31,0.8635,top_20pct_active,33.833333333333336,132.78125,33.837500000000006,132.7875,33.835416666666674,132.784375
2025-11,2024-12,503266101,5,12,91.54,0.8635,top_20pct_active,33.84166666666667,132.75,33.84583333333334,132.75625,33.84375,132.753125
2025-11,2024-12,503266203,5,13,90.77,0.8635,top_20pct_active,33.85416666666667,132.75,33.85833333333334,132.75625,33.85625,132.753125
2025-11,2024-12,503266231,5,14,90.0,0.8635,top_20pct_active,33.85,132.7875,33.85416666666667,132.79375,33.85208333333334,132.79062499999998
2025-11,2024-12,503266301,5,15,89.23,0.8635,top_20pct_active,33.858333333333334,132.75,33.862500000000004,132.75625,33.860416666666666,132.753125
2025-11,2024-12,503255992,4,16,88.46,0.5391,top_20pct_active,33.825,132.74375,33.82916666666667,132.75,33.827083333333334,132.746875
2025-11,2024-12,503256711,4,17,87.69,0.5391,top_20pct_active,33.80833333333333,132.7625,33.8125,132.76874999999998,33.81041666666667,132.765625
2025-11,2024-12,503256721,4,18,86.92,0.5391,top_20pct_active,33.80833333333333,132.775,33.8125,132.78125,33.81041666666667,132.778125
2025-11,2024-12,503256902,4,19,86.15,0.5391,top_20pct_active,33.825,132.75625,33.82916666666667,132.7625,33.827083333333334,132.75937499999998
2025-11,2024-12,503256931,4,20,85.38,0.5391,top_20pct_active,33.825,132.7875,33.82916666666667,132.79375,33.827083333333334,132.79062499999998
2025-11,2024-12,503256934,4,21,84.62,0.5391,top_20pct_active,33.82916666666667,132.79375,33.83333333333334,132.79999999999998,33.83125000000001,132.796875
2025-11,2024-12,503265381,4,22,83.85,0.5391,top_20pct_active,33.858333333333334,132.725,33.862500000000004,132.73125,33.860416666666666,132.72812499999998
2025-11,2024-12,503266024,4,23,83.08,0.5391,top_20pct_active,33.837500000000006,132.78125,33.841666666666676,132.7875,33.83958333333334,132.784375
2025-11,2024-12,503255782,3,24,82.31,0.2146,top_20pct_active,33.80833333333333,132.73125,33.8125,132.73749999999998,33.81041666666667,132.734375
2025-11,2024-12,503256634,3,25,81.54,0.2146,top_20pct_active,33.80416666666667,132.79375,33.80833333333334,132.79999999999998,33.806250000000006,132.796875
2025-11,2024-12,503256704,3,26,80.77,0.2146,top_20pct_active,33.8125,132.75625,33.81666666666667,132.7625,33.81458333333333,132.75937499999998
2025-11,2024-12,503256914,3,27,80.0,0.2146,top_20pct_active,33.82916666666667,132.76874999999998,33.83333333333334,132.77499999999998,33.83125000000001,132.77187499999997
2025-11,2024-12,503265283,3,28,79.23,0.2146,other_active,33.85416666666667,132.725,33.85833333333334,132.73125,33.85625,132.72812499999998
2025-11,2024-12,503265292,3,29,78.46,0.2146,other_active,33.85,132.74375,33.85416666666667,132.75,33.85208333333334,132.746875
2025-11,2024-12,503265371,3,30,77.69,0.2146,other_active,33.858333333333334,132.7125,33.862500000000004,132.71875,33.860416666666666,132.715625
2025-11,2024-12,503266221,3,31,76.92,0.2146,other_active,33.85,132.775,33.85416666666667,132.78125,33.85208333333334,132.778125
2025-11,2024-12,503266223,3,32,76.15,0.2146,other_active,33.85416666666667,132.775,33.85833333333334,132.78125,33.85625,132.778125
2025-11,2024-12,503266303,3,33,75.38,0.2146,other_active,33.862500000000004,132.75,33.866666666666674,132.75625,33.86458333333334,132.753125
2025-11,2024-12,503266401,3,34,74.62,0.2146,other_active,33.86666666666667,132.75,33.87083333333334,132.75625,33.868750000000006,132.753125
2025-11,2024-12,503276521,3,35,73.85,0.2146,other_active,33.958333333333336,132.775,33.962500000000006,132.78125,33.960416666666674,132.778125
2025-11,2024-12,503255683,2,36,73.08,-0.1098,other_active,33.80416666666667,132.725,33.80833333333334,132.73125,33.806250000000006,132.72812499999998
2025-11,2024-12,503255982,2,37,72.31,-0.1098,other_active,33.825,132.73125,33.82916666666667,132.73749999999998,33.827083333333334,132.734375
2025-11,2024-12,503255983,2,38,71.54,-0.1098,other_active,33.82916666666667,132.725,33.83333333333334,132.73125,33.83125000000001,132.72812499999998
2025-11,2024-12,503256702,2,39,70.77,-0.1098,other_active,33.80833333333333,132.75625,33.8125,132.7625,33.81041666666667,132.75937499999998
2025-11,2024-12,503256714,2,40,70.0,-0.1098,other_active,33.8125,132.76874999999998,33.81666666666667,132.77499999999998,33.81458333333333,132.77187499999997
2025-11,2024-12,503256741,2,41,69.23,-0.1098,other_active,33.80833333333333,132.8,33.8125,132.80625,33.81041666666667,132.80312500000002
2025-11,2024-12,503256802,2,42,68.46,-0.1098,other_active,33.81666666666667,132.75625,33.82083333333334,132.7625,33.81875000000001,132.75937499999998
2025-11,2024-12,503256804,2,43,67.69,-0.1098,other_active,33.82083333333334,132.75625,33.82500000000001,132.7625,33.82291666666667,132.75937499999998
2025-11,2024-12,503256811,2,44,66.92,-0.1098,other_active,33.81666666666667,132.7625,33.82083333333334,132.76874999999998,33.81875000000001,132.765625
2025-11,2024-12,503256911,2,45,66.15,-0.1098,other_active,33.825,132.7625,33.82916666666667,132.76874999999998,33.827083333333334,132.765625
2025-11,2024-12,503256924,2,46,65.38,-0.1098,other_active,33.82916666666667,132.78125,33.83333333333334,132.7875,33.83125000000001,132.784375
2025-11,2024-12,503256933,2,47,64.62,-0.1098,other_active,33.82916666666667,132.7875,33.83333333333334,132.79375,33.83125000000001,132.79062499999998
2025-11,2024-12,503265092,2,48,63.85,-0.1098,other_active,33.833333333333336,132.74375,33.837500000000006,132.75,33.835416666666674,132.746875
2025-11,2024-12,503265094,2,49,63.08,-0.1098,other_active,33.837500000000006,132.74375,33.841666666666676,132.75,33.83958333333334,132.746875
2025-11,2024-12,503265273,2,50,62.31,-0.1098,other_active,33.85416666666667,132.7125,33.85833333333334,132.71875,33.85625,132.715625
2025-11,2024-12,503265274,2,51,61.54,-0.1098,other_active,33.85416666666667,132.71875,33.85833333333334,132.725,33.85625,132.721875
2025-11,2024-12,503265383,2,52,60.77,-0.1098,other_active,33.862500000000004,132.725,33.866666666666674,132.73125,33.86458333333334,132.72812499999998
2025-11,2024-12,503265783,2,53,60.0,-0.1098,other_active,33.895833333333336,132.725,33.900000000000006,132.73125,33.897916666666674,132.72812499999998
2025-11,2024-12,503266021,2,54,59.23,-0.1098,other_active,33.833333333333336,132.775,33.837500000000006,132.78125,33.835416666666674,132.778125
2025-11,2024-12,503266033,2,55,58.46,-0.1098,other_active,33.837500000000006,132.7875,33.841666666666676,132.79375,33.83958333333334,132.79062499999998
2025-11,2024-12,503266103,2,56,57.69,-0.1098,other_active,33.84583333333334,132.75,33.85000000000001,132.75625,33.84791666666668,132.753125
2025-11,2024-12,503266124,2,57,56.92,-0.1098,other_active,33.84583333333334,132.78125,33.85000000000001,132.7875,33.84791666666668,132.784375
2025-11,2024-12,503266212,2,58,56.15,-0.1098,other_active,33.85,132.76874999999998,33.85416666666667,132.77499999999998,33.85208333333334,132.77187499999997
2025-11,2024-12,503266224,2,59,55.38,-0.1098,other_active,33.85416666666667,132.78125,33.85833333333334,132.7875,33.85625,132.784375
2025-11,2024-12,503276314,2,60,54.62,-0.1098,other_active,33.94583333333334,132.76874999999998,33.95000000000001,132.77499999999998,33.94791666666667,132.77187499999997
2025-11,2024-12,503276421,2,61,53.85,-0.1098,other_active,33.95,132.775,33.95416666666667,132.78125,33.952083333333334,132.778125
2025-11,2024-12,503255792,1,62,53.08,-0.4342,other_active,33.80833333333333,132.74375,33.8125,132.75,33.81041666666667,132.746875
2025-11,2024-12,503255793,1,63,52.31,-0.4342,other_active,33.8125,132.7375,33.81666666666667,132.74375,33.81458333333333,132.74062500000002
2025-11,2024-12,503255794,1,64,51.54,-0.4342,other_active,33.8125,132.74375,33.81666666666667,132.75,33.81458333333333,132.746875
2025-11,2024-12,503255854,1,65,50.77,-0.4342,other_active,33.82083333333334,132.69375,33.82500000000001,132.7,33.82291666666667,132.69687499999998
2025-11,2024-12,503255873,1,66,50.0,-0.4342,other_active,33.82083333333334,132.7125,33.82500000000001,132.71875,33.82291666666667,132.715625
2025-11,2024-12,503255892,1,67,49.23,-0.4342,other_active,33.81666666666667,132.74375,33.82083333333334,132.75,33.81875000000001,132.746875
2025-11,2024-12,503255893,1,68,48.46,-0.4342,other_active,33.82083333333334,132.7375,33.82500000000001,132.74375,33.82291666666667,132.74062500000002
2025-11,2024-12,503255894,1,69,47.69,-0.4342,other_active,33.82083333333334,132.74375,33.82500000000001,132.75,33.82291666666667,132.746875
2025-11,2024-12,503255964,1,70,46.92,-0.4342,other_active,33.82916666666667,132.70624999999998,33.83333333333334,132.71249999999998,33.83125000000001,132.70937499999997
2025-11,2024-12,503255972,1,71,46.15,-0.4342,other_active,33.825,132.71875,33.82916666666667,132.725,33.827083333333334,132.721875
2025-11,2024-12,503255974,1,72,45.38,-0.4342,other_active,33.82916666666667,132.71875,33.83333333333334,132.725,33.83125000000001,132.721875
2025-11,2024-12,503255981,1,73,44.62,-0.4342,other_active,33.825,132.725,33.82916666666667,132.73125,33.827083333333334,132.72812499999998
2025-11,2024-12,503255991,1,74,43.85,-0.4342,other_active,33.825,132.7375,33.82916666666667,132.74375,33.827083333333334,132.74062500000002
2025-11,2024-12,503255994,1,75,43.08,-0.4342,other_active,33.82916666666667,132.74375,33.83333333333334,132.75,33.83125000000001,132.746875
2025-11,2024-12,503256514,1,76,42.31,-0.4342,other_active,33.795833333333334,132.76874999999998,33.800000000000004,132.77499999999998,33.797916666666666,132.77187499999997
2025-11,2024-12,503256524,1,77,41.54,-0.4342,other_active,33.795833333333334,132.78125,33.800000000000004,132.7875,33.797916666666666,132.784375
2025-11,2024-12,503256613,1,78,40.77,-0.4342,other_active,33.80416666666667,132.7625,33.80833333333334,132.76874999999998,33.806250000000006,132.765625
2025-11,2024-12,503256624,1,79,40.0,-0.4342,other_active,33.80416666666667,132.78125,33.80833333333334,132.7875,33.806250000000006,132.784375
2025-11,2024-12,503256633,1,80,39.23,-0.4342,other_active,33.80416666666667,132.7875,33.80833333333334,132.79375,33.806250000000006,132.79062499999998
2025-11,2024-12,503256703,1,81,38.46,-0.4342,other_active,33.8125,132.75,33.81666666666667,132.75625,33.81458333333333,132.753125
2025-11,2024-12,503256713,1,82,37.69,-0.4342,other_active,33.8125,132.7625,33.81666666666667,132.76874999999998,33.81458333333333,132.765625
2025-11,2024-12,503256724,1,83,36.92,-0.4342,other_active,33.8125,132.78125,33.81666666666667,132.7875,33.81458333333333,132.784375
2025-11,2024-12,503256731,1,84,36.15,-0.4342,other_active,33.80833333333333,132.7875,33.8125,132.79375,33.81041666666667,132.79062499999998
2025-11,2024-12,503256744,1,85,35.38,-0.4342,other_active,33.8125,132.80625,33.81666666666667,132.8125,33.81458333333333,132.809375
2025-11,2024-12,503256751,1,86,34.62,-0.4342,other_active,33.80833333333333,132.8125,33.8125,132.81875,33.81041666666667,132.815625
2025-11,2024-12,503256752,1,87,33.85,-0.4342,other_active,33.80833333333333,132.81875,33.8125,132.825,33.81041666666667,132.82187499999998
2025-11,2024-12,503256753,1,88,33.08,-0.4342,other_active,33.8125,132.8125,33.81666666666667,132.81875,33.81458333333333,132.815625
2025-11,2024-12,503256801,1,89,32.31,-0.4342,other_active,33.81666666666667,132.75,33.82083333333334,132.75625,33.81875000000001,132.753125
2025-11,2024-12,503256821,1,90,31.54,-0.4342,other_active,33.81666666666667,132.775,33.82083333333334,132.78125,33.81875000000001,132.778125
2025-11,2024-12,503256822,1,91,30.77,-0.4342,other_active,33.81666666666667,132.78125,33.82083333333334,132.7875,33.81875000000001,132.784375
2025-11,2024-12,503256903,1,92,30.0,-0.4342,other_active,33.82916666666667,132.75,33.83333333333334,132.75625,33.83125000000001,132.753125
2025-11,2024-12,503256904,1,93,29.23,-0.4342,other_active,33.82916666666667,132.75625,33.83333333333334,132.7625,33.83125000000001,132.75937499999998
2025-11,2024-12,503256912,1,94,28.46,-0.4342,other_active,33.825,132.76874999999998,33.82916666666667,132.77499999999998,33.827083333333334,132.77187499999997
2025-11,2024-12,503256913,1,95,27.69,-0.4342,other_active,33.82916666666667,132.7625,33.83333333333334,132.76874999999998,33.83125000000001,132.765625
2025-11,2024-12,503256922,1,96,26.92,-0.4342,other_active,33.825,132.78125,33.82916666666667,132.7875,33.827083333333334,132.784375
2025-11,2024-12,503265091,1,97,26.15,-0.4342,other_active,33.833333333333336,132.7375,33.837500000000006,132.74375,33.835416666666674,132.74062500000002
2025-11,2024-12,503265093,1,98,25.38,-0.4342,other_active,33.837500000000006,132.7375,33.841666666666676,132.74375,33.83958333333334,132.74062500000002
2025-11,2024-12,503265194,1,99,24.62,-0.4342,other_active,33.84583333333334,132.74375,33.85000000000001,132.75,33.84791666666668,132.746875
2025-11,2024-12,503265294,1,100,23.85,-0.4342,other_active,33.85416666666667,132.74375,33.85833333333334,132.75,33.85625,132.746875
2025-11,2024-12,503265364,1,101,23.08,-0.4342,other_active,33.862500000000004,132.70624999999998,33.866666666666674,132.71249999999998,33.86458333333334,132.70937499999997
2025-11,2024-12,503265462,1,102,22.31,-0.4342,other_active,33.86666666666667,132.70624999999998,33.87083333333334,132.71249999999998,33.868750000000006,132.70937499999997
2025-11,2024-12,503265471,1,103,21.54,-0.4342,other_active,33.86666666666667,132.7125,33.87083333333334,132.71875,33.868750000000006,132.715625
2025-11,2024-12,503265472,1,104,20.77,-0.4342,other_active,33.86666666666667,132.71875,33.87083333333334,132.725,33.868750000000006,132.721875
2025-11,2024-12,503265474,1,105,20.0,-0.4342,other_active,33.87083333333334,132.71875,33.87500000000001,132.725,33.87291666666667,132.721875
2025-11,2024-12,503265481,1,106,19.23,-0.4342,other_active,33.86666666666667,132.725,33.87083333333334,132.73125,33.868750000000006,132.72812499999998
2025-11,2024-12,503265492,1,107,18.46,-0.4342,other_active,33.86666666666667,132.74375,33.87083333333334,132.75,33.868750000000006,132.746875
2025-11,2024-12,503265661,1,108,17.69,-0.4342,other_active,33.88333333333333,132.7,33.8875,132.70624999999998,33.88541666666667,132.703125
2025-11,2024-12,503265791,1,109,16.92,-0.4342,other_active,33.891666666666666,132.7375,33.895833333333336,132.74375,33.89375,132.74062500000002
2025-11,2024-12,503265792,1,110,16.15,-0.4342,other_active,33.891666666666666,132.74375,33.895833333333336,132.75,33.89375,132.746875
2025-11,2024-12,503265882,1,111,15.38,-0.4342,other_active,33.900000000000006,132.73125,33.904166666666676,132.73749999999998,33.90208333333334,132.734375
2025-11,2024-12,503266001,1,112,14.62,-0.4342,other_active,33.833333333333336,132.75,33.837500000000006,132.75625,33.835416666666674,132.753125
2025-11,2024-12,503266023,1,113,13.85,-0.4342,other_active,33.837500000000006,132.775,33.841666666666676,132.78125,33.83958333333334,132.778125
2025-11,2024-12,503266031,1,114,13.08,-0.4342,other_active,33.833333333333336,132.7875,33.837500000000006,132.79375,33.835416666666674,132.79062499999998
2025-11,2024-12,503266122,1,115,12.31,-0.4342,other_active,33.84166666666667,132.78125,33.84583333333334,132.7875,33.84375,132.784375
2025-11,2024-12,503266132,1,116,11.54,-0.4342,other_active,33.84166666666667,132.79375,33.84583333333334,132.79999999999998,33.84375,132.796875
2025-11,2024-12,503266133,1,117,10.77,-0.4342,other_active,33.84583333333334,132.7875,33.85000000000001,132.79375,33.84791666666668,132.79062499999998
2025-11,2024-12,503266134,1,118,10.0,-0.4342,other_active,33.84583333333334,132.79375,33.85000000000001,132.79999999999998,33.84791666666668,132.796875
2025-11,2024-12,503266143,1,119,9.23,-0.4342,other_active,33.84583333333334,132.8,33.85000000000001,132.80625,33.84791666666668,132.80312500000002
2025-11,2024-12,503266201,1,120,8.46,-0.4342,other_active,33.85,132.75,33.85416666666667,132.75625,33.85208333333334,132.753125
2025-11,2024-12,503266302,1,121,7.69,-0.4342,other_active,33.858333333333334,132.75625,33.862500000000004,132.7625,33.860416666666666,132.75937499999998
2025-11,2024-12,503266304,1,122,6.92,-0.4342,other_active,33.862500000000004,132.75625,33.866666666666674,132.7625,33.86458333333334,132.75937499999998
2025-11,2024-12,503266403,1,123,6.15,-0.4342,other_active,33.87083333333334,132.75,33.87500000000001,132.75625,33.87291666666667,132.753125
2025-11,2024-12,503274482,1,124,5.38,-0.4342,other_active,33.95,132.60625,33.95416666666667,132.61249999999998,33.952083333333334,132.609375
2025-11,2024-12,503275403,1,125,4.62,-0.4342,other_active,33.95416666666667,132.625,33.95833333333334,132.63125,33.95625000000001,132.628125
2025-11,2024-12,503275501,1,126,3.85,-0.4342,other_active,33.958333333333336,132.625,33.962500000000006,132.63125,33.960416666666674,132.628125
2025-11,2024-12,503275603,1,127,3.08,-0.4342,other_active,33.97083333333334,132.625,33.97500000000001,132.63125,33.97291666666668,132.628125
2025-11,2024-12,503276512,1,128,2.31,-0.4342,other_active,33.958333333333336,132.76874999999998,33.962500000000006,132.77499999999998,33.960416666666674,132.77187499999997
2025-11,2024-12,503276522,1,129,1.54,-0.4342,other_active,33.958333333333336,132.78125,33.962500000000006,132.7875,33.960416666666674,132.784375
2025-11,2024-12,503276712,1,130,0.77,-0.4342,other_active,33.975,132.76874999999998,33.97916666666667,132.77499999999998,33.97708333333334,132.77187499999997
2025-12,2025-01,503266222,30,1,100.0,9.4257,top_5pct_active,33.85,132.78125,33.85416666666667,132.7875,33.85208333333334,132.784375
2025-12,2025-01,503256814,11,2,99.22,2.9689,top_5pct_active,33.82083333333334,132.76874999999998,33.82500000000001,132.77499999999998,33.82291666666667,132.77187499999997
2025-12,2025-01,503256823,9,3,98.45,2.2892,top_5pct_active,33.82083333333334,132.775,33.82500000000001,132.78125,33.82291666666667,132.778125
2025-12,2025-01,503265373,7,4,97.67,1.6096,top_5pct_active,33.862500000000004,132.7125,33.866666666666674,132.71875,33.86458333333334,132.715625
2025-12,2025-01,503255971,5,5,96.9,0.9299,top_5pct_active,33.825,132.7125,33.82916666666667,132.71875,33.827083333333334,132.715625
2025-12,2025-01,503256712,5,6,96.12,0.9299,top_5pct_active,33.80833333333333,132.76874999999998,33.8125,132.77499999999998,33.81041666666667,132.77187499999997
2025-12,2025-01,503256803,5,7,95.35,0.9299,top_5pct_active,33.82083333333334,132.75,33.82500000000001,132.75625,33.82291666666667,132.753125
2025-12,2025-01,503256934,5,8,94.57,0.9299,top_20pct_active,33.82916666666667,132.79375,33.83333333333334,132.79999999999998,33.83125000000001,132.796875
2025-12,2025-01,503265372,5,9,93.8,0.9299,top_20pct_active,33.858333333333334,132.71875,33.862500000000004,132.725,33.860416666666666,132.721875
2025-12,2025-01,503266101,5,10,93.02,0.9299,top_20pct_active,33.84166666666667,132.75,33.84583333333334,132.75625,33.84375,132.753125
2025-12,2025-01,503266203,5,11,92.25,0.9299,top_20pct_active,33.85416666666667,132.75,33.85833333333334,132.75625,33.85625,132.753125
2025-12,2025-01,503266231,5,12,91.47,0.9299,top_20pct_active,33.85,132.7875,33.85416666666667,132.79375,33.85208333333334,132.79062499999998
2025-12,2025-01,503255992,4,13,90.7,0.5901,top_20pct_active,33.825,132.74375,33.82916666666667,132.75,33.827083333333334,132.746875
2025-12,2025-01,503256711,4,14,89.92,0.5901,top_20pct_active,33.80833333333333,132.7625,33.8125,132.76874999999998,33.81041666666667,132.765625
2025-12,2025-01,503256732,4,15,89.15,0.5901,top_20pct_active,33.80833333333333,132.79375,33.8125,132.79999999999998,33.81041666666667,132.796875
2025-12,2025-01,503256902,4,16,88.37,0.5901,top_20pct_active,33.825,132.75625,33.82916666666667,132.7625,33.827083333333334,132.75937499999998
2025-12,2025-01,503256914,4,17,87.6,0.5901,top_20pct_active,33.82916666666667,132.76874999999998,33.83333333333334,132.77499999999998,33.83125000000001,132.77187499999997
2025-12,2025-01,503256923,4,18,86.82,0.5901,top_20pct_active,33.82916666666667,132.775,33.83333333333334,132.78125,33.83125000000001,132.778125
2025-12,2025-01,503256931,4,19,86.05,0.5901,top_20pct_active,33.825,132.7875,33.82916666666667,132.79375,33.827083333333334,132.79062499999998
2025-12,2025-01,503266022,4,20,85.27,0.5901,top_20pct_active,33.833333333333336,132.78125,33.837500000000006,132.7875,33.835416666666674,132.784375
2025-12,2025-01,503255782,3,21,84.5,0.2503,top_20pct_active,33.80833333333333,132.73125,33.8125,132.73749999999998,33.81041666666667,132.734375
2025-12,2025-01,503256634,3,22,83.72,0.2503,top_20pct_active,33.80416666666667,132.79375,33.80833333333334,132.79999999999998,33.806250000000006,132.796875
2025-12,2025-01,503256702,3,23,82.95,0.2503,top_20pct_active,33.80833333333333,132.75625,33.8125,132.7625,33.81041666666667,132.75937499999998
2025-12,2025-01,503256704,3,24,82.17,0.2503,top_20pct_active,33.8125,132.75625,33.81666666666667,132.7625,33.81458333333333,132.75937499999998
2025-12,2025-01,503256721,3,25,81.4,0.2503,top_20pct_active,33.80833333333333,132.775,33.8125,132.78125,33.81041666666667,132.778125
2025-12,2025-01,503256741,3,26,80.62,0.2503,top_20pct_active,33.80833333333333,132.8,33.8125,132.80625,33.81041666666667,132.80312500000002
2025-12,2025-01,503256821,3,27,79.84,0.2503,other_active,33.81666666666667,132.775,33.82083333333334,132.78125,33.81875000000001,132.778125
2025-12,2025-01,503256924,3,28,79.07,0.2503,other_active,33.82916666666667,132.78125,33.83333333333334,132.7875,33.83125000000001,132.784375
2025-12,2025-01,503265283,3,29,78.29,0.2503,other_active,33.85416666666667,132.725,33.85833333333334,132.73125,33.85625,132.72812499999998
2025-12,2025-01,503265371,3,30,77.52,0.2503,other_active,33.858333333333334,132.7125,33.862500000000004,132.71875,33.860416666666666,132.715625
2025-12,2025-01,503265381,3,31,76.74,0.2503,other_active,33.858333333333334,132.725,33.862500000000004,132.73125,33.860416666666666,132.72812499999998
2025-12,2025-01,503266024,3,32,75.97,0.2503,other_active,33.837500000000006,132.78125,33.841666666666676,132.7875,33.83958333333334,132.784375
2025-12,2025-01,503266303,3,33,75.19,0.2503,other_active,33.862500000000004,132.75,33.866666666666674,132.75625,33.86458333333334,132.753125
2025-12,2025-01,503276521,3,34,74.42,0.2503,other_active,33.958333333333336,132.775,33.962500000000006,132.78125,33.960416666666674,132.778125
2025-12,2025-01,503255683,2,35,73.64,-0.0896,other_active,33.80416666666667,132.725,33.80833333333334,132.73125,33.806250000000006,132.72812499999998
2025-12,2025-01,503255982,2,36,72.87,-0.0896,other_active,33.825,132.73125,33.82916666666667,132.73749999999998,33.827083333333334,132.734375
2025-12,2025-01,503255983,2,37,72.09,-0.0896,other_active,33.82916666666667,132.725,33.83333333333334,132.73125,33.83125000000001,132.72812499999998
2025-12,2025-01,503256801,2,38,71.32,-0.0896,other_active,33.81666666666667,132.75,33.82083333333334,132.75625,33.81875000000001,132.753125
2025-12,2025-01,503256802,2,39,70.54,-0.0896,other_active,33.81666666666667,132.75625,33.82083333333334,132.7625,33.81875000000001,132.75937499999998
2025-12,2025-01,503256804,2,40,69.77,-0.0896,other_active,33.82083333333334,132.75625,33.82500000000001,132.7625,33.82291666666667,132.75937499999998
2025-12,2025-01,503256811,2,41,68.99,-0.0896,other_active,33.81666666666667,132.7625,33.82083333333334,132.76874999999998,33.81875000000001,132.765625
2025-12,2025-01,503256911,2,42,68.22,-0.0896,other_active,33.825,132.7625,33.82916666666667,132.76874999999998,33.827083333333334,132.765625
2025-12,2025-01,503256912,2,43,67.44,-0.0896,other_active,33.825,132.76874999999998,33.82916666666667,132.77499999999998,33.827083333333334,132.77187499999997
2025-12,2025-01,503256933,2,44,66.67,-0.0896,other_active,33.82916666666667,132.7875,33.83333333333334,132.79375,33.83125000000001,132.79062499999998
2025-12,2025-01,503265092,2,45,65.89,-0.0896,other_active,33.833333333333336,132.74375,33.837500000000006,132.75,33.835416666666674,132.746875
2025-12,2025-01,503265273,2,46,65.12,-0.0896,other_active,33.85416666666667,132.7125,33.85833333333334,132.71875,33.85625,132.715625
2025-12,2025-01,503265274,2,47,64.34,-0.0896,other_active,33.85416666666667,132.71875,33.85833333333334,132.725,33.85625,132.721875
2025-12,2025-01,503265292,2,48,63.57,-0.0896,other_active,33.85,132.74375,33.85416666666667,132.75,33.85208333333334,132.746875
2025-12,2025-01,503265383,2,49,62.79,-0.0896,other_active,33.862500000000004,132.725,33.866666666666674,132.73125,33.86458333333334,132.72812499999998
2025-12,2025-01,503266021,2,50,62.02,-0.0896,other_active,33.833333333333336,132.775,33.837500000000006,132.78125,33.835416666666674,132.778125
2025-12,2025-01,503266031,2,51,61.24,-0.0896,other_active,33.833333333333336,132.7875,33.837500000000006,132.79375,33.835416666666674,132.79062499999998
2025-12,2025-01,503266033,2,52,60.47,-0.0896,other_active,33.837500000000006,132.7875,33.841666666666676,132.79375,33.83958333333334,132.79062499999998
2025-12,2025-01,503266103,2,53,59.69,-0.0896,other_active,33.84583333333334,132.75,33.85000000000001,132.75625,33.84791666666668,132.753125
2025-12,2025-01,503266212,2,54,58.91,-0.0896,other_active,33.85,132.76874999999998,33.85416666666667,132.77499999999998,33.85208333333334,132.77187499999997
2025-12,2025-01,503266221,2,55,58.14,-0.0896,other_active,33.85,132.775,33.85416666666667,132.78125,33.85208333333334,132.778125
2025-12,2025-01,503266223,2,56,57.36,-0.0896,other_active,33.85416666666667,132.775,33.85833333333334,132.78125,33.85625,132.778125
2025-12,2025-01,503266301,2,57,56.59,-0.0896,other_active,33.858333333333334,132.75,33.862500000000004,132.75625,33.860416666666666,132.753125
2025-12,2025-01,503266403,2,58,55.81,-0.0896,other_active,33.87083333333334,132.75,33.87500000000001,132.75625,33.87291666666667,132.753125
2025-12,2025-01,503276314,2,59,55.04,-0.0896,other_active,33.94583333333334,132.76874999999998,33.95000000000001,132.77499999999998,33.94791666666667,132.77187499999997
2025-12,2025-01,503276421,2,60,54.26,-0.0896,other_active,33.95,132.775,33.95416666666667,132.78125,33.952083333333334,132.778125
2025-12,2025-01,503255783,1,61,53.49,-0.4294,other_active,33.8125,132.725,33.81666666666667,132.73125,33.81458333333333,132.72812499999998
2025-12,2025-01,503255792,1,62,52.71,-0.4294,other_active,33.80833333333333,132.74375,33.8125,132.75,33.81041666666667,132.746875
2025-12,2025-01,503255793,1,63,51.94,-0.4294,other_active,33.8125,132.7375,33.81666666666667,132.74375,33.81458333333333,132.74062500000002
2025-12,2025-01,503255794,1,64,51.16,-0.4294,other_active,33.8125,132.74375,33.81666666666667,132.75,33.81458333333333,132.746875
2025-12,2025-01,503255854,1,65,50.39,-0.4294,other_active,33.82083333333334,132.69375,33.82500000000001,132.7,33.82291666666667,132.69687499999998
2025-12,2025-01,503255873,1,66,49.61,-0.4294,other_active,33.82083333333334,132.7125,33.82500000000001,132.71875,33.82291666666667,132.715625
2025-12,2025-01,503255892,1,67,48.84,-0.4294,other_active,33.81666666666667,132.74375,33.82083333333334,132.75,33.81875000000001,132.746875
2025-12,2025-01,503255893,1,68,48.06,-0.4294,other_active,33.82083333333334,132.7375,33.82500000000001,132.74375,33.82291666666667,132.74062500000002
2025-12,2025-01,503255894,1,69,47.29,-0.4294,other_active,33.82083333333334,132.74375,33.82500000000001,132.75,33.82291666666667,132.746875
2025-12,2025-01,503255964,1,70,46.51,-0.4294,other_active,33.82916666666667,132.70624999999998,33.83333333333334,132.71249999999998,33.83125000000001,132.70937499999997
2025-12,2025-01,503255972,1,71,45.74,-0.4294,other_active,33.825,132.71875,33.82916666666667,132.725,33.827083333333334,132.721875
2025-12,2025-01,503255974,1,72,44.96,-0.4294,other_active,33.82916666666667,132.71875,33.83333333333334,132.725,33.83125000000001,132.721875
2025-12,2025-01,503255981,1,73,44.19,-0.4294,other_active,33.825,132.725,33.82916666666667,132.73125,33.827083333333334,132.72812499999998
2025-12,2025-01,503255991,1,74,43.41,-0.4294,other_active,33.825,132.7375,33.82916666666667,132.74375,33.827083333333334,132.74062500000002
2025-12,2025-01,503255994,1,75,42.64,-0.4294,other_active,33.82916666666667,132.74375,33.83333333333334,132.75,33.83125000000001,132.746875
2025-12,2025-01,503256524,1,76,41.86,-0.4294,other_active,33.795833333333334,132.78125,33.800000000000004,132.7875,33.797916666666666,132.784375
2025-12,2025-01,503256613,1,77,41.09,-0.4294,other_active,33.80416666666667,132.7625,33.80833333333334,132.76874999999998,33.806250000000006,132.765625
2025-12,2025-01,503256624,1,78,40.31,-0.4294,other_active,33.80416666666667,132.78125,33.80833333333334,132.7875,33.806250000000006,132.784375
2025-12,2025-01,503256633,1,79,39.53,-0.4294,other_active,33.80416666666667,132.7875,33.80833333333334,132.79375,33.806250000000006,132.79062499999998
2025-12,2025-01,503256703,1,80,38.76,-0.4294,other_active,33.8125,132.75,33.81666666666667,132.75625,33.81458333333333,132.753125
2025-12,2025-01,503256713,1,81,37.98,-0.4294,other_active,33.8125,132.7625,33.81666666666667,132.76874999999998,33.81458333333333,132.765625
2025-12,2025-01,503256724,1,82,37.21,-0.4294,other_active,33.8125,132.78125,33.81666666666667,132.7875,33.81458333333333,132.784375
2025-12,2025-01,503256731,1,83,36.43,-0.4294,other_active,33.80833333333333,132.7875,33.8125,132.79375,33.81041666666667,132.79062499999998
2025-12,2025-01,503256744,1,84,35.66,-0.4294,other_active,33.8125,132.80625,33.81666666666667,132.8125,33.81458333333333,132.809375
2025-12,2025-01,503256751,1,85,34.88,-0.4294,other_active,33.80833333333333,132.8125,33.8125,132.81875,33.81041666666667,132.815625
2025-12,2025-01,503256752,1,86,34.11,-0.4294,other_active,33.80833333333333,132.81875,33.8125,132.825,33.81041666666667,132.82187499999998
2025-12,2025-01,503256753,1,87,33.33,-0.4294,other_active,33.8125,132.8125,33.81666666666667,132.81875,33.81458333333333,132.815625
2025-12,2025-01,503256812,1,88,32.56,-0.4294,other_active,33.81666666666667,132.76874999999998,33.82083333333334,132.77499999999998,33.81875000000001,132.77187499999997
2025-12,2025-01,503256822,1,89,31.78,-0.4294,other_active,33.81666666666667,132.78125,33.82083333333334,132.7875,33.81875000000001,132.784375
2025-12,2025-01,503256903,1,90,31.01,-0.4294,other_active,33.82916666666667,132.75,33.83333333333334,132.75625,33.83125000000001,132.753125
2025-12,2025-01,503256904,1,91,30.23,-0.4294,other_active,33.82916666666667,132.75625,33.83333333333334,132.7625,33.83125000000001,132.75937499999998
2025-12,2025-01,503256913,1,92,29.46,-0.4294,other_active,33.82916666666667,132.7625,33.83333333333334,132.76874999999998,33.83125000000001,132.765625
2025-12,2025-01,503256922,1,93,28.68,-0.4294,other_active,33.825,132.78125,33.82916666666667,132.7875,33.827083333333334,132.784375
2025-12,2025-01,503265091,1,94,27.91,-0.4294,other_active,33.833333333333336,132.7375,33.837500000000006,132.74375,33.835416666666674,132.74062500000002
2025-12,2025-01,503265093,1,95,27.13,-0.4294,other_active,33.837500000000006,132.7375,33.841666666666676,132.74375,33.83958333333334,132.74062500000002
2025-12,2025-01,503265094,1,96,26.36,-0.4294,other_active,33.837500000000006,132.74375,33.841666666666676,132.75,33.83958333333334,132.746875
2025-12,2025-01,503265194,1,97,25.58,-0.4294,other_active,33.84583333333334,132.74375,33.85000000000001,132.75,33.84791666666668,132.746875
2025-12,2025-01,503265272,1,98,24.81,-0.4294,other_active,33.85,132.71875,33.85416666666667,132.725,33.85208333333334,132.721875
2025-12,2025-01,503265284,1,99,24.03,-0.4294,other_active,33.85416666666667,132.73125,33.85833333333334,132.73749999999998,33.85625,132.734375
2025-12,2025-01,503265294,1,100,23.26,-0.4294,other_active,33.85416666666667,132.74375,33.85833333333334,132.75,33.85625,132.746875
2025-12,2025-01,503265364,1,101,22.48,-0.4294,other_active,33.862500000000004,132.70624999999998,33.866666666666674,132.71249999999998,33.86458333333334,132.70937499999997
2025-12,2025-01,503265462,1,102,21.71,-0.4294,other_active,33.86666666666667,132.70624999999998,33.87083333333334,132.71249999999998,33.868750000000006,132.70937499999997
2025-12,2025-01,503265471,1,103,20.93,-0.4294,other_active,33.86666666666667,132.7125,33.87083333333334,132.71875,33.868750000000006,132.715625
2025-12,2025-01,503265472,1,104,20.16,-0.4294,other_active,33.86666666666667,132.71875,33.87083333333334,132.725,33.868750000000006,132.721875
2025-12,2025-01,503265481,1,105,19.38,-0.4294,other_active,33.86666666666667,132.725,33.87083333333334,132.73125,33.868750000000006,132.72812499999998
2025-12,2025-01,503265492,1,106,18.6,-0.4294,other_active,33.86666666666667,132.74375,33.87083333333334,132.75,33.868750000000006,132.746875
2025-12,2025-01,503265783,1,107,17.83,-0.4294,other_active,33.895833333333336,132.725,33.900000000000006,132.73125,33.897916666666674,132.72812499999998
2025-12,2025-01,503265791,1,108,17.05,-0.4294,other_active,33.891666666666666,132.7375,33.895833333333336,132.74375,33.89375,132.74062500000002
2025-12,2025-01,503265792,1,109,16.28,-0.4294,other_active,33.891666666666666,132.74375,33.895833333333336,132.75,33.89375,132.746875
2025-12,2025-01,503265882,1,110,15.5,-0.4294,other_active,33.900000000000006,132.73125,33.904166666666676,132.73749999999998,33.90208333333334,132.734375
2025-12,2025-01,503266001,1,111,14.73,-0.4294,other_active,33.833333333333336,132.75,33.837500000000006,132.75625,33.835416666666674,132.753125
2025-12,2025-01,503266023,1,112,13.95,-0.4294,other_active,33.837500000000006,132.775,33.841666666666676,132.78125,33.83958333333334,132.778125
2025-12,2025-01,503266122,1,113,13.18,-0.4294,other_active,33.84166666666667,132.78125,33.84583333333334,132.7875,33.84375,132.784375
2025-12,2025-01,503266124,1,114,12.4,-0.4294,other_active,33.84583333333334,132.78125,33.85000000000001,132.7875,33.84791666666668,132.784375
2025-12,2025-01,503266132,1,115,11.63,-0.4294,other_active,33.84166666666667,132.79375,33.84583333333334,132.79999999999998,33.84375,132.796875
2025-12,2025-01,503266133,1,116,10.85,-0.4294,other_active,33.84583333333334,132.7875,33.85000000000001,132.79375,33.84791666666668,132.79062499999998
2025-12,2025-01,503266143,1,117,10.08,-0.4294,other_active,33.84583333333334,132.8,33.85000000000001,132.80625,33.84791666666668,132.80312500000002
2025-12,2025-01,503266201,1,118,9.3,-0.4294,other_active,33.85,132.75,33.85416666666667,132.75625,33.85208333333334,132.753125
2025-12,2025-01,503266224,1,119,8.53,-0.4294,other_active,33.85416666666667,132.78125,33.85833333333334,132.7875,33.85625,132.784375
2025-12,2025-01,503266302,1,120,7.75,-0.4294,other_active,33.858333333333334,132.75625,33.862500000000004,132.7625,33.860416666666666,132.75937499999998
2025-12,2025-01,503266304,1,121,6.98,-0.4294,other_active,33.862500000000004,132.75625,33.866666666666674,132.7625,33.86458333333334,132.75937499999998
2025-12,2025-01,503266401,1,122,6.2,-0.4294,other_active,33.86666666666667,132.75,33.87083333333334,132.75625,33.868750000000006,132.753125
2025-12,2025-01,503274482,1,123,5.43,-0.4294,other_active,33.95,132.60625,33.95416666666667,132.61249999999998,33.952083333333334,132.609375
2025-12,2025-01,503275403,1,124,4.65,-0.4294,other_active,33.95416666666667,132.625,33.95833333333334,132.63125,33.95625000000001,132.628125
2025-12,2025-01,503275501,1,125,3.88,-0.4294,other_active,33.958333333333336,132.625,33.962500000000006,132.63125,33.960416666666674,132.628125
2025-12,2025-01,503275603,1,126,3.1,-0.4294,other_active,33.97083333333334,132.625,33.97500000000001,132.63125,33.97291666666668,132.628125
2025-12,2025-01,503276512,1,127,2.33,-0.4294,other_active,33.958333333333336,132.76874999999998,33.962500000000006,132.77499999999998,33.960416666666674,132.77187499999997
2025-12,2025-01,503276522,1,128,1.55,-0.4294,other_active,33.958333333333336,132.78125,33.962500000000006,132.7875,33.960416666666674,132.784375
2025-12,2025-01,503276712,1,129,0.78,-0.4294,other_active,33.975,132.76874999999998,33.97916666666667,132.77499999999998,33.97708333333334,132.77187499999997
2026-01,2025-02,503266222,28,1,100.0,9.1851,top_5pct_active,33.85,132.78125,33.85416666666667,132.7875,33.85208333333334,132.784375
2026-01,2025-02,503256814,10,2,99.22,2.7644,top_5pct_active,33.82083333333334,132.76874999999998,33.82500000000001,132.77499999999998,33.82291666666667,132.77187499999997
2026-01,2025-02,503265373,9,3,98.44,2.4077,top_5pct_active,33.862500000000004,132.7125,33.866666666666674,132.71875,33.86458333333334,132.715625
2026-01,2025-02,503256823,8,4,97.66,2.051,top_5pct_active,33.82083333333334,132.775,33.82500000000001,132.78125,33.82291666666667,132.778125
2026-01,2025-02,503255971,5,5,96.88,0.9809,top_5pct_active,33.825,132.7125,33.82916666666667,132.71875,33.827083333333334,132.715625
2026-01,2025-02,503256712,5,6,96.09,0.9809,top_5pct_active,33.80833333333333,132.76874999999998,33.8125,132.77499999999998,33.81041666666667,132.77187499999997
2026-01,2025-02,503256803,5,7,95.31,0.9809,top_5pct_active,33.82083333333334,132.75,33.82500000000001,132.75625,33.82291666666667,132.753125
2026-01,2025-02,503256934,5,8,94.53,0.9809,top_20pct_active,33.82916666666667,132.79375,33.83333333333334,132.79999999999998,33.83125000000001,132.796875
2026-01,2025-02,503265372,5,9,93.75,0.9809,top_20pct_active,33.858333333333334,132.71875,33.862500000000004,132.725,33.860416666666666,132.721875
2026-01,2025-02,503266101,5,10,92.97,0.9809,top_20pct_active,33.84166666666667,132.75,33.84583333333334,132.75625,33.84375,132.753125
2026-01,2025-02,503266203,5,11,92.19,0.9809,top_20pct_active,33.85416666666667,132.75,33.85833333333334,132.75625,33.85625,132.753125
2026-01,2025-02,503266231,5,12,91.41,0.9809,top_20pct_active,33.85,132.7875,33.85416666666667,132.79375,33.85208333333334,132.79062499999998
2026-01,2025-02,503255992,4,13,90.62,0.6242,top_20pct_active,33.825,132.74375,33.82916666666667,132.75,33.827083333333334,132.746875
2026-01,2025-02,503256702,4,14,89.84,0.6242,top_20pct_active,33.80833333333333,132.75625,33.8125,132.7625,33.81041666666667,132.75937499999998
2026-01,2025-02,503256711,4,15,89.06,0.6242,top_20pct_active,33.80833333333333,132.7625,33.8125,132.76874999999998,33.81041666666667,132.765625
2026-01,2025-02,503256732,4,16,88.28,0.6242,top_20pct_active,33.80833333333333,132.79375,33.8125,132.79999999999998,33.81041666666667,132.796875
2026-01,2025-02,503256902,4,17,87.5,0.6242,top_20pct_active,33.825,132.75625,33.82916666666667,132.7625,33.827083333333334,132.75937499999998
2026-01,2025-02,503256914,4,18,86.72,0.6242,top_20pct_active,33.82916666666667,132.76874999999998,33.83333333333334,132.77499999999998,33.83125000000001,132.77187499999997
2026-01,2025-02,503256923,4,19,85.94,0.6242,top_20pct_active,33.82916666666667,132.775,33.83333333333334,132.78125,33.83125000000001,132.778125
2026-01,2025-02,503256931,4,20,85.16,0.6242,top_20pct_active,33.825,132.7875,33.82916666666667,132.79375,33.827083333333334,132.79062499999998
2026-01,2025-02,503266022,4,21,84.38,0.6242,top_20pct_active,33.833333333333336,132.78125,33.837500000000006,132.7875,33.835416666666674,132.784375
2026-01,2025-02,503255782,3,22,83.59,0.2675,top_20pct_active,33.80833333333333,132.73125,33.8125,132.73749999999998,33.81041666666667,132.734375
2026-01,2025-02,503256634,3,23,82.81,0.2675,top_20pct_active,33.80416666666667,132.79375,33.80833333333334,132.79999999999998,33.806250000000006,132.796875
2026-01,2025-02,503256721,3,24,82.03,0.2675,top_20pct_active,33.80833333333333,132.775,33.8125,132.78125,33.81041666666667,132.778125
2026-01,2025-02,503256741,3,25,81.25,0.2675,top_20pct_active,33.80833333333333,132.8,33.8125,132.80625,33.81041666666667,132.80312500000002
2026-01,2025-02,503256821,3,26,80.47,0.2675,top_20pct_active,33.81666666666667,132.775,33.82083333333334,132.78125,33.81875000000001,132.778125
2026-01,2025-02,503256924,3,27,79.69,0.2675,other_active,33.82916666666667,132.78125,33.83333333333334,132.7875,33.83125000000001,132.784375
2026-01,2025-02,503265283,3,28,78.91,0.2675,other_active,33.85416666666667,132.725,33.85833333333334,132.73125,33.85625,132.72812499999998
2026-01,2025-02,503265371,3,29,78.12,0.2675,other_active,33.858333333333334,132.7125,33.862500000000004,132.71875,33.860416666666666,132.715625
2026-01,2025-02,503265381,3,30,77.34,0.2675,other_active,33.858333333333334,132.725,33.862500000000004,132.73125,33.860416666666666,132.72812499999998
2026-01,2025-02,503266024,3,31,76.56,0.2675,other_active,33.837500000000006,132.78125,33.841666666666676,132.7875,33.83958333333334,132.784375
2026-01,2025-02,503266303,3,32,75.78,0.2675,other_active,33.862500000000004,132.75,33.866666666666674,132.75625,33.86458333333334,132.753125
2026-01,2025-02,503276521,3,33,75.0,0.2675,other_active,33.958333333333336,132.775,33.962500000000006,132.78125,33.960416666666674,132.778125
2026-01,2025-02,503255683,2,34,74.22,-0.0892,other_active,33.80416666666667,132.725,33.80833333333334,132.73125,33.806250000000006,132.72812499999998
2026-01,2025-02,503255982,2,35,73.44,-0.0892,other_active,33.825,132.73125,33.82916666666667,132.73749999999998,33.827083333333334,132.734375
2026-01,2025-02,503255983,2,36,72.66,-0.0892,other_active,33.82916666666667,132.725,33.83333333333334,132.73125,33.83125000000001,132.72812499999998
2026-01,2025-02,503255991,2,37,71.88,-0.0892,other_active,33.825,132.7375,33.82916666666667,132.74375,33.827083333333334,132.74062500000002
2026-01,2025-02,503256704,2,38,71.09,-0.0892,other_active,33.8125,132.75625,33.81666666666667,132.7625,33.81458333333333,132.75937499999998
2026-01,2025-02,503256801,2,39,70.31,-0.0892,other_active,33.81666666666667,132.75,33.82083333333334,132.75625,33.81875000000001,132.753125
2026-01,2025-02,503256802,2,40,69.53,-0.0892,other_active,33.81666666666667,132.75625,33.82083333333334,132.7625,33.81875000000001,132.75937499999998
2026-01,2025-02,503256804,2,41,68.75,-0.0892,other_active,33.82083333333334,132.75625,33.82500000000001,132.7625,33.82291666666667,132.75937499999998
2026-01,2025-02,503256811,2,42,67.97,-0.0892,other_active,33.81666666666667,132.7625,33.82083333333334,132.76874999999998,33.81875000000001,132.765625
2026-01,2025-02,503256912,2,43,67.19,-0.0892,other_active,33.825,132.76874999999998,33.82916666666667,132.77499999999998,33.827083333333334,132.77187499999997
2026-01,2025-02,503256933,2,44,66.41,-0.0892,other_active,33.82916666666667,132.7875,33.83333333333334,132.79375,33.83125000000001,132.79062499999998
2026-01,2025-02,503265092,2,45,65.62,-0.0892,other_active,33.833333333333336,132.74375,33.837500000000006,132.75,33.835416666666674,132.746875
2026-01,2025-02,503265273,2,46,64.84,-0.0892,other_active,33.85416666666667,132.7125,33.85833333333334,132.71875,33.85625,132.715625
2026-01,2025-02,503265274,2,47,64.06,-0.0892,other_active,33.85416666666667,132.71875,33.85833333333334,132.725,33.85625,132.721875
2026-01,2025-02,503265292,2,48,63.28,-0.0892,other_active,33.85,132.74375,33.85416666666667,132.75,33.85208333333334,132.746875
2026-01,2025-02,503265383,2,49,62.5,-0.0892,other_active,33.862500000000004,132.725,33.866666666666674,132.73125,33.86458333333334,132.72812499999998
2026-01,2025-02,503266021,2,50,61.72,-0.0892,other_active,33.833333333333336,132.775,33.837500000000006,132.78125,33.835416666666674,132.778125
2026-01,2025-02,503266031,2,51,60.94,-0.0892,other_active,33.833333333333336,132.7875,33.837500000000006,132.79375,33.835416666666674,132.79062499999998
2026-01,2025-02,503266033,2,52,60.16,-0.0892,other_active,33.837500000000006,132.7875,33.841666666666676,132.79375,33.83958333333334,132.79062499999998
2026-01,2025-02,503266103,2,53,59.38,-0.0892,other_active,33.84583333333334,132.75,33.85000000000001,132.75625,33.84791666666668,132.753125
2026-01,2025-02,503266221,2,54,58.59,-0.0892,other_active,33.85,132.775,33.85416666666667,132.78125,33.85208333333334,132.778125
2026-01,2025-02,503266223,2,55,57.81,-0.0892,other_active,33.85416666666667,132.775,33.85833333333334,132.78125,33.85625,132.778125
2026-01,2025-02,503266301,2,56,57.03,-0.0892,other_active,33.858333333333334,132.75,33.862500000000004,132.75625,33.860416666666666,132.753125
2026-01,2025-02,503266403,2,57,56.25,-0.0892,other_active,33.87083333333334,132.75,33.87500000000001,132.75625,33.87291666666667,132.753125
2026-01,2025-02,503276314,2,58,55.47,-0.0892,other_active,33.94583333333334,132.76874999999998,33.95000000000001,132.77499999999998,33.94791666666667,132.77187499999997
2026-01,2025-02,503276421,2,59,54.69,-0.0892,other_active,33.95,132.775,33.95416666666667,132.78125,33.952083333333334,132.778125
2026-01,2025-02,503255783,1,60,53.91,-0.4459,other_active,33.8125,132.725,33.81666666666667,132.73125,33.81458333333333,132.72812499999998
2026-01,2025-02,503255792,1,61,53.12,-0.4459,other_active,33.80833333333333,132.74375,33.8125,132.75,33.81041666666667,132.746875
2026-01,2025-02,503255793,1,62,52.34,-0.4459,other_active,33.8125,132.7375,33.81666666666667,132.74375,33.81458333333333,132.74062500000002
2026-01,2025-02,503255794,1,63,51.56,-0.4459,other_active,33.8125,132.74375,33.81666666666667,132.75,33.81458333333333,132.746875
2026-01,2025-02,503255854,1,64,50.78,-0.4459,other_active,33.82083333333334,132.69375,33.82500000000001,132.7,33.82291666666667,132.69687499999998
2026-01,2025-02,503255873,1,65,50.0,-0.4459,other_active,33.82083333333334,132.7125,33.82500000000001,132.71875,33.82291666666667,132.715625
2026-01,2025-02,503255892,1,66,49.22,-0.4459,other_active,33.81666666666667,132.74375,33.82083333333334,132.75,33.81875000000001,132.746875
2026-01,2025-02,503255893,1,67,48.44,-0.4459,other_active,33.82083333333334,132.7375,33.82500000000001,132.74375,33.82291666666667,132.74062500000002
2026-01,2025-02,503255894,1,68,47.66,-0.4459,other_active,33.82083333333334,132.74375,33.82500000000001,132.75,33.82291666666667,132.746875
2026-01,2025-02,503255964,1,69,46.88,-0.4459,other_active,33.82916666666667,132.70624999999998,33.83333333333334,132.71249999999998,33.83125000000001,132.70937499999997
2026-01,2025-02,503255972,1,70,46.09,-0.4459,other_active,33.825,132.71875,33.82916666666667,132.725,33.827083333333334,132.721875
2026-01,2025-02,503255974,1,71,45.31,-0.4459,other_active,33.82916666666667,132.71875,33.83333333333334,132.725,33.83125000000001,132.721875
2026-01,2025-02,503255981,1,72,44.53,-0.4459,other_active,33.825,132.725,33.82916666666667,132.73125,33.827083333333334,132.72812499999998
2026-01,2025-02,503255994,1,73,43.75,-0.4459,other_active,33.82916666666667,132.74375,33.83333333333334,132.75,33.83125000000001,132.746875
2026-01,2025-02,503256524,1,74,42.97,-0.4459,other_active,33.795833333333334,132.78125,33.800000000000004,132.7875,33.797916666666666,132.784375
2026-01,2025-02,503256611,1,75,42.19,-0.4459,other_active,33.8,132.7625,33.80416666666667,132.76874999999998,33.80208333333333,132.765625
2026-01,2025-02,503256613,1,76,41.41,-0.4459,other_active,33.80416666666667,132.7625,33.80833333333334,132.76874999999998,33.806250000000006,132.765625
2026-01,2025-02,503256624,1,77,40.62,-0.4459,other_active,33.80416666666667,132.78125,33.80833333333334,132.7875,33.806250000000006,132.784375
2026-01,2025-02,503256633,1,78,39.84,-0.4459,other_active,33.80416666666667,132.7875,33.80833333333334,132.79375,33.806250000000006,132.79062499999998
2026-01,2025-02,503256703,1,79,39.06,-0.4459,other_active,33.8125,132.75,33.81666666666667,132.75625,33.81458333333333,132.753125
2026-01,2025-02,503256713,1,80,38.28,-0.4459,other_active,33.8125,132.7625,33.81666666666667,132.76874999999998,33.81458333333333,132.765625
2026-01,2025-02,503256724,1,81,37.5,-0.4459,other_active,33.8125,132.78125,33.81666666666667,132.7875,33.81458333333333,132.784375
2026-01,2025-02,503256731,1,82,36.72,-0.4459,other_active,33.80833333333333,132.7875,33.8125,132.79375,33.81041666666667,132.79062499999998
2026-01,2025-02,503256744,1,83,35.94,-0.4459,other_active,33.8125,132.80625,33.81666666666667,132.8125,33.81458333333333,132.809375
2026-01,2025-02,503256751,1,84,35.16,-0.4459,other_active,33.80833333333333,132.8125,33.8125,132.81875,33.81041666666667,132.815625
2026-01,2025-02,503256752,1,85,34.38,-0.4459,other_active,33.80833333333333,132.81875,33.8125,132.825,33.81041666666667,132.82187499999998
2026-01,2025-02,503256753,1,86,33.59,-0.4459,other_active,33.8125,132.8125,33.81666666666667,132.81875,33.81458333333333,132.815625
2026-01,2025-02,503256812,1,87,32.81,-0.4459,other_active,33.81666666666667,132.76874999999998,33.82083333333334,132.77499999999998,33.81875000000001,132.77187499999997
2026-01,2025-02,503256822,1,88,32.03,-0.4459,other_active,33.81666666666667,132.78125,33.82083333333334,132.7875,33.81875000000001,132.784375
2026-01,2025-02,503256903,1,89,31.25,-0.4459,other_active,33.82916666666667,132.75,33.83333333333334,132.75625,33.83125000000001,132.753125
2026-01,2025-02,503256904,1,90,30.47,-0.4459,other_active,33.82916666666667,132.75625,33.83333333333334,132.7625,33.83125000000001,132.75937499999998
2026-01,2025-02,503256911,1,91,29.69,-0.4459,other_active,33.825,132.7625,33.82916666666667,132.76874999999998,33.827083333333334,132.765625
2026-01,2025-02,503256913,1,92,28.91,-0.4459,other_active,33.82916666666667,132.7625,33.83333333333334,132.76874999999998,33.83125000000001,132.765625
2026-01,2025-02,503256922,1,93,28.12,-0.4459,other_active,33.825,132.78125,33.82916666666667,132.7875,33.827083333333334,132.784375
2026-01,2025-02,503265091,1,94,27.34,-0.4459,other_active,33.833333333333336,132.7375,33.837500000000006,132.74375,33.835416666666674,132.74062500000002
2026-01,2025-02,503265093,1,95,26.56,-0.4459,other_active,33.837500000000006,132.7375,33.841666666666676,132.74375,33.83958333333334,132.74062500000002
2026-01,2025-02,503265094,1,96,25.78,-0.4459,other_active,33.837500000000006,132.74375,33.841666666666676,132.75,33.83958333333334,132.746875
2026-01,2025-02,503265194,1,97,25.0,-0.4459,other_active,33.84583333333334,132.74375,33.85000000000001,132.75,33.84791666666668,132.746875
2026-01,2025-02,503265272,1,98,24.22,-0.4459,other_active,33.85,132.71875,33.85416666666667,132.725,33.85208333333334,132.721875
2026-01,2025-02,503265284,1,99,23.44,-0.4459,other_active,33.85416666666667,132.73125,33.85833333333334,132.73749999999998,33.85625,132.734375
2026-01,2025-02,503265294,1,100,22.66,-0.4459,other_active,33.85416666666667,132.74375,33.85833333333334,132.75,33.85625,132.746875
2026-01,2025-02,503265462,1,101,21.88,-0.4459,other_active,33.86666666666667,132.70624999999998,33.87083333333334,132.71249999999998,33.868750000000006,132.70937499999997
2026-01,2025-02,503265471,1,102,21.09,-0.4459,other_active,33.86666666666667,132.7125,33.87083333333334,132.71875,33.868750000000006,132.715625
2026-01,2025-02,503265472,1,103,20.31,-0.4459,other_active,33.86666666666667,132.71875,33.87083333333334,132.725,33.868750000000006,132.721875
2026-01,2025-02,503265481,1,104,19.53,-0.4459,other_active,33.86666666666667,132.725,33.87083333333334,132.73125,33.868750000000006,132.72812499999998
2026-01,2025-02,503265492,1,105,18.75,-0.4459,other_active,33.86666666666667,132.74375,33.87083333333334,132.75,33.868750000000006,132.746875
2026-01,2025-02,503265783,1,106,17.97,-0.4459,other_active,33.895833333333336,132.725,33.900000000000006,132.73125,33.897916666666674,132.72812499999998
2026-01,2025-02,503265792,1,107,17.19,-0.4459,other_active,33.891666666666666,132.74375,33.895833333333336,132.75,33.89375,132.746875
2026-01,2025-02,503265882,1,108,16.41,-0.4459,other_active,33.900000000000006,132.73125,33.904166666666676,132.73749999999998,33.90208333333334,132.734375
2026-01,2025-02,503266001,1,109,15.62,-0.4459,other_active,33.833333333333336,132.75,33.837500000000006,132.75625,33.835416666666674,132.753125
2026-01,2025-02,503266023,1,110,14.84,-0.4459,other_active,33.837500000000006,132.775,33.841666666666676,132.78125,33.83958333333334,132.778125
2026-01,2025-02,503266122,1,111,14.06,-0.4459,other_active,33.84166666666667,132.78125,33.84583333333334,132.7875,33.84375,132.784375
2026-01,2025-02,503266124,1,112,13.28,-0.4459,other_active,33.84583333333334,132.78125,33.85000000000001,132.7875,33.84791666666668,132.784375
2026-01,2025-02,503266132,1,113,12.5,-0.4459,other_active,33.84166666666667,132.79375,33.84583333333334,132.79999999999998,33.84375,132.796875
2026-01,2025-02,503266133,1,114,11.72,-0.4459,other_active,33.84583333333334,132.7875,33.85000000000001,132.79375,33.84791666666668,132.79062499999998
2026-01,2025-02,503266143,1,115,10.94,-0.4459,other_active,33.84583333333334,132.8,33.85000000000001,132.80625,33.84791666666668,132.80312500000002
2026-01,2025-02,503266201,1,116,10.16,-0.4459,other_active,33.85,132.75,33.85416666666667,132.75625,33.85208333333334,132.753125
2026-01,2025-02,503266212,1,117,9.38,-0.4459,other_active,33.85,132.76874999999998,33.85416666666667,132.77499999999998,33.85208333333334,132.77187499999997
2026-01,2025-02,503266224,1,118,8.59,-0.4459,other_active,33.85416666666667,132.78125,33.85833333333334,132.7875,33.85625,132.784375
2026-01,2025-02,503266302,1,119,7.81,-0.4459,other_active,33.858333333333334,132.75625,33.862500000000004,132.7625,33.860416666666666,132.75937499999998
2026-01,2025-02,503266304,1,120,7.03,-0.4459,other_active,33.862500000000004,132.75625,33.866666666666674,132.7625,33.86458333333334,132.75937499999998
2026-01,2025-02,503266401,1,121,6.25,-0.4459,other_active,33.86666666666667,132.75,33.87083333333334,132.75625,33.868750000000006,132.753125
2026-01,2025-02,503274482,1,122,5.47,-0.4459,other_active,33.95,132.60625,33.95416666666667,132.61249999999998,33.952083333333334,132.609375
2026-01,2025-02,503275403,1,123,4.69,-0.4459,other_active,33.95416666666667,132.625,33.95833333333334,132.63125,33.95625000000001,132.628125
2026-01,2025-02,503275501,1,124,3.91,-0.4459,other_active,33.958333333333336,132.625,33.962500000000006,132.63125,33.960416666666674,132.628125
2026-01,2025-02,503275603,1,125,3.12,-0.4459,other_active,33.97083333333334,132.625,33.97500000000001,132.63125,33.97291666666668,132.628125
2026-01,2025-02,503276512,1,126,2.34,-0.4459,other_active,33.958333333333336,132.76874999999998,33.962500000000006,132.77499999999998,33.960416666666674,132.77187499999997
2026-01,2025-02,503276522,1,127,1.56,-0.4459,other_active,33.958333333333336,132.78125,33.962500000000006,132.7875,33.960416666666674,132.784375
2026-01,2025-02,503276712,1,128,0.78,-0.4459,other_active,33.975,132.76874999999998,33.97916666666667,132.77499999999998,33.97708333333334,132.77187499999997
2026-02,2025-03,503266222,35,1,100.0,9.5008,top_5pct_active,33.85,132.78125,33.85416666666667,132.7875,33.85208333333334,132.784375
2026-02,2025-03,503256814,10,2,99.17,2.1934,top_5pct_active,33.82083333333334,132.76874999999998,33.82500000000001,132.77499999999998,33.82291666666667,132.77187499999997
2026-02,2025-03,503265373,10,3,98.35,2.1934,top_5pct_active,33.862500000000004,132.7125,33.866666666666674,132.71875,33.86458333333334,132.715625
2026-02,2025-03,503256823,8,4,97.52,1.6088,top_5pct_active,33.82083333333334,132.775,33.82500000000001,132.78125,33.82291666666667,132.778125
2026-02,2025-03,503256712,6,5,96.69,1.0242,top_5pct_active,33.80833333333333,132.76874999999998,33.8125,132.77499999999998,33.81041666666667,132.77187499999997
2026-02,2025-03,503256934,6,6,95.87,1.0242,top_5pct_active,33.82916666666667,132.79375,33.83333333333334,132.79999999999998,33.83125000000001,132.796875
2026-02,2025-03,503255971,5,7,95.04,0.7319,top_5pct_active,33.825,132.7125,33.82916666666667,132.71875,33.827083333333334,132.715625
2026-02,2025-03,503255992,5,8,94.21,0.7319,top_20pct_active,33.825,132.74375,33.82916666666667,132.75,33.827083333333334,132.746875
2026-02,2025-03,503256803,5,9,93.39,0.7319,top_20pct_active,33.82083333333334,132.75,33.82500000000001,132.75625,33.82291666666667,132.753125
2026-02,2025-03,503256902,5,10,92.56,0.7319,top_20pct_active,33.825,132.75625,33.82916666666667,132.7625,33.827083333333334,132.75937499999998
2026-02,2025-03,503266101,5,11,91.74,0.7319,top_20pct_active,33.84166666666667,132.75,33.84583333333334,132.75625,33.84375,132.753125
2026-02,2025-03,503266203,5,12,90.91,0.7319,top_20pct_active,33.85416666666667,132.75,33.85833333333334,132.75625,33.85625,132.753125
2026-02,2025-03,503256702,4,13,90.08,0.4397,top_20pct_active,33.80833333333333,132.75625,33.8125,132.7625,33.81041666666667,132.75937499999998
2026-02,2025-03,503256711,4,14,89.26,0.4397,top_20pct_active,33.80833333333333,132.7625,33.8125,132.76874999999998,33.81041666666667,132.765625
2026-02,2025-03,503256914,4,15,88.43,0.4397,top_20pct_active,33.82916666666667,132.76874999999998,33.83333333333334,132.77499999999998,33.83125000000001,132.77187499999997
2026-02,2025-03,503256923,4,16,87.6,0.4397,top_20pct_active,33.82916666666667,132.775,33.83333333333334,132.78125,33.83125000000001,132.778125
2026-02,2025-03,503266022,4,17,86.78,0.4397,top_20pct_active,33.833333333333336,132.78125,33.837500000000006,132.7875,33.835416666666674,132.784375
2026-02,2025-03,503266231,4,18,85.95,0.4397,top_20pct_active,33.85,132.7875,33.85416666666667,132.79375,33.85208333333334,132.79062499999998
2026-02,2025-03,503266303,4,19,85.12,0.4397,top_20pct_active,33.862500000000004,132.75,33.866666666666674,132.75625,33.86458333333334,132.753125
2026-02,2025-03,503255782,3,20,84.3,0.1474,top_20pct_active,33.80833333333333,132.73125,33.8125,132.73749999999998,33.81041666666667,132.734375
2026-02,2025-03,503255983,3,21,83.47,0.1474,top_20pct_active,33.82916666666667,132.725,33.83333333333334,132.73125,33.83125000000001,132.72812499999998
2026-02,2025-03,503256634,3,22,82.64,0.1474,top_20pct_active,33.80416666666667,132.79375,33.80833333333334,132.79999999999998,33.806250000000006,132.796875
2026-02,2025-03,503256721,3,23,81.82,0.1474,top_20pct_active,33.80833333333333,132.775,33.8125,132.78125,33.81041666666667,132.778125
2026-02,2025-03,503256741,3,24,80.99,0.1474,top_20pct_active,33.80833333333333,132.8,33.8125,132.80625,33.81041666666667,132.80312500000002
2026-02,2025-03,503256801,3,25,80.17,0.1474,top_20pct_active,33.81666666666667,132.75,33.82083333333334,132.75625,33.81875000000001,132.753125
2026-02,2025-03,503256811,3,26,79.34,0.1474,other_active,33.81666666666667,132.7625,33.82083333333334,132.76874999999998,33.81875000000001,132.765625
2026-02,2025-03,503256821,3,27,78.51,0.1474,other_active,33.81666666666667,132.775,33.82083333333334,132.78125,33.81875000000001,132.778125
2026-02,2025-03,503256912,3,28,77.69,0.1474,other_active,33.825,132.76874999999998,33.82916666666667,132.77499999999998,33.827083333333334,132.77187499999997
2026-02,2025-03,503256924,3,29,76.86,0.1474,other_active,33.82916666666667,132.78125,33.83333333333334,132.7875,33.83125000000001,132.784375
2026-02,2025-03,503265092,3,30,76.03,0.1474,other_active,33.833333333333336,132.74375,33.837500000000006,132.75,33.835416666666674,132.746875
2026-02,2025-03,503265273,3,31,75.21,0.1474,other_active,33.85416666666667,132.7125,33.85833333333334,132.71875,33.85625,132.715625
2026-02,2025-03,503265283,3,32,74.38,0.1474,other_active,33.85416666666667,132.725,33.85833333333334,132.73125,33.85625,132.72812499999998
2026-02,2025-03,503265372,3,33,73.55,0.1474,other_active,33.858333333333334,132.71875,33.862500000000004,132.725,33.860416666666666,132.721875
2026-02,2025-03,503265381,3,34,72.73,0.1474,other_active,33.858333333333334,132.725,33.862500000000004,132.73125,33.860416666666666,132.72812499999998
2026-02,2025-03,503266024,3,35,71.9,0.1474,other_active,33.837500000000006,132.78125,33.841666666666676,132.7875,33.83958333333334,132.784375
2026-02,2025-03,503266103,3,36,71.07,0.1474,other_active,33.84583333333334,132.75,33.85000000000001,132.75625,33.84791666666668,132.753125
2026-02,2025-03,503266124,3,37,70.25,0.1474,other_active,33.84583333333334,132.78125,33.85000000000001,132.7875,33.84791666666668,132.784375
2026-02,2025-03,503266132,3,38,69.42,0.1474,other_active,33.84166666666667,132.79375,33.84583333333334,132.79999999999998,33.84375,132.796875
2026-02,2025-03,503266301,3,39,68.6,0.1474,other_active,33.858333333333334,132.75,33.862500000000004,132.75625,33.860416666666666,132.753125
2026-02,2025-03,503266403,3,40,67.77,0.1474,other_active,33.87083333333334,132.75,33.87500000000001,132.75625,33.87291666666667,132.753125
2026-02,2025-03,503276521,3,41,66.94,0.1474,other_active,33.958333333333336,132.775,33.962500000000006,132.78125,33.960416666666674,132.778125
2026-02,2025-03,503255974,2,42,66.12,-0.1449,other_active,33.82916666666667,132.71875,33.83333333333334,132.725,33.83125000000001,132.721875
2026-02,2025-03,503255991,2,43,65.29,-0.1449,other_active,33.825,132.7375,33.82916666666667,132.74375,33.827083333333334,132.74062500000002
2026-02,2025-03,503256731,2,44,64.46,-0.1449,other_active,33.80833333333333,132.7875,33.8125,132.79375,33.81041666666667,132.79062499999998
2026-02,2025-03,503256732,2,45,63.64,-0.1449,other_active,33.80833333333333,132.79375,33.8125,132.79999999999998,33.81041666666667,132.796875
2026-02,2025-03,503256753,2,46,62.81,-0.1449,other_active,33.8125,132.8125,33.81666666666667,132.81875,33.81458333333333,132.815625
2026-02,2025-03,503256802,2,47,61.98,-0.1449,other_active,33.81666666666667,132.75625,33.82083333333334,132.7625,33.81875000000001,132.75937499999998
2026-02,2025-03,503256804,2,48,61.16,-0.1449,other_active,33.82083333333334,132.75625,33.82500000000001,132.7625,33.82291666666667,132.75937499999998
2026-02,2025-03,503256931,2,49,60.33,-0.1449,other_active,33.825,132.7875,33.82916666666667,132.79375,33.827083333333334,132.79062499999998
2026-02,2025-03,503256933,2,50,59.5,-0.1449,other_active,33.82916666666667,132.7875,33.83333333333334,132.79375,33.83125000000001,132.79062499999998
2026-02,2025-03,503265274,2,51,58.68,-0.1449,other_active,33.85416666666667,132.71875,33.85833333333334,132.725,33.85625,132.721875
2026-02,2025-03,503265292,2,52,57.85,-0.1449,other_active,33.85,132.74375,33.85416666666667,132.75,33.85208333333334,132.746875
2026-02,2025-03,503265371,2,53,57.02,-0.1449,other_active,33.858333333333334,132.7125,33.862500000000004,132.71875,33.860416666666666,132.715625
2026-02,2025-03,503265882,2,54,56.2,-0.1449,other_active,33.900000000000006,132.73125,33.904166666666676,132.73749999999998,33.90208333333334,132.734375
2026-02,2025-03,503266021,2,55,55.37,-0.1449,other_active,33.833333333333336,132.775,33.837500000000006,132.78125,33.835416666666674,132.778125
2026-02,2025-03,503266031,2,56,54.55,-0.1449,other_active,33.833333333333336,132.7875,33.837500000000006,132.79375,33.835416666666674,132.79062499999998
2026-02,2025-03,503266033,2,57,53.72,-0.1449,other_active,33.837500000000006,132.7875,33.841666666666676,132.79375,33.83958333333334,132.79062499999998
2026-02,2025-03,503266201,2,58,52.89,-0.1449,other_active,33.85,132.75,33.85416666666667,132.75625,33.85208333333334,132.753125
2026-02,2025-03,503266221,2,59,52.07,-0.1449,other_active,33.85,132.775,33.85416666666667,132.78125,33.85208333333334,132.778125
2026-02,2025-03,503266223,2,60,51.24,-0.1449,other_active,33.85416666666667,132.775,33.85833333333334,132.78125,33.85625,132.778125
2026-02,2025-03,503266224,2,61,50.41,-0.1449,other_active,33.85416666666667,132.78125,33.85833333333334,132.7875,33.85625,132.784375
2026-02,2025-03,503266302,2,62,49.59,-0.1449,other_active,33.858333333333334,132.75625,33.862500000000004,132.7625,33.860416666666666,132.75937499999998
2026-02,2025-03,503276314,2,63,48.76,-0.1449,other_active,33.94583333333334,132.76874999999998,33.95000000000001,132.77499999999998,33.94791666666667,132.77187499999997
2026-02,2025-03,503276421,2,64,47.93,-0.1449,other_active,33.95,132.775,33.95416666666667,132.78125,33.952083333333334,132.778125
2026-02,2025-03,503255683,1,65,47.11,-0.4372,other_active,33.80416666666667,132.725,33.80833333333334,132.73125,33.806250000000006,132.72812499999998
2026-02,2025-03,503255783,1,66,46.28,-0.4372,other_active,33.8125,132.725,33.81666666666667,132.73125,33.81458333333333,132.72812499999998
2026-02,2025-03,503255792,1,67,45.45,-0.4372,other_active,33.80833333333333,132.74375,33.8125,132.75,33.81041666666667,132.746875
2026-02,2025-03,503255793,1,68,44.63,-0.4372,other_active,33.8125,132.7375,33.81666666666667,132.74375,33.81458333333333,132.74062500000002
2026-02,2025-03,503255794,1,69,43.8,-0.4372,other_active,33.8125,132.74375,33.81666666666667,132.75,33.81458333333333,132.746875
2026-02,2025-03,503255854,1,70,42.98,-0.4372,other_active,33.82083333333334,132.69375,33.82500000000001,132.7,33.82291666666667,132.69687499999998
2026-02,2025-03,503255873,1,71,42.15,-0.4372,other_active,33.82083333333334,132.7125,33.82500000000001,132.71875,33.82291666666667,132.715625
2026-02,2025-03,503255892,1,72,41.32,-0.4372,other_active,33.81666666666667,132.74375,33.82083333333334,132.75,33.81875000000001,132.746875
2026-02,2025-03,503255893,1,73,40.5,-0.4372,other_active,33.82083333333334,132.7375,33.82500000000001,132.74375,33.82291666666667,132.74062500000002
2026-02,2025-03,503255894,1,74,39.67,-0.4372,other_active,33.82083333333334,132.74375,33.82500000000001,132.75,33.82291666666667,132.746875
2026-02,2025-03,503255964,1,75,38.84,-0.4372,other_active,33.82916666666667,132.70624999999998,33.83333333333334,132.71249999999998,33.83125000000001,132.70937499999997
2026-02,2025-03,503255972,1,76,38.02,-0.4372,other_active,33.825,132.71875,33.82916666666667,132.725,33.827083333333334,132.721875
2026-02,2025-03,503255973,1,77,37.19,-0.4372,other_active,33.82916666666667,132.7125,33.83333333333334,132.71875,33.83125000000001,132.715625
2026-02,2025-03,503255981,1,78,36.36,-0.4372,other_active,33.825,132.725,33.82916666666667,132.73125,33.827083333333334,132.72812499999998
2026-02,2025-03,503255982,1,79,35.54,-0.4372,other_active,33.825,132.73125,33.82916666666667,132.73749999999998,33.827083333333334,132.734375
2026-02,2025-03,503255994,1,80,34.71,-0.4372,other_active,33.82916666666667,132.74375,33.83333333333334,132.75,33.83125000000001,132.746875
2026-02,2025-03,503256524,1,81,33.88,-0.4372,other_active,33.795833333333334,132.78125,33.800000000000004,132.7875,33.797916666666666,132.784375
2026-02,2025-03,503256611,1,82,33.06,-0.4372,other_active,33.8,132.7625,33.80416666666667,132.76874999999998,33.80208333333333,132.765625
2026-02,2025-03,503256613,1,83,32.23,-0.4372,other_active,33.80416666666667,132.7625,33.80833333333334,132.76874999999998,33.806250000000006,132.765625
2026-02,2025-03,503256624,1,84,31.4,-0.4372,other_active,33.80416666666667,132.78125,33.80833333333334,132.7875,33.806250000000006,132.784375
2026-02,2025-03,503256633,1,85,30.58,-0.4372,other_active,33.80416666666667,132.7875,33.80833333333334,132.79375,33.806250000000006,132.79062499999998
2026-02,2025-03,503256703,1,86,29.75,-0.4372,other_active,33.8125,132.75,33.81666666666667,132.75625,33.81458333333333,132.753125
2026-02,2025-03,503256704,1,87,28.93,-0.4372,other_active,33.8125,132.75625,33.81666666666667,132.7625,33.81458333333333,132.75937499999998
2026-02,2025-03,503256724,1,88,28.1,-0.4372,other_active,33.8125,132.78125,33.81666666666667,132.7875,33.81458333333333,132.784375
2026-02,2025-03,503256744,1,89,27.27,-0.4372,other_active,33.8125,132.80625,33.81666666666667,132.8125,33.81458333333333,132.809375
2026-02,2025-03,503256752,1,90,26.45,-0.4372,other_active,33.80833333333333,132.81875,33.8125,132.825,33.81041666666667,132.82187499999998
2026-02,2025-03,503256812,1,91,25.62,-0.4372,other_active,33.81666666666667,132.76874999999998,33.82083333333334,132.77499999999998,33.81875000000001,132.77187499999997
2026-02,2025-03,503256822,1,92,24.79,-0.4372,other_active,33.81666666666667,132.78125,33.82083333333334,132.7875,33.81875000000001,132.784375
2026-02,2025-03,503256903,1,93,23.97,-0.4372,other_active,33.82916666666667,132.75,33.83333333333334,132.75625,33.83125000000001,132.753125
2026-02,2025-03,503256913,1,94,23.14,-0.4372,other_active,33.82916666666667,132.7625,33.83333333333334,132.76874999999998,33.83125000000001,132.765625
2026-02,2025-03,503256922,1,95,22.31,-0.4372,other_active,33.825,132.78125,33.82916666666667,132.7875,33.827083333333334,132.784375
2026-02,2025-03,503265093,1,96,21.49,-0.4372,other_active,33.837500000000006,132.7375,33.841666666666676,132.74375,33.83958333333334,132.74062500000002
2026-02,2025-03,503265094,1,97,20.66,-0.4372,other_active,33.837500000000006,132.74375,33.841666666666676,132.75,33.83958333333334,132.746875
2026-02,2025-03,503265194,1,98,19.83,-0.4372,other_active,33.84583333333334,132.74375,33.85000000000001,132.75,33.84791666666668,132.746875
2026-02,2025-03,503265272,1,99,19.01,-0.4372,other_active,33.85,132.71875,33.85416666666667,132.725,33.85208333333334,132.721875
2026-02,2025-03,503265284,1,100,18.18,-0.4372,other_active,33.85416666666667,132.73125,33.85833333333334,132.73749999999998,33.85625,132.734375
2026-02,2025-03,503265291,1,101,17.36,-0.4372,other_active,33.85,132.7375,33.85416666666667,132.74375,33.85208333333334,132.74062500000002
2026-02,2025-03,503265294,1,102,16.53,-0.4372,other_active,33.85416666666667,132.74375,33.85833333333334,132.75,33.85625,132.746875
2026-02,2025-03,503265462,1,103,15.7,-0.4372,other_active,33.86666666666667,132.70624999999998,33.87083333333334,132.71249999999998,33.868750000000006,132.70937499999997
2026-02,2025-03,503265471,1,104,14.88,-0.4372,other_active,33.86666666666667,132.7125,33.87083333333334,132.71875,33.868750000000006,132.715625
2026-02,2025-03,503265472,1,105,14.05,-0.4372,other_active,33.86666666666667,132.71875,33.87083333333334,132.725,33.868750000000006,132.721875
2026-02,2025-03,503265481,1,106,13.22,-0.4372,other_active,33.86666666666667,132.725,33.87083333333334,132.73125,33.868750000000006,132.72812499999998
2026-02,2025-03,503265492,1,107,12.4,-0.4372,other_active,33.86666666666667,132.74375,33.87083333333334,132.75,33.868750000000006,132.746875
2026-02,2025-03,503265783,1,108,11.57,-0.4372,other_active,33.895833333333336,132.725,33.900000000000006,132.73125,33.897916666666674,132.72812499999998
2026-02,2025-03,503265792,1,109,10.74,-0.4372,other_active,33.891666666666666,132.74375,33.895833333333336,132.75,33.89375,132.746875
2026-02,2025-03,503266001,1,110,9.92,-0.4372,other_active,33.833333333333336,132.75,33.837500000000006,132.75625,33.835416666666674,132.753125
2026-02,2025-03,503266023,1,111,9.09,-0.4372,other_active,33.837500000000006,132.775,33.841666666666676,132.78125,33.83958333333334,132.778125
2026-02,2025-03,503266133,1,112,8.26,-0.4372,other_active,33.84583333333334,132.7875,33.85000000000001,132.79375,33.84791666666668,132.79062499999998
2026-02,2025-03,503266204,1,113,7.44,-0.4372,other_active,33.85416666666667,132.75625,33.85833333333334,132.7625,33.85625,132.75937499999998
2026-02,2025-03,503266212,1,114,6.61,-0.4372,other_active,33.85,132.76874999999998,33.85416666666667,132.77499999999998,33.85208333333334,132.77187499999997
2026-02,2025-03,503266304,1,115,5.79,-0.4372,other_active,33.862500000000004,132.75625,33.866666666666674,132.7625,33.86458333333334,132.75937499999998
2026-02,2025-03,503274482,1,116,4.96,-0.4372,other_active,33.95,132.60625,33.95416666666667,132.61249999999998,33.952083333333334,132.609375
2026-02,2025-03,503275403,1,117,4.13,-0.4372,other_active,33.95416666666667,132.625,33.95833333333334,132.63125,33.95625000000001,132.628125
2026-02,2025-03,503275603,1,118,3.31,-0.4372,other_active,33.97083333333334,132.625,33.97500000000001,132.63125,33.97291666666668,132.628125
2026-02,2025-03,503276512,1,119,2.48,-0.4372,other_active,33.958333333333336,132.76874999999998,33.962500000000006,132.77499999999998,33.960416666666674,132.77187499999997
2026-02,2025-03,503276522,1,120,1.65,-0.4372,other_active,33.958333333333336,132.78125,33.962500000000006,132.7875,33.960416666666674,132.784375
2026-02,2025-03,503276712,1,121,0.83,-0.4372,other_active,33.975,132.76874999999998,33.97916666666667,132.77499999999998,33.97708333333334,132.77187499999997
2026-03,2025-04,503266222,37,1,100.0,9.6803,top_5pct_active,33.85,132.78125,33.85416666666667,132.7875,33.85208333333334,132.784375
2026-03,2025-04,503265373,12,2,99.2,2.655,top_5pct_active,33.862500000000004,132.7125,33.866666666666674,132.71875,33.86458333333334,132.715625
2026-03,2025-04,503256814,9,3,98.4,1.812,top_5pct_active,33.82083333333334,132.76874999999998,33.82500000000001,132.77499999999998,33.82291666666667,132.77187499999997
2026-03,2025-04,503256823,8,4,97.6,1.531,top_5pct_active,33.82083333333334,132.775,33.82500000000001,132.78125,33.82291666666667,132.778125
2026-03,2025-04,503266101,7,5,96.8,1.2499,top_5pct_active,33.84166666666667,132.75,33.84583333333334,132.75625,33.84375,132.753125
2026-03,2025-04,503256711,6,6,96.0,0.9689,top_5pct_active,33.80833333333333,132.7625,33.8125,132.76874999999998,33.81041666666667,132.765625
2026-03,2025-04,503255793,5,7,95.2,0.6879,top_5pct_active,33.8125,132.7375,33.81666666666667,132.74375,33.81458333333333,132.74062500000002
2026-03,2025-04,503255971,5,8,94.4,0.6879,top_20pct_active,33.825,132.7125,33.82916666666667,132.71875,33.827083333333334,132.715625
2026-03,2025-04,503255992,5,9,93.6,0.6879,top_20pct_active,33.825,132.74375,33.82916666666667,132.75,33.827083333333334,132.746875
2026-03,2025-04,503256702,5,10,92.8,0.6879,top_20pct_active,33.80833333333333,132.75625,33.8125,132.7625,33.81041666666667,132.75937499999998
2026-03,2025-04,503256712,5,11,92.0,0.6879,top_20pct_active,33.80833333333333,132.76874999999998,33.8125,132.77499999999998,33.81041666666667,132.77187499999997
2026-03,2025-04,503256934,5,12,91.2,0.6879,top_20pct_active,33.82916666666667,132.79375,33.83333333333334,132.79999999999998,33.83125000000001,132.796875
2026-03,2025-04,503256732,4,13,90.4,0.4069,top_20pct_active,33.80833333333333,132.79375,33.8125,132.79999999999998,33.81041666666667,132.796875
2026-03,2025-04,503256803,4,14,89.6,0.4069,top_20pct_active,33.82083333333334,132.75,33.82500000000001,132.75625,33.82291666666667,132.753125
2026-03,2025-04,503256902,4,15,88.8,0.4069,top_20pct_active,33.825,132.75625,33.82916666666667,132.7625,33.827083333333334,132.75937499999998
2026-03,2025-04,503256914,4,16,88.0,0.4069,top_20pct_active,33.82916666666667,132.76874999999998,33.83333333333334,132.77499999999998,33.83125000000001,132.77187499999997
2026-03,2025-04,503265372,4,17,87.2,0.4069,top_20pct_active,33.858333333333334,132.71875,33.862500000000004,132.725,33.860416666666666,132.721875
2026-03,2025-04,503266103,4,18,86.4,0.4069,top_20pct_active,33.84583333333334,132.75,33.85000000000001,132.75625,33.84791666666668,132.753125
2026-03,2025-04,503266203,4,19,85.6,0.4069,top_20pct_active,33.85416666666667,132.75,33.85833333333334,132.75625,33.85625,132.753125
2026-03,2025-04,503266231,4,20,84.8,0.4069,top_20pct_active,33.85,132.7875,33.85416666666667,132.79375,33.85208333333334,132.79062499999998
2026-03,2025-04,503266301,4,21,84.0,0.4069,top_20pct_active,33.858333333333334,132.75,33.862500000000004,132.75625,33.860416666666666,132.753125
2026-03,2025-04,503266303,4,22,83.2,0.4069,top_20pct_active,33.862500000000004,132.75,33.866666666666674,132.75625,33.86458333333334,132.753125
2026-03,2025-04,503255782,3,23,82.4,0.1259,top_20pct_active,33.80833333333333,132.73125,33.8125,132.73749999999998,33.81041666666667,132.734375
2026-03,2025-04,503255981,3,24,81.6,0.1259,top_20pct_active,33.825,132.725,33.82916666666667,132.73125,33.827083333333334,132.72812499999998
2026-03,2025-04,503255983,3,25,80.8,0.1259,top_20pct_active,33.82916666666667,132.725,33.83333333333334,132.73125,33.83125000000001,132.72812499999998
2026-03,2025-04,503256721,3,26,80.0,0.1259,top_20pct_active,33.80833333333333,132.775,33.8125,132.78125,33.81041666666667,132.778125
2026-03,2025-04,503256731,3,27,79.2,0.1259,other_active,33.80833333333333,132.7875,33.8125,132.79375,33.81041666666667,132.79062499999998
2026-03,2025-04,503256741,3,28,78.4,0.1259,other_active,33.80833333333333,132.8,33.8125,132.80625,33.81041666666667,132.80312500000002
2026-03,2025-04,503256801,3,29,77.6,0.1259,other_active,33.81666666666667,132.75,33.82083333333334,132.75625,33.81875000000001,132.753125
2026-03,2025-04,503256811,3,30,76.8,0.1259,other_active,33.81666666666667,132.7625,33.82083333333334,132.76874999999998,33.81875000000001,132.765625
2026-03,2025-04,503256821,3,31,76.0,0.1259,other_active,33.81666666666667,132.775,33.82083333333334,132.78125,33.81875000000001,132.778125
2026-03,2025-04,503256912,3,32,75.2,0.1259,other_active,33.825,132.76874999999998,33.82916666666667,132.77499999999998,33.827083333333334,132.77187499999997
2026-03,2025-04,503256923,3,33,74.4,0.1259,other_active,33.82916666666667,132.775,33.83333333333334,132.78125,33.83125000000001,132.778125
2026-03,2025-04,503256931,3,34,73.6,0.1259,other_active,33.825,132.7875,33.82916666666667,132.79375,33.827083333333334,132.79062499999998
2026-03,2025-04,503256933,3,35,72.8,0.1259,other_active,33.82916666666667,132.7875,33.83333333333334,132.79375,33.83125000000001,132.79062499999998
2026-03,2025-04,503265274,3,36,72.0,0.1259,other_active,33.85416666666667,132.71875,33.85833333333334,132.725,33.85625,132.721875
2026-03,2025-04,503265283,3,37,71.2,0.1259,other_active,33.85416666666667,132.725,33.85833333333334,132.73125,33.85625,132.72812499999998
2026-03,2025-04,503265381,3,38,70.4,0.1259,other_active,33.858333333333334,132.725,33.862500000000004,132.73125,33.860416666666666,132.72812499999998
2026-03,2025-04,503266022,3,39,69.6,0.1259,other_active,33.833333333333336,132.78125,33.837500000000006,132.7875,33.835416666666674,132.784375
2026-03,2025-04,503266024,3,40,68.8,0.1259,other_active,33.837500000000006,132.78125,33.841666666666676,132.7875,33.83958333333334,132.784375
2026-03,2025-04,503266124,3,41,68.0,0.1259,other_active,33.84583333333334,132.78125,33.85000000000001,132.7875,33.84791666666668,132.784375
2026-03,2025-04,503266132,3,42,67.2,0.1259,other_active,33.84166666666667,132.79375,33.84583333333334,132.79999999999998,33.84375,132.796875
2026-03,2025-04,503255794,2,43,66.4,-0.1551,other_active,33.8125,132.74375,33.81666666666667,132.75,33.81458333333333,132.746875
2026-03,2025-04,503255854,2,44,65.6,-0.1551,other_active,33.82083333333334,132.69375,33.82500000000001,132.7,33.82291666666667,132.69687499999998
2026-03,2025-04,503255974,2,45,64.8,-0.1551,other_active,33.82916666666667,132.71875,33.83333333333334,132.725,33.83125000000001,132.721875
2026-03,2025-04,503255991,2,46,64.0,-0.1551,other_active,33.825,132.7375,33.82916666666667,132.74375,33.827083333333334,132.74062500000002
2026-03,2025-04,503256634,2,47,63.2,-0.1551,other_active,33.80416666666667,132.79375,33.80833333333334,132.79999999999998,33.806250000000006,132.796875
2026-03,2025-04,503256753,2,48,62.4,-0.1551,other_active,33.8125,132.8125,33.81666666666667,132.81875,33.81458333333333,132.815625
2026-03,2025-04,503256802,2,49,61.6,-0.1551,other_active,33.81666666666667,132.75625,33.82083333333334,132.7625,33.81875000000001,132.75937499999998
2026-03,2025-04,503256804,2,50,60.8,-0.1551,other_active,33.82083333333334,132.75625,33.82500000000001,132.7625,33.82291666666667,132.75937499999998
2026-03,2025-04,503256924,2,51,60.0,-0.1551,other_active,33.82916666666667,132.78125,33.83333333333334,132.7875,33.83125000000001,132.784375
2026-03,2025-04,503265092,2,52,59.2,-0.1551,other_active,33.833333333333336,132.74375,33.837500000000006,132.75,33.835416666666674,132.746875
2026-03,2025-04,503265273,2,53,58.4,-0.1551,other_active,33.85416666666667,132.7125,33.85833333333334,132.71875,33.85625,132.715625
2026-03,2025-04,503265292,2,54,57.6,-0.1551,other_active,33.85,132.74375,33.85416666666667,132.75,33.85208333333334,132.746875
2026-03,2025-04,503265371,2,55,56.8,-0.1551,other_active,33.858333333333334,132.7125,33.862500000000004,132.71875,33.860416666666666,132.715625
2026-03,2025-04,503265882,2,56,56.0,-0.1551,other_active,33.900000000000006,132.73125,33.904166666666676,132.73749999999998,33.90208333333334,132.734375
2026-03,2025-04,503266021,2,57,55.2,-0.1551,other_active,33.833333333333336,132.775,33.837500000000006,132.78125,33.835416666666674,132.778125
2026-03,2025-04,503266031,2,58,54.4,-0.1551,other_active,33.833333333333336,132.7875,33.837500000000006,132.79375,33.835416666666674,132.79062499999998
2026-03,2025-04,503266033,2,59,53.6,-0.1551,other_active,33.837500000000006,132.7875,33.841666666666676,132.79375,33.83958333333334,132.79062499999998
2026-03,2025-04,503266212,2,60,52.8,-0.1551,other_active,33.85,132.76874999999998,33.85416666666667,132.77499999999998,33.85208333333334,132.77187499999997
2026-03,2025-04,503266221,2,61,52.0,-0.1551,other_active,33.85,132.775,33.85416666666667,132.78125,33.85208333333334,132.778125
2026-03,2025-04,503266223,2,62,51.2,-0.1551,other_active,33.85416666666667,132.775,33.85833333333334,132.78125,33.85625,132.778125
2026-03,2025-04,503266302,2,63,50.4,-0.1551,other_active,33.858333333333334,132.75625,33.862500000000004,132.7625,33.860416666666666,132.75937499999998
2026-03,2025-04,503266403,2,64,49.6,-0.1551,other_active,33.87083333333334,132.75,33.87500000000001,132.75625,33.87291666666667,132.753125
2026-03,2025-04,503276314,2,65,48.8,-0.1551,other_active,33.94583333333334,132.76874999999998,33.95000000000001,132.77499999999998,33.94791666666667,132.77187499999997
2026-03,2025-04,503276421,2,66,48.0,-0.1551,other_active,33.95,132.775,33.95416666666667,132.78125,33.952083333333334,132.778125
2026-03,2025-04,503276512,2,67,47.2,-0.1551,other_active,33.958333333333336,132.76874999999998,33.962500000000006,132.77499999999998,33.960416666666674,132.77187499999997
2026-03,2025-04,503276521,2,68,46.4,-0.1551,other_active,33.958333333333336,132.775,33.962500000000006,132.78125,33.960416666666674,132.778125
2026-03,2025-04,503276712,2,69,45.6,-0.1551,other_active,33.975,132.76874999999998,33.97916666666667,132.77499999999998,33.97708333333334,132.77187499999997
2026-03,2025-04,503255683,1,70,44.8,-0.4361,other_active,33.80416666666667,132.725,33.80833333333334,132.73125,33.806250000000006,132.72812499999998
2026-03,2025-04,503255783,1,71,44.0,-0.4361,other_active,33.8125,132.725,33.81666666666667,132.73125,33.81458333333333,132.72812499999998
2026-03,2025-04,503255792,1,72,43.2,-0.4361,other_active,33.80833333333333,132.74375,33.8125,132.75,33.81041666666667,132.746875
2026-03,2025-04,503255873,1,73,42.4,-0.4361,other_active,33.82083333333334,132.7125,33.82500000000001,132.71875,33.82291666666667,132.715625
2026-03,2025-04,503255892,1,74,41.6,-0.4361,other_active,33.81666666666667,132.74375,33.82083333333334,132.75,33.81875000000001,132.746875
2026-03,2025-04,503255893,1,75,40.8,-0.4361,other_active,33.82083333333334,132.7375,33.82500000000001,132.74375,33.82291666666667,132.74062500000002
2026-03,2025-04,503255894,1,76,40.0,-0.4361,other_active,33.82083333333334,132.74375,33.82500000000001,132.75,33.82291666666667,132.746875
2026-03,2025-04,503255964,1,77,39.2,-0.4361,other_active,33.82916666666667,132.70624999999998,33.83333333333334,132.71249999999998,33.83125000000001,132.70937499999997
2026-03,2025-04,503255972,1,78,38.4,-0.4361,other_active,33.825,132.71875,33.82916666666667,132.725,33.827083333333334,132.721875
2026-03,2025-04,503255973,1,79,37.6,-0.4361,other_active,33.82916666666667,132.7125,33.83333333333334,132.71875,33.83125000000001,132.715625
2026-03,2025-04,503255982,1,80,36.8,-0.4361,other_active,33.825,132.73125,33.82916666666667,132.73749999999998,33.827083333333334,132.734375
2026-03,2025-04,503255994,1,81,36.0,-0.4361,other_active,33.82916666666667,132.74375,33.83333333333334,132.75,33.83125000000001,132.746875
2026-03,2025-04,503256524,1,82,35.2,-0.4361,other_active,33.795833333333334,132.78125,33.800000000000004,132.7875,33.797916666666666,132.784375
2026-03,2025-04,503256611,1,83,34.4,-0.4361,other_active,33.8,132.7625,33.80416666666667,132.76874999999998,33.80208333333333,132.765625
2026-03,2025-04,503256613,1,84,33.6,-0.4361,other_active,33.80416666666667,132.7625,33.80833333333334,132.76874999999998,33.806250000000006,132.765625
2026-03,2025-04,503256624,1,85,32.8,-0.4361,other_active,33.80416666666667,132.78125,33.80833333333334,132.7875,33.806250000000006,132.784375
2026-03,2025-04,503256633,1,86,32.0,-0.4361,other_active,33.80416666666667,132.7875,33.80833333333334,132.79375,33.806250000000006,132.79062499999998
2026-03,2025-04,503256703,1,87,31.2,-0.4361,other_active,33.8125,132.75,33.81666666666667,132.75625,33.81458333333333,132.753125
2026-03,2025-04,503256704,1,88,30.4,-0.4361,other_active,33.8125,132.75625,33.81666666666667,132.7625,33.81458333333333,132.75937499999998
2026-03,2025-04,503256722,1,89,29.6,-0.4361,other_active,33.80833333333333,132.78125,33.8125,132.7875,33.81041666666667,132.784375
2026-03,2025-04,503256724,1,90,28.8,-0.4361,other_active,33.8125,132.78125,33.81666666666667,132.7875,33.81458333333333,132.784375
2026-03,2025-04,503256744,1,91,28.0,-0.4361,other_active,33.8125,132.80625,33.81666666666667,132.8125,33.81458333333333,132.809375
2026-03,2025-04,503256752,1,92,27.2,-0.4361,other_active,33.80833333333333,132.81875,33.8125,132.825,33.81041666666667,132.82187499999998
2026-03,2025-04,503256812,1,93,26.4,-0.4361,other_active,33.81666666666667,132.76874999999998,33.82083333333334,132.77499999999998,33.81875000000001,132.77187499999997
2026-03,2025-04,503256822,1,94,25.6,-0.4361,other_active,33.81666666666667,132.78125,33.82083333333334,132.7875,33.81875000000001,132.784375
2026-03,2025-04,503256903,1,95,24.8,-0.4361,other_active,33.82916666666667,132.75,33.83333333333334,132.75625,33.83125000000001,132.753125
2026-03,2025-04,503256913,1,96,24.0,-0.4361,other_active,33.82916666666667,132.7625,33.83333333333334,132.76874999999998,33.83125000000001,132.765625
2026-03,2025-04,503256922,1,97,23.2,-0.4361,other_active,33.825,132.78125,33.82916666666667,132.7875,33.827083333333334,132.784375
2026-03,2025-04,503265093,1,98,22.4,-0.4361,other_active,33.837500000000006,132.7375,33.841666666666676,132.74375,33.83958333333334,132.74062500000002
2026-03,2025-04,503265094,1,99,21.6,-0.4361,other_active,33.837500000000006,132.74375,33.841666666666676,132.75,33.83958333333334,132.746875
2026-03,2025-04,503265194,1,100,20.8,-0.4361,other_active,33.84583333333334,132.74375,33.85000000000001,132.75,33.84791666666668,132.746875
2026-03,2025-04,503265271,1,101,20.0,-0.4361,other_active,33.85,132.7125,33.85416666666667,132.71875,33.85208333333334,132.715625
2026-03,2025-04,503265272,1,102,19.2,-0.4361,other_active,33.85,132.71875,33.85416666666667,132.725,33.85208333333334,132.721875
2026-03,2025-04,503265284,1,103,18.4,-0.4361,other_active,33.85416666666667,132.73125,33.85833333333334,132.73749999999998,33.85625,132.734375
2026-03,2025-04,503265291,1,104,17.6,-0.4361,other_active,33.85,132.7375,33.85416666666667,132.74375,33.85208333333334,132.74062500000002
2026-03,2025-04,503265294,1,105,16.8,-0.4361,other_active,33.85416666666667,132.74375,33.85833333333334,132.75,33.85625,132.746875
2026-03,2025-04,503265462,1,106,16.0,-0.4361,other_active,33.86666666666667,132.70624999999998,33.87083333333334,132.71249999999998,33.868750000000006,132.70937499999997
2026-03,2025-04,503265471,1,107,15.2,-0.4361,other_active,33.86666666666667,132.7125,33.87083333333334,132.71875,33.868750000000006,132.715625
2026-03,2025-04,503265472,1,108,14.4,-0.4361,other_active,33.86666666666667,132.71875,33.87083333333334,132.725,33.868750000000006,132.721875
2026-03,2025-04,503265783,1,109,13.6,-0.4361,other_active,33.895833333333336,132.725,33.900000000000006,132.73125,33.897916666666674,132.72812499999998
2026-03,2025-04,503265792,1,110,12.8,-0.4361,other_active,33.891666666666666,132.74375,33.895833333333336,132.75,33.89375,132.746875
2026-03,2025-04,503266001,1,111,12.0,-0.4361,other_active,33.833333333333336,132.75,33.837500000000006,132.75625,33.835416666666674,132.753125
2026-03,2025-04,503266023,1,112,11.2,-0.4361,other_active,33.837500000000006,132.775,33.841666666666676,132.78125,33.83958333333334,132.778125
2026-03,2025-04,503266034,1,113,10.4,-0.4361,other_active,33.837500000000006,132.79375,33.841666666666676,132.79999999999998,33.83958333333334,132.796875
2026-03,2025-04,503266131,1,114,9.6,-0.4361,other_active,33.84166666666667,132.7875,33.84583333333334,132.79375,33.84375,132.79062499999998
2026-03,2025-04,503266201,1,115,8.8,-0.4361,other_active,33.85,132.75,33.85416666666667,132.75625,33.85208333333334,132.753125
2026-03,2025-04,503266204,1,116,8.0,-0.4361,other_active,33.85416666666667,132.75625,33.85833333333334,132.7625,33.85625,132.75937499999998
2026-03,2025-04,503266224,1,117,7.2,-0.4361,other_active,33.85416666666667,132.78125,33.85833333333334,132.7875,33.85625,132.784375
2026-03,2025-04,503266304,1,118,6.4,-0.4361,other_active,33.862500000000004,132.75625,33.866666666666674,132.7625,33.86458333333334,132.75937499999998
2026-03,2025-04,503274482,1,119,5.6,-0.4361,other_active,33.95,132.60625,33.95416666666667,132.61249999999998,33.952083333333334,132.609375
2026-03,2025-04,503275403,1,120,4.8,-0.4361,other_active,33.95416666666667,132.625,33.95833333333334,132.63125,33.95625000000001,132.628125
2026-03,2025-04,503275603,1,121,4.0,-0.4361,other_active,33.97083333333334,132.625,33.97500000000001,132.63125,33.97291666666668,132.628125
2026-03,2025-04,503275701,1,122,3.2,-0.4361,other_active,33.975,132.625,33.97916666666667,132.63125,33.97708333333334,132.628125
2026-03,2025-04,503276522,1,123,2.4,-0.4361,other_active,33.958333333333336,132.78125,33.962500000000006,132.7875,33.960416666666674,132.784375
2026-03,2025-04,503276614,1,124,1.6,-0.4361,other_active,33.97083333333334,132.76874999999998,33.97500000000001,132.77499999999998,33.97291666666668,132.77187499999997
2026-03,2025-04,503276622,1,125,0.8,-0.4361,other_active,33.96666666666667,132.78125,33.97083333333334,132.7875,33.96875,132.784375
2026-04,2025-05,503266222,38,1,100.0,9.6257,top_5pct_active,33.85,132.78125,33.85416666666667,132.7875,33.85208333333334,132.784375
2026-04,2025-05,503265373,12,2,99.19,2.5631,top_5pct_active,33.862500000000004,132.7125,33.866666666666674,132.71875,33.86458333333334,132.715625
2026-04,2025-05,503256814,9,3,98.39,1.7481,top_5pct_active,33.82083333333334,132.76874999999998,33.82500000000001,132.77499999999998,33.82291666666667,132.77187499999997
2026-04,2025-05,503266101,9,4,97.58,1.7481,top_5pct_active,33.84166666666667,132.75,33.84583333333334,132.75625,33.84375,132.753125
2026-04,2025-05,503256823,8,5,96.77,1.4765,top_5pct_active,33.82083333333334,132.775,33.82500000000001,132.78125,33.82291666666667,132.778125
2026-04,2025-05,503256711,6,6,95.97,0.9332,top_5pct_active,33.80833333333333,132.7625,33.8125,132.76874999999998,33.81041666666667,132.765625
2026-04,2025-05,503255793,5,7,95.16,0.6616,top_5pct_active,33.8125,132.7375,33.81666666666667,132.74375,33.81458333333333,132.74062500000002
2026-04,2025-05,503255971,5,8,94.35,0.6616,top_20pct_active,33.825,132.7125,33.82916666666667,132.71875,33.827083333333334,132.715625
2026-04,2025-05,503255992,5,9,93.55,0.6616,top_20pct_active,33.825,132.74375,33.82916666666667,132.75,33.827083333333334,132.746875
2026-04,2025-05,503256702,5,10,92.74,0.6616,top_20pct_active,33.80833333333333,132.75625,33.8125,132.7625,33.81041666666667,132.75937499999998
2026-04,2025-05,503256934,5,11,91.94,0.6616,top_20pct_active,33.82916666666667,132.79375,33.83333333333334,132.79999999999998,33.83125000000001,132.796875
2026-04,2025-05,503266231,5,12,91.13,0.6616,top_20pct_active,33.85,132.7875,33.85416666666667,132.79375,33.85208333333334,132.79062499999998
2026-04,2025-05,503255794,4,13,90.32,0.3899,top_20pct_active,33.8125,132.74375,33.81666666666667,132.75,33.81458333333333,132.746875
2026-04,2025-05,503256712,4,14,89.52,0.3899,top_20pct_active,33.80833333333333,132.76874999999998,33.8125,132.77499999999998,33.81041666666667,132.77187499999997
2026-04,2025-05,503256721,4,15,88.71,0.3899,top_20pct_active,33.80833333333333,132.775,33.8125,132.78125,33.81041666666667,132.778125
2026-04,2025-05,503256732,4,16,87.9,0.3899,top_20pct_active,33.80833333333333,132.79375,33.8125,132.79999999999998,33.81041666666667,132.796875
2026-04,2025-05,503256803,4,17,87.1,0.3899,top_20pct_active,33.82083333333334,132.75,33.82500000000001,132.75625,33.82291666666667,132.753125
2026-04,2025-05,503256902,4,18,86.29,0.3899,top_20pct_active,33.825,132.75625,33.82916666666667,132.7625,33.827083333333334,132.75937499999998
2026-04,2025-05,503256914,4,19,85.48,0.3899,top_20pct_active,33.82916666666667,132.76874999999998,33.83333333333334,132.77499999999998,33.83125000000001,132.77187499999997
2026-04,2025-05,503265372,4,20,84.68,0.3899,top_20pct_active,33.858333333333334,132.71875,33.862500000000004,132.725,33.860416666666666,132.721875
2026-04,2025-05,503266103,4,21,83.87,0.3899,top_20pct_active,33.84583333333334,132.75,33.85000000000001,132.75625,33.84791666666668,132.753125
2026-04,2025-05,503266301,4,22,83.06,0.3899,top_20pct_active,33.858333333333334,132.75,33.862500000000004,132.75625,33.860416666666666,132.753125
2026-04,2025-05,503266303,4,23,82.26,0.3899,top_20pct_active,33.862500000000004,132.75,33.866666666666674,132.75625,33.86458333333334,132.753125
2026-04,2025-05,503255782,3,24,81.45,0.1183,top_20pct_active,33.80833333333333,132.73125,33.8125,132.73749999999998,33.81041666666667,132.734375
2026-04,2025-05,503255981,3,25,80.65,0.1183,top_20pct_active,33.825,132.725,33.82916666666667,132.73125,33.827083333333334,132.72812499999998
2026-04,2025-05,503255983,3,26,79.84,0.1183,other_active,33.82916666666667,132.725,33.83333333333334,132.73125,33.83125000000001,132.72812499999998
2026-04,2025-05,503256741,3,27,79.03,0.1183,other_active,33.80833333333333,132.8,33.8125,132.80625,33.81041666666667,132.80312500000002
2026-04,2025-05,503256811,3,28,78.23,0.1183,other_active,33.81666666666667,132.7625,33.82083333333334,132.76874999999998,33.81875000000001,132.765625
2026-04,2025-05,503256821,3,29,77.42,0.1183,other_active,33.81666666666667,132.775,33.82083333333334,132.78125,33.81875000000001,132.778125
2026-04,2025-05,503256912,3,30,76.61,0.1183,other_active,33.825,132.76874999999998,33.82916666666667,132.77499999999998,33.827083333333334,132.77187499999997
2026-04,2025-05,503256923,3,31,75.81,0.1183,other_active,33.82916666666667,132.775,33.83333333333334,132.78125,33.83125000000001,132.778125
2026-04,2025-05,503256933,3,32,75.0,0.1183,other_active,33.82916666666667,132.7875,33.83333333333334,132.79375,33.83125000000001,132.79062499999998
2026-04,2025-05,503265274,3,33,74.19,0.1183,other_active,33.85416666666667,132.71875,33.85833333333334,132.725,33.85625,132.721875
2026-04,2025-05,503265283,3,34,73.39,0.1183,other_active,33.85416666666667,132.725,33.85833333333334,132.73125,33.85625,132.72812499999998
2026-04,2025-05,503265381,3,35,72.58,0.1183,other_active,33.858333333333334,132.725,33.862500000000004,132.73125,33.860416666666666,132.72812499999998
2026-04,2025-05,503266022,3,36,71.77,0.1183,other_active,33.833333333333336,132.78125,33.837500000000006,132.7875,33.835416666666674,132.784375
2026-04,2025-05,503266024,3,37,70.97,0.1183,other_active,33.837500000000006,132.78125,33.841666666666676,132.7875,33.83958333333334,132.784375
2026-04,2025-05,503266124,3,38,70.16,0.1183,other_active,33.84583333333334,132.78125,33.85000000000001,132.7875,33.84791666666668,132.784375
2026-04,2025-05,503266132,3,39,69.35,0.1183,other_active,33.84166666666667,132.79375,33.84583333333334,132.79999999999998,33.84375,132.796875
2026-04,2025-05,503266203,3,40,68.55,0.1183,other_active,33.85416666666667,132.75,33.85833333333334,132.75625,33.85625,132.753125
2026-04,2025-05,503276314,3,41,67.74,0.1183,other_active,33.94583333333334,132.76874999999998,33.95000000000001,132.77499999999998,33.94791666666667,132.77187499999997
2026-04,2025-05,503255792,2,42,66.94,-0.1533,other_active,33.80833333333333,132.74375,33.8125,132.75,33.81041666666667,132.746875
2026-04,2025-05,503255893,2,43,66.13,-0.1533,other_active,33.82083333333334,132.7375,33.82500000000001,132.74375,33.82291666666667,132.74062500000002
2026-04,2025-05,503255974,2,44,65.32,-0.1533,other_active,33.82916666666667,132.71875,33.83333333333334,132.725,33.83125000000001,132.721875
2026-04,2025-05,503255991,2,45,64.52,-0.1533,other_active,33.825,132.7375,33.82916666666667,132.74375,33.827083333333334,132.74062500000002
2026-04,2025-05,503256731,2,46,63.71,-0.1533,other_active,33.80833333333333,132.7875,33.8125,132.79375,33.81041666666667,132.79062499999998
2026-04,2025-05,503256753,2,47,62.9,-0.1533,other_active,33.8125,132.8125,33.81666666666667,132.81875,33.81458333333333,132.815625
2026-04,2025-05,503256801,2,48,62.1,-0.1533,other_active,33.81666666666667,132.75,33.82083333333334,132.75625,33.81875000000001,132.753125
2026-04,2025-05,503256802,2,49,61.29,-0.1533,other_active,33.81666666666667,132.75625,33.82083333333334,132.7625,33.81875000000001,132.75937499999998
2026-04,2025-05,503256812,2,50,60.48,-0.1533,other_active,33.81666666666667,132.76874999999998,33.82083333333334,132.77499999999998,33.81875000000001,132.77187499999997
2026-04,2025-05,503256924,2,51,59.68,-0.1533,other_active,33.82916666666667,132.78125,33.83333333333334,132.7875,33.83125000000001,132.784375
2026-04,2025-05,503256931,2,52,58.87,-0.1533,other_active,33.825,132.7875,33.82916666666667,132.79375,33.827083333333334,132.79062499999998
2026-04,2025-05,503265092,2,53,58.06,-0.1533,other_active,33.833333333333336,132.74375,33.837500000000006,132.75,33.835416666666674,132.746875
2026-04,2025-05,503265273,2,54,57.26,-0.1533,other_active,33.85416666666667,132.7125,33.85833333333334,132.71875,33.85625,132.715625
2026-04,2025-05,503265292,2,55,56.45,-0.1533,other_active,33.85,132.74375,33.85416666666667,132.75,33.85208333333334,132.746875
2026-04,2025-05,503265371,2,56,55.65,-0.1533,other_active,33.858333333333334,132.7125,33.862500000000004,132.71875,33.860416666666666,132.715625
2026-04,2025-05,503265882,2,57,54.84,-0.1533,other_active,33.900000000000006,132.73125,33.904166666666676,132.73749999999998,33.90208333333334,132.734375
2026-04,2025-05,503266021,2,58,54.03,-0.1533,other_active,33.833333333333336,132.775,33.837500000000006,132.78125,33.835416666666674,132.778125
2026-04,2025-05,503266031,2,59,53.23,-0.1533,other_active,33.833333333333336,132.7875,33.837500000000006,132.79375,33.835416666666674,132.79062499999998
2026-04,2025-05,503266033,2,60,52.42,-0.1533,other_active,33.837500000000006,132.7875,33.841666666666676,132.79375,33.83958333333334,132.79062499999998
2026-04,2025-05,503266223,2,61,51.61,-0.1533,other_active,33.85416666666667,132.775,33.85833333333334,132.78125,33.85625,132.778125
2026-04,2025-05,503266403,2,62,50.81,-0.1533,other_active,33.87083333333334,132.75,33.87500000000001,132.75625,33.87291666666667,132.753125
2026-04,2025-05,503276421,2,63,50.0,-0.1533,other_active,33.95,132.775,33.95416666666667,132.78125,33.952083333333334,132.778125
2026-04,2025-05,503276512,2,64,49.19,-0.1533,other_active,33.958333333333336,132.76874999999998,33.962500000000006,132.77499999999998,33.960416666666674,132.77187499999997
2026-04,2025-05,503276521,2,65,48.39,-0.1533,other_active,33.958333333333336,132.775,33.962500000000006,132.78125,33.960416666666674,132.778125
2026-04,2025-05,503276712,2,66,47.58,-0.1533,other_active,33.975,132.76874999999998,33.97916666666667,132.77499999999998,33.97708333333334,132.77187499999997
2026-04,2025-05,503255683,1,67,46.77,-0.425,other_active,33.80416666666667,132.725,33.80833333333334,132.73125,33.806250000000006,132.72812499999998
2026-04,2025-05,503255783,1,68,45.97,-0.425,other_active,33.8125,132.725,33.81666666666667,132.73125,33.81458333333333,132.72812499999998
2026-04,2025-05,503255854,1,69,45.16,-0.425,other_active,33.82083333333334,132.69375,33.82500000000001,132.7,33.82291666666667,132.69687499999998
2026-04,2025-05,503255873,1,70,44.35,-0.425,other_active,33.82083333333334,132.7125,33.82500000000001,132.71875,33.82291666666667,132.715625
2026-04,2025-05,503255892,1,71,43.55,-0.425,other_active,33.81666666666667,132.74375,33.82083333333334,132.75,33.81875000000001,132.746875
2026-04,2025-05,503255894,1,72,42.74,-0.425,other_active,33.82083333333334,132.74375,33.82500000000001,132.75,33.82291666666667,132.746875
2026-04,2025-05,503255964,1,73,41.94,-0.425,other_active,33.82916666666667,132.70624999999998,33.83333333333334,132.71249999999998,33.83125000000001,132.70937499999997
2026-04,2025-05,503255972,1,74,41.13,-0.425,other_active,33.825,132.71875,33.82916666666667,132.725,33.827083333333334,132.721875
2026-04,2025-05,503255973,1,75,40.32,-0.425,other_active,33.82916666666667,132.7125,33.83333333333334,132.71875,33.83125000000001,132.715625
2026-04,2025-05,503255982,1,76,39.52,-0.425,other_active,33.825,132.73125,33.82916666666667,132.73749999999998,33.827083333333334,132.734375
2026-04,2025-05,503255994,1,77,38.71,-0.425,other_active,33.82916666666667,132.74375,33.83333333333334,132.75,33.83125000000001,132.746875
2026-04,2025-05,503256524,1,78,37.9,-0.425,other_active,33.795833333333334,132.78125,33.800000000000004,132.7875,33.797916666666666,132.784375
2026-04,2025-05,503256611,1,79,37.1,-0.425,other_active,33.8,132.7625,33.80416666666667,132.76874999999998,33.80208333333333,132.765625
2026-04,2025-05,503256613,1,80,36.29,-0.425,other_active,33.80416666666667,132.7625,33.80833333333334,132.76874999999998,33.806250000000006,132.765625
2026-04,2025-05,503256624,1,81,35.48,-0.425,other_active,33.80416666666667,132.78125,33.80833333333334,132.7875,33.806250000000006,132.784375
2026-04,2025-05,503256633,1,82,34.68,-0.425,other_active,33.80416666666667,132.7875,33.80833333333334,132.79375,33.806250000000006,132.79062499999998
2026-04,2025-05,503256703,1,83,33.87,-0.425,other_active,33.8125,132.75,33.81666666666667,132.75625,33.81458333333333,132.753125
2026-04,2025-05,503256704,1,84,33.06,-0.425,other_active,33.8125,132.75625,33.81666666666667,132.7625,33.81458333333333,132.75937499999998
2026-04,2025-05,503256722,1,85,32.26,-0.425,other_active,33.80833333333333,132.78125,33.8125,132.7875,33.81041666666667,132.784375
2026-04,2025-05,503256724,1,86,31.45,-0.425,other_active,33.8125,132.78125,33.81666666666667,132.7875,33.81458333333333,132.784375
2026-04,2025-05,503256744,1,87,30.65,-0.425,other_active,33.8125,132.80625,33.81666666666667,132.8125,33.81458333333333,132.809375
2026-04,2025-05,503256752,1,88,29.84,-0.425,other_active,33.80833333333333,132.81875,33.8125,132.825,33.81041666666667,132.82187499999998
2026-04,2025-05,503256804,1,89,29.03,-0.425,other_active,33.82083333333334,132.75625,33.82500000000001,132.7625,33.82291666666667,132.75937499999998
2026-04,2025-05,503256822,1,90,28.23,-0.425,other_active,33.81666666666667,132.78125,33.82083333333334,132.7875,33.81875000000001,132.784375
2026-04,2025-05,503256903,1,91,27.42,-0.425,other_active,33.82916666666667,132.75,33.83333333333334,132.75625,33.83125000000001,132.753125
2026-04,2025-05,503256913,1,92,26.61,-0.425,other_active,33.82916666666667,132.7625,33.83333333333334,132.76874999999998,33.83125000000001,132.765625
2026-04,2025-05,503256922,1,93,25.81,-0.425,other_active,33.825,132.78125,33.82916666666667,132.7875,33.827083333333334,132.784375
2026-04,2025-05,503265093,1,94,25.0,-0.425,other_active,33.837500000000006,132.7375,33.841666666666676,132.74375,33.83958333333334,132.74062500000002
2026-04,2025-05,503265094,1,95,24.19,-0.425,other_active,33.837500000000006,132.74375,33.841666666666676,132.75,33.83958333333334,132.746875
2026-04,2025-05,503265194,1,96,23.39,-0.425,other_active,33.84583333333334,132.74375,33.85000000000001,132.75,33.84791666666668,132.746875
2026-04,2025-05,503265271,1,97,22.58,-0.425,other_active,33.85,132.7125,33.85416666666667,132.71875,33.85208333333334,132.715625
2026-04,2025-05,503265272,1,98,21.77,-0.425,other_active,33.85,132.71875,33.85416666666667,132.725,33.85208333333334,132.721875
2026-04,2025-05,503265284,1,99,20.97,-0.425,other_active,33.85416666666667,132.73125,33.85833333333334,132.73749999999998,33.85625,132.734375
2026-04,2025-05,503265291,1,100,20.16,-0.425,other_active,33.85,132.7375,33.85416666666667,132.74375,33.85208333333334,132.74062500000002
2026-04,2025-05,503265294,1,101,19.35,-0.425,other_active,33.85416666666667,132.74375,33.85833333333334,132.75,33.85625,132.746875
2026-04,2025-05,503265462,1,102,18.55,-0.425,other_active,33.86666666666667,132.70624999999998,33.87083333333334,132.71249999999998,33.868750000000006,132.70937499999997
2026-04,2025-05,503265471,1,103,17.74,-0.425,other_active,33.86666666666667,132.7125,33.87083333333334,132.71875,33.868750000000006,132.715625
2026-04,2025-05,503265472,1,104,16.94,-0.425,other_active,33.86666666666667,132.71875,33.87083333333334,132.725,33.868750000000006,132.721875
2026-04,2025-05,503265783,1,105,16.13,-0.425,other_active,33.895833333333336,132.725,33.900000000000006,132.73125,33.897916666666674,132.72812499999998
2026-04,2025-05,503266001,1,106,15.32,-0.425,other_active,33.833333333333336,132.75,33.837500000000006,132.75625,33.835416666666674,132.753125
2026-04,2025-05,503266023,1,107,14.52,-0.425,other_active,33.837500000000006,132.775,33.841666666666676,132.78125,33.83958333333334,132.778125
2026-04,2025-05,503266034,1,108,13.71,-0.425,other_active,33.837500000000006,132.79375,33.841666666666676,132.79999999999998,33.83958333333334,132.796875
2026-04,2025-05,503266131,1,109,12.9,-0.425,other_active,33.84166666666667,132.7875,33.84583333333334,132.79375,33.84375,132.79062499999998
2026-04,2025-05,503266134,1,110,12.1,-0.425,other_active,33.84583333333334,132.79375,33.85000000000001,132.79999999999998,33.84791666666668,132.796875
2026-04,2025-05,503266201,1,111,11.29,-0.425,other_active,33.85,132.75,33.85416666666667,132.75625,33.85208333333334,132.753125
2026-04,2025-05,503266204,1,112,10.48,-0.425,other_active,33.85416666666667,132.75625,33.85833333333334,132.7625,33.85625,132.75937499999998
2026-04,2025-05,503266212,1,113,9.68,-0.425,other_active,33.85,132.76874999999998,33.85416666666667,132.77499999999998,33.85208333333334,132.77187499999997
2026-04,2025-05,503266221,1,114,8.87,-0.425,other_active,33.85,132.775,33.85416666666667,132.78125,33.85208333333334,132.778125
2026-04,2025-05,503266224,1,115,8.06,-0.425,other_active,33.85416666666667,132.78125,33.85833333333334,132.7875,33.85625,132.784375
2026-04,2025-05,503266302,1,116,7.26,-0.425,other_active,33.858333333333334,132.75625,33.862500000000004,132.7625,33.860416666666666,132.75937499999998
2026-04,2025-05,503266304,1,117,6.45,-0.425,other_active,33.862500000000004,132.75625,33.866666666666674,132.7625,33.86458333333334,132.75937499999998
2026-04,2025-05,503274482,1,118,5.65,-0.425,other_active,33.95,132.60625,33.95416666666667,132.61249999999998,33.952083333333334,132.609375
2026-04,2025-05,503275403,1,119,4.84,-0.425,other_active,33.95416666666667,132.625,33.95833333333334,132.63125,33.95625000000001,132.628125
2026-04,2025-05,503275603,1,120,4.03,-0.425,other_active,33.97083333333334,132.625,33.97500000000001,132.63125,33.97291666666668,132.628125
2026-04,2025-05,503275701,1,121,3.23,-0.425,other_active,33.975,132.625,33.97916666666667,132.63125,33.97708333333334,132.628125
2026-04,2025-05,503276522,1,122,2.42,-0.425,other_active,33.958333333333336,132.78125,33.962500000000006,132.7875,33.960416666666674,132.784375
2026-04,2025-05,503276614,1,123,1.61,-0.425,other_active,33.97083333333334,132.76874999999998,33.97500000000001,132.77499999999998,33.97291666666668,132.77187499999997
2026-04,2025-05,503276622,1,124,0.81,-0.425,other_active,33.96666666666667,132.78125,33.97083333333334,132.7875,33.96875,132.784375
2026-05,2025-06,503266222,35,1,100.0,9.3256,top_5pct_active,33.85,132.78125,33.85416666666667,132.7875,33.85208333333334,132.784375
2026-05,2025-06,503265373,11,2,99.15,2.4569,top_5pct_active,33.862500000000004,132.7125,33.866666666666674,132.71875,33.86458333333334,132.715625
2026-05,2025-06,503256814,9,3,98.31,1.8845,top_5pct_active,33.82083333333334,132.76874999999998,33.82500000000001,132.77499999999998,33.82291666666667,132.77187499999997
2026-05,2025-06,503256823,8,4,97.46,1.5983,top_5pct_active,33.82083333333334,132.775,33.82500000000001,132.78125,33.82291666666667,132.778125
2026-05,2025-06,503266101,8,5,96.61,1.5983,top_5pct_active,33.84166666666667,132.75,33.84583333333334,132.75625,33.84375,132.753125
2026-05,2025-06,503256711,6,6,95.76,1.0259,top_5pct_active,33.80833333333333,132.7625,33.8125,132.76874999999998,33.81041666666667,132.765625
2026-05,2025-06,503256934,6,7,94.92,1.0259,top_20pct_active,33.82916666666667,132.79375,33.83333333333334,132.79999999999998,33.83125000000001,132.796875
2026-05,2025-06,503255793,5,8,94.07,0.7397,top_20pct_active,33.8125,132.7375,33.81666666666667,132.74375,33.81458333333333,132.74062500000002
2026-05,2025-06,503256702,5,9,93.22,0.7397,top_20pct_active,33.80833333333333,132.75625,33.8125,132.7625,33.81041666666667,132.75937499999998
2026-05,2025-06,503256712,5,10,92.37,0.7397,top_20pct_active,33.80833333333333,132.76874999999998,33.8125,132.77499999999998,33.81041666666667,132.77187499999997
2026-05,2025-06,503255794,4,11,91.53,0.4535,top_20pct_active,33.8125,132.74375,33.81666666666667,132.75,33.81458333333333,132.746875
2026-05,2025-06,503255992,4,12,90.68,0.4535,top_20pct_active,33.825,132.74375,33.82916666666667,132.75,33.827083333333334,132.746875
2026-05,2025-06,503256803,4,13,89.83,0.4535,top_20pct_active,33.82083333333334,132.75,33.82500000000001,132.75625,33.82291666666667,132.753125
2026-05,2025-06,503256902,4,14,88.98,0.4535,top_20pct_active,33.825,132.75625,33.82916666666667,132.7625,33.827083333333334,132.75937499999998
2026-05,2025-06,503256914,4,15,88.14,0.4535,top_20pct_active,33.82916666666667,132.76874999999998,33.83333333333334,132.77499999999998,33.83125000000001,132.77187499999997
2026-05,2025-06,503265372,4,16,87.29,0.4535,top_20pct_active,33.858333333333334,132.71875,33.862500000000004,132.725,33.860416666666666,132.721875
2026-05,2025-06,503266103,4,17,86.44,0.4535,top_20pct_active,33.84583333333334,132.75,33.85000000000001,132.75625,33.84791666666668,132.753125
2026-05,2025-06,503266231,4,18,85.59,0.4535,top_20pct_active,33.85,132.7875,33.85416666666667,132.79375,33.85208333333334,132.79062499999998
2026-05,2025-06,503266301,4,19,84.75,0.4535,top_20pct_active,33.858333333333334,132.75,33.862500000000004,132.75625,33.860416666666666,132.753125
2026-05,2025-06,503255981,3,20,83.9,0.1674,top_20pct_active,33.825,132.725,33.82916666666667,132.73125,33.827083333333334,132.72812499999998
2026-05,2025-06,503256721,3,21,83.05,0.1674,top_20pct_active,33.80833333333333,132.775,33.8125,132.78125,33.81041666666667,132.778125
2026-05,2025-06,503256732,3,22,82.2,0.1674,top_20pct_active,33.80833333333333,132.79375,33.8125,132.79999999999998,33.81041666666667,132.796875
2026-05,2025-06,503256741,3,23,81.36,0.1674,top_20pct_active,33.80833333333333,132.8,33.8125,132.80625,33.81041666666667,132.80312500000002
2026-05,2025-06,503256801,3,24,80.51,0.1674,top_20pct_active,33.81666666666667,132.75,33.82083333333334,132.75625,33.81875000000001,132.753125
2026-05,2025-06,503256812,3,25,79.66,0.1674,other_active,33.81666666666667,132.76874999999998,33.82083333333334,132.77499999999998,33.81875000000001,132.77187499999997
2026-05,2025-06,503256821,3,26,78.81,0.1674,other_active,33.81666666666667,132.775,33.82083333333334,132.78125,33.81875000000001,132.778125
2026-05,2025-06,503256933,3,27,77.97,0.1674,other_active,33.82916666666667,132.7875,33.83333333333334,132.79375,33.83125000000001,132.79062499999998
2026-05,2025-06,503265882,3,28,77.12,0.1674,other_active,33.900000000000006,132.73125,33.904166666666676,132.73749999999998,33.90208333333334,132.734375
2026-05,2025-06,503266022,3,29,76.27,0.1674,other_active,33.833333333333336,132.78125,33.837500000000006,132.7875,33.835416666666674,132.784375
2026-05,2025-06,503266024,3,30,75.42,0.1674,other_active,33.837500000000006,132.78125,33.841666666666676,132.7875,33.83958333333334,132.784375
2026-05,2025-06,503266124,3,31,74.58,0.1674,other_active,33.84583333333334,132.78125,33.85000000000001,132.7875,33.84791666666668,132.784375
2026-05,2025-06,503266132,3,32,73.73,0.1674,other_active,33.84166666666667,132.79375,33.84583333333334,132.79999999999998,33.84375,132.796875
2026-05,2025-06,503276314,3,33,72.88,0.1674,other_active,33.94583333333334,132.76874999999998,33.95000000000001,132.77499999999998,33.94791666666667,132.77187499999997
2026-05,2025-06,503255782,2,34,72.03,-0.1188,other_active,33.80833333333333,132.73125,33.8125,132.73749999999998,33.81041666666667,132.734375
2026-05,2025-06,503255792,2,35,71.19,-0.1188,other_active,33.80833333333333,132.74375,33.8125,132.75,33.81041666666667,132.746875
2026-05,2025-06,503255893,2,36,70.34,-0.1188,other_active,33.82083333333334,132.7375,33.82500000000001,132.74375,33.82291666666667,132.74062500000002
2026-05,2025-06,503255971,2,37,69.49,-0.1188,other_active,33.825,132.7125,33.82916666666667,132.71875,33.827083333333334,132.715625
2026-05,2025-06,503255974,2,38,68.64,-0.1188,other_active,33.82916666666667,132.71875,33.83333333333334,132.725,33.83125000000001,132.721875
2026-05,2025-06,503255991,2,39,67.8,-0.1188,other_active,33.825,132.7375,33.82916666666667,132.74375,33.827083333333334,132.74062500000002
2026-05,2025-06,503256731,2,40,66.95,-0.1188,other_active,33.80833333333333,132.7875,33.8125,132.79375,33.81041666666667,132.79062499999998
2026-05,2025-06,503256753,2,41,66.1,-0.1188,other_active,33.8125,132.8125,33.81666666666667,132.81875,33.81458333333333,132.815625
2026-05,2025-06,503256802,2,42,65.25,-0.1188,other_active,33.81666666666667,132.75625,33.82083333333334,132.7625,33.81875000000001,132.75937499999998
2026-05,2025-06,503256811,2,43,64.41,-0.1188,other_active,33.81666666666667,132.7625,33.82083333333334,132.76874999999998,33.81875000000001,132.765625
2026-05,2025-06,503256912,2,44,63.56,-0.1188,other_active,33.825,132.76874999999998,33.82916666666667,132.77499999999998,33.827083333333334,132.77187499999997
2026-05,2025-06,503256923,2,45,62.71,-0.1188,other_active,33.82916666666667,132.775,33.83333333333334,132.78125,33.83125000000001,132.778125
2026-05,2025-06,503256924,2,46,61.86,-0.1188,other_active,33.82916666666667,132.78125,33.83333333333334,132.7875,33.83125000000001,132.784375
2026-05,2025-06,503256931,2,47,61.02,-0.1188,other_active,33.825,132.7875,33.82916666666667,132.79375,33.827083333333334,132.79062499999998
2026-05,2025-06,503265092,2,48,60.17,-0.1188,other_active,33.833333333333336,132.74375,33.837500000000006,132.75,33.835416666666674,132.746875
2026-05,2025-06,503265283,2,49,59.32,-0.1188,other_active,33.85416666666667,132.725,33.85833333333334,132.73125,33.85625,132.72812499999998
2026-05,2025-06,503265371,2,50,58.47,-0.1188,other_active,33.858333333333334,132.7125,33.862500000000004,132.71875,33.860416666666666,132.715625
2026-05,2025-06,503266021,2,51,57.63,-0.1188,other_active,33.833333333333336,132.775,33.837500000000006,132.78125,33.835416666666674,132.778125
2026-05,2025-06,503266033,2,52,56.78,-0.1188,other_active,33.837500000000006,132.7875,33.841666666666676,132.79375,33.83958333333334,132.79062499999998
2026-05,2025-06,503266303,2,53,55.93,-0.1188,other_active,33.862500000000004,132.75,33.866666666666674,132.75625,33.86458333333334,132.753125
2026-05,2025-06,503266403,2,54,55.08,-0.1188,other_active,33.87083333333334,132.75,33.87500000000001,132.75625,33.87291666666667,132.753125
2026-05,2025-06,503276421,2,55,54.24,-0.1188,other_active,33.95,132.775,33.95416666666667,132.78125,33.952083333333334,132.778125
2026-05,2025-06,503276512,2,56,53.39,-0.1188,other_active,33.958333333333336,132.76874999999998,33.962500000000006,132.77499999999998,33.960416666666674,132.77187499999997
2026-05,2025-06,503276712,2,57,52.54,-0.1188,other_active,33.975,132.76874999999998,33.97916666666667,132.77499999999998,33.97708333333334,132.77187499999997
2026-05,2025-06,503255683,1,58,51.69,-0.405,other_active,33.80416666666667,132.725,33.80833333333334,132.73125,33.806250000000006,132.72812499999998
2026-05,2025-06,503255783,1,59,50.85,-0.405,other_active,33.8125,132.725,33.81666666666667,132.73125,33.81458333333333,132.72812499999998
2026-05,2025-06,503255854,1,60,50.0,-0.405,other_active,33.82083333333334,132.69375,33.82500000000001,132.7,33.82291666666667,132.69687499999998
2026-05,2025-06,503255873,1,61,49.15,-0.405,other_active,33.82083333333334,132.7125,33.82500000000001,132.71875,33.82291666666667,132.715625
2026-05,2025-06,503255894,1,62,48.31,-0.405,other_active,33.82083333333334,132.74375,33.82500000000001,132.75,33.82291666666667,132.746875
2026-05,2025-06,503255964,1,63,47.46,-0.405,other_active,33.82916666666667,132.70624999999998,33.83333333333334,132.71249999999998,33.83125000000001,132.70937499999997
2026-05,2025-06,503255972,1,64,46.61,-0.405,other_active,33.825,132.71875,33.82916666666667,132.725,33.827083333333334,132.721875
2026-05,2025-06,503255973,1,65,45.76,-0.405,other_active,33.82916666666667,132.7125,33.83333333333334,132.71875,33.83125000000001,132.715625
2026-05,2025-06,503255982,1,66,44.92,-0.405,other_active,33.825,132.73125,33.82916666666667,132.73749999999998,33.827083333333334,132.734375
2026-05,2025-06,503255983,1,67,44.07,-0.405,other_active,33.82916666666667,132.725,33.83333333333334,132.73125,33.83125000000001,132.72812499999998
2026-05,2025-06,503256524,1,68,43.22,-0.405,other_active,33.795833333333334,132.78125,33.800000000000004,132.7875,33.797916666666666,132.784375
2026-05,2025-06,503256611,1,69,42.37,-0.405,other_active,33.8,132.7625,33.80416666666667,132.76874999999998,33.80208333333333,132.765625
2026-05,2025-06,503256613,1,70,41.53,-0.405,other_active,33.80416666666667,132.7625,33.80833333333334,132.76874999999998,33.806250000000006,132.765625
2026-05,2025-06,503256624,1,71,40.68,-0.405,other_active,33.80416666666667,132.78125,33.80833333333334,132.7875,33.806250000000006,132.784375
2026-05,2025-06,503256633,1,72,39.83,-0.405,other_active,33.80416666666667,132.7875,33.80833333333334,132.79375,33.806250000000006,132.79062499999998
2026-05,2025-06,503256703,1,73,38.98,-0.405,other_active,33.8125,132.75,33.81666666666667,132.75625,33.81458333333333,132.753125
2026-05,2025-06,503256704,1,74,38.14,-0.405,other_active,33.8125,132.75625,33.81666666666667,132.7625,33.81458333333333,132.75937499999998
2026-05,2025-06,503256722,1,75,37.29,-0.405,other_active,33.80833333333333,132.78125,33.8125,132.7875,33.81041666666667,132.784375
2026-05,2025-06,503256724,1,76,36.44,-0.405,other_active,33.8125,132.78125,33.81666666666667,132.7875,33.81458333333333,132.784375
2026-05,2025-06,503256744,1,77,35.59,-0.405,other_active,33.8125,132.80625,33.81666666666667,132.8125,33.81458333333333,132.809375
2026-05,2025-06,503256752,1,78,34.75,-0.405,other_active,33.80833333333333,132.81875,33.8125,132.825,33.81041666666667,132.82187499999998
2026-05,2025-06,503256804,1,79,33.9,-0.405,other_active,33.82083333333334,132.75625,33.82500000000001,132.7625,33.82291666666667,132.75937499999998
2026-05,2025-06,503256822,1,80,33.05,-0.405,other_active,33.81666666666667,132.78125,33.82083333333334,132.7875,33.81875000000001,132.784375
2026-05,2025-06,503256903,1,81,32.2,-0.405,other_active,33.82916666666667,132.75,33.83333333333334,132.75625,33.83125000000001,132.753125
2026-05,2025-06,503256913,1,82,31.36,-0.405,other_active,33.82916666666667,132.7625,33.83333333333334,132.76874999999998,33.83125000000001,132.765625
2026-05,2025-06,503256922,1,83,30.51,-0.405,other_active,33.825,132.78125,33.82916666666667,132.7875,33.827083333333334,132.784375
2026-05,2025-06,503265271,1,84,29.66,-0.405,other_active,33.85,132.7125,33.85416666666667,132.71875,33.85208333333334,132.715625
2026-05,2025-06,503265272,1,85,28.81,-0.405,other_active,33.85,132.71875,33.85416666666667,132.725,33.85208333333334,132.721875
2026-05,2025-06,503265273,1,86,27.97,-0.405,other_active,33.85416666666667,132.7125,33.85833333333334,132.71875,33.85625,132.715625
2026-05,2025-06,503265274,1,87,27.12,-0.405,other_active,33.85416666666667,132.71875,33.85833333333334,132.725,33.85625,132.721875
2026-05,2025-06,503265284,1,88,26.27,-0.405,other_active,33.85416666666667,132.73125,33.85833333333334,132.73749999999998,33.85625,132.734375
2026-05,2025-06,503265291,1,89,25.42,-0.405,other_active,33.85,132.7375,33.85416666666667,132.74375,33.85208333333334,132.74062500000002
2026-05,2025-06,503265292,1,90,24.58,-0.405,other_active,33.85,132.74375,33.85416666666667,132.75,33.85208333333334,132.746875
2026-05,2025-06,503265294,1,91,23.73,-0.405,other_active,33.85416666666667,132.74375,33.85833333333334,132.75,33.85625,132.746875
2026-05,2025-06,503265381,1,92,22.88,-0.405,other_active,33.858333333333334,132.725,33.862500000000004,132.73125,33.860416666666666,132.72812499999998
2026-05,2025-06,503265462,1,93,22.03,-0.405,other_active,33.86666666666667,132.70624999999998,33.87083333333334,132.71249999999998,33.868750000000006,132.70937499999997
2026-05,2025-06,503265471,1,94,21.19,-0.405,other_active,33.86666666666667,132.7125,33.87083333333334,132.71875,33.868750000000006,132.715625
2026-05,2025-06,503265783,1,95,20.34,-0.405,other_active,33.895833333333336,132.725,33.900000000000006,132.73125,33.897916666666674,132.72812499999998
2026-05,2025-06,503266001,1,96,19.49,-0.405,other_active,33.833333333333336,132.75,33.837500000000006,132.75625,33.835416666666674,132.753125
2026-05,2025-06,503266023,1,97,18.64,-0.405,other_active,33.837500000000006,132.775,33.841666666666676,132.78125,33.83958333333334,132.778125
2026-05,2025-06,503266031,1,98,17.8,-0.405,other_active,33.833333333333336,132.7875,33.837500000000006,132.79375,33.835416666666674,132.79062499999998
2026-05,2025-06,503266034,1,99,16.95,-0.405,other_active,33.837500000000006,132.79375,33.841666666666676,132.79999999999998,33.83958333333334,132.796875
2026-05,2025-06,503266131,1,100,16.1,-0.405,other_active,33.84166666666667,132.7875,33.84583333333334,132.79375,33.84375,132.79062499999998
2026-05,2025-06,503266134,1,101,15.25,-0.405,other_active,33.84583333333334,132.79375,33.85000000000001,132.79999999999998,33.84791666666668,132.796875
2026-05,2025-06,503266201,1,102,14.41,-0.405,other_active,33.85,132.75,33.85416666666667,132.75625,33.85208333333334,132.753125
2026-05,2025-06,503266203,1,103,13.56,-0.405,other_active,33.85416666666667,132.75,33.85833333333334,132.75625,33.85625,132.753125
2026-05,2025-06,503266204,1,104,12.71,-0.405,other_active,33.85416666666667,132.75625,33.85833333333334,132.7625,33.85625,132.75937499999998
2026-05,2025-06,503266212,1,105,11.86,-0.405,other_active,33.85,132.76874999999998,33.85416666666667,132.77499999999998,33.85208333333334,132.77187499999997
2026-05,2025-06,503266221,1,106,11.02,-0.405,other_active,33.85,132.775,33.85416666666667,132.78125,33.85208333333334,132.778125
2026-05,2025-06,503266223,1,107,10.17,-0.405,other_active,33.85416666666667,132.775,33.85833333333334,132.78125,33.85625,132.778125
2026-05,2025-06,503266224,1,108,9.32,-0.405,other_active,33.85416666666667,132.78125,33.85833333333334,132.7875,33.85625,132.784375
2026-05,2025-06,503266302,1,109,8.47,-0.405,other_active,33.858333333333334,132.75625,33.862500000000004,132.7625,33.860416666666666,132.75937499999998
2026-05,2025-06,503266304,1,110,7.63,-0.405,other_active,33.862500000000004,132.75625,33.866666666666674,132.7625,33.86458333333334,132.75937499999998
2026-05,2025-06,503274482,1,111,6.78,-0.405,other_active,33.95,132.60625,33.95416666666667,132.61249999999998,33.952083333333334,132.609375
2026-05,2025-06,503275403,1,112,5.93,-0.405,other_active,33.95416666666667,132.625,33.95833333333334,132.63125,33.95625000000001,132.628125
2026-05,2025-06,503275603,1,113,5.08,-0.405,other_active,33.97083333333334,132.625,33.97500000000001,132.63125,33.97291666666668,132.628125
2026-05,2025-06,503275701,1,114,4.24,-0.405,other_active,33.975,132.625,33.97916666666667,132.63125,33.97708333333334,132.628125
2026-05,2025-06,503276521,1,115,3.39,-0.405,other_active,33.958333333333336,132.775,33.962500000000006,132.78125,33.960416666666674,132.778125
2026-05,2025-06,503276522,1,116,2.54,-0.405,other_active,33.958333333333336,132.78125,33.962500000000006,132.7875,33.960416666666674,132.784375
2026-05,2025-06,503276614,1,117,1.69,-0.405,other_active,33.97083333333334,132.76874999999998,33.97500000000001,132.77499999999998,33.97291666666668,132.77187499999997
2026-05,2025-06,503276622,1,118,0.85,-0.405,other_active,33.96666666666667,132.78125,33.97083333333334,132.7875,33.96875,132.784375
2026-06,2025-07,503266222,35,1,100.0,9.287,top_5pct_active,33.85,132.78125,33.85416666666667,132.7875,33.85208333333334,132.784375
2026-06,2025-07,503265373,11,2,99.11,2.4589,top_5pct_active,33.862500000000004,132.7125,33.866666666666674,132.71875,33.86458333333334,132.715625
2026-06,2025-07,503256814,8,3,98.21,1.6054,top_5pct_active,33.82083333333334,132.76874999999998,33.82500000000001,132.77499999999998,33.82291666666667,132.77187499999997
2026-06,2025-07,503266101,7,4,97.32,1.3209,top_5pct_active,33.84166666666667,132.75,33.84583333333334,132.75625,33.84375,132.753125
2026-06,2025-07,503256823,6,5,96.43,1.0364,top_5pct_active,33.82083333333334,132.775,33.82500000000001,132.78125,33.82291666666667,132.778125
2026-06,2025-07,503256934,6,6,95.54,1.0364,top_5pct_active,33.82916666666667,132.79375,33.83333333333334,132.79999999999998,33.83125000000001,132.796875
2026-06,2025-07,503255793,5,7,94.64,0.7519,top_20pct_active,33.8125,132.7375,33.81666666666667,132.74375,33.81458333333333,132.74062500000002
2026-06,2025-07,503255992,5,8,93.75,0.7519,top_20pct_active,33.825,132.74375,33.82916666666667,132.75,33.827083333333334,132.746875
2026-06,2025-07,503256902,5,9,92.86,0.7519,top_20pct_active,33.825,132.75625,33.82916666666667,132.7625,33.827083333333334,132.75937499999998
2026-06,2025-07,503266231,5,10,91.96,0.7519,top_20pct_active,33.85,132.7875,33.85416666666667,132.79375,33.85208333333334,132.79062499999998
2026-06,2025-07,503255794,4,11,91.07,0.4674,top_20pct_active,33.8125,132.74375,33.81666666666667,132.75,33.81458333333333,132.746875
2026-06,2025-07,503256702,4,12,90.18,0.4674,top_20pct_active,33.80833333333333,132.75625,33.8125,132.7625,33.81041666666667,132.75937499999998
2026-06,2025-07,503256711,4,13,89.29,0.4674,top_20pct_active,33.80833333333333,132.7625,33.8125,132.76874999999998,33.81041666666667,132.765625
2026-06,2025-07,503265372,4,14,88.39,0.4674,top_20pct_active,33.858333333333334,132.71875,33.862500000000004,132.725,33.860416666666666,132.721875
2026-06,2025-07,503266103,4,15,87.5,0.4674,top_20pct_active,33.84583333333334,132.75,33.85000000000001,132.75625,33.84791666666668,132.753125
2026-06,2025-07,503266301,4,16,86.61,0.4674,top_20pct_active,33.858333333333334,132.75,33.862500000000004,132.75625,33.860416666666666,132.753125
2026-06,2025-07,503255792,3,17,85.71,0.1829,top_20pct_active,33.80833333333333,132.74375,33.8125,132.75,33.81041666666667,132.746875
2026-06,2025-07,503255981,3,18,84.82,0.1829,top_20pct_active,33.825,132.725,33.82916666666667,132.73125,33.827083333333334,132.72812499999998
2026-06,2025-07,503256712,3,19,83.93,0.1829,top_20pct_active,33.80833333333333,132.76874999999998,33.8125,132.77499999999998,33.81041666666667,132.77187499999997
2026-06,2025-07,503256721,3,20,83.04,0.1829,top_20pct_active,33.80833333333333,132.775,33.8125,132.78125,33.81041666666667,132.778125
2026-06,2025-07,503256801,3,21,82.14,0.1829,top_20pct_active,33.81666666666667,132.75,33.82083333333334,132.75625,33.81875000000001,132.753125
2026-06,2025-07,503256803,3,22,81.25,0.1829,top_20pct_active,33.82083333333334,132.75,33.82500000000001,132.75625,33.82291666666667,132.753125
2026-06,2025-07,503256812,3,23,80.36,0.1829,top_20pct_active,33.81666666666667,132.76874999999998,33.82083333333334,132.77499999999998,33.81875000000001,132.77187499999997
2026-06,2025-07,503256821,3,24,79.46,0.1829,other_active,33.81666666666667,132.775,33.82083333333334,132.78125,33.81875000000001,132.778125
2026-06,2025-07,503256914,3,25,78.57,0.1829,other_active,33.82916666666667,132.76874999999998,33.83333333333334,132.77499999999998,33.83125000000001,132.77187499999997
2026-06,2025-07,503256923,3,26,77.68,0.1829,other_active,33.82916666666667,132.775,33.83333333333334,132.78125,33.83125000000001,132.778125
2026-06,2025-07,503256933,3,27,76.79,0.1829,other_active,33.82916666666667,132.7875,33.83333333333334,132.79375,33.83125000000001,132.79062499999998
2026-06,2025-07,503265882,3,28,75.89,0.1829,other_active,33.900000000000006,132.73125,33.904166666666676,132.73749999999998,33.90208333333334,132.734375
2026-06,2025-07,503266024,3,29,75.0,0.1829,other_active,33.837500000000006,132.78125,33.841666666666676,132.7875,33.83958333333334,132.784375
2026-06,2025-07,503266124,3,30,74.11,0.1829,other_active,33.84583333333334,132.78125,33.85000000000001,132.7875,33.84791666666668,132.784375
2026-06,2025-07,503266132,3,31,73.21,0.1829,other_active,33.84166666666667,132.79375,33.84583333333334,132.79999999999998,33.84375,132.796875
2026-06,2025-07,503255782,2,32,72.32,-0.1016,other_active,33.80833333333333,132.73125,33.8125,132.73749999999998,33.81041666666667,132.734375
2026-06,2025-07,503255971,2,33,71.43,-0.1016,other_active,33.825,132.7125,33.82916666666667,132.71875,33.827083333333334,132.715625
2026-06,2025-07,503255991,2,34,70.54,-0.1016,other_active,33.825,132.7375,33.82916666666667,132.74375,33.827083333333334,132.74062500000002
2026-06,2025-07,503256731,2,35,69.64,-0.1016,other_active,33.80833333333333,132.7875,33.8125,132.79375,33.81041666666667,132.79062499999998
2026-06,2025-07,503256732,2,36,68.75,-0.1016,other_active,33.80833333333333,132.79375,33.8125,132.79999999999998,33.81041666666667,132.796875
2026-06,2025-07,503256744,2,37,67.86,-0.1016,other_active,33.8125,132.80625,33.81666666666667,132.8125,33.81458333333333,132.809375
2026-06,2025-07,503256753,2,38,66.96,-0.1016,other_active,33.8125,132.8125,33.81666666666667,132.81875,33.81458333333333,132.815625
2026-06,2025-07,503256811,2,39,66.07,-0.1016,other_active,33.81666666666667,132.7625,33.82083333333334,132.76874999999998,33.81875000000001,132.765625
2026-06,2025-07,503256912,2,40,65.18,-0.1016,other_active,33.825,132.76874999999998,33.82916666666667,132.77499999999998,33.827083333333334,132.77187499999997
2026-06,2025-07,503256924,2,41,64.29,-0.1016,other_active,33.82916666666667,132.78125,33.83333333333334,132.7875,33.83125000000001,132.784375
2026-06,2025-07,503256931,2,42,63.39,-0.1016,other_active,33.825,132.7875,33.82916666666667,132.79375,33.827083333333334,132.79062499999998
2026-06,2025-07,503265092,2,43,62.5,-0.1016,other_active,33.833333333333336,132.74375,33.837500000000006,132.75,33.835416666666674,132.746875
2026-06,2025-07,503265371,2,44,61.61,-0.1016,other_active,33.858333333333334,132.7125,33.862500000000004,132.71875,33.860416666666666,132.715625
2026-06,2025-07,503266022,2,45,60.71,-0.1016,other_active,33.833333333333336,132.78125,33.837500000000006,132.7875,33.835416666666674,132.784375
2026-06,2025-07,503266023,2,46,59.82,-0.1016,other_active,33.837500000000006,132.775,33.841666666666676,132.78125,33.83958333333334,132.778125
2026-06,2025-07,503266033,2,47,58.93,-0.1016,other_active,33.837500000000006,132.7875,33.841666666666676,132.79375,33.83958333333334,132.79062499999998
2026-06,2025-07,503266403,2,48,58.04,-0.1016,other_active,33.87083333333334,132.75,33.87500000000001,132.75625,33.87291666666667,132.753125
2026-06,2025-07,503276314,2,49,57.14,-0.1016,other_active,33.94583333333334,132.76874999999998,33.95000000000001,132.77499999999998,33.94791666666667,132.77187499999997
2026-06,2025-07,503276421,2,50,56.25,-0.1016,other_active,33.95,132.775,33.95416666666667,132.78125,33.952083333333334,132.778125
2026-06,2025-07,503276512,2,51,55.36,-0.1016,other_active,33.958333333333336,132.76874999999998,33.962500000000006,132.77499999999998,33.960416666666674,132.77187499999997
2026-06,2025-07,503276614,2,52,54.46,-0.1016,other_active,33.97083333333334,132.76874999999998,33.97500000000001,132.77499999999998,33.97291666666668,132.77187499999997
2026-06,2025-07,503255783,1,53,53.57,-0.3861,other_active,33.8125,132.725,33.81666666666667,132.73125,33.81458333333333,132.72812499999998
2026-06,2025-07,503255854,1,54,52.68,-0.3861,other_active,33.82083333333334,132.69375,33.82500000000001,132.7,33.82291666666667,132.69687499999998
2026-06,2025-07,503255873,1,55,51.79,-0.3861,other_active,33.82083333333334,132.7125,33.82500000000001,132.71875,33.82291666666667,132.715625
2026-06,2025-07,503255893,1,56,50.89,-0.3861,other_active,33.82083333333334,132.7375,33.82500000000001,132.74375,33.82291666666667,132.74062500000002
2026-06,2025-07,503255894,1,57,50.0,-0.3861,other_active,33.82083333333334,132.74375,33.82500000000001,132.75,33.82291666666667,132.746875
2026-06,2025-07,503255964,1,58,49.11,-0.3861,other_active,33.82916666666667,132.70624999999998,33.83333333333334,132.71249999999998,33.83125000000001,132.70937499999997
2026-06,2025-07,503255972,1,59,48.21,-0.3861,other_active,33.825,132.71875,33.82916666666667,132.725,33.827083333333334,132.721875
2026-06,2025-07,503255973,1,60,47.32,-0.3861,other_active,33.82916666666667,132.7125,33.83333333333334,132.71875,33.83125000000001,132.715625
2026-06,2025-07,503255974,1,61,46.43,-0.3861,other_active,33.82916666666667,132.71875,33.83333333333334,132.725,33.83125000000001,132.721875
2026-06,2025-07,503255982,1,62,45.54,-0.3861,other_active,33.825,132.73125,33.82916666666667,132.73749999999998,33.827083333333334,132.734375
2026-06,2025-07,503255983,1,63,44.64,-0.3861,other_active,33.82916666666667,132.725,33.83333333333334,132.73125,33.83125000000001,132.72812499999998
2026-06,2025-07,503256524,1,64,43.75,-0.3861,other_active,33.795833333333334,132.78125,33.800000000000004,132.7875,33.797916666666666,132.784375
2026-06,2025-07,503256611,1,65,42.86,-0.3861,other_active,33.8,132.7625,33.80416666666667,132.76874999999998,33.80208333333333,132.765625
2026-06,2025-07,503256633,1,66,41.96,-0.3861,other_active,33.80416666666667,132.7875,33.80833333333334,132.79375,33.806250000000006,132.79062499999998
2026-06,2025-07,503256704,1,67,41.07,-0.3861,other_active,33.8125,132.75625,33.81666666666667,132.7625,33.81458333333333,132.75937499999998
2026-06,2025-07,503256722,1,68,40.18,-0.3861,other_active,33.80833333333333,132.78125,33.8125,132.7875,33.81041666666667,132.784375
2026-06,2025-07,503256741,1,69,39.29,-0.3861,other_active,33.80833333333333,132.8,33.8125,132.80625,33.81041666666667,132.80312500000002
2026-06,2025-07,503256752,1,70,38.39,-0.3861,other_active,33.80833333333333,132.81875,33.8125,132.825,33.81041666666667,132.82187499999998
2026-06,2025-07,503256802,1,71,37.5,-0.3861,other_active,33.81666666666667,132.75625,33.82083333333334,132.7625,33.81875000000001,132.75937499999998
2026-06,2025-07,503256804,1,72,36.61,-0.3861,other_active,33.82083333333334,132.75625,33.82500000000001,132.7625,33.82291666666667,132.75937499999998
2026-06,2025-07,503256813,1,73,35.71,-0.3861,other_active,33.82083333333334,132.7625,33.82500000000001,132.76874999999998,33.82291666666667,132.765625
2026-06,2025-07,503256903,1,74,34.82,-0.3861,other_active,33.82916666666667,132.75,33.83333333333334,132.75625,33.83125000000001,132.753125
2026-06,2025-07,503256913,1,75,33.93,-0.3861,other_active,33.82916666666667,132.7625,33.83333333333334,132.76874999999998,33.83125000000001,132.765625
2026-06,2025-07,503256922,1,76,33.04,-0.3861,other_active,33.825,132.78125,33.82916666666667,132.7875,33.827083333333334,132.784375
2026-06,2025-07,503265271,1,77,32.14,-0.3861,other_active,33.85,132.7125,33.85416666666667,132.71875,33.85208333333334,132.715625
2026-06,2025-07,503265272,1,78,31.25,-0.3861,other_active,33.85,132.71875,33.85416666666667,132.725,33.85208333333334,132.721875
2026-06,2025-07,503265273,1,79,30.36,-0.3861,other_active,33.85416666666667,132.7125,33.85833333333334,132.71875,33.85625,132.715625
2026-06,2025-07,503265274,1,80,29.46,-0.3861,other_active,33.85416666666667,132.71875,33.85833333333334,132.725,33.85625,132.721875
2026-06,2025-07,503265283,1,81,28.57,-0.3861,other_active,33.85416666666667,132.725,33.85833333333334,132.73125,33.85625,132.72812499999998
2026-06,2025-07,503265284,1,82,27.68,-0.3861,other_active,33.85416666666667,132.73125,33.85833333333334,132.73749999999998,33.85625,132.734375
2026-06,2025-07,503265291,1,83,26.79,-0.3861,other_active,33.85,132.7375,33.85416666666667,132.74375,33.85208333333334,132.74062500000002
2026-06,2025-07,503265292,1,84,25.89,-0.3861,other_active,33.85,132.74375,33.85416666666667,132.75,33.85208333333334,132.746875
2026-06,2025-07,503265294,1,85,25.0,-0.3861,other_active,33.85416666666667,132.74375,33.85833333333334,132.75,33.85625,132.746875
2026-06,2025-07,503265381,1,86,24.11,-0.3861,other_active,33.858333333333334,132.725,33.862500000000004,132.73125,33.860416666666666,132.72812499999998
2026-06,2025-07,503265462,1,87,23.21,-0.3861,other_active,33.86666666666667,132.70624999999998,33.87083333333334,132.71249999999998,33.868750000000006,132.70937499999997
2026-06,2025-07,503265471,1,88,22.32,-0.3861,other_active,33.86666666666667,132.7125,33.87083333333334,132.71875,33.868750000000006,132.715625
2026-06,2025-07,503265783,1,89,21.43,-0.3861,other_active,33.895833333333336,132.725,33.900000000000006,132.73125,33.897916666666674,132.72812499999998
2026-06,2025-07,503266001,1,90,20.54,-0.3861,other_active,33.833333333333336,132.75,33.837500000000006,132.75625,33.835416666666674,132.753125
2026-06,2025-07,503266021,1,91,19.64,-0.3861,other_active,33.833333333333336,132.775,33.837500000000006,132.78125,33.835416666666674,132.778125
2026-06,2025-07,503266031,1,92,18.75,-0.3861,other_active,33.833333333333336,132.7875,33.837500000000006,132.79375,33.835416666666674,132.79062499999998
2026-06,2025-07,503266034,1,93,17.86,-0.3861,other_active,33.837500000000006,132.79375,33.841666666666676,132.79999999999998,33.83958333333334,132.796875
2026-06,2025-07,503266131,1,94,16.96,-0.3861,other_active,33.84166666666667,132.7875,33.84583333333334,132.79375,33.84375,132.79062499999998
2026-06,2025-07,503266134,1,95,16.07,-0.3861,other_active,33.84583333333334,132.79375,33.85000000000001,132.79999999999998,33.84791666666668,132.796875
2026-06,2025-07,503266201,1,96,15.18,-0.3861,other_active,33.85,132.75,33.85416666666667,132.75625,33.85208333333334,132.753125
2026-06,2025-07,503266203,1,97,14.29,-0.3861,other_active,33.85416666666667,132.75,33.85833333333334,132.75625,33.85625,132.753125
2026-06,2025-07,503266204,1,98,13.39,-0.3861,other_active,33.85416666666667,132.75625,33.85833333333334,132.7625,33.85625,132.75937499999998
2026-06,2025-07,503266212,1,99,12.5,-0.3861,other_active,33.85,132.76874999999998,33.85416666666667,132.77499999999998,33.85208333333334,132.77187499999997
2026-06,2025-07,503266221,1,100,11.61,-0.3861,other_active,33.85,132.775,33.85416666666667,132.78125,33.85208333333334,132.778125
2026-06,2025-07,503266224,1,101,10.71,-0.3861,other_active,33.85416666666667,132.78125,33.85833333333334,132.7875,33.85625,132.784375
2026-06,2025-07,503266302,1,102,9.82,-0.3861,other_active,33.858333333333334,132.75625,33.862500000000004,132.7625,33.860416666666666,132.75937499999998
2026-06,2025-07,503266303,1,103,8.93,-0.3861,other_active,33.862500000000004,132.75,33.866666666666674,132.75625,33.86458333333334,132.753125
2026-06,2025-07,503266304,1,104,8.04,-0.3861,other_active,33.862500000000004,132.75625,33.866666666666674,132.7625,33.86458333333334,132.75937499999998
2026-06,2025-07,503274482,1,105,7.14,-0.3861,other_active,33.95,132.60625,33.95416666666667,132.61249999999998,33.952083333333334,132.609375
2026-06,2025-07,503275403,1,106,6.25,-0.3861,other_active,33.95416666666667,132.625,33.95833333333334,132.63125,33.95625000000001,132.628125
2026-06,2025-07,503275603,1,107,5.36,-0.3861,other_active,33.97083333333334,132.625,33.97500000000001,132.63125,33.97291666666668,132.628125
2026-06,2025-07,503275701,1,108,4.46,-0.3861,other_active,33.975,132.625,33.97916666666667,132.63125,33.97708333333334,132.628125
2026-06,2025-07,503276521,1,109,3.57,-0.3861,other_active,33.958333333333336,132.775,33.962500000000006,132.78125,33.960416666666674,132.778125
2026-06,2025-07,503276522,1,110,2.68,-0.3861,other_active,33.958333333333336,132.78125,33.962500000000006,132.7875,33.960416666666674,132.784375
2026-06,2025-07,503276622,1,111,1.79,-0.3861,other_active,33.96666666666667,132.78125,33.97083333333334,132.7875,33.96875,132.784375
2026-06,2025-07,503276712,1,112,0.89,-0.3861,other_active,33.975,132.76874999999998,33.97916666666667,132.77499999999998,33.97708333333334,132.77187499999997
2026-07,2025-08,503266222,37,1,100.0,9.2562,top_5pct_active,33.85,132.78125,33.85416666666667,132.7875,33.85208333333334,132.784375
2026-07,2025-08,503265373,12,2,99.09,2.5559,top_5pct_active,33.862500000000004,132.7125,33.866666666666674,132.71875,33.86458333333334,132.715625
2026-07,2025-08,503256814,8,3,98.18,1.4838,top_5pct_active,33.82083333333334,132.76874999999998,33.82500000000001,132.77499999999998,33.82291666666667,132.77187499999997
2026-07,2025-08,503266101,7,4,97.27,1.2158,top_5pct_active,33.84166666666667,132.75,33.84583333333334,132.75625,33.84375,132.753125
2026-07,2025-08,503255793,6,5,96.36,0.9478,top_5pct_active,33.8125,132.7375,33.81666666666667,132.74375,33.81458333333333,132.74062500000002
2026-07,2025-08,503256823,6,6,95.45,0.9478,top_5pct_active,33.82083333333334,132.775,33.82500000000001,132.78125,33.82291666666667,132.778125
2026-07,2025-08,503256934,6,7,94.55,0.9478,top_20pct_active,33.82916666666667,132.79375,33.83333333333334,132.79999999999998,33.83125000000001,132.796875
2026-07,2025-08,503256902,5,8,93.64,0.6798,top_20pct_active,33.825,132.75625,33.82916666666667,132.7625,33.827083333333334,132.75937499999998
2026-07,2025-08,503266231,5,9,92.73,0.6798,top_20pct_active,33.85,132.7875,33.85416666666667,132.79375,33.85208333333334,132.79062499999998
2026-07,2025-08,503255794,4,10,91.82,0.4118,top_20pct_active,33.8125,132.74375,33.81666666666667,132.75,33.81458333333333,132.746875
2026-07,2025-08,503255992,4,11,90.91,0.4118,top_20pct_active,33.825,132.74375,33.82916666666667,132.75,33.827083333333334,132.746875
2026-07,2025-08,503256711,4,12,90.0,0.4118,top_20pct_active,33.80833333333333,132.7625,33.8125,132.76874999999998,33.81041666666667,132.765625
2026-07,2025-08,503256721,4,13,89.09,0.4118,top_20pct_active,33.80833333333333,132.775,33.8125,132.78125,33.81041666666667,132.778125
2026-07,2025-08,503265372,4,14,88.18,0.4118,top_20pct_active,33.858333333333334,132.71875,33.862500000000004,132.725,33.860416666666666,132.721875
2026-07,2025-08,503266103,4,15,87.27,0.4118,top_20pct_active,33.84583333333334,132.75,33.85000000000001,132.75625,33.84791666666668,132.753125
2026-07,2025-08,503266132,4,16,86.36,0.4118,top_20pct_active,33.84166666666667,132.79375,33.84583333333334,132.79999999999998,33.84375,132.796875
2026-07,2025-08,503266301,4,17,85.45,0.4118,top_20pct_active,33.858333333333334,132.75,33.862500000000004,132.75625,33.860416666666666,132.753125
2026-07,2025-08,503255792,3,18,84.55,0.1438,top_20pct_active,33.80833333333333,132.74375,33.8125,132.75,33.81041666666667,132.746875
2026-07,2025-08,503255971,3,19,83.64,0.1438,top_20pct_active,33.825,132.7125,33.82916666666667,132.71875,33.827083333333334,132.715625
2026-07,2025-08,503255981,3,20,82.73,0.1438,top_20pct_active,33.825,132.725,33.82916666666667,132.73125,33.827083333333334,132.72812499999998
2026-07,2025-08,503256702,3,21,81.82,0.1438,top_20pct_active,33.80833333333333,132.75625,33.8125,132.7625,33.81041666666667,132.75937499999998
2026-07,2025-08,503256704,3,22,80.91,0.1438,top_20pct_active,33.8125,132.75625,33.81666666666667,132.7625,33.81458333333333,132.75937499999998
2026-07,2025-08,503256712,3,23,80.0,0.1438,top_20pct_active,33.80833333333333,132.76874999999998,33.8125,132.77499999999998,33.81041666666667,132.77187499999997
2026-07,2025-08,503256801,3,24,79.09,0.1438,other_active,33.81666666666667,132.75,33.82083333333334,132.75625,33.81875000000001,132.753125
2026-07,2025-08,503256803,3,25,78.18,0.1438,other_active,33.82083333333334,132.75,33.82500000000001,132.75625,33.82291666666667,132.753125
2026-07,2025-08,503256812,3,26,77.27,0.1438,other_active,33.81666666666667,132.76874999999998,33.82083333333334,132.77499999999998,33.81875000000001,132.77187499999997
2026-07,2025-08,503256821,3,27,76.36,0.1438,other_active,33.81666666666667,132.775,33.82083333333334,132.78125,33.81875000000001,132.778125
2026-07,2025-08,503256914,3,28,75.45,0.1438,other_active,33.82916666666667,132.76874999999998,33.83333333333334,132.77499999999998,33.83125000000001,132.77187499999997
2026-07,2025-08,503256923,3,29,74.55,0.1438,other_active,33.82916666666667,132.775,33.83333333333334,132.78125,33.83125000000001,132.778125
2026-07,2025-08,503256933,3,30,73.64,0.1438,other_active,33.82916666666667,132.7875,33.83333333333334,132.79375,33.83125000000001,132.79062499999998
2026-07,2025-08,503266024,3,31,72.73,0.1438,other_active,33.837500000000006,132.78125,33.841666666666676,132.7875,33.83958333333334,132.784375
2026-07,2025-08,503266124,3,32,71.82,0.1438,other_active,33.84583333333334,132.78125,33.85000000000001,132.7875,33.84791666666668,132.784375
2026-07,2025-08,503266403,3,33,70.91,0.1438,other_active,33.87083333333334,132.75,33.87500000000001,132.75625,33.87291666666667,132.753125
2026-07,2025-08,503255782,2,34,70.0,-0.1243,other_active,33.80833333333333,132.73125,33.8125,132.73749999999998,33.81041666666667,132.734375
2026-07,2025-08,503255991,2,35,69.09,-0.1243,other_active,33.825,132.7375,33.82916666666667,132.74375,33.827083333333334,132.74062500000002
2026-07,2025-08,503256731,2,36,68.18,-0.1243,other_active,33.80833333333333,132.7875,33.8125,132.79375,33.81041666666667,132.79062499999998
2026-07,2025-08,503256732,2,37,67.27,-0.1243,other_active,33.80833333333333,132.79375,33.8125,132.79999999999998,33.81041666666667,132.796875
2026-07,2025-08,503256744,2,38,66.36,-0.1243,other_active,33.8125,132.80625,33.81666666666667,132.8125,33.81458333333333,132.809375
2026-07,2025-08,503256753,2,39,65.45,-0.1243,other_active,33.8125,132.8125,33.81666666666667,132.81875,33.81458333333333,132.815625
2026-07,2025-08,503256811,2,40,64.55,-0.1243,other_active,33.81666666666667,132.7625,33.82083333333334,132.76874999999998,33.81875000000001,132.765625
2026-07,2025-08,503256912,2,41,63.64,-0.1243,other_active,33.825,132.76874999999998,33.82916666666667,132.77499999999998,33.827083333333334,132.77187499999997
2026-07,2025-08,503256924,2,42,62.73,-0.1243,other_active,33.82916666666667,132.78125,33.83333333333334,132.7875,33.83125000000001,132.784375
2026-07,2025-08,503256931,2,43,61.82,-0.1243,other_active,33.825,132.7875,33.82916666666667,132.79375,33.827083333333334,132.79062499999998
2026-07,2025-08,503265092,2,44,60.91,-0.1243,other_active,33.833333333333336,132.74375,33.837500000000006,132.75,33.835416666666674,132.746875
2026-07,2025-08,503265371,2,45,60.0,-0.1243,other_active,33.858333333333334,132.7125,33.862500000000004,132.71875,33.860416666666666,132.715625
2026-07,2025-08,503265882,2,46,59.09,-0.1243,other_active,33.900000000000006,132.73125,33.904166666666676,132.73749999999998,33.90208333333334,132.734375
2026-07,2025-08,503266021,2,47,58.18,-0.1243,other_active,33.833333333333336,132.775,33.837500000000006,132.78125,33.835416666666674,132.778125
2026-07,2025-08,503266022,2,48,57.27,-0.1243,other_active,33.833333333333336,132.78125,33.837500000000006,132.7875,33.835416666666674,132.784375
2026-07,2025-08,503266023,2,49,56.36,-0.1243,other_active,33.837500000000006,132.775,33.841666666666676,132.78125,33.83958333333334,132.778125
2026-07,2025-08,503266031,2,50,55.45,-0.1243,other_active,33.833333333333336,132.7875,33.837500000000006,132.79375,33.835416666666674,132.79062499999998
2026-07,2025-08,503266033,2,51,54.55,-0.1243,other_active,33.837500000000006,132.7875,33.841666666666676,132.79375,33.83958333333334,132.79062499999998
2026-07,2025-08,503276314,2,52,53.64,-0.1243,other_active,33.94583333333334,132.76874999999998,33.95000000000001,132.77499999999998,33.94791666666667,132.77187499999997
2026-07,2025-08,503276421,2,53,52.73,-0.1243,other_active,33.95,132.775,33.95416666666667,132.78125,33.952083333333334,132.778125
2026-07,2025-08,503276512,2,54,51.82,-0.1243,other_active,33.958333333333336,132.76874999999998,33.962500000000006,132.77499999999998,33.960416666666674,132.77187499999997
2026-07,2025-08,503276614,2,55,50.91,-0.1243,other_active,33.97083333333334,132.76874999999998,33.97500000000001,132.77499999999998,33.97291666666668,132.77187499999997
2026-07,2025-08,503255783,1,56,50.0,-0.3923,other_active,33.8125,132.725,33.81666666666667,132.73125,33.81458333333333,132.72812499999998
2026-07,2025-08,503255854,1,57,49.09,-0.3923,other_active,33.82083333333334,132.69375,33.82500000000001,132.7,33.82291666666667,132.69687499999998
2026-07,2025-08,503255873,1,58,48.18,-0.3923,other_active,33.82083333333334,132.7125,33.82500000000001,132.71875,33.82291666666667,132.715625
2026-07,2025-08,503255893,1,59,47.27,-0.3923,other_active,33.82083333333334,132.7375,33.82500000000001,132.74375,33.82291666666667,132.74062500000002
2026-07,2025-08,503255894,1,60,46.36,-0.3923,other_active,33.82083333333334,132.74375,33.82500000000001,132.75,33.82291666666667,132.746875
2026-07,2025-08,503255964,1,61,45.45,-0.3923,other_active,33.82916666666667,132.70624999999998,33.83333333333334,132.71249999999998,33.83125000000001,132.70937499999997
2026-07,2025-08,503255972,1,62,44.55,-0.3923,other_active,33.825,132.71875,33.82916666666667,132.725,33.827083333333334,132.721875
2026-07,2025-08,503255973,1,63,43.64,-0.3923,other_active,33.82916666666667,132.7125,33.83333333333334,132.71875,33.83125000000001,132.715625
2026-07,2025-08,503255974,1,64,42.73,-0.3923,other_active,33.82916666666667,132.71875,33.83333333333334,132.725,33.83125000000001,132.721875
2026-07,2025-08,503255982,1,65,41.82,-0.3923,other_active,33.825,132.73125,33.82916666666667,132.73749999999998,33.827083333333334,132.734375
2026-07,2025-08,503255983,1,66,40.91,-0.3923,other_active,33.82916666666667,132.725,33.83333333333334,132.73125,33.83125000000001,132.72812499999998
2026-07,2025-08,503256524,1,67,40.0,-0.3923,other_active,33.795833333333334,132.78125,33.800000000000004,132.7875,33.797916666666666,132.784375
2026-07,2025-08,503256611,1,68,39.09,-0.3923,other_active,33.8,132.7625,33.80416666666667,132.76874999999998,33.80208333333333,132.765625
2026-07,2025-08,503256633,1,69,38.18,-0.3923,other_active,33.80416666666667,132.7875,33.80833333333334,132.79375,33.806250000000006,132.79062499999998
2026-07,2025-08,503256713,1,70,37.27,-0.3923,other_active,33.8125,132.7625,33.81666666666667,132.76874999999998,33.81458333333333,132.765625
2026-07,2025-08,503256722,1,71,36.36,-0.3923,other_active,33.80833333333333,132.78125,33.8125,132.7875,33.81041666666667,132.784375
2026-07,2025-08,503256741,1,72,35.45,-0.3923,other_active,33.80833333333333,132.8,33.8125,132.80625,33.81041666666667,132.80312500000002
2026-07,2025-08,503256752,1,73,34.55,-0.3923,other_active,33.80833333333333,132.81875,33.8125,132.825,33.81041666666667,132.82187499999998
2026-07,2025-08,503256804,1,74,33.64,-0.3923,other_active,33.82083333333334,132.75625,33.82500000000001,132.7625,33.82291666666667,132.75937499999998
2026-07,2025-08,503256813,1,75,32.73,-0.3923,other_active,33.82083333333334,132.7625,33.82500000000001,132.76874999999998,33.82291666666667,132.765625
2026-07,2025-08,503256903,1,76,31.82,-0.3923,other_active,33.82916666666667,132.75,33.83333333333334,132.75625,33.83125000000001,132.753125
2026-07,2025-08,503256922,1,77,30.91,-0.3923,other_active,33.825,132.78125,33.82916666666667,132.7875,33.827083333333334,132.784375
2026-07,2025-08,503265271,1,78,30.0,-0.3923,other_active,33.85,132.7125,33.85416666666667,132.71875,33.85208333333334,132.715625
2026-07,2025-08,503265272,1,79,29.09,-0.3923,other_active,33.85,132.71875,33.85416666666667,132.725,33.85208333333334,132.721875
2026-07,2025-08,503265273,1,80,28.18,-0.3923,other_active,33.85416666666667,132.7125,33.85833333333334,132.71875,33.85625,132.715625
2026-07,2025-08,503265274,1,81,27.27,-0.3923,other_active,33.85416666666667,132.71875,33.85833333333334,132.725,33.85625,132.721875
2026-07,2025-08,503265283,1,82,26.36,-0.3923,other_active,33.85416666666667,132.725,33.85833333333334,132.73125,33.85625,132.72812499999998
2026-07,2025-08,503265284,1,83,25.45,-0.3923,other_active,33.85416666666667,132.73125,33.85833333333334,132.73749999999998,33.85625,132.734375
2026-07,2025-08,503265291,1,84,24.55,-0.3923,other_active,33.85,132.7375,33.85416666666667,132.74375,33.85208333333334,132.74062500000002
2026-07,2025-08,503265292,1,85,23.64,-0.3923,other_active,33.85,132.74375,33.85416666666667,132.75,33.85208333333334,132.746875
2026-07,2025-08,503265294,1,86,22.73,-0.3923,other_active,33.85416666666667,132.74375,33.85833333333334,132.75,33.85625,132.746875
2026-07,2025-08,503265381,1,87,21.82,-0.3923,other_active,33.858333333333334,132.725,33.862500000000004,132.73125,33.860416666666666,132.72812499999998
2026-07,2025-08,503265462,1,88,20.91,-0.3923,other_active,33.86666666666667,132.70624999999998,33.87083333333334,132.71249999999998,33.868750000000006,132.70937499999997
2026-07,2025-08,503265694,1,89,20.0,-0.3923,other_active,33.8875,132.74375,33.89166666666667,132.75,33.889583333333334,132.746875
2026-07,2025-08,503265783,1,90,19.09,-0.3923,other_active,33.895833333333336,132.725,33.900000000000006,132.73125,33.897916666666674,132.72812499999998
2026-07,2025-08,503266034,1,91,18.18,-0.3923,other_active,33.837500000000006,132.79375,33.841666666666676,132.79999999999998,33.83958333333334,132.796875
2026-07,2025-08,503266131,1,92,17.27,-0.3923,other_active,33.84166666666667,132.7875,33.84583333333334,132.79375,33.84375,132.79062499999998
2026-07,2025-08,503266134,1,93,16.36,-0.3923,other_active,33.84583333333334,132.79375,33.85000000000001,132.79999999999998,33.84791666666668,132.796875
2026-07,2025-08,503266201,1,94,15.45,-0.3923,other_active,33.85,132.75,33.85416666666667,132.75625,33.85208333333334,132.753125
2026-07,2025-08,503266203,1,95,14.55,-0.3923,other_active,33.85416666666667,132.75,33.85833333333334,132.75625,33.85625,132.753125
2026-07,2025-08,503266204,1,96,13.64,-0.3923,other_active,33.85416666666667,132.75625,33.85833333333334,132.7625,33.85625,132.75937499999998
2026-07,2025-08,503266212,1,97,12.73,-0.3923,other_active,33.85,132.76874999999998,33.85416666666667,132.77499999999998,33.85208333333334,132.77187499999997
2026-07,2025-08,503266221,1,98,11.82,-0.3923,other_active,33.85,132.775,33.85416666666667,132.78125,33.85208333333334,132.778125
2026-07,2025-08,503266224,1,99,10.91,-0.3923,other_active,33.85416666666667,132.78125,33.85833333333334,132.7875,33.85625,132.784375
2026-07,2025-08,503266302,1,100,10.0,-0.3923,other_active,33.858333333333334,132.75625,33.862500000000004,132.7625,33.860416666666666,132.75937499999998
2026-07,2025-08,503266303,1,101,9.09,-0.3923,other_active,33.862500000000004,132.75,33.866666666666674,132.75625,33.86458333333334,132.753125
2026-07,2025-08,503266304,1,102,8.18,-0.3923,other_active,33.862500000000004,132.75625,33.866666666666674,132.7625,33.86458333333334,132.75937499999998
2026-07,2025-08,503275403,1,103,7.27,-0.3923,other_active,33.95416666666667,132.625,33.95833333333334,132.63125,33.95625000000001,132.628125
2026-07,2025-08,503275603,1,104,6.36,-0.3923,other_active,33.97083333333334,132.625,33.97500000000001,132.63125,33.97291666666668,132.628125
2026-07,2025-08,503275701,1,105,5.45,-0.3923,other_active,33.975,132.625,33.97916666666667,132.63125,33.97708333333334,132.628125
2026-07,2025-08,503276213,1,106,4.55,-0.3923,other_active,33.93750000000001,132.7625,33.94166666666668,132.76874999999998,33.939583333333346,132.765625
2026-07,2025-08,503276521,1,107,3.64,-0.3923,other_active,33.958333333333336,132.775,33.962500000000006,132.78125,33.960416666666674,132.778125
2026-07,2025-08,503276522,1,108,2.73,-0.3923,other_active,33.958333333333336,132.78125,33.962500000000006,132.7875,33.960416666666674,132.784375
2026-07,2025-08,503276622,1,109,1.82,-0.3923,other_active,33.96666666666667,132.78125,33.97083333333334,132.7875,33.96875,132.784375
2026-07,2025-08,503276712,1,110,0.91,-0.3923,other_active,33.975,132.76874999999998,33.97916666666667,132.77499999999998,33.97708333333334,132.77187499999997
