window_end_month,window_start_month,mesh_1km,new_restaurant_permits_12m,active_mesh_rank,active_mesh_percentile,active_mesh_zscore,hotspot_class,mesh_1km_south,mesh_1km_west,mesh_1km_north,mesh_1km_east,mesh_1km_center_lat,mesh_1km_center_lon
2025-08,2024-09,50326622,45,1,100.0,6.3275,top_5pct_active,33.85,132.775,33.858333333333334,132.7875,33.85416666666667,132.78125
2025-08,2024-09,50326537,17,2,98.51,1.8733,top_5pct_active,33.858333333333334,132.7125,33.86666666666667,132.725,33.8625,132.71875
2025-08,2024-09,50325671,15,3,97.01,1.5552,top_5pct_active,33.80833333333333,132.7625,33.81666666666666,132.77499999999998,33.8125,132.76874999999998
2025-08,2024-09,50325681,12,4,95.52,1.0779,top_5pct_active,33.81666666666667,132.7625,33.825,132.77499999999998,33.82083333333334,132.76874999999998
2025-08,2024-09,50325692,12,5,94.03,1.0779,top_20pct_active,33.825,132.775,33.833333333333336,132.7875,33.829166666666666,132.78125
2025-08,2024-09,50326602,12,6,92.54,1.0779,top_20pct_active,33.833333333333336,132.775,33.84166666666667,132.7875,33.837500000000006,132.78125
2025-08,2024-09,50325599,10,7,91.04,0.7598,top_20pct_active,33.825,132.7375,33.833333333333336,132.75,33.829166666666666,132.74375
2025-08,2024-09,50325672,10,8,89.55,0.7598,top_20pct_active,33.80833333333333,132.775,33.81666666666666,132.7875,33.8125,132.78125
2025-08,2024-09,50325680,10,9,88.06,0.7598,top_20pct_active,33.81666666666667,132.75,33.825,132.7625,33.82083333333334,132.75625
2025-08,2024-09,50325682,10,10,86.57,0.7598,top_20pct_active,33.81666666666667,132.775,33.825,132.7875,33.82083333333334,132.78125
2025-08,2024-09,50325690,10,11,85.07,0.7598,top_20pct_active,33.825,132.75,33.833333333333336,132.7625,33.829166666666666,132.75625
2025-08,2024-09,50325691,10,12,83.58,0.7598,top_20pct_active,33.825,132.7625,33.833333333333336,132.77499999999998,33.829166666666666,132.76874999999998
2025-08,2024-09,50326630,10,13,82.09,0.7598,top_20pct_active,33.858333333333334,132.75,33.86666666666667,132.7625,33.8625,132.75625
2025-08,2024-09,50325597,9,14,80.6,0.6007,top_20pct_active,33.825,132.7125,33.833333333333336,132.725,33.829166666666666,132.71875
2025-08,2024-09,50325670,9,15,79.1,0.6007,other_active,33.80833333333333,132.75,33.81666666666666,132.7625,33.8125,132.75625
2025-08,2024-09,50326538,8,16,77.61,0.4416,other_active,33.858333333333334,132.725,33.86666666666667,132.73749999999998,33.8625,132.73125
2025-08,2024-09,50325673,7,17,76.12,0.2825,other_active,33.80833333333333,132.7875,33.81666666666666,132.79999999999998,33.8125,132.79375
2025-08,2024-09,50326509,7,18,74.63,0.2825,other_active,33.833333333333336,132.7375,33.84166666666667,132.75,33.837500000000006,132.74375
2025-08,2024-09,50325598,6,19,73.13,0.1235,other_active,33.825,132.725,33.833333333333336,132.73749999999998,33.829166666666666,132.73125
2025-08,2024-09,50325693,6,20,71.64,0.1235,other_active,33.825,132.7875,33.833333333333336,132.79999999999998,33.829166666666666,132.79375
2025-08,2024-09,50326527,6,21,70.15,0.1235,other_active,33.85,132.7125,33.858333333333334,132.725,33.85416666666667,132.71875
2025-08,2024-09,50326610,6,22,68.66,0.1235,other_active,33.84166666666667,132.75,33.85,132.7625,33.84583333333333,132.75625
2025-08,2024-09,50326620,6,23,67.16,0.1235,other_active,33.85,132.75,33.858333333333334,132.7625,33.85416666666667,132.75625
2025-08,2024-09,50326640,6,24,65.67,0.1235,other_active,33.86666666666667,132.75,33.875,132.7625,33.87083333333334,132.75625
2025-08,2024-09,50325589,5,25,64.18,-0.0356,other_active,33.81666666666667,132.7375,33.825,132.75,33.82083333333334,132.74375
2025-08,2024-09,50326529,5,26,62.69,-0.0356,other_active,33.85,132.7375,33.858333333333334,132.75,33.85416666666667,132.74375
2025-08,2024-09,50325578,4,27,61.19,-0.1947,other_active,33.80833333333333,132.725,33.81666666666666,132.73749999999998,33.8125,132.73125
2025-08,2024-09,50325663,4,28,59.7,-0.1947,other_active,33.8,132.7875,33.80833333333333,132.79999999999998,33.80416666666666,132.79375
2025-08,2024-09,50326528,4,29,58.21,-0.1947,other_active,33.85,132.725,33.858333333333334,132.73749999999998,33.85416666666667,132.73125
2025-08,2024-09,50326612,4,30,56.72,-0.1947,other_active,33.84166666666667,132.775,33.85,132.7875,33.84583333333333,132.78125
2025-08,2024-09,50326613,4,31,55.22,-0.1947,other_active,33.84166666666667,132.7875,33.85,132.79999999999998,33.84583333333333,132.79375
2025-08,2024-09,50326623,4,32,53.73,-0.1947,other_active,33.85,132.7875,33.858333333333334,132.79999999999998,33.85416666666667,132.79375
2025-08,2024-09,50327652,4,33,52.24,-0.1947,other_active,33.958333333333336,132.775,33.96666666666667,132.7875,33.962500000000006,132.78125
2025-08,2024-09,50325568,3,34,50.75,-0.3538,other_active,33.8,132.725,33.80833333333333,132.73749999999998,33.80416666666666,132.73125
2025-08,2024-09,50326547,3,35,49.25,-0.3538,other_active,33.86666666666667,132.7125,33.875,132.725,33.87083333333334,132.71875
2025-08,2024-09,50326579,3,36,47.76,-0.3538,other_active,33.891666666666666,132.7375,33.9,132.75,33.89583333333333,132.74375
2025-08,2024-09,50326603,3,37,46.27,-0.3538,other_active,33.833333333333336,132.7875,33.84166666666667,132.79999999999998,33.837500000000006,132.79375
2025-08,2024-09,50326621,3,38,44.78,-0.3538,other_active,33.85,132.7625,33.858333333333334,132.77499999999998,33.85416666666667,132.76874999999998
2025-08,2024-09,50327631,3,39,43.28,-0.3538,other_active,33.94166666666667,132.7625,33.95,132.77499999999998,33.94583333333334,132.76874999999998
2025-08,2024-09,50325579,2,40,41.79,-0.5128,other_active,33.80833333333333,132.7375,33.81666666666666,132.75,33.8125,132.74375
2025-08,2024-09,50325662,2,41,40.3,-0.5128,other_active,33.8,132.775,33.80833333333333,132.7875,33.80416666666666,132.78125
2025-08,2024-09,50325674,2,42,38.81,-0.5128,other_active,33.80833333333333,132.8,33.81666666666666,132.8125,33.8125,132.80625
2025-08,2024-09,50325675,2,43,37.31,-0.5128,other_active,33.80833333333333,132.8125,33.81666666666666,132.825,33.8125,132.81875
2025-08,2024-09,50326519,2,44,35.82,-0.5128,other_active,33.84166666666667,132.7375,33.85,132.75,33.84583333333333,132.74375
2025-08,2024-09,50326536,2,45,34.33,-0.5128,other_active,33.858333333333334,132.7,33.86666666666667,132.71249999999998,33.8625,132.70624999999998
2025-08,2024-09,50327641,2,46,32.84,-0.5128,other_active,33.95,132.7625,33.958333333333336,132.77499999999998,33.954166666666666,132.76874999999998
2025-08,2024-09,50325585,1,47,31.34,-0.6719,other_active,33.81666666666667,132.6875,33.825,132.7,33.82083333333334,132.69375
2025-08,2024-09,50325587,1,48,29.85,-0.6719,other_active,33.81666666666667,132.7125,33.825,132.725,33.82083333333334,132.71875
2025-08,2024-09,50325596,1,49,28.36,-0.6719,other_active,33.825,132.7,33.833333333333336,132.71249999999998,33.829166666666666,132.70624999999998
2025-08,2024-09,50325651,1,50,26.87,-0.6719,other_active,33.791666666666664,132.7625,33.8,132.77499999999998,33.795833333333334,132.76874999999998
2025-08,2024-09,50325652,1,51,25.37,-0.6719,other_active,33.791666666666664,132.775,33.8,132.7875,33.795833333333334,132.78125
2025-08,2024-09,50325661,1,52,23.88,-0.6719,other_active,33.8,132.7625,33.80833333333333,132.77499999999998,33.80416666666666,132.76874999999998
2025-08,2024-09,50325694,1,53,22.39,-0.6719,other_active,33.825,132.8,33.833333333333336,132.8125,33.829166666666666,132.80625
2025-08,2024-09,50326548,1,54,20.9,-0.6719,other_active,33.86666666666667,132.725,33.875,132.73749999999998,33.87083333333334,132.73125
2025-08,2024-09,50326549,1,55,19.4,-0.6719,other_active,33.86666666666667,132.7375,33.875,132.75,33.87083333333334,132.74375
2025-08,2024-09,50326566,1,56,17.91,-0.6719,other_active,33.88333333333333,132.7,33.891666666666666,132.71249999999998,33.8875,132.70624999999998
2025-08,2024-09,50326578,1,57,16.42,-0.6719,other_active,33.891666666666666,132.725,33.9,132.73749999999998,33.89583333333333,132.73125
2025-08,2024-09,50326588,1,58,14.93,-0.6719,other_active,33.900000000000006,132.725,33.90833333333334,132.73749999999998,33.90416666666667,132.73125
2025-08,2024-09,50326600,1,59,13.43,-0.6719,other_active,33.833333333333336,132.75,33.84166666666667,132.7625,33.837500000000006,132.75625
2025-08,2024-09,50326614,1,60,11.94,-0.6719,other_active,33.84166666666667,132.8,33.85,132.8125,33.84583333333333,132.80625
2025-08,2024-09,50327448,1,61,10.45,-0.6719,other_active,33.95,132.6,33.958333333333336,132.61249999999998,33.954166666666666,132.60625
2025-08,2024-09,50327550,1,62,8.96,-0.6719,other_active,33.958333333333336,132.625,33.96666666666667,132.6375,33.962500000000006,132.63125
2025-08,2024-09,50327570,1,63,7.46,-0.6719,other_active,33.975,132.625,33.983333333333334,132.6375,33.97916666666667,132.63125
2025-08,2024-09,50327642,1,64,5.97,-0.6719,other_active,33.95,132.775,33.958333333333336,132.7875,33.954166666666666,132.78125
2025-08,2024-09,50327651,1,65,4.48,-0.6719,other_active,33.958333333333336,132.7625,33.96666666666667,132.77499999999998,33.962500000000006,132.76874999999998
2025-08,2024-09,50327663,1,66,2.99,-0.6719,other_active,33.96666666666667,132.7875,33.975,132.79999999999998,33.97083333333333,132.79375
2025-08,2024-09,50327671,1,67,1.49,-0.6719,other_active,33.975,132.7625,33.983333333333334,132.77499999999998,33.97916666666667,132.76874999999998
2025-09,2024-10,50326622,32,1,100.0,5.4586,top_5pct_active,33.85,132.775,33.858333333333334,132.7875,33.85416666666667,132.78125
2025-09,2024-10,50326537,16,2,98.53,2.2587,top_5pct_active,33.858333333333334,132.7125,33.86666666666667,132.725,33.8625,132.71875
2025-09,2024-10,50325671,15,3,97.06,2.0588,top_5pct_active,33.80833333333333,132.7625,33.81666666666666,132.77499999999998,33.8125,132.76874999999998
2025-09,2024-10,50325680,12,4,95.59,1.4588,top_5pct_active,33.81666666666667,132.75,33.825,132.7625,33.82083333333334,132.75625
2025-09,2024-10,50326602,12,5,94.12,1.4588,top_20pct_active,33.833333333333336,132.775,33.84166666666667,132.7875,33.837500000000006,132.78125
2025-09,2024-10,50325681,11,6,92.65,1.2588,top_20pct_active,33.81666666666667,132.7625,33.825,132.77499999999998,33.82083333333334,132.76874999999998
2025-09,2024-10,50325682,11,7,91.18,1.2588,top_20pct_active,33.81666666666667,132.775,33.825,132.7875,33.82083333333334,132.78125
2025-09,2024-10,50325692,11,8,89.71,1.2588,top_20pct_active,33.825,132.775,33.833333333333336,132.7875,33.829166666666666,132.78125
2025-09,2024-10,50325599,10,9,88.24,1.0588,top_20pct_active,33.825,132.7375,33.833333333333336,132.75,33.829166666666666,132.74375
2025-09,2024-10,50326630,10,10,86.76,1.0588,top_20pct_active,33.858333333333334,132.75,33.86666666666667,132.7625,33.8625,132.75625
2025-09,2024-10,50325597,9,11,85.29,0.8588,top_20pct_active,33.825,132.7125,33.833333333333336,132.725,33.829166666666666,132.71875
2025-09,2024-10,50325693,8,12,83.82,0.6588,top_20pct_active,33.825,132.7875,33.833333333333336,132.79999999999998,33.829166666666666,132.79375
2025-09,2024-10,50325672,7,13,82.35,0.4588,top_20pct_active,33.80833333333333,132.775,33.81666666666666,132.7875,33.8125,132.78125
2025-09,2024-10,50325690,7,14,80.88,0.4588,top_20pct_active,33.825,132.75,33.833333333333336,132.7625,33.829166666666666,132.75625
2025-09,2024-10,50325691,7,15,79.41,0.4588,other_active,33.825,132.7625,33.833333333333336,132.77499999999998,33.829166666666666,132.76874999999998
2025-09,2024-10,50326509,7,16,77.94,0.4588,other_active,33.833333333333336,132.7375,33.84166666666667,132.75,33.837500000000006,132.74375
2025-09,2024-10,50326538,7,17,76.47,0.4588,other_active,33.858333333333334,132.725,33.86666666666667,132.73749999999998,33.8625,132.73125
2025-09,2024-10,50325673,6,18,75.0,0.2588,other_active,33.80833333333333,132.7875,33.81666666666666,132.79999999999998,33.8125,132.79375
2025-09,2024-10,50326610,6,19,73.53,0.2588,other_active,33.84166666666667,132.75,33.85,132.7625,33.84583333333333,132.75625
2025-09,2024-10,50325589,5,20,72.06,0.0588,other_active,33.81666666666667,132.7375,33.825,132.75,33.82083333333334,132.74375
2025-09,2024-10,50325598,5,21,70.59,0.0588,other_active,33.825,132.725,33.833333333333336,132.73749999999998,33.829166666666666,132.73125
2025-09,2024-10,50325663,5,22,69.12,0.0588,other_active,33.8,132.7875,33.80833333333333,132.79999999999998,33.80416666666666,132.79375
2025-09,2024-10,50325670,5,23,67.65,0.0588,other_active,33.80833333333333,132.75,33.81666666666666,132.7625,33.8125,132.75625
2025-09,2024-10,50326527,5,24,66.18,0.0588,other_active,33.85,132.7125,33.858333333333334,132.725,33.85416666666667,132.71875
2025-09,2024-10,50326620,5,25,64.71,0.0588,other_active,33.85,132.75,33.858333333333334,132.7625,33.85416666666667,132.75625
2025-09,2024-10,50327652,5,26,63.24,0.0588,other_active,33.958333333333336,132.775,33.96666666666667,132.7875,33.962500000000006,132.78125
2025-09,2024-10,50325578,4,27,61.76,-0.1412,other_active,33.80833333333333,132.725,33.81666666666666,132.73749999999998,33.8125,132.73125
2025-09,2024-10,50325579,4,28,60.29,-0.1412,other_active,33.80833333333333,132.7375,33.81666666666666,132.75,33.8125,132.74375
2025-09,2024-10,50326528,4,29,58.82,-0.1412,other_active,33.85,132.725,33.858333333333334,132.73749999999998,33.85416666666667,132.73125
2025-09,2024-10,50326529,4,30,57.35,-0.1412,other_active,33.85,132.7375,33.858333333333334,132.75,33.85416666666667,132.74375
2025-09,2024-10,50326613,4,31,55.88,-0.1412,other_active,33.84166666666667,132.7875,33.85,132.79999999999998,33.84583333333333,132.79375
2025-09,2024-10,50326623,4,32,54.41,-0.1412,other_active,33.85,132.7875,33.858333333333334,132.79999999999998,33.85416666666667,132.79375
2025-09,2024-10,50326640,4,33,52.94,-0.1412,other_active,33.86666666666667,132.75,33.875,132.7625,33.87083333333334,132.75625
2025-09,2024-10,50325674,3,34,51.47,-0.3412,other_active,33.80833333333333,132.8,33.81666666666666,132.8125,33.8125,132.80625
2025-09,2024-10,50326547,3,35,50.0,-0.3412,other_active,33.86666666666667,132.7125,33.875,132.725,33.87083333333334,132.71875
2025-09,2024-10,50326579,3,36,48.53,-0.3412,other_active,33.891666666666666,132.7375,33.9,132.75,33.89583333333333,132.74375
2025-09,2024-10,50326603,3,37,47.06,-0.3412,other_active,33.833333333333336,132.7875,33.84166666666667,132.79999999999998,33.837500000000006,132.79375
2025-09,2024-10,50326612,3,38,45.59,-0.3412,other_active,33.84166666666667,132.775,33.85,132.7875,33.84583333333333,132.78125
2025-09,2024-10,50327631,3,39,44.12,-0.3412,other_active,33.94166666666667,132.7625,33.95,132.77499999999998,33.94583333333334,132.76874999999998
2025-09,2024-10,50325568,2,40,42.65,-0.5412,other_active,33.8,132.725,33.80833333333333,132.73749999999998,33.80416666666666,132.73125
2025-09,2024-10,50325662,2,41,41.18,-0.5412,other_active,33.8,132.775,33.80833333333333,132.7875,33.80416666666666,132.78125
2025-09,2024-10,50325675,2,42,39.71,-0.5412,other_active,33.80833333333333,132.8125,33.81666666666666,132.825,33.8125,132.81875
2025-09,2024-10,50326536,2,43,38.24,-0.5412,other_active,33.858333333333334,132.7,33.86666666666667,132.71249999999998,33.8625,132.70624999999998
2025-09,2024-10,50326621,2,44,36.76,-0.5412,other_active,33.85,132.7625,33.858333333333334,132.77499999999998,33.85416666666667,132.76874999999998
2025-09,2024-10,50327651,2,45,35.29,-0.5412,other_active,33.958333333333336,132.7625,33.96666666666667,132.77499999999998,33.962500000000006,132.76874999999998
2025-09,2024-10,50325585,1,46,33.82,-0.7412,other_active,33.81666666666667,132.6875,33.825,132.7,33.82083333333334,132.69375
2025-09,2024-10,50325587,1,47,32.35,-0.7412,other_active,33.81666666666667,132.7125,33.825,132.725,33.82083333333334,132.71875
2025-09,2024-10,50325596,1,48,30.88,-0.7412,other_active,33.825,132.7,33.833333333333336,132.71249999999998,33.829166666666666,132.70624999999998
2025-09,2024-10,50325651,1,49,29.41,-0.7412,other_active,33.791666666666664,132.7625,33.8,132.77499999999998,33.795833333333334,132.76874999999998
2025-09,2024-10,50325652,1,50,27.94,-0.7412,other_active,33.791666666666664,132.775,33.8,132.7875,33.795833333333334,132.78125
2025-09,2024-10,50325661,1,51,26.47,-0.7412,other_active,33.8,132.7625,33.80833333333333,132.77499999999998,33.80416666666666,132.76874999999998
2025-09,2024-10,50325694,1,52,25.0,-0.7412,other_active,33.825,132.8,33.833333333333336,132.8125,33.829166666666666,132.80625
2025-09,2024-10,50326519,1,53,23.53,-0.7412,other_active,33.84166666666667,132.7375,33.85,132.75,33.84583333333333,132.74375
2025-09,2024-10,50326546,1,54,22.06,-0.7412,other_active,33.86666666666667,132.7,33.875,132.71249999999998,33.87083333333334,132.70624999999998
2025-09,2024-10,50326548,1,55,20.59,-0.7412,other_active,33.86666666666667,132.725,33.875,132.73749999999998,33.87083333333334,132.73125
2025-09,2024-10,50326549,1,56,19.12,-0.7412,other_active,33.86666666666667,132.7375,33.875,132.75,33.87083333333334,132.74375
2025-09,2024-10,50326566,1,57,17.65,-0.7412,other_active,33.88333333333333,132.7,33.891666666666666,132.71249999999998,33.8875,132.70624999999998
2025-09,2024-10,50326578,1,58,16.18,-0.7412,other_active,33.891666666666666,132.725,33.9,132.73749999999998,33.89583333333333,132.73125
2025-09,2024-10,50326588,1,59,14.71,-0.7412,other_active,33.900000000000006,132.725,33.90833333333334,132.73749999999998,33.90416666666667,132.73125
2025-09,2024-10,50326600,1,60,13.24,-0.7412,other_active,33.833333333333336,132.75,33.84166666666667,132.7625,33.837500000000006,132.75625
2025-09,2024-10,50326614,1,61,11.76,-0.7412,other_active,33.84166666666667,132.8,33.85,132.8125,33.84583333333333,132.80625
2025-09,2024-10,50327448,1,62,10.29,-0.7412,other_active,33.95,132.6,33.958333333333336,132.61249999999998,33.954166666666666,132.60625
2025-09,2024-10,50327540,1,63,8.82,-0.7412,other_active,33.95,132.625,33.958333333333336,132.6375,33.954166666666666,132.63125
2025-09,2024-10,50327550,1,64,7.35,-0.7412,other_active,33.958333333333336,132.625,33.96666666666667,132.6375,33.962500000000006,132.63125
2025-09,2024-10,50327570,1,65,5.88,-0.7412,other_active,33.975,132.625,33.983333333333334,132.6375,33.97916666666667,132.63125
2025-09,2024-10,50327641,1,66,4.41,-0.7412,other_active,33.95,132.7625,33.958333333333336,132.77499999999998,33.954166666666666,132.76874999999998
2025-09,2024-10,50327642,1,67,2.94,-0.7412,other_active,33.95,132.775,33.958333333333336,132.7875,33.954166666666666,132.78125
2025-09,2024-10,50327671,1,68,1.47,-0.7412,other_active,33.975,132.7625,33.983333333333334,132.77499999999998,33.97916666666667,132.76874999999998
2025-10,2024-11,50326622,34,1,100.0,5.7351,top_5pct_active,33.85,132.775,33.858333333333334,132.7875,33.85416666666667,132.78125
2025-10,2024-11,50326537,16,2,98.53,2.2111,top_5pct_active,33.858333333333334,132.7125,33.86666666666667,132.725,33.8625,132.71875
2025-10,2024-11,50325671,15,3,97.06,2.0154,top_5pct_active,33.80833333333333,132.7625,33.81666666666666,132.77499999999998,33.8125,132.76874999999998
2025-10,2024-11,50325680,12,4,95.59,1.428,top_5pct_active,33.81666666666667,132.75,33.825,132.7625,33.82083333333334,132.75625
2025-10,2024-11,50326602,12,5,94.12,1.428,top_20pct_active,33.833333333333336,132.775,33.84166666666667,132.7875,33.837500000000006,132.78125
2025-10,2024-11,50325682,11,6,92.65,1.2322,top_20pct_active,33.81666666666667,132.775,33.825,132.7875,33.82083333333334,132.78125
2025-10,2024-11,50325692,11,7,91.18,1.2322,top_20pct_active,33.825,132.775,33.833333333333336,132.7875,33.829166666666666,132.78125
2025-10,2024-11,50325681,10,8,89.71,1.0365,top_20pct_active,33.81666666666667,132.7625,33.825,132.77499999999998,33.82083333333334,132.76874999999998
2025-10,2024-11,50325597,9,9,88.24,0.8407,top_20pct_active,33.825,132.7125,33.833333333333336,132.725,33.829166666666666,132.71875
2025-10,2024-11,50325599,9,10,86.76,0.8407,top_20pct_active,33.825,132.7375,33.833333333333336,132.75,33.829166666666666,132.74375
2025-10,2024-11,50325693,9,11,85.29,0.8407,top_20pct_active,33.825,132.7875,33.833333333333336,132.79999999999998,33.829166666666666,132.79375
2025-10,2024-11,50326630,9,12,83.82,0.8407,top_20pct_active,33.858333333333334,132.75,33.86666666666667,132.7625,33.8625,132.75625
2025-10,2024-11,50325690,7,13,82.35,0.4491,top_20pct_active,33.825,132.75,33.833333333333336,132.7625,33.829166666666666,132.75625
2025-10,2024-11,50325691,7,14,80.88,0.4491,top_20pct_active,33.825,132.7625,33.833333333333336,132.77499999999998,33.829166666666666,132.76874999999998
2025-10,2024-11,50326538,7,15,79.41,0.4491,other_active,33.858333333333334,132.725,33.86666666666667,132.73749999999998,33.8625,132.73125
2025-10,2024-11,50325598,6,16,77.94,0.2534,other_active,33.825,132.725,33.833333333333336,132.73749999999998,33.829166666666666,132.73125
2025-10,2024-11,50325672,6,17,76.47,0.2534,other_active,33.80833333333333,132.775,33.81666666666666,132.7875,33.8125,132.78125
2025-10,2024-11,50325673,6,18,75.0,0.2534,other_active,33.80833333333333,132.7875,33.81666666666666,132.79999999999998,33.8125,132.79375
2025-10,2024-11,50326509,6,19,73.53,0.2534,other_active,33.833333333333336,132.7375,33.84166666666667,132.75,33.837500000000006,132.74375
2025-10,2024-11,50325589,5,20,72.06,0.0576,other_active,33.81666666666667,132.7375,33.825,132.75,33.82083333333334,132.74375
2025-10,2024-11,50325663,5,21,70.59,0.0576,other_active,33.8,132.7875,33.80833333333333,132.79999999999998,33.80416666666666,132.79375
2025-10,2024-11,50325670,5,22,69.12,0.0576,other_active,33.80833333333333,132.75,33.81666666666666,132.7625,33.8125,132.75625
2025-10,2024-11,50326527,5,23,67.65,0.0576,other_active,33.85,132.7125,33.858333333333334,132.725,33.85416666666667,132.71875
2025-10,2024-11,50326610,5,24,66.18,0.0576,other_active,33.84166666666667,132.75,33.85,132.7625,33.84583333333333,132.75625
2025-10,2024-11,50326620,5,25,64.71,0.0576,other_active,33.85,132.75,33.858333333333334,132.7625,33.85416666666667,132.75625
2025-10,2024-11,50326623,5,26,63.24,0.0576,other_active,33.85,132.7875,33.858333333333334,132.79999999999998,33.85416666666667,132.79375
2025-10,2024-11,50327652,5,27,61.76,0.0576,other_active,33.958333333333336,132.775,33.96666666666667,132.7875,33.962500000000006,132.78125
2025-10,2024-11,50325578,4,28,60.29,-0.1382,other_active,33.80833333333333,132.725,33.81666666666666,132.73749999999998,33.8125,132.73125
2025-10,2024-11,50325579,4,29,58.82,-0.1382,other_active,33.80833333333333,132.7375,33.81666666666666,132.75,33.8125,132.74375
2025-10,2024-11,50326528,4,30,57.35,-0.1382,other_active,33.85,132.725,33.858333333333334,132.73749999999998,33.85416666666667,132.73125
2025-10,2024-11,50326529,4,31,55.88,-0.1382,other_active,33.85,132.7375,33.858333333333334,132.75,33.85416666666667,132.74375
2025-10,2024-11,50326613,4,32,54.41,-0.1382,other_active,33.84166666666667,132.7875,33.85,132.79999999999998,33.84583333333333,132.79375
2025-10,2024-11,50326640,4,33,52.94,-0.1382,other_active,33.86666666666667,132.75,33.875,132.7625,33.87083333333334,132.75625
2025-10,2024-11,50325674,3,34,51.47,-0.334,other_active,33.80833333333333,132.8,33.81666666666666,132.8125,33.8125,132.80625
2025-10,2024-11,50326547,3,35,50.0,-0.334,other_active,33.86666666666667,132.7125,33.875,132.725,33.87083333333334,132.71875
2025-10,2024-11,50326579,3,36,48.53,-0.334,other_active,33.891666666666666,132.7375,33.9,132.75,33.89583333333333,132.74375
2025-10,2024-11,50326603,3,37,47.06,-0.334,other_active,33.833333333333336,132.7875,33.84166666666667,132.79999999999998,33.837500000000006,132.79375
2025-10,2024-11,50326612,3,38,45.59,-0.334,other_active,33.84166666666667,132.775,33.85,132.7875,33.84583333333333,132.78125
2025-10,2024-11,50325568,2,39,44.12,-0.5298,other_active,33.8,132.725,33.80833333333333,132.73749999999998,33.80416666666666,132.73125
2025-10,2024-11,50325662,2,40,42.65,-0.5298,other_active,33.8,132.775,33.80833333333333,132.7875,33.80416666666666,132.78125
2025-10,2024-11,50325675,2,41,41.18,-0.5298,other_active,33.80833333333333,132.8125,33.81666666666666,132.825,33.8125,132.81875
2025-10,2024-11,50326536,2,42,39.71,-0.5298,other_active,33.858333333333334,132.7,33.86666666666667,132.71249999999998,33.8625,132.70624999999998
2025-10,2024-11,50326578,2,43,38.24,-0.5298,other_active,33.891666666666666,132.725,33.9,132.73749999999998,33.89583333333333,132.73125
2025-10,2024-11,50326621,2,44,36.76,-0.5298,other_active,33.85,132.7625,33.858333333333334,132.77499999999998,33.85416666666667,132.76874999999998
2025-10,2024-11,50327631,2,45,35.29,-0.5298,other_active,33.94166666666667,132.7625,33.95,132.77499999999998,33.94583333333334,132.76874999999998
2025-10,2024-11,50327642,2,46,33.82,-0.5298,other_active,33.95,132.775,33.958333333333336,132.7875,33.954166666666666,132.78125
2025-10,2024-11,50327651,2,47,32.35,-0.5298,other_active,33.958333333333336,132.7625,33.96666666666667,132.77499999999998,33.962500000000006,132.76874999999998
2025-10,2024-11,50325585,1,48,30.88,-0.7255,other_active,33.81666666666667,132.6875,33.825,132.7,33.82083333333334,132.69375
2025-10,2024-11,50325587,1,49,29.41,-0.7255,other_active,33.81666666666667,132.7125,33.825,132.725,33.82083333333334,132.71875
2025-10,2024-11,50325596,1,50,27.94,-0.7255,other_active,33.825,132.7,33.833333333333336,132.71249999999998,33.829166666666666,132.70624999999998
2025-10,2024-11,50325651,1,51,26.47,-0.7255,other_active,33.791666666666664,132.7625,33.8,132.77499999999998,33.795833333333334,132.76874999999998
2025-10,2024-11,50325652,1,52,25.0,-0.7255,other_active,33.791666666666664,132.775,33.8,132.7875,33.795833333333334,132.78125
2025-10,2024-11,50325661,1,53,23.53,-0.7255,other_active,33.8,132.7625,33.80833333333333,132.77499999999998,33.80416666666666,132.76874999999998
2025-10,2024-11,50325694,1,54,22.06,-0.7255,other_active,33.825,132.8,33.833333333333336,132.8125,33.829166666666666,132.80625
2025-10,2024-11,50326519,1,55,20.59,-0.7255,other_active,33.84166666666667,132.7375,33.85,132.75,33.84583333333333,132.74375
2025-10,2024-11,50326546,1,56,19.12,-0.7255,other_active,33.86666666666667,132.7,33.875,132.71249999999998,33.87083333333334,132.70624999999998
2025-10,2024-11,50326548,1,57,17.65,-0.7255,other_active,33.86666666666667,132.725,33.875,132.73749999999998,33.87083333333334,132.73125
2025-10,2024-11,50326549,1,58,16.18,-0.7255,other_active,33.86666666666667,132.7375,33.875,132.75,33.87083333333334,132.74375
2025-10,2024-11,50326566,1,59,14.71,-0.7255,other_active,33.88333333333333,132.7,33.891666666666666,132.71249999999998,33.8875,132.70624999999998
2025-10,2024-11,50326588,1,60,13.24,-0.7255,other_active,33.900000000000006,132.725,33.90833333333334,132.73749999999998,33.90416666666667,132.73125
2025-10,2024-11,50326600,1,61,11.76,-0.7255,other_active,33.833333333333336,132.75,33.84166666666667,132.7625,33.837500000000006,132.75625
2025-10,2024-11,50326614,1,62,10.29,-0.7255,other_active,33.84166666666667,132.8,33.85,132.8125,33.84583333333333,132.80625
2025-10,2024-11,50327448,1,63,8.82,-0.7255,other_active,33.95,132.6,33.958333333333336,132.61249999999998,33.954166666666666,132.60625
2025-10,2024-11,50327540,1,64,7.35,-0.7255,other_active,33.95,132.625,33.958333333333336,132.6375,33.954166666666666,132.63125
2025-10,2024-11,50327550,1,65,5.88,-0.7255,other_active,33.958333333333336,132.625,33.96666666666667,132.6375,33.962500000000006,132.63125
2025-10,2024-11,50327570,1,66,4.41,-0.7255,other_active,33.975,132.625,33.983333333333334,132.6375,33.97916666666667,132.63125
2025-10,2024-11,50327641,1,67,2.94,-0.7255,other_active,33.95,132.7625,33.958333333333336,132.77499999999998,33.954166666666666,132.76874999999998
2025-10,2024-11,50327671,1,68,1.47,-0.7255,other_active,33.975,132.7625,33.983333333333334,132.77499999999998,33.97916666666667,132.76874999999998
2025-11,2024-12,50326622,40,1,100.0,6.3265,top_5pct_active,33.85,132.775,33.858333333333334,132.7875,33.85416666666667,132.78125
2025-11,2024-12,50326537,15,2,98.48,1.8579,top_5pct_active,33.858333333333334,132.7125,33.86666666666667,132.725,33.8625,132.71875
2025-11,2024-12,50325671,13,3,96.97,1.5004,top_5pct_active,33.80833333333333,132.7625,33.81666666666666,132.77499999999998,33.8125,132.76874999999998
2025-11,2024-12,50326602,12,4,95.45,1.3216,top_5pct_active,33.833333333333336,132.775,33.84166666666667,132.7875,33.837500000000006,132.78125
2025-11,2024-12,50325680,11,5,93.94,1.1429,top_20pct_active,33.81666666666667,132.75,33.825,132.7625,33.82083333333334,132.75625
2025-11,2024-12,50325682,11,6,92.42,1.1429,top_20pct_active,33.81666666666667,132.775,33.825,132.7875,33.82083333333334,132.78125
2025-11,2024-12,50325681,10,7,90.91,0.9641,top_20pct_active,33.81666666666667,132.7625,33.825,132.77499999999998,33.82083333333334,132.76874999999998
2025-11,2024-12,50325693,10,8,89.39,0.9641,top_20pct_active,33.825,132.7875,33.833333333333336,132.79999999999998,33.829166666666666,132.79375
2025-11,2024-12,50326630,10,9,87.88,0.9641,top_20pct_active,33.858333333333334,132.75,33.86666666666667,132.7625,33.8625,132.75625
2025-11,2024-12,50325692,9,10,86.36,0.7854,top_20pct_active,33.825,132.775,33.833333333333336,132.7875,33.829166666666666,132.78125
2025-11,2024-12,50325597,8,11,84.85,0.6066,top_20pct_active,33.825,132.7125,33.833333333333336,132.725,33.829166666666666,132.71875
2025-11,2024-12,50325691,7,12,83.33,0.4279,top_20pct_active,33.825,132.7625,33.833333333333336,132.77499999999998,33.829166666666666,132.76874999999998
2025-11,2024-12,50326610,7,13,81.82,0.4279,top_20pct_active,33.84166666666667,132.75,33.85,132.7625,33.84583333333333,132.75625
2025-11,2024-12,50325599,6,14,80.3,0.2492,top_20pct_active,33.825,132.7375,33.833333333333336,132.75,33.829166666666666,132.74375
2025-11,2024-12,50325670,6,15,78.79,0.2492,other_active,33.80833333333333,132.75,33.81666666666666,132.7625,33.8125,132.75625
2025-11,2024-12,50325673,6,16,77.27,0.2492,other_active,33.80833333333333,132.7875,33.81666666666666,132.79999999999998,33.8125,132.79375
2025-11,2024-12,50325690,6,17,75.76,0.2492,other_active,33.825,132.75,33.833333333333336,132.7625,33.829166666666666,132.75625
2025-11,2024-12,50326509,6,18,74.24,0.2492,other_active,33.833333333333336,132.7375,33.84166666666667,132.75,33.837500000000006,132.74375
2025-11,2024-12,50326538,6,19,72.73,0.2492,other_active,33.858333333333334,132.725,33.86666666666667,132.73749999999998,33.8625,132.73125
2025-11,2024-12,50326620,6,20,71.21,0.2492,other_active,33.85,132.75,33.858333333333334,132.7625,33.85416666666667,132.75625
2025-11,2024-12,50325598,5,21,69.7,0.0704,other_active,33.825,132.725,33.833333333333336,132.73749999999998,33.829166666666666,132.73125
2025-11,2024-12,50325672,5,22,68.18,0.0704,other_active,33.80833333333333,132.775,33.81666666666666,132.7875,33.8125,132.78125
2025-11,2024-12,50326623,5,23,66.67,0.0704,other_active,33.85,132.7875,33.858333333333334,132.79999999999998,33.85416666666667,132.79375
2025-11,2024-12,50325663,4,24,65.15,-0.1083,other_active,33.8,132.7875,33.80833333333333,132.79999999999998,33.80416666666666,132.79375
2025-11,2024-12,50326527,4,25,63.64,-0.1083,other_active,33.85,132.7125,33.858333333333334,132.725,33.85416666666667,132.71875
2025-11,2024-12,50326529,4,26,62.12,-0.1083,other_active,33.85,132.7375,33.858333333333334,132.75,33.85416666666667,132.74375
2025-11,2024-12,50326640,4,27,60.61,-0.1083,other_active,33.86666666666667,132.75,33.875,132.7625,33.87083333333334,132.75625
2025-11,2024-12,50327652,4,28,59.09,-0.1083,other_active,33.958333333333336,132.775,33.96666666666667,132.7875,33.962500000000006,132.78125
2025-11,2024-12,50325578,3,29,57.58,-0.2871,other_active,33.80833333333333,132.725,33.81666666666666,132.73749999999998,33.8125,132.73125
2025-11,2024-12,50325579,3,30,56.06,-0.2871,other_active,33.80833333333333,132.7375,33.81666666666666,132.75,33.8125,132.74375
2025-11,2024-12,50325589,3,31,54.55,-0.2871,other_active,33.81666666666667,132.7375,33.825,132.75,33.82083333333334,132.74375
2025-11,2024-12,50325674,3,32,53.03,-0.2871,other_active,33.80833333333333,132.8,33.81666666666666,132.8125,33.8125,132.80625
2025-11,2024-12,50325675,3,33,51.52,-0.2871,other_active,33.80833333333333,132.8125,33.81666666666666,132.825,33.8125,132.81875
2025-11,2024-12,50326528,3,34,50.0,-0.2871,other_active,33.85,132.725,33.858333333333334,132.73749999999998,33.85416666666667,132.73125
2025-11,2024-12,50326547,3,35,48.48,-0.2871,other_active,33.86666666666667,132.7125,33.875,132.725,33.87083333333334,132.71875
2025-11,2024-12,50326603,3,36,46.97,-0.2871,other_active,33.833333333333336,132.7875,33.84166666666667,132.79999999999998,33.837500000000006,132.79375
2025-11,2024-12,50326612,3,37,45.45,-0.2871,other_active,33.84166666666667,132.775,33.85,132.7875,33.84583333333333,132.78125
2025-11,2024-12,50326613,3,38,43.94,-0.2871,other_active,33.84166666666667,132.7875,33.85,132.79999999999998,33.84583333333333,132.79375
2025-11,2024-12,50325568,2,39,42.42,-0.4658,other_active,33.8,132.725,33.80833333333333,132.73749999999998,33.80416666666666,132.73125
2025-11,2024-12,50326578,2,40,40.91,-0.4658,other_active,33.891666666666666,132.725,33.9,132.73749999999998,33.89583333333333,132.73125
2025-11,2024-12,50326579,2,41,39.39,-0.4658,other_active,33.891666666666666,132.7375,33.9,132.75,33.89583333333333,132.74375
2025-11,2024-12,50326621,2,42,37.88,-0.4658,other_active,33.85,132.7625,33.858333333333334,132.77499999999998,33.85416666666667,132.76874999999998
2025-11,2024-12,50327631,2,43,36.36,-0.4658,other_active,33.94166666666667,132.7625,33.95,132.77499999999998,33.94583333333334,132.76874999999998
2025-11,2024-12,50327642,2,44,34.85,-0.4658,other_active,33.95,132.775,33.958333333333336,132.7875,33.954166666666666,132.78125
2025-11,2024-12,50325585,1,45,33.33,-0.6446,other_active,33.81666666666667,132.6875,33.825,132.7,33.82083333333334,132.69375
2025-11,2024-12,50325587,1,46,31.82,-0.6446,other_active,33.81666666666667,132.7125,33.825,132.725,33.82083333333334,132.71875
2025-11,2024-12,50325596,1,47,30.3,-0.6446,other_active,33.825,132.7,33.833333333333336,132.71249999999998,33.829166666666666,132.70624999999998
2025-11,2024-12,50325651,1,48,28.79,-0.6446,other_active,33.791666666666664,132.7625,33.8,132.77499999999998,33.795833333333334,132.76874999999998
2025-11,2024-12,50325652,1,49,27.27,-0.6446,other_active,33.791666666666664,132.775,33.8,132.7875,33.795833333333334,132.78125
2025-11,2024-12,50325661,1,50,25.76,-0.6446,other_active,33.8,132.7625,33.80833333333333,132.77499999999998,33.80416666666666,132.76874999999998
2025-11,2024-12,50325662,1,51,24.24,-0.6446,other_active,33.8,132.775,33.80833333333333,132.7875,33.80416666666666,132.78125
2025-11,2024-12,50326519,1,52,22.73,-0.6446,other_active,33.84166666666667,132.7375,33.85,132.75,33.84583333333333,132.74375
2025-11,2024-12,50326536,1,53,21.21,-0.6446,other_active,33.858333333333334,132.7,33.86666666666667,132.71249999999998,33.8625,132.70624999999998
2025-11,2024-12,50326546,1,54,19.7,-0.6446,other_active,33.86666666666667,132.7,33.875,132.71249999999998,33.87083333333334,132.70624999999998
2025-11,2024-12,50326548,1,55,18.18,-0.6446,other_active,33.86666666666667,132.725,33.875,132.73749999999998,33.87083333333334,132.73125
2025-11,2024-12,50326549,1,56,16.67,-0.6446,other_active,33.86666666666667,132.7375,33.875,132.75,33.87083333333334,132.74375
2025-11,2024-12,50326566,1,57,15.15,-0.6446,other_active,33.88333333333333,132.7,33.891666666666666,132.71249999999998,33.8875,132.70624999999998
2025-11,2024-12,50326588,1,58,13.64,-0.6446,other_active,33.900000000000006,132.725,33.90833333333334,132.73749999999998,33.90416666666667,132.73125
2025-11,2024-12,50326600,1,59,12.12,-0.6446,other_active,33.833333333333336,132.75,33.84166666666667,132.7625,33.837500000000006,132.75625
2025-11,2024-12,50326614,1,60,10.61,-0.6446,other_active,33.84166666666667,132.8,33.85,132.8125,33.84583333333333,132.80625
2025-11,2024-12,50327448,1,61,9.09,-0.6446,other_active,33.95,132.6,33.958333333333336,132.61249999999998,33.954166666666666,132.60625
2025-11,2024-12,50327540,1,62,7.58,-0.6446,other_active,33.95,132.625,33.958333333333336,132.6375,33.954166666666666,132.63125
2025-11,2024-12,50327550,1,63,6.06,-0.6446,other_active,33.958333333333336,132.625,33.96666666666667,132.6375,33.962500000000006,132.63125
2025-11,2024-12,50327560,1,64,4.55,-0.6446,other_active,33.96666666666667,132.625,33.975,132.6375,33.97083333333333,132.63125
2025-11,2024-12,50327651,1,65,3.03,-0.6446,other_active,33.958333333333336,132.7625,33.96666666666667,132.77499999999998,33.962500000000006,132.76874999999998
2025-11,2024-12,50327671,1,66,1.52,-0.6446,other_active,33.975,132.7625,33.983333333333334,132.77499999999998,33.97916666666667,132.76874999999998
2025-12,2025-01,50326622,35,1,100.0,5.848,top_5pct_active,33.85,132.775,33.858333333333334,132.7875,33.85416666666667,132.78125
2025-12,2025-01,50326537,15,2,98.44,2.0054,top_5pct_active,33.858333333333334,132.7125,33.86666666666667,132.725,33.8625,132.71875
2025-12,2025-01,50325681,14,3,96.88,1.8132,top_5pct_active,33.81666666666667,132.7625,33.825,132.77499999999998,33.82083333333334,132.76874999999998
2025-12,2025-01,50325682,13,4,95.31,1.6211,top_5pct_active,33.81666666666667,132.775,33.825,132.7875,33.82083333333334,132.78125
2025-12,2025-01,50325680,11,5,93.75,1.2368,top_20pct_active,33.81666666666667,132.75,33.825,132.7625,33.82083333333334,132.75625
2025-12,2025-01,50325693,11,6,92.19,1.2368,top_20pct_active,33.825,132.7875,33.833333333333336,132.79999999999998,33.829166666666666,132.79375
2025-12,2025-01,50325671,10,7,90.62,1.0447,top_20pct_active,33.80833333333333,132.7625,33.81666666666666,132.77499999999998,33.8125,132.76874999999998
2025-12,2025-01,50326602,10,8,89.06,1.0447,top_20pct_active,33.833333333333336,132.775,33.84166666666667,132.7875,33.837500000000006,132.78125
2025-12,2025-01,50325691,9,9,87.5,0.8526,top_20pct_active,33.825,132.7625,33.833333333333336,132.77499999999998,33.829166666666666,132.76874999999998
2025-12,2025-01,50325692,8,10,85.94,0.6604,top_20pct_active,33.825,132.775,33.833333333333336,132.7875,33.829166666666666,132.78125
2025-12,2025-01,50325597,7,11,84.38,0.4683,top_20pct_active,33.825,132.7125,33.833333333333336,132.725,33.829166666666666,132.71875
2025-12,2025-01,50325670,7,12,82.81,0.4683,top_20pct_active,33.80833333333333,132.75,33.81666666666666,132.7625,33.8125,132.75625
2025-12,2025-01,50326610,7,13,81.25,0.4683,top_20pct_active,33.84166666666667,132.75,33.85,132.7625,33.84583333333333,132.75625
2025-12,2025-01,50326630,7,14,79.69,0.4683,other_active,33.858333333333334,132.75,33.86666666666667,132.7625,33.8625,132.75625
2025-12,2025-01,50325599,6,15,78.12,0.2762,other_active,33.825,132.7375,33.833333333333336,132.75,33.829166666666666,132.74375
2025-12,2025-01,50325690,6,16,76.56,0.2762,other_active,33.825,132.75,33.833333333333336,132.7625,33.829166666666666,132.75625
2025-12,2025-01,50326620,6,17,75.0,0.2762,other_active,33.85,132.75,33.858333333333334,132.7625,33.85416666666667,132.75625
2025-12,2025-01,50325598,5,18,73.44,0.0841,other_active,33.825,132.725,33.833333333333336,132.73749999999998,33.829166666666666,132.73125
2025-12,2025-01,50325673,5,19,71.88,0.0841,other_active,33.80833333333333,132.7875,33.81666666666666,132.79999999999998,33.8125,132.79375
2025-12,2025-01,50326509,5,20,70.31,0.0841,other_active,33.833333333333336,132.7375,33.84166666666667,132.75,33.837500000000006,132.74375
2025-12,2025-01,50326527,5,21,68.75,0.0841,other_active,33.85,132.7125,33.858333333333334,132.725,33.85416666666667,132.71875
2025-12,2025-01,50326538,5,22,67.19,0.0841,other_active,33.858333333333334,132.725,33.86666666666667,132.73749999999998,33.8625,132.73125
2025-12,2025-01,50326623,5,23,65.62,0.0841,other_active,33.85,132.7875,33.858333333333334,132.79999999999998,33.85416666666667,132.79375
2025-12,2025-01,50325578,4,24,64.06,-0.1081,other_active,33.80833333333333,132.725,33.81666666666666,132.73749999999998,33.8125,132.73125
2025-12,2025-01,50325663,4,25,62.5,-0.1081,other_active,33.8,132.7875,33.80833333333333,132.79999999999998,33.80416666666666,132.79375
2025-12,2025-01,50325672,4,26,60.94,-0.1081,other_active,33.80833333333333,132.775,33.81666666666666,132.7875,33.8125,132.78125
2025-12,2025-01,50325674,4,27,59.38,-0.1081,other_active,33.80833333333333,132.8,33.81666666666666,132.8125,33.8125,132.80625
2025-12,2025-01,50326528,4,28,57.81,-0.1081,other_active,33.85,132.725,33.858333333333334,132.73749999999998,33.85416666666667,132.73125
2025-12,2025-01,50326603,4,29,56.25,-0.1081,other_active,33.833333333333336,132.7875,33.84166666666667,132.79999999999998,33.837500000000006,132.79375
2025-12,2025-01,50327652,4,30,54.69,-0.1081,other_active,33.958333333333336,132.775,33.96666666666667,132.7875,33.962500000000006,132.78125
2025-12,2025-01,50325579,3,31,53.12,-0.3002,other_active,33.80833333333333,132.7375,33.81666666666666,132.75,33.8125,132.74375
2025-12,2025-01,50325589,3,32,51.56,-0.3002,other_active,33.81666666666667,132.7375,33.825,132.75,33.82083333333334,132.74375
2025-12,2025-01,50325675,3,33,50.0,-0.3002,other_active,33.80833333333333,132.8125,33.81666666666666,132.825,33.8125,132.81875
2025-12,2025-01,50326529,3,34,48.44,-0.3002,other_active,33.85,132.7375,33.858333333333334,132.75,33.85416666666667,132.74375
2025-12,2025-01,50326640,3,35,46.88,-0.3002,other_active,33.86666666666667,132.75,33.875,132.7625,33.87083333333334,132.75625
2025-12,2025-01,50325568,2,36,45.31,-0.4923,other_active,33.8,132.725,33.80833333333333,132.73749999999998,33.80416666666666,132.73125
2025-12,2025-01,50326547,2,37,43.75,-0.4923,other_active,33.86666666666667,132.7125,33.875,132.725,33.87083333333334,132.71875
2025-12,2025-01,50326579,2,38,42.19,-0.4923,other_active,33.891666666666666,132.7375,33.9,132.75,33.89583333333333,132.74375
2025-12,2025-01,50326612,2,39,40.62,-0.4923,other_active,33.84166666666667,132.775,33.85,132.7875,33.84583333333333,132.78125
2025-12,2025-01,50326613,2,40,39.06,-0.4923,other_active,33.84166666666667,132.7875,33.85,132.79999999999998,33.84583333333333,132.79375
2025-12,2025-01,50326621,2,41,37.5,-0.4923,other_active,33.85,132.7625,33.858333333333334,132.77499999999998,33.85416666666667,132.76874999999998
2025-12,2025-01,50327631,2,42,35.94,-0.4923,other_active,33.94166666666667,132.7625,33.95,132.77499999999998,33.94583333333334,132.76874999999998
2025-12,2025-01,50327642,2,43,34.38,-0.4923,other_active,33.95,132.775,33.958333333333336,132.7875,33.954166666666666,132.78125
2025-12,2025-01,50325585,1,44,32.81,-0.6845,other_active,33.81666666666667,132.6875,33.825,132.7,33.82083333333334,132.69375
2025-12,2025-01,50325587,1,45,31.25,-0.6845,other_active,33.81666666666667,132.7125,33.825,132.725,33.82083333333334,132.71875
2025-12,2025-01,50325596,1,46,29.69,-0.6845,other_active,33.825,132.7,33.833333333333336,132.71249999999998,33.829166666666666,132.70624999999998
2025-12,2025-01,50325652,1,47,28.12,-0.6845,other_active,33.791666666666664,132.775,33.8,132.7875,33.795833333333334,132.78125
2025-12,2025-01,50325661,1,48,26.56,-0.6845,other_active,33.8,132.7625,33.80833333333333,132.77499999999998,33.80416666666666,132.76874999999998
2025-12,2025-01,50325662,1,49,25.0,-0.6845,other_active,33.8,132.775,33.80833333333333,132.7875,33.80416666666666,132.78125
2025-12,2025-01,50326519,1,50,23.44,-0.6845,other_active,33.84166666666667,132.7375,33.85,132.75,33.84583333333333,132.74375
2025-12,2025-01,50326536,1,51,21.88,-0.6845,other_active,33.858333333333334,132.7,33.86666666666667,132.71249999999998,33.8625,132.70624999999998
2025-12,2025-01,50326546,1,52,20.31,-0.6845,other_active,33.86666666666667,132.7,33.875,132.71249999999998,33.87083333333334,132.70624999999998
2025-12,2025-01,50326548,1,53,18.75,-0.6845,other_active,33.86666666666667,132.725,33.875,132.73749999999998,33.87083333333334,132.73125
2025-12,2025-01,50326549,1,54,17.19,-0.6845,other_active,33.86666666666667,132.7375,33.875,132.75,33.87083333333334,132.74375
2025-12,2025-01,50326578,1,55,15.62,-0.6845,other_active,33.891666666666666,132.725,33.9,132.73749999999998,33.89583333333333,132.73125
2025-12,2025-01,50326588,1,56,14.06,-0.6845,other_active,33.900000000000006,132.725,33.90833333333334,132.73749999999998,33.90416666666667,132.73125
2025-12,2025-01,50326600,1,57,12.5,-0.6845,other_active,33.833333333333336,132.75,33.84166666666667,132.7625,33.837500000000006,132.75625
2025-12,2025-01,50326614,1,58,10.94,-0.6845,other_active,33.84166666666667,132.8,33.85,132.8125,33.84583333333333,132.80625
2025-12,2025-01,50327448,1,59,9.38,-0.6845,other_active,33.95,132.6,33.958333333333336,132.61249999999998,33.954166666666666,132.60625
2025-12,2025-01,50327540,1,60,7.81,-0.6845,other_active,33.95,132.625,33.958333333333336,132.6375,33.954166666666666,132.63125
2025-12,2025-01,50327550,1,61,6.25,-0.6845,other_active,33.958333333333336,132.625,33.96666666666667,132.6375,33.962500000000006,132.63125
2025-12,2025-01,50327560,1,62,4.69,-0.6845,other_active,33.96666666666667,132.625,33.975,132.6375,33.97083333333333,132.63125
2025-12,2025-01,50327651,1,63,3.12,-0.6845,other_active,33.958333333333336,132.7625,33.96666666666667,132.77499999999998,33.962500000000006,132.76874999999998
2025-12,2025-01,50327671,1,64,1.56,-0.6845,other_active,33.975,132.7625,33.983333333333334,132.77499999999998,33.97916666666667,132.76874999999998
2026-01,2025-02,50326622,33,1,100.0,5.6106,top_5pct_active,33.85,132.775,33.858333333333334,132.7875,33.85416666666667,132.78125
2026-01,2025-02,50326537,17,2,98.41,2.4529,top_5pct_active,33.858333333333334,132.7125,33.86666666666667,132.725,33.8625,132.71875
2026-01,2025-02,50325681,13,3,96.83,1.6635,top_5pct_active,33.81666666666667,132.7625,33.825,132.77499999999998,33.82083333333334,132.76874999999998
2026-01,2025-02,50325682,12,4,95.24,1.4661,top_5pct_active,33.81666666666667,132.775,33.825,132.7875,33.82083333333334,132.78125
2026-01,2025-02,50325680,11,5,93.65,1.2687,top_20pct_active,33.81666666666667,132.75,33.825,132.7625,33.82083333333334,132.75625
2026-01,2025-02,50325693,11,6,92.06,1.2687,top_20pct_active,33.825,132.7875,33.833333333333336,132.79999999999998,33.829166666666666,132.79375
2026-01,2025-02,50325671,10,7,90.48,1.0714,top_20pct_active,33.80833333333333,132.7625,33.81666666666666,132.77499999999998,33.8125,132.76874999999998
2026-01,2025-02,50326602,10,8,88.89,1.0714,top_20pct_active,33.833333333333336,132.775,33.84166666666667,132.7875,33.837500000000006,132.78125
2026-01,2025-02,50325691,8,9,87.3,0.6767,top_20pct_active,33.825,132.7625,33.833333333333336,132.77499999999998,33.829166666666666,132.76874999999998
2026-01,2025-02,50325692,8,10,85.71,0.6767,top_20pct_active,33.825,132.775,33.833333333333336,132.7875,33.829166666666666,132.78125
2026-01,2025-02,50325597,7,11,84.13,0.4793,top_20pct_active,33.825,132.7125,33.833333333333336,132.725,33.829166666666666,132.71875
2026-01,2025-02,50325599,7,12,82.54,0.4793,top_20pct_active,33.825,132.7375,33.833333333333336,132.75,33.829166666666666,132.74375
2026-01,2025-02,50325670,7,13,80.95,0.4793,top_20pct_active,33.80833333333333,132.75,33.81666666666666,132.7625,33.8125,132.75625
2026-01,2025-02,50326610,7,14,79.37,0.4793,other_active,33.84166666666667,132.75,33.85,132.7625,33.84583333333333,132.75625
2026-01,2025-02,50326630,7,15,77.78,0.4793,other_active,33.858333333333334,132.75,33.86666666666667,132.7625,33.8625,132.75625
2026-01,2025-02,50325690,6,16,76.19,0.2819,other_active,33.825,132.75,33.833333333333336,132.7625,33.829166666666666,132.75625
2026-01,2025-02,50326620,6,17,74.6,0.2819,other_active,33.85,132.75,33.858333333333334,132.7625,33.85416666666667,132.75625
2026-01,2025-02,50325598,5,18,73.02,0.0846,other_active,33.825,132.725,33.833333333333336,132.73749999999998,33.829166666666666,132.73125
2026-01,2025-02,50325673,5,19,71.43,0.0846,other_active,33.80833333333333,132.7875,33.81666666666666,132.79999999999998,33.8125,132.79375
2026-01,2025-02,50326509,5,20,69.84,0.0846,other_active,33.833333333333336,132.7375,33.84166666666667,132.75,33.837500000000006,132.74375
2026-01,2025-02,50326527,5,21,68.25,0.0846,other_active,33.85,132.7125,33.858333333333334,132.725,33.85416666666667,132.71875
2026-01,2025-02,50326538,5,22,66.67,0.0846,other_active,33.858333333333334,132.725,33.86666666666667,132.73749999999998,33.8625,132.73125
2026-01,2025-02,50326623,5,23,65.08,0.0846,other_active,33.85,132.7875,33.858333333333334,132.79999999999998,33.85416666666667,132.79375
2026-01,2025-02,50325578,4,24,63.49,-0.1128,other_active,33.80833333333333,132.725,33.81666666666666,132.73749999999998,33.8125,132.73125
2026-01,2025-02,50325663,4,25,61.9,-0.1128,other_active,33.8,132.7875,33.80833333333333,132.79999999999998,33.80416666666666,132.79375
2026-01,2025-02,50325672,4,26,60.32,-0.1128,other_active,33.80833333333333,132.775,33.81666666666666,132.7875,33.8125,132.78125
2026-01,2025-02,50325674,4,27,58.73,-0.1128,other_active,33.80833333333333,132.8,33.81666666666666,132.8125,33.8125,132.80625
2026-01,2025-02,50326528,4,28,57.14,-0.1128,other_active,33.85,132.725,33.858333333333334,132.73749999999998,33.85416666666667,132.73125
2026-01,2025-02,50326603,4,29,55.56,-0.1128,other_active,33.833333333333336,132.7875,33.84166666666667,132.79999999999998,33.837500000000006,132.79375
2026-01,2025-02,50327652,4,30,53.97,-0.1128,other_active,33.958333333333336,132.775,33.96666666666667,132.7875,33.962500000000006,132.78125
2026-01,2025-02,50325579,3,31,52.38,-0.3101,other_active,33.80833333333333,132.7375,33.81666666666666,132.75,33.8125,132.74375
2026-01,2025-02,50325589,3,32,50.79,-0.3101,other_active,33.81666666666667,132.7375,33.825,132.75,33.82083333333334,132.74375
2026-01,2025-02,50325675,3,33,49.21,-0.3101,other_active,33.80833333333333,132.8125,33.81666666666666,132.825,33.8125,132.81875
2026-01,2025-02,50326529,3,34,47.62,-0.3101,other_active,33.85,132.7375,33.858333333333334,132.75,33.85416666666667,132.74375
2026-01,2025-02,50326640,3,35,46.03,-0.3101,other_active,33.86666666666667,132.75,33.875,132.7625,33.87083333333334,132.75625
2026-01,2025-02,50325568,2,36,44.44,-0.5075,other_active,33.8,132.725,33.80833333333333,132.73749999999998,33.80416666666666,132.73125
2026-01,2025-02,50325661,2,37,42.86,-0.5075,other_active,33.8,132.7625,33.80833333333333,132.77499999999998,33.80416666666666,132.76874999999998
2026-01,2025-02,50326547,2,38,41.27,-0.5075,other_active,33.86666666666667,132.7125,33.875,132.725,33.87083333333334,132.71875
2026-01,2025-02,50326612,2,39,39.68,-0.5075,other_active,33.84166666666667,132.775,33.85,132.7875,33.84583333333333,132.78125
2026-01,2025-02,50326613,2,40,38.1,-0.5075,other_active,33.84166666666667,132.7875,33.85,132.79999999999998,33.84583333333333,132.79375
2026-01,2025-02,50327631,2,41,36.51,-0.5075,other_active,33.94166666666667,132.7625,33.95,132.77499999999998,33.94583333333334,132.76874999999998
2026-01,2025-02,50327642,2,42,34.92,-0.5075,other_active,33.95,132.775,33.958333333333336,132.7875,33.954166666666666,132.78125
2026-01,2025-02,50325585,1,43,33.33,-0.7049,other_active,33.81666666666667,132.6875,33.825,132.7,33.82083333333334,132.69375
2026-01,2025-02,50325587,1,44,31.75,-0.7049,other_active,33.81666666666667,132.7125,33.825,132.725,33.82083333333334,132.71875
2026-01,2025-02,50325596,1,45,30.16,-0.7049,other_active,33.825,132.7,33.833333333333336,132.71249999999998,33.829166666666666,132.70624999999998
2026-01,2025-02,50325652,1,46,28.57,-0.7049,other_active,33.791666666666664,132.775,33.8,132.7875,33.795833333333334,132.78125
2026-01,2025-02,50325662,1,47,26.98,-0.7049,other_active,33.8,132.775,33.80833333333333,132.7875,33.80416666666666,132.78125
2026-01,2025-02,50326519,1,48,25.4,-0.7049,other_active,33.84166666666667,132.7375,33.85,132.75,33.84583333333333,132.74375
2026-01,2025-02,50326546,1,49,23.81,-0.7049,other_active,33.86666666666667,132.7,33.875,132.71249999999998,33.87083333333334,132.70624999999998
2026-01,2025-02,50326548,1,50,22.22,-0.7049,other_active,33.86666666666667,132.725,33.875,132.73749999999998,33.87083333333334,132.73125
2026-01,2025-02,50326549,1,51,20.63,-0.7049,other_active,33.86666666666667,132.7375,33.875,132.75,33.87083333333334,132.74375
2026-01,2025-02,50326578,1,52,19.05,-0.7049,other_active,33.891666666666666,132.725,33.9,132.73749999999998,33.89583333333333,132.73125
2026-01,2025-02,50326579,1,53,17.46,-0.7049,other_active,33.891666666666666,132.7375,33.9,132.75,33.89583333333333,132.74375
2026-01,2025-02,50326588,1,54,15.87,-0.7049,other_active,33.900000000000006,132.725,33.90833333333334,132.73749999999998,33.90416666666667,132.73125
2026-01,2025-02,50326600,1,55,14.29,-0.7049,other_active,33.833333333333336,132.75,33.84166666666667,132.7625,33.837500000000006,132.75625
2026-01,2025-02,50326614,1,56,12.7,-0.7049,other_active,33.84166666666667,132.8,33.85,132.8125,33.84583333333333,132.80625
2026-01,2025-02,50326621,1,57,11.11,-0.7049,other_active,33.85,132.7625,33.858333333333334,132.77499999999998,33.85416666666667,132.76874999999998
2026-01,2025-02,50327448,1,58,9.52,-0.7049,other_active,33.95,132.6,33.958333333333336,132.61249999999998,33.954166666666666,132.60625
2026-01,2025-02,50327540,1,59,7.94,-0.7049,other_active,33.95,132.625,33.958333333333336,132.6375,33.954166666666666,132.63125
2026-01,2025-02,50327550,1,60,6.35,-0.7049,other_active,33.958333333333336,132.625,33.96666666666667,132.6375,33.962500000000006,132.63125
2026-01,2025-02,50327560,1,61,4.76,-0.7049,other_active,33.96666666666667,132.625,33.975,132.6375,33.97083333333333,132.63125
2026-01,2025-02,50327651,1,62,3.17,-0.7049,other_active,33.958333333333336,132.7625,33.96666666666667,132.77499999999998,33.962500000000006,132.76874999999998
2026-01,2025-02,50327671,1,63,1.59,-0.7049,other_active,33.975,132.7625,33.983333333333334,132.77499999999998,33.97916666666667,132.76874999999998
2026-02,2025-03,50326622,41,1,100.0,6.1108,top_5pct_active,33.85,132.775,33.858333333333334,132.7875,33.85416666666667,132.78125
2026-02,2025-03,50326537,15,2,98.36,1.7035,top_5pct_active,33.858333333333334,132.7125,33.86666666666667,132.725,33.8625,132.71875
2026-02,2025-03,50325681,14,3,96.72,1.534,top_5pct_active,33.81666666666667,132.7625,33.825,132.77499999999998,33.82083333333334,132.76874999999998
2026-02,2025-03,50325680,12,4,95.08,1.1949,top_5pct_active,33.81666666666667,132.75,33.825,132.7625,33.82083333333334,132.75625
2026-02,2025-03,50325682,12,5,93.44,1.1949,top_20pct_active,33.81666666666667,132.775,33.825,132.7875,33.82083333333334,132.78125
2026-02,2025-03,50325671,10,6,91.8,0.8559,top_20pct_active,33.80833333333333,132.7625,33.81666666666666,132.77499999999998,33.8125,132.76874999999998
2026-02,2025-03,50325693,10,7,90.16,0.8559,top_20pct_active,33.825,132.7875,33.833333333333336,132.79999999999998,33.829166666666666,132.79375
2026-02,2025-03,50326602,10,8,88.52,0.8559,top_20pct_active,33.833333333333336,132.775,33.84166666666667,132.7875,33.837500000000006,132.78125
2026-02,2025-03,50326630,10,9,86.89,0.8559,top_20pct_active,33.858333333333334,132.75,33.86666666666667,132.7625,33.8625,132.75625
2026-02,2025-03,50325597,9,10,85.25,0.6864,top_20pct_active,33.825,132.7125,33.833333333333336,132.725,33.829166666666666,132.71875
2026-02,2025-03,50325599,8,11,83.61,0.5169,top_20pct_active,33.825,132.7375,33.833333333333336,132.75,33.829166666666666,132.74375
2026-02,2025-03,50325691,8,12,81.97,0.5169,top_20pct_active,33.825,132.7625,33.833333333333336,132.77499999999998,33.829166666666666,132.76874999999998
2026-02,2025-03,50325692,8,13,80.33,0.5169,top_20pct_active,33.825,132.775,33.833333333333336,132.7875,33.829166666666666,132.78125
2026-02,2025-03,50326610,8,14,78.69,0.5169,other_active,33.84166666666667,132.75,33.85,132.7625,33.84583333333333,132.75625
2026-02,2025-03,50326620,8,15,77.05,0.5169,other_active,33.85,132.75,33.858333333333334,132.7625,33.85416666666667,132.75625
2026-02,2025-03,50325670,6,16,75.41,0.1779,other_active,33.80833333333333,132.75,33.81666666666666,132.7625,33.8125,132.75625
2026-02,2025-03,50325690,6,17,73.77,0.1779,other_active,33.825,132.75,33.833333333333336,132.7625,33.829166666666666,132.75625
2026-02,2025-03,50326527,6,18,72.13,0.1779,other_active,33.85,132.7125,33.858333333333334,132.725,33.85416666666667,132.71875
2026-02,2025-03,50325598,5,19,70.49,0.0083,other_active,33.825,132.725,33.833333333333336,132.73749999999998,33.829166666666666,132.73125
2026-02,2025-03,50326509,5,20,68.85,0.0083,other_active,33.833333333333336,132.7375,33.84166666666667,132.75,33.837500000000006,132.74375
2026-02,2025-03,50325578,4,21,67.21,-0.1612,other_active,33.80833333333333,132.725,33.81666666666666,132.73749999999998,33.8125,132.73125
2026-02,2025-03,50325663,4,22,65.57,-0.1612,other_active,33.8,132.7875,33.80833333333333,132.79999999999998,33.80416666666666,132.79375
2026-02,2025-03,50325672,4,23,63.93,-0.1612,other_active,33.80833333333333,132.775,33.81666666666666,132.7875,33.8125,132.78125
2026-02,2025-03,50325673,4,24,62.3,-0.1612,other_active,33.80833333333333,132.7875,33.81666666666666,132.79999999999998,33.8125,132.79375
2026-02,2025-03,50325674,4,25,60.66,-0.1612,other_active,33.80833333333333,132.8,33.81666666666666,132.8125,33.8125,132.80625
2026-02,2025-03,50326528,4,26,59.02,-0.1612,other_active,33.85,132.725,33.858333333333334,132.73749999999998,33.85416666666667,132.73125
2026-02,2025-03,50326529,4,27,57.38,-0.1612,other_active,33.85,132.7375,33.858333333333334,132.75,33.85416666666667,132.74375
2026-02,2025-03,50326603,4,28,55.74,-0.1612,other_active,33.833333333333336,132.7875,33.84166666666667,132.79999999999998,33.837500000000006,132.79375
2026-02,2025-03,50326613,4,29,54.1,-0.1612,other_active,33.84166666666667,132.7875,33.85,132.79999999999998,33.84583333333333,132.79375
2026-02,2025-03,50326623,4,30,52.46,-0.1612,other_active,33.85,132.7875,33.858333333333334,132.79999999999998,33.85416666666667,132.79375
2026-02,2025-03,50327652,4,31,50.82,-0.1612,other_active,33.958333333333336,132.775,33.96666666666667,132.7875,33.962500000000006,132.78125
2026-02,2025-03,50325579,3,32,49.18,-0.3307,other_active,33.80833333333333,132.7375,33.81666666666666,132.75,33.8125,132.74375
2026-02,2025-03,50325589,3,33,47.54,-0.3307,other_active,33.81666666666667,132.7375,33.825,132.75,33.82083333333334,132.74375
2026-02,2025-03,50325675,3,34,45.9,-0.3307,other_active,33.80833333333333,132.8125,33.81666666666666,132.825,33.8125,132.81875
2026-02,2025-03,50326538,3,35,44.26,-0.3307,other_active,33.858333333333334,132.725,33.86666666666667,132.73749999999998,33.8625,132.73125
2026-02,2025-03,50326612,3,36,42.62,-0.3307,other_active,33.84166666666667,132.775,33.85,132.7875,33.84583333333333,132.78125
2026-02,2025-03,50326640,3,37,40.98,-0.3307,other_active,33.86666666666667,132.75,33.875,132.7625,33.87083333333334,132.75625
2026-02,2025-03,50325661,2,38,39.34,-0.5002,other_active,33.8,132.7625,33.80833333333333,132.77499999999998,33.80416666666666,132.76874999999998
2026-02,2025-03,50326547,2,39,37.7,-0.5002,other_active,33.86666666666667,132.7125,33.875,132.725,33.87083333333334,132.71875
2026-02,2025-03,50326588,2,40,36.07,-0.5002,other_active,33.900000000000006,132.725,33.90833333333334,132.73749999999998,33.90416666666667,132.73125
2026-02,2025-03,50327631,2,41,34.43,-0.5002,other_active,33.94166666666667,132.7625,33.95,132.77499999999998,33.94583333333334,132.76874999999998
2026-02,2025-03,50327642,2,42,32.79,-0.5002,other_active,33.95,132.775,33.958333333333336,132.7875,33.954166666666666,132.78125
2026-02,2025-03,50325568,1,43,31.15,-0.6697,other_active,33.8,132.725,33.80833333333333,132.73749999999998,33.80416666666666,132.73125
2026-02,2025-03,50325585,1,44,29.51,-0.6697,other_active,33.81666666666667,132.6875,33.825,132.7,33.82083333333334,132.69375
2026-02,2025-03,50325587,1,45,27.87,-0.6697,other_active,33.81666666666667,132.7125,33.825,132.725,33.82083333333334,132.71875
2026-02,2025-03,50325596,1,46,26.23,-0.6697,other_active,33.825,132.7,33.833333333333336,132.71249999999998,33.829166666666666,132.70624999999998
2026-02,2025-03,50325652,1,47,24.59,-0.6697,other_active,33.791666666666664,132.775,33.8,132.7875,33.795833333333334,132.78125
2026-02,2025-03,50325662,1,48,22.95,-0.6697,other_active,33.8,132.775,33.80833333333333,132.7875,33.80416666666666,132.78125
2026-02,2025-03,50326519,1,49,21.31,-0.6697,other_active,33.84166666666667,132.7375,33.85,132.75,33.84583333333333,132.74375
2026-02,2025-03,50326546,1,50,19.67,-0.6697,other_active,33.86666666666667,132.7,33.875,132.71249999999998,33.87083333333334,132.70624999999998
2026-02,2025-03,50326548,1,51,18.03,-0.6697,other_active,33.86666666666667,132.725,33.875,132.73749999999998,33.87083333333334,132.73125
2026-02,2025-03,50326549,1,52,16.39,-0.6697,other_active,33.86666666666667,132.7375,33.875,132.75,33.87083333333334,132.74375
2026-02,2025-03,50326578,1,53,14.75,-0.6697,other_active,33.891666666666666,132.725,33.9,132.73749999999998,33.89583333333333,132.73125
2026-02,2025-03,50326579,1,54,13.11,-0.6697,other_active,33.891666666666666,132.7375,33.9,132.75,33.89583333333333,132.74375
2026-02,2025-03,50326600,1,55,11.48,-0.6697,other_active,33.833333333333336,132.75,33.84166666666667,132.7625,33.837500000000006,132.75625
2026-02,2025-03,50326621,1,56,9.84,-0.6697,other_active,33.85,132.7625,33.858333333333334,132.77499999999998,33.85416666666667,132.76874999999998
2026-02,2025-03,50327448,1,57,8.2,-0.6697,other_active,33.95,132.6,33.958333333333336,132.61249999999998,33.954166666666666,132.60625
2026-02,2025-03,50327540,1,58,6.56,-0.6697,other_active,33.95,132.625,33.958333333333336,132.6375,33.954166666666666,132.63125
2026-02,2025-03,50327560,1,59,4.92,-0.6697,other_active,33.96666666666667,132.625,33.975,132.6375,33.97083333333333,132.63125
2026-02,2025-03,50327651,1,60,3.28,-0.6697,other_active,33.958333333333336,132.7625,33.96666666666667,132.77499999999998,33.962500000000006,132.76874999999998
2026-02,2025-03,50327671,1,61,1.64,-0.6697,other_active,33.975,132.7625,33.983333333333334,132.77499999999998,33.97916666666667,132.76874999999998
2026-03,2025-04,50326622,42,1,100.0,6.0726,top_5pct_active,33.85,132.775,33.858333333333334,132.7875,33.85416666666667,132.78125
2026-03,2025-04,50326537,18,2,98.39,2.1181,top_5pct_active,33.858333333333334,132.7125,33.86666666666667,132.725,33.8625,132.71875
2026-03,2025-04,50325681,13,3,96.77,1.2942,top_5pct_active,33.81666666666667,132.7625,33.825,132.77499999999998,33.82083333333334,132.76874999999998
2026-03,2025-04,50325682,12,4,95.16,1.1295,top_5pct_active,33.81666666666667,132.775,33.825,132.7875,33.82083333333334,132.78125
2026-03,2025-04,50325671,11,5,93.55,0.9647,top_20pct_active,33.80833333333333,132.7625,33.81666666666666,132.77499999999998,33.8125,132.76874999999998
2026-03,2025-04,50325680,11,6,91.94,0.9647,top_20pct_active,33.81666666666667,132.75,33.825,132.7625,33.82083333333334,132.75625
2026-03,2025-04,50325693,11,7,90.32,0.9647,top_20pct_active,33.825,132.7875,33.833333333333336,132.79999999999998,33.829166666666666,132.79375
2026-03,2025-04,50326610,11,8,88.71,0.9647,top_20pct_active,33.84166666666667,132.75,33.85,132.7625,33.84583333333333,132.75625
2026-03,2025-04,50326630,11,9,87.1,0.9647,top_20pct_active,33.858333333333334,132.75,33.86666666666667,132.7625,33.8625,132.75625
2026-03,2025-04,50325597,9,10,85.48,0.6352,top_20pct_active,33.825,132.7125,33.833333333333336,132.725,33.829166666666666,132.71875
2026-03,2025-04,50326602,9,11,83.87,0.6352,top_20pct_active,33.833333333333336,132.775,33.84166666666667,132.7875,33.837500000000006,132.78125
2026-03,2025-04,50325579,8,12,82.26,0.4704,top_20pct_active,33.80833333333333,132.7375,33.81666666666666,132.75,33.8125,132.74375
2026-03,2025-04,50325599,8,13,80.65,0.4704,top_20pct_active,33.825,132.7375,33.833333333333336,132.75,33.829166666666666,132.74375
2026-03,2025-04,50325691,8,14,79.03,0.4704,other_active,33.825,132.7625,33.833333333333336,132.77499999999998,33.829166666666666,132.76874999999998
2026-03,2025-04,50325598,7,15,77.42,0.3056,other_active,33.825,132.725,33.833333333333336,132.73749999999998,33.829166666666666,132.73125
2026-03,2025-04,50325670,7,16,75.81,0.3056,other_active,33.80833333333333,132.75,33.81666666666666,132.7625,33.8125,132.75625
2026-03,2025-04,50325673,7,17,74.19,0.3056,other_active,33.80833333333333,132.7875,33.81666666666666,132.79999999999998,33.8125,132.79375
2026-03,2025-04,50326527,7,18,72.58,0.3056,other_active,33.85,132.7125,33.858333333333334,132.725,33.85416666666667,132.71875
2026-03,2025-04,50325692,6,19,70.97,0.1409,other_active,33.825,132.775,33.833333333333336,132.7875,33.829166666666666,132.78125
2026-03,2025-04,50326620,6,20,69.35,0.1409,other_active,33.85,132.75,33.858333333333334,132.7625,33.85416666666667,132.75625
2026-03,2025-04,50325672,5,21,67.74,-0.0239,other_active,33.80833333333333,132.775,33.81666666666666,132.7875,33.8125,132.78125
2026-03,2025-04,50325690,5,22,66.13,-0.0239,other_active,33.825,132.75,33.833333333333336,132.7625,33.829166666666666,132.75625
2026-03,2025-04,50326603,5,23,64.52,-0.0239,other_active,33.833333333333336,132.7875,33.84166666666667,132.79999999999998,33.837500000000006,132.79375
2026-03,2025-04,50325578,4,24,62.9,-0.1887,other_active,33.80833333333333,132.725,33.81666666666666,132.73749999999998,33.8125,132.73125
2026-03,2025-04,50325674,4,25,61.29,-0.1887,other_active,33.80833333333333,132.8,33.81666666666666,132.8125,33.8125,132.80625
2026-03,2025-04,50326509,4,26,59.68,-0.1887,other_active,33.833333333333336,132.7375,33.84166666666667,132.75,33.837500000000006,132.74375
2026-03,2025-04,50326528,4,27,58.06,-0.1887,other_active,33.85,132.725,33.858333333333334,132.73749999999998,33.85416666666667,132.73125
2026-03,2025-04,50326529,4,28,56.45,-0.1887,other_active,33.85,132.7375,33.858333333333334,132.75,33.85416666666667,132.74375
2026-03,2025-04,50326613,4,29,54.84,-0.1887,other_active,33.84166666666667,132.7875,33.85,132.79999999999998,33.84583333333333,132.79375
2026-03,2025-04,50326623,4,30,53.23,-0.1887,other_active,33.85,132.7875,33.858333333333334,132.79999999999998,33.85416666666667,132.79375
2026-03,2025-04,50325589,3,31,51.61,-0.3535,other_active,33.81666666666667,132.7375,33.825,132.75,33.82083333333334,132.74375
2026-03,2025-04,50325663,3,32,50.0,-0.3535,other_active,33.8,132.7875,33.80833333333333,132.79999999999998,33.80416666666666,132.79375
2026-03,2025-04,50325675,3,33,48.39,-0.3535,other_active,33.80833333333333,132.8125,33.81666666666666,132.825,33.8125,132.81875
2026-03,2025-04,50326538,3,34,46.77,-0.3535,other_active,33.858333333333334,132.725,33.86666666666667,132.73749999999998,33.8625,132.73125
2026-03,2025-04,50326612,3,35,45.16,-0.3535,other_active,33.84166666666667,132.775,33.85,132.7875,33.84583333333333,132.78125
2026-03,2025-04,50327652,3,36,43.55,-0.3535,other_active,33.958333333333336,132.775,33.96666666666667,132.7875,33.962500000000006,132.78125
2026-03,2025-04,50325585,2,37,41.94,-0.5182,other_active,33.81666666666667,132.6875,33.825,132.7,33.82083333333334,132.69375
2026-03,2025-04,50325661,2,38,40.32,-0.5182,other_active,33.8,132.7625,33.80833333333333,132.77499999999998,33.80416666666666,132.76874999999998
2026-03,2025-04,50326547,2,39,38.71,-0.5182,other_active,33.86666666666667,132.7125,33.875,132.725,33.87083333333334,132.71875
2026-03,2025-04,50326588,2,40,37.1,-0.5182,other_active,33.900000000000006,132.725,33.90833333333334,132.73749999999998,33.90416666666667,132.73125
2026-03,2025-04,50326621,2,41,35.48,-0.5182,other_active,33.85,132.7625,33.858333333333334,132.77499999999998,33.85416666666667,132.76874999999998
2026-03,2025-04,50326640,2,42,33.87,-0.5182,other_active,33.86666666666667,132.75,33.875,132.7625,33.87083333333334,132.75625
2026-03,2025-04,50327631,2,43,32.26,-0.5182,other_active,33.94166666666667,132.7625,33.95,132.77499999999998,33.94583333333334,132.76874999999998
2026-03,2025-04,50327642,2,44,30.65,-0.5182,other_active,33.95,132.775,33.958333333333336,132.7875,33.954166666666666,132.78125
2026-03,2025-04,50327651,2,45,29.03,-0.5182,other_active,33.958333333333336,132.7625,33.96666666666667,132.77499999999998,33.962500000000006,132.76874999999998
2026-03,2025-04,50327671,2,46,27.42,-0.5182,other_active,33.975,132.7625,33.983333333333334,132.77499999999998,33.97916666666667,132.76874999999998
2026-03,2025-04,50325568,1,47,25.81,-0.683,other_active,33.8,132.725,33.80833333333333,132.73749999999998,33.80416666666666,132.73125
2026-03,2025-04,50325587,1,48,24.19,-0.683,other_active,33.81666666666667,132.7125,33.825,132.725,33.82083333333334,132.71875
2026-03,2025-04,50325596,1,49,22.58,-0.683,other_active,33.825,132.7,33.833333333333336,132.71249999999998,33.829166666666666,132.70624999999998
2026-03,2025-04,50325652,1,50,20.97,-0.683,other_active,33.791666666666664,132.775,33.8,132.7875,33.795833333333334,132.78125
2026-03,2025-04,50325662,1,51,19.35,-0.683,other_active,33.8,132.775,33.80833333333333,132.7875,33.80416666666666,132.78125
2026-03,2025-04,50326519,1,52,17.74,-0.683,other_active,33.84166666666667,132.7375,33.85,132.75,33.84583333333333,132.74375
2026-03,2025-04,50326546,1,53,16.13,-0.683,other_active,33.86666666666667,132.7,33.875,132.71249999999998,33.87083333333334,132.70624999999998
2026-03,2025-04,50326578,1,54,14.52,-0.683,other_active,33.891666666666666,132.725,33.9,132.73749999999998,33.89583333333333,132.73125
2026-03,2025-04,50326579,1,55,12.9,-0.683,other_active,33.891666666666666,132.7375,33.9,132.75,33.89583333333333,132.74375
2026-03,2025-04,50326600,1,56,11.29,-0.683,other_active,33.833333333333336,132.75,33.84166666666667,132.7625,33.837500000000006,132.75625
2026-03,2025-04,50327448,1,57,9.68,-0.683,other_active,33.95,132.6,33.958333333333336,132.61249999999998,33.954166666666666,132.60625
2026-03,2025-04,50327540,1,58,8.06,-0.683,other_active,33.95,132.625,33.958333333333336,132.6375,33.954166666666666,132.63125
2026-03,2025-04,50327560,1,59,6.45,-0.683,other_active,33.96666666666667,132.625,33.975,132.6375,33.97083333333333,132.63125
2026-03,2025-04,50327570,1,60,4.84,-0.683,other_active,33.975,132.625,33.983333333333334,132.6375,33.97916666666667,132.63125
2026-03,2025-04,50327661,1,61,3.23,-0.683,other_active,33.96666666666667,132.7625,33.975,132.77499999999998,33.97083333333333,132.76874999999998
2026-03,2025-04,50327662,1,62,1.61,-0.683,other_active,33.96666666666667,132.775,33.975,132.7875,33.97083333333333,132.78125
2026-04,2025-05,50326622,42,1,100.0,5.9932,top_5pct_active,33.85,132.775,33.858333333333334,132.7875,33.85416666666667,132.78125
2026-04,2025-05,50326537,18,2,98.36,2.0832,top_5pct_active,33.858333333333334,132.7125,33.86666666666667,132.725,33.8625,132.71875
2026-04,2025-05,50325681,14,3,96.72,1.4315,top_5pct_active,33.81666666666667,132.7625,33.825,132.77499999999998,33.82083333333334,132.76874999999998
2026-04,2025-05,50326610,13,4,95.08,1.2686,top_5pct_active,33.84166666666667,132.75,33.85,132.7625,33.84583333333333,132.75625
2026-04,2025-05,50325682,12,5,93.44,1.1057,top_20pct_active,33.81666666666667,132.775,33.825,132.7875,33.82083333333334,132.78125
2026-04,2025-05,50325579,11,6,91.8,0.9428,top_20pct_active,33.80833333333333,132.7375,33.81666666666666,132.75,33.8125,132.74375
2026-04,2025-05,50325671,10,7,90.16,0.7799,top_20pct_active,33.80833333333333,132.7625,33.81666666666666,132.77499999999998,33.8125,132.76874999999998
2026-04,2025-05,50325693,10,8,88.52,0.7799,top_20pct_active,33.825,132.7875,33.833333333333336,132.79999999999998,33.829166666666666,132.79375
2026-04,2025-05,50326630,10,9,86.89,0.7799,top_20pct_active,33.858333333333334,132.75,33.86666666666667,132.7625,33.8625,132.75625
2026-04,2025-05,50325597,9,10,85.25,0.617,top_20pct_active,33.825,132.7125,33.833333333333336,132.725,33.829166666666666,132.71875
2026-04,2025-05,50325680,9,11,83.61,0.617,top_20pct_active,33.81666666666667,132.75,33.825,132.7625,33.82083333333334,132.75625
2026-04,2025-05,50326602,9,12,81.97,0.617,top_20pct_active,33.833333333333336,132.775,33.84166666666667,132.7875,33.837500000000006,132.78125
2026-04,2025-05,50325599,8,13,80.33,0.454,top_20pct_active,33.825,132.7375,33.833333333333336,132.75,33.829166666666666,132.74375
2026-04,2025-05,50325691,8,14,78.69,0.454,other_active,33.825,132.7625,33.833333333333336,132.77499999999998,33.829166666666666,132.76874999999998
2026-04,2025-05,50325598,7,15,77.05,0.2911,other_active,33.825,132.725,33.833333333333336,132.73749999999998,33.829166666666666,132.73125
2026-04,2025-05,50325670,7,16,75.41,0.2911,other_active,33.80833333333333,132.75,33.81666666666666,132.7625,33.8125,132.75625
2026-04,2025-05,50326527,7,17,73.77,0.2911,other_active,33.85,132.7125,33.858333333333334,132.725,33.85416666666667,132.71875
2026-04,2025-05,50325672,6,18,72.13,0.1282,other_active,33.80833333333333,132.775,33.81666666666666,132.7875,33.8125,132.78125
2026-04,2025-05,50325673,6,19,70.49,0.1282,other_active,33.80833333333333,132.7875,33.81666666666666,132.79999999999998,33.8125,132.79375
2026-04,2025-05,50325692,6,20,68.85,0.1282,other_active,33.825,132.775,33.833333333333336,132.7875,33.829166666666666,132.78125
2026-04,2025-05,50325690,5,21,67.21,-0.0347,other_active,33.825,132.75,33.833333333333336,132.7625,33.829166666666666,132.75625
2026-04,2025-05,50326603,5,22,65.57,-0.0347,other_active,33.833333333333336,132.7875,33.84166666666667,132.79999999999998,33.837500000000006,132.79375
2026-04,2025-05,50326613,5,23,63.93,-0.0347,other_active,33.84166666666667,132.7875,33.85,132.79999999999998,33.84583333333333,132.79375
2026-04,2025-05,50326620,5,24,62.3,-0.0347,other_active,33.85,132.75,33.858333333333334,132.7625,33.85416666666667,132.75625
2026-04,2025-05,50326623,5,25,60.66,-0.0347,other_active,33.85,132.7875,33.858333333333334,132.79999999999998,33.85416666666667,132.79375
2026-04,2025-05,50325578,4,26,59.02,-0.1976,other_active,33.80833333333333,132.725,33.81666666666666,132.73749999999998,33.8125,132.73125
2026-04,2025-05,50325589,4,27,57.38,-0.1976,other_active,33.81666666666667,132.7375,33.825,132.75,33.82083333333334,132.74375
2026-04,2025-05,50325674,4,28,55.74,-0.1976,other_active,33.80833333333333,132.8,33.81666666666666,132.8125,33.8125,132.80625
2026-04,2025-05,50326509,4,29,54.1,-0.1976,other_active,33.833333333333336,132.7375,33.84166666666667,132.75,33.837500000000006,132.74375
2026-04,2025-05,50326528,4,30,52.46,-0.1976,other_active,33.85,132.725,33.858333333333334,132.73749999999998,33.85416666666667,132.73125
2026-04,2025-05,50326529,4,31,50.82,-0.1976,other_active,33.85,132.7375,33.858333333333334,132.75,33.85416666666667,132.74375
2026-04,2025-05,50325675,3,32,49.18,-0.3606,other_active,33.80833333333333,132.8125,33.81666666666666,132.825,33.8125,132.81875
2026-04,2025-05,50326538,3,33,47.54,-0.3606,other_active,33.858333333333334,132.725,33.86666666666667,132.73749999999998,33.8625,132.73125
2026-04,2025-05,50326612,3,34,45.9,-0.3606,other_active,33.84166666666667,132.775,33.85,132.7875,33.84583333333333,132.78125
2026-04,2025-05,50327631,3,35,44.26,-0.3606,other_active,33.94166666666667,132.7625,33.95,132.77499999999998,33.94583333333334,132.76874999999998
2026-04,2025-05,50327652,3,36,42.62,-0.3606,other_active,33.958333333333336,132.775,33.96666666666667,132.7875,33.962500000000006,132.78125
2026-04,2025-05,50325661,2,37,40.98,-0.5235,other_active,33.8,132.7625,33.80833333333333,132.77499999999998,33.80416666666666,132.76874999999998
2026-04,2025-05,50326547,2,38,39.34,-0.5235,other_active,33.86666666666667,132.7125,33.875,132.725,33.87083333333334,132.71875
2026-04,2025-05,50326588,2,39,37.7,-0.5235,other_active,33.900000000000006,132.725,33.90833333333334,132.73749999999998,33.90416666666667,132.73125
2026-04,2025-05,50326640,2,40,36.07,-0.5235,other_active,33.86666666666667,132.75,33.875,132.7625,33.87083333333334,132.75625
2026-04,2025-05,50327642,2,41,34.43,-0.5235,other_active,33.95,132.775,33.958333333333336,132.7875,33.954166666666666,132.78125
2026-04,2025-05,50327651,2,42,32.79,-0.5235,other_active,33.958333333333336,132.7625,33.96666666666667,132.77499999999998,33.962500000000006,132.76874999999998
2026-04,2025-05,50327671,2,43,31.15,-0.5235,other_active,33.975,132.7625,33.983333333333334,132.77499999999998,33.97916666666667,132.76874999999998
2026-04,2025-05,50325568,1,44,29.51,-0.6864,other_active,33.8,132.725,33.80833333333333,132.73749999999998,33.80416666666666,132.73125
2026-04,2025-05,50325585,1,45,27.87,-0.6864,other_active,33.81666666666667,132.6875,33.825,132.7,33.82083333333334,132.69375
2026-04,2025-05,50325587,1,46,26.23,-0.6864,other_active,33.81666666666667,132.7125,33.825,132.725,33.82083333333334,132.71875
2026-04,2025-05,50325596,1,47,24.59,-0.6864,other_active,33.825,132.7,33.833333333333336,132.71249999999998,33.829166666666666,132.70624999999998
2026-04,2025-05,50325652,1,48,22.95,-0.6864,other_active,33.791666666666664,132.775,33.8,132.7875,33.795833333333334,132.78125
2026-04,2025-05,50325662,1,49,21.31,-0.6864,other_active,33.8,132.775,33.80833333333333,132.7875,33.80416666666666,132.78125
2026-04,2025-05,50325663,1,50,19.67,-0.6864,other_active,33.8,132.7875,33.80833333333333,132.79999999999998,33.80416666666666,132.79375
2026-04,2025-05,50326519,1,51,18.03,-0.6864,other_active,33.84166666666667,132.7375,33.85,132.75,33.84583333333333,132.74375
2026-04,2025-05,50326546,1,52,16.39,-0.6864,other_active,33.86666666666667,132.7,33.875,132.71249999999998,33.87083333333334,132.70624999999998
2026-04,2025-05,50326578,1,53,14.75,-0.6864,other_active,33.891666666666666,132.725,33.9,132.73749999999998,33.89583333333333,132.73125
2026-04,2025-05,50326600,1,54,13.11,-0.6864,other_active,33.833333333333336,132.75,33.84166666666667,132.7625,33.837500000000006,132.75625
2026-04,2025-05,50326621,1,55,11.48,-0.6864,other_active,33.85,132.7625,33.858333333333334,132.77499999999998,33.85416666666667,132.76874999999998
2026-04,2025-05,50327448,1,56,9.84,-0.6864,other_active,33.95,132.6,33.958333333333336,132.61249999999998,33.954166666666666,132.60625
2026-04,2025-05,50327540,1,57,8.2,-0.6864,other_active,33.95,132.625,33.958333333333336,132.6375,33.954166666666666,132.63125
2026-04,2025-05,50327560,1,58,6.56,-0.6864,other_active,33.96666666666667,132.625,33.975,132.6375,33.97083333333333,132.63125
2026-04,2025-05,50327570,1,59,4.92,-0.6864,other_active,33.975,132.625,33.983333333333334,132.6375,33.97916666666667,132.63125
2026-04,2025-05,50327661,1,60,3.28,-0.6864,other_active,33.96666666666667,132.7625,33.975,132.77499999999998,33.97083333333333,132.76874999999998
2026-04,2025-05,50327662,1,61,1.64,-0.6864,other_active,33.96666666666667,132.775,33.975,132.7875,33.97083333333333,132.78125
2026-05,2025-06,50326622,38,1,100.0,5.7833,top_5pct_active,33.85,132.775,33.858333333333334,132.7875,33.85416666666667,132.78125
2026-05,2025-06,50326537,17,2,98.33,2.1307,top_5pct_active,33.858333333333334,132.7125,33.86666666666667,132.725,33.8625,132.71875
2026-05,2025-06,50325681,14,3,96.67,1.6089,top_5pct_active,33.81666666666667,132.7625,33.825,132.77499999999998,33.82083333333334,132.76874999999998
2026-05,2025-06,50325682,12,4,95.0,1.261,top_5pct_active,33.81666666666667,132.775,33.825,132.7875,33.82083333333334,132.78125
2026-05,2025-06,50326610,12,5,93.33,1.261,top_20pct_active,33.84166666666667,132.75,33.85,132.7625,33.84583333333333,132.75625
2026-05,2025-06,50325579,11,6,91.67,1.0871,top_20pct_active,33.80833333333333,132.7375,33.81666666666666,132.75,33.8125,132.74375
2026-05,2025-06,50325671,11,7,90.0,1.0871,top_20pct_active,33.80833333333333,132.7625,33.81666666666666,132.77499999999998,33.8125,132.76874999999998
2026-05,2025-06,50325693,11,8,88.33,1.0871,top_20pct_active,33.825,132.7875,33.833333333333336,132.79999999999998,33.829166666666666,132.79375
2026-05,2025-06,50325680,10,9,86.67,0.9132,top_20pct_active,33.81666666666667,132.75,33.825,132.7625,33.82083333333334,132.75625
2026-05,2025-06,50326602,9,10,85.0,0.7392,top_20pct_active,33.833333333333336,132.775,33.84166666666667,132.7875,33.837500000000006,132.78125
2026-05,2025-06,50326630,8,11,83.33,0.5653,top_20pct_active,33.858333333333334,132.75,33.86666666666667,132.7625,33.8625,132.75625
2026-05,2025-06,50325670,7,12,81.67,0.3914,top_20pct_active,33.80833333333333,132.75,33.81666666666666,132.7625,33.8125,132.75625
2026-05,2025-06,50325691,7,13,80.0,0.3914,top_20pct_active,33.825,132.7625,33.833333333333336,132.77499999999998,33.829166666666666,132.76874999999998
2026-05,2025-06,50325597,6,14,78.33,0.2174,other_active,33.825,132.7125,33.833333333333336,132.725,33.829166666666666,132.71875
2026-05,2025-06,50325599,6,15,76.67,0.2174,other_active,33.825,132.7375,33.833333333333336,132.75,33.829166666666666,132.74375
2026-05,2025-06,50325598,5,16,75.0,0.0435,other_active,33.825,132.725,33.833333333333336,132.73749999999998,33.829166666666666,132.73125
2026-05,2025-06,50325672,5,17,73.33,0.0435,other_active,33.80833333333333,132.775,33.81666666666666,132.7875,33.8125,132.78125
2026-05,2025-06,50325673,5,18,71.67,0.0435,other_active,33.80833333333333,132.7875,33.81666666666666,132.79999999999998,33.8125,132.79375
2026-05,2025-06,50325690,5,19,70.0,0.0435,other_active,33.825,132.75,33.833333333333336,132.7625,33.829166666666666,132.75625
2026-05,2025-06,50325692,5,20,68.33,0.0435,other_active,33.825,132.775,33.833333333333336,132.7875,33.829166666666666,132.78125
2026-05,2025-06,50326613,5,21,66.67,0.0435,other_active,33.84166666666667,132.7875,33.85,132.79999999999998,33.84583333333333,132.79375
2026-05,2025-06,50325674,4,22,65.0,-0.1305,other_active,33.80833333333333,132.8,33.81666666666666,132.8125,33.8125,132.80625
2026-05,2025-06,50326527,4,23,63.33,-0.1305,other_active,33.85,132.7125,33.858333333333334,132.725,33.85416666666667,132.71875
2026-05,2025-06,50326603,4,24,61.67,-0.1305,other_active,33.833333333333336,132.7875,33.84166666666667,132.79999999999998,33.837500000000006,132.79375
2026-05,2025-06,50326623,4,25,60.0,-0.1305,other_active,33.85,132.7875,33.858333333333334,132.79999999999998,33.85416666666667,132.79375
2026-05,2025-06,50325578,3,26,58.33,-0.3044,other_active,33.80833333333333,132.725,33.81666666666666,132.73749999999998,33.8125,132.73125
2026-05,2025-06,50325589,3,27,56.67,-0.3044,other_active,33.81666666666667,132.7375,33.825,132.75,33.82083333333334,132.74375
2026-05,2025-06,50325675,3,28,55.0,-0.3044,other_active,33.80833333333333,132.8125,33.81666666666666,132.825,33.8125,132.81875
2026-05,2025-06,50326528,3,29,53.33,-0.3044,other_active,33.85,132.725,33.858333333333334,132.73749999999998,33.85416666666667,132.73125
2026-05,2025-06,50326529,3,30,51.67,-0.3044,other_active,33.85,132.7375,33.858333333333334,132.75,33.85416666666667,132.74375
2026-05,2025-06,50326588,3,31,50.0,-0.3044,other_active,33.900000000000006,132.725,33.90833333333334,132.73749999999998,33.90416666666667,132.73125
2026-05,2025-06,50326612,3,32,48.33,-0.3044,other_active,33.84166666666667,132.775,33.85,132.7875,33.84583333333333,132.78125
2026-05,2025-06,50326620,3,33,46.67,-0.3044,other_active,33.85,132.75,33.858333333333334,132.7625,33.85416666666667,132.75625
2026-05,2025-06,50327631,3,34,45.0,-0.3044,other_active,33.94166666666667,132.7625,33.95,132.77499999999998,33.94583333333334,132.76874999999998
2026-05,2025-06,50325661,2,35,43.33,-0.4783,other_active,33.8,132.7625,33.80833333333333,132.77499999999998,33.80416666666666,132.76874999999998
2026-05,2025-06,50326509,2,36,41.67,-0.4783,other_active,33.833333333333336,132.7375,33.84166666666667,132.75,33.837500000000006,132.74375
2026-05,2025-06,50326640,2,37,40.0,-0.4783,other_active,33.86666666666667,132.75,33.875,132.7625,33.87083333333334,132.75625
2026-05,2025-06,50327642,2,38,38.33,-0.4783,other_active,33.95,132.775,33.958333333333336,132.7875,33.954166666666666,132.78125
2026-05,2025-06,50327651,2,39,36.67,-0.4783,other_active,33.958333333333336,132.7625,33.96666666666667,132.77499999999998,33.962500000000006,132.76874999999998
2026-05,2025-06,50327652,2,40,35.0,-0.4783,other_active,33.958333333333336,132.775,33.96666666666667,132.7875,33.962500000000006,132.78125
2026-05,2025-06,50327671,2,41,33.33,-0.4783,other_active,33.975,132.7625,33.983333333333334,132.77499999999998,33.97916666666667,132.76874999999998
2026-05,2025-06,50325568,1,42,31.67,-0.6523,other_active,33.8,132.725,33.80833333333333,132.73749999999998,33.80416666666666,132.73125
2026-05,2025-06,50325585,1,43,30.0,-0.6523,other_active,33.81666666666667,132.6875,33.825,132.7,33.82083333333334,132.69375
2026-05,2025-06,50325587,1,44,28.33,-0.6523,other_active,33.81666666666667,132.7125,33.825,132.725,33.82083333333334,132.71875
2026-05,2025-06,50325596,1,45,26.67,-0.6523,other_active,33.825,132.7,33.833333333333336,132.71249999999998,33.829166666666666,132.70624999999998
2026-05,2025-06,50325652,1,46,25.0,-0.6523,other_active,33.791666666666664,132.775,33.8,132.7875,33.795833333333334,132.78125
2026-05,2025-06,50325662,1,47,23.33,-0.6523,other_active,33.8,132.775,33.80833333333333,132.7875,33.80416666666666,132.78125
2026-05,2025-06,50325663,1,48,21.67,-0.6523,other_active,33.8,132.7875,33.80833333333333,132.79999999999998,33.80416666666666,132.79375
2026-05,2025-06,50326538,1,49,20.0,-0.6523,other_active,33.858333333333334,132.725,33.86666666666667,132.73749999999998,33.8625,132.73125
2026-05,2025-06,50326546,1,50,18.33,-0.6523,other_active,33.86666666666667,132.7,33.875,132.71249999999998,33.87083333333334,132.70624999999998
2026-05,2025-06,50326547,1,51,16.67,-0.6523,other_active,33.86666666666667,132.7125,33.875,132.725,33.87083333333334,132.71875
2026-05,2025-06,50326578,1,52,15.0,-0.6523,other_active,33.891666666666666,132.725,33.9,132.73749999999998,33.89583333333333,132.73125
2026-05,2025-06,50326600,1,53,13.33,-0.6523,other_active,33.833333333333336,132.75,33.84166666666667,132.7625,33.837500000000006,132.75625
2026-05,2025-06,50326621,1,54,11.67,-0.6523,other_active,33.85,132.7625,33.858333333333334,132.77499999999998,33.85416666666667,132.76874999999998
2026-05,2025-06,50327448,1,55,10.0,-0.6523,other_active,33.95,132.6,33.958333333333336,132.61249999999998,33.954166666666666,132.60625
2026-05,2025-06,50327540,1,56,8.33,-0.6523,other_active,33.95,132.625,33.958333333333336,132.6375,33.954166666666666,132.63125
2026-05,2025-06,50327560,1,57,6.67,-0.6523,other_active,33.96666666666667,132.625,33.975,132.6375,33.97083333333333,132.63125
2026-05,2025-06,50327570,1,58,5.0,-0.6523,other_active,33.975,132.625,33.983333333333334,132.6375,33.97916666666667,132.63125
2026-05,2025-06,50327661,1,59,3.33,-0.6523,other_active,33.96666666666667,132.7625,33.975,132.77499999999998,33.97083333333333,132.76874999999998
2026-05,2025-06,50327662,1,60,1.67,-0.6523,other_active,33.96666666666667,132.775,33.975,132.7875,33.97083333333333,132.78125
2026-06,2025-07,50326622,37,1,100.0,5.8112,top_5pct_active,33.85,132.775,33.858333333333334,132.7875,33.85416666666667,132.78125
2026-06,2025-07,50326537,17,2,98.28,2.2294,top_5pct_active,33.858333333333334,132.7125,33.86666666666667,132.725,33.8625,132.71875
2026-06,2025-07,50325681,14,3,96.55,1.6921,top_5pct_active,33.81666666666667,132.7625,33.825,132.77499999999998,33.82083333333334,132.76874999999998
2026-06,2025-07,50325579,12,4,94.83,1.3339,top_20pct_active,33.80833333333333,132.7375,33.81666666666666,132.75,33.8125,132.74375
2026-06,2025-07,50325693,11,5,93.1,1.1548,top_20pct_active,33.825,132.7875,33.833333333333336,132.79999999999998,33.829166666666666,132.79375
2026-06,2025-07,50326610,11,6,91.38,1.1548,top_20pct_active,33.84166666666667,132.75,33.85,132.7625,33.84583333333333,132.75625
2026-06,2025-07,50325682,9,7,89.66,0.7966,top_20pct_active,33.81666666666667,132.775,33.825,132.7875,33.82083333333334,132.78125
2026-06,2025-07,50325680,8,8,87.93,0.6176,top_20pct_active,33.81666666666667,132.75,33.825,132.7625,33.82083333333334,132.75625
2026-06,2025-07,50326602,8,9,86.21,0.6176,top_20pct_active,33.833333333333336,132.775,33.84166666666667,132.7875,33.837500000000006,132.78125
2026-06,2025-07,50325599,7,10,84.48,0.4385,top_20pct_active,33.825,132.7375,33.833333333333336,132.75,33.829166666666666,132.74375
2026-06,2025-07,50325671,7,11,82.76,0.4385,top_20pct_active,33.80833333333333,132.7625,33.81666666666666,132.77499999999998,33.8125,132.76874999999998
2026-06,2025-07,50326630,7,12,81.03,0.4385,top_20pct_active,33.858333333333334,132.75,33.86666666666667,132.7625,33.8625,132.75625
2026-06,2025-07,50325690,6,13,79.31,0.2594,other_active,33.825,132.75,33.833333333333336,132.7625,33.829166666666666,132.75625
2026-06,2025-07,50325691,6,14,77.59,0.2594,other_active,33.825,132.7625,33.833333333333336,132.77499999999998,33.829166666666666,132.76874999999998
2026-06,2025-07,50325692,6,15,75.86,0.2594,other_active,33.825,132.775,33.833333333333336,132.7875,33.829166666666666,132.78125
2026-06,2025-07,50325597,5,16,74.14,0.0803,other_active,33.825,132.7125,33.833333333333336,132.725,33.829166666666666,132.71875
2026-06,2025-07,50325598,5,17,72.41,0.0803,other_active,33.825,132.725,33.833333333333336,132.73749999999998,33.829166666666666,132.73125
2026-06,2025-07,50325670,5,18,70.69,0.0803,other_active,33.80833333333333,132.75,33.81666666666666,132.7625,33.8125,132.75625
2026-06,2025-07,50326613,5,19,68.97,0.0803,other_active,33.84166666666667,132.7875,33.85,132.79999999999998,33.84583333333333,132.79375
2026-06,2025-07,50326623,5,20,67.24,0.0803,other_active,33.85,132.7875,33.858333333333334,132.79999999999998,33.85416666666667,132.79375
2026-06,2025-07,50325672,4,21,65.52,-0.0988,other_active,33.80833333333333,132.775,33.81666666666666,132.7875,33.8125,132.78125
2026-06,2025-07,50325673,4,22,63.79,-0.0988,other_active,33.80833333333333,132.7875,33.81666666666666,132.79999999999998,33.8125,132.79375
2026-06,2025-07,50326527,4,23,62.07,-0.0988,other_active,33.85,132.7125,33.858333333333334,132.725,33.85416666666667,132.71875
2026-06,2025-07,50326603,4,24,60.34,-0.0988,other_active,33.833333333333336,132.7875,33.84166666666667,132.79999999999998,33.837500000000006,132.79375
2026-06,2025-07,50325578,3,25,58.62,-0.2779,other_active,33.80833333333333,132.725,33.81666666666666,132.73749999999998,33.8125,132.73125
2026-06,2025-07,50325674,3,26,56.9,-0.2779,other_active,33.80833333333333,132.8,33.81666666666666,132.8125,33.8125,132.80625
2026-06,2025-07,50325675,3,27,55.17,-0.2779,other_active,33.80833333333333,132.8125,33.81666666666666,132.825,33.8125,132.81875
2026-06,2025-07,50326529,3,28,53.45,-0.2779,other_active,33.85,132.7375,33.858333333333334,132.75,33.85416666666667,132.74375
2026-06,2025-07,50326588,3,29,51.72,-0.2779,other_active,33.900000000000006,132.725,33.90833333333334,132.73749999999998,33.90416666666667,132.73125
2026-06,2025-07,50326612,3,30,50.0,-0.2779,other_active,33.84166666666667,132.775,33.85,132.7875,33.84583333333333,132.78125
2026-06,2025-07,50326620,3,31,48.28,-0.2779,other_active,33.85,132.75,33.858333333333334,132.7625,33.85416666666667,132.75625
2026-06,2025-07,50325589,2,32,46.55,-0.457,other_active,33.81666666666667,132.7375,33.825,132.75,33.82083333333334,132.74375
2026-06,2025-07,50326509,2,33,44.83,-0.457,other_active,33.833333333333336,132.7375,33.84166666666667,132.75,33.837500000000006,132.74375
2026-06,2025-07,50326528,2,34,43.1,-0.457,other_active,33.85,132.725,33.858333333333334,132.73749999999998,33.85416666666667,132.73125
2026-06,2025-07,50326640,2,35,41.38,-0.457,other_active,33.86666666666667,132.75,33.875,132.7625,33.87083333333334,132.75625
2026-06,2025-07,50327631,2,36,39.66,-0.457,other_active,33.94166666666667,132.7625,33.95,132.77499999999998,33.94583333333334,132.76874999999998
2026-06,2025-07,50327642,2,37,37.93,-0.457,other_active,33.95,132.775,33.958333333333336,132.7875,33.954166666666666,132.78125
2026-06,2025-07,50327651,2,38,36.21,-0.457,other_active,33.958333333333336,132.7625,33.96666666666667,132.77499999999998,33.962500000000006,132.76874999999998
2026-06,2025-07,50327652,2,39,34.48,-0.457,other_active,33.958333333333336,132.775,33.96666666666667,132.7875,33.962500000000006,132.78125
2026-06,2025-07,50327661,2,40,32.76,-0.457,other_active,33.96666666666667,132.7625,33.975,132.77499999999998,33.97083333333333,132.76874999999998
2026-06,2025-07,50325585,1,41,31.03,-0.6361,other_active,33.81666666666667,132.6875,33.825,132.7,33.82083333333334,132.69375
2026-06,2025-07,50325587,1,42,29.31,-0.6361,other_active,33.81666666666667,132.7125,33.825,132.725,33.82083333333334,132.71875
2026-06,2025-07,50325596,1,43,27.59,-0.6361,other_active,33.825,132.7,33.833333333333336,132.71249999999998,33.829166666666666,132.70624999999998
2026-06,2025-07,50325652,1,44,25.86,-0.6361,other_active,33.791666666666664,132.775,33.8,132.7875,33.795833333333334,132.78125
2026-06,2025-07,50325661,1,45,24.14,-0.6361,other_active,33.8,132.7625,33.80833333333333,132.77499999999998,33.80416666666666,132.76874999999998
2026-06,2025-07,50325663,1,46,22.41,-0.6361,other_active,33.8,132.7875,33.80833333333333,132.79999999999998,33.80416666666666,132.79375
2026-06,2025-07,50326538,1,47,20.69,-0.6361,other_active,33.858333333333334,132.725,33.86666666666667,132.73749999999998,33.8625,132.73125
2026-06,2025-07,50326546,1,48,18.97,-0.6361,other_active,33.86666666666667,132.7,33.875,132.71249999999998,33.87083333333334,132.70624999999998
2026-06,2025-07,50326547,1,49,17.24,-0.6361,other_active,33.86666666666667,132.7125,33.875,132.725,33.87083333333334,132.71875
2026-06,2025-07,50326578,1,50,15.52,-0.6361,other_active,33.891666666666666,132.725,33.9,132.73749999999998,33.89583333333333,132.73125
2026-06,2025-07,50326600,1,51,13.79,-0.6361,other_active,33.833333333333336,132.75,33.84166666666667,132.7625,33.837500000000006,132.75625
2026-06,2025-07,50326621,1,52,12.07,-0.6361,other_active,33.85,132.7625,33.858333333333334,132.77499999999998,33.85416666666667,132.76874999999998
2026-06,2025-07,50327448,1,53,10.34,-0.6361,other_active,33.95,132.6,33.958333333333336,132.61249999999998,33.954166666666666,132.60625
2026-06,2025-07,50327540,1,54,8.62,-0.6361,other_active,33.95,132.625,33.958333333333336,132.6375,33.954166666666666,132.63125
2026-06,2025-07,50327560,1,55,6.9,-0.6361,other_active,33.96666666666667,132.625,33.975,132.6375,33.97083333333333,132.63125
2026-06,2025-07,50327570,1,56,5.17,-0.6361,other_active,33.975,132.625,33.983333333333334,132.6375,33.97916666666667,132.63125
2026-06,2025-07,50327662,1,57,3.45,-0.6361,other_active,33.96666666666667,132.775,33.975,132.7875,33.97083333333333,132.78125
2026-06,2025-07,50327671,1,58,1.72,-0.6361,other_active,33.975,132.7625,33.983333333333334,132.77499999999998,33.97916666666667,132.76874999999998
2026-07,2025-08,50326622,39,1,100.0,5.8155,top_5pct_active,33.85,132.775,33.858333333333334,132.7875,33.85416666666667,132.78125
2026-07,2025-08,50326537,18,2,98.25,2.2493,top_5pct_active,33.858333333333334,132.7125,33.86666666666667,132.725,33.8625,132.71875
2026-07,2025-08,50325681,14,3,96.49,1.5701,top_5pct_active,33.81666666666667,132.7625,33.825,132.77499999999998,33.82083333333334,132.76874999999998
2026-07,2025-08,50325579,13,4,94.74,1.4002,top_20pct_active,33.80833333333333,132.7375,33.81666666666666,132.75,33.8125,132.74375
2026-07,2025-08,50325693,11,5,92.98,1.0606,top_20pct_active,33.825,132.7875,33.833333333333336,132.79999999999998,33.829166666666666,132.79375
2026-07,2025-08,50326610,11,6,91.23,1.0606,top_20pct_active,33.84166666666667,132.75,33.85,132.7625,33.84583333333333,132.75625
2026-07,2025-08,50325682,9,7,89.47,0.721,top_20pct_active,33.81666666666667,132.775,33.825,132.7875,33.82083333333334,132.78125
2026-07,2025-08,50326602,9,8,87.72,0.721,top_20pct_active,33.833333333333336,132.775,33.84166666666667,132.7875,33.837500000000006,132.78125
2026-07,2025-08,50325671,8,9,85.96,0.5512,top_20pct_active,33.80833333333333,132.7625,33.81666666666666,132.77499999999998,33.8125,132.76874999999998
2026-07,2025-08,50325680,7,10,84.21,0.3813,top_20pct_active,33.81666666666667,132.75,33.825,132.7625,33.82083333333334,132.75625
2026-07,2025-08,50326630,7,11,82.46,0.3813,top_20pct_active,33.858333333333334,132.75,33.86666666666667,132.7625,33.8625,132.75625
2026-07,2025-08,50325597,6,12,80.7,0.2115,top_20pct_active,33.825,132.7125,33.833333333333336,132.725,33.829166666666666,132.71875
2026-07,2025-08,50325599,6,13,78.95,0.2115,other_active,33.825,132.7375,33.833333333333336,132.75,33.829166666666666,132.74375
2026-07,2025-08,50325670,6,14,77.19,0.2115,other_active,33.80833333333333,132.75,33.81666666666666,132.7625,33.8125,132.75625
2026-07,2025-08,50325690,6,15,75.44,0.2115,other_active,33.825,132.75,33.833333333333336,132.7625,33.829166666666666,132.75625
2026-07,2025-08,50325692,6,16,73.68,0.2115,other_active,33.825,132.775,33.833333333333336,132.7875,33.829166666666666,132.78125
2026-07,2025-08,50326613,6,17,71.93,0.2115,other_active,33.84166666666667,132.7875,33.85,132.79999999999998,33.84583333333333,132.79375
2026-07,2025-08,50325598,5,18,70.18,0.0417,other_active,33.825,132.725,33.833333333333336,132.73749999999998,33.829166666666666,132.73125
2026-07,2025-08,50325672,5,19,68.42,0.0417,other_active,33.80833333333333,132.775,33.81666666666666,132.7875,33.8125,132.78125
2026-07,2025-08,50325691,5,20,66.67,0.0417,other_active,33.825,132.7625,33.833333333333336,132.77499999999998,33.829166666666666,132.76874999999998
2026-07,2025-08,50326603,5,21,64.91,0.0417,other_active,33.833333333333336,132.7875,33.84166666666667,132.79999999999998,33.837500000000006,132.79375
2026-07,2025-08,50326623,5,22,63.16,0.0417,other_active,33.85,132.7875,33.858333333333334,132.79999999999998,33.85416666666667,132.79375
2026-07,2025-08,50325673,4,23,61.4,-0.1281,other_active,33.80833333333333,132.7875,33.81666666666666,132.79999999999998,33.8125,132.79375
2026-07,2025-08,50326527,4,24,59.65,-0.1281,other_active,33.85,132.7125,33.858333333333334,132.725,33.85416666666667,132.71875
2026-07,2025-08,50325578,3,25,57.89,-0.2979,other_active,33.80833333333333,132.725,33.81666666666666,132.73749999999998,33.8125,132.73125
2026-07,2025-08,50325674,3,26,56.14,-0.2979,other_active,33.80833333333333,132.8,33.81666666666666,132.8125,33.8125,132.80625
2026-07,2025-08,50325675,3,27,54.39,-0.2979,other_active,33.80833333333333,132.8125,33.81666666666666,132.825,33.8125,132.81875
2026-07,2025-08,50326529,3,28,52.63,-0.2979,other_active,33.85,132.7375,33.858333333333334,132.75,33.85416666666667,132.74375
2026-07,2025-08,50326612,3,29,50.88,-0.2979,other_active,33.84166666666667,132.775,33.85,132.7875,33.84583333333333,132.78125
2026-07,2025-08,50326620,3,30,49.12,-0.2979,other_active,33.85,132.75,33.858333333333334,132.7625,33.85416666666667,132.75625
2026-07,2025-08,50326640,3,31,47.37,-0.2979,other_active,33.86666666666667,132.75,33.875,132.7625,33.87083333333334,132.75625
2026-07,2025-08,50325589,2,32,45.61,-0.4677,other_active,33.81666666666667,132.7375,33.825,132.75,33.82083333333334,132.74375
2026-07,2025-08,50326509,2,33,43.86,-0.4677,other_active,33.833333333333336,132.7375,33.84166666666667,132.75,33.837500000000006,132.74375
2026-07,2025-08,50326528,2,34,42.11,-0.4677,other_active,33.85,132.725,33.858333333333334,132.73749999999998,33.85416666666667,132.73125
2026-07,2025-08,50326588,2,35,40.35,-0.4677,other_active,33.900000000000006,132.725,33.90833333333334,132.73749999999998,33.90416666666667,132.73125
2026-07,2025-08,50327631,2,36,38.6,-0.4677,other_active,33.94166666666667,132.7625,33.95,132.77499999999998,33.94583333333334,132.76874999999998
2026-07,2025-08,50327642,2,37,36.84,-0.4677,other_active,33.95,132.775,33.958333333333336,132.7875,33.954166666666666,132.78125
2026-07,2025-08,50327651,2,38,35.09,-0.4677,other_active,33.958333333333336,132.7625,33.96666666666667,132.77499999999998,33.962500000000006,132.76874999999998
2026-07,2025-08,50327652,2,39,33.33,-0.4677,other_active,33.958333333333336,132.775,33.96666666666667,132.7875,33.962500000000006,132.78125
2026-07,2025-08,50327661,2,40,31.58,-0.4677,other_active,33.96666666666667,132.7625,33.975,132.77499999999998,33.97083333333333,132.76874999999998
2026-07,2025-08,50325585,1,41,29.82,-0.6376,other_active,33.81666666666667,132.6875,33.825,132.7,33.82083333333334,132.69375
2026-07,2025-08,50325587,1,42,28.07,-0.6376,other_active,33.81666666666667,132.7125,33.825,132.725,33.82083333333334,132.71875
2026-07,2025-08,50325596,1,43,26.32,-0.6376,other_active,33.825,132.7,33.833333333333336,132.71249999999998,33.829166666666666,132.70624999999998
2026-07,2025-08,50325652,1,44,24.56,-0.6376,other_active,33.791666666666664,132.775,33.8,132.7875,33.795833333333334,132.78125
2026-07,2025-08,50325661,1,45,22.81,-0.6376,other_active,33.8,132.7625,33.80833333333333,132.77499999999998,33.80416666666666,132.76874999999998
2026-07,2025-08,50325663,1,46,21.05,-0.6376,other_active,33.8,132.7875,33.80833333333333,132.79999999999998,33.80416666666666,132.79375
2026-07,2025-08,50326538,1,47,19.3,-0.6376,other_active,33.858333333333334,132.725,33.86666666666667,132.73749999999998,33.8625,132.73125
2026-07,2025-08,50326546,1,48,17.54,-0.6376,other_active,33.86666666666667,132.7,33.875,132.71249999999998,33.87083333333334,132.70624999999998
2026-07,2025-08,50326569,1,49,15.79,-0.6376,other_active,33.88333333333333,132.7375,33.891666666666666,132.75,33.8875,132.74375
2026-07,2025-08,50326578,1,50,14.04,-0.6376,other_active,33.891666666666666,132.725,33.9,132.73749999999998,33.89583333333333,132.73125
2026-07,2025-08,50326621,1,51,12.28,-0.6376,other_active,33.85,132.7625,33.858333333333334,132.77499999999998,33.85416666666667,132.76874999999998
2026-07,2025-08,50327540,1,52,10.53,-0.6376,other_active,33.95,132.625,33.958333333333336,132.6375,33.954166666666666,132.63125
2026-07,2025-08,50327560,1,53,8.77,-0.6376,other_active,33.96666666666667,132.625,33.975,132.6375,33.97083333333333,132.63125
2026-07,2025-08,50327570,1,54,7.02,-0.6376,other_active,33.975,132.625,33.983333333333334,132.6375,33.97916666666667,132.63125
2026-07,2025-08,50327621,1,55,5.26,-0.6376,other_active,33.93333333333334,132.7625,33.94166666666667,132.77499999999998,33.9375,132.76874999999998
2026-07,2025-08,50327662,1,56,3.51,-0.6376,other_active,33.96666666666667,132.775,33.975,132.7875,33.97083333333333,132.78125
2026-07,2025-08,50327671,1,57,1.75,-0.6376,other_active,33.975,132.7625,33.983333333333334,132.77499999999998,33.97916666666667,132.76874999999998
