month,evidence_tier,mesh_1km,locality_label,mesh_center_lat,mesh_center_lon,count,share_of_strict_month,rank_in_month,prev_month_count,delta_vs_prev,prev3_total,next3_active_months,next3_total,emerged_after_quiet_prev3,persistent_emergence,surge_vs_prev,visual_target_score
2026-02,exact_monthly,50326622,道後湯之町 / 道後緑台 / 祝谷町一丁目,33.85416666666667,132.78125,14,0.2916666666666667,1,0,14,9,3,6,False,False,True,59.0
2024-09,exact_monthly,50326622,道後湯之町 / 道後鷺谷町 / 道後多幸町,33.85416666666667,132.78125,15,0.2830188679245283,1,1,14,7,1,8,False,False,True,57.0
2024-12,exact_monthly,50326622,道後湯之町 / 祝谷町一丁目 / 道後鷺谷町,33.85416666666667,132.78125,8,0.21052631578947367,1,0,8,15,3,10,False,False,True,38.0
2023-11,retrospective_partial,50326622,道後湯之町 / 道後多幸町 / 道後湯月町,33.85416666666667,132.78125,8,0.20512820512820512,1,0,8,7,2,8,False,False,True,36.0
2025-08,exact_monthly,50326537,祓川二丁目 / 三津一丁目 / 三津二丁目,33.8625,132.71875,5,0.14285714285714285,1,0,5,1,3,5,True,True,True,35.5
2021-06,retrospective_partial,50326622,道後湯之町,33.85416666666667,132.78125,5,0.08333333333333333,2,0,5,0,2,10,True,True,True,33.5
2026-03,exact_monthly,50325579,余戸東一丁目 / 保免西三丁目 / 余戸南一丁目,33.8125,132.74375,5,0.11363636363636363,1,0,5,0,2,4,True,True,True,33.5
2024-09,exact_monthly,50325672,東石井四丁目 / 東石井三丁目 / 東石井六丁目,33.8125,132.78125,4,0.07547169811320754,3,0,4,0,3,3,True,True,True,32.0
2022-11,retrospective_partial,50325681,朝生田町五丁目 / 立花三丁目 / 和泉南一丁目,33.82083333333334,132.76874999999998,6,0.17142857142857143,1,0,6,3,3,5,False,False,True,31.0
2021-06,retrospective_partial,50325692,中村三丁目 / 小坂三丁目 / 小坂五丁目,33.829166666666666,132.78125,4,0.06666666666666667,3,0,4,0,2,4,True,True,True,30.0
2021-06,retrospective_partial,50325682,天山一丁目,33.82083333333334,132.78125,7,0.11666666666666667,1,0,7,0,0,0,True,False,True,28.5
2024-02,retrospective_partial,50326622,道後喜多町 / 道後北代 / 道後多幸町,33.85416666666667,132.78125,6,0.125,1,2,4,10,3,10,False,False,True,28.0
2025-02,exact_monthly,50326622,道後湯之町 / 道後喜多町 / 道後湯月町,33.85416666666667,132.78125,6,0.17647058823529413,1,2,4,10,3,9,False,False,True,28.0
2025-11,exact_monthly,50326622,道後湯之町 / 道後鷺谷町 / 道後喜多町,33.85416666666667,132.78125,6,0.25,1,2,4,7,2,17,False,False,True,26.0
2021-12,retrospective_partial,50326622,道後湯之町 / 道後北代 / 道後喜多町,33.85416666666667,132.78125,5,0.11627906976744186,1,0,5,8,2,8,False,False,True,25.5
2023-11,retrospective_partial,50326537,三津二丁目 / 須賀町 / 住吉一丁目,33.8625,132.71875,5,0.1282051282051282,2,0,5,2,2,6,False,False,True,25.5
2025-05,exact_monthly,50325597,南吉田町,33.829166666666666,132.71875,3,0.075,2,0,3,0,3,4,True,True,False,24.5
2025-05,exact_monthly,50326622,道後湯之町 / 道後緑台 / 道後鷺谷町,33.85416666666667,132.78125,5,0.125,1,2,3,10,3,5,False,False,True,24.5
2022-03,retrospective_partial,50326622,道後湯之町 / 道後鷺谷町 / 道後喜多町,33.85416666666667,132.78125,6,0.20689655172413793,1,2,4,7,1,3,False,False,True,24.0
2024-03,retrospective_partial,50326603,樽味四丁目 / 正円寺一丁目 / 桑原二丁目,33.837500000000006,132.79375,5,0.12195121951219512,1,0,5,1,1,1,True,False,True,23.5
2021-06,retrospective_partial,50325670,古川北二丁目 / 古川北四丁目,33.8125,132.75625,3,0.05,4,0,3,0,2,2,True,True,False,22.5
2021-06,retrospective_partial,50326537,住吉一丁目 / 三津三丁目 / 住吉二丁目,33.8625,132.71875,3,0.05,6,0,3,0,2,4,True,True,False,22.5
2021-12,retrospective_partial,50325673,来住町 / 北久米町,33.8125,132.79375,3,0.06976744186046512,4,0,3,1,2,2,True,True,False,22.5
2021-12,retrospective_partial,50325692,中村三丁目 / 小坂三丁目 / 小坂二丁目,33.829166666666666,132.78125,4,0.09302325581395349,2,1,3,2,3,3,False,False,True,22.5
2022-08,retrospective_partial,50326537,祓川一丁目 / 住吉二丁目 / 住吉一丁目,33.8625,132.71875,4,0.15384615384615385,1,1,3,2,3,6,False,False,True,22.5
2022-12,retrospective_partial,50325692,枝松五丁目 / 小坂四丁目 / 小坂五丁目,33.829166666666666,132.78125,5,0.10869565217391304,1,2,3,4,2,2,False,False,True,22.5
2023-02,retrospective_partial,50326537,住吉二丁目,33.8625,132.71875,4,0.15384615384615385,1,1,3,7,3,8,False,False,True,22.5
2023-05,retrospective_partial,50326537,住吉一丁目 / 三杉町 / 神田町,33.8625,132.71875,4,0.13333333333333333,1,1,3,8,3,5,False,False,True,22.5
2023-05,retrospective_partial,50326622,道後鷺谷町 / 道後湯之町,33.85416666666667,132.78125,4,0.13333333333333333,2,1,3,5,3,8,False,False,True,22.5
2021-08,retrospective_partial,50326622,道後湯之町 / 道後喜多町,33.85416666666667,132.78125,4,0.12903225806451613,2,0,4,5,2,8,False,False,True,22.0
2024-02,retrospective_partial,50325681,朝生田町六丁目,33.82083333333334,132.76874999999998,3,0.0625,4,1,2,1,2,4,True,True,False,21.0
2021-08,retrospective_partial,50326602,此花町 / 小坂二丁目 / 紅葉町,33.837500000000006,132.78125,4,0.12903225806451613,1,1,3,2,2,4,False,False,True,20.5
2023-08,retrospective_partial,50326602,築山町 / 枝松一丁目 / 樽味四丁目,33.837500000000006,132.78125,4,0.15384615384615385,1,1,3,4,2,2,False,False,True,20.5
2022-06,retrospective_partial,50325692,小坂二丁目 / 枝松六丁目 / 枝松五丁目,33.829166666666666,132.78125,4,0.11764705882352941,1,0,4,2,1,2,False,False,True,20.0
2022-09,retrospective_partial,50326640,鴨川一丁目 / 東長戸四丁目 / 吉藤二丁目,33.87083333333334,132.75625,4,0.14285714285714285,1,0,4,2,1,2,False,False,True,20.0
2024-03,retrospective_partial,50325599,空港通一丁目 / 空港通二丁目 / 竹原四丁目,33.829166666666666,132.74375,4,0.0975609756097561,3,0,4,0,1,1,True,False,True,20.0
2024-03,retrospective_partial,50325693,桑原四丁目 / 束本一丁目 / 畑寺三丁目,33.829166666666666,132.79375,4,0.0975609756097561,4,0,4,1,1,1,True,False,True,20.0
2024-05,retrospective_partial,50325690,竹原二丁目 / 藤原一丁目 / 藤原二丁目,33.829166666666666,132.75625,4,0.12121212121212122,1,0,4,1,1,1,True,False,True,20.0
2021-09,retrospective_partial,50326622,道後湯之町 / 道後多幸町 / 道後緑台,33.85416666666667,132.78125,6,0.1935483870967742,1,4,2,9,2,7,False,False,False,19.0
2022-12,retrospective_partial,50326602,湯渡町 / 中村一丁目 / 紅葉町,33.837500000000006,132.78125,4,0.08695652173913043,3,1,3,3,1,1,False,False,True,18.5
2024-02,retrospective_partial,50325692,枝松五丁目 / 小坂三丁目 / 枝松四丁目,33.829166666666666,132.78125,4,0.08333333333333333,2,1,3,1,1,1,True,False,True,18.5
2026-07,exact_monthly,50325597,南吉田町 / 高岡町,33.829166666666666,132.71875,3,0.13636363636363635,1,0,3,0,0,0,True,True,False,18.5
2024-09,exact_monthly,50325670,古川北二丁目 / 古川西一丁目 / 古川北一丁目,33.8125,132.75625,4,0.07547169811320754,2,0,4,3,0,0,False,False,True,18.0
2025-06,exact_monthly,50325671,居相四丁目 / 居相五丁目 / 古川北四丁目,33.8125,132.76874999999998,4,0.12121212121212122,1,0,4,3,0,0,False,False,True,18.0
2021-11,retrospective_partial,50326537,住吉二丁目 / 元町,33.8625,132.71875,4,0.14814814814814814,1,2,2,3,3,7,False,False,False,17.0
2022-12,retrospective_partial,50326537,三杉町 / 住吉一丁目 / 住吉二丁目,33.8625,132.71875,4,0.08695652173913043,2,2,2,6,3,8,False,False,False,17.0
2024-06,retrospective_partial,50326622,道後湯之町 / 道後多幸町 / 道後喜多町,33.85416666666667,132.78125,4,0.09302325581395349,1,2,2,10,3,18,False,False,False,17.0
2022-06,retrospective_partial,50326622,道後湯之町 / 道後北代,33.85416666666667,132.78125,3,0.08823529411764706,4,0,3,6,3,6,False,False,False,16.5
2022-11,retrospective_partial,50325670,古川西二丁目 / 古川西一丁目,33.8125,132.75625,3,0.08571428571428572,2,0,3,2,3,5,False,False,False,16.5
2023-02,retrospective_partial,50326622,道後湯月町 / 道後多幸町,33.85416666666667,132.78125,3,0.11538461538461539,2,0,3,4,3,6,False,False,False,16.5
2024-11,exact_monthly,50325599,空港通二丁目 / 竹原三丁目,33.829166666666666,132.74375,4,0.1,1,1,3,2,0,0,False,False,True,16.5
2024-03,retrospective_partial,50326622,道後湯之町 / 道後鷺谷町 / 道後多幸町,33.85416666666667,132.78125,5,0.12195121951219512,2,6,-1,8,3,9,False,False,False,16.0
2022-09,retrospective_partial,50326622,道後湯之町 / 祝谷三丁目,33.85416666666667,132.78125,3,0.10714285714285714,2,1,2,6,3,6,False,False,False,15.0
2024-12,exact_monthly,50325671,西石井六丁目 / 西石井一丁目 / 古川北三丁目,33.8125,132.76874999999998,4,0.10526315789473684,2,2,2,2,2,4,False,False,False,15.0
2025-08,exact_monthly,50326622,道後喜多町 / 道後湯月町 / 道後樋又,33.85416666666667,132.78125,3,0.08571428571428572,3,1,2,7,3,10,False,False,False,15.0
2025-12,exact_monthly,50325681,朝生田町一丁目 / 朝生田町六丁目,33.82083333333334,132.76874999999998,4,0.15384615384615385,1,2,2,3,2,3,False,False,False,15.0
2022-03,retrospective_partial,50326613,石手二丁目 / 東野二丁目,33.84583333333333,132.79375,3,0.10344827586206896,2,0,3,2,2,3,False,False,False,14.5
2022-08,retrospective_partial,50325682,天山三丁目 / 天山一丁目 / 東石井五丁目,33.82083333333334,132.78125,3,0.11538461538461539,2,0,3,3,2,2,False,False,False,14.5
2025-02,exact_monthly,50326537,三津三丁目 / 祓川二丁目 / 古三津一丁目,33.8625,132.71875,3,0.08823529411764706,2,0,3,2,2,2,False,False,False,14.5
2025-12,exact_monthly,50325682,天山三丁目 / 東石井五丁目 / 天山二丁目,33.82083333333334,132.78125,3,0.11538461538461539,2,0,3,2,2,2,False,False,False,14.5
2024-05,retrospective_partial,50326630,姫原一丁目 / 姫原二丁目 / 山越二丁目,33.8625,132.75625,3,0.09090909090909091,2,2,1,2,3,5,False,False,False,13.5
2021-08,retrospective_partial,50325692,小坂二丁目 / 小坂五丁目 / 束本二丁目,33.829166666666666,132.78125,3,0.0967741935483871,3,1,2,5,2,2,False,False,False,13.0
2021-10,retrospective_partial,50326537,住吉二丁目 / 三津三丁目,33.8625,132.71875,2,0.14285714285714285,1,0,2,4,3,8,False,False,False,13.0
2021-11,retrospective_partial,50326602,此花町 / 新立町,33.837500000000006,132.78125,2,0.07407407407407407,3,0,2,6,3,4,False,False,False,13.0
2023-05,retrospective_partial,50326602,紅葉町 / 此花町,33.837500000000006,132.78125,2,0.06666666666666667,6,0,2,1,3,6,False,False,False,13.0
2024-01,retrospective_partial,50326622,道後湯之町 / 祝谷五丁目,33.85416666666667,132.78125,2,0.25,1,0,2,8,3,14,False,False,False,13.0
2024-04,retrospective_partial,50326630,姫原三丁目 / 問屋町,33.8625,132.75625,2,0.15384615384615385,3,0,2,0,3,6,False,False,False,13.0
2024-05,retrospective_partial,50325671,古川北三丁目,33.8125,132.76874999999998,2,0.06060606060606061,3,0,2,1,3,3,False,False,False,13.0
2024-09,exact_monthly,50326537,中須賀三丁目 / 三津三丁目 / 三津二丁目,33.8625,132.71875,3,0.05660377358490566,6,1,2,2,2,4,False,False,False,13.0
2025-06,exact_monthly,50325680,土居田町 / 和泉南二丁目,33.82083333333334,132.75625,2,0.06060606060606061,5,0,2,3,3,5,False,False,False,13.0
2025-06,exact_monthly,50325682,天山一丁目 / 星岡二丁目,33.82083333333334,132.78125,3,0.09090909090909091,2,1,2,2,2,3,False,False,False,13.0
2026-01,exact_monthly,50326537,住吉二丁目 / 住吉一丁目,33.8625,132.71875,2,0.4,1,0,2,3,3,5,False,False,False,13.0
2026-02,exact_monthly,50325681,朝生田町六丁目 / 朝生田町二丁目,33.82083333333334,132.76874999999998,2,0.041666666666666664,6,0,2,6,3,3,False,False,False,13.0
2021-06,retrospective_partial,50326640,鴨川一丁目 / 姫原二丁目,33.87083333333334,132.75625,3,0.05,7,0,3,0,1,2,True,False,False,12.5
2022-02,retrospective_partial,50325682,天山一丁目 / 天山三丁目 / 朝生田町一丁目,33.82083333333334,132.78125,3,0.07894736842105263,1,0,3,2,1,1,False,False,False,12.5
2022-02,retrospective_partial,50326603,樽味四丁目 / 桑原四丁目,33.837500000000006,132.79375,3,0.07894736842105263,3,0,3,1,1,1,True,False,False,12.5
2022-05,retrospective_partial,50326612,道後一万 / 岩崎町二丁目 / 持田町一丁目,33.84583333333333,132.78125,3,0.11538461538461539,1,0,3,3,1,1,False,False,False,12.5
2022-11,retrospective_partial,50326527,須賀町 / 古三津六丁目,33.85416666666667,132.71875,3,0.08571428571428572,3,0,3,0,1,1,True,False,False,12.5
2022-12,retrospective_partial,50325671,古川北四丁目 / 古川南一丁目 / 居相三丁目,33.8125,132.76874999999998,3,0.06521739130434782,4,0,3,1,1,2,True,False,False,12.5
2024-02,retrospective_partial,50326537,三津二丁目 / 三杉町 / 会津町,33.8625,132.71875,3,0.0625,6,0,3,8,1,1,False,False,False,12.5
2024-06,retrospective_partial,50325670,和泉南五丁目,33.8125,132.75625,3,0.06976744186046512,3,0,3,2,1,4,False,False,False,12.5
2024-06,retrospective_partial,50325682,朝生田町一丁目 / 星岡二丁目,33.82083333333334,132.78125,3,0.06976744186046512,4,0,3,1,1,1,True,False,False,12.5
2024-08,retrospective_partial,50326536,三津三丁目,33.8625,132.70624999999998,3,0.12,1,0,3,0,1,1,True,False,False,12.5
2024-09,exact_monthly,50325690,小栗三丁目 / 竹原二丁目,33.829166666666666,132.75625,3,0.05660377358490566,4,0,3,1,1,3,True,False,False,12.5
2024-09,exact_monthly,50325691,室町二丁目 / 立花六丁目 / 立花四丁目,33.829166666666666,132.76874999999998,3,0.05660377358490566,5,0,3,2,1,1,False,False,False,12.5
2024-11,exact_monthly,50325690,藤原二丁目,33.829166666666666,132.75625,3,0.075,2,0,3,3,1,1,False,False,False,12.5
2026-02,exact_monthly,50326630,山越二丁目 / 問屋町,33.8625,132.75625,3,0.0625,3,0,3,1,1,1,True,False,False,12.5
2022-12,retrospective_partial,50325681,中村五丁目 / 朝生田町一丁目 / 朝生田町五丁目,33.82083333333334,132.76874999999998,3,0.06521739130434782,5,6,-3,8,3,5,False,False,False,12.0
2023-03,retrospective_partial,50326537,住吉一丁目 / 中須賀三丁目 / 祓川二丁目,33.8625,132.71875,3,0.10344827586206896,3,4,-1,9,3,7,False,False,False,12.0
2024-04,retrospective_partial,50326622,道後湯之町 / 祝谷三丁目,33.85416666666667,132.78125,3,0.23076923076923078,1,5,-2,13,3,8,False,False,False,12.0
2022-02,retrospective_partial,50326537,梅田町 / 住吉二丁目 / 会津町,33.8625,132.71875,3,0.07894736842105263,2,2,1,8,2,4,False,False,False,11.5
2023-04,retrospective_partial,50325670,古川西一丁目 / 古川北一丁目,33.8125,132.75625,3,0.25,1,2,1,5,2,3,False,False,False,11.5
2023-07,retrospective_partial,50326622,道後湯之町 / 道後緑台,33.85416666666667,132.78125,3,0.16666666666666666,2,2,1,7,2,7,False,False,False,11.5
2023-09,retrospective_partial,50326622,道後湯之町 / 道後湯月町,33.85416666666667,132.78125,4,0.12903225806451613,1,3,1,8,1,8,False,False,False,11.5
2024-03,retrospective_partial,50326620,中央一丁目 / 美沢一丁目,33.85416666666667,132.75625,2,0.04878048780487805,8,1,1,3,3,4,False,False,False,11.5
2025-09,exact_monthly,50325693,松末二丁目 / 畑寺三丁目,33.829166666666666,132.79375,2,0.08695652173913043,4,1,1,2,3,3,False,False,False,11.5
2021-06,retrospective_partial,50325598,空港通七丁目 / 空港通六丁目,33.829166666666666,132.73125,2,0.03333333333333333,8,0,2,0,2,2,False,False,False,11.0
2021-06,retrospective_partial,50325691,祇園町 / 立花三丁目,33.829166666666666,132.76874999999998,2,0.03333333333333333,11,0,2,0,2,3,False,False,False,11.0
2021-06,retrospective_partial,50326630,姫原三丁目 / 山越四丁目,33.8625,132.75625,2,0.03333333333333333,16,0,2,0,2,3,False,False,False,11.0
2021-08,retrospective_partial,50325691,室町二丁目 / 立花一丁目,33.829166666666666,132.76874999999998,2,0.06451612903225806,6,0,2,2,2,2,False,False,False,11.0
2021-09,retrospective_partial,50326630,山越一丁目 / 姫原二丁目,33.8625,132.75625,2,0.06451612903225806,4,0,2,3,2,3,False,False,False,11.0
2021-12,retrospective_partial,50326620,六軒家町 / 中央一丁目,33.85416666666667,132.75625,2,0.046511627906976744,10,0,2,1,2,2,False,False,False,11.0
2022-05,retrospective_partial,50326613,道後姫塚,33.84583333333333,132.79375,2,0.07692307692307693,2,0,2,3,2,2,False,False,False,11.0
2022-05,retrospective_partial,50326640,東長戸一丁目 / 鴨川二丁目,33.87083333333334,132.75625,2,0.07692307692307693,3,0,2,2,2,2,False,False,False,11.0
2022-06,retrospective_partial,50326602,枝松一丁目 / 樽味四丁目,33.837500000000006,132.78125,2,0.058823529411764705,7,0,2,1,2,2,False,False,False,11.0
2022-09,retrospective_partial,50325692,中村三丁目 / 束本二丁目,33.829166666666666,132.78125,2,0.07142857142857142,4,0,2,4,2,7,False,False,False,11.0
2022-11,retrospective_partial,50325692,中村三丁目 / 小坂四丁目,33.829166666666666,132.78125,2,0.05714285714285714,5,0,2,2,2,6,False,False,False,11.0
2022-12,retrospective_partial,50325672,星岡三丁目 / 東石井六丁目,33.8125,132.78125,2,0.043478260869565216,9,0,2,0,2,4,False,False,False,11.0
2022-12,retrospective_partial,50325682,天山一丁目 / 小坂五丁目,33.82083333333334,132.78125,3,0.06521739130434782,6,1,2,2,1,1,False,False,False,11.0
2023-02,retrospective_partial,50325671,居相三丁目 / 和泉南二丁目,33.8125,132.76874999999998,2,0.07692307692307693,3,0,2,3,2,2,False,False,False,11.0
2023-02,retrospective_partial,50326610,宮西一丁目,33.84583333333333,132.75625,2,0.07692307692307693,4,0,2,0,2,2,False,False,False,11.0
2023-03,retrospective_partial,50325672,東石井五丁目 / 東石井三丁目 / 東石井四丁目,33.8125,132.78125,3,0.10344827586206896,1,1,2,3,1,1,False,False,False,11.0
2023-03,retrospective_partial,50325681,西石井一丁目 / 立花三丁目 / 朝生田町五丁目,33.82083333333334,132.76874999999998,3,0.10344827586206896,2,1,2,5,1,2,False,False,False,11.0
2023-03,retrospective_partial,50326519,美沢一丁目 / 辻町,33.84583333333333,132.74375,2,0.06896551724137931,6,0,2,0,2,3,False,False,False,11.0
2023-06,retrospective_partial,50325670,古川西二丁目 / 古川北一丁目,33.8125,132.75625,2,0.06451612903225806,2,0,2,5,2,2,False,False,False,11.0
2023-06,retrospective_partial,50325693,畑寺一丁目 / 桑原六丁目 / 束本二丁目,33.829166666666666,132.79375,3,0.0967741935483871,1,1,2,1,1,3,True,False,False,11.0
2023-06,retrospective_partial,50326603,樽味四丁目,33.837500000000006,132.79375,2,0.06451612903225806,5,0,2,0,2,2,False,False,False,11.0
2023-08,retrospective_partial,50326610,宮西一丁目,33.84583333333333,132.75625,2,0.07692307692307693,5,0,2,0,2,3,False,False,False,11.0
2023-08,retrospective_partial,50326620,山越一丁目 / 中央一丁目,33.85416666666667,132.75625,2,0.07692307692307693,6,0,2,0,2,2,False,False,False,11.0
2023-09,retrospective_partial,50325663,来住町 / 今在家三丁目,33.80416666666666,132.79375,2,0.06451612903225806,4,0,2,1,2,2,False,False,False,11.0
2024-06,retrospective_partial,50326527,古三津六丁目 / 祓川一丁目,33.85416666666667,132.71875,2,0.046511627906976744,9,0,2,0,2,2,False,False,False,11.0
2024-09,exact_monthly,50325681,朝生田町四丁目 / 朝生田町五丁目,33.82083333333334,132.76874999999998,2,0.03773584905660377,7,0,2,4,2,3,False,False,False,11.0
2024-11,exact_monthly,50325671,古川北三丁目 / 居相四丁目,33.8125,132.76874999999998,2,0.05,5,0,2,1,2,6,False,False,False,11.0
2024-11,exact_monthly,50325692,束本一丁目 / 中村三丁目,33.829166666666666,132.78125,3,0.075,3,1,2,2,1,3,False,False,False,11.0
2024-11,exact_monthly,50326602,樽味一丁目 / 紅葉町,33.837500000000006,132.78125,2,0.05,8,0,2,0,2,3,False,False,False,11.0
2024-12,exact_monthly,50326640,東長戸一丁目,33.87083333333334,132.75625,2,0.05263157894736842,6,0,2,2,2,2,False,False,False,11.0
2025-02,exact_monthly,50325671,古川北一丁目 / 古川南一丁目,33.8125,132.76874999999998,2,0.058823529411764705,3,0,2,6,2,3,False,False,False,11.0
2025-02,exact_monthly,50325673,来住町,33.8125,132.79375,2,0.058823529411764705,4,0,2,1,2,2,False,False,False,11.0
2025-02,exact_monthly,50325693,松末一丁目,33.829166666666666,132.79375,2,0.058823529411764705,5,0,2,0,2,2,False,False,False,11.0
2025-02,exact_monthly,50326509,竹原三丁目 / 南江戸四丁目,33.837500000000006,132.74375,2,0.058823529411764705,6,0,2,1,2,3,False,False,False,11.0
2025-03,exact_monthly,50325692,中村四丁目 / 束本二丁目,33.829166666666666,132.78125,2,0.07407407407407407,3,0,2,3,2,2,False,False,False,11.0
2025-03,exact_monthly,50326620,中央一丁目 / 山越六丁目,33.85416666666667,132.75625,2,0.07407407407407407,4,0,2,0,2,3,False,False,False,11.0
2025-05,exact_monthly,50325599,竹原四丁目 / 空港通一丁目,33.829166666666666,132.74375,2,0.05,5,0,2,0,2,3,False,False,False,11.0
2025-06,exact_monthly,50326602,束本一丁目 / 小坂一丁目,33.837500000000006,132.78125,2,0.06060606060606061,6,0,2,1,2,4,False,False,False,11.0
2025-08,exact_monthly,50326602,樽味四丁目 / 束本一丁目 / 湯渡町,33.837500000000006,132.78125,3,0.08571428571428572,2,1,2,3,1,2,False,False,False,11.0
2025-11,exact_monthly,50325681,朝生田町五丁目 / 朝生田町一丁目,33.82083333333334,132.76874999999998,2,0.08333333333333333,2,0,2,1,2,6,False,False,False,11.0
2025-11,exact_monthly,50326610,宮西一丁目,33.84583333333333,132.75625,2,0.08333333333333333,5,0,2,2,2,2,False,False,False,11.0
2025-12,exact_monthly,50325691,祇園町 / 立花二丁目,33.829166666666666,132.76874999999998,2,0.07692307692307693,4,0,2,1,2,2,False,False,False,11.0
2026-02,exact_monthly,50325671,西石井四丁目 / 居相三丁目,33.8125,132.76874999999998,2,0.041666666666666664,5,0,2,1,2,4,False,False,False,11.0
2026-02,exact_monthly,50326613,石手四丁目 / 東野二丁目,33.84583333333333,132.79375,2,0.041666666666666664,8,0,2,0,2,2,False,False,False,11.0
2026-03,exact_monthly,50326537,住吉二丁目 / 会津町,33.8625,132.71875,3,0.06818181818181818,4,1,2,3,1,1,False,False,False,11.0
2026-03,exact_monthly,50326610,宮西一丁目 / 宮西二丁目,33.84583333333333,132.75625,3,0.06818181818181818,5,1,2,2,1,2,False,False,False,11.0
2021-06,retrospective_partial,50325693,畑寺三丁目 / 桑原四丁目 / 松末一丁目,33.829166666666666,132.79375,3,0.05,5,0,3,0,0,0,True,False,False,10.5
2021-12,retrospective_partial,50325597,高岡町 / 南吉田町,33.829166666666666,132.71875,3,0.06976744186046512,3,0,3,0,0,0,True,False,False,10.5
2024-02,retrospective_partial,50325680,土居田町 / 和泉北一丁目 / 和泉南三丁目,33.82083333333334,132.75625,3,0.0625,3,0,3,2,0,0,False,False,False,10.5
2024-02,retrospective_partial,50326527,大可賀二丁目 / 松江町 / 古三津五丁目,33.85416666666667,132.71875,3,0.0625,5,0,3,1,0,0,True,False,False,10.5
2024-06,retrospective_partial,50325588,余戸中四丁目 / 余戸中六丁目,33.82083333333334,132.73125,3,0.06976744186046512,2,0,3,0,0,0,True,False,False,10.5
2024-12,exact_monthly,50326630,山越五丁目,33.8625,132.75625,3,0.07894736842105263,4,0,3,2,0,0,False,False,False,10.5
2025-05,exact_monthly,50326527,松江町 / 祓川一丁目 / 古三津六丁目,33.85416666666667,132.71875,3,0.075,3,0,3,1,0,0,True,False,False,10.5
2026-02,exact_monthly,50326612,道後町一丁目 / 道後町二丁目 / 岩崎町二丁目,33.84583333333333,132.78125,3,0.0625,2,0,3,0,0,0,True,False,False,10.5
2026-07,exact_monthly,50326622,道後湯之町,33.85416666666667,132.78125,3,0.13636363636363635,2,0,3,3,0,0,False,False,False,10.5
2021-07,retrospective_partial,50326537,住吉二丁目,33.8625,132.71875,3,0.2727272727272727,1,3,0,3,2,3,False,False,False,10.0
2021-12,retrospective_partial,50326537,住吉一丁目 / 三杉町,33.8625,132.71875,2,0.046511627906976744,7,4,-2,6,3,7,False,False,False,10.0
2022-01,retrospective_partial,50326537,祓川一丁目 / 住吉二丁目,33.8625,132.71875,2,0.13333333333333333,2,2,0,8,3,7,False,False,False,10.0
2022-07,retrospective_partial,50326622,道後鷺谷町 / 道後湯之町,33.85416666666667,132.78125,2,0.2222222222222222,1,3,-1,3,3,6,False,False,False,10.0
2022-09,retrospective_partial,50326537,辰巳町 / 中須賀三丁目,33.8625,132.71875,2,0.07142857142857142,5,4,-2,6,3,8,False,False,False,10.0
2022-10,retrospective_partial,50326537,住吉二丁目 / 三杉町,33.8625,132.71875,2,0.11764705882352941,2,2,0,7,3,7,False,False,False,10.0
2022-11,retrospective_partial,50326537,中須賀三丁目 / 住吉二丁目,33.8625,132.71875,2,0.05714285714285714,6,2,0,8,3,9,False,False,False,10.0
2022-12,retrospective_partial,50325670,古川北一丁目 / 古川西一丁目,33.8125,132.75625,2,0.043478260869565216,8,3,-1,4,3,5,False,False,False,10.0
2023-01,retrospective_partial,50325670,古川西一丁目,33.8125,132.75625,2,0.18181818181818182,1,2,0,5,3,6,False,False,False,10.0
2023-06,retrospective_partial,50326537,住吉二丁目,33.8625,132.71875,2,0.06451612903225806,4,4,-2,8,3,4,False,False,False,10.0
2023-06,retrospective_partial,50326622,道後湯之町 / 道後湯月町,33.85416666666667,132.78125,2,0.06451612903225806,6,4,-2,6,3,10,False,False,False,10.0
2023-08,retrospective_partial,50326622,道後鷺谷町 / 道後北代,33.85416666666667,132.78125,3,0.11538461538461539,2,3,0,9,2,12,False,False,False,10.0
2024-03,retrospective_partial,50325681,朝生田町二丁目 / 朝生田町五丁目,33.82083333333334,132.76874999999998,3,0.07317073170731707,5,3,0,4,2,3,False,False,False,10.0
2024-05,retrospective_partial,50326622,道後湯之町 / 道後今市,33.85416666666667,132.78125,2,0.06060606060606061,7,3,-1,14,3,7,False,False,False,10.0
2024-06,retrospective_partial,50326630,山越五丁目 / 山越三丁目,33.8625,132.75625,2,0.046511627906976744,13,3,-1,5,3,4,False,False,False,10.0
2025-01,exact_monthly,50326622,道後湯之町,33.85416666666667,132.78125,2,0.2222222222222222,1,8,-6,8,3,10,False,False,False,10.0
2025-03,exact_monthly,50326622,祝谷町一丁目 / 道後湯之町,33.85416666666667,132.78125,2,0.07407407407407407,5,6,-4,16,3,8,False,False,False,10.0
2025-04,exact_monthly,50326622,道後樋又 / 道後喜多町,33.85416666666667,132.78125,2,0.13333333333333333,3,2,0,10,3,7,False,False,False,10.0
2025-09,exact_monthly,50326622,道後湯之町,33.85416666666667,132.78125,2,0.08695652173913043,6,3,-1,5,3,11,False,False,False,10.0
2025-12,exact_monthly,50326622,道後湯之町,33.85416666666667,132.78125,3,0.11538461538461539,3,6,-3,10,2,17,False,False,False,10.0
2026-03,exact_monthly,50326622,道後湯之町 / 道後湯月町,33.85416666666667,132.78125,3,0.06818181818181818,6,14,-11,17,2,3,False,False,False,10.0
2026-04,exact_monthly,50325579,保免中二丁目 / 市坪西町 / 保免中三丁目,33.8125,132.74375,3,0.21428571428571427,1,5,-2,5,2,2,False,False,False,10.0
2021-06,retrospective_partial,50326602,此花町,33.837500000000006,132.78125,1,0.016666666666666666,27,0,1,0,3,7,False,False,False,9.5
2021-08,retrospective_partial,50325670,和泉南五丁目,33.8125,132.75625,1,0.03225806451612903,10,0,1,3,3,3,False,False,False,9.5
2021-09,retrospective_partial,50325671,居相一丁目,33.8125,132.76874999999998,1,0.03225806451612903,10,0,1,2,3,4,False,False,False,9.5
2021-10,retrospective_partial,50325692,中村三丁目,33.829166666666666,132.78125,1,0.07142857142857142,6,0,1,4,3,6,False,False,False,9.5
2021-11,retrospective_partial,50325691,立花五丁目,33.829166666666666,132.76874999999998,1,0.037037037037037035,15,0,1,3,3,3,False,False,False,9.5
2021-12,retrospective_partial,50326610,宮西二丁目,33.84583333333333,132.75625,1,0.023255813953488372,24,0,1,0,3,5,False,False,False,9.5
2021-12,retrospective_partial,50326612,持田町三丁目 / 岩崎町二丁目,33.84583333333333,132.78125,2,0.046511627906976744,8,1,1,1,2,3,False,False,False,9.5
2022-01,retrospective_partial,50326610,宮西一丁目,33.84583333333333,132.75625,2,0.13333333333333333,3,1,1,1,2,3,False,False,False,9.5
2022-06,retrospective_partial,50326537,住吉二丁目,33.8625,132.71875,1,0.029411764705882353,18,0,1,4,3,7,False,False,False,9.5
2022-08,retrospective_partial,50326602,此花町,33.837500000000006,132.78125,1,0.038461538461538464,16,0,1,2,3,3,False,False,False,9.5
2022-08,retrospective_partial,50326612,道後一万,33.84583333333333,132.78125,1,0.038461538461538464,17,0,1,3,3,3,False,False,False,9.5
2022-09,retrospective_partial,50325681,中村五丁目 / 朝生田町四丁目,33.82083333333334,132.76874999999998,2,0.07142857142857142,3,1,1,2,2,9,False,False,False,9.5
2023-03,retrospective_partial,50325670,和泉南五丁目 / 古川西一丁目,33.8125,132.75625,2,0.06896551724137931,4,1,1,5,2,5,False,False,False,9.5
2023-03,retrospective_partial,50325692,束本一丁目,33.829166666666666,132.78125,1,0.034482758620689655,9,0,1,6,3,4,False,False,False,9.5
2023-08,retrospective_partial,50325671,古川北二丁目,33.8125,132.76874999999998,1,0.038461538461538464,11,0,1,2,3,4,False,False,False,9.5
2023-08,retrospective_partial,50325690,小栗五丁目,33.829166666666666,132.75625,1,0.038461538461538464,13,0,1,1,3,3,False,False,False,9.5
2023-08,retrospective_partial,50326603,樽味二丁目,33.837500000000006,132.79375,1,0.038461538461538464,17,0,1,2,3,3,False,False,False,9.5
2023-09,retrospective_partial,50325598,空港通七丁目,33.829166666666666,132.73125,1,0.03225806451612903,10,0,1,0,3,4,False,False,False,9.5
2023-10,retrospective_partial,50325681,朝生田町三丁目 / 朝生田町一丁目,33.82083333333334,132.76874999999998,3,0.21428571428571427,1,2,1,3,1,1,False,False,False,9.5
2023-10,retrospective_partial,50326612,岩崎町二丁目 / 道後湯之町,33.84583333333333,132.78125,2,0.14285714285714285,2,1,1,1,2,4,False,False,False,9.5
2023-10,retrospective_partial,50326620,六軒家町,33.85416666666667,132.75625,1,0.07142857142857142,11,0,1,2,3,3,False,False,False,9.5
2023-11,retrospective_partial,50325671,古川北四丁目 / 西石井六丁目,33.8125,132.76874999999998,2,0.05128205128205128,5,1,1,3,2,2,False,False,False,9.5
2023-11,retrospective_partial,50326612,岩崎町一丁目 / 道後一万,33.84583333333333,132.78125,3,0.07692307692307693,3,2,1,3,1,1,False,False,False,9.5
2023-12,retrospective_partial,50325598,空港通三丁目 / 空港通六丁目,33.829166666666666,132.73125,2,0.08695652173913043,2,1,1,3,2,2,False,False,False,9.5
2023-12,retrospective_partial,50325682,星岡一丁目,33.82083333333334,132.78125,1,0.043478260869565216,9,0,1,0,3,3,False,False,False,9.5
2023-12,retrospective_partial,50326602,束本一丁目 / 枝松二丁目,33.837500000000006,132.78125,2,0.08695652173913043,3,1,1,2,2,2,False,False,False,9.5
2024-02,retrospective_partial,50326602,御宝町,33.837500000000006,132.78125,1,0.020833333333333332,21,0,1,3,3,4,False,False,False,9.5
2024-06,retrospective_partial,50325681,朝生田町五丁目 / 立花三丁目,33.82083333333334,132.76874999999998,2,0.046511627906976744,6,1,1,4,2,4,False,False,False,9.5
2024-06,retrospective_partial,50326613,東野二丁目,33.84583333333333,132.79375,2,0.046511627906976744,12,1,1,1,2,2,False,False,False,9.5
2024-07,retrospective_partial,50326537,三津一丁目,33.8625,132.71875,1,0.1,6,0,1,1,3,6,False,False,False,9.5
2024-08,retrospective_partial,50326630,山越四丁目,33.8625,132.75625,2,0.08,4,1,1,6,2,2,False,False,False,9.5
2024-09,exact_monthly,50325692,中村四丁目,33.829166666666666,132.78125,1,0.018867924528301886,13,0,1,2,3,7,False,False,False,9.5
2024-11,exact_monthly,50325681,朝生田町一丁目,33.82083333333334,132.76874999999998,2,0.05,6,1,1,3,2,2,False,False,False,9.5
2024-12,exact_monthly,50325682,天山三丁目,33.82083333333334,132.78125,1,0.02631578947368421,12,0,1,1,3,3,False,False,False,9.5
2025-03,exact_monthly,50325681,朝生田町一丁目 / 立花三丁目,33.82083333333334,132.76874999999998,2,0.07407407407407407,2,1,1,2,2,2,False,False,False,9.5
2025-04,exact_monthly,50325680,保免上一丁目 / 和泉北一丁目,33.82083333333334,132.75625,2,0.13333333333333333,2,1,1,1,2,3,False,False,False,9.5
2025-05,exact_monthly,50326630,東長戸一丁目 / 姫原三丁目,33.8625,132.75625,2,0.05,9,1,1,1,2,2,False,False,False,9.5
2025-07,exact_monthly,50325693,束本二丁目,33.829166666666666,132.79375,1,0.06666666666666667,7,0,1,1,3,4,False,False,False,9.5
2026-03,exact_monthly,50325671,古川北四丁目 / 居相四丁目 / 古川南一丁目,33.8125,132.76874999999998,3,0.06818181818181818,2,2,1,3,1,1,False,False,False,9.5
2021-06,retrospective_partial,50325671,古川北四丁目 / 居相三丁目,33.8125,132.76874999999998,2,0.03333333333333333,9,0,2,0,1,1,False,False,False,9.0
2021-06,retrospective_partial,50326613,石手三丁目 / 紅葉町,33.84583333333333,132.79375,2,0.03333333333333333,15,0,2,0,1,1,False,False,False,9.0
2021-08,retrospective_partial,50325579,保免中二丁目 / 余戸東一丁目,33.8125,132.74375,2,0.06451612903225806,4,0,2,1,1,1,False,False,False,9.0
2021-08,retrospective_partial,50326612,道後今市 / 道後町二丁目,33.84583333333333,132.78125,2,0.06451612903225806,7,0,2,0,1,1,False,False,False,9.0
2021-09,retrospective_partial,50326529,六軒家町 / 衣山一丁目,33.85416666666667,132.74375,2,0.06451612903225806,2,0,2,0,1,1,False,False,False,9.0
2021-09,retrospective_partial,50326640,吉藤二丁目 / 姫原二丁目,33.87083333333334,132.75625,2,0.06451612903225806,5,0,2,3,1,2,False,False,False,9.0
2021-11,retrospective_partial,50326640,東長戸四丁目 / 吉藤五丁目,33.87083333333334,132.75625,2,0.07407407407407407,4,0,2,2,1,1,False,False,False,9.0
2021-12,retrospective_partial,50326613,石手四丁目 / 東野二丁目,33.84583333333333,132.79375,2,0.046511627906976744,9,0,2,1,1,3,False,False,False,9.0
2022-02,retrospective_partial,50325680,和泉北一丁目,33.82083333333334,132.75625,2,0.05263157894736842,4,0,2,1,1,1,False,False,False,9.0
2022-02,retrospective_partial,50326622,道後多幸町 / 道後樋又,33.85416666666667,132.78125,2,0.05263157894736842,8,0,2,5,1,6,False,False,False,9.0
2022-03,retrospective_partial,50325599,竹原三丁目 / 空港通三丁目,33.829166666666666,132.74375,2,0.06896551724137931,3,0,2,0,1,1,False,False,False,9.0
2022-06,retrospective_partial,50325672,東石井二丁目 / 越智三丁目,33.8125,132.78125,3,0.08823529411764706,2,1,2,2,0,0,False,False,False,9.0
2022-06,retrospective_partial,50326509,南江戸二丁目 / 南江戸四丁目 / 南江戸三丁目,33.837500000000006,132.74375,3,0.08823529411764706,3,1,2,1,0,0,True,False,False,9.0
2022-06,retrospective_partial,50326519,南江戸五丁目 / 辻町,33.84583333333333,132.74375,2,0.058823529411764705,6,0,2,0,1,1,False,False,False,9.0
2022-08,retrospective_partial,50325599,空港通三丁目,33.829166666666666,132.74375,2,0.07692307692307693,3,0,2,1,1,1,False,False,False,9.0
2023-05,retrospective_partial,50325681,西石井二丁目 / 立花三丁目,33.82083333333334,132.76874999999998,2,0.06666666666666667,3,0,2,4,1,1,False,False,False,9.0
2023-05,retrospective_partial,50326519,美沢一丁目 / 朝美二丁目,33.84583333333333,132.74375,2,0.06666666666666667,4,0,2,2,1,1,False,False,False,9.0
2023-08,retrospective_partial,50325672,居相一丁目 / 越智三丁目,33.8125,132.78125,2,0.07692307692307693,3,0,2,1,1,1,False,False,False,9.0
2023-08,retrospective_partial,50325680,土居田町 / 和泉北一丁目,33.82083333333334,132.75625,2,0.07692307692307693,4,0,2,0,1,1,False,False,False,9.0
2023-09,retrospective_partial,50325579,保免西二丁目 / 余戸東五丁目,33.8125,132.74375,2,0.06451612903225806,2,0,2,0,1,1,False,False,False,9.0
2024-02,retrospective_partial,50325597,高岡町,33.829166666666666,132.71875,2,0.041666666666666664,7,0,2,0,1,1,False,False,False,9.0
2024-02,retrospective_partial,50325672,東石井三丁目 / 東石井七丁目,33.8125,132.78125,2,0.041666666666666664,8,0,2,1,1,1,False,False,False,9.0
2024-04,retrospective_partial,50325670,和泉南五丁目 / 古川北一丁目,33.8125,132.75625,2,0.15384615384615385,2,0,2,0,1,3,False,False,False,9.0
2024-05,retrospective_partial,50326610,宮西一丁目,33.84583333333333,132.75625,2,0.06060606060606061,5,0,2,1,1,1,False,False,False,9.0
2024-06,retrospective_partial,50325692,中村三丁目 / 小坂五丁目,33.829166666666666,132.78125,2,0.046511627906976744,8,0,2,1,1,1,False,False,False,9.0
2024-06,retrospective_partial,50326612,岩崎町二丁目 / 持田町一丁目,33.84583333333333,132.78125,2,0.046511627906976744,11,0,2,1,1,1,False,False,False,9.0
2024-08,retrospective_partial,50325673,今在家一丁目 / 来住町,33.8125,132.79375,2,0.08,2,0,2,0,1,1,False,False,False,9.0
2024-09,exact_monthly,50326640,東長戸一丁目 / 姫原二丁目,33.87083333333334,132.75625,2,0.03773584905660377,8,0,2,0,1,2,False,False,False,9.0
2025-02,exact_monthly,50326538,会津町,33.8625,132.73125,2,0.058823529411764705,7,0,2,2,1,2,False,False,False,9.0
2025-05,exact_monthly,50325598,高岡町,33.829166666666666,132.73125,2,0.05,4,0,2,1,1,1,False,False,False,9.0
2025-05,exact_monthly,50326538,古三津二丁目,33.8625,132.73125,2,0.05,7,0,2,2,1,1,False,False,False,9.0
2025-06,exact_monthly,50325670,古川西二丁目 / 市坪北一丁目,33.8125,132.75625,2,0.06060606060606061,3,0,2,0,1,1,False,False,False,9.0
2025-06,exact_monthly,50325674,来住町 / 鷹子町,33.8125,132.80625,2,0.06060606060606061,4,0,2,0,1,1,False,False,False,9.0
2025-07,exact_monthly,50325599,空港通一丁目,33.829166666666666,132.74375,2,0.13333333333333333,2,0,2,2,1,1,False,False,False,9.0
2025-08,exact_monthly,50325690,竹原二丁目 / 小栗二丁目,33.829166666666666,132.75625,2,0.05714285714285714,5,0,2,0,1,2,False,False,False,9.0
2025-08,exact_monthly,50326610,宮西一丁目,33.84583333333333,132.75625,2,0.05714285714285714,7,0,2,2,1,2,False,False,False,9.0
2025-11,exact_monthly,50325690,小栗六丁目 / 小栗二丁目,33.829166666666666,132.75625,2,0.08333333333333333,3,0,2,2,1,1,False,False,False,9.0
2025-11,exact_monthly,50326602,湯渡町 / 御宝町,33.837500000000006,132.78125,2,0.08333333333333333,4,0,2,3,1,1,False,False,False,9.0
2026-03,exact_monthly,50325673,来住町,33.8125,132.79375,3,0.06818181818181818,3,1,2,1,0,0,True,False,False,9.0
2021-09,retrospective_partial,50326602,樽味四丁目 / 築山町,33.837500000000006,132.78125,2,0.06451612903225806,3,4,-2,6,2,3,False,False,False,8.0
2021-11,retrospective_partial,50325692,束本一丁目,33.829166666666666,132.78125,1,0.037037037037037035,16,1,0,4,3,6,False,False,False,8.0
2021-12,retrospective_partial,50325691,祇園町,33.829166666666666,132.76874999999998,1,0.023255813953488372,18,1,0,2,3,3,False,False,False,8.0
2021-12,retrospective_partial,50326602,旭町,33.837500000000006,132.78125,1,0.023255813953488372,22,2,-1,4,3,4,False,False,False,8.0
2022-01,retrospective_partial,50325692,枝松四丁目,33.829166666666666,132.78125,1,0.06666666666666667,8,4,-3,6,3,3,False,False,False,8.0
2022-03,retrospective_partial,50326537,会津町 / 住吉二丁目,33.8625,132.71875,2,0.06896551724137931,4,3,-1,7,2,3,False,False,False,8.0
2022-04,retrospective_partial,50326537,三杉町 / 須賀町,33.8625,132.71875,2,0.2,1,2,0,7,2,2,False,False,False,8.0
2022-07,retrospective_partial,50326537,住吉二丁目,33.8625,132.71875,1,0.1111111111111111,5,1,0,3,3,8,False,False,False,8.0
2022-08,retrospective_partial,50326622,道後湯之町,33.85416666666667,132.78125,1,0.038461538461538464,19,2,-1,5,3,7,False,False,False,8.0
2022-09,retrospective_partial,50326602,樽味四丁目,33.837500000000006,132.78125,1,0.03571428571428571,16,1,0,3,3,6,False,False,False,8.0
2022-09,retrospective_partial,50326612,道後町二丁目,33.84583333333333,132.78125,1,0.03571428571428571,18,1,0,1,3,4,False,False,False,8.0
2022-10,retrospective_partial,50326622,道後湯之町,33.85416666666667,132.78125,2,0.11764705882352941,3,3,-1,6,2,4,False,False,False,8.0
2022-11,retrospective_partial,50326622,道後町一丁目 / 道後北代,33.85416666666667,132.78125,2,0.05714285714285714,8,2,0,6,2,5,False,False,False,8.0
2022-12,retrospective_partial,50326622,道後湯之町,33.85416666666667,132.78125,2,0.043478260869565216,12,2,0,7,2,4,False,False,False,8.0
2023-01,retrospective_partial,50326537,神田町,33.8625,132.71875,1,0.09090909090909091,6,4,-3,8,3,8,False,False,False,8.0
2023-03,retrospective_partial,50326622,道後鷺谷町,33.85416666666667,132.78125,1,0.034482758620689655,14,3,-2,5,3,7,False,False,False,8.0
2023-04,retrospective_partial,50326537,住吉二丁目,33.8625,132.71875,1,0.08333333333333333,6,3,-2,8,3,8,False,False,False,8.0
2023-04,retrospective_partial,50326622,道後湯之町,33.85416666666667,132.78125,1,0.08333333333333333,9,1,0,4,3,9,False,False,False,8.0
2023-07,retrospective_partial,50326537,住吉一丁目 / 梅田町,33.8625,132.71875,2,0.1111111111111111,3,2,0,7,2,2,False,False,False,8.0
2023-09,retrospective_partial,50325671,居相一丁目,33.8125,132.76874999999998,1,0.03225806451612903,12,1,0,2,3,4,False,False,False,8.0
2023-09,retrospective_partial,50326603,桑原二丁目,33.837500000000006,132.79375,1,0.03225806451612903,18,1,0,3,3,3,False,False,False,8.0
2023-09,retrospective_partial,50326610,宮西一丁目,33.84583333333333,132.75625,2,0.06451612903225806,7,2,0,2,2,2,False,False,False,8.0
2023-11,retrospective_partial,50326620,山越一丁目,33.85416666666667,132.75625,1,0.02564102564102564,20,1,0,3,3,3,False,False,False,8.0
2023-12,retrospective_partial,50326537,住吉一丁目 / 住吉二丁目,33.8625,132.71875,3,0.13043478260869565,1,5,-2,6,1,3,False,False,False,8.0
2023-12,retrospective_partial,50326620,中央一丁目,33.85416666666667,132.75625,1,0.043478260869565216,19,1,0,2,3,4,False,False,False,8.0
2024-01,retrospective_partial,50326620,中央一丁目,33.85416666666667,132.75625,1,0.125,7,1,0,3,3,4,False,False,False,8.0
2024-02,retrospective_partial,50326620,美沢一丁目,33.85416666666667,132.75625,1,0.020833333333333332,24,1,0,3,3,5,False,False,False,8.0
2024-03,retrospective_partial,50326602,築山町,33.837500000000006,132.78125,1,0.024390243902439025,17,1,0,3,3,4,False,False,False,8.0
2024-07,retrospective_partial,50325681,朝生田町二丁目,33.82083333333334,132.76874999999998,2,0.2,1,2,0,3,2,3,False,False,False,8.0
2024-07,retrospective_partial,50326622,道後湯之町 / 道後樋又,33.85416666666667,132.78125,2,0.2,2,4,-2,9,2,16,False,False,False,8.0
2024-07,retrospective_partial,50326630,姫原二丁目,33.8625,132.75625,1,0.1,8,2,-1,7,3,4,False,False,False,8.0
2024-08,retrospective_partial,50326537,三杉町,33.8625,132.71875,1,0.04,13,1,0,1,3,7,False,False,False,8.0
2024-12,exact_monthly,50325692,中村四丁目 / 束本一丁目 / 中村三丁目,33.829166666666666,132.78125,3,0.07894736842105263,3,3,0,5,1,2,False,False,False,8.0
2024-12,exact_monthly,50326602,小坂一丁目 / 樽味四丁目,33.837500000000006,132.78125,2,0.05263157894736842,5,2,0,2,2,2,False,False,False,8.0
2025-03,exact_monthly,50325671,居相四丁目 / 居相五丁目,33.8125,132.76874999999998,2,0.07407407407407407,1,2,0,6,2,5,False,False,False,8.0
2025-06,exact_monthly,50326622,祝谷四丁目,33.85416666666667,132.78125,1,0.030303030303030304,21,5,-4,9,3,6,False,False,False,8.0
2025-07,exact_monthly,50326622,道後湯之町,33.85416666666667,132.78125,1,0.06666666666666667,12,1,0,8,3,7,False,False,False,8.0
2025-08,exact_monthly,50325693,桑原六丁目,33.829166666666666,132.79375,1,0.02857142857142857,18,1,0,1,3,4,False,False,False,8.0
2025-09,exact_monthly,50326537,住吉二丁目 / 古三津一丁目,33.8625,132.71875,2,0.08695652173913043,5,5,-3,5,2,3,False,False,False,8.0
2025-10,exact_monthly,50326537,神田町 / 元町,33.8625,132.71875,2,0.18181818181818182,1,2,0,7,2,3,False,False,False,8.0
2025-10,exact_monthly,50326622,道後湯之町,33.85416666666667,132.78125,2,0.18181818181818182,2,2,0,6,2,9,False,False,False,8.0
2026-03,exact_monthly,50325681,朝生田町五丁目,33.82083333333334,132.76874999999998,1,0.022727272727272728,15,2,-1,6,3,3,False,False,False,8.0
2026-04,exact_monthly,50325681,朝生田町五丁目,33.82083333333334,132.76874999999998,1,0.07142857142857142,6,1,0,3,3,3,False,False,False,8.0
2026-04,exact_monthly,50326622,道後喜多町 / 道後湯之町,33.85416666666667,132.78125,2,0.14285714285714285,3,3,-1,17,2,4,False,False,False,8.0
2021-06,retrospective_partial,50325578,余戸中六丁目,33.8125,132.73125,1,0.016666666666666666,17,0,1,0,2,2,False,False,False,7.5
2021-07,retrospective_partial,50326620,六軒家町,33.85416666666667,132.75625,1,0.09090909090909091,8,0,1,0,2,2,False,False,False,7.5
2021-08,retrospective_partial,50325598,空港通四丁目,33.829166666666666,132.73125,1,0.03225806451612903,9,0,1,2,2,2,False,False,False,7.5
2021-09,retrospective_partial,50326603,樽味二丁目,33.837500000000006,132.79375,1,0.03225806451612903,18,0,1,0,2,2,False,False,False,7.5
2021-11,retrospective_partial,50325598,空港通七丁目,33.829166666666666,132.73125,1,0.037037037037037035,8,0,1,2,2,2,False,False,False,7.5
2021-11,retrospective_partial,50325682,星岡一丁目,33.82083333333334,132.78125,1,0.037037037037037035,13,0,1,0,2,4,False,False,False,7.5
2021-11,retrospective_partial,50326509,南江戸三丁目,33.837500000000006,132.74375,1,0.037037037037037035,17,0,1,0,2,2,False,False,False,7.5
2021-11,retrospective_partial,50326612,道後湯之町,33.84583333333333,132.78125,1,0.037037037037037035,19,0,1,2,2,3,False,False,False,7.5
2021-11,retrospective_partial,50326630,山越四丁目,33.8625,132.75625,1,0.037037037037037035,20,0,1,2,2,3,False,False,False,7.5
2021-12,retrospective_partial,50325671,西石井三丁目 / 西石井一丁目,33.8125,132.76874999999998,2,0.046511627906976744,5,1,1,3,1,1,False,False,False,7.5
2021-12,retrospective_partial,50325672,東石井四丁目,33.8125,132.78125,1,0.023255813953488372,14,0,1,1,2,2,False,False,False,7.5
2021-12,retrospective_partial,50326519,辻町,33.84583333333333,132.74375,1,0.023255813953488372,20,0,1,0,2,2,False,False,False,7.5
2021-12,retrospective_partial,50326630,山越五丁目 / 問屋町,33.8625,132.75625,2,0.046511627906976744,11,1,1,3,1,1,False,False,False,7.5
2022-02,retrospective_partial,50325672,東石井二丁目,33.8125,132.78125,1,0.02631578947368421,13,0,1,1,2,2,False,False,False,7.5
2022-02,retrospective_partial,50325673,北久米町,33.8125,132.79375,1,0.02631578947368421,14,0,1,3,2,2,False,False,False,7.5
2022-02,retrospective_partial,50325693,桑原四丁目,33.829166666666666,132.79375,1,0.02631578947368421,18,0,1,0,2,2,False,False,False,7.5
2022-02,retrospective_partial,50326602,束本一丁目 / 日の出町,33.837500000000006,132.78125,2,0.05263157894736842,6,1,1,4,1,1,False,False,False,7.5
2022-02,retrospective_partial,50326612,道後町一丁目,33.84583333333333,132.78125,1,0.02631578947368421,24,0,1,3,2,5,False,False,False,7.5
2022-02,retrospective_partial,50326620,御幸二丁目,33.85416666666667,132.75625,1,0.02631578947368421,25,0,1,2,2,2,False,False,False,7.5
2022-02,retrospective_partial,50326640,東長戸四丁目,33.87083333333334,132.75625,1,0.02631578947368421,26,0,1,2,2,3,False,False,False,7.5
2022-03,retrospective_partial,50326612,道後町一丁目 / 岩崎町二丁目,33.84583333333333,132.78125,2,0.06896551724137931,5,1,1,3,1,3,False,False,False,7.5
2022-05,retrospective_partial,50325596,高岡町,33.829166666666666,132.70624999999998,1,0.038461538461538464,7,0,1,1,2,2,False,False,False,7.5
2022-05,retrospective_partial,50325670,和泉南五丁目,33.8125,132.75625,1,0.038461538461538464,9,0,1,1,2,2,False,False,False,7.5
2022-05,retrospective_partial,50325681,朝生田町五丁目,33.82083333333334,132.76874999999998,1,0.038461538461538464,14,0,1,0,2,2,False,False,False,7.5
2022-05,retrospective_partial,50325682,東石井五丁目,33.82083333333334,132.78125,1,0.038461538461538464,15,0,1,3,2,5,False,False,False,7.5
2022-06,retrospective_partial,50325682,東石井一丁目,33.82083333333334,132.78125,2,0.058823529411764705,5,1,1,1,1,3,False,False,False,7.5
2022-06,retrospective_partial,50325691,立花五丁目,33.829166666666666,132.76874999999998,1,0.029411764705882353,16,0,1,1,2,2,False,False,False,7.5
2022-07,retrospective_partial,50326620,山越六丁目,33.85416666666667,132.75625,1,0.1111111111111111,7,0,1,1,2,2,False,False,False,7.5
2022-08,retrospective_partial,50325670,古川西一丁目,33.8125,132.75625,1,0.038461538461538464,11,0,1,2,2,4,False,False,False,7.5
2022-08,retrospective_partial,50325681,西石井一丁目,33.82083333333334,132.76874999999998,1,0.038461538461538464,13,0,1,2,2,8,False,False,False,7.5
2022-08,retrospective_partial,50325691,立花一丁目,33.829166666666666,132.76874999999998,1,0.038461538461538464,14,0,1,1,2,2,False,False,False,7.5
2022-08,retrospective_partial,50326613,石手四丁目,33.84583333333333,132.79375,1,0.038461538461538464,18,0,1,3,2,2,False,False,False,7.5
2022-09,retrospective_partial,50325674,来住町,33.8125,132.80625,1,0.03571428571428571,11,0,1,0,2,3,False,False,False,7.5
2022-09,retrospective_partial,50325690,小栗二丁目,33.829166666666666,132.75625,1,0.03571428571428571,12,0,1,0,2,2,False,False,False,7.5
2022-09,retrospective_partial,50326579,和気町一丁目,33.89583333333333,132.74375,1,0.03571428571428571,15,0,1,0,2,2,False,False,False,7.5
2022-09,retrospective_partial,50326630,山越二丁目,33.8625,132.75625,1,0.03571428571428571,20,0,1,0,2,2,False,False,False,7.5
2022-10,retrospective_partial,50325682,天山一丁目,33.82083333333334,132.78125,1,0.058823529411764705,7,0,1,3,2,4,False,False,False,7.5
2022-10,retrospective_partial,50326613,紅葉町,33.84583333333333,132.79375,1,0.058823529411764705,11,0,1,1,2,2,False,False,False,7.5
2022-11,retrospective_partial,50325690,小栗五丁目,33.829166666666666,132.75625,1,0.02857142857142857,12,0,1,1,2,2,False,False,False,7.5
2022-12,retrospective_partial,50325598,空港通四丁目,33.829166666666666,132.73125,1,0.021739130434782608,14,0,1,1,2,2,False,False,False,7.5
2023-02,retrospective_partial,50326548,桜ケ丘,33.87083333333334,132.73125,1,0.038461538461538464,15,0,1,0,2,2,False,False,False,7.5
2023-04,retrospective_partial,50325671,居相四丁目,33.8125,132.76874999999998,1,0.08333333333333333,3,0,1,2,2,2,False,False,False,7.5
2023-05,retrospective_partial,50325588,余戸西六丁目,33.82083333333334,132.73125,1,0.03333333333333333,8,0,1,0,2,2,False,False,False,7.5
2023-05,retrospective_partial,50325691,立花二丁目,33.829166666666666,132.76874999999998,1,0.03333333333333333,11,0,1,0,2,2,False,False,False,7.5
2023-05,retrospective_partial,50325693,桑原四丁目,33.829166666666666,132.79375,1,0.03333333333333333,13,0,1,1,2,6,False,False,False,7.5
2023-05,retrospective_partial,50326509,南江戸二丁目,33.837500000000006,132.74375,1,0.03333333333333333,14,0,1,0,2,2,False,False,False,7.5
2023-06,retrospective_partial,50325675,鷹子町,33.8125,132.81875,1,0.03225806451612903,14,0,1,0,2,2,False,False,False,7.5
2023-06,retrospective_partial,50325690,雄郡二丁目,33.829166666666666,132.75625,1,0.03225806451612903,17,0,1,0,2,2,False,False,False,7.5
2023-06,retrospective_partial,50325692,枝松三丁目 / 束本一丁目,33.829166666666666,132.78125,2,0.06451612903225806,3,1,1,3,1,2,False,False,False,7.5
2023-08,retrospective_partial,50325681,朝生田町五丁目,33.82083333333334,132.76874999999998,1,0.038461538461538464,12,0,1,2,2,5,False,False,False,7.5
2023-09,retrospective_partial,50325681,朝生田町五丁目 / 朝生田町三丁目,33.82083333333334,132.76874999999998,2,0.06451612903225806,5,1,1,1,1,3,False,False,False,7.5
2023-09,retrospective_partial,50326612,道後町一丁目,33.84583333333333,132.78125,1,0.03225806451612903,19,0,1,1,2,5,False,False,False,7.5
2023-10,retrospective_partial,50326602,新立町,33.837500000000006,132.78125,1,0.07142857142857142,9,0,1,5,2,3,False,False,False,7.5
2023-11,retrospective_partial,50325680,和泉北四丁目,33.82083333333334,132.75625,1,0.02564102564102564,12,0,1,2,2,4,False,False,False,7.5
2023-11,retrospective_partial,50326610,宮西一丁目,33.84583333333333,132.75625,1,0.02564102564102564,18,0,1,4,2,2,False,False,False,7.5
2023-11,retrospective_partial,50326613,東野一丁目,33.84583333333333,132.79375,1,0.02564102564102564,19,0,1,0,2,2,False,False,False,7.5
2024-01,retrospective_partial,50325681,立花三丁目,33.82083333333334,132.76874999999998,1,0.125,3,0,1,3,2,6,False,False,False,7.5
2024-01,retrospective_partial,50325692,中村五丁目,33.829166666666666,132.78125,1,0.125,5,0,1,0,2,5,False,False,False,7.5
2024-02,retrospective_partial,50325598,空港通六丁目,33.829166666666666,132.73125,1,0.020833333333333332,13,0,1,3,2,2,False,False,False,7.5
2024-05,retrospective_partial,50325681,西石井一丁目,33.82083333333334,132.76874999999998,1,0.030303030303030304,14,0,1,6,2,4,False,False,False,7.5
2024-05,retrospective_partial,50326602,築山町 / 束本一丁目,33.837500000000006,132.78125,2,0.06060606060606061,4,1,1,3,1,1,False,False,False,7.5
2024-05,retrospective_partial,50326613,道後姫塚,33.84583333333333,132.79375,1,0.030303030303030304,20,0,1,1,2,3,False,False,False,7.5
2024-05,retrospective_partial,50326620,中央一丁目,33.85416666666667,132.75625,2,0.06060606060606061,6,1,1,4,1,1,False,False,False,7.5
2024-06,retrospective_partial,50325691,立花一丁目 / 祇園町,33.829166666666666,132.76874999999998,2,0.046511627906976744,7,1,1,1,1,3,False,False,False,7.5
2024-08,retrospective_partial,50325598,空港通六丁目,33.829166666666666,132.73125,1,0.04,6,0,1,1,2,2,False,False,False,7.5
2024-08,retrospective_partial,50325599,土居田町,33.829166666666666,132.74375,1,0.04,7,0,1,1,2,5,False,False,False,7.5
2024-08,retrospective_partial,50326527,古三津六丁目,33.85416666666667,132.71875,1,0.04,12,0,1,2,2,2,False,False,False,7.5
2024-08,retrospective_partial,50326613,東野一丁目,33.84583333333333,132.79375,1,0.04,16,0,1,3,2,2,False,False,False,7.5
2024-08,retrospective_partial,50327641,府中,33.954166666666666,132.76874999999998,1,0.04,20,0,1,0,2,2,False,False,False,7.5
2024-09,exact_monthly,50326538,古三津二丁目,33.8625,132.73125,1,0.018867924528301886,17,0,1,0,2,2,False,False,False,7.5
2024-11,exact_monthly,50326538,中須賀一丁目,33.8625,132.73125,1,0.025,21,0,1,1,2,3,False,False,False,7.5
2024-11,exact_monthly,50326623,道後湯月町,33.85416666666667,132.79375,1,0.025,24,0,1,0,2,2,False,False,False,7.5
2024-12,exact_monthly,50326509,南江戸二丁目,33.837500000000006,132.74375,1,0.02631578947368421,13,0,1,1,2,3,False,False,False,7.5
2025-01,exact_monthly,50325681,朝生田町六丁目,33.82083333333334,132.76874999999998,1,0.1111111111111111,3,0,1,3,2,3,False,False,False,7.5
2025-01,exact_monthly,50325691,立花六丁目,33.829166666666666,132.76874999999998,1,0.1111111111111111,5,0,1,1,2,2,False,False,False,7.5
2025-03,exact_monthly,50325680,土居田町,33.82083333333334,132.75625,1,0.037037037037037035,8,0,1,1,2,4,False,False,False,7.5
2025-03,exact_monthly,50326528,古三津三丁目,33.85416666666667,132.73125,1,0.037037037037037035,15,0,1,0,2,2,False,False,False,7.5
2025-04,exact_monthly,50325673,今在家一丁目,33.8125,132.79375,1,0.06666666666666667,6,0,1,2,2,2,False,False,False,7.5
2025-04,exact_monthly,50326630,山越三丁目,33.8625,132.75625,1,0.06666666666666667,12,0,1,0,2,3,False,False,False,7.5
2025-05,exact_monthly,50325589,保免中二丁目,33.82083333333334,132.74375,1,0.025,11,0,1,0,2,2,False,False,False,7.5
2025-05,exact_monthly,50325672,東石井六丁目,33.8125,132.78125,1,0.025,12,0,1,0,2,2,False,False,False,7.5
2025-05,exact_monthly,50325681,和泉南一丁目,33.82083333333334,132.76874999999998,1,0.025,14,0,1,3,2,2,False,False,False,7.5
2025-05,exact_monthly,50325682,天山一丁目,33.82083333333334,132.78125,1,0.025,15,0,1,2,2,4,False,False,False,7.5
2025-05,exact_monthly,50325691,祇園町,33.829166666666666,132.76874999999998,1,0.025,16,0,1,2,2,2,False,False,False,7.5
2025-05,exact_monthly,50326610,宮西一丁目,33.84583333333333,132.75625,1,0.025,24,0,1,0,2,3,False,False,False,7.5
2025-07,exact_monthly,50325597,高岡町 / 南吉田町,33.829166666666666,132.71875,2,0.13333333333333333,1,1,1,4,1,1,False,False,False,7.5
2025-08,exact_monthly,50325680,和泉北一丁目 / 和泉北二丁目,33.82083333333334,132.75625,2,0.05714285714285714,4,1,1,3,1,2,False,False,False,7.5
2025-08,exact_monthly,50326630,姫原三丁目,33.8625,132.75625,1,0.02857142857142857,20,0,1,3,2,2,False,False,False,7.5
2025-09,exact_monthly,50325681,朝生田町五丁目,33.82083333333334,132.76874999999998,1,0.043478260869565216,10,0,1,2,2,6,False,False,False,7.5
2025-09,exact_monthly,50325682,天山一丁目,33.82083333333334,132.78125,2,0.08695652173913043,3,1,1,4,1,3,False,False,False,7.5
2025-10,exact_monthly,50325692,中村三丁目,33.829166666666666,132.78125,1,0.09090909090909091,5,0,1,0,2,3,False,False,False,7.5
2025-10,exact_monthly,50326623,道後湯之町,33.85416666666667,132.79375,1,0.09090909090909091,8,0,1,0,2,2,False,False,False,7.5
2025-11,exact_monthly,50325599,空港通三丁目,33.829166666666666,132.74375,1,0.041666666666666664,6,0,1,1,2,2,False,False,False,7.5
2025-11,exact_monthly,50325670,古川北一丁目,33.8125,132.75625,1,0.041666666666666664,7,0,1,0,2,2,False,False,False,7.5
2025-12,exact_monthly,50325671,古川北四丁目,33.8125,132.76874999999998,1,0.038461538461538464,8,0,1,0,2,5,False,False,False,7.5
2025-12,exact_monthly,50326527,清住一丁目,33.85416666666667,132.71875,1,0.038461538461538464,12,0,1,0,2,3,False,False,False,7.5
2026-02,exact_monthly,50325682,朝生田町一丁目,33.82083333333334,132.78125,1,0.020833333333333332,15,0,1,3,2,2,False,False,False,7.5
2026-02,exact_monthly,50325693,桑原三丁目,33.829166666666666,132.79375,1,0.020833333333333332,18,0,1,2,2,3,False,False,False,7.5
2026-02,exact_monthly,50326610,宮西二丁目,33.84583333333333,132.75625,1,0.020833333333333332,24,0,1,3,2,5,False,False,False,7.5
2026-03,exact_monthly,50325598,空港通六丁目,33.829166666666666,132.73125,2,0.045454545454545456,7,1,1,1,1,1,False,False,False,7.5
2026-03,exact_monthly,50325693,束本二丁目 / 束本一丁目,33.829166666666666,132.79375,2,0.045454545454545456,8,1,1,2,1,1,False,False,False,7.5
2021-06,retrospective_partial,50325690,竹原二丁目 / 小栗五丁目,33.829166666666666,132.75625,2,0.03333333333333333,10,0,2,0,0,0,False,False,False,7.0
2021-06,retrospective_partial,50326509,南江戸三丁目,33.837500000000006,132.74375,2,0.03333333333333333,12,0,2,0,0,0,False,False,False,7.0
2021-06,retrospective_partial,50326527,大可賀二丁目 / 古三津六丁目,33.85416666666667,132.71875,2,0.03333333333333333,13,0,2,0,0,0,False,False,False,7.0
2021-06,retrospective_partial,50326556,梅津寺町,33.87916666666666,132.70624999999998,2,0.03333333333333333,14,0,2,0,0,0,False,False,False,7.0
2021-08,retrospective_partial,50325661,北井門五丁目 / 古川南三丁目,33.80416666666666,132.76874999999998,2,0.06451612903225806,5,0,2,0,0,0,False,False,False,7.0
2021-11,retrospective_partial,50326527,若葉町,33.85416666666667,132.71875,2,0.07407407407407407,2,0,2,0,0,0,False,False,False,7.0
2021-12,retrospective_partial,50325675,鷹子町,33.8125,132.81875,2,0.046511627906976744,6,0,2,1,0,0,False,False,False,7.0
2022-01,retrospective_partial,50325577,余戸南六丁目 / 余戸西四丁目,33.8125,132.71875,2,0.13333333333333333,1,0,2,0,0,0,False,False,False,7.0
2022-02,retrospective_partial,50326529,山越六丁目 / 衣山二丁目,33.85416666666667,132.74375,2,0.05263157894736842,5,0,2,1,0,0,False,False,False,7.0
2022-05,retrospective_partial,50327631,河野中須賀,33.94583333333334,132.76874999999998,2,0.07692307692307693,4,0,2,0,0,0,False,False,False,7.0
2022-08,retrospective_partial,50325663,来住町 / 今在家二丁目,33.80416666666666,132.79375,2,0.07692307692307693,4,0,2,1,0,0,False,False,False,7.0
2022-10,retrospective_partial,50325693,桑原四丁目 / 畑寺二丁目,33.829166666666666,132.79375,2,0.11764705882352941,1,0,2,1,0,0,False,False,False,7.0
2022-11,retrospective_partial,50326603,桑原一丁目,33.837500000000006,132.79375,2,0.05714285714285714,7,0,2,1,0,0,False,False,False,7.0
2022-11,retrospective_partial,50326640,姫原二丁目,33.87083333333334,132.75625,2,0.05714285714285714,9,0,2,4,0,0,False,False,False,7.0
2022-12,retrospective_partial,50325660,古川南一丁目 / 古川西三丁目,33.80416666666666,132.75625,2,0.043478260869565216,7,0,2,0,0,0,False,False,False,7.0
2022-12,retrospective_partial,50326621,道後樋又 / 御幸一丁目,33.85416666666667,132.76874999999998,2,0.043478260869565216,11,0,2,1,0,0,False,False,False,7.0
2023-01,retrospective_partial,50326538,古三津三丁目 / 会津町,33.8625,132.73125,2,0.18181818181818182,2,0,2,0,0,0,False,False,False,7.0
2023-03,retrospective_partial,50325694,畑寺四丁目,33.829166666666666,132.80625,2,0.06896551724137931,5,0,2,0,0,0,False,False,False,7.0
2023-03,retrospective_partial,50327672,北条,33.97916666666667,132.78125,2,0.06896551724137931,7,0,2,0,0,0,False,False,False,7.0
2023-04,retrospective_partial,50325579,保免西二丁目 / 余戸東一丁目,33.8125,132.74375,2,0.16666666666666666,2,0,2,0,0,0,False,False,False,7.0
2023-05,retrospective_partial,50326529,衣山二丁目 / 六軒家町,33.85416666666667,132.74375,2,0.06666666666666667,5,0,2,0,0,0,False,False,False,7.0
2023-07,retrospective_partial,50327560,中島大浦,33.97083333333333,132.63125,2,0.1111111111111111,4,0,2,0,0,0,False,False,False,7.0
2023-09,retrospective_partial,50325596,南吉田町,33.829166666666666,132.70624999999998,2,0.06451612903225806,3,0,2,0,0,0,False,False,False,7.0
2023-09,retrospective_partial,50325692,小坂四丁目,33.829166666666666,132.78125,2,0.06451612903225806,6,0,2,2,0,0,False,False,False,7.0
2023-11,retrospective_partial,50325670,和泉南四丁目 / 市坪北一丁目,33.8125,132.75625,2,0.05128205128205128,4,0,2,1,0,0,False,False,False,7.0
2023-11,retrospective_partial,50326538,古三津三丁目 / 古三津二丁目,33.8625,132.73125,2,0.05128205128205128,6,0,2,0,0,0,False,False,False,7.0
2024-02,retrospective_partial,50326600,竹原二丁目,33.837500000000006,132.75625,2,0.041666666666666664,9,0,2,0,0,0,False,False,False,7.0
2024-02,retrospective_partial,50326614,石手一丁目,33.84583333333333,132.80625,2,0.041666666666666664,10,0,2,0,0,0,False,False,False,7.0
2024-03,retrospective_partial,50325589,土居田町,33.82083333333334,132.74375,2,0.04878048780487805,6,0,2,0,0,0,False,False,False,7.0
2024-03,retrospective_partial,50326588,和気町二丁目 / 勝岡町,33.90416666666667,132.73125,2,0.04878048780487805,7,0,2,0,0,0,False,False,False,7.0
2024-05,retrospective_partial,50326640,東長戸四丁目,33.87083333333334,132.75625,2,0.06060606060606061,8,0,2,1,0,0,False,False,False,7.0
2024-06,retrospective_partial,50326587,勝岡町,33.90416666666667,132.71875,2,0.046511627906976744,10,0,2,0,0,0,False,False,False,7.0
2024-08,retrospective_partial,50326547,春美町 / 中須賀二丁目,33.87083333333334,132.71875,2,0.08,3,0,2,0,0,0,False,False,False,7.0
2024-11,exact_monthly,50325589,保免中二丁目 / 土居田町,33.82083333333334,132.74375,2,0.05,4,0,2,1,0,0,False,False,False,7.0
2025-02,exact_monthly,50326612,道後公園 / 岩崎町二丁目,33.84583333333333,132.78125,2,0.058823529411764705,8,0,2,1,0,0,False,False,False,7.0
2025-05,exact_monthly,50326509,南江戸三丁目 / 南江戸四丁目,33.837500000000006,132.74375,2,0.05,6,0,2,3,0,0,False,False,False,7.0
2025-08,exact_monthly,50326529,六軒家町 / 中央一丁目,33.85416666666667,132.74375,2,0.05714285714285714,6,0,2,1,0,0,False,False,False,7.0
2026-02,exact_monthly,50325597,高岡町,33.829166666666666,132.71875,2,0.041666666666666664,4,0,2,0,0,0,False,False,False,7.0
2026-02,exact_monthly,50326509,南江戸二丁目 / 南江戸三丁目,33.837500000000006,132.74375,2,0.041666666666666664,7,0,2,0,0,0,False,False,False,7.0
2026-02,exact_monthly,50326620,美沢一丁目 / 御幸二丁目,33.85416666666667,132.75625,2,0.041666666666666664,9,0,2,1,0,0,False,False,False,7.0
2026-03,exact_monthly,50326603,樽味四丁目 / 正円寺一丁目,33.837500000000006,132.79375,2,0.045454545454545456,10,0,2,1,0,0,False,False,False,7.0
2026-06,exact_monthly,50325692,中村三丁目 / 中村四丁目,33.829166666666666,132.78125,2,0.16666666666666666,1,0,2,0,0,0,False,False,False,7.0
2026-07,exact_monthly,50325670,古川北一丁目,33.8125,132.75625,2,0.09090909090909091,3,0,2,0,0,0,False,False,False,7.0
2021-07,retrospective_partial,50325692,中村五丁目,33.829166666666666,132.78125,1,0.09090909090909091,5,4,-3,4,2,4,False,False,False,6.0
2021-07,retrospective_partial,50326602,中村二丁目,33.837500000000006,132.78125,1,0.09090909090909091,7,1,0,1,2,6,False,False,False,6.0
2021-08,retrospective_partial,50326537,住吉二丁目,33.8625,132.71875,1,0.03225806451612903,15,3,-2,6,2,6,False,False,False,6.0
2021-09,retrospective_partial,50325598,空港通五丁目,33.829166666666666,132.73125,1,0.03225806451612903,8,1,0,3,2,2,False,False,False,6.0
2021-09,retrospective_partial,50325670,和泉南五丁目,33.8125,132.75625,1,0.03225806451612903,9,1,0,4,2,2,False,False,False,6.0
2021-09,retrospective_partial,50325691,立花二丁目,33.829166666666666,132.76874999999998,1,0.03225806451612903,15,2,-1,4,2,2,False,False,False,6.0
2021-10,retrospective_partial,50325671,古川北一丁目,33.8125,132.76874999999998,1,0.07142857142857142,4,1,0,1,2,3,False,False,False,6.0
2021-10,retrospective_partial,50326622,道後湯之町,33.85416666666667,132.78125,2,0.14285714285714285,2,6,-4,10,1,5,False,False,False,6.0
2021-11,retrospective_partial,50325671,古川南一丁目,33.8125,132.76874999999998,1,0.037037037037037035,11,1,0,2,2,3,False,False,False,6.0
2022-01,retrospective_partial,50325691,立花一丁目,33.829166666666666,132.76874999999998,1,0.06666666666666667,7,1,0,2,2,2,False,False,False,6.0
2022-01,retrospective_partial,50326602,日の出町,33.837500000000006,132.78125,1,0.06666666666666667,11,1,0,3,2,3,False,False,False,6.0
2022-02,retrospective_partial,50325692,中村三丁目,33.829166666666666,132.78125,1,0.02631578947368421,17,1,0,6,2,2,False,False,False,6.0
2022-02,retrospective_partial,50326610,宮西一丁目,33.84583333333333,132.75625,2,0.05263157894736842,7,2,0,3,1,1,False,False,False,6.0
2022-03,retrospective_partial,50325672,越智二丁目,33.8125,132.78125,1,0.034482758620689655,8,1,0,2,2,4,False,False,False,6.0
2022-03,retrospective_partial,50325692,小坂五丁目,33.829166666666666,132.78125,1,0.034482758620689655,11,1,0,6,2,5,False,False,False,6.0
2022-03,retrospective_partial,50325693,松末二丁目,33.829166666666666,132.79375,1,0.034482758620689655,12,1,0,1,2,2,False,False,False,6.0
2022-03,retrospective_partial,50326640,吉藤三丁目,33.87083333333334,132.75625,1,0.034482758620689655,18,1,0,1,2,3,False,False,False,6.0
2022-04,retrospective_partial,50325693,松末二丁目,33.829166666666666,132.79375,1,0.1,6,1,0,2,2,2,False,False,False,6.0
2022-06,retrospective_partial,50325670,古川北二丁目,33.8125,132.75625,1,0.029411764705882353,14,1,0,1,2,2,False,False,False,6.0
2022-06,retrospective_partial,50325681,朝生田町七丁目,33.82083333333334,132.76874999999998,1,0.029411764705882353,15,1,0,1,2,3,False,False,False,6.0
2022-06,retrospective_partial,50326640,東長戸四丁目,33.87083333333334,132.75625,1,0.029411764705882353,21,2,-1,3,2,5,False,False,False,6.0
2022-09,retrospective_partial,50325670,市坪北二丁目,33.8125,132.75625,1,0.03571428571428571,9,1,0,2,2,5,False,False,False,6.0
2022-10,retrospective_partial,50326602,旭町,33.837500000000006,132.78125,1,0.058823529411764705,8,1,0,2,2,5,False,False,False,6.0
2022-10,retrospective_partial,50326612,道後町二丁目,33.84583333333333,132.78125,1,0.058823529411764705,10,1,0,2,2,3,False,False,False,6.0
2022-10,retrospective_partial,50326630,山越五丁目,33.8625,132.75625,1,0.058823529411764705,14,1,0,1,2,2,False,False,False,6.0
2022-11,retrospective_partial,50325682,天山一丁目,33.82083333333334,132.78125,1,0.02857142857142857,11,1,0,4,2,4,False,False,False,6.0
2022-11,retrospective_partial,50326602,旭町,33.837500000000006,132.78125,1,0.02857142857142857,15,1,0,3,2,5,False,False,False,6.0
2023-01,retrospective_partial,50325681,朝生田町五丁目,33.82083333333334,132.76874999999998,1,0.09090909090909091,4,3,-2,9,2,4,False,False,False,6.0
2023-01,retrospective_partial,50325692,枝松四丁目,33.829166666666666,132.78125,1,0.09090909090909091,5,5,-4,7,2,2,False,False,False,6.0
2023-02,retrospective_partial,50325670,古川西一丁目,33.8125,132.75625,1,0.038461538461538464,6,2,-1,7,2,5,False,False,False,6.0
2023-02,retrospective_partial,50325681,朝生田町三丁目,33.82083333333334,132.76874999999998,1,0.038461538461538464,9,1,0,10,2,5,False,False,False,6.0
2023-04,retrospective_partial,50325692,枝松五丁目,33.829166666666666,132.78125,1,0.08333333333333333,5,1,0,2,2,3,False,False,False,6.0
2023-05,retrospective_partial,50325671,古川北二丁目,33.8125,132.76874999999998,1,0.03333333333333333,9,1,0,3,2,2,False,False,False,6.0
2023-06,retrospective_partial,50325671,古川北一丁目,33.8125,132.76874999999998,1,0.03225806451612903,12,1,0,2,2,2,False,False,False,6.0
2023-06,retrospective_partial,50326602,新立町,33.837500000000006,132.78125,1,0.03225806451612903,23,2,-1,2,2,5,False,False,False,6.0
2023-07,retrospective_partial,50325693,松末一丁目 / 束本二丁目 / 束本一丁目,33.829166666666666,132.79375,3,0.16666666666666666,1,3,0,4,0,0,False,False,False,6.0
2023-07,retrospective_partial,50326602,築山町,33.837500000000006,132.78125,1,0.05555555555555555,10,1,0,3,2,5,False,False,False,6.0
2023-08,retrospective_partial,50326537,中須賀三丁目,33.8625,132.71875,1,0.038461538461538464,16,2,-1,8,2,6,False,False,False,6.0
2023-09,retrospective_partial,50325690,小栗五丁目,33.829166666666666,132.75625,1,0.03225806451612903,14,1,0,2,2,2,False,False,False,6.0
2023-09,retrospective_partial,50326537,住吉二丁目,33.8625,132.71875,1,0.03225806451612903,16,1,0,5,2,8,False,False,False,6.0
2023-10,retrospective_partial,50325598,空港通六丁目,33.829166666666666,132.73125,1,0.07142857142857142,4,1,0,1,2,3,False,False,False,6.0
2023-10,retrospective_partial,50325671,西石井四丁目,33.8125,132.76874999999998,1,0.07142857142857142,5,1,0,2,2,3,False,False,False,6.0
2023-10,retrospective_partial,50326603,桑原三丁目,33.837500000000006,132.79375,1,0.07142857142857142,10,1,0,2,2,2,False,False,False,6.0
2023-11,retrospective_partial,50325598,空港通七丁目,33.829166666666666,132.73125,1,0.02564102564102564,9,1,0,2,2,3,False,False,False,6.0
2023-11,retrospective_partial,50326602,束本一丁目,33.837500000000006,132.78125,1,0.02564102564102564,16,1,0,5,2,3,False,False,False,6.0
2024-01,retrospective_partial,50325682,東石井二丁目,33.82083333333334,132.78125,1,0.125,4,1,0,1,2,2,False,False,False,6.0
2024-04,retrospective_partial,50326602,此花町,33.837500000000006,132.78125,1,0.07692307692307693,8,1,0,2,2,3,False,False,False,6.0
2024-04,retrospective_partial,50326620,中央一丁目,33.85416666666667,132.75625,1,0.07692307692307693,9,2,-1,4,2,3,False,False,False,6.0
2024-06,retrospective_partial,50325671,古川北四丁目,33.8125,132.76874999999998,1,0.023255813953488372,18,2,-1,2,2,2,False,False,False,6.0
2024-09,exact_monthly,50326613,石手二丁目,33.84583333333333,132.79375,1,0.018867924528301886,20,1,0,3,2,2,False,False,False,6.0
2024-09,exact_monthly,50326630,東長戸二丁目,33.8625,132.75625,1,0.018867924528301886,23,2,-1,5,2,4,False,False,False,6.0
2024-10,exact_monthly,50325672,越智三丁目,33.8125,132.78125,1,0.09090909090909091,3,4,-3,4,2,2,False,False,False,6.0
2024-10,exact_monthly,50325681,朝生田町五丁目,33.82083333333334,132.76874999999998,1,0.09090909090909091,4,2,-1,4,2,3,False,False,False,6.0
2024-10,exact_monthly,50325692,中村四丁目,33.829166666666666,132.78125,1,0.09090909090909091,6,1,0,1,2,6,False,False,False,6.0
2024-10,exact_monthly,50326537,中須賀三丁目 / 住吉二丁目,33.8625,132.71875,2,0.18181818181818182,1,3,-1,5,1,2,False,False,False,6.0
2024-11,exact_monthly,50326537,住吉一丁目 / 住吉二丁目,33.8625,132.71875,2,0.05,7,2,0,6,1,3,False,False,False,6.0
2025-01,exact_monthly,50325682,天山一丁目,33.82083333333334,132.78125,1,0.1111111111111111,4,1,0,1,2,2,False,False,False,6.0
2025-02,exact_monthly,50325681,朝生田町二丁目,33.82083333333334,132.76874999999998,1,0.029411764705882353,13,1,0,3,2,3,False,False,False,6.0
2025-02,exact_monthly,50325682,天山一丁目,33.82083333333334,132.78125,1,0.029411764705882353,14,1,0,2,2,2,False,False,False,6.0
2025-02,exact_monthly,50325691,小栗一丁目,33.829166666666666,132.76874999999998,1,0.029411764705882353,16,1,0,1,2,2,False,False,False,6.0
2025-03,exact_monthly,50325682,中村五丁目,33.82083333333334,132.78125,1,0.037037037037037035,9,1,0,3,2,4,False,False,False,6.0
2025-03,exact_monthly,50325691,立花一丁目,33.829166666666666,132.76874999999998,1,0.037037037037037035,11,1,0,2,2,2,False,False,False,6.0
2025-06,exact_monthly,50325597,高岡町,33.829166666666666,132.71875,1,0.030303030303030304,10,3,-2,3,2,3,False,False,False,6.0
2025-06,exact_monthly,50325672,東石井四丁目,33.8125,132.78125,1,0.030303030303030304,14,1,0,1,2,2,False,False,False,6.0
2025-06,exact_monthly,50325681,朝生田町二丁目,33.82083333333334,132.76874999999998,1,0.030303030303030304,16,1,0,3,2,2,False,False,False,6.0
2025-06,exact_monthly,50326630,東長戸二丁目,33.8625,132.75625,1,0.030303030303030304,22,2,-1,3,2,2,False,False,False,6.0
2025-07,exact_monthly,50325680,和泉南三丁目,33.82083333333334,132.75625,1,0.06666666666666667,4,2,-1,4,2,4,False,False,False,6.0
2025-09,exact_monthly,50325680,土居田町,33.82083333333334,132.75625,2,0.08695652173913043,2,2,0,5,1,1,False,False,False,6.0
2025-10,exact_monthly,50325693,畑寺二丁目,33.829166666666666,132.79375,1,0.09090909090909091,6,2,-1,4,2,2,False,False,False,6.0
2025-11,exact_monthly,50325693,畑寺二丁目,33.829166666666666,132.79375,1,0.041666666666666664,10,1,0,4,2,2,False,False,False,6.0
2025-11,exact_monthly,50326537,三津二丁目,33.8625,132.71875,1,0.041666666666666664,11,2,-1,9,2,3,False,False,False,6.0
2025-12,exact_monthly,50325670,古川北三丁目,33.8125,132.75625,1,0.038461538461538464,7,1,0,1,2,2,False,False,False,6.0
2025-12,exact_monthly,50325693,畑寺三丁目,33.829166666666666,132.79375,1,0.038461538461538464,11,1,0,4,2,3,False,False,False,6.0
2025-12,exact_monthly,50326610,宮西一丁目,33.84583333333333,132.75625,1,0.038461538461538464,15,2,-1,2,2,4,False,False,False,6.0
2026-02,exact_monthly,50326537,三津二丁目,33.8625,132.71875,1,0.020833333333333332,21,2,-1,3,2,4,False,False,False,6.0
2026-05,exact_monthly,50325681,朝生田町五丁目,33.82083333333334,132.76874999999998,1,0.14285714285714285,3,1,0,4,2,2,False,False,False,6.0
2021-06,retrospective_partial,50325579,保免中二丁目,33.8125,132.74375,1,0.016666666666666666,18,0,1,0,1,2,False,False,False,5.5
2021-06,retrospective_partial,50325599,空港通一丁目,33.829166666666666,132.74375,1,0.016666666666666666,19,0,1,0,1,1,False,False,False,5.5
2021-06,retrospective_partial,50325673,来住町,33.8125,132.79375,1,0.016666666666666666,21,0,1,0,1,1,False,False,False,5.5
2021-06,retrospective_partial,50325674,鷹子町,33.8125,132.80625,1,0.016666666666666666,22,0,1,0,1,1,False,False,False,5.5
2021-06,retrospective_partial,50325681,朝生田町一丁目,33.82083333333334,132.76874999999998,1,0.016666666666666666,23,0,1,0,1,1,False,False,False,5.5
2021-06,retrospective_partial,50326536,三津一丁目,33.8625,132.70624999999998,1,0.016666666666666666,25,0,1,0,1,1,False,False,False,5.5
2021-06,retrospective_partial,50326610,宮西一丁目,33.84583333333333,132.75625,1,0.016666666666666666,28,0,1,0,1,1,False,False,False,5.5
2021-06,retrospective_partial,50326650,吉藤四丁目,33.87916666666666,132.75625,1,0.016666666666666666,29,0,1,0,1,1,False,False,False,5.5
2021-07,retrospective_partial,50325680,和泉北一丁目,33.82083333333334,132.75625,1,0.09090909090909091,4,0,1,0,1,1,False,False,False,5.5
2021-08,retrospective_partial,50325578,余戸中六丁目,33.8125,132.73125,1,0.03225806451612903,8,0,1,1,1,1,False,False,False,5.5
2021-08,retrospective_partial,50325675,鷹子町,33.8125,132.81875,1,0.03225806451612903,12,0,1,0,1,1,False,False,False,5.5
2021-08,retrospective_partial,50326538,古三津二丁目,33.8625,132.73125,1,0.03225806451612903,16,0,1,0,1,1,False,False,False,5.5
2021-08,retrospective_partial,50326613,上市二丁目,33.84583333333333,132.79375,1,0.03225806451612903,18,0,1,2,1,1,False,False,False,5.5
2021-09,retrospective_partial,50325672,越智三丁目,33.8125,132.78125,1,0.03225806451612903,11,0,1,0,1,1,False,False,False,5.5
2021-09,retrospective_partial,50325673,来住町,33.8125,132.79375,1,0.03225806451612903,12,0,1,1,1,3,False,False,False,5.5
2021-09,retrospective_partial,50325680,土居田町,33.82083333333334,132.75625,1,0.03225806451612903,14,0,1,1,1,1,False,False,False,5.5
2021-09,retrospective_partial,50326650,鴨川一丁目,33.87916666666666,132.75625,1,0.03225806451612903,19,0,1,1,1,1,False,False,False,5.5
2021-10,retrospective_partial,50325690,藤原二丁目,33.829166666666666,132.75625,1,0.07142857142857142,5,0,1,0,1,1,False,False,False,5.5
2021-10,retrospective_partial,50326536,三津一丁目,33.8625,132.70624999999998,1,0.07142857142857142,8,0,1,1,1,1,False,False,False,5.5
2021-10,retrospective_partial,50326613,東野二丁目,33.84583333333333,132.79375,1,0.07142857142857142,10,0,1,1,1,2,False,False,False,5.5
2021-10,retrospective_partial,50326620,中央一丁目,33.85416666666667,132.75625,1,0.07142857142857142,11,0,1,2,1,2,False,False,False,5.5
2021-11,retrospective_partial,50325579,保免西一丁目,33.8125,132.74375,1,0.037037037037037035,5,0,1,2,1,1,False,False,False,5.5
2021-11,retrospective_partial,50325596,南吉田町,33.829166666666666,132.70624999999998,1,0.037037037037037035,7,0,1,0,1,1,False,False,False,5.5
2021-11,retrospective_partial,50325680,土居田町,33.82083333333334,132.75625,1,0.037037037037037035,12,0,1,1,1,2,False,False,False,5.5
2021-12,retrospective_partial,50325681,朝生田町五丁目,33.82083333333334,132.76874999999998,1,0.023255813953488372,16,0,1,0,1,1,False,False,False,5.5
2021-12,retrospective_partial,50326529,美沢一丁目,33.85416666666667,132.74375,1,0.023255813953488372,21,0,1,2,1,2,False,False,False,5.5
2021-12,retrospective_partial,50326603,正円寺二丁目,33.837500000000006,132.79375,1,0.023255813953488372,23,0,1,2,1,3,False,False,False,5.5
2022-01,retrospective_partial,50325663,来住町,33.80416666666666,132.79375,1,0.06666666666666667,5,0,1,0,1,1,False,False,False,5.5
2022-02,retrospective_partial,50325596,高岡町,33.829166666666666,132.70624999999998,1,0.02631578947368421,9,0,1,1,1,1,False,False,False,5.5
2022-02,retrospective_partial,50325670,古川北二丁目,33.8125,132.75625,1,0.02631578947368421,11,0,1,1,1,1,False,False,False,5.5
2022-02,retrospective_partial,50325671,古川北一丁目,33.8125,132.76874999999998,1,0.02631578947368421,12,0,1,3,1,1,False,False,False,5.5
2022-02,retrospective_partial,50326509,南江戸三丁目,33.837500000000006,132.74375,1,0.02631578947368421,19,0,1,2,1,1,False,False,False,5.5
2022-02,retrospective_partial,50326578,和気町一丁目,33.89583333333333,132.73125,1,0.02631578947368421,23,0,1,0,1,1,False,False,False,5.5
2022-03,retrospective_partial,50325663,来住町,33.80416666666666,132.79375,1,0.034482758620689655,7,0,1,1,1,1,False,False,False,5.5
2022-04,retrospective_partial,50325674,鷹子町,33.8125,132.80625,1,0.1,3,0,1,0,1,1,False,False,False,5.5
2022-04,retrospective_partial,50325680,土居田町,33.82083333333334,132.75625,1,0.1,4,0,1,2,1,1,False,False,False,5.5
2022-05,retrospective_partial,50325588,針田町,33.82083333333334,132.73125,1,0.038461538461538464,6,0,1,0,1,1,False,False,False,5.5
2022-05,retrospective_partial,50325672,越智三丁目,33.8125,132.78125,1,0.038461538461538464,11,0,1,2,1,3,False,False,False,5.5
2022-05,retrospective_partial,50326509,南江戸三丁目,33.837500000000006,132.74375,1,0.038461538461538464,16,0,1,1,1,3,False,False,False,5.5
2022-05,retrospective_partial,50326620,山越一丁目,33.85416666666667,132.75625,1,0.038461538461538464,20,0,1,2,1,1,False,False,False,5.5
2022-06,retrospective_partial,50325589,保免中一丁目,33.82083333333334,132.74375,1,0.029411764705882353,8,0,1,0,1,1,False,False,False,5.5
2022-06,retrospective_partial,50325599,空港通三丁目,33.829166666666666,132.74375,1,0.029411764705882353,11,0,1,2,1,2,False,False,False,5.5
2022-06,retrospective_partial,50325663,来住町,33.80416666666666,132.79375,1,0.029411764705882353,12,0,1,1,1,2,False,False,False,5.5
2022-06,retrospective_partial,50325693,畑寺二丁目,33.829166666666666,132.79375,1,0.029411764705882353,17,0,1,2,1,1,False,False,False,5.5
2022-08,retrospective_partial,50325661,古川南一丁目,33.80416666666666,132.76874999999998,1,0.038461538461538464,9,0,1,0,1,1,False,False,False,5.5
2022-09,retrospective_partial,50325578,余戸中三丁目,33.8125,132.73125,1,0.03571428571428571,6,0,1,0,1,1,False,False,False,5.5
2022-09,retrospective_partial,50325671,古川北三丁目,33.8125,132.76874999999998,1,0.03571428571428571,10,0,1,0,1,3,False,False,False,5.5
2022-09,retrospective_partial,50326603,桑原二丁目,33.837500000000006,132.79375,1,0.03571428571428571,17,0,1,0,1,2,False,False,False,5.5
2022-09,retrospective_partial,50326620,山越六丁目,33.85416666666667,132.75625,1,0.03571428571428571,19,0,1,1,1,1,False,False,False,5.5
2022-10,retrospective_partial,50325598,空港通三丁目,33.829166666666666,132.73125,1,0.058823529411764705,5,0,1,0,1,1,False,False,False,5.5
2022-10,retrospective_partial,50326621,道後樋又,33.85416666666667,132.76874999999998,1,0.058823529411764705,13,0,1,0,1,2,False,False,False,5.5
2022-11,retrospective_partial,50325599,竹原三丁目,33.829166666666666,132.74375,1,0.02857142857142857,10,0,1,2,1,1,False,False,False,5.5
2022-11,retrospective_partial,50325674,鷹子町,33.8125,132.80625,2,0.05714285714285714,4,1,1,2,0,0,False,False,False,5.5
2022-11,retrospective_partial,50326579,和気町一丁目,33.89583333333333,132.74375,1,0.02857142857142857,14,0,1,1,1,1,False,False,False,5.5
2022-12,retrospective_partial,50325680,保免上一丁目,33.82083333333334,132.75625,1,0.021739130434782608,17,0,1,0,1,1,False,False,False,5.5
2022-12,retrospective_partial,50326547,松ノ木一丁目,33.87083333333334,132.71875,1,0.021739130434782608,20,0,1,0,1,1,False,False,False,5.5
2022-12,retrospective_partial,50326612,道後町二丁目,33.84583333333333,132.78125,2,0.043478260869565216,10,1,1,3,0,0,False,False,False,5.5
2022-12,retrospective_partial,50327560,中島大浦,33.97083333333333,132.63125,1,0.021739130434782608,24,0,1,0,1,1,False,False,False,5.5
2023-01,retrospective_partial,50326630,姫原三丁目,33.8625,132.75625,1,0.09090909090909091,7,0,1,2,1,1,False,False,False,5.5
2023-02,retrospective_partial,50325598,空港通三丁目,33.829166666666666,132.73125,1,0.038461538461538464,5,0,1,1,1,1,False,False,False,5.5
2023-02,retrospective_partial,50325672,東石井四丁目,33.8125,132.78125,1,0.038461538461538464,7,0,1,2,1,3,False,False,False,5.5
2023-02,retrospective_partial,50325680,和泉南二丁目,33.82083333333334,132.75625,1,0.038461538461538464,8,0,1,1,1,1,False,False,False,5.5
2023-02,retrospective_partial,50325682,東石井五丁目,33.82083333333334,132.78125,1,0.038461538461538464,10,0,1,4,1,1,False,False,False,5.5
2023-02,retrospective_partial,50325693,畑寺二丁目,33.829166666666666,132.79375,1,0.038461538461538464,12,0,1,0,1,1,False,False,False,5.5
2023-02,retrospective_partial,50326602,此花町,33.837500000000006,132.78125,1,0.038461538461538464,16,0,1,5,1,2,False,False,False,5.5
2023-03,retrospective_partial,50326630,問屋町,33.8625,132.75625,1,0.034482758620689655,15,0,1,1,1,1,False,False,False,5.5
2023-04,retrospective_partial,50326613,石手二丁目,33.84583333333333,132.79375,1,0.08333333333333333,8,0,1,0,1,1,False,False,False,5.5
2023-05,retrospective_partial,50325587,南吉田町,33.82083333333334,132.71875,1,0.03333333333333333,7,0,1,0,1,1,False,False,False,5.5
2023-05,retrospective_partial,50325682,東石井五丁目,33.82083333333334,132.78125,1,0.03333333333333333,10,0,1,1,1,1,False,False,False,5.5
2023-05,retrospective_partial,50326527,若葉町,33.85416666666667,132.71875,1,0.03333333333333333,15,0,1,0,1,1,False,False,False,5.5
2023-05,retrospective_partial,50326612,岩崎町二丁目,33.84583333333333,132.78125,1,0.03333333333333333,18,0,1,0,1,1,False,False,False,5.5
2023-06,retrospective_partial,50325663,来住町,33.80416666666666,132.79375,1,0.03225806451612903,10,0,1,0,1,2,False,False,False,5.5
2023-06,retrospective_partial,50325672,東石井三丁目,33.8125,132.78125,1,0.03225806451612903,13,0,1,3,1,2,False,False,False,5.5
2023-07,retrospective_partial,50326621,御幸二丁目,33.85416666666667,132.76874999999998,1,0.05555555555555555,11,0,1,0,1,1,False,False,False,5.5
2023-08,retrospective_partial,50325587,余戸西六丁目,33.82083333333334,132.71875,1,0.038461538461538464,7,0,1,1,1,1,False,False,False,5.5
2023-08,retrospective_partial,50326527,大可賀二丁目,33.85416666666667,132.71875,1,0.038461538461538464,15,0,1,1,1,1,False,False,False,5.5
2023-09,retrospective_partial,50325578,余戸東二丁目,33.8125,132.73125,1,0.03225806451612903,8,0,1,0,1,1,False,False,False,5.5
2023-09,retrospective_partial,50325670,市坪北一丁目,33.8125,132.75625,1,0.03225806451612903,11,0,1,3,1,2,False,False,False,5.5
2023-09,retrospective_partial,50325675,鷹子町,33.8125,132.81875,1,0.03225806451612903,13,0,1,2,1,1,False,False,False,5.5
2023-09,retrospective_partial,50326640,吉藤二丁目,33.87083333333334,132.75625,1,0.03225806451612903,21,0,1,0,1,1,False,False,False,5.5
2023-10,retrospective_partial,50325673,来住町,33.8125,132.79375,1,0.07142857142857142,6,0,1,0,1,1,False,False,False,5.5
2023-11,retrospective_partial,50325579,保免西二丁目,33.8125,132.74375,1,0.02564102564102564,8,0,1,2,1,1,False,False,False,5.5
2023-11,retrospective_partial,50325663,来住町,33.80416666666666,132.79375,1,0.02564102564102564,10,0,1,2,1,1,False,False,False,5.5
2023-11,retrospective_partial,50325672,東石井二丁目,33.8125,132.78125,1,0.02564102564102564,11,0,1,2,1,2,False,False,False,5.5
2023-11,retrospective_partial,50326527,大可賀二丁目,33.85416666666667,132.71875,1,0.02564102564102564,14,0,1,1,1,3,False,False,False,5.5
2023-12,retrospective_partial,50325673,来住町,33.8125,132.79375,1,0.043478260869565216,6,0,1,1,1,1,False,False,False,5.5
2023-12,retrospective_partial,50325693,桑原五丁目,33.829166666666666,132.79375,1,0.043478260869565216,11,0,1,0,1,4,False,False,False,5.5
2024-01,retrospective_partial,50326612,岩崎町一丁目,33.84583333333333,132.78125,1,0.125,6,0,1,5,1,1,False,False,False,5.5
2024-02,retrospective_partial,50325579,保免西四丁目,33.8125,132.74375,1,0.020833333333333332,12,0,1,1,1,1,False,False,False,5.5
2024-02,retrospective_partial,50325671,古川北二丁目,33.8125,132.76874999999998,1,0.020833333333333332,15,0,1,3,1,2,False,False,False,5.5
2024-02,retrospective_partial,50325690,和泉北一丁目,33.829166666666666,132.75625,1,0.020833333333333332,18,0,1,1,1,4,False,False,False,5.5
2024-02,retrospective_partial,50325691,立花二丁目,33.829166666666666,132.76874999999998,1,0.020833333333333332,19,0,1,0,1,1,False,False,False,5.5
2024-02,retrospective_partial,50326548,高山町,33.87083333333334,132.73125,1,0.020833333333333332,20,0,1,0,1,1,False,False,False,5.5
2024-02,retrospective_partial,50326610,宮西一丁目,33.84583333333333,132.75625,1,0.020833333333333332,22,0,1,2,1,2,False,False,False,5.5
2024-02,retrospective_partial,50326613,紅葉町,33.84583333333333,132.79375,1,0.020833333333333332,23,0,1,2,1,1,False,False,False,5.5
2024-02,retrospective_partial,50326621,道後樋又,33.85416666666667,132.76874999999998,1,0.020833333333333332,25,0,1,0,1,1,False,False,False,5.5
2024-03,retrospective_partial,50325663,来住町,33.80416666666666,132.79375,1,0.024390243902439025,12,0,1,1,1,1,False,False,False,5.5
2024-03,retrospective_partial,50326612,道後一万,33.84583333333333,132.78125,1,0.024390243902439025,18,0,1,1,1,2,False,False,False,5.5
2024-03,retrospective_partial,50326640,吉藤三丁目,33.87083333333334,132.75625,1,0.024390243902439025,19,0,1,0,1,2,False,False,False,5.5
2024-04,retrospective_partial,50325692,枝松四丁目,33.829166666666666,132.78125,1,0.07692307692307693,4,0,1,5,1,2,False,False,False,5.5
2024-04,retrospective_partial,50326537,住吉一丁目,33.8625,132.71875,1,0.07692307692307693,6,0,1,3,1,1,False,False,False,5.5
2024-04,retrospective_partial,50326548,高山町,33.87083333333334,132.73125,1,0.07692307692307693,7,0,1,1,1,1,False,False,False,5.5
2024-05,retrospective_partial,50325579,市坪西町,33.8125,132.74375,1,0.030303030303030304,9,0,1,1,1,2,False,False,False,5.5
2024-05,retrospective_partial,50325597,南吉田町,33.829166666666666,132.71875,1,0.030303030303030304,10,0,1,2,1,1,False,False,False,5.5
2024-05,retrospective_partial,50325598,空港通四丁目,33.829166666666666,132.73125,1,0.030303030303030304,11,0,1,2,1,1,False,False,False,5.5
2024-05,retrospective_partial,50325599,空港通二丁目,33.829166666666666,132.74375,1,0.030303030303030304,12,0,1,4,1,1,False,False,False,5.5
2024-05,retrospective_partial,50325664,来住町,33.80416666666666,132.80625,1,0.030303030303030304,13,0,1,0,1,1,False,False,False,5.5
2024-05,retrospective_partial,50325691,小栗一丁目,33.829166666666666,132.76874999999998,1,0.030303030303030304,15,0,1,1,1,2,False,False,False,5.5
2024-05,retrospective_partial,50326603,樽味二丁目,33.837500000000006,132.79375,1,0.030303030303030304,19,0,1,5,1,1,False,False,False,5.5
2024-05,retrospective_partial,50326621,道後樋又,33.85416666666667,132.76874999999998,1,0.030303030303030304,21,0,1,1,1,1,False,False,False,5.5
2024-06,retrospective_partial,50325579,市坪西町,33.8125,132.74375,2,0.046511627906976744,5,1,1,1,0,0,False,False,False,5.5
2024-07,retrospective_partial,50325690,藤原二丁目,33.829166666666666,132.75625,1,0.1,5,0,1,4,1,3,False,False,False,5.5
2024-08,retrospective_partial,50325589,保免中一丁目,33.82083333333334,132.74375,1,0.04,5,0,1,0,1,2,False,False,False,5.5
2024-08,retrospective_partial,50325680,和泉北一丁目,33.82083333333334,132.75625,1,0.04,10,0,1,0,1,1,False,False,False,5.5
2024-08,retrospective_partial,50326603,正円寺三丁目,33.837500000000006,132.79375,1,0.04,15,0,1,1,1,1,False,False,False,5.5
2024-08,retrospective_partial,50326621,道後樋又,33.85416666666667,132.76874999999998,1,0.04,17,0,1,1,1,1,False,False,False,5.5
2024-09,exact_monthly,50325682,天山二丁目,33.82083333333334,132.78125,1,0.018867924528301886,12,0,1,3,1,1,False,False,False,5.5
2024-09,exact_monthly,50326529,衣山一丁目,33.85416666666667,132.74375,1,0.018867924528301886,16,0,1,0,1,1,False,False,False,5.5
2024-09,exact_monthly,50326612,道後町二丁目,33.84583333333333,132.78125,1,0.018867924528301886,19,0,1,2,1,1,False,False,False,5.5
2024-10,exact_monthly,50325599,空港通一丁目,33.829166666666666,132.74375,1,0.09090909090909091,2,0,1,1,1,4,False,False,False,5.5
2024-10,exact_monthly,50326509,南江戸三丁目,33.837500000000006,132.74375,1,0.09090909090909091,7,0,1,0,1,1,False,False,False,5.5
2024-10,exact_monthly,50326610,宮西一丁目,33.84583333333333,132.75625,1,0.09090909090909091,8,0,1,0,1,1,False,False,False,5.5
2024-11,exact_monthly,50325597,高岡町,33.829166666666666,132.71875,1,0.025,11,0,1,0,1,1,False,False,False,5.5
2024-11,exact_monthly,50325598,空港通六丁目,33.829166666666666,132.73125,1,0.025,12,0,1,2,1,1,False,False,False,5.5
2024-11,exact_monthly,50325680,和泉南二丁目,33.82083333333334,132.75625,1,0.025,16,0,1,1,1,1,False,False,False,5.5
2024-11,exact_monthly,50326536,三津三丁目,33.8625,132.70624999999998,1,0.025,20,0,1,3,1,1,False,False,False,5.5
2024-11,exact_monthly,50326579,和気町一丁目,33.89583333333333,132.74375,1,0.025,22,0,1,0,1,1,False,False,False,5.5
2024-11,exact_monthly,50326613,石手二丁目,33.84583333333333,132.79375,1,0.025,23,0,1,2,1,1,False,False,False,5.5
2024-12,exact_monthly,50325673,来住町,33.8125,132.79375,1,0.02631578947368421,10,0,1,1,1,2,False,False,False,5.5
2024-12,exact_monthly,50326612,道後町一丁目,33.84583333333333,132.78125,1,0.02631578947368421,20,0,1,1,1,2,False,False,False,5.5
2025-01,exact_monthly,50325670,和泉南三丁目,33.8125,132.75625,1,0.1111111111111111,2,0,1,0,1,1,False,False,False,5.5
2025-01,exact_monthly,50326579,和気町一丁目,33.89583333333333,132.74375,1,0.1111111111111111,7,0,1,1,1,1,False,False,False,5.5
2025-01,exact_monthly,50326621,道後樋又,33.85416666666667,132.76874999999998,1,0.1111111111111111,8,0,1,0,1,1,False,False,False,5.5
2025-02,exact_monthly,50325598,空港通五丁目,33.829166666666666,132.73125,1,0.029411764705882353,10,0,1,1,1,2,False,False,False,5.5
2025-02,exact_monthly,50325690,藤原二丁目,33.829166666666666,132.75625,1,0.029411764705882353,15,0,1,3,1,1,False,False,False,5.5
2025-02,exact_monthly,50326602,新立町,33.837500000000006,132.78125,1,0.029411764705882353,17,0,1,4,1,1,False,False,False,5.5
2025-02,exact_monthly,50326623,道後湯之町,33.85416666666667,132.79375,1,0.029411764705882353,19,0,1,2,1,1,False,False,False,5.5
2025-02,exact_monthly,50326640,東長戸一丁目,33.87083333333334,132.75625,1,0.029411764705882353,20,0,1,2,1,1,False,False,False,5.5
2025-03,exact_monthly,50325578,余戸南二丁目,33.8125,132.73125,1,0.037037037037037035,6,0,1,0,1,1,False,False,False,5.5
2025-03,exact_monthly,50325663,来住町,33.80416666666666,132.79375,1,0.037037037037037035,7,0,1,0,1,2,False,False,False,5.5
2025-03,exact_monthly,50326527,須賀町,33.85416666666667,132.71875,1,0.037037037037037035,14,0,1,0,1,3,False,False,False,5.5
2025-03,exact_monthly,50326603,樽味四丁目,33.837500000000006,132.79375,1,0.037037037037037035,19,0,1,0,1,1,False,False,False,5.5
2025-03,exact_monthly,50327652,府中,33.962500000000006,132.78125,1,0.037037037037037035,22,0,1,0,1,1,False,False,False,5.5
2025-04,exact_monthly,50325663,来住町,33.80416666666666,132.79375,2,0.13333333333333333,1,1,1,1,0,0,False,False,False,5.5
2025-04,exact_monthly,50326537,住吉一丁目,33.8625,132.71875,1,0.06666666666666667,8,0,1,3,1,1,False,False,False,5.5
2025-05,exact_monthly,50325578,余戸東二丁目,33.8125,132.73125,1,0.025,10,0,1,1,1,1,False,False,False,5.5
2025-05,exact_monthly,50325692,中村三丁目,33.829166666666666,132.78125,1,0.025,17,0,1,2,1,1,False,False,False,5.5
2025-05,exact_monthly,50326528,古三津二丁目,33.85416666666667,132.73125,1,0.025,19,0,1,1,1,1,False,False,False,5.5
2025-05,exact_monthly,50326529,美沢一丁目,33.85416666666667,132.74375,1,0.025,20,0,1,0,1,2,False,False,False,5.5
2025-05,exact_monthly,50326547,春美町,33.87083333333334,132.71875,1,0.025,22,0,1,0,1,1,False,False,False,5.5
2025-05,exact_monthly,50326620,中央一丁目,33.85416666666667,132.75625,2,0.05,8,1,1,3,0,0,False,False,False,5.5
2025-05,exact_monthly,50327652,河野別府,33.962500000000006,132.78125,1,0.025,26,0,1,1,1,1,False,False,False,5.5
2025-06,exact_monthly,50327631,河野中須賀,33.94583333333334,132.76874999999998,1,0.030303030303030304,23,0,1,0,1,1,False,False,False,5.5
2025-08,exact_monthly,50325579,余戸南一丁目,33.8125,132.74375,1,0.02857142857142857,9,0,1,0,1,2,False,False,False,5.5
2025-08,exact_monthly,50325672,東石井六丁目,33.8125,132.78125,1,0.02857142857142857,15,0,1,2,1,1,False,False,False,5.5
2025-08,exact_monthly,50325675,鷹子町,33.8125,132.81875,1,0.02857142857142857,16,0,1,0,1,1,False,False,False,5.5
2025-08,exact_monthly,50325682,天山一丁目,33.82083333333334,132.78125,1,0.02857142857142857,17,0,1,4,1,2,False,False,False,5.5
2025-08,exact_monthly,50327642,河野別府,33.954166666666666,132.78125,1,0.02857142857142857,22,0,1,0,1,1,False,False,False,5.5
2025-08,exact_monthly,50327652,中西外,33.962500000000006,132.78125,1,0.02857142857142857,23,0,1,1,1,1,False,False,False,5.5
2025-09,exact_monthly,50325579,保免西三丁目 / 市坪西町,33.8125,132.74375,2,0.08695652173913043,1,1,1,1,0,0,False,False,False,5.5
2025-09,exact_monthly,50325674,鷹子町,33.8125,132.80625,1,0.043478260869565216,9,0,1,2,1,1,False,False,False,5.5
2025-09,exact_monthly,50326603,樽味四丁目,33.837500000000006,132.79375,1,0.043478260869565216,12,0,1,0,1,1,False,False,False,5.5
2025-10,exact_monthly,50325691,立花一丁目,33.829166666666666,132.76874999999998,1,0.09090909090909091,4,0,1,1,1,2,False,False,False,5.5
2025-11,exact_monthly,50325675,鷹子町,33.8125,132.81875,1,0.041666666666666664,8,0,1,1,1,1,False,False,False,5.5
2025-11,exact_monthly,50326620,山越六丁目,33.85416666666667,132.75625,1,0.041666666666666664,12,0,1,0,1,2,False,False,False,5.5
2025-11,exact_monthly,50326630,山越五丁目,33.8625,132.75625,1,0.041666666666666664,14,0,1,2,1,3,False,False,False,5.5
2025-12,exact_monthly,50325578,余戸中四丁目,33.8125,132.73125,1,0.038461538461538464,6,0,1,0,1,1,False,False,False,5.5
2025-12,exact_monthly,50325680,保免上一丁目,33.82083333333334,132.75625,1,0.038461538461538464,10,0,1,2,1,1,False,False,False,5.5
2025-12,exact_monthly,50325692,束本一丁目,33.829166666666666,132.78125,2,0.07692307692307693,5,1,1,2,0,0,False,False,False,5.5
2025-12,exact_monthly,50326528,古三津三丁目,33.85416666666667,132.73125,1,0.038461538461538464,13,0,1,0,1,1,False,False,False,5.5
2025-12,exact_monthly,50326603,桑原三丁目,33.837500000000006,132.79375,1,0.038461538461538464,14,0,1,1,1,2,False,False,False,5.5
2025-12,exact_monthly,50326640,鴨川一丁目,33.87083333333334,132.75625,1,0.038461538461538464,17,0,1,0,1,1,False,False,False,5.5
2026-01,exact_monthly,50325599,空港通二丁目,33.829166666666666,132.74375,1,0.2,2,0,1,1,1,1,False,False,False,5.5
2026-02,exact_monthly,50325598,高岡町,33.829166666666666,132.73125,1,0.020833333333333332,10,0,1,0,1,2,False,False,False,5.5
2026-02,exact_monthly,50325673,北久米町,33.8125,132.79375,1,0.020833333333333332,12,0,1,0,1,3,False,False,False,5.5
2026-02,exact_monthly,50325680,保免上一丁目,33.82083333333334,132.75625,1,0.020833333333333332,14,0,1,1,1,1,False,False,False,5.5
2026-02,exact_monthly,50325691,立花五丁目,33.829166666666666,132.76874999999998,1,0.020833333333333332,17,0,1,2,1,1,False,False,False,5.5
2026-02,exact_monthly,50326527,須賀町,33.85416666666667,132.71875,1,0.020833333333333332,19,0,1,1,1,2,False,False,False,5.5
2026-02,exact_monthly,50326588,和気町二丁目,33.90416666666667,132.73125,1,0.020833333333333332,22,0,1,0,1,1,False,False,False,5.5
2026-03,exact_monthly,50325672,越智三丁目,33.8125,132.78125,1,0.022727272727272728,14,0,1,0,1,1,False,False,False,5.5
2026-03,exact_monthly,50326527,清住一丁目 / 祓川一丁目,33.85416666666667,132.71875,2,0.045454545454545456,9,1,1,2,0,0,False,False,False,5.5
2026-03,exact_monthly,50327661,土手内,33.97083333333333,132.76874999999998,1,0.022727272727272728,24,0,1,0,1,1,False,False,False,5.5
2026-04,exact_monthly,50326623,道後湯之町,33.85416666666667,132.79375,1,0.07142857142857142,9,0,1,0,1,1,False,False,False,5.5
2026-05,exact_monthly,50325671,居相四丁目,33.8125,132.76874999999998,1,0.14285714285714285,1,0,1,5,1,1,False,False,False,5.5
2026-05,exact_monthly,50325693,桑原七丁目,33.829166666666666,132.79375,1,0.14285714285714285,5,0,1,3,1,1,False,False,False,5.5
2026-06,exact_monthly,50325579,市坪西町,33.8125,132.74375,1,0.08333333333333333,2,0,1,8,1,1,False,False,False,5.5
2026-06,exact_monthly,50325599,土居田町,33.829166666666666,132.74375,1,0.08333333333333333,5,0,1,0,1,1,False,False,False,5.5
2026-06,exact_monthly,50326602,新立町,33.837500000000006,132.78125,1,0.08333333333333333,9,0,1,0,1,2,False,False,False,5.5
2026-07,exact_monthly,50326602,日の出町 / 束本一丁目,33.837500000000006,132.78125,2,0.09090909090909091,4,1,1,1,0,0,False,False,False,5.5
2021-07,retrospective_partial,50326536,三津一丁目,33.8625,132.70624999999998,1,0.09090909090909091,6,1,0,1,1,1,False,False,False,4.0
2021-07,retrospective_partial,50326630,山越四丁目,33.8625,132.75625,1,0.09090909090909091,9,2,-1,2,1,2,False,False,False,4.0
2021-08,retrospective_partial,50326620,六軒家町,33.85416666666667,132.75625,1,0.03225806451612903,19,1,0,1,1,1,False,False,False,4.0
2021-09,retrospective_partial,50325675,鷹子町,33.8125,132.81875,1,0.03225806451612903,13,1,0,1,1,2,False,False,False,4.0
2021-10,retrospective_partial,50325670,和泉南六丁目,33.8125,132.75625,1,0.07142857142857142,3,1,0,2,1,1,False,False,False,4.0
2021-10,retrospective_partial,50326603,枝松一丁目,33.837500000000006,132.79375,1,0.07142857142857142,9,1,0,1,1,1,False,False,False,4.0
2021-11,retrospective_partial,50325670,市坪北二丁目,33.8125,132.75625,1,0.037037037037037035,10,1,0,3,1,1,False,False,False,4.0
2021-11,retrospective_partial,50325690,竹原二丁目,33.829166666666666,132.75625,1,0.037037037037037035,14,1,0,1,1,1,False,False,False,4.0
2021-12,retrospective_partial,50325598,空港通六丁目,33.829166666666666,132.73125,1,0.023255813953488372,13,1,0,2,1,1,False,False,False,4.0
2021-12,retrospective_partial,50325682,天山三丁目,33.82083333333334,132.78125,1,0.023255813953488372,17,1,0,1,1,3,False,False,False,4.0
2021-12,retrospective_partial,50326509,南江戸四丁目,33.837500000000006,132.74375,1,0.023255813953488372,19,1,0,1,1,1,False,False,False,4.0
2022-01,retrospective_partial,50326519,美沢一丁目,33.84583333333333,132.74375,1,0.06666666666666667,9,1,0,1,1,1,False,False,False,4.0
2022-01,retrospective_partial,50326630,山越四丁目,33.8625,132.75625,1,0.06666666666666667,12,2,-1,3,1,1,False,False,False,4.0
2022-02,retrospective_partial,50325691,祇園町,33.829166666666666,132.76874999999998,1,0.02631578947368421,16,1,0,3,1,1,False,False,False,4.0
2022-03,retrospective_partial,50325673,来住町,33.8125,132.79375,1,0.034482758620689655,9,1,0,4,1,1,False,False,False,4.0
2022-03,retrospective_partial,50325691,拓川町,33.829166666666666,132.76874999999998,1,0.034482758620689655,10,1,0,3,1,1,False,False,False,4.0
2022-03,retrospective_partial,50326602,築山町,33.837500000000006,132.78125,1,0.034482758620689655,14,2,-1,4,1,2,False,False,False,4.0
2022-03,retrospective_partial,50326620,山越一丁目,33.85416666666667,132.75625,1,0.034482758620689655,16,1,0,3,1,1,False,False,False,4.0
2022-04,retrospective_partial,50325692,中村三丁目,33.829166666666666,132.78125,1,0.1,5,1,0,3,1,4,False,False,False,4.0
2022-06,retrospective_partial,50325596,北吉田町,33.829166666666666,132.70624999999998,1,0.029411764705882353,9,1,0,1,1,1,False,False,False,4.0
2022-06,retrospective_partial,50326613,東野一丁目,33.84583333333333,132.79375,1,0.029411764705882353,20,2,-1,5,1,1,False,False,False,4.0
2022-07,retrospective_partial,50325693,桑原三丁目,33.829166666666666,132.79375,1,0.1111111111111111,4,1,0,2,1,2,False,False,False,4.0
2022-07,retrospective_partial,50326640,東長戸一丁目,33.87083333333334,132.75625,1,0.1111111111111111,8,1,0,3,1,4,False,False,False,4.0
2022-09,retrospective_partial,50325691,立花二丁目,33.829166666666666,132.76874999999998,1,0.03571428571428571,13,1,0,2,1,1,False,False,False,4.0
2022-10,retrospective_partial,50325674,鷹子町,33.8125,132.80625,1,0.058823529411764705,6,1,0,1,1,2,False,False,False,4.0
2022-11,retrospective_partial,50326612,岩崎町一丁目,33.84583333333333,132.78125,1,0.02857142857142857,16,1,0,3,1,2,False,False,False,4.0
2022-11,retrospective_partial,50326613,東野一丁目,33.84583333333333,132.79375,1,0.02857142857142857,17,1,0,2,1,1,False,False,False,4.0
2022-11,retrospective_partial,50326630,山越四丁目,33.8625,132.75625,1,0.02857142857142857,18,1,0,2,1,1,False,False,False,4.0
2022-12,retrospective_partial,50325690,竹原二丁目,33.829166666666666,132.75625,1,0.021739130434782608,18,1,0,2,1,1,False,False,False,4.0
2022-12,retrospective_partial,50326579,馬木町,33.89583333333333,132.74375,1,0.021739130434782608,21,1,0,2,1,1,False,False,False,4.0
2023-03,retrospective_partial,50326548,高山町,33.87083333333334,132.73125,1,0.034482758620689655,10,1,0,1,1,1,False,False,False,4.0
2023-03,retrospective_partial,50326610,宮西一丁目,33.84583333333333,132.75625,1,0.034482758620689655,13,2,-1,2,1,1,False,False,False,4.0
2023-05,retrospective_partial,50325692,中村四丁目,33.829166666666666,132.78125,1,0.03333333333333333,12,1,0,2,1,2,False,False,False,4.0
2023-06,retrospective_partial,50325588,余戸中六丁目,33.82083333333334,132.73125,1,0.03225806451612903,7,1,0,1,1,1,False,False,False,4.0
2023-06,retrospective_partial,50325691,立花三丁目,33.829166666666666,132.76874999999998,1,0.03225806451612903,18,1,0,1,1,1,False,False,False,4.0
2023-06,retrospective_partial,50326509,南江戸三丁目,33.837500000000006,132.74375,1,0.03225806451612903,20,1,0,1,1,1,False,False,False,4.0
2023-06,retrospective_partial,50326612,道後町一丁目,33.84583333333333,132.78125,1,0.03225806451612903,24,1,0,1,1,1,False,False,False,4.0
2023-07,retrospective_partial,50325670,古川南一丁目,33.8125,132.75625,1,0.05555555555555555,5,2,-1,5,1,1,False,False,False,4.0
2023-07,retrospective_partial,50325675,鷹子町,33.8125,132.81875,1,0.05555555555555555,7,1,0,1,1,1,False,False,False,4.0
2023-10,retrospective_partial,50325690,雄郡二丁目,33.829166666666666,132.75625,1,0.07142857142857142,7,1,0,2,1,1,False,False,False,4.0
2023-11,retrospective_partial,50325690,小栗四丁目,33.829166666666666,132.75625,1,0.02564102564102564,13,1,0,3,1,1,False,False,False,4.0
2023-11,retrospective_partial,50326603,桑原一丁目,33.837500000000006,132.79375,1,0.02564102564102564,17,1,0,3,1,1,False,False,False,4.0
2023-12,retrospective_partial,50325663,来住町,33.80416666666666,132.79375,1,0.043478260869565216,4,1,0,3,1,1,False,False,False,4.0
2023-12,retrospective_partial,50325671,古川北三丁目,33.8125,132.76874999999998,1,0.043478260869565216,5,2,-1,4,1,1,False,False,False,4.0
2023-12,retrospective_partial,50325680,和泉北三丁目,33.82083333333334,132.75625,1,0.043478260869565216,8,1,0,1,1,3,False,False,False,4.0
2023-12,retrospective_partial,50326603,東野一丁目,33.837500000000006,132.79375,1,0.043478260869565216,15,1,0,3,1,5,False,False,False,4.0
2023-12,retrospective_partial,50326610,宮西一丁目,33.84583333333333,132.75625,1,0.043478260869565216,17,1,0,3,1,1,False,False,False,4.0
2023-12,retrospective_partial,50326613,東野二丁目,33.84583333333333,132.79375,1,0.043478260869565216,18,1,0,1,1,1,False,False,False,4.0
2024-02,retrospective_partial,50325682,東石井二丁目,33.82083333333334,132.78125,1,0.020833333333333332,17,1,0,2,1,1,False,False,False,4.0
2024-03,retrospective_partial,50325598,高岡町,33.829166666666666,132.73125,1,0.024390243902439025,10,1,0,3,1,1,False,False,False,4.0
2024-03,retrospective_partial,50325682,天山三丁目,33.82083333333334,132.78125,1,0.024390243902439025,15,1,0,3,1,3,False,False,False,4.0
2024-06,retrospective_partial,50326620,御幸二丁目,33.85416666666667,132.75625,1,0.023255813953488372,24,2,-1,5,1,1,False,False,False,4.0
2024-07,retrospective_partial,50325671,古川北二丁目,33.8125,132.76874999999998,1,0.1,4,1,0,3,1,1,False,False,False,4.0
2024-08,retrospective_partial,50325671,古川北四丁目,33.8125,132.76874999999998,1,0.04,9,1,0,4,1,2,False,False,False,4.0
2024-08,retrospective_partial,50326622,道後湯之町,33.85416666666667,132.78125,1,0.04,18,2,-1,8,1,15,False,False,False,4.0
2024-09,exact_monthly,50325598,空港通六丁目,33.829166666666666,132.73125,1,0.018867924528301886,10,1,0,1,1,1,False,False,False,4.0
2024-09,exact_monthly,50325673,越智一丁目,33.8125,132.79375,1,0.018867924528301886,11,2,-1,2,1,1,False,False,False,4.0
2024-09,exact_monthly,50326527,若葉町,33.85416666666667,132.71875,1,0.018867924528301886,15,1,0,3,1,1,False,False,False,4.0
2024-09,exact_monthly,50327641,河野中須賀,33.954166666666666,132.76874999999998,1,0.018867924528301886,24,1,0,1,1,1,False,False,False,4.0
2024-10,exact_monthly,50325691,立花一丁目,33.829166666666666,132.76874999999998,1,0.09090909090909091,5,3,-2,3,1,1,False,False,False,4.0
2024-10,exact_monthly,50326630,山越四丁目,33.8625,132.75625,1,0.09090909090909091,9,1,0,4,1,3,False,False,False,4.0
2024-11,exact_monthly,50325672,星岡五丁目,33.8125,132.78125,1,0.025,15,1,0,5,1,1,False,False,False,4.0
2024-12,exact_monthly,50325680,土居田町,33.82083333333334,132.75625,1,0.02631578947368421,11,1,0,1,1,1,False,False,False,4.0
2024-12,exact_monthly,50326538,古三津二丁目,33.8625,132.73125,1,0.02631578947368421,15,1,0,2,1,2,False,False,False,4.0
2024-12,exact_monthly,50326613,石手三丁目,33.84583333333333,132.79375,1,0.02631578947368421,21,1,0,2,1,1,False,False,False,4.0
2024-12,exact_monthly,50326623,道後湯之町,33.85416666666667,132.79375,1,0.02631578947368421,22,1,0,1,1,1,False,False,False,4.0
2025-03,exact_monthly,50325693,桑原四丁目,33.829166666666666,132.79375,1,0.037037037037037035,12,2,-1,2,1,1,False,False,False,4.0
2025-03,exact_monthly,50326509,南江戸三丁目,33.837500000000006,132.74375,1,0.037037037037037035,13,2,-1,3,1,2,False,False,False,4.0
2025-03,exact_monthly,50326602,日の出町,33.837500000000006,132.78125,1,0.037037037037037035,18,1,0,3,1,2,False,False,False,4.0
2025-04,exact_monthly,50325671,居相二丁目,33.8125,132.76874999999998,1,0.06666666666666667,5,2,-1,4,1,4,False,False,False,4.0
2025-04,exact_monthly,50325693,松末一丁目,33.829166666666666,132.79375,1,0.06666666666666667,7,1,0,3,1,1,False,False,False,4.0
2025-04,exact_monthly,50326620,中央一丁目,33.85416666666667,132.75625,1,0.06666666666666667,10,2,-1,2,1,2,False,False,False,4.0
2025-05,exact_monthly,50325673,来住町,33.8125,132.79375,1,0.025,13,1,0,3,1,1,False,False,False,4.0
2025-05,exact_monthly,50326537,三津一丁目,33.8625,132.71875,1,0.025,21,1,0,4,1,5,False,False,False,4.0
2025-06,exact_monthly,50325589,土居田町,33.82083333333334,132.74375,1,0.030303030303030304,8,1,0,1,1,1,False,False,False,4.0
2025-06,exact_monthly,50325691,立花一丁目,33.829166666666666,132.76874999999998,1,0.030303030303030304,17,1,0,2,1,1,False,False,False,4.0
2025-06,exact_monthly,50326610,宮西一丁目,33.84583333333333,132.75625,1,0.030303030303030304,20,1,0,1,1,2,False,False,False,4.0
2025-07,exact_monthly,50325681,朝生田町六丁目,33.82083333333334,132.76874999999998,1,0.06666666666666667,5,1,0,2,1,1,False,False,False,4.0
2025-07,exact_monthly,50325691,室町二丁目,33.829166666666666,132.76874999999998,1,0.06666666666666667,6,1,0,2,1,1,False,False,False,4.0
2025-07,exact_monthly,50326602,束本一丁目,33.837500000000006,132.78125,1,0.06666666666666667,11,2,-1,2,1,3,False,False,False,4.0
2025-08,exact_monthly,50325599,空港通一丁目,33.829166666666666,132.74375,1,0.02857142857142857,13,2,-1,4,1,1,False,False,False,4.0
2025-09,exact_monthly,50326630,山越五丁目,33.8625,132.75625,1,0.043478260869565216,14,1,0,2,1,1,False,False,False,4.0
2025-11,exact_monthly,50325692,枝松五丁目,33.829166666666666,132.78125,1,0.041666666666666664,9,1,0,1,1,2,False,False,False,4.0
2025-11,exact_monthly,50326623,道後湯之町,33.85416666666667,132.79375,1,0.041666666666666664,13,1,0,1,1,1,False,False,False,4.0
2026-01,exact_monthly,50325670,古川北二丁目,33.8125,132.75625,1,0.2,4,1,0,2,1,1,False,False,False,4.0
2026-03,exact_monthly,50325682,朝生田町一丁目,33.82083333333334,132.78125,1,0.022727272727272728,16,1,0,4,1,1,False,False,False,4.0
2026-03,exact_monthly,50326613,石手四丁目,33.84583333333333,132.79375,1,0.022727272727272728,19,2,-1,2,1,1,False,False,False,4.0
2026-04,exact_monthly,50325672,東石井六丁目,33.8125,132.78125,1,0.07142857142857142,5,1,0,1,1,1,False,False,False,4.0
2026-04,exact_monthly,50326537,三津一丁目,33.8625,132.71875,1,0.07142857142857142,7,3,-2,6,1,1,False,False,False,4.0
2026-04,exact_monthly,50326610,宮西一丁目,33.84583333333333,132.75625,2,0.14285714285714285,2,3,-1,4,0,0,False,False,False,4.0
2026-04,exact_monthly,50326613,石手二丁目,33.84583333333333,132.79375,1,0.07142857142857142,8,1,0,3,1,1,False,False,False,4.0
2026-05,exact_monthly,50326622,道後湯之町,33.85416666666667,132.78125,1,0.14285714285714285,7,2,-1,19,1,3,False,False,False,4.0
2026-06,exact_monthly,50325681,朝生田町四丁目,33.82083333333334,132.76874999999998,1,0.08333333333333333,7,1,0,3,1,1,False,False,False,4.0
2021-06,retrospective_partial,50325653,土居町,33.795833333333334,132.79375,1,0.016666666666666666,20,0,1,0,0,0,False,False,False,3.5
2021-06,retrospective_partial,50325684,鷹子町,33.82083333333334,132.80625,1,0.016666666666666666,24,0,1,0,0,0,False,False,False,3.5
2021-06,retrospective_partial,50326547,中須賀二丁目,33.87083333333334,132.71875,1,0.016666666666666666,26,0,1,0,0,0,False,False,False,3.5
2021-06,retrospective_partial,50327631,河野中須賀,33.94583333333334,132.76874999999998,1,0.016666666666666666,30,0,1,0,0,0,False,False,False,3.5
2021-07,retrospective_partial,50325589,保免中一丁目,33.82083333333334,132.74375,1,0.09090909090909091,2,0,1,0,0,0,False,False,False,3.5
2021-08,retrospective_partial,50325674,鷹子町,33.8125,132.80625,1,0.03225806451612903,11,0,1,1,0,0,False,False,False,3.5
2021-08,retrospective_partial,50325681,朝生田町五丁目,33.82083333333334,132.76874999999998,1,0.03225806451612903,13,0,1,1,0,0,False,False,False,3.5
2021-08,retrospective_partial,50326519,辻町,33.84583333333333,132.74375,1,0.03225806451612903,14,0,1,0,0,0,False,False,False,3.5
2021-08,retrospective_partial,50326610,宮西一丁目,33.84583333333333,132.75625,1,0.03225806451612903,17,0,1,1,0,0,False,False,False,3.5
2021-09,retrospective_partial,50325588,針田町,33.82083333333334,132.73125,1,0.03225806451612903,7,0,1,0,0,0,False,False,False,3.5
2021-09,retrospective_partial,50326578,和気町一丁目,33.89583333333333,132.73125,1,0.03225806451612903,16,0,1,0,0,0,False,False,False,3.5
2021-09,retrospective_partial,50326579,和気町一丁目,33.89583333333333,132.74375,1,0.03225806451612903,17,0,1,0,0,0,False,False,False,3.5
2021-09,retrospective_partial,50327471,津和地,33.97916666666667,132.51874999999998,1,0.03225806451612903,20,0,1,0,0,0,False,False,False,3.5
2021-09,retrospective_partial,50327560,中島大浦,33.97083333333333,132.63125,1,0.03225806451612903,21,0,1,0,0,0,False,False,False,3.5
2021-09,retrospective_partial,50327642,府中,33.954166666666666,132.78125,1,0.03225806451612903,22,0,1,0,0,0,False,False,False,3.5
2021-10,retrospective_partial,50325693,畑寺二丁目,33.829166666666666,132.79375,1,0.07142857142857142,7,0,1,0,0,0,False,False,False,3.5
2021-10,retrospective_partial,50327631,河野中須賀,33.94583333333334,132.76874999999998,1,0.07142857142857142,12,0,1,0,0,0,False,False,False,3.5
2021-11,retrospective_partial,50325589,保免中二丁目,33.82083333333334,132.74375,1,0.037037037037037035,6,0,1,0,0,0,False,False,False,3.5
2021-11,retrospective_partial,50325652,井門町,33.795833333333334,132.78125,1,0.037037037037037035,9,0,1,0,0,0,False,False,False,3.5
2021-11,retrospective_partial,50326538,古三津一丁目,33.8625,132.73125,1,0.037037037037037035,18,0,1,1,0,0,False,False,False,3.5
2021-11,retrospective_partial,50326650,鴨川一丁目,33.87916666666666,132.75625,1,0.037037037037037035,21,0,1,1,0,0,False,False,False,3.5
2021-12,retrospective_partial,50325674,鷹子町,33.8125,132.80625,1,0.023255813953488372,15,0,1,0,0,0,False,False,False,3.5
2021-12,retrospective_partial,50327662,中西内,33.97083333333333,132.78125,1,0.023255813953488372,25,0,1,0,0,0,False,False,False,3.5
2022-01,retrospective_partial,50326536,三津一丁目,33.8625,132.70624999999998,1,0.06666666666666667,10,0,1,1,0,0,False,False,False,3.5
2022-02,retrospective_partial,50325664,来住町,33.80416666666666,132.80625,1,0.02631578947368421,10,0,1,0,0,0,False,False,False,3.5
2022-02,retrospective_partial,50325690,小栗三丁目,33.829166666666666,132.75625,1,0.02631578947368421,15,0,1,1,0,0,False,False,False,3.5
2022-02,retrospective_partial,50326547,港山町,33.87083333333334,132.71875,1,0.02631578947368421,21,0,1,0,0,0,False,False,False,3.5
2022-02,retrospective_partial,50326569,和気町一丁目,33.8875,132.74375,1,0.02631578947368421,22,0,1,0,0,0,False,False,False,3.5
2022-02,retrospective_partial,50327652,中西外,33.962500000000006,132.78125,1,0.02631578947368421,27,0,1,0,0,0,False,False,False,3.5
2022-03,retrospective_partial,50325578,余戸西六丁目,33.8125,132.73125,1,0.034482758620689655,6,0,1,0,0,0,False,False,False,3.5
2022-03,retrospective_partial,50326600,南江戸一丁目,33.837500000000006,132.75625,1,0.034482758620689655,13,0,1,0,0,0,False,False,False,3.5
2022-03,retrospective_partial,50326621,道後樋又,33.85416666666667,132.76874999999998,1,0.034482758620689655,17,0,1,0,0,0,False,False,False,3.5
2022-03,retrospective_partial,50327470,津和地,33.97916666666667,132.50625,1,0.034482758620689655,19,0,1,0,0,0,False,False,False,3.5
2022-04,retrospective_partial,50325579,余戸南一丁目,33.8125,132.74375,1,0.1,2,0,1,0,0,0,False,False,False,3.5
2022-04,retrospective_partial,50326603,樽味三丁目,33.837500000000006,132.79375,1,0.1,7,0,1,3,0,0,False,False,False,3.5
2022-04,retrospective_partial,50326630,姫原二丁目,33.8625,132.75625,1,0.1,8,0,1,1,0,0,False,False,False,3.5
2022-04,retrospective_partial,50327691,大浦,33.99583333333334,132.76874999999998,1,0.1,9,0,1,0,0,0,False,False,False,3.5
2022-05,retrospective_partial,50325577,余戸西一丁目,33.8125,132.71875,1,0.038461538461538464,5,0,1,0,0,0,False,False,False,3.5
2022-05,retrospective_partial,50325660,古川南三丁目,33.80416666666666,132.75625,1,0.038461538461538464,8,0,1,0,0,0,False,False,False,3.5
2022-05,retrospective_partial,50325671,古川北三丁目,33.8125,132.76874999999998,1,0.038461538461538464,10,0,1,1,0,0,False,False,False,3.5
2022-05,retrospective_partial,50325673,来住町,33.8125,132.79375,1,0.038461538461538464,12,0,1,2,0,0,False,False,False,3.5
2022-05,retrospective_partial,50326527,松江町,33.85416666666667,132.71875,1,0.038461538461538464,17,0,1,0,0,0,False,False,False,3.5
2022-05,retrospective_partial,50326578,和気町一丁目,33.89583333333333,132.73125,1,0.038461538461538464,18,0,1,1,0,0,False,False,False,3.5
2022-05,retrospective_partial,50326587,勝岡町,33.90416666666667,132.71875,1,0.038461538461538464,19,0,1,0,0,0,False,False,False,3.5
2022-05,retrospective_partial,50326623,道後湯月町,33.85416666666667,132.79375,1,0.038461538461538464,21,0,1,0,0,0,False,False,False,3.5
2022-06,retrospective_partial,50325598,空港通三丁目,33.829166666666666,132.73125,1,0.029411764705882353,10,0,1,0,0,0,False,False,False,3.5
2022-06,retrospective_partial,50325664,来住町,33.80416666666666,132.80625,1,0.029411764705882353,13,0,1,0,0,0,False,False,False,3.5
2022-06,retrospective_partial,50326538,東山町,33.8625,132.73125,1,0.029411764705882353,19,0,1,0,0,0,False,False,False,3.5
2022-06,retrospective_partial,50327672,北条,33.97916666666667,132.78125,1,0.029411764705882353,22,0,1,0,0,0,False,False,False,3.5
2022-07,retrospective_partial,50325680,土居田町,33.82083333333334,132.75625,1,0.1111111111111111,3,0,1,1,0,0,False,False,False,3.5
2022-07,retrospective_partial,50326614,石手一丁目,33.84583333333333,132.80625,1,0.1111111111111111,6,0,1,0,0,0,False,False,False,3.5
2022-08,retrospective_partial,50325579,保免西四丁目,33.8125,132.74375,1,0.038461538461538464,5,0,1,0,0,0,False,False,False,3.5
2022-08,retrospective_partial,50325588,余戸中六丁目,33.82083333333334,132.73125,1,0.038461538461538464,6,0,1,1,0,0,False,False,False,3.5
2022-08,retrospective_partial,50325596,北吉田町,33.829166666666666,132.70624999999998,1,0.038461538461538464,7,0,1,2,0,0,False,False,False,3.5
2022-08,retrospective_partial,50325597,南吉田町,33.829166666666666,132.71875,1,0.038461538461538464,8,0,1,0,0,0,False,False,False,3.5
2022-08,retrospective_partial,50325662,北井門二丁目,33.80416666666666,132.78125,1,0.038461538461538464,10,0,1,0,0,0,False,False,False,3.5
2022-08,retrospective_partial,50325675,鷹子町,33.8125,132.81875,1,0.038461538461538464,12,0,1,0,0,0,False,False,False,3.5
2022-08,retrospective_partial,50326536,三津一丁目,33.8625,132.70624999999998,1,0.038461538461538464,15,0,1,0,0,0,False,False,False,3.5
2022-09,retrospective_partial,50325587,南吉田町,33.82083333333334,132.71875,1,0.03571428571428571,7,0,1,0,0,0,False,False,False,3.5
2022-09,retrospective_partial,50326519,朝日ケ丘二丁目,33.84583333333333,132.74375,1,0.03571428571428571,14,0,1,2,0,0,False,False,False,3.5
2022-10,retrospective_partial,50325568,余戸南四丁目,33.80416666666666,132.73125,1,0.058823529411764705,4,0,1,0,0,0,False,False,False,3.5
2022-10,retrospective_partial,50326610,宮西一丁目,33.84583333333333,132.75625,1,0.058823529411764705,9,0,1,0,0,0,False,False,False,3.5
2022-11,retrospective_partial,50325691,立花一丁目,33.829166666666666,132.76874999999998,1,0.02857142857142857,13,0,1,2,0,0,False,False,False,3.5
2022-11,retrospective_partial,50326650,鴨川一丁目,33.87916666666666,132.75625,1,0.02857142857142857,19,0,1,0,0,0,False,False,False,3.5
2022-11,retrospective_partial,50327631,河野中須賀,33.94583333333334,132.76874999999998,1,0.02857142857142857,20,0,1,0,0,0,False,False,False,3.5
2022-12,retrospective_partial,50325578,余戸東二丁目,33.8125,132.73125,1,0.021739130434782608,13,0,1,1,0,0,False,False,False,3.5
2022-12,retrospective_partial,50325673,北久米町,33.8125,132.79375,1,0.021739130434782608,16,0,1,0,0,0,False,False,False,3.5
2022-12,retrospective_partial,50326623,道後湯之町,33.85416666666667,132.79375,1,0.021739130434782608,23,0,1,0,0,0,False,False,False,3.5
2023-01,retrospective_partial,50325661,北井門五丁目,33.80416666666666,132.76874999999998,1,0.09090909090909091,3,0,1,0,0,0,False,False,False,3.5
2023-01,retrospective_partial,50326632,祝谷四丁目,33.8625,132.78125,1,0.09090909090909091,8,0,1,0,0,0,False,False,False,3.5
2023-01,retrospective_partial,50327661,土手内,33.97083333333333,132.76874999999998,1,0.09090909090909091,9,0,1,0,0,0,False,False,False,3.5
2023-02,retrospective_partial,50325690,小栗三丁目,33.829166666666666,132.75625,1,0.038461538461538464,11,0,1,2,0,0,False,False,False,3.5
2023-02,retrospective_partial,50326528,古三津三丁目,33.85416666666667,132.73125,1,0.038461538461538464,13,0,1,0,0,0,False,False,False,3.5
2023-02,retrospective_partial,50326547,松ノ木一丁目,33.87083333333334,132.71875,1,0.038461538461538464,14,0,1,1,0,0,False,False,False,3.5
2023-02,retrospective_partial,50326620,六軒家町,33.85416666666667,132.75625,1,0.038461538461538464,17,0,1,0,0,0,False,False,False,3.5
2023-02,retrospective_partial,50327560,中島大浦,33.97083333333333,132.63125,1,0.038461538461538464,18,0,1,1,0,0,False,False,False,3.5
2023-02,retrospective_partial,51320602,大浦,34.00416666666666,132.78125,1,0.038461538461538464,19,0,1,0,0,0,False,False,False,3.5
2023-03,retrospective_partial,50326579,和気町一丁目,33.89583333333333,132.74375,1,0.034482758620689655,11,0,1,1,0,0,False,False,False,3.5
2023-03,retrospective_partial,50326589,和気町二丁目,33.90416666666667,132.74375,1,0.034482758620689655,12,0,1,0,0,0,False,False,False,3.5
2023-03,retrospective_partial,50326650,鴨川一丁目,33.87916666666666,132.75625,1,0.034482758620689655,16,0,1,0,0,0,False,False,False,3.5
2023-03,retrospective_partial,50327631,河野中須賀,33.94583333333334,132.76874999999998,1,0.034482758620689655,17,0,1,0,0,0,False,False,False,3.5
2023-03,retrospective_partial,50327642,河野別府,33.954166666666666,132.78125,1,0.034482758620689655,18,0,1,0,0,0,False,False,False,3.5
2023-03,retrospective_partial,50327691,大浦,33.99583333333334,132.76874999999998,1,0.034482758620689655,19,0,1,0,0,0,False,False,False,3.5
2023-04,retrospective_partial,50325680,和泉北三丁目,33.82083333333334,132.75625,1,0.08333333333333333,4,0,1,1,0,0,False,False,False,3.5
2023-05,retrospective_partial,50326538,会津町,33.8625,132.73125,1,0.03333333333333333,16,0,1,0,0,0,False,False,False,3.5
2023-05,retrospective_partial,50326548,内浜町,33.87083333333334,132.73125,1,0.03333333333333333,17,0,1,2,0,0,False,False,False,3.5
2023-05,retrospective_partial,50326630,山越一丁目,33.8625,132.75625,1,0.03333333333333333,20,0,1,1,0,0,False,False,False,3.5
2023-06,retrospective_partial,50325599,空港通一丁目,33.829166666666666,132.74375,1,0.03225806451612903,8,0,1,0,0,0,False,False,False,3.5
2023-06,retrospective_partial,50325653,土居町,33.795833333333334,132.79375,1,0.03225806451612903,9,0,1,0,0,0,False,False,False,3.5
2023-06,retrospective_partial,50325664,来住町,33.80416666666666,132.80625,1,0.03225806451612903,11,0,1,0,0,0,False,False,False,3.5
2023-06,retrospective_partial,50325683,星岡一丁目,33.82083333333334,132.79375,1,0.03225806451612903,16,0,1,0,0,0,False,False,False,3.5
2023-06,retrospective_partial,50326506,北吉田町,33.837500000000006,132.70624999999998,1,0.03225806451612903,19,0,1,0,0,0,False,False,False,3.5
2023-06,retrospective_partial,50326600,竹原二丁目,33.837500000000006,132.75625,1,0.03225806451612903,22,0,1,0,0,0,False,False,False,3.5
2023-07,retrospective_partial,50325674,鷹子町,33.8125,132.80625,1,0.05555555555555555,6,0,1,0,0,0,False,False,False,3.5
2023-07,retrospective_partial,50326549,東長戸三丁目,33.87083333333334,132.74375,1,0.05555555555555555,9,0,1,0,0,0,False,False,False,3.5
2023-07,retrospective_partial,50326650,鴨川一丁目,33.87916666666666,132.75625,1,0.05555555555555555,12,0,1,0,0,0,False,False,False,3.5
2023-08,retrospective_partial,50325588,余戸中六丁目,33.82083333333334,132.73125,1,0.038461538461538464,8,0,1,2,0,0,False,False,False,3.5
2023-08,retrospective_partial,50325589,土居田町,33.82083333333334,132.74375,1,0.038461538461538464,9,0,1,0,0,0,False,False,False,3.5
2023-08,retrospective_partial,50325597,高岡町,33.829166666666666,132.71875,1,0.038461538461538464,10,0,1,0,0,0,False,False,False,3.5
2023-08,retrospective_partial,50326509,南江戸四丁目,33.837500000000006,132.74375,1,0.038461538461538464,14,0,1,2,0,0,False,False,False,3.5
2023-09,retrospective_partial,50326528,古三津五丁目,33.85416666666667,132.73125,1,0.03225806451612903,15,0,1,0,0,0,False,False,False,3.5
2023-09,retrospective_partial,50326579,馬木町,33.89583333333333,132.74375,1,0.03225806451612903,17,0,1,0,0,0,False,False,False,3.5
2023-09,retrospective_partial,50326621,道後樋又,33.85416666666667,132.76874999999998,1,0.03225806451612903,20,0,1,1,0,0,False,False,False,3.5
2023-09,retrospective_partial,50327540,長師,33.954166666666666,132.63125,1,0.03225806451612903,22,0,1,0,0,0,False,False,False,3.5
2023-10,retrospective_partial,50326536,三津一丁目,33.8625,132.70624999999998,1,0.07142857142857142,8,0,1,0,0,0,False,False,False,3.5
2023-11,retrospective_partial,50325577,余戸南六丁目,33.8125,132.71875,1,0.02564102564102564,7,0,1,0,0,0,False,False,False,3.5
2023-11,retrospective_partial,50326566,高浜町二丁目,33.8875,132.70624999999998,1,0.02564102564102564,15,0,1,0,0,0,False,False,False,3.5
2023-11,retrospective_partial,50326623,道後湯月町,33.85416666666667,132.79375,1,0.02564102564102564,21,0,1,0,0,0,False,False,False,3.5
2023-11,retrospective_partial,50326640,鴨川二丁目,33.87083333333334,132.75625,1,0.02564102564102564,22,0,1,1,0,0,False,False,False,3.5
2023-11,retrospective_partial,50327661,土手内,33.97083333333333,132.76874999999998,1,0.02564102564102564,23,0,1,0,0,0,False,False,False,3.5
2023-12,retrospective_partial,50325675,鷹子町,33.8125,132.81875,1,0.043478260869565216,7,0,1,1,0,0,False,False,False,3.5
2023-12,retrospective_partial,50325683,星岡一丁目,33.82083333333334,132.79375,1,0.043478260869565216,10,0,1,0,0,0,False,False,False,3.5
2023-12,retrospective_partial,50325694,畑寺三丁目,33.829166666666666,132.80625,1,0.043478260869565216,12,0,1,0,0,0,False,False,False,3.5
2023-12,retrospective_partial,50326519,美沢二丁目,33.84583333333333,132.74375,1,0.043478260869565216,13,0,1,0,0,0,False,False,False,3.5
2023-12,retrospective_partial,50326556,高浜町一丁目,33.87916666666666,132.70624999999998,1,0.043478260869565216,14,0,1,0,0,0,False,False,False,3.5
2023-12,retrospective_partial,50326604,東野四丁目,33.837500000000006,132.80625,1,0.043478260869565216,16,0,1,0,0,0,False,False,False,3.5
2024-01,retrospective_partial,50325588,余戸中六丁目,33.82083333333334,132.73125,1,0.125,2,0,1,0,0,0,False,False,False,3.5
2024-02,retrospective_partial,50325578,余戸南四丁目,33.8125,132.73125,1,0.020833333333333332,11,0,1,0,0,0,False,False,False,3.5
2024-02,retrospective_partial,50325661,古川南一丁目,33.80416666666666,132.76874999999998,1,0.020833333333333332,14,0,1,0,0,0,False,False,False,3.5
2024-02,retrospective_partial,50325674,鷹子町,33.8125,132.80625,1,0.020833333333333332,16,0,1,0,0,0,False,False,False,3.5
2024-02,retrospective_partial,50327621,鹿峰,33.9375,132.76874999999998,1,0.020833333333333332,26,0,1,0,0,0,False,False,False,3.5
2024-02,retrospective_partial,50327651,柳原,33.962500000000006,132.76874999999998,1,0.020833333333333332,27,0,1,0,0,0,False,False,False,3.5
2024-02,retrospective_partial,50327672,北条,33.97916666666667,132.78125,1,0.020833333333333332,28,0,1,0,0,0,False,False,False,3.5
2024-03,retrospective_partial,50325568,余戸南四丁目,33.80416666666666,132.73125,1,0.024390243902439025,9,0,1,0,0,0,False,False,False,3.5
2024-03,retrospective_partial,50325662,北井門二丁目,33.80416666666666,132.78125,1,0.024390243902439025,11,0,1,0,0,0,False,False,False,3.5
2024-03,retrospective_partial,50325673,来住町,33.8125,132.79375,1,0.024390243902439025,14,0,1,1,0,0,False,False,False,3.5
2024-03,retrospective_partial,50326547,港山町,33.87083333333334,132.71875,1,0.024390243902439025,16,0,1,0,0,0,False,False,False,3.5
2024-03,retrospective_partial,50326650,鴨川一丁目,33.87916666666666,132.75625,1,0.024390243902439025,20,0,1,0,0,0,False,False,False,3.5
2024-03,retrospective_partial,50327631,河野中須賀,33.94583333333334,132.76874999999998,1,0.024390243902439025,21,0,1,0,0,0,False,False,False,3.5
2024-03,retrospective_partial,50327662,中西外,33.97083333333333,132.78125,1,0.024390243902439025,22,0,1,0,0,0,False,False,False,3.5
2024-04,retrospective_partial,50326528,古三津三丁目,33.85416666666667,132.73125,1,0.07692307692307693,5,0,1,0,0,0,False,False,False,3.5
2024-05,retrospective_partial,50326506,北吉田町,33.837500000000006,132.70624999999998,1,0.030303030303030304,16,0,1,0,0,0,False,False,False,3.5
2024-05,retrospective_partial,50326529,美沢一丁目,33.85416666666667,132.74375,1,0.030303030303030304,17,0,1,0,0,0,False,False,False,3.5
2024-05,retrospective_partial,50326579,内宮町,33.89583333333333,132.74375,1,0.030303030303030304,18,0,1,0,0,0,False,False,False,3.5
2024-05,retrospective_partial,50327438,神浦,33.94583333333334,132.60625,1,0.030303030303030304,22,0,1,0,0,0,False,False,False,3.5
2024-06,retrospective_partial,50325578,余戸東四丁目,33.8125,132.73125,1,0.023255813953488372,14,0,1,0,0,0,False,False,False,3.5
2024-06,retrospective_partial,50325652,井門町,33.795833333333334,132.78125,1,0.023255813953488372,16,0,1,0,0,0,False,False,False,3.5
2024-06,retrospective_partial,50325663,来住町,33.80416666666666,132.79375,1,0.023255813953488372,17,0,1,1,0,0,False,False,False,3.5
2024-06,retrospective_partial,50325675,鷹子町,33.8125,132.81875,1,0.023255813953488372,19,0,1,0,0,0,False,False,False,3.5
2024-06,retrospective_partial,50325693,桑原四丁目,33.829166666666666,132.79375,1,0.023255813953488372,20,0,1,4,0,0,False,False,False,3.5
2024-06,retrospective_partial,50326548,桜ケ丘,33.87083333333334,132.73125,1,0.023255813953488372,21,0,1,1,0,0,False,False,False,3.5
2024-06,retrospective_partial,50327560,中島大浦,33.97083333333333,132.63125,1,0.023255813953488372,25,0,1,0,0,0,False,False,False,3.5
2024-07,retrospective_partial,50325577,余戸西三丁目,33.8125,132.71875,1,0.1,3,0,1,0,0,0,False,False,False,3.5
2024-07,retrospective_partial,50326623,道後湯月町,33.85416666666667,132.79375,1,0.1,7,0,1,0,0,0,False,False,False,3.5
2024-08,retrospective_partial,50325664,来住町,33.80416666666666,132.80625,1,0.04,8,0,1,1,0,0,False,False,False,3.5
2024-08,retrospective_partial,50326515,大可賀三丁目,33.84583333333333,132.69375,1,0.04,11,0,1,0,0,0,False,False,False,3.5
2024-08,retrospective_partial,50326600,竹原二丁目,33.837500000000006,132.75625,1,0.04,14,0,1,0,0,0,False,False,False,3.5
2024-08,retrospective_partial,50326660,平田町,33.8875,132.75625,1,0.04,19,0,1,0,0,0,False,False,False,3.5
2024-09,exact_monthly,50325568,余戸南五丁目,33.80416666666666,132.73125,1,0.018867924528301886,9,0,1,0,0,0,False,False,False,3.5
2024-09,exact_monthly,50326519,朝日ケ丘二丁目,33.84583333333333,132.74375,1,0.018867924528301886,14,0,1,0,0,0,False,False,False,3.5
2024-09,exact_monthly,50326620,中央一丁目,33.85416666666667,132.75625,1,0.018867924528301886,21,0,1,1,0,0,False,False,False,3.5
2024-09,exact_monthly,50327663,中西内,33.97083333333333,132.79375,1,0.018867924528301886,25,0,1,0,0,0,False,False,False,3.5
2024-10,exact_monthly,50327631,河野中須賀,33.94583333333334,132.76874999999998,1,0.09090909090909091,10,0,1,0,0,0,False,False,False,3.5
2024-11,exact_monthly,50325578,余戸南三丁目,33.8125,132.73125,1,0.025,9,0,1,0,0,0,False,False,False,3.5
2024-11,exact_monthly,50325579,保免中二丁目,33.8125,132.74375,1,0.025,10,0,1,0,0,0,False,False,False,3.5
2024-11,exact_monthly,50325662,北井門二丁目,33.80416666666666,132.78125,1,0.025,13,0,1,0,0,0,False,False,False,3.5
2024-11,exact_monthly,50325663,土居町,33.80416666666666,132.79375,1,0.025,14,0,1,0,0,0,False,False,False,3.5
2024-11,exact_monthly,50325694,畑寺三丁目,33.829166666666666,132.80625,1,0.025,17,0,1,0,0,0,False,False,False,3.5
2024-11,exact_monthly,50326527,松江町,33.85416666666667,132.71875,1,0.025,18,0,1,2,0,0,False,False,False,3.5
2024-11,exact_monthly,50326528,古三津三丁目,33.85416666666667,132.73125,1,0.025,19,0,1,0,0,0,False,False,False,3.5
2024-11,exact_monthly,50327570,中島大浦,33.97916666666667,132.63125,1,0.025,25,0,1,0,0,0,False,False,False,3.5
2024-11,exact_monthly,50327641,柳原,33.954166666666666,132.76874999999998,1,0.025,26,0,1,2,0,0,False,False,False,3.5
2024-11,exact_monthly,50327651,柳原,33.962500000000006,132.76874999999998,1,0.025,27,0,1,0,0,0,False,False,False,3.5
2024-11,exact_monthly,50327652,府中,33.962500000000006,132.78125,1,0.025,28,0,1,0,0,0,False,False,False,3.5
2024-12,exact_monthly,50325651,井門町,33.795833333333334,132.76874999999998,1,0.02631578947368421,8,0,1,0,0,0,False,False,False,3.5
2024-12,exact_monthly,50326529,衣山一丁目,33.85416666666667,132.74375,1,0.02631578947368421,14,0,1,1,0,0,False,False,False,3.5
2024-12,exact_monthly,50326547,松ノ木一丁目,33.87083333333334,132.71875,1,0.02631578947368421,16,0,1,0,0,0,False,False,False,3.5
2024-12,exact_monthly,50326566,高浜町二丁目,33.8875,132.70624999999998,1,0.02631578947368421,17,0,1,0,0,0,False,False,False,3.5
2024-12,exact_monthly,50326578,勝岡町,33.89583333333333,132.73125,1,0.02631578947368421,18,0,1,0,0,0,False,False,False,3.5
2024-12,exact_monthly,50326610,宮西一丁目,33.84583333333333,132.75625,1,0.02631578947368421,19,0,1,1,0,0,False,False,False,3.5
2025-01,exact_monthly,50326536,三津一丁目,33.8625,132.70624999999998,1,0.1111111111111111,6,0,1,1,0,0,False,False,False,3.5
2025-02,exact_monthly,50325568,余戸南四丁目,33.80416666666666,132.73125,1,0.029411764705882353,9,0,1,0,0,0,False,False,False,3.5
2025-02,exact_monthly,50325675,鷹子町,33.8125,132.81875,1,0.029411764705882353,12,0,1,0,0,0,False,False,False,3.5
2025-02,exact_monthly,50326614,石手一丁目,33.84583333333333,132.80625,1,0.029411764705882353,18,0,1,0,0,0,False,False,False,3.5
2025-02,exact_monthly,50327550,長師,33.962500000000006,132.63125,1,0.029411764705882353,21,0,1,0,0,0,False,False,False,3.5
2025-03,exact_monthly,50326548,内浜町,33.87083333333334,132.73125,1,0.037037037037037035,16,0,1,0,0,0,False,False,False,3.5
2025-03,exact_monthly,50326549,東長戸二丁目,33.87083333333334,132.74375,1,0.037037037037037035,17,0,1,0,0,0,False,False,False,3.5
2025-03,exact_monthly,50326613,上市二丁目,33.84583333333333,132.79375,1,0.037037037037037035,20,0,1,1,0,0,False,False,False,3.5
2025-04,exact_monthly,50325585,南吉田町,33.82083333333334,132.69375,1,0.06666666666666667,4,0,1,0,0,0,False,False,False,3.5
2025-04,exact_monthly,50326579,馬木町,33.89583333333333,132.74375,1,0.06666666666666667,9,0,1,1,0,0,False,False,False,3.5
2025-04,exact_monthly,50326621,道後樋又,33.85416666666667,132.76874999999998,1,0.06666666666666667,11,0,1,1,0,0,False,False,False,3.5
2025-05,exact_monthly,50326519,美沢一丁目,33.84583333333333,132.74375,1,0.025,18,0,1,0,0,0,False,False,False,3.5
2025-05,exact_monthly,50326603,桑原一丁目,33.837500000000006,132.79375,1,0.025,23,0,1,1,0,0,False,False,False,3.5
2025-05,exact_monthly,50326623,道後湯月町,33.85416666666667,132.79375,1,0.025,25,0,1,1,0,0,False,False,False,3.5
2025-06,exact_monthly,50325568,余戸南二丁目,33.80416666666666,132.73125,1,0.030303030303030304,7,0,1,0,0,0,False,False,False,3.5
2025-06,exact_monthly,50325596,高岡町,33.829166666666666,132.70624999999998,1,0.030303030303030304,9,0,1,0,0,0,False,False,False,3.5
2025-06,exact_monthly,50325661,古川南二丁目,33.80416666666666,132.76874999999998,1,0.030303030303030304,12,0,1,0,0,0,False,False,False,3.5
2025-06,exact_monthly,50325662,北井門一丁目,33.80416666666666,132.78125,1,0.030303030303030304,13,0,1,0,0,0,False,False,False,3.5
2025-06,exact_monthly,50327671,北条,33.97916666666667,132.76874999999998,1,0.030303030303030304,24,0,1,0,0,0,False,False,False,3.5
2025-07,exact_monthly,50326547,辰巳町,33.87083333333334,132.71875,1,0.06666666666666667,8,0,1,1,0,0,False,False,False,3.5
2025-07,exact_monthly,50326588,和気町二丁目,33.90416666666667,132.73125,1,0.06666666666666667,9,0,1,0,0,0,False,False,False,3.5
2025-07,exact_monthly,50326600,南江戸一丁目,33.837500000000006,132.75625,1,0.06666666666666667,10,0,1,0,0,0,False,False,False,3.5
2025-07,exact_monthly,50327448,神浦,33.954166666666666,132.60625,1,0.06666666666666667,13,0,1,0,0,0,False,False,False,3.5
2025-08,exact_monthly,50325578,余戸南二丁目,33.8125,132.73125,1,0.02857142857142857,8,0,1,1,0,0,False,False,False,3.5
2025-08,exact_monthly,50325587,南吉田町,33.82083333333334,132.71875,1,0.02857142857142857,10,0,1,0,0,0,False,False,False,3.5
2025-08,exact_monthly,50325589,土居田町,33.82083333333334,132.74375,1,0.02857142857142857,11,0,1,2,0,0,False,False,False,3.5
2025-08,exact_monthly,50325652,井門町,33.795833333333334,132.78125,1,0.02857142857142857,14,0,1,0,0,0,False,False,False,3.5
2025-08,exact_monthly,50326538,会津町,33.8625,132.73125,1,0.02857142857142857,19,0,1,2,0,0,False,False,False,3.5
2025-08,exact_monthly,50327631,河野中須賀,33.94583333333334,132.76874999999998,1,0.02857142857142857,21,0,1,1,0,0,False,False,False,3.5
2025-09,exact_monthly,50325663,今在家二丁目,33.80416666666666,132.79375,1,0.043478260869565216,7,0,1,0,0,0,False,False,False,3.5
2025-09,exact_monthly,50326546,三津一丁目,33.87083333333334,132.70624999999998,1,0.043478260869565216,11,0,1,0,0,0,False,False,False,3.5
2025-09,exact_monthly,50326613,東野二丁目,33.84583333333333,132.79375,1,0.043478260869565216,13,0,1,0,0,0,False,False,False,3.5
2025-09,exact_monthly,50327540,長師,33.954166666666666,132.63125,1,0.043478260869565216,15,0,1,0,0,0,False,False,False,3.5
2025-09,exact_monthly,50327651,柳原,33.962500000000006,132.76874999999998,1,0.043478260869565216,16,0,1,0,0,0,False,False,False,3.5
2025-10,exact_monthly,50325598,空港通六丁目,33.829166666666666,132.73125,1,0.09090909090909091,3,0,1,0,0,0,False,False,False,3.5
2025-10,exact_monthly,50326578,勝岡町,33.89583333333333,132.73125,1,0.09090909090909091,7,0,1,0,0,0,False,False,False,3.5
2025-10,exact_monthly,50327642,河野別府,33.954166666666666,132.78125,1,0.09090909090909091,9,0,1,1,0,0,False,False,False,3.5
2025-11,exact_monthly,50327560,中島大浦,33.97083333333333,132.63125,1,0.041666666666666664,15,0,1,0,0,0,False,False,False,3.5
2025-12,exact_monthly,50325674,来住町,33.8125,132.80625,1,0.038461538461538464,9,0,1,1,0,0,False,False,False,3.5
2026-01,exact_monthly,50325661,井門町,33.80416666666666,132.76874999999998,1,0.2,3,0,1,0,0,0,False,False,False,3.5
2026-02,exact_monthly,50325675,鷹子町,33.8125,132.81875,1,0.020833333333333332,13,0,1,1,0,0,False,False,False,3.5
2026-02,exact_monthly,50325690,小栗六丁目,33.829166666666666,132.75625,1,0.020833333333333332,16,0,1,2,0,0,False,False,False,3.5
2026-02,exact_monthly,50326529,美沢二丁目,33.85416666666667,132.74375,1,0.020833333333333332,20,0,1,0,0,0,False,False,False,3.5
2026-02,exact_monthly,50326602,新立町,33.837500000000006,132.78125,1,0.020833333333333332,23,0,1,2,0,0,False,False,False,3.5
2026-02,exact_monthly,50326640,鴨川二丁目,33.87083333333334,132.75625,1,0.020833333333333332,25,0,1,1,0,0,False,False,False,3.5
2026-03,exact_monthly,50325578,余戸南一丁目,33.8125,132.73125,1,0.022727272727272728,11,0,1,1,0,0,False,False,False,3.5
2026-03,exact_monthly,50325585,南吉田町,33.82083333333334,132.69375,1,0.022727272727272728,12,0,1,0,0,0,False,False,False,3.5
2026-03,exact_monthly,50325670,古川西一丁目,33.8125,132.75625,1,0.022727272727272728,13,0,1,2,0,0,False,False,False,3.5
2026-03,exact_monthly,50326528,古三津五丁目,33.85416666666667,132.73125,1,0.022727272727272728,18,0,1,1,0,0,False,False,False,3.5
2026-03,exact_monthly,50326621,道後樋又,33.85416666666667,132.76874999999998,1,0.022727272727272728,20,0,1,0,0,0,False,False,False,3.5
2026-03,exact_monthly,50327570,中島大浦,33.97916666666667,132.63125,1,0.022727272727272728,22,0,1,0,0,0,False,False,False,3.5
2026-03,exact_monthly,50327651,柳原,33.962500000000006,132.76874999999998,1,0.022727272727272728,23,0,1,0,0,0,False,False,False,3.5
2026-03,exact_monthly,50327662,中西外,33.97083333333333,132.78125,1,0.022727272727272728,25,0,1,0,0,0,False,False,False,3.5
2026-03,exact_monthly,50327671,北条,33.97916666666667,132.76874999999998,1,0.022727272727272728,26,0,1,0,0,0,False,False,False,3.5
2026-04,exact_monthly,50325589,土居田町,33.82083333333334,132.74375,1,0.07142857142857142,4,0,1,0,0,0,False,False,False,3.5
2026-04,exact_monthly,50327631,河野中須賀,33.94583333333334,132.76874999999998,1,0.07142857142857142,10,0,1,0,0,0,False,False,False,3.5
2026-05,exact_monthly,50325680,保免上一丁目,33.82083333333334,132.75625,1,0.14285714285714285,2,0,1,1,0,0,False,False,False,3.5
2026-05,exact_monthly,50325682,朝生田町一丁目,33.82083333333334,132.78125,1,0.14285714285714285,4,0,1,2,0,0,False,False,False,3.5
2026-05,exact_monthly,50326588,和気町二丁目,33.90416666666667,132.73125,1,0.14285714285714285,6,0,1,1,0,0,False,False,False,3.5
2026-06,exact_monthly,50325596,北吉田町,33.829166666666666,132.70624999999998,1,0.08333333333333333,3,0,1,0,0,0,False,False,False,3.5
2026-06,exact_monthly,50325598,空港通三丁目,33.829166666666666,132.73125,1,0.08333333333333333,4,0,1,2,0,0,False,False,False,3.5
2026-06,exact_monthly,50325674,鷹子町,33.8125,132.80625,1,0.08333333333333333,6,0,1,0,0,0,False,False,False,3.5
2026-06,exact_monthly,50325690,小栗三丁目,33.829166666666666,132.75625,1,0.08333333333333333,8,0,1,0,0,0,False,False,False,3.5
2026-06,exact_monthly,50326623,道後湯之町,33.85416666666667,132.79375,1,0.08333333333333333,10,0,1,1,0,0,False,False,False,3.5
2026-06,exact_monthly,50327661,土手内,33.97083333333333,132.76874999999998,1,0.08333333333333333,11,0,1,1,0,0,False,False,False,3.5
2026-07,exact_monthly,50325671,古川北二丁目,33.8125,132.76874999999998,1,0.045454545454545456,7,0,1,1,0,0,False,False,False,3.5
2026-07,exact_monthly,50325672,東石井六丁目,33.8125,132.78125,1,0.045454545454545456,8,0,1,1,0,0,False,False,False,3.5
2026-07,exact_monthly,50325693,束本二丁目,33.829166666666666,132.79375,1,0.045454545454545456,10,0,1,1,0,0,False,False,False,3.5
2026-07,exact_monthly,50326537,三津二丁目,33.8625,132.71875,1,0.045454545454545456,11,0,1,1,0,0,False,False,False,3.5
2026-07,exact_monthly,50326569,馬木町,33.8875,132.74375,1,0.045454545454545456,12,0,1,0,0,0,False,False,False,3.5
2026-07,exact_monthly,50326603,桑原二丁目,33.837500000000006,132.79375,1,0.045454545454545456,13,0,1,0,0,0,False,False,False,3.5
2026-07,exact_monthly,50326613,石手四丁目,33.84583333333333,132.79375,1,0.045454545454545456,14,0,1,1,0,0,False,False,False,3.5
2026-07,exact_monthly,50326640,東長戸四丁目,33.87083333333334,132.75625,1,0.045454545454545456,15,0,1,0,0,0,False,False,False,3.5
2026-07,exact_monthly,50327621,久保,33.9375,132.76874999999998,1,0.045454545454545456,16,0,1,0,0,0,False,False,False,3.5
2021-07,retrospective_partial,50325599,空港通二丁目,33.829166666666666,132.74375,1,0.09090909090909091,3,1,0,1,0,0,False,False,False,2.0
2021-09,retrospective_partial,50325578,余戸東五丁目,33.8125,132.73125,1,0.03225806451612903,6,1,0,2,0,0,False,False,False,2.0
2021-12,retrospective_partial,50325579,保免中二丁目,33.8125,132.74375,1,0.023255813953488372,12,1,0,1,0,0,False,False,False,2.0
2022-01,retrospective_partial,50325598,高岡町,33.829166666666666,132.73125,1,0.06666666666666667,4,1,0,2,0,0,False,False,False,2.0
2022-01,retrospective_partial,50325681,和泉南一丁目,33.82083333333334,132.76874999999998,1,0.06666666666666667,6,1,0,1,0,0,False,False,False,2.0
2022-02,retrospective_partial,50326519,美沢二丁目,33.84583333333333,132.74375,1,0.02631578947368421,20,1,0,2,0,0,False,False,False,2.0
2022-03,retrospective_partial,50326610,宮西一丁目,33.84583333333333,132.75625,1,0.034482758620689655,15,2,-1,5,0,0,False,False,False,2.0
2022-05,retrospective_partial,50325674,鷹子町,33.8125,132.80625,1,0.038461538461538464,13,1,0,1,0,0,False,False,False,2.0
2022-07,retrospective_partial,50325589,針田町,33.82083333333334,132.74375,1,0.1111111111111111,2,1,0,1,0,0,False,False,False,2.0
2022-09,retrospective_partial,50325661,古川南三丁目,33.80416666666666,132.76874999999998,1,0.03571428571428571,8,1,0,1,0,0,False,False,False,2.0
2022-10,retrospective_partial,50326620,中央一丁目,33.85416666666667,132.75625,1,0.058823529411764705,12,1,0,2,0,0,False,False,False,2.0
2022-12,retrospective_partial,50325599,空港通二丁目,33.829166666666666,132.74375,1,0.021739130434782608,15,1,0,1,0,0,False,False,False,2.0
2022-12,retrospective_partial,50326527,祓川一丁目,33.85416666666667,132.71875,1,0.021739130434782608,19,3,-2,3,0,0,False,False,False,2.0
2022-12,retrospective_partial,50326613,石手五丁目,33.84583333333333,132.79375,1,0.021739130434782608,22,1,0,2,0,0,False,False,False,2.0
2023-03,retrospective_partial,50325598,空港通三丁目,33.829166666666666,132.73125,1,0.034482758620689655,8,1,0,2,0,0,False,False,False,2.0
2023-04,retrospective_partial,50326610,宮西一丁目,33.84583333333333,132.75625,1,0.08333333333333333,7,1,0,3,0,0,False,False,False,2.0
2023-05,retrospective_partial,50326613,東野二丁目,33.84583333333333,132.79375,1,0.03333333333333333,19,1,0,1,0,0,False,False,False,2.0
2023-06,retrospective_partial,50325682,天山一丁目,33.82083333333334,132.78125,1,0.03225806451612903,15,1,0,1,0,0,False,False,False,2.0
2023-06,retrospective_partial,50326519,朝美二丁目,33.84583333333333,132.74375,1,0.03225806451612903,21,2,-1,4,0,0,False,False,False,2.0
2023-07,retrospective_partial,50325691,祇園町,33.829166666666666,132.76874999999998,1,0.05555555555555555,8,1,0,2,0,0,False,False,False,2.0
2023-09,retrospective_partial,50325587,南吉田町,33.82083333333334,132.71875,1,0.03225806451612903,9,1,0,1,0,0,False,False,False,2.0
2023-10,retrospective_partial,50325578,余戸南三丁目,33.8125,132.73125,1,0.07142857142857142,3,1,0,1,0,0,False,False,False,2.0
2024-03,retrospective_partial,50325672,東石井六丁目,33.8125,132.78125,1,0.024390243902439025,13,2,-1,2,0,0,False,False,False,2.0
2024-06,retrospective_partial,50325597,南吉田町,33.829166666666666,132.71875,1,0.023255813953488372,15,1,0,1,0,0,False,False,False,2.0
2024-06,retrospective_partial,50326602,枝松一丁目,33.837500000000006,132.78125,1,0.023255813953488372,22,2,-1,4,0,0,False,False,False,2.0
2024-06,retrospective_partial,50326610,宮西一丁目,33.84583333333333,132.75625,1,0.023255813953488372,23,2,-1,2,0,0,False,False,False,2.0
2024-09,exact_monthly,50326603,桑原一丁目,33.837500000000006,132.79375,1,0.018867924528301886,18,1,0,1,0,0,False,False,False,2.0
2024-09,exact_monthly,50326621,道後樋又,33.85416666666667,132.76874999999998,1,0.018867924528301886,22,1,0,1,0,0,False,False,False,2.0
2024-12,exact_monthly,50325597,南吉田町,33.829166666666666,132.71875,1,0.02631578947368421,7,1,0,1,0,0,False,False,False,2.0
2024-12,exact_monthly,50325672,東石井六丁目,33.8125,132.78125,1,0.02631578947368421,9,1,0,6,0,0,False,False,False,2.0
2025-02,exact_monthly,50325670,古川北一丁目,33.8125,132.75625,1,0.029411764705882353,11,1,0,1,0,0,False,False,False,2.0
2025-03,exact_monthly,50325690,小栗二丁目,33.829166666666666,132.75625,1,0.037037037037037035,10,1,0,1,0,0,False,False,False,2.0
2025-03,exact_monthly,50326640,鴨川二丁目,33.87083333333334,132.75625,1,0.037037037037037035,21,1,0,3,0,0,False,False,False,2.0
2025-06,exact_monthly,50325598,空港通三丁目,33.829166666666666,132.73125,1,0.030303030303030304,11,2,-1,2,0,0,False,False,False,2.0
2025-06,exact_monthly,50325673,来住町,33.8125,132.79375,1,0.030303030303030304,15,1,0,2,0,0,False,False,False,2.0
2025-06,exact_monthly,50325692,中村三丁目,33.829166666666666,132.78125,1,0.030303030303030304,18,1,0,3,0,0,False,False,False,2.0
2025-06,exact_monthly,50326528,古三津二丁目,33.85416666666667,132.73125,1,0.030303030303030304,19,1,0,2,0,0,False,False,False,2.0
2025-07,exact_monthly,50325670,古川西二丁目,33.8125,132.75625,1,0.06666666666666667,3,2,-1,2,0,0,False,False,False,2.0
2025-08,exact_monthly,50325597,南吉田町,33.829166666666666,132.71875,1,0.02857142857142857,12,2,-1,6,0,0,False,False,False,2.0
2025-09,exact_monthly,50325672,東石井六丁目,33.8125,132.78125,1,0.043478260869565216,8,1,0,2,0,0,False,False,False,2.0
2025-09,exact_monthly,50327652,中西外,33.962500000000006,132.78125,1,0.043478260869565216,17,1,0,1,0,0,False,False,False,2.0
2025-12,exact_monthly,50326623,道後湯之町,33.85416666666667,132.79375,1,0.038461538461538464,16,1,0,2,0,0,False,False,False,2.0
2026-02,exact_monthly,50325599,空港通二丁目,33.829166666666666,132.74375,1,0.020833333333333332,11,1,0,2,0,0,False,False,False,2.0
2026-03,exact_monthly,50325691,祇園町,33.829166666666666,132.76874999999998,1,0.022727272727272728,17,1,0,3,0,0,False,False,False,2.0
2026-03,exact_monthly,50326630,山越六丁目,33.8625,132.75625,1,0.022727272727272728,21,3,-2,3,0,0,False,False,False,2.0
2026-07,exact_monthly,50325579,余戸南一丁目,33.8125,132.74375,1,0.045454545454545456,5,1,0,4,0,0,False,False,False,2.0
2026-07,exact_monthly,50325599,空港通一丁目,33.829166666666666,132.74375,1,0.045454545454545456,6,1,0,1,0,0,False,False,False,2.0
2026-07,exact_monthly,50325681,朝生田町六丁目,33.82083333333334,132.76874999999998,1,0.045454545454545456,9,1,0,3,0,0,False,False,False,2.0
